{"type":"FeatureCollection","features":[{"type":"Feature","geometry":{"type":"Point","coordinates":[19.432176,51.75753]},"properties":{"name":"Dw. Łódź Kaliska","band":0,"modes":"bus","arr":["6.","52","93"],"off":[0,-0.8]}},{"type":"Feature","geometry":{"type":"Point","coordinates":[19.432176,51.75753]},"properties":{"line":"6.","mode":"bus","color":"#0059a9","colorDark":"#00294f","band":0,"off":[-3.4,1.1]}},{"type":"Feature","geometry":{"type":"Point","coordinates":[19.432176,51.75753]},"properties":{"line":"52","mode":"bus","color":"#0059a9","colorDark":"#00294f","band":0,"off":[0,1.1]}},{"type":"Feature","geometry":{"type":"Point","coordinates":[19.432176,51.75753]},"properties":{"line":"93","mode":"bus","color":"#0059a9","colorDark":"#00294f","band":0,"off":[3.4,1.1]}},{"type":"Feature","geometry":{"type":"Point","coordinates":[19.361374,51.795523]},"properties":{"name":"Teofilów Rojna","band":0,"modes":"bus","arr":["84A","84B","96","N1B","N3A","N3B"],"off":[0,-0.8]}},{"type":"Feature","geometry":{"type":"Point","coordinates":[19.361374,51.795523]},"properties":{"line":"84A","mode":"bus","color":"#0059a9","colorDark":"#00294f","band":0,"off":[-6.8,1.1]}},{"type":"Feature","geometry":{"type":"Point","coordinates":[19.361374,51.795523]},"properties":{"line":"84B","mode":"bus","color":"#0059a9","colorDark":"#00294f","band":0,"off":[-3.4,1.1]}},{"type":"Feature","geometry":{"type":"Point","coordinates":[19.361374,51.795523]},"properties":{"line":"96","mode":"bus","color":"#0059a9","colorDark":"#00294f","band":0,"off":[0,1.1]}},{"type":"Feature","geometry":{"type":"Point","coordinates":[19.361374,51.795523]},"properties":{"line":"N1B","mode":"bus","color":"#0059a9","colorDark":"#00294f","band":0,"off":[3.4,1.1]}},{"type":"Feature","geometry":{"type":"Point","coordinates":[19.361374,51.795523]},"properties":{"line":"N3A","mode":"bus","color":"#0059a9","colorDark":"#00294f","band":0,"off":[6.8,1.1]}},{"type":"Feature","geometry":{"type":"Point","coordinates":[19.361374,51.795523]},"properties":{"line":"N3B","mode":"bus","color":"#0059a9","colorDark":"#00294f","band":0,"off":[0,3.1]}},{"type":"Feature","geometry":{"type":"Point","coordinates":[19.382069,51.867819]},"properties":{"name":"Parzęczewska-Parzęczewska /Staffa(Zg.)","band":0,"modes":"bus","arr":["6.","61"],"off":[0,-0.8]}},{"type":"Feature","geometry":{"type":"Point","coordinates":[19.382069,51.867819]},"properties":{"name":"Parzęczewska /Staffa(Zg.)","band":0,"modes":"bus","arr":["6.","61"],"off":[0,-4.1]}},{"type":"Feature","geometry":{"type":"Point","coordinates":[19.382069,51.867819]},"properties":{"line":"6.","mode":"bus","color":"#0059a9","colorDark":"#00294f","band":0,"off":[-1.7,1.1]}},{"type":"Feature","geometry":{"type":"Point","coordinates":[19.382069,51.867819]},"properties":{"line":"61","mode":"bus","color":"#0059a9","colorDark":"#00294f","band":0,"off":[1.7,1.1]}},{"type":"Feature","geometry":{"type":"Point","coordinates":[19.494005,51.651778]},"properties":{"name":"Tuszyńska (Rzgów)","band":0,"modes":"bus","arr":["50A"],"off":[0,-0.8]}},{"type":"Feature","geometry":{"type":"Point","coordinates":[19.494005,51.651778]},"properties":{"line":"50A","mode":"bus","color":"#0059a9","colorDark":"#00294f","band":0,"off":[0,1.1]}},{"type":"Feature","geometry":{"type":"Point","coordinates":[19.464051,51.740318]},"properties":{"name":"pl. Niepodległości","band":0,"modes":"tram,bus","arr":["41","50A","50B","63","68","92A","92B","Z11"],"off":[0,-0.8]}},{"type":"Feature","geometry":{"type":"Point","coordinates":[19.464051,51.740318]},"properties":{"line":"41","mode":"tram","color":"#d6212b","colorDark":"#7c1116","band":0,"off":[-6.8,1.1]}},{"type":"Feature","geometry":{"type":"Point","coordinates":[19.464051,51.740318]},"properties":{"line":"50A","mode":"bus","color":"#0059a9","colorDark":"#00294f","band":0,"off":[-3.4,1.1]}},{"type":"Feature","geometry":{"type":"Point","coordinates":[19.464051,51.740318]},"properties":{"line":"50B","mode":"bus","color":"#0059a9","colorDark":"#00294f","band":0,"off":[0,1.1]}},{"type":"Feature","geometry":{"type":"Point","coordinates":[19.464051,51.740318]},"properties":{"line":"63","mode":"bus","color":"#0059a9","colorDark":"#00294f","band":0,"off":[3.4,1.1]}},{"type":"Feature","geometry":{"type":"Point","coordinates":[19.464051,51.740318]},"properties":{"line":"68","mode":"bus","color":"#0059a9","colorDark":"#00294f","band":0,"off":[6.8,1.1]}},{"type":"Feature","geometry":{"type":"Point","coordinates":[19.464051,51.740318]},"properties":{"line":"92A","mode":"bus","color":"#0059a9","colorDark":"#00294f","band":0,"off":[-3.4,3.1]}},{"type":"Feature","geometry":{"type":"Point","coordinates":[19.464051,51.740318]},"properties":{"line":"92B","mode":"bus","color":"#0059a9","colorDark":"#00294f","band":0,"off":[0,3.1]}},{"type":"Feature","geometry":{"type":"Point","coordinates":[19.464051,51.740318]},"properties":{"line":"Z11","mode":"bus","color":"#0059a9","colorDark":"#00294f","band":0,"off":[3.4,3.1]}},{"type":"Feature","geometry":{"type":"Point","coordinates":[19.48648,51.646431]},"properties":{"name":"CT Ptak Mandoria (Rzgów)","band":0,"modes":"bus","arr":["50B","56"],"off":[0,-0.8]}},{"type":"Feature","geometry":{"type":"Point","coordinates":[19.48648,51.646431]},"properties":{"line":"50B","mode":"bus","color":"#0059a9","colorDark":"#00294f","band":0,"off":[-1.7,1.1]}},{"type":"Feature","geometry":{"type":"Point","coordinates":[19.48648,51.646431]},"properties":{"line":"56","mode":"bus","color":"#0059a9","colorDark":"#00294f","band":0,"off":[1.7,1.1]}},{"type":"Feature","geometry":{"type":"Point","coordinates":[19.467228,51.770107]},"properties":{"name":"Rodziny Poznańskich-Dw. Łódź Fabryczna","band":0,"modes":"tram,bus","arr":["9","51A","51B","53A","53B","53C","58A","58B","61","67","77","85A","85B","86","88A","88B","88C","88D"],"off":[0,-0.8],"sc":0.89}},{"type":"Feature","geometry":{"type":"Point","coordinates":[19.467228,51.770107]},"properties":{"name":"Dw. Łódź Fabryczna","band":0,"modes":"tram,bus","arr":["9","51A","51B","53A","53B","53C","58A","58B","61","67","77","85A","85B","86","88A","88B","88C","88D"],"off":[0,-4.1],"sc":0.89}},{"type":"Feature","geometry":{"type":"Point","coordinates":[19.467228,51.770107]},"properties":{"line":"9","mode":"tram","color":"#d6212b","colorDark":"#7c1116","band":0,"sc":0.89,"off":[-6.8,1.1]}},{"type":"Feature","geometry":{"type":"Point","coordinates":[19.467228,51.770107]},"properties":{"line":"51A","mode":"bus","color":"#0059a9","colorDark":"#00294f","band":0,"sc":0.89,"off":[-3.4,1.1]}},{"type":"Feature","geometry":{"type":"Point","coordinates":[19.467228,51.770107]},"properties":{"line":"51B","mode":"bus","color":"#0059a9","colorDark":"#00294f","band":0,"sc":0.89,"off":[0,1.1]}},{"type":"Feature","geometry":{"type":"Point","coordinates":[19.467228,51.770107]},"properties":{"line":"53A","mode":"bus","color":"#0059a9","colorDark":"#00294f","band":0,"sc":0.89,"off":[3.4,1.1]}},{"type":"Feature","geometry":{"type":"Point","coordinates":[19.467228,51.770107]},"properties":{"line":"53B","mode":"bus","color":"#0059a9","colorDark":"#00294f","band":0,"sc":0.89,"off":[6.8,1.1]}},{"type":"Feature","geometry":{"type":"Point","coordinates":[19.467228,51.770107]},"properties":{"line":"53C","mode":"bus","color":"#0059a9","colorDark":"#00294f","band":0,"sc":0.89,"off":[-6.8,3.1]}},{"type":"Feature","geometry":{"type":"Point","coordinates":[19.467228,51.770107]},"properties":{"line":"58A","mode":"bus","color":"#0059a9","colorDark":"#00294f","band":0,"sc":0.89,"off":[-3.4,3.1]}},{"type":"Feature","geometry":{"type":"Point","coordinates":[19.467228,51.770107]},"properties":{"line":"58B","mode":"bus","color":"#0059a9","colorDark":"#00294f","band":0,"sc":0.89,"off":[0,3.1]}},{"type":"Feature","geometry":{"type":"Point","coordinates":[19.467228,51.770107]},"properties":{"line":"61","mode":"bus","color":"#0059a9","colorDark":"#00294f","band":0,"sc":0.89,"off":[3.4,3.1]}},{"type":"Feature","geometry":{"type":"Point","coordinates":[19.467228,51.770107]},"properties":{"line":"67","mode":"bus","color":"#0059a9","colorDark":"#00294f","band":0,"sc":0.89,"off":[6.8,3.1]}},{"type":"Feature","geometry":{"type":"Point","coordinates":[19.467228,51.770107]},"properties":{"line":"77","mode":"bus","color":"#0059a9","colorDark":"#00294f","band":0,"sc":0.89,"off":[-6.8,5.1]}},{"type":"Feature","geometry":{"type":"Point","coordinates":[19.467228,51.770107]},"properties":{"line":"85A","mode":"bus","color":"#0059a9","colorDark":"#00294f","band":0,"sc":0.89,"off":[-3.4,5.1]}},{"type":"Feature","geometry":{"type":"Point","coordinates":[19.467228,51.770107]},"properties":{"line":"85B","mode":"bus","color":"#0059a9","colorDark":"#00294f","band":0,"sc":0.89,"off":[0,5.1]}},{"type":"Feature","geometry":{"type":"Point","coordinates":[19.467228,51.770107]},"properties":{"line":"86","mode":"bus","color":"#0059a9","colorDark":"#00294f","band":0,"sc":0.89,"off":[3.4,5.1]}},{"type":"Feature","geometry":{"type":"Point","coordinates":[19.467228,51.770107]},"properties":{"line":"88A","mode":"bus","color":"#0059a9","colorDark":"#00294f","band":0,"sc":0.89,"off":[6.8,5.1]}},{"type":"Feature","geometry":{"type":"Point","coordinates":[19.467228,51.770107]},"properties":{"line":"88B","mode":"bus","color":"#0059a9","colorDark":"#00294f","band":0,"sc":0.89,"off":[-3.4,7.1]}},{"type":"Feature","geometry":{"type":"Point","coordinates":[19.467228,51.770107]},"properties":{"line":"88C","mode":"bus","color":"#0059a9","colorDark":"#00294f","band":0,"sc":0.89,"off":[0,7.1]}},{"type":"Feature","geometry":{"type":"Point","coordinates":[19.467228,51.770107]},"properties":{"line":"88D","mode":"bus","color":"#0059a9","colorDark":"#00294f","band":0,"sc":0.89,"off":[3.4,7.1]}},{"type":"Feature","geometry":{"type":"Point","coordinates":[19.474865,51.846866]},"properties":{"name":"Okólna-Łagiewniki","band":0,"modes":"bus","arr":["51A"],"off":[0,-0.8]}},{"type":"Feature","geometry":{"type":"Point","coordinates":[19.474865,51.846866]},"properties":{"line":"51A","mode":"bus","color":"#0059a9","colorDark":"#00294f","band":0,"off":[0,1.1]}},{"type":"Feature","geometry":{"type":"Point","coordinates":[19.490634,51.858863]},"properties":{"name":"Łódź Skotniki","band":0,"modes":"bus","arr":["51B"],"off":[0,-0.8]}},{"type":"Feature","geometry":{"type":"Point","coordinates":[19.490634,51.858863]},"properties":{"line":"51B","mode":"bus","color":"#0059a9","colorDark":"#00294f","band":0,"off":[0,1.1]}},{"type":"Feature","geometry":{"type":"Point","coordinates":[19.503876,51.720102]},"properties":{"name":"Komorniki","band":0,"modes":"bus","arr":["52"],"off":[0,-0.8]}},{"type":"Feature","geometry":{"type":"Point","coordinates":[19.503876,51.720102]},"properties":{"line":"52","mode":"bus","color":"#0059a9","colorDark":"#00294f","band":0,"off":[0,1.1]}},{"type":"Feature","geometry":{"type":"Point","coordinates":[19.589512,51.793964]},"properties":{"name":"Nowosolna","band":0,"modes":"bus","arr":["53A","53C","91A","N7A"],"off":[0,-0.8]}},{"type":"Feature","geometry":{"type":"Point","coordinates":[19.589512,51.793964]},"properties":{"name":"Brzezińska-Nowosolna","band":0,"modes":"bus","arr":["53A","53C","91A","N7A"],"off":[0,-1.9]}},{"type":"Feature","geometry":{"type":"Point","coordinates":[19.589512,51.793964]},"properties":{"line":"53A","mode":"bus","color":"#0059a9","colorDark":"#00294f","band":0,"off":[-5.1,1.1]}},{"type":"Feature","geometry":{"type":"Point","coordinates":[19.589512,51.793964]},"properties":{"line":"53C","mode":"bus","color":"#0059a9","colorDark":"#00294f","band":0,"off":[-1.7,1.1]}},{"type":"Feature","geometry":{"type":"Point","coordinates":[19.589512,51.793964]},"properties":{"line":"91A","mode":"bus","color":"#0059a9","colorDark":"#00294f","band":0,"off":[1.7,1.1]}},{"type":"Feature","geometry":{"type":"Point","coordinates":[19.589512,51.793964]},"properties":{"line":"N7A","mode":"bus","color":"#0059a9","colorDark":"#00294f","band":0,"off":[5.1,1.1]}},{"type":"Feature","geometry":{"type":"Point","coordinates":[19.762289,51.803861]},"properties":{"name":"Głowackiego (Brzeziny)","band":0,"modes":"bus","arr":["53B"],"off":[0,-0.8]}},{"type":"Feature","geometry":{"type":"Point","coordinates":[19.762289,51.803861]},"properties":{"line":"53B","mode":"bus","color":"#0059a9","colorDark":"#00294f","band":0,"off":[0,1.1]}},{"type":"Feature","geometry":{"type":"Point","coordinates":[19.485932,51.767321]},"properties":{"name":"pl. Mikulskiego","band":0,"modes":"bus","arr":["54B","83","Z13"],"off":[0,-0.8]}},{"type":"Feature","geometry":{"type":"Point","coordinates":[19.485932,51.767321]},"properties":{"line":"54B","mode":"bus","color":"#0059a9","colorDark":"#00294f","band":0,"off":[-3.4,1.1]}},{"type":"Feature","geometry":{"type":"Point","coordinates":[19.485932,51.767321]},"properties":{"line":"83","mode":"bus","color":"#0059a9","colorDark":"#00294f","band":0,"off":[0,1.1]}},{"type":"Feature","geometry":{"type":"Point","coordinates":[19.485932,51.767321]},"properties":{"line":"Z13","mode":"bus","color":"#0059a9","colorDark":"#00294f","band":0,"off":[3.4,1.1]}},{"type":"Feature","geometry":{"type":"Point","coordinates":[19.5733,51.806405]},"properties":{"name":"ROD Polanka","band":0,"modes":"bus","arr":["54B"],"off":[0,-0.8]}},{"type":"Feature","geometry":{"type":"Point","coordinates":[19.5733,51.806405]},"properties":{"line":"54B","mode":"bus","color":"#0059a9","colorDark":"#00294f","band":0,"off":[0,1.1]}},{"type":"Feature","geometry":{"type":"Point","coordinates":[19.54311,51.774114]},"properties":{"name":"Skalna-Juhasowa","band":0,"modes":"bus","arr":["N4A","N4B"],"off":[0,-0.8]}},{"type":"Feature","geometry":{"type":"Point","coordinates":[19.54311,51.774114]},"properties":{"line":"N4A","mode":"bus","color":"#0059a9","colorDark":"#00294f","band":0,"off":[-1.7,1.1]}},{"type":"Feature","geometry":{"type":"Point","coordinates":[19.54311,51.774114]},"properties":{"line":"N4B","mode":"bus","color":"#0059a9","colorDark":"#00294f","band":0,"off":[1.7,1.1]}},{"type":"Feature","geometry":{"type":"Point","coordinates":[19.383304,51.747439]},"properties":{"name":"Retkinia Kusocińskiego","band":0,"modes":"bus","arr":["55A","55B","55C","69A","69B","76","86"],"off":[0,-0.8]}},{"type":"Feature","geometry":{"type":"Point","coordinates":[19.383304,51.747439]},"properties":{"line":"55A","mode":"bus","color":"#0059a9","colorDark":"#00294f","band":0,"off":[-6.8,1.1]}},{"type":"Feature","geometry":{"type":"Point","coordinates":[19.383304,51.747439]},"properties":{"line":"55B","mode":"bus","color":"#0059a9","colorDark":"#00294f","band":0,"off":[-3.4,1.1]}},{"type":"Feature","geometry":{"type":"Point","coordinates":[19.383304,51.747439]},"properties":{"line":"55C","mode":"bus","color":"#0059a9","colorDark":"#00294f","band":0,"off":[0,1.1]}},{"type":"Feature","geometry":{"type":"Point","coordinates":[19.383304,51.747439]},"properties":{"line":"69A","mode":"bus","color":"#0059a9","colorDark":"#00294f","band":0,"off":[3.4,1.1]}},{"type":"Feature","geometry":{"type":"Point","coordinates":[19.383304,51.747439]},"properties":{"line":"69B","mode":"bus","color":"#0059a9","colorDark":"#00294f","band":0,"off":[6.8,1.1]}},{"type":"Feature","geometry":{"type":"Point","coordinates":[19.383304,51.747439]},"properties":{"line":"76","mode":"bus","color":"#0059a9","colorDark":"#00294f","band":0,"off":[-1.7,3.1]}},{"type":"Feature","geometry":{"type":"Point","coordinates":[19.383304,51.747439]},"properties":{"line":"86","mode":"bus","color":"#0059a9","colorDark":"#00294f","band":0,"off":[1.7,3.1]}},{"type":"Feature","geometry":{"type":"Point","coordinates":[19.507351,51.736281]},"properties":{"name":"Dw. Łódź Dąbrowa","band":0,"modes":"tram,bus","arr":["4","14","55A","F1","N6","W","Z2"],"off":[0,-0.8]}},{"type":"Feature","geometry":{"type":"Point","coordinates":[19.507351,51.736281]},"properties":{"name":"Dąbrowskiego-Podhalańska","band":0,"modes":"tram,bus","arr":["4","14","55A","F1","N6","W","Z2"],"off":[0,-1.9]}},{"type":"Feature","geometry":{"type":"Point","coordinates":[19.507351,51.736281]},"properties":{"line":"4","mode":"tram","color":"#d6212b","colorDark":"#7c1116","band":0,"off":[-6.8,1.1]}},{"type":"Feature","geometry":{"type":"Point","coordinates":[19.507351,51.736281]},"properties":{"line":"14","mode":"tram","color":"#d6212b","colorDark":"#7c1116","band":0,"off":[-3.4,1.1]}},{"type":"Feature","geometry":{"type":"Point","coordinates":[19.507351,51.736281]},"properties":{"line":"55A","mode":"bus","color":"#0059a9","colorDark":"#00294f","band":0,"off":[0,1.1]}},{"type":"Feature","geometry":{"type":"Point","coordinates":[19.507351,51.736281]},"properties":{"line":"F1","mode":"bus","color":"#0059a9","colorDark":"#00294f","band":0,"off":[3.4,1.1]}},{"type":"Feature","geometry":{"type":"Point","coordinates":[19.507351,51.736281]},"properties":{"line":"N6","mode":"bus","color":"#0059a9","colorDark":"#00294f","band":0,"off":[6.8,1.1]}},{"type":"Feature","geometry":{"type":"Point","coordinates":[19.507351,51.736281]},"properties":{"line":"W","mode":"bus","color":"#0059a9","colorDark":"#00294f","band":0,"off":[-1.7,3.1]}},{"type":"Feature","geometry":{"type":"Point","coordinates":[19.507351,51.736281]},"properties":{"line":"Z2","mode":"tram","color":"#d6212b","colorDark":"#7c1116","band":0,"off":[1.7,3.1]}},{"type":"Feature","geometry":{"type":"Point","coordinates":[19.520545,51.748729]},"properties":{"name":"cm. Zarzew","band":0,"modes":"tram,bus","arr":["7","8","55B","64A"],"off":[0,-0.8]}},{"type":"Feature","geometry":{"type":"Point","coordinates":[19.520545,51.748729]},"properties":{"line":"7","mode":"tram","color":"#d6212b","colorDark":"#7c1116","band":0,"off":[-5.1,1.1]}},{"type":"Feature","geometry":{"type":"Point","coordinates":[19.520545,51.748729]},"properties":{"line":"8","mode":"tram","color":"#d6212b","colorDark":"#7c1116","band":0,"off":[-1.7,1.1]}},{"type":"Feature","geometry":{"type":"Point","coordinates":[19.520545,51.748729]},"properties":{"line":"55B","mode":"bus","color":"#0059a9","colorDark":"#00294f","band":0,"off":[1.7,1.1]}},{"type":"Feature","geometry":{"type":"Point","coordinates":[19.520545,51.748729]},"properties":{"line":"64A","mode":"bus","color":"#0059a9","colorDark":"#00294f","band":0,"off":[5.1,1.1]}},{"type":"Feature","geometry":{"type":"Point","coordinates":[19.524056,51.730162]},"properties":{"name":"Lodowa-Lodowa 97 NŻ","band":0,"modes":"bus","arr":["55C"],"off":[0,-0.8]}},{"type":"Feature","geometry":{"type":"Point","coordinates":[19.524056,51.730162]},"properties":{"line":"55C","mode":"bus","color":"#0059a9","colorDark":"#00294f","band":0,"off":[0,1.1]}},{"type":"Feature","geometry":{"type":"Point","coordinates":[19.464415,51.726139]},"properties":{"name":"Piastów Kurak","band":0,"modes":"bus","arr":["56","57"],"off":[0,-0.8]}},{"type":"Feature","geometry":{"type":"Point","coordinates":[19.464415,51.726139]},"properties":{"line":"56","mode":"bus","color":"#0059a9","colorDark":"#00294f","band":0,"off":[-1.7,1.1]}},{"type":"Feature","geometry":{"type":"Point","coordinates":[19.464415,51.726139]},"properties":{"line":"57","mode":"bus","color":"#0059a9","colorDark":"#00294f","band":0,"off":[1.7,1.1]}},{"type":"Feature","geometry":{"type":"Point","coordinates":[19.46602,51.793263]},"properties":{"name":"Marysin Stadion","band":0,"modes":"bus","arr":["57"],"off":[0,-0.8]}},{"type":"Feature","geometry":{"type":"Point","coordinates":[19.46602,51.793263]},"properties":{"line":"57","mode":"bus","color":"#0059a9","colorDark":"#00294f","band":0,"off":[0,1.1]}},{"type":"Feature","geometry":{"type":"Point","coordinates":[19.574934,51.752026]},"properties":{"name":"Janów","band":0,"modes":"bus","arr":["58A","58B","72A","72B","80A","80B","90","91A","91B","91C","96","N1A","N1B","N5A"],"off":[0,-0.8],"sc":0.95}},{"type":"Feature","geometry":{"type":"Point","coordinates":[19.574934,51.752026]},"properties":{"line":"58A","mode":"bus","color":"#0059a9","colorDark":"#00294f","band":0,"sc":0.95,"off":[-6.8,1.1]}},{"type":"Feature","geometry":{"type":"Point","coordinates":[19.574934,51.752026]},"properties":{"line":"58B","mode":"bus","color":"#0059a9","colorDark":"#00294f","band":0,"sc":0.95,"off":[-3.4,1.1]}},{"type":"Feature","geometry":{"type":"Point","coordinates":[19.574934,51.752026]},"properties":{"line":"72A","mode":"bus","color":"#0059a9","colorDark":"#00294f","band":0,"sc":0.95,"off":[0,1.1]}},{"type":"Feature","geometry":{"type":"Point","coordinates":[19.574934,51.752026]},"properties":{"line":"72B","mode":"bus","color":"#0059a9","colorDark":"#00294f","band":0,"sc":0.95,"off":[3.4,1.1]}},{"type":"Feature","geometry":{"type":"Point","coordinates":[19.574934,51.752026]},"properties":{"line":"80A","mode":"bus","color":"#0059a9","colorDark":"#00294f","band":0,"sc":0.95,"off":[6.8,1.1]}},{"type":"Feature","geometry":{"type":"Point","coordinates":[19.574934,51.752026]},"properties":{"line":"80B","mode":"bus","color":"#0059a9","colorDark":"#00294f","band":0,"sc":0.95,"off":[-6.8,3.1]}},{"type":"Feature","geometry":{"type":"Point","coordinates":[19.574934,51.752026]},"properties":{"line":"90","mode":"bus","color":"#0059a9","colorDark":"#00294f","band":0,"sc":0.95,"off":[-3.4,3.1]}},{"type":"Feature","geometry":{"type":"Point","coordinates":[19.574934,51.752026]},"properties":{"line":"91A","mode":"bus","color":"#0059a9","colorDark":"#00294f","band":0,"sc":0.95,"off":[0,3.1]}},{"type":"Feature","geometry":{"type":"Point","coordinates":[19.574934,51.752026]},"properties":{"line":"91B","mode":"bus","color":"#0059a9","colorDark":"#00294f","band":0,"sc":0.95,"off":[3.4,3.1]}},{"type":"Feature","geometry":{"type":"Point","coordinates":[19.574934,51.752026]},"properties":{"line":"91C","mode":"bus","color":"#0059a9","colorDark":"#00294f","band":0,"sc":0.95,"off":[6.8,3.1]}},{"type":"Feature","geometry":{"type":"Point","coordinates":[19.574934,51.752026]},"properties":{"line":"96","mode":"bus","color":"#0059a9","colorDark":"#00294f","band":0,"sc":0.95,"off":[-5.1,5.1]}},{"type":"Feature","geometry":{"type":"Point","coordinates":[19.574934,51.752026]},"properties":{"line":"N1A","mode":"bus","color":"#0059a9","colorDark":"#00294f","band":0,"sc":0.95,"off":[-1.7,5.1]}},{"type":"Feature","geometry":{"type":"Point","coordinates":[19.574934,51.752026]},"properties":{"line":"N1B","mode":"bus","color":"#0059a9","colorDark":"#00294f","band":0,"sc":0.95,"off":[1.7,5.1]}},{"type":"Feature","geometry":{"type":"Point","coordinates":[19.574934,51.752026]},"properties":{"line":"N5A","mode":"bus","color":"#0059a9","colorDark":"#00294f","band":0,"sc":0.95,"off":[5.1,5.1]}},{"type":"Feature","geometry":{"type":"Point","coordinates":[19.448251,51.776231]},"properties":{"name":"Legionów-Gdańska","band":0,"modes":"bus","arr":["59"],"off":[0,-0.8]}},{"type":"Feature","geometry":{"type":"Point","coordinates":[19.448251,51.776231]},"properties":{"line":"59","mode":"bus","color":"#0059a9","colorDark":"#00294f","band":0,"off":[0,1.1]}},{"type":"Feature","geometry":{"type":"Point","coordinates":[19.45147,51.780313]},"properties":{"name":"Zachodnia-Manufaktura","band":0,"modes":"bus","arr":["Z6"],"off":[0,-0.8]}},{"type":"Feature","geometry":{"type":"Point","coordinates":[19.45147,51.780313]},"properties":{"line":"Z6","mode":"bus","color":"#0059a9","colorDark":"#00294f","band":0,"off":[0,1.1]}},{"type":"Feature","geometry":{"type":"Point","coordinates":[19.438506,51.824769]},"properties":{"name":"Radogoszcz Wschód","band":0,"modes":"bus","arr":["59","65A","65B","N2"],"off":[0,-0.8]}},{"type":"Feature","geometry":{"type":"Point","coordinates":[19.438506,51.824769]},"properties":{"line":"59","mode":"bus","color":"#0059a9","colorDark":"#00294f","band":0,"off":[-5.1,1.1]}},{"type":"Feature","geometry":{"type":"Point","coordinates":[19.438506,51.824769]},"properties":{"line":"65A","mode":"bus","color":"#0059a9","colorDark":"#00294f","band":0,"off":[-1.7,1.1]}},{"type":"Feature","geometry":{"type":"Point","coordinates":[19.438506,51.824769]},"properties":{"line":"65B","mode":"bus","color":"#0059a9","colorDark":"#00294f","band":0,"off":[1.7,1.1]}},{"type":"Feature","geometry":{"type":"Point","coordinates":[19.438506,51.824769]},"properties":{"line":"N2","mode":"bus","color":"#0059a9","colorDark":"#00294f","band":0,"off":[5.1,1.1]}},{"type":"Feature","geometry":{"type":"Point","coordinates":[19.49421,51.764331]},"properties":{"name":"CH Tulipan","band":0,"modes":"bus","arr":["60A","60B","60C","60D"],"off":[0,-0.8]}},{"type":"Feature","geometry":{"type":"Point","coordinates":[19.49421,51.764331]},"properties":{"line":"60A","mode":"bus","color":"#0059a9","colorDark":"#00294f","band":0,"off":[-5.1,1.1]}},{"type":"Feature","geometry":{"type":"Point","coordinates":[19.49421,51.764331]},"properties":{"line":"60B","mode":"bus","color":"#0059a9","colorDark":"#00294f","band":0,"off":[-1.7,1.1]}},{"type":"Feature","geometry":{"type":"Point","coordinates":[19.49421,51.764331]},"properties":{"line":"60C","mode":"bus","color":"#0059a9","colorDark":"#00294f","band":0,"off":[1.7,1.1]}},{"type":"Feature","geometry":{"type":"Point","coordinates":[19.49421,51.764331]},"properties":{"line":"60D","mode":"bus","color":"#0059a9","colorDark":"#00294f","band":0,"off":[5.1,1.1]}},{"type":"Feature","geometry":{"type":"Point","coordinates":[19.557945,51.841906]},"properties":{"name":"Strykowska-Imielnik Nowy","band":0,"modes":"bus","arr":["60A"],"off":[0,-0.8]}},{"type":"Feature","geometry":{"type":"Point","coordinates":[19.557945,51.841906]},"properties":{"line":"60A","mode":"bus","color":"#0059a9","colorDark":"#00294f","band":0,"off":[0,1.1]}},{"type":"Feature","geometry":{"type":"Point","coordinates":[19.570724,51.866899]},"properties":{"name":"Michałówek Dobra","band":0,"modes":"bus","arr":["60B"],"off":[0,-0.8]}},{"type":"Feature","geometry":{"type":"Point","coordinates":[19.570724,51.866899]},"properties":{"line":"60B","mode":"bus","color":"#0059a9","colorDark":"#00294f","band":0,"off":[0,1.1]}},{"type":"Feature","geometry":{"type":"Point","coordinates":[19.594267,51.91026]},"properties":{"name":"Stryków Dworzec PKP","band":0,"modes":"bus","arr":["60C"],"off":[0,-0.8]}},{"type":"Feature","geometry":{"type":"Point","coordinates":[19.594267,51.91026]},"properties":{"line":"60C","mode":"bus","color":"#0059a9","colorDark":"#00294f","band":0,"off":[0,1.1]}},{"type":"Feature","geometry":{"type":"Point","coordinates":[19.48072,51.806385]},"properties":{"name":"Marysin Tęczowa","band":0,"modes":"bus","arr":["60D"],"off":[0,-0.8]}},{"type":"Feature","geometry":{"type":"Point","coordinates":[19.48072,51.806385]},"properties":{"line":"60D","mode":"bus","color":"#0059a9","colorDark":"#00294f","band":0,"off":[0,1.1]}},{"type":"Feature","geometry":{"type":"Point","coordinates":[19.411896,51.718411]},"properties":{"name":"Bionanopark","band":0,"modes":"bus","arr":["62"],"off":[0,-0.8]}},{"type":"Feature","geometry":{"type":"Point","coordinates":[19.411896,51.718411]},"properties":{"line":"62","mode":"bus","color":"#0059a9","colorDark":"#00294f","band":0,"off":[0,1.1]}},{"type":"Feature","geometry":{"type":"Point","coordinates":[19.480721,51.726103]},"properties":{"name":"Dw. Łódź Chojny","band":0,"modes":"bus","arr":["62","63","71A","71B","H"],"off":[0,-0.8]}},{"type":"Feature","geometry":{"type":"Point","coordinates":[19.480721,51.726103]},"properties":{"line":"62","mode":"bus","color":"#0059a9","colorDark":"#00294f","band":0,"off":[-6.8,1.1]}},{"type":"Feature","geometry":{"type":"Point","coordinates":[19.480721,51.726103]},"properties":{"line":"63","mode":"bus","color":"#0059a9","colorDark":"#00294f","band":0,"off":[-3.4,1.1]}},{"type":"Feature","geometry":{"type":"Point","coordinates":[19.480721,51.726103]},"properties":{"line":"71A","mode":"bus","color":"#0059a9","colorDark":"#00294f","band":0,"off":[0,1.1]}},{"type":"Feature","geometry":{"type":"Point","coordinates":[19.480721,51.726103]},"properties":{"line":"71B","mode":"bus","color":"#0059a9","colorDark":"#00294f","band":0,"off":[3.4,1.1]}},{"type":"Feature","geometry":{"type":"Point","coordinates":[19.480721,51.726103]},"properties":{"line":"H","mode":"bus","color":"#0059a9","colorDark":"#00294f","band":0,"off":[6.8,1.1]}},{"type":"Feature","geometry":{"type":"Point","coordinates":[19.422674,51.727045]},"properties":{"name":"Św. Franciszka-Czahary","band":0,"modes":"bus","arr":["77"],"off":[0,-0.8]}},{"type":"Feature","geometry":{"type":"Point","coordinates":[19.422674,51.727045]},"properties":{"line":"77","mode":"bus","color":"#0059a9","colorDark":"#00294f","band":0,"off":[0,1.1]}},{"type":"Feature","geometry":{"type":"Point","coordinates":[19.449307,51.788219]},"properties":{"name":"Zachodnia-Limanowskiego","band":0,"modes":"bus","arr":["64A","64B"],"off":[0,-0.8]}},{"type":"Feature","geometry":{"type":"Point","coordinates":[19.449307,51.788219]},"properties":{"line":"64A","mode":"bus","color":"#0059a9","colorDark":"#00294f","band":0,"off":[-1.7,1.1]}},{"type":"Feature","geometry":{"type":"Point","coordinates":[19.449307,51.788219]},"properties":{"line":"64B","mode":"bus","color":"#0059a9","colorDark":"#00294f","band":0,"off":[1.7,1.1]}},{"type":"Feature","geometry":{"type":"Point","coordinates":[19.541918,51.751751]},"properties":{"name":"Widzew Czajkowskiego","band":0,"modes":"bus","arr":["64B"],"off":[0,-0.8]}},{"type":"Feature","geometry":{"type":"Point","coordinates":[19.541918,51.751751]},"properties":{"line":"64B","mode":"bus","color":"#0059a9","colorDark":"#00294f","band":0,"off":[0,1.1]}},{"type":"Feature","geometry":{"type":"Point","coordinates":[19.400717,51.727369]},"properties":{"name":"Lotnisko","band":0,"modes":"bus","arr":["65A"],"off":[0,-0.8]}},{"type":"Feature","geometry":{"type":"Point","coordinates":[19.400717,51.727369]},"properties":{"line":"65A","mode":"bus","color":"#0059a9","colorDark":"#00294f","band":0,"off":[0,1.1]}},{"type":"Feature","geometry":{"type":"Point","coordinates":[19.395874,51.72866]},"properties":{"name":"Sortownia","band":0,"modes":"bus","arr":["65B"],"off":[0,-0.8]}},{"type":"Feature","geometry":{"type":"Point","coordinates":[19.395874,51.72866]},"properties":{"line":"65B","mode":"bus","color":"#0059a9","colorDark":"#00294f","band":0,"off":[0,1.1]}},{"type":"Feature","geometry":{"type":"Point","coordinates":[19.460645,51.801053]},"properties":{"name":"Rondo Powstańców 1863r.","band":0,"modes":"tram,bus","arr":["3","66","70","85A","N6","Z3"],"off":[0,-0.8]}},{"type":"Feature","geometry":{"type":"Point","coordinates":[19.460645,51.801053]},"properties":{"name":"Łagiewnicka-Rondo Powstańców 1863r.","band":0,"modes":"tram,bus","arr":["3","66","70","85A","N6","Z3"],"off":[0,-3]}},{"type":"Feature","geometry":{"type":"Point","coordinates":[19.460645,51.801053]},"properties":{"name":"Inflancka-Marysińska","band":0,"modes":"tram,bus","arr":["3","66","70","85A","N6","Z3"],"off":[0,-5.2]}},{"type":"Feature","geometry":{"type":"Point","coordinates":[19.460645,51.801053]},"properties":{"line":"3","mode":"tram","color":"#d6212b","colorDark":"#7c1116","band":0,"off":[-6.8,1.1]}},{"type":"Feature","geometry":{"type":"Point","coordinates":[19.460645,51.801053]},"properties":{"line":"66","mode":"bus","color":"#0059a9","colorDark":"#00294f","band":0,"off":[-3.4,1.1]}},{"type":"Feature","geometry":{"type":"Point","coordinates":[19.460645,51.801053]},"properties":{"line":"70","mode":"bus","color":"#0059a9","colorDark":"#00294f","band":0,"off":[0,1.1]}},{"type":"Feature","geometry":{"type":"Point","coordinates":[19.460645,51.801053]},"properties":{"line":"85A","mode":"bus","color":"#0059a9","colorDark":"#00294f","band":0,"off":[3.4,1.1]}},{"type":"Feature","geometry":{"type":"Point","coordinates":[19.460645,51.801053]},"properties":{"line":"N6","mode":"bus","color":"#0059a9","colorDark":"#00294f","band":0,"off":[6.8,1.1]}},{"type":"Feature","geometry":{"type":"Point","coordinates":[19.460645,51.801053]},"properties":{"line":"Z3","mode":"bus","color":"#0059a9","colorDark":"#00294f","band":0,"off":[0,3.1]}},{"type":"Feature","geometry":{"type":"Point","coordinates":[19.507336,51.843604]},"properties":{"name":"Okólna-Modrzew","band":0,"modes":"bus","arr":["66"],"off":[0,-0.8]}},{"type":"Feature","geometry":{"type":"Point","coordinates":[19.507336,51.843604]},"properties":{"line":"66","mode":"bus","color":"#0059a9","colorDark":"#00294f","band":0,"off":[0,1.1]}},{"type":"Feature","geometry":{"type":"Point","coordinates":[19.431439,51.746279]},"properties":{"name":"Nowe Sady-zajezdnia NOWE SADY","band":0,"modes":"bus","arr":["67","97A","97B","F1","G1","H"],"off":[0,-0.8]}},{"type":"Feature","geometry":{"type":"Point","coordinates":[19.431439,51.746279]},"properties":{"line":"67","mode":"bus","color":"#0059a9","colorDark":"#00294f","band":0,"off":[-6.8,1.1]}},{"type":"Feature","geometry":{"type":"Point","coordinates":[19.431439,51.746279]},"properties":{"line":"97A","mode":"bus","color":"#0059a9","colorDark":"#00294f","band":0,"off":[-3.4,1.1]}},{"type":"Feature","geometry":{"type":"Point","coordinates":[19.431439,51.746279]},"properties":{"line":"97B","mode":"bus","color":"#0059a9","colorDark":"#00294f","band":0,"off":[0,1.1]}},{"type":"Feature","geometry":{"type":"Point","coordinates":[19.431439,51.746279]},"properties":{"line":"F1","mode":"bus","color":"#0059a9","colorDark":"#00294f","band":0,"off":[3.4,1.1]}},{"type":"Feature","geometry":{"type":"Point","coordinates":[19.431439,51.746279]},"properties":{"line":"G1","mode":"bus","color":"#0059a9","colorDark":"#00294f","band":0,"off":[6.8,1.1]}},{"type":"Feature","geometry":{"type":"Point","coordinates":[19.431439,51.746279]},"properties":{"line":"H","mode":"bus","color":"#0059a9","colorDark":"#00294f","band":0,"off":[0,3.1]}},{"type":"Feature","geometry":{"type":"Point","coordinates":[19.456665,51.758847]},"properties":{"name":"Piotrkowska Centrum","band":0,"modes":"tram,bus","arr":["2","3","11","Z11"],"off":[0,-0.8]}},{"type":"Feature","geometry":{"type":"Point","coordinates":[19.456665,51.758847]},"properties":{"name":"Kościuszki-Mickiewicza","band":0,"modes":"tram,bus","arr":["2","3","11","Z11"],"off":[0,-3]}},{"type":"Feature","geometry":{"type":"Point","coordinates":[19.456665,51.758847]},"properties":{"line":"2","mode":"tram","color":"#d6212b","colorDark":"#7c1116","band":0,"off":[-5.1,1.1]}},{"type":"Feature","geometry":{"type":"Point","coordinates":[19.456665,51.758847]},"properties":{"line":"3","mode":"tram","color":"#d6212b","colorDark":"#7c1116","band":0,"off":[-1.7,1.1]}},{"type":"Feature","geometry":{"type":"Point","coordinates":[19.456665,51.758847]},"properties":{"line":"11","mode":"tram","color":"#d6212b","colorDark":"#7c1116","band":0,"off":[1.7,1.1]}},{"type":"Feature","geometry":{"type":"Point","coordinates":[19.456665,51.758847]},"properties":{"line":"Z11","mode":"bus","color":"#0059a9","colorDark":"#00294f","band":0,"off":[5.1,1.1]}},{"type":"Feature","geometry":{"type":"Point","coordinates":[19.384012,51.7423]},"properties":{"name":"Retkinia","band":0,"modes":"tram,bus","arr":["10A","10B","12","14","68","80A","80B","94","99","G1","G2","N2","N7A","N7B"],"off":[0,-0.8],"sc":0.95}},{"type":"Feature","geometry":{"type":"Point","coordinates":[19.384012,51.7423]},"properties":{"line":"10A","mode":"tram","color":"#d6212b","colorDark":"#7c1116","band":0,"sc":0.95,"off":[-6.8,1.1]}},{"type":"Feature","geometry":{"type":"Point","coordinates":[19.384012,51.7423]},"properties":{"line":"10B","mode":"tram","color":"#d6212b","colorDark":"#7c1116","band":0,"sc":0.95,"off":[-3.4,1.1]}},{"type":"Feature","geometry":{"type":"Point","coordinates":[19.384012,51.7423]},"properties":{"line":"12","mode":"tram","color":"#d6212b","colorDark":"#7c1116","band":0,"sc":0.95,"off":[0,1.1]}},{"type":"Feature","geometry":{"type":"Point","coordinates":[19.384012,51.7423]},"properties":{"line":"14","mode":"tram","color":"#d6212b","colorDark":"#7c1116","band":0,"sc":0.95,"off":[3.4,1.1]}},{"type":"Feature","geometry":{"type":"Point","coordinates":[19.384012,51.7423]},"properties":{"line":"68","mode":"bus","color":"#0059a9","colorDark":"#00294f","band":0,"sc":0.95,"off":[6.8,1.1]}},{"type":"Feature","geometry":{"type":"Point","coordinates":[19.384012,51.7423]},"properties":{"line":"80A","mode":"bus","color":"#0059a9","colorDark":"#00294f","band":0,"sc":0.95,"off":[-6.8,3.1]}},{"type":"Feature","geometry":{"type":"Point","coordinates":[19.384012,51.7423]},"properties":{"line":"80B","mode":"bus","color":"#0059a9","colorDark":"#00294f","band":0,"sc":0.95,"off":[-3.4,3.1]}},{"type":"Feature","geometry":{"type":"Point","coordinates":[19.384012,51.7423]},"properties":{"line":"94","mode":"bus","color":"#0059a9","colorDark":"#00294f","band":0,"sc":0.95,"off":[0,3.1]}},{"type":"Feature","geometry":{"type":"Point","coordinates":[19.384012,51.7423]},"properties":{"line":"99","mode":"bus","color":"#0059a9","colorDark":"#00294f","band":0,"sc":0.95,"off":[3.4,3.1]}},{"type":"Feature","geometry":{"type":"Point","coordinates":[19.384012,51.7423]},"properties":{"line":"G1","mode":"bus","color":"#0059a9","colorDark":"#00294f","band":0,"sc":0.95,"off":[6.8,3.1]}},{"type":"Feature","geometry":{"type":"Point","coordinates":[19.384012,51.7423]},"properties":{"line":"G2","mode":"bus","color":"#0059a9","colorDark":"#00294f","band":0,"sc":0.95,"off":[-5.1,5.1]}},{"type":"Feature","geometry":{"type":"Point","coordinates":[19.384012,51.7423]},"properties":{"line":"N2","mode":"bus","color":"#0059a9","colorDark":"#00294f","band":0,"sc":0.95,"off":[-1.7,5.1]}},{"type":"Feature","geometry":{"type":"Point","coordinates":[19.384012,51.7423]},"properties":{"line":"N7A","mode":"bus","color":"#0059a9","colorDark":"#00294f","band":0,"sc":0.95,"off":[1.7,5.1]}},{"type":"Feature","geometry":{"type":"Point","coordinates":[19.384012,51.7423]},"properties":{"line":"N7B","mode":"bus","color":"#0059a9","colorDark":"#00294f","band":0,"sc":0.95,"off":[5.1,5.1]}},{"type":"Feature","geometry":{"type":"Point","coordinates":[19.540429,51.762477]},"properties":{"name":"Służbowa-Dw. Łódź Widzew","band":0,"modes":"bus","arr":["69A","69B","75A","75B","82A","82B","201","202","W"],"off":[0,-0.8]}},{"type":"Feature","geometry":{"type":"Point","coordinates":[19.540429,51.762477]},"properties":{"name":"rondo Inwalidów","band":0,"modes":"bus","arr":["69A","69B","75A","75B","82A","82B","201","202","W"],"off":[0,-3]}},{"type":"Feature","geometry":{"type":"Point","coordinates":[19.540429,51.762477]},"properties":{"name":"Dw. Łódź Widzew","band":0,"modes":"bus","arr":["69A","69B","75A","75B","82A","82B","201","202","W"],"off":[0,-4.1]}},{"type":"Feature","geometry":{"type":"Point","coordinates":[19.540429,51.762477]},"properties":{"line":"69A","mode":"bus","color":"#0059a9","colorDark":"#00294f","band":0,"off":[-6.8,1.1]}},{"type":"Feature","geometry":{"type":"Point","coordinates":[19.540429,51.762477]},"properties":{"line":"69B","mode":"bus","color":"#0059a9","colorDark":"#00294f","band":0,"off":[-3.4,1.1]}},{"type":"Feature","geometry":{"type":"Point","coordinates":[19.540429,51.762477]},"properties":{"line":"75A","mode":"bus","color":"#0059a9","colorDark":"#00294f","band":0,"off":[0,1.1]}},{"type":"Feature","geometry":{"type":"Point","coordinates":[19.540429,51.762477]},"properties":{"line":"75B","mode":"bus","color":"#0059a9","colorDark":"#00294f","band":0,"off":[3.4,1.1]}},{"type":"Feature","geometry":{"type":"Point","coordinates":[19.540429,51.762477]},"properties":{"line":"82A","mode":"bus","color":"#0059a9","colorDark":"#00294f","band":0,"off":[6.8,1.1]}},{"type":"Feature","geometry":{"type":"Point","coordinates":[19.540429,51.762477]},"properties":{"line":"82B","mode":"bus","color":"#0059a9","colorDark":"#00294f","band":0,"off":[-5.1,3.1]}},{"type":"Feature","geometry":{"type":"Point","coordinates":[19.540429,51.762477]},"properties":{"line":"201","mode":"bus","color":"#0059a9","colorDark":"#00294f","band":0,"off":[-1.7,3.1]}},{"type":"Feature","geometry":{"type":"Point","coordinates":[19.540429,51.762477]},"properties":{"line":"202","mode":"bus","color":"#0059a9","colorDark":"#00294f","band":0,"off":[1.7,3.1]}},{"type":"Feature","geometry":{"type":"Point","coordinates":[19.540429,51.762477]},"properties":{"line":"W","mode":"bus","color":"#0059a9","colorDark":"#00294f","band":0,"off":[5.1,3.1]}},{"type":"Feature","geometry":{"type":"Point","coordinates":[19.481348,51.703031]},"properties":{"name":"Instytut CZMP","band":0,"modes":"bus","arr":["70","93","N3A","N3B"],"off":[0,-0.8]}},{"type":"Feature","geometry":{"type":"Point","coordinates":[19.481348,51.703031]},"properties":{"line":"70","mode":"bus","color":"#0059a9","colorDark":"#00294f","band":0,"off":[-5.1,1.1]}},{"type":"Feature","geometry":{"type":"Point","coordinates":[19.481348,51.703031]},"properties":{"line":"93","mode":"bus","color":"#0059a9","colorDark":"#00294f","band":0,"off":[-1.7,1.1]}},{"type":"Feature","geometry":{"type":"Point","coordinates":[19.481348,51.703031]},"properties":{"line":"N3A","mode":"bus","color":"#0059a9","colorDark":"#00294f","band":0,"off":[1.7,1.1]}},{"type":"Feature","geometry":{"type":"Point","coordinates":[19.481348,51.703031]},"properties":{"line":"N3B","mode":"bus","color":"#0059a9","colorDark":"#00294f","band":0,"off":[5.1,1.1]}},{"type":"Feature","geometry":{"type":"Point","coordinates":[19.499162,51.740747]},"properties":{"name":"park Podolski","band":0,"modes":"bus","arr":["71A","71B"],"off":[0,-0.8]}},{"type":"Feature","geometry":{"type":"Point","coordinates":[19.499162,51.740747]},"properties":{"line":"71A","mode":"bus","color":"#0059a9","colorDark":"#00294f","band":0,"off":[-1.7,1.1]}},{"type":"Feature","geometry":{"type":"Point","coordinates":[19.499162,51.740747]},"properties":{"line":"71B","mode":"bus","color":"#0059a9","colorDark":"#00294f","band":0,"off":[1.7,1.1]}},{"type":"Feature","geometry":{"type":"Point","coordinates":[19.427011,51.769395]},"properties":{"name":"Legionów-Włókniarzy","band":0,"modes":"bus","arr":["Z13","Z43"],"off":[0,-0.8]}},{"type":"Feature","geometry":{"type":"Point","coordinates":[19.427011,51.769395]},"properties":{"line":"Z13","mode":"bus","color":"#0059a9","colorDark":"#00294f","band":0,"off":[-1.7,1.1]}},{"type":"Feature","geometry":{"type":"Point","coordinates":[19.427011,51.769395]},"properties":{"line":"Z43","mode":"bus","color":"#0059a9","colorDark":"#00294f","band":0,"off":[1.7,1.1]}},{"type":"Feature","geometry":{"type":"Point","coordinates":[19.349411,51.775618]},"properties":{"name":"Złotno-Huta Jagodnica","band":0,"modes":"bus","arr":["72A","72B"],"off":[0,-0.8]}},{"type":"Feature","geometry":{"type":"Point","coordinates":[19.349411,51.775618]},"properties":{"line":"72A","mode":"bus","color":"#0059a9","colorDark":"#00294f","band":0,"off":[-1.7,1.1]}},{"type":"Feature","geometry":{"type":"Point","coordinates":[19.349411,51.775618]},"properties":{"line":"72B","mode":"bus","color":"#0059a9","colorDark":"#00294f","band":0,"off":[1.7,1.1]}},{"type":"Feature","geometry":{"type":"Point","coordinates":[19.42321,51.772849]},"properties":{"name":"Srebrzyńska-Koziny","band":0,"modes":"bus","arr":["73"],"off":[0,-0.8]}},{"type":"Feature","geometry":{"type":"Point","coordinates":[19.42321,51.772849]},"properties":{"line":"73","mode":"bus","color":"#0059a9","colorDark":"#00294f","band":0,"off":[0,1.1]}},{"type":"Feature","geometry":{"type":"Point","coordinates":[19.419024,51.817643]},"properties":{"name":"Radogoszcz Zachód","band":0,"modes":"bus","arr":["73","99","N5A","N5B"],"off":[0,-0.8]}},{"type":"Feature","geometry":{"type":"Point","coordinates":[19.419024,51.817643]},"properties":{"line":"73","mode":"bus","color":"#0059a9","colorDark":"#00294f","band":0,"off":[-5.1,1.1]}},{"type":"Feature","geometry":{"type":"Point","coordinates":[19.419024,51.817643]},"properties":{"line":"99","mode":"bus","color":"#0059a9","colorDark":"#00294f","band":0,"off":[-1.7,1.1]}},{"type":"Feature","geometry":{"type":"Point","coordinates":[19.419024,51.817643]},"properties":{"line":"N5A","mode":"bus","color":"#0059a9","colorDark":"#00294f","band":0,"off":[1.7,1.1]}},{"type":"Feature","geometry":{"type":"Point","coordinates":[19.419024,51.817643]},"properties":{"line":"N5B","mode":"bus","color":"#0059a9","colorDark":"#00294f","band":0,"off":[5.1,1.1]}},{"type":"Feature","geometry":{"type":"Point","coordinates":[19.413329,51.700841]},"properties":{"name":"Chocianowice IKEA","band":0,"modes":"tram,bus","arr":["16","75A","75B","N4A","Z2"],"off":[0,-0.8]}},{"type":"Feature","geometry":{"type":"Point","coordinates":[19.413329,51.700841]},"properties":{"line":"16","mode":"tram","color":"#d6212b","colorDark":"#7c1116","band":0,"off":[-6.8,1.1]}},{"type":"Feature","geometry":{"type":"Point","coordinates":[19.413329,51.700841]},"properties":{"line":"75A","mode":"bus","color":"#0059a9","colorDark":"#00294f","band":0,"off":[-3.4,1.1]}},{"type":"Feature","geometry":{"type":"Point","coordinates":[19.413329,51.700841]},"properties":{"line":"75B","mode":"bus","color":"#0059a9","colorDark":"#00294f","band":0,"off":[0,1.1]}},{"type":"Feature","geometry":{"type":"Point","coordinates":[19.413329,51.700841]},"properties":{"line":"N4A","mode":"bus","color":"#0059a9","colorDark":"#00294f","band":0,"off":[3.4,1.1]}},{"type":"Feature","geometry":{"type":"Point","coordinates":[19.413329,51.700841]},"properties":{"line":"Z2","mode":"tram","color":"#d6212b","colorDark":"#7c1116","band":0,"off":[6.8,1.1]}},{"type":"Feature","geometry":{"type":"Point","coordinates":[19.382159,51.816976]},"properties":{"name":"cm. Szczecińska","band":0,"modes":"bus","arr":["76","81A","89"],"off":[0,-0.8]}},{"type":"Feature","geometry":{"type":"Point","coordinates":[19.382159,51.816976]},"properties":{"line":"76","mode":"bus","color":"#0059a9","colorDark":"#00294f","band":0,"off":[-3.4,1.1]}},{"type":"Feature","geometry":{"type":"Point","coordinates":[19.382159,51.816976]},"properties":{"line":"81A","mode":"bus","color":"#0059a9","colorDark":"#00294f","band":0,"off":[0,1.1]}},{"type":"Feature","geometry":{"type":"Point","coordinates":[19.382159,51.816976]},"properties":{"line":"89","mode":"bus","color":"#0059a9","colorDark":"#00294f","band":0,"off":[3.4,1.1]}},{"type":"Feature","geometry":{"type":"Point","coordinates":[19.407893,51.7941]},"properties":{"name":"Woronicza-Dw. Łódź Żabieniec","band":0,"modes":"tram,bus","arr":["16","78","Z1"],"off":[0,-0.8]}},{"type":"Feature","geometry":{"type":"Point","coordinates":[19.407893,51.7941]},"properties":{"name":"Dw. Łódź Żabieniec","band":0,"modes":"tram,bus","arr":["16","78","Z1"],"off":[0,-3]}},{"type":"Feature","geometry":{"type":"Point","coordinates":[19.407893,51.7941]},"properties":{"line":"16","mode":"tram","color":"#d6212b","colorDark":"#7c1116","band":0,"off":[-3.4,1.1]}},{"type":"Feature","geometry":{"type":"Point","coordinates":[19.407893,51.7941]},"properties":{"line":"78","mode":"bus","color":"#0059a9","colorDark":"#00294f","band":0,"off":[0,1.1]}},{"type":"Feature","geometry":{"type":"Point","coordinates":[19.407893,51.7941]},"properties":{"line":"Z1","mode":"tram","color":"#d6212b","colorDark":"#7c1116","band":0,"off":[3.4,1.1]}},{"type":"Feature","geometry":{"type":"Point","coordinates":[19.308033,51.82701]},"properties":{"name":"Targowy Rynek (Aleksandrów)","band":0,"modes":"bus","arr":["78","97A","N1A"],"off":[0,-0.8]}},{"type":"Feature","geometry":{"type":"Point","coordinates":[19.308033,51.82701]},"properties":{"line":"78","mode":"bus","color":"#0059a9","colorDark":"#00294f","band":0,"off":[-3.4,1.1]}},{"type":"Feature","geometry":{"type":"Point","coordinates":[19.308033,51.82701]},"properties":{"line":"97A","mode":"bus","color":"#0059a9","colorDark":"#00294f","band":0,"off":[0,1.1]}},{"type":"Feature","geometry":{"type":"Point","coordinates":[19.308033,51.82701]},"properties":{"line":"N1A","mode":"bus","color":"#0059a9","colorDark":"#00294f","band":0,"off":[3.4,1.1]}},{"type":"Feature","geometry":{"type":"Point","coordinates":[19.393573,51.793055]},"properties":{"name":"Traktorowa-Rojna","band":0,"modes":"bus","arr":["81B"],"off":[0,-0.8]}},{"type":"Feature","geometry":{"type":"Point","coordinates":[19.393573,51.793055]},"properties":{"line":"81B","mode":"bus","color":"#0059a9","colorDark":"#00294f","band":0,"off":[0,1.1]}},{"type":"Feature","geometry":{"type":"Point","coordinates":[19.412883,51.76428]},"properties":{"name":"Konstantynowska-ZOO Orientarium","band":0,"modes":"bus","arr":["100"],"off":[0,-0.8]}},{"type":"Feature","geometry":{"type":"Point","coordinates":[19.412883,51.76428]},"properties":{"line":"100","mode":"bus","color":"#0059a9","colorDark":"#00294f","band":0,"off":[0,1.1]}},{"type":"Feature","geometry":{"type":"Point","coordinates":[19.512619,51.791946]},"properties":{"name":"Sikawa Centrum Handlowe","band":0,"modes":"bus","arr":["81A","81B","Z6"],"off":[0,-0.8]}},{"type":"Feature","geometry":{"type":"Point","coordinates":[19.512619,51.791946]},"properties":{"line":"81A","mode":"bus","color":"#0059a9","colorDark":"#00294f","band":0,"off":[-3.4,1.1]}},{"type":"Feature","geometry":{"type":"Point","coordinates":[19.512619,51.791946]},"properties":{"line":"81B","mode":"bus","color":"#0059a9","colorDark":"#00294f","band":0,"off":[0,1.1]}},{"type":"Feature","geometry":{"type":"Point","coordinates":[19.512619,51.791946]},"properties":{"line":"Z6","mode":"bus","color":"#0059a9","colorDark":"#00294f","band":0,"off":[3.4,1.1]}},{"type":"Feature","geometry":{"type":"Point","coordinates":[19.627307,51.744927]},"properties":{"name":"Sąsieczno","band":0,"modes":"bus","arr":["82A"],"off":[0,-0.8]}},{"type":"Feature","geometry":{"type":"Point","coordinates":[19.627307,51.744927]},"properties":{"line":"82A","mode":"bus","color":"#0059a9","colorDark":"#00294f","band":0,"off":[0,1.1]}},{"type":"Feature","geometry":{"type":"Point","coordinates":[19.610298,51.691837]},"properties":{"name":"Stróża Ludwików","band":0,"modes":"bus","arr":["82B"],"off":[0,-0.8]}},{"type":"Feature","geometry":{"type":"Point","coordinates":[19.610298,51.691837]},"properties":{"line":"82B","mode":"bus","color":"#0059a9","colorDark":"#00294f","band":0,"off":[0,1.1]}},{"type":"Feature","geometry":{"type":"Point","coordinates":[19.376661,51.810173]},"properties":{"name":"Wersalska-Szczecińska","band":0,"modes":"bus","arr":["83"],"off":[0,-0.8]}},{"type":"Feature","geometry":{"type":"Point","coordinates":[19.376661,51.810173]},"properties":{"line":"83","mode":"bus","color":"#0059a9","colorDark":"#00294f","band":0,"off":[0,1.1]}},{"type":"Feature","geometry":{"type":"Point","coordinates":[19.322809,51.80785]},"properties":{"name":"Zielony Romanów","band":0,"modes":"bus","arr":["84A","84B"],"off":[0,-0.8]}},{"type":"Feature","geometry":{"type":"Point","coordinates":[19.322809,51.80785]},"properties":{"name":"Poselska (Aleksandrów)","band":0,"modes":"bus","arr":["84A","84B"],"off":[0,-1.9]}},{"type":"Feature","geometry":{"type":"Point","coordinates":[19.322809,51.80785]},"properties":{"line":"84A","mode":"bus","color":"#0059a9","colorDark":"#00294f","band":0,"off":[-1.7,1.1]}},{"type":"Feature","geometry":{"type":"Point","coordinates":[19.322809,51.80785]},"properties":{"line":"84B","mode":"bus","color":"#0059a9","colorDark":"#00294f","band":0,"off":[1.7,1.1]}},{"type":"Feature","geometry":{"type":"Point","coordinates":[19.425288,51.791467]},"properties":{"name":"Limanowskiego-zajezdnia LIMANOWSKIEGO","band":0,"modes":"bus","arr":["85A"],"off":[0,-0.8]}},{"type":"Feature","geometry":{"type":"Point","coordinates":[19.425288,51.791467]},"properties":{"line":"85A","mode":"bus","color":"#0059a9","colorDark":"#00294f","band":0,"off":[0,1.1]}},{"type":"Feature","geometry":{"type":"Point","coordinates":[19.47431,51.82132]},"properties":{"name":"Arturówek","band":0,"modes":"bus","arr":["85B"],"off":[0,-0.8]}},{"type":"Feature","geometry":{"type":"Point","coordinates":[19.47431,51.82132]},"properties":{"line":"85B","mode":"bus","color":"#0059a9","colorDark":"#00294f","band":0,"off":[0,1.1]}},{"type":"Feature","geometry":{"type":"Point","coordinates":[19.499448,51.789586]},"properties":{"name":"Doły Smutna","band":0,"modes":"bus","arr":["87A"],"off":[0,-0.8]}},{"type":"Feature","geometry":{"type":"Point","coordinates":[19.499448,51.789586]},"properties":{"line":"87A","mode":"bus","color":"#0059a9","colorDark":"#00294f","band":0,"off":[0,1.1]}},{"type":"Feature","geometry":{"type":"Point","coordinates":[19.418255,51.786612]},"properties":{"name":"Żubardź","band":0,"modes":"bus","arr":["87A","87B"],"off":[0,-0.8]}},{"type":"Feature","geometry":{"type":"Point","coordinates":[19.418255,51.786612]},"properties":{"line":"87A","mode":"bus","color":"#0059a9","colorDark":"#00294f","band":0,"off":[-1.7,1.1]}},{"type":"Feature","geometry":{"type":"Point","coordinates":[19.418255,51.786612]},"properties":{"line":"87B","mode":"bus","color":"#0059a9","colorDark":"#00294f","band":0,"off":[1.7,1.1]}},{"type":"Feature","geometry":{"type":"Point","coordinates":[19.507948,51.782147]},"properties":{"name":"Telefoniczna Zajezdnia","band":0,"modes":"tram,bus","arr":["15","45","87B","N7B"],"off":[0,-0.8]}},{"type":"Feature","geometry":{"type":"Point","coordinates":[19.507948,51.782147]},"properties":{"line":"15","mode":"tram","color":"#d6212b","colorDark":"#7c1116","band":0,"off":[-5.1,1.1]}},{"type":"Feature","geometry":{"type":"Point","coordinates":[19.507948,51.782147]},"properties":{"line":"45","mode":"tram","color":"#d6212b","colorDark":"#7c1116","band":0,"off":[-1.7,1.1]}},{"type":"Feature","geometry":{"type":"Point","coordinates":[19.507948,51.782147]},"properties":{"line":"87B","mode":"bus","color":"#0059a9","colorDark":"#00294f","band":0,"off":[1.7,1.1]}},{"type":"Feature","geometry":{"type":"Point","coordinates":[19.507948,51.782147]},"properties":{"line":"N7B","mode":"bus","color":"#0059a9","colorDark":"#00294f","band":0,"off":[5.1,1.1]}},{"type":"Feature","geometry":{"type":"Point","coordinates":[19.53322,51.814692]},"properties":{"name":"Łukaszew Zjazdowa","band":0,"modes":"bus","arr":["88A"],"off":[0,-0.8]}},{"type":"Feature","geometry":{"type":"Point","coordinates":[19.53322,51.814692]},"properties":{"line":"88A","mode":"bus","color":"#0059a9","colorDark":"#00294f","band":0,"off":[0,1.1]}},{"type":"Feature","geometry":{"type":"Point","coordinates":[19.638874,51.854854]},"properties":{"name":"Skoszewy","band":0,"modes":"bus","arr":["88B","88C","91C"],"off":[0,-0.8]}},{"type":"Feature","geometry":{"type":"Point","coordinates":[19.638874,51.854854]},"properties":{"line":"88B","mode":"bus","color":"#0059a9","colorDark":"#00294f","band":0,"off":[-3.4,1.1]}},{"type":"Feature","geometry":{"type":"Point","coordinates":[19.638874,51.854854]},"properties":{"line":"88C","mode":"bus","color":"#0059a9","colorDark":"#00294f","band":0,"off":[0,1.1]}},{"type":"Feature","geometry":{"type":"Point","coordinates":[19.638874,51.854854]},"properties":{"line":"91C","mode":"bus","color":"#0059a9","colorDark":"#00294f","band":0,"off":[3.4,1.1]}},{"type":"Feature","geometry":{"type":"Point","coordinates":[19.575574,51.824748]},"properties":{"name":"Kalonka-Kalonka Centrum Ojca Pio","band":0,"modes":"bus","arr":["88D","91B"],"off":[0,-0.8]}},{"type":"Feature","geometry":{"type":"Point","coordinates":[19.575574,51.824748]},"properties":{"line":"88D","mode":"bus","color":"#0059a9","colorDark":"#00294f","band":0,"off":[-1.7,1.1]}},{"type":"Feature","geometry":{"type":"Point","coordinates":[19.575574,51.824748]},"properties":{"line":"91B","mode":"bus","color":"#0059a9","colorDark":"#00294f","band":0,"off":[1.7,1.1]}},{"type":"Feature","geometry":{"type":"Point","coordinates":[19.442522,51.82011]},"properties":{"name":"Nastrojowa-pl. Słoneczny","band":0,"modes":"bus","arr":["89"],"off":[0,-0.8]}},{"type":"Feature","geometry":{"type":"Point","coordinates":[19.442522,51.82011]},"properties":{"line":"89","mode":"bus","color":"#0059a9","colorDark":"#00294f","band":0,"off":[0,1.1]}},{"type":"Feature","geometry":{"type":"Point","coordinates":[19.596111,51.729642]},"properties":{"name":"Jędrzejowska-Dw. Łódź Olechów Wschód","band":0,"modes":"bus","arr":["90"],"off":[0,-0.8]}},{"type":"Feature","geometry":{"type":"Point","coordinates":[19.596111,51.729642]},"properties":{"line":"90","mode":"bus","color":"#0059a9","colorDark":"#00294f","band":0,"off":[0,1.1]}},{"type":"Feature","geometry":{"type":"Point","coordinates":[19.619295,51.702208]},"properties":{"name":"Stróża-Stróża Kolumny","band":0,"modes":"bus","arr":["92A","92B"],"off":[0,-0.8]}},{"type":"Feature","geometry":{"type":"Point","coordinates":[19.619295,51.702208]},"properties":{"line":"92A","mode":"bus","color":"#0059a9","colorDark":"#00294f","band":0,"off":[-1.7,1.1]}},{"type":"Feature","geometry":{"type":"Point","coordinates":[19.619295,51.702208]},"properties":{"line":"92B","mode":"bus","color":"#0059a9","colorDark":"#00294f","band":0,"off":[1.7,1.1]}},{"type":"Feature","geometry":{"type":"Point","coordinates":[19.211597,51.754903]},"properties":{"name":"pl. Jana Pawła II (Lutomiersk)","band":0,"modes":"bus","arr":["94"],"off":[0,-0.8]}},{"type":"Feature","geometry":{"type":"Point","coordinates":[19.211597,51.754903]},"properties":{"line":"94","mode":"bus","color":"#0059a9","colorDark":"#00294f","band":0,"off":[0,1.1]}},{"type":"Feature","geometry":{"type":"Point","coordinates":[19.31303,51.750078]},"properties":{"name":"Jana Pawła II-Pl. Wolności (Konstantynów","band":0,"modes":"bus","arr":["N9","Z43"],"off":[0,-0.8]}},{"type":"Feature","geometry":{"type":"Point","coordinates":[19.31303,51.750078]},"properties":{"line":"N9","mode":"bus","color":"#0059a9","colorDark":"#00294f","band":0,"off":[-1.7,1.1]}},{"type":"Feature","geometry":{"type":"Point","coordinates":[19.31303,51.750078]},"properties":{"line":"Z43","mode":"bus","color":"#0059a9","colorDark":"#00294f","band":0,"off":[1.7,1.1]}},{"type":"Feature","geometry":{"type":"Point","coordinates":[19.315106,51.77429]},"properties":{"name":"Niesięcin-Niesięcin (Konstantynów)","band":0,"modes":"bus","arr":["97B"],"off":[0,-0.8]}},{"type":"Feature","geometry":{"type":"Point","coordinates":[19.315106,51.77429]},"properties":{"line":"97B","mode":"bus","color":"#0059a9","colorDark":"#00294f","band":0,"off":[0,1.1]}},{"type":"Feature","geometry":{"type":"Point","coordinates":[19.455535,51.772679]},"properties":{"name":"Piotrkowska-Łódzka Inf. Turystyczna","band":0,"modes":"bus","arr":["100","101"],"off":[0,-0.8]}},{"type":"Feature","geometry":{"type":"Point","coordinates":[19.455535,51.772679]},"properties":{"line":"100","mode":"bus","color":"#0059a9","colorDark":"#00294f","band":0,"off":[-1.7,1.1]}},{"type":"Feature","geometry":{"type":"Point","coordinates":[19.455535,51.772679]},"properties":{"line":"101","mode":"bus","color":"#0059a9","colorDark":"#00294f","band":0,"off":[1.7,1.1]}},{"type":"Feature","geometry":{"type":"Point","coordinates":[19.472891,51.759549]},"properties":{"name":"Muzeum Kinematografii","band":0,"modes":"bus","arr":["101"],"off":[0,-0.8]}},{"type":"Feature","geometry":{"type":"Point","coordinates":[19.472891,51.759549]},"properties":{"line":"101","mode":"bus","color":"#0059a9","colorDark":"#00294f","band":0,"off":[0,1.1]}},{"type":"Feature","geometry":{"type":"Point","coordinates":[19.634655,51.737288]},"properties":{"name":"Bedoń Kościelna/Kościół","band":0,"modes":"bus","arr":["201"],"off":[0,-0.8]}},{"type":"Feature","geometry":{"type":"Point","coordinates":[19.634655,51.737288]},"properties":{"line":"201","mode":"bus","color":"#0059a9","colorDark":"#00294f","band":0,"off":[0,1.1]}},{"type":"Feature","geometry":{"type":"Point","coordinates":[19.677953,51.746692]},"properties":{"name":"Janówka","band":0,"modes":"bus","arr":["202"],"off":[0,-0.8]}},{"type":"Feature","geometry":{"type":"Point","coordinates":[19.677953,51.746692]},"properties":{"line":"202","mode":"bus","color":"#0059a9","colorDark":"#00294f","band":0,"off":[0,1.1]}},{"type":"Feature","geometry":{"type":"Point","coordinates":[19.517649,51.712793]},"properties":{"name":"Jędrzejów Przem. Zachód","band":0,"modes":"bus","arr":["F1","N8"],"off":[0,-0.8]}},{"type":"Feature","geometry":{"type":"Point","coordinates":[19.517649,51.712793]},"properties":{"line":"F1","mode":"bus","color":"#0059a9","colorDark":"#00294f","band":0,"off":[-1.7,1.1]}},{"type":"Feature","geometry":{"type":"Point","coordinates":[19.517649,51.712793]},"properties":{"line":"N8","mode":"bus","color":"#0059a9","colorDark":"#00294f","band":0,"off":[1.7,1.1]}},{"type":"Feature","geometry":{"type":"Point","coordinates":[19.367368,51.740941]},"properties":{"name":"ŁSSE Nowy Józefów","band":0,"modes":"bus","arr":["G1"],"off":[0,-0.8]}},{"type":"Feature","geometry":{"type":"Point","coordinates":[19.367368,51.740941]},"properties":{"line":"G1","mode":"bus","color":"#0059a9","colorDark":"#00294f","band":0,"off":[0,1.1]}},{"type":"Feature","geometry":{"type":"Point","coordinates":[19.360765,51.743131]},"properties":{"name":"ŁSSE ks. Janika","band":0,"modes":"bus","arr":["G2"],"off":[0,-0.8]}},{"type":"Feature","geometry":{"type":"Point","coordinates":[19.360765,51.743131]},"properties":{"line":"G2","mode":"bus","color":"#0059a9","colorDark":"#00294f","band":0,"off":[0,1.1]}},{"type":"Feature","geometry":{"type":"Point","coordinates":[19.4734,51.699331]},"properties":{"name":"Chojny Hydro","band":0,"modes":"bus","arr":["H"],"off":[0,-0.8]}},{"type":"Feature","geometry":{"type":"Point","coordinates":[19.4734,51.699331]},"properties":{"line":"H","mode":"bus","color":"#0059a9","colorDark":"#00294f","band":0,"off":[0,1.1]}},{"type":"Feature","geometry":{"type":"Point","coordinates":[19.454003,51.767846]},"properties":{"name":"Kościuszki-6 Sierpnia","band":0,"modes":"bus","arr":["N8","N9"],"off":[0,-0.8]}},{"type":"Feature","geometry":{"type":"Point","coordinates":[19.454003,51.767846]},"properties":{"line":"N8","mode":"bus","color":"#0059a9","colorDark":"#00294f","band":0,"off":[-1.7,1.1]}},{"type":"Feature","geometry":{"type":"Point","coordinates":[19.454003,51.767846]},"properties":{"line":"N9","mode":"bus","color":"#0059a9","colorDark":"#00294f","band":0,"off":[1.7,1.1]}},{"type":"Feature","geometry":{"type":"Point","coordinates":[19.32435,51.659397]},"properties":{"name":"Łaska -Wiejska (Pabianice)","band":0,"modes":"tram,bus","arr":["41","N4B"],"off":[0,-0.8]}},{"type":"Feature","geometry":{"type":"Point","coordinates":[19.32435,51.659397]},"properties":{"name":"Dworzec PKP(Pabianice)","band":0,"modes":"tram,bus","arr":["41","N4B"],"off":[0,-3]}},{"type":"Feature","geometry":{"type":"Point","coordinates":[19.32435,51.659397]},"properties":{"line":"41","mode":"tram","color":"#d6212b","colorDark":"#7c1116","band":0,"off":[-1.7,1.1]}},{"type":"Feature","geometry":{"type":"Point","coordinates":[19.32435,51.659397]},"properties":{"line":"N4B","mode":"bus","color":"#0059a9","colorDark":"#00294f","band":0,"off":[1.7,1.1]}},{"type":"Feature","geometry":{"type":"Point","coordinates":[19.63701,51.726323]},"properties":{"name":"Andrespol","band":0,"modes":"bus","arr":["N5B"],"off":[0,-0.8]}},{"type":"Feature","geometry":{"type":"Point","coordinates":[19.63701,51.726323]},"properties":{"line":"N5B","mode":"bus","color":"#0059a9","colorDark":"#00294f","band":0,"off":[0,1.1]}},{"type":"Feature","geometry":{"type":"Point","coordinates":[19.486444,51.813314]},"properties":{"name":"Marysin Warszawska","band":0,"modes":"bus","arr":["Z3"],"off":[0,-0.8]}},{"type":"Feature","geometry":{"type":"Point","coordinates":[19.486444,51.813314]},"properties":{"line":"Z3","mode":"bus","color":"#0059a9","colorDark":"#00294f","band":0,"off":[0,1.1]}},{"type":"Feature","geometry":{"type":"Point","coordinates":[19.478701,51.734178]},"properties":{"name":"Kilińskiego-Mochnackiego","band":0,"modes":"tram","arr":["1"],"off":[0,-0.8]}},{"type":"Feature","geometry":{"type":"Point","coordinates":[19.478701,51.734178]},"properties":{"line":"1","mode":"tram","color":"#d6212b","colorDark":"#7c1116","band":0,"off":[0,1.1]}},{"type":"Feature","geometry":{"type":"Point","coordinates":[19.437166,51.775658]},"properties":{"name":"Cmentarna-cm. Ogrodowa","band":0,"modes":"tram","arr":["1","7"],"off":[0,-0.8]}},{"type":"Feature","geometry":{"type":"Point","coordinates":[19.437166,51.775658]},"properties":{"line":"1","mode":"tram","color":"#d6212b","colorDark":"#7c1116","band":0,"off":[-1.7,1.1]}},{"type":"Feature","geometry":{"type":"Point","coordinates":[19.437166,51.775658]},"properties":{"line":"7","mode":"tram","color":"#d6212b","colorDark":"#7c1116","band":0,"off":[1.7,1.1]}},{"type":"Feature","geometry":{"type":"Point","coordinates":[19.357794,51.804532]},"properties":{"name":"Kochanówka","band":0,"modes":"tram","arr":["2"],"off":[0,-0.8]}},{"type":"Feature","geometry":{"type":"Point","coordinates":[19.357794,51.804532]},"properties":{"line":"2","mode":"tram","color":"#d6212b","colorDark":"#7c1116","band":0,"off":[0,1.1]}},{"type":"Feature","geometry":{"type":"Point","coordinates":[19.425729,51.8297]},"properties":{"name":"Zgierska-Helenówek-pętla","band":0,"modes":"tram","arr":["4","11"],"off":[0,-0.8]}},{"type":"Feature","geometry":{"type":"Point","coordinates":[19.425729,51.8297]},"properties":{"line":"4","mode":"tram","color":"#d6212b","colorDark":"#7c1116","band":0,"off":[-1.7,1.1]}},{"type":"Feature","geometry":{"type":"Point","coordinates":[19.425729,51.8297]},"properties":{"line":"11","mode":"tram","color":"#d6212b","colorDark":"#7c1116","band":0,"off":[1.7,1.1]}},{"type":"Feature","geometry":{"type":"Point","coordinates":[19.485975,51.718232]},"properties":{"name":"Chojny Kurczaki","band":0,"modes":"tram","arr":["5","6","15"],"off":[0,-0.8]}},{"type":"Feature","geometry":{"type":"Point","coordinates":[19.485975,51.718232]},"properties":{"line":"5","mode":"tram","color":"#d6212b","colorDark":"#7c1116","band":0,"off":[-3.4,1.1]}},{"type":"Feature","geometry":{"type":"Point","coordinates":[19.485975,51.718232]},"properties":{"line":"6","mode":"tram","color":"#d6212b","colorDark":"#7c1116","band":0,"off":[0,1.1]}},{"type":"Feature","geometry":{"type":"Point","coordinates":[19.485975,51.718232]},"properties":{"line":"15","mode":"tram","color":"#d6212b","colorDark":"#7c1116","band":0,"off":[3.4,1.1]}},{"type":"Feature","geometry":{"type":"Point","coordinates":[19.368181,51.802497]},"properties":{"name":"Teofilów","band":0,"modes":"tram","arr":["5","8","13"],"off":[0,-0.8]}},{"type":"Feature","geometry":{"type":"Point","coordinates":[19.368181,51.802497]},"properties":{"line":"5","mode":"tram","color":"#d6212b","colorDark":"#7c1116","band":0,"off":[-3.4,1.1]}},{"type":"Feature","geometry":{"type":"Point","coordinates":[19.368181,51.802497]},"properties":{"line":"8","mode":"tram","color":"#d6212b","colorDark":"#7c1116","band":0,"off":[0,1.1]}},{"type":"Feature","geometry":{"type":"Point","coordinates":[19.368181,51.802497]},"properties":{"line":"13","mode":"tram","color":"#d6212b","colorDark":"#7c1116","band":0,"off":[3.4,1.1]}},{"type":"Feature","geometry":{"type":"Point","coordinates":[19.551142,51.758111]},"properties":{"name":"Widzew Augustów","band":0,"modes":"tram","arr":["6","10A"],"off":[0,-0.8]}},{"type":"Feature","geometry":{"type":"Point","coordinates":[19.551142,51.758111]},"properties":{"line":"6","mode":"tram","color":"#d6212b","colorDark":"#7c1116","band":0,"off":[-1.7,1.1]}},{"type":"Feature","geometry":{"type":"Point","coordinates":[19.551142,51.758111]},"properties":{"line":"10A","mode":"tram","color":"#d6212b","colorDark":"#7c1116","band":0,"off":[1.7,1.1]}},{"type":"Feature","geometry":{"type":"Point","coordinates":[19.576614,51.733829]},"properties":{"name":"Olechów","band":0,"modes":"tram","arr":["9","10B"],"off":[0,-0.8]}},{"type":"Feature","geometry":{"type":"Point","coordinates":[19.576614,51.733829]},"properties":{"line":"9","mode":"tram","color":"#d6212b","colorDark":"#7c1116","band":0,"off":[-1.7,1.1]}},{"type":"Feature","geometry":{"type":"Point","coordinates":[19.576614,51.733829]},"properties":{"line":"10B","mode":"tram","color":"#d6212b","colorDark":"#7c1116","band":0,"off":[1.7,1.1]}},{"type":"Feature","geometry":{"type":"Point","coordinates":[19.529407,51.782474]},"properties":{"name":"Stoki","band":0,"modes":"tram","arr":["12"],"off":[0,-0.8]}},{"type":"Feature","geometry":{"type":"Point","coordinates":[19.529407,51.782474]},"properties":{"line":"12","mode":"tram","color":"#d6212b","colorDark":"#7c1116","band":0,"off":[0,1.1]}},{"type":"Feature","geometry":{"type":"Point","coordinates":[19.490094,51.729047]},"properties":{"name":"Dąbrowa Niższa","band":0,"modes":"tram","arr":["13"],"off":[0,-0.8]}},{"type":"Feature","geometry":{"type":"Point","coordinates":[19.490094,51.729047]},"properties":{"line":"13","mode":"tram","color":"#d6212b","colorDark":"#7c1116","band":0,"off":[0,1.1]}},{"type":"Feature","geometry":{"type":"Point","coordinates":[19.415915,51.854644]},"properties":{"name":"pl. Kilińskiego (Zgierz)","band":0,"modes":"tram","arr":["45"],"off":[0,-0.8]}},{"type":"Feature","geometry":{"type":"Point","coordinates":[19.415915,51.854644]},"properties":{"line":"45","mode":"tram","color":"#d6212b","colorDark":"#7c1116","band":0,"off":[0,1.1]}},{"type":"Feature","geometry":{"type":"Point","coordinates":[19.494381,51.774114]},"properties":{"name":"Narutowicza-Radiostacja","band":0,"modes":"tram","arr":["O"],"off":[0,-0.8]}},{"type":"Feature","geometry":{"type":"Point","coordinates":[19.494381,51.774114]},"properties":{"line":"O","mode":"tram","color":"#d6212b","colorDark":"#7c1116","band":0,"off":[0,1.1]}},{"type":"Feature","geometry":{"type":"Point","coordinates":[19.459319,51.779564]},"properties":{"name":"Północna","band":0,"modes":"tram","arr":["O"],"off":[0,-0.8]}},{"type":"Feature","geometry":{"type":"Point","coordinates":[19.459319,51.779564]},"properties":{"line":"O","mode":"tram","color":"#d6212b","colorDark":"#7c1116","band":0,"off":[0,1.1]}},{"type":"Feature","geometry":{"type":"Point","coordinates":[19.487606,51.797135]},"properties":{"name":"Doły","band":0,"modes":"tram","arr":["Z1"],"off":[0,-0.8]}},{"type":"Feature","geometry":{"type":"Point","coordinates":[19.487606,51.797135]},"properties":{"line":"Z1","mode":"tram","color":"#d6212b","colorDark":"#7c1116","band":0,"off":[0,1.1]}},{"type":"Feature","geometry":{"type":"Point","coordinates":[19.432176,51.75753]},"properties":{"name":"Dw. Łódź Kaliska","band":1,"modes":"bus","arr":["6.","52","93"],"off":[0,-0.8]}},{"type":"Feature","geometry":{"type":"Point","coordinates":[19.432176,51.75753]},"properties":{"line":"6.","mode":"bus","color":"#0059a9","colorDark":"#00294f","band":1,"off":[-3.4,1.1]}},{"type":"Feature","geometry":{"type":"Point","coordinates":[19.432176,51.75753]},"properties":{"line":"52","mode":"bus","color":"#0059a9","colorDark":"#00294f","band":1,"off":[0,1.1]}},{"type":"Feature","geometry":{"type":"Point","coordinates":[19.432176,51.75753]},"properties":{"line":"93","mode":"bus","color":"#0059a9","colorDark":"#00294f","band":1,"off":[3.4,1.1]}},{"type":"Feature","geometry":{"type":"Point","coordinates":[19.361374,51.795523]},"properties":{"name":"Teofilów Rojna","band":1,"modes":"bus","arr":["84A","84B","96","N1B","N3A","N3B"],"off":[0,-0.8]}},{"type":"Feature","geometry":{"type":"Point","coordinates":[19.361374,51.795523]},"properties":{"line":"84A","mode":"bus","color":"#0059a9","colorDark":"#00294f","band":1,"off":[-6.8,1.1]}},{"type":"Feature","geometry":{"type":"Point","coordinates":[19.361374,51.795523]},"properties":{"line":"84B","mode":"bus","color":"#0059a9","colorDark":"#00294f","band":1,"off":[-3.4,1.1]}},{"type":"Feature","geometry":{"type":"Point","coordinates":[19.361374,51.795523]},"properties":{"line":"96","mode":"bus","color":"#0059a9","colorDark":"#00294f","band":1,"off":[0,1.1]}},{"type":"Feature","geometry":{"type":"Point","coordinates":[19.361374,51.795523]},"properties":{"line":"N1B","mode":"bus","color":"#0059a9","colorDark":"#00294f","band":1,"off":[3.4,1.1]}},{"type":"Feature","geometry":{"type":"Point","coordinates":[19.361374,51.795523]},"properties":{"line":"N3A","mode":"bus","color":"#0059a9","colorDark":"#00294f","band":1,"off":[6.8,1.1]}},{"type":"Feature","geometry":{"type":"Point","coordinates":[19.361374,51.795523]},"properties":{"line":"N3B","mode":"bus","color":"#0059a9","colorDark":"#00294f","band":1,"off":[0,3.1]}},{"type":"Feature","geometry":{"type":"Point","coordinates":[19.382069,51.867819]},"properties":{"name":"Parzęczewska-Parzęczewska /Staffa(Zg.)","band":1,"modes":"bus","arr":["6.","61"],"off":[0,-0.8]}},{"type":"Feature","geometry":{"type":"Point","coordinates":[19.382069,51.867819]},"properties":{"name":"Parzęczewska /Staffa(Zg.)","band":1,"modes":"bus","arr":["6.","61"],"off":[0,-4.1]}},{"type":"Feature","geometry":{"type":"Point","coordinates":[19.382069,51.867819]},"properties":{"line":"6.","mode":"bus","color":"#0059a9","colorDark":"#00294f","band":1,"off":[-1.7,1.1]}},{"type":"Feature","geometry":{"type":"Point","coordinates":[19.382069,51.867819]},"properties":{"line":"61","mode":"bus","color":"#0059a9","colorDark":"#00294f","band":1,"off":[1.7,1.1]}},{"type":"Feature","geometry":{"type":"Point","coordinates":[19.494005,51.651778]},"properties":{"name":"Tuszyńska (Rzgów)","band":1,"modes":"bus","arr":["50A"],"off":[0,-0.8]}},{"type":"Feature","geometry":{"type":"Point","coordinates":[19.494005,51.651778]},"properties":{"line":"50A","mode":"bus","color":"#0059a9","colorDark":"#00294f","band":1,"off":[0,1.1]}},{"type":"Feature","geometry":{"type":"Point","coordinates":[19.464051,51.740318]},"properties":{"name":"pl. Niepodległości","band":1,"modes":"tram,bus","arr":["41","50A","50B","63","68","92A","92B","Z11"],"off":[0,-0.8]}},{"type":"Feature","geometry":{"type":"Point","coordinates":[19.464051,51.740318]},"properties":{"line":"41","mode":"tram","color":"#d6212b","colorDark":"#7c1116","band":1,"off":[-6.8,1.1]}},{"type":"Feature","geometry":{"type":"Point","coordinates":[19.464051,51.740318]},"properties":{"line":"50A","mode":"bus","color":"#0059a9","colorDark":"#00294f","band":1,"off":[-3.4,1.1]}},{"type":"Feature","geometry":{"type":"Point","coordinates":[19.464051,51.740318]},"properties":{"line":"50B","mode":"bus","color":"#0059a9","colorDark":"#00294f","band":1,"off":[0,1.1]}},{"type":"Feature","geometry":{"type":"Point","coordinates":[19.464051,51.740318]},"properties":{"line":"63","mode":"bus","color":"#0059a9","colorDark":"#00294f","band":1,"off":[3.4,1.1]}},{"type":"Feature","geometry":{"type":"Point","coordinates":[19.464051,51.740318]},"properties":{"line":"68","mode":"bus","color":"#0059a9","colorDark":"#00294f","band":1,"off":[6.8,1.1]}},{"type":"Feature","geometry":{"type":"Point","coordinates":[19.464051,51.740318]},"properties":{"line":"92A","mode":"bus","color":"#0059a9","colorDark":"#00294f","band":1,"off":[-3.4,3.1]}},{"type":"Feature","geometry":{"type":"Point","coordinates":[19.464051,51.740318]},"properties":{"line":"92B","mode":"bus","color":"#0059a9","colorDark":"#00294f","band":1,"off":[0,3.1]}},{"type":"Feature","geometry":{"type":"Point","coordinates":[19.464051,51.740318]},"properties":{"line":"Z11","mode":"bus","color":"#0059a9","colorDark":"#00294f","band":1,"off":[3.4,3.1]}},{"type":"Feature","geometry":{"type":"Point","coordinates":[19.48648,51.646431]},"properties":{"name":"CT Ptak Mandoria (Rzgów)","band":1,"modes":"bus","arr":["50B","56"],"off":[0,-0.8]}},{"type":"Feature","geometry":{"type":"Point","coordinates":[19.48648,51.646431]},"properties":{"line":"50B","mode":"bus","color":"#0059a9","colorDark":"#00294f","band":1,"off":[-1.7,1.1]}},{"type":"Feature","geometry":{"type":"Point","coordinates":[19.48648,51.646431]},"properties":{"line":"56","mode":"bus","color":"#0059a9","colorDark":"#00294f","band":1,"off":[1.7,1.1]}},{"type":"Feature","geometry":{"type":"Point","coordinates":[19.467228,51.770107]},"properties":{"name":"Rodziny Poznańskich-Dw. Łódź Fabryczna","band":1,"modes":"tram,bus","arr":["9","51A","51B","53A","53B","53C","58A","58B","61","67","77","85A","85B","86","88A","88B","88C","88D"],"off":[0,-0.8],"sc":0.89}},{"type":"Feature","geometry":{"type":"Point","coordinates":[19.467228,51.770107]},"properties":{"name":"Dw. Łódź Fabryczna","band":1,"modes":"tram,bus","arr":["9","51A","51B","53A","53B","53C","58A","58B","61","67","77","85A","85B","86","88A","88B","88C","88D"],"off":[0,-4.1],"sc":0.89}},{"type":"Feature","geometry":{"type":"Point","coordinates":[19.467228,51.770107]},"properties":{"line":"9","mode":"tram","color":"#d6212b","colorDark":"#7c1116","band":1,"sc":0.89,"off":[-6.8,1.1]}},{"type":"Feature","geometry":{"type":"Point","coordinates":[19.467228,51.770107]},"properties":{"line":"51A","mode":"bus","color":"#0059a9","colorDark":"#00294f","band":1,"sc":0.89,"off":[-3.4,1.1]}},{"type":"Feature","geometry":{"type":"Point","coordinates":[19.467228,51.770107]},"properties":{"line":"51B","mode":"bus","color":"#0059a9","colorDark":"#00294f","band":1,"sc":0.89,"off":[0,1.1]}},{"type":"Feature","geometry":{"type":"Point","coordinates":[19.467228,51.770107]},"properties":{"line":"53A","mode":"bus","color":"#0059a9","colorDark":"#00294f","band":1,"sc":0.89,"off":[3.4,1.1]}},{"type":"Feature","geometry":{"type":"Point","coordinates":[19.467228,51.770107]},"properties":{"line":"53B","mode":"bus","color":"#0059a9","colorDark":"#00294f","band":1,"sc":0.89,"off":[6.8,1.1]}},{"type":"Feature","geometry":{"type":"Point","coordinates":[19.467228,51.770107]},"properties":{"line":"53C","mode":"bus","color":"#0059a9","colorDark":"#00294f","band":1,"sc":0.89,"off":[-6.8,3.1]}},{"type":"Feature","geometry":{"type":"Point","coordinates":[19.467228,51.770107]},"properties":{"line":"58A","mode":"bus","color":"#0059a9","colorDark":"#00294f","band":1,"sc":0.89,"off":[-3.4,3.1]}},{"type":"Feature","geometry":{"type":"Point","coordinates":[19.467228,51.770107]},"properties":{"line":"58B","mode":"bus","color":"#0059a9","colorDark":"#00294f","band":1,"sc":0.89,"off":[0,3.1]}},{"type":"Feature","geometry":{"type":"Point","coordinates":[19.467228,51.770107]},"properties":{"line":"61","mode":"bus","color":"#0059a9","colorDark":"#00294f","band":1,"sc":0.89,"off":[3.4,3.1]}},{"type":"Feature","geometry":{"type":"Point","coordinates":[19.467228,51.770107]},"properties":{"line":"67","mode":"bus","color":"#0059a9","colorDark":"#00294f","band":1,"sc":0.89,"off":[6.8,3.1]}},{"type":"Feature","geometry":{"type":"Point","coordinates":[19.467228,51.770107]},"properties":{"line":"77","mode":"bus","color":"#0059a9","colorDark":"#00294f","band":1,"sc":0.89,"off":[-6.8,5.1]}},{"type":"Feature","geometry":{"type":"Point","coordinates":[19.467228,51.770107]},"properties":{"line":"85A","mode":"bus","color":"#0059a9","colorDark":"#00294f","band":1,"sc":0.89,"off":[-3.4,5.1]}},{"type":"Feature","geometry":{"type":"Point","coordinates":[19.467228,51.770107]},"properties":{"line":"85B","mode":"bus","color":"#0059a9","colorDark":"#00294f","band":1,"sc":0.89,"off":[0,5.1]}},{"type":"Feature","geometry":{"type":"Point","coordinates":[19.467228,51.770107]},"properties":{"line":"86","mode":"bus","color":"#0059a9","colorDark":"#00294f","band":1,"sc":0.89,"off":[3.4,5.1]}},{"type":"Feature","geometry":{"type":"Point","coordinates":[19.467228,51.770107]},"properties":{"line":"88A","mode":"bus","color":"#0059a9","colorDark":"#00294f","band":1,"sc":0.89,"off":[6.8,5.1]}},{"type":"Feature","geometry":{"type":"Point","coordinates":[19.467228,51.770107]},"properties":{"line":"88B","mode":"bus","color":"#0059a9","colorDark":"#00294f","band":1,"sc":0.89,"off":[-3.4,7.1]}},{"type":"Feature","geometry":{"type":"Point","coordinates":[19.467228,51.770107]},"properties":{"line":"88C","mode":"bus","color":"#0059a9","colorDark":"#00294f","band":1,"sc":0.89,"off":[0,7.1]}},{"type":"Feature","geometry":{"type":"Point","coordinates":[19.467228,51.770107]},"properties":{"line":"88D","mode":"bus","color":"#0059a9","colorDark":"#00294f","band":1,"sc":0.89,"off":[3.4,7.1]}},{"type":"Feature","geometry":{"type":"Point","coordinates":[19.474865,51.846866]},"properties":{"name":"Okólna-Łagiewniki","band":1,"modes":"bus","arr":["51A"],"off":[0,-0.8]}},{"type":"Feature","geometry":{"type":"Point","coordinates":[19.474865,51.846866]},"properties":{"line":"51A","mode":"bus","color":"#0059a9","colorDark":"#00294f","band":1,"off":[0,1.1]}},{"type":"Feature","geometry":{"type":"Point","coordinates":[19.490634,51.858863]},"properties":{"name":"Łódź Skotniki","band":1,"modes":"bus","arr":["51B"],"off":[0,-0.8]}},{"type":"Feature","geometry":{"type":"Point","coordinates":[19.490634,51.858863]},"properties":{"line":"51B","mode":"bus","color":"#0059a9","colorDark":"#00294f","band":1,"off":[0,1.1]}},{"type":"Feature","geometry":{"type":"Point","coordinates":[19.503876,51.720102]},"properties":{"name":"Komorniki","band":1,"modes":"bus","arr":["52"],"off":[0,-0.8]}},{"type":"Feature","geometry":{"type":"Point","coordinates":[19.503876,51.720102]},"properties":{"line":"52","mode":"bus","color":"#0059a9","colorDark":"#00294f","band":1,"off":[0,1.1]}},{"type":"Feature","geometry":{"type":"Point","coordinates":[19.589512,51.793964]},"properties":{"name":"Nowosolna","band":1,"modes":"bus","arr":["53A","53C","91A","N7A"],"off":[0,-0.8]}},{"type":"Feature","geometry":{"type":"Point","coordinates":[19.589512,51.793964]},"properties":{"name":"Brzezińska-Nowosolna","band":1,"modes":"bus","arr":["53A","53C","91A","N7A"],"off":[0,-1.9]}},{"type":"Feature","geometry":{"type":"Point","coordinates":[19.589512,51.793964]},"properties":{"line":"53A","mode":"bus","color":"#0059a9","colorDark":"#00294f","band":1,"off":[-5.1,1.1]}},{"type":"Feature","geometry":{"type":"Point","coordinates":[19.589512,51.793964]},"properties":{"line":"53C","mode":"bus","color":"#0059a9","colorDark":"#00294f","band":1,"off":[-1.7,1.1]}},{"type":"Feature","geometry":{"type":"Point","coordinates":[19.589512,51.793964]},"properties":{"line":"91A","mode":"bus","color":"#0059a9","colorDark":"#00294f","band":1,"off":[1.7,1.1]}},{"type":"Feature","geometry":{"type":"Point","coordinates":[19.589512,51.793964]},"properties":{"line":"N7A","mode":"bus","color":"#0059a9","colorDark":"#00294f","band":1,"off":[5.1,1.1]}},{"type":"Feature","geometry":{"type":"Point","coordinates":[19.762289,51.803861]},"properties":{"name":"Głowackiego (Brzeziny)","band":1,"modes":"bus","arr":["53B"],"off":[0,-0.8]}},{"type":"Feature","geometry":{"type":"Point","coordinates":[19.762289,51.803861]},"properties":{"line":"53B","mode":"bus","color":"#0059a9","colorDark":"#00294f","band":1,"off":[0,1.1]}},{"type":"Feature","geometry":{"type":"Point","coordinates":[19.485932,51.767321]},"properties":{"name":"pl. Mikulskiego","band":1,"modes":"bus","arr":["54B","83","Z13"],"off":[0,-0.8]}},{"type":"Feature","geometry":{"type":"Point","coordinates":[19.485932,51.767321]},"properties":{"line":"54B","mode":"bus","color":"#0059a9","colorDark":"#00294f","band":1,"off":[-3.4,1.1]}},{"type":"Feature","geometry":{"type":"Point","coordinates":[19.485932,51.767321]},"properties":{"line":"83","mode":"bus","color":"#0059a9","colorDark":"#00294f","band":1,"off":[0,1.1]}},{"type":"Feature","geometry":{"type":"Point","coordinates":[19.485932,51.767321]},"properties":{"line":"Z13","mode":"bus","color":"#0059a9","colorDark":"#00294f","band":1,"off":[3.4,1.1]}},{"type":"Feature","geometry":{"type":"Point","coordinates":[19.5733,51.806405]},"properties":{"name":"ROD Polanka","band":1,"modes":"bus","arr":["54B"],"off":[0,-0.8]}},{"type":"Feature","geometry":{"type":"Point","coordinates":[19.5733,51.806405]},"properties":{"line":"54B","mode":"bus","color":"#0059a9","colorDark":"#00294f","band":1,"off":[0,1.1]}},{"type":"Feature","geometry":{"type":"Point","coordinates":[19.54311,51.774114]},"properties":{"name":"Skalna-Juhasowa","band":1,"modes":"bus","arr":["N4A","N4B"],"off":[0,-0.8]}},{"type":"Feature","geometry":{"type":"Point","coordinates":[19.54311,51.774114]},"properties":{"line":"N4A","mode":"bus","color":"#0059a9","colorDark":"#00294f","band":1,"off":[-1.7,1.1]}},{"type":"Feature","geometry":{"type":"Point","coordinates":[19.54311,51.774114]},"properties":{"line":"N4B","mode":"bus","color":"#0059a9","colorDark":"#00294f","band":1,"off":[1.7,1.1]}},{"type":"Feature","geometry":{"type":"Point","coordinates":[19.383304,51.747439]},"properties":{"name":"Retkinia Kusocińskiego","band":1,"modes":"bus","arr":["55A","55B","55C","69A","69B","76","86"],"off":[0,-0.8]}},{"type":"Feature","geometry":{"type":"Point","coordinates":[19.383304,51.747439]},"properties":{"line":"55A","mode":"bus","color":"#0059a9","colorDark":"#00294f","band":1,"off":[-6.8,1.1]}},{"type":"Feature","geometry":{"type":"Point","coordinates":[19.383304,51.747439]},"properties":{"line":"55B","mode":"bus","color":"#0059a9","colorDark":"#00294f","band":1,"off":[-3.4,1.1]}},{"type":"Feature","geometry":{"type":"Point","coordinates":[19.383304,51.747439]},"properties":{"line":"55C","mode":"bus","color":"#0059a9","colorDark":"#00294f","band":1,"off":[0,1.1]}},{"type":"Feature","geometry":{"type":"Point","coordinates":[19.383304,51.747439]},"properties":{"line":"69A","mode":"bus","color":"#0059a9","colorDark":"#00294f","band":1,"off":[3.4,1.1]}},{"type":"Feature","geometry":{"type":"Point","coordinates":[19.383304,51.747439]},"properties":{"line":"69B","mode":"bus","color":"#0059a9","colorDark":"#00294f","band":1,"off":[6.8,1.1]}},{"type":"Feature","geometry":{"type":"Point","coordinates":[19.383304,51.747439]},"properties":{"line":"76","mode":"bus","color":"#0059a9","colorDark":"#00294f","band":1,"off":[-1.7,3.1]}},{"type":"Feature","geometry":{"type":"Point","coordinates":[19.383304,51.747439]},"properties":{"line":"86","mode":"bus","color":"#0059a9","colorDark":"#00294f","band":1,"off":[1.7,3.1]}},{"type":"Feature","geometry":{"type":"Point","coordinates":[19.507351,51.736281]},"properties":{"name":"Dw. Łódź Dąbrowa","band":1,"modes":"tram,bus","arr":["4","14","55A","F1","N6","W","Z2"],"off":[0,-0.8]}},{"type":"Feature","geometry":{"type":"Point","coordinates":[19.507351,51.736281]},"properties":{"name":"Dąbrowskiego-Podhalańska","band":1,"modes":"tram,bus","arr":["4","14","55A","F1","N6","W","Z2"],"off":[0,-1.9]}},{"type":"Feature","geometry":{"type":"Point","coordinates":[19.507351,51.736281]},"properties":{"line":"4","mode":"tram","color":"#d6212b","colorDark":"#7c1116","band":1,"off":[-6.8,1.1]}},{"type":"Feature","geometry":{"type":"Point","coordinates":[19.507351,51.736281]},"properties":{"line":"14","mode":"tram","color":"#d6212b","colorDark":"#7c1116","band":1,"off":[-3.4,1.1]}},{"type":"Feature","geometry":{"type":"Point","coordinates":[19.507351,51.736281]},"properties":{"line":"55A","mode":"bus","color":"#0059a9","colorDark":"#00294f","band":1,"off":[0,1.1]}},{"type":"Feature","geometry":{"type":"Point","coordinates":[19.507351,51.736281]},"properties":{"line":"F1","mode":"bus","color":"#0059a9","colorDark":"#00294f","band":1,"off":[3.4,1.1]}},{"type":"Feature","geometry":{"type":"Point","coordinates":[19.507351,51.736281]},"properties":{"line":"N6","mode":"bus","color":"#0059a9","colorDark":"#00294f","band":1,"off":[6.8,1.1]}},{"type":"Feature","geometry":{"type":"Point","coordinates":[19.507351,51.736281]},"properties":{"line":"W","mode":"bus","color":"#0059a9","colorDark":"#00294f","band":1,"off":[-1.7,3.1]}},{"type":"Feature","geometry":{"type":"Point","coordinates":[19.507351,51.736281]},"properties":{"line":"Z2","mode":"tram","color":"#d6212b","colorDark":"#7c1116","band":1,"off":[1.7,3.1]}},{"type":"Feature","geometry":{"type":"Point","coordinates":[19.520545,51.748729]},"properties":{"name":"cm. Zarzew","band":1,"modes":"tram,bus","arr":["7","8","55B","64A"],"off":[0,-0.8]}},{"type":"Feature","geometry":{"type":"Point","coordinates":[19.520545,51.748729]},"properties":{"line":"7","mode":"tram","color":"#d6212b","colorDark":"#7c1116","band":1,"off":[-5.1,1.1]}},{"type":"Feature","geometry":{"type":"Point","coordinates":[19.520545,51.748729]},"properties":{"line":"8","mode":"tram","color":"#d6212b","colorDark":"#7c1116","band":1,"off":[-1.7,1.1]}},{"type":"Feature","geometry":{"type":"Point","coordinates":[19.520545,51.748729]},"properties":{"line":"55B","mode":"bus","color":"#0059a9","colorDark":"#00294f","band":1,"off":[1.7,1.1]}},{"type":"Feature","geometry":{"type":"Point","coordinates":[19.520545,51.748729]},"properties":{"line":"64A","mode":"bus","color":"#0059a9","colorDark":"#00294f","band":1,"off":[5.1,1.1]}},{"type":"Feature","geometry":{"type":"Point","coordinates":[19.524056,51.730162]},"properties":{"name":"Lodowa-Lodowa 97 NŻ","band":1,"modes":"bus","arr":["55C"],"off":[0,-0.8]}},{"type":"Feature","geometry":{"type":"Point","coordinates":[19.524056,51.730162]},"properties":{"line":"55C","mode":"bus","color":"#0059a9","colorDark":"#00294f","band":1,"off":[0,1.1]}},{"type":"Feature","geometry":{"type":"Point","coordinates":[19.464415,51.726139]},"properties":{"name":"Piastów Kurak","band":1,"modes":"bus","arr":["56","57"],"off":[0,-0.8]}},{"type":"Feature","geometry":{"type":"Point","coordinates":[19.464415,51.726139]},"properties":{"line":"56","mode":"bus","color":"#0059a9","colorDark":"#00294f","band":1,"off":[-1.7,1.1]}},{"type":"Feature","geometry":{"type":"Point","coordinates":[19.464415,51.726139]},"properties":{"line":"57","mode":"bus","color":"#0059a9","colorDark":"#00294f","band":1,"off":[1.7,1.1]}},{"type":"Feature","geometry":{"type":"Point","coordinates":[19.46602,51.793263]},"properties":{"name":"Marysin Stadion","band":1,"modes":"bus","arr":["57"],"off":[0,-0.8]}},{"type":"Feature","geometry":{"type":"Point","coordinates":[19.46602,51.793263]},"properties":{"line":"57","mode":"bus","color":"#0059a9","colorDark":"#00294f","band":1,"off":[0,1.1]}},{"type":"Feature","geometry":{"type":"Point","coordinates":[19.574934,51.752026]},"properties":{"name":"Janów","band":1,"modes":"bus","arr":["58A","58B","72A","72B","80A","80B","90","91A","91B","91C","96","N1A","N1B","N5A"],"off":[0,-0.8],"sc":0.95}},{"type":"Feature","geometry":{"type":"Point","coordinates":[19.574934,51.752026]},"properties":{"line":"58A","mode":"bus","color":"#0059a9","colorDark":"#00294f","band":1,"sc":0.95,"off":[-6.8,1.1]}},{"type":"Feature","geometry":{"type":"Point","coordinates":[19.574934,51.752026]},"properties":{"line":"58B","mode":"bus","color":"#0059a9","colorDark":"#00294f","band":1,"sc":0.95,"off":[-3.4,1.1]}},{"type":"Feature","geometry":{"type":"Point","coordinates":[19.574934,51.752026]},"properties":{"line":"72A","mode":"bus","color":"#0059a9","colorDark":"#00294f","band":1,"sc":0.95,"off":[0,1.1]}},{"type":"Feature","geometry":{"type":"Point","coordinates":[19.574934,51.752026]},"properties":{"line":"72B","mode":"bus","color":"#0059a9","colorDark":"#00294f","band":1,"sc":0.95,"off":[3.4,1.1]}},{"type":"Feature","geometry":{"type":"Point","coordinates":[19.574934,51.752026]},"properties":{"line":"80A","mode":"bus","color":"#0059a9","colorDark":"#00294f","band":1,"sc":0.95,"off":[6.8,1.1]}},{"type":"Feature","geometry":{"type":"Point","coordinates":[19.574934,51.752026]},"properties":{"line":"80B","mode":"bus","color":"#0059a9","colorDark":"#00294f","band":1,"sc":0.95,"off":[-6.8,3.1]}},{"type":"Feature","geometry":{"type":"Point","coordinates":[19.574934,51.752026]},"properties":{"line":"90","mode":"bus","color":"#0059a9","colorDark":"#00294f","band":1,"sc":0.95,"off":[-3.4,3.1]}},{"type":"Feature","geometry":{"type":"Point","coordinates":[19.574934,51.752026]},"properties":{"line":"91A","mode":"bus","color":"#0059a9","colorDark":"#00294f","band":1,"sc":0.95,"off":[0,3.1]}},{"type":"Feature","geometry":{"type":"Point","coordinates":[19.574934,51.752026]},"properties":{"line":"91B","mode":"bus","color":"#0059a9","colorDark":"#00294f","band":1,"sc":0.95,"off":[3.4,3.1]}},{"type":"Feature","geometry":{"type":"Point","coordinates":[19.574934,51.752026]},"properties":{"line":"91C","mode":"bus","color":"#0059a9","colorDark":"#00294f","band":1,"sc":0.95,"off":[6.8,3.1]}},{"type":"Feature","geometry":{"type":"Point","coordinates":[19.574934,51.752026]},"properties":{"line":"96","mode":"bus","color":"#0059a9","colorDark":"#00294f","band":1,"sc":0.95,"off":[-5.1,5.1]}},{"type":"Feature","geometry":{"type":"Point","coordinates":[19.574934,51.752026]},"properties":{"line":"N1A","mode":"bus","color":"#0059a9","colorDark":"#00294f","band":1,"sc":0.95,"off":[-1.7,5.1]}},{"type":"Feature","geometry":{"type":"Point","coordinates":[19.574934,51.752026]},"properties":{"line":"N1B","mode":"bus","color":"#0059a9","colorDark":"#00294f","band":1,"sc":0.95,"off":[1.7,5.1]}},{"type":"Feature","geometry":{"type":"Point","coordinates":[19.574934,51.752026]},"properties":{"line":"N5A","mode":"bus","color":"#0059a9","colorDark":"#00294f","band":1,"sc":0.95,"off":[5.1,5.1]}},{"type":"Feature","geometry":{"type":"Point","coordinates":[19.448251,51.776231]},"properties":{"name":"Legionów-Gdańska","band":1,"modes":"bus","arr":["59"],"off":[0,-0.8]}},{"type":"Feature","geometry":{"type":"Point","coordinates":[19.448251,51.776231]},"properties":{"line":"59","mode":"bus","color":"#0059a9","colorDark":"#00294f","band":1,"off":[0,1.1]}},{"type":"Feature","geometry":{"type":"Point","coordinates":[19.45147,51.780313]},"properties":{"name":"Zachodnia-Manufaktura","band":1,"modes":"bus","arr":["Z6"],"off":[0,-0.8]}},{"type":"Feature","geometry":{"type":"Point","coordinates":[19.45147,51.780313]},"properties":{"line":"Z6","mode":"bus","color":"#0059a9","colorDark":"#00294f","band":1,"off":[0,1.1]}},{"type":"Feature","geometry":{"type":"Point","coordinates":[19.438506,51.824769]},"properties":{"name":"Radogoszcz Wschód","band":1,"modes":"bus","arr":["59","65A","65B","N2"],"off":[0,-0.8]}},{"type":"Feature","geometry":{"type":"Point","coordinates":[19.438506,51.824769]},"properties":{"line":"59","mode":"bus","color":"#0059a9","colorDark":"#00294f","band":1,"off":[-5.1,1.1]}},{"type":"Feature","geometry":{"type":"Point","coordinates":[19.438506,51.824769]},"properties":{"line":"65A","mode":"bus","color":"#0059a9","colorDark":"#00294f","band":1,"off":[-1.7,1.1]}},{"type":"Feature","geometry":{"type":"Point","coordinates":[19.438506,51.824769]},"properties":{"line":"65B","mode":"bus","color":"#0059a9","colorDark":"#00294f","band":1,"off":[1.7,1.1]}},{"type":"Feature","geometry":{"type":"Point","coordinates":[19.438506,51.824769]},"properties":{"line":"N2","mode":"bus","color":"#0059a9","colorDark":"#00294f","band":1,"off":[5.1,1.1]}},{"type":"Feature","geometry":{"type":"Point","coordinates":[19.49421,51.764331]},"properties":{"name":"CH Tulipan","band":1,"modes":"bus","arr":["60A","60B","60C","60D"],"off":[0,-0.8]}},{"type":"Feature","geometry":{"type":"Point","coordinates":[19.49421,51.764331]},"properties":{"line":"60A","mode":"bus","color":"#0059a9","colorDark":"#00294f","band":1,"off":[-5.1,1.1]}},{"type":"Feature","geometry":{"type":"Point","coordinates":[19.49421,51.764331]},"properties":{"line":"60B","mode":"bus","color":"#0059a9","colorDark":"#00294f","band":1,"off":[-1.7,1.1]}},{"type":"Feature","geometry":{"type":"Point","coordinates":[19.49421,51.764331]},"properties":{"line":"60C","mode":"bus","color":"#0059a9","colorDark":"#00294f","band":1,"off":[1.7,1.1]}},{"type":"Feature","geometry":{"type":"Point","coordinates":[19.49421,51.764331]},"properties":{"line":"60D","mode":"bus","color":"#0059a9","colorDark":"#00294f","band":1,"off":[5.1,1.1]}},{"type":"Feature","geometry":{"type":"Point","coordinates":[19.557945,51.841906]},"properties":{"name":"Strykowska-Imielnik Nowy","band":1,"modes":"bus","arr":["60A"],"off":[0,-0.8]}},{"type":"Feature","geometry":{"type":"Point","coordinates":[19.557945,51.841906]},"properties":{"line":"60A","mode":"bus","color":"#0059a9","colorDark":"#00294f","band":1,"off":[0,1.1]}},{"type":"Feature","geometry":{"type":"Point","coordinates":[19.570724,51.866899]},"properties":{"name":"Michałówek Dobra","band":1,"modes":"bus","arr":["60B"],"off":[0,-0.8]}},{"type":"Feature","geometry":{"type":"Point","coordinates":[19.570724,51.866899]},"properties":{"line":"60B","mode":"bus","color":"#0059a9","colorDark":"#00294f","band":1,"off":[0,1.1]}},{"type":"Feature","geometry":{"type":"Point","coordinates":[19.594267,51.91026]},"properties":{"name":"Stryków Dworzec PKP","band":1,"modes":"bus","arr":["60C"],"off":[0,-0.8]}},{"type":"Feature","geometry":{"type":"Point","coordinates":[19.594267,51.91026]},"properties":{"line":"60C","mode":"bus","color":"#0059a9","colorDark":"#00294f","band":1,"off":[0,1.1]}},{"type":"Feature","geometry":{"type":"Point","coordinates":[19.48072,51.806385]},"properties":{"name":"Marysin Tęczowa","band":1,"modes":"bus","arr":["60D"],"off":[0,-0.8]}},{"type":"Feature","geometry":{"type":"Point","coordinates":[19.48072,51.806385]},"properties":{"line":"60D","mode":"bus","color":"#0059a9","colorDark":"#00294f","band":1,"off":[0,1.1]}},{"type":"Feature","geometry":{"type":"Point","coordinates":[19.411896,51.718411]},"properties":{"name":"Bionanopark","band":1,"modes":"bus","arr":["62"],"off":[0,-0.8]}},{"type":"Feature","geometry":{"type":"Point","coordinates":[19.411896,51.718411]},"properties":{"line":"62","mode":"bus","color":"#0059a9","colorDark":"#00294f","band":1,"off":[0,1.1]}},{"type":"Feature","geometry":{"type":"Point","coordinates":[19.480721,51.726103]},"properties":{"name":"Dw. Łódź Chojny","band":1,"modes":"bus","arr":["62","63","71A","71B","H"],"off":[0,-0.8]}},{"type":"Feature","geometry":{"type":"Point","coordinates":[19.480721,51.726103]},"properties":{"line":"62","mode":"bus","color":"#0059a9","colorDark":"#00294f","band":1,"off":[-6.8,1.1]}},{"type":"Feature","geometry":{"type":"Point","coordinates":[19.480721,51.726103]},"properties":{"line":"63","mode":"bus","color":"#0059a9","colorDark":"#00294f","band":1,"off":[-3.4,1.1]}},{"type":"Feature","geometry":{"type":"Point","coordinates":[19.480721,51.726103]},"properties":{"line":"71A","mode":"bus","color":"#0059a9","colorDark":"#00294f","band":1,"off":[0,1.1]}},{"type":"Feature","geometry":{"type":"Point","coordinates":[19.480721,51.726103]},"properties":{"line":"71B","mode":"bus","color":"#0059a9","colorDark":"#00294f","band":1,"off":[3.4,1.1]}},{"type":"Feature","geometry":{"type":"Point","coordinates":[19.480721,51.726103]},"properties":{"line":"H","mode":"bus","color":"#0059a9","colorDark":"#00294f","band":1,"off":[6.8,1.1]}},{"type":"Feature","geometry":{"type":"Point","coordinates":[19.422674,51.727045]},"properties":{"name":"Św. Franciszka-Czahary","band":1,"modes":"bus","arr":["77"],"off":[0,-0.8]}},{"type":"Feature","geometry":{"type":"Point","coordinates":[19.422674,51.727045]},"properties":{"line":"77","mode":"bus","color":"#0059a9","colorDark":"#00294f","band":1,"off":[0,1.1]}},{"type":"Feature","geometry":{"type":"Point","coordinates":[19.449307,51.788219]},"properties":{"name":"Zachodnia-Limanowskiego","band":1,"modes":"bus","arr":["64A","64B"],"off":[0,-0.8]}},{"type":"Feature","geometry":{"type":"Point","coordinates":[19.449307,51.788219]},"properties":{"line":"64A","mode":"bus","color":"#0059a9","colorDark":"#00294f","band":1,"off":[-1.7,1.1]}},{"type":"Feature","geometry":{"type":"Point","coordinates":[19.449307,51.788219]},"properties":{"line":"64B","mode":"bus","color":"#0059a9","colorDark":"#00294f","band":1,"off":[1.7,1.1]}},{"type":"Feature","geometry":{"type":"Point","coordinates":[19.541918,51.751751]},"properties":{"name":"Widzew Czajkowskiego","band":1,"modes":"bus","arr":["64B"],"off":[0,-0.8]}},{"type":"Feature","geometry":{"type":"Point","coordinates":[19.541918,51.751751]},"properties":{"line":"64B","mode":"bus","color":"#0059a9","colorDark":"#00294f","band":1,"off":[0,1.1]}},{"type":"Feature","geometry":{"type":"Point","coordinates":[19.400717,51.727369]},"properties":{"name":"Lotnisko","band":1,"modes":"bus","arr":["65A"],"off":[0,-0.8]}},{"type":"Feature","geometry":{"type":"Point","coordinates":[19.400717,51.727369]},"properties":{"line":"65A","mode":"bus","color":"#0059a9","colorDark":"#00294f","band":1,"off":[0,1.1]}},{"type":"Feature","geometry":{"type":"Point","coordinates":[19.395874,51.72866]},"properties":{"name":"Sortownia","band":1,"modes":"bus","arr":["65B"],"off":[0,-0.8]}},{"type":"Feature","geometry":{"type":"Point","coordinates":[19.395874,51.72866]},"properties":{"line":"65B","mode":"bus","color":"#0059a9","colorDark":"#00294f","band":1,"off":[0,1.1]}},{"type":"Feature","geometry":{"type":"Point","coordinates":[19.458438,51.801213]},"properties":{"name":"Rondo Powstańców 1863r.","band":1,"modes":"tram,bus","arr":["3","66","70","N6","Z3"],"off":[0,-0.8]}},{"type":"Feature","geometry":{"type":"Point","coordinates":[19.458438,51.801213]},"properties":{"name":"Łagiewnicka-Rondo Powstańców 1863r.","band":1,"modes":"tram,bus","arr":["3","66","70","N6","Z3"],"off":[0,-3]}},{"type":"Feature","geometry":{"type":"Point","coordinates":[19.458438,51.801213]},"properties":{"line":"3","mode":"tram","color":"#d6212b","colorDark":"#7c1116","band":1,"off":[-6.8,1.1]}},{"type":"Feature","geometry":{"type":"Point","coordinates":[19.458438,51.801213]},"properties":{"line":"66","mode":"bus","color":"#0059a9","colorDark":"#00294f","band":1,"off":[-3.4,1.1]}},{"type":"Feature","geometry":{"type":"Point","coordinates":[19.458438,51.801213]},"properties":{"line":"70","mode":"bus","color":"#0059a9","colorDark":"#00294f","band":1,"off":[0,1.1]}},{"type":"Feature","geometry":{"type":"Point","coordinates":[19.458438,51.801213]},"properties":{"line":"N6","mode":"bus","color":"#0059a9","colorDark":"#00294f","band":1,"off":[3.4,1.1]}},{"type":"Feature","geometry":{"type":"Point","coordinates":[19.458438,51.801213]},"properties":{"line":"Z3","mode":"bus","color":"#0059a9","colorDark":"#00294f","band":1,"off":[6.8,1.1]}},{"type":"Feature","geometry":{"type":"Point","coordinates":[19.507336,51.843604]},"properties":{"name":"Okólna-Modrzew","band":1,"modes":"bus","arr":["66"],"off":[0,-0.8]}},{"type":"Feature","geometry":{"type":"Point","coordinates":[19.507336,51.843604]},"properties":{"line":"66","mode":"bus","color":"#0059a9","colorDark":"#00294f","band":1,"off":[0,1.1]}},{"type":"Feature","geometry":{"type":"Point","coordinates":[19.431439,51.746279]},"properties":{"name":"Nowe Sady-zajezdnia NOWE SADY","band":1,"modes":"bus","arr":["67","97A","97B","F1","G1","H"],"off":[0,-0.8]}},{"type":"Feature","geometry":{"type":"Point","coordinates":[19.431439,51.746279]},"properties":{"line":"67","mode":"bus","color":"#0059a9","colorDark":"#00294f","band":1,"off":[-6.8,1.1]}},{"type":"Feature","geometry":{"type":"Point","coordinates":[19.431439,51.746279]},"properties":{"line":"97A","mode":"bus","color":"#0059a9","colorDark":"#00294f","band":1,"off":[-3.4,1.1]}},{"type":"Feature","geometry":{"type":"Point","coordinates":[19.431439,51.746279]},"properties":{"line":"97B","mode":"bus","color":"#0059a9","colorDark":"#00294f","band":1,"off":[0,1.1]}},{"type":"Feature","geometry":{"type":"Point","coordinates":[19.431439,51.746279]},"properties":{"line":"F1","mode":"bus","color":"#0059a9","colorDark":"#00294f","band":1,"off":[3.4,1.1]}},{"type":"Feature","geometry":{"type":"Point","coordinates":[19.431439,51.746279]},"properties":{"line":"G1","mode":"bus","color":"#0059a9","colorDark":"#00294f","band":1,"off":[6.8,1.1]}},{"type":"Feature","geometry":{"type":"Point","coordinates":[19.431439,51.746279]},"properties":{"line":"H","mode":"bus","color":"#0059a9","colorDark":"#00294f","band":1,"off":[0,3.1]}},{"type":"Feature","geometry":{"type":"Point","coordinates":[19.456665,51.758847]},"properties":{"name":"Piotrkowska Centrum","band":1,"modes":"tram,bus","arr":["2","3","11","Z11"],"off":[0,-0.8]}},{"type":"Feature","geometry":{"type":"Point","coordinates":[19.456665,51.758847]},"properties":{"name":"Kościuszki-Mickiewicza","band":1,"modes":"tram,bus","arr":["2","3","11","Z11"],"off":[0,-3]}},{"type":"Feature","geometry":{"type":"Point","coordinates":[19.456665,51.758847]},"properties":{"line":"2","mode":"tram","color":"#d6212b","colorDark":"#7c1116","band":1,"off":[-5.1,1.1]}},{"type":"Feature","geometry":{"type":"Point","coordinates":[19.456665,51.758847]},"properties":{"line":"3","mode":"tram","color":"#d6212b","colorDark":"#7c1116","band":1,"off":[-1.7,1.1]}},{"type":"Feature","geometry":{"type":"Point","coordinates":[19.456665,51.758847]},"properties":{"line":"11","mode":"tram","color":"#d6212b","colorDark":"#7c1116","band":1,"off":[1.7,1.1]}},{"type":"Feature","geometry":{"type":"Point","coordinates":[19.456665,51.758847]},"properties":{"line":"Z11","mode":"bus","color":"#0059a9","colorDark":"#00294f","band":1,"off":[5.1,1.1]}},{"type":"Feature","geometry":{"type":"Point","coordinates":[19.384012,51.7423]},"properties":{"name":"Retkinia","band":1,"modes":"tram,bus","arr":["10A","10B","12","14","68","80A","80B","94","99","G1","G2","N2","N7A","N7B"],"off":[0,-0.8],"sc":0.95}},{"type":"Feature","geometry":{"type":"Point","coordinates":[19.384012,51.7423]},"properties":{"line":"10A","mode":"tram","color":"#d6212b","colorDark":"#7c1116","band":1,"sc":0.95,"off":[-6.8,1.1]}},{"type":"Feature","geometry":{"type":"Point","coordinates":[19.384012,51.7423]},"properties":{"line":"10B","mode":"tram","color":"#d6212b","colorDark":"#7c1116","band":1,"sc":0.95,"off":[-3.4,1.1]}},{"type":"Feature","geometry":{"type":"Point","coordinates":[19.384012,51.7423]},"properties":{"line":"12","mode":"tram","color":"#d6212b","colorDark":"#7c1116","band":1,"sc":0.95,"off":[0,1.1]}},{"type":"Feature","geometry":{"type":"Point","coordinates":[19.384012,51.7423]},"properties":{"line":"14","mode":"tram","color":"#d6212b","colorDark":"#7c1116","band":1,"sc":0.95,"off":[3.4,1.1]}},{"type":"Feature","geometry":{"type":"Point","coordinates":[19.384012,51.7423]},"properties":{"line":"68","mode":"bus","color":"#0059a9","colorDark":"#00294f","band":1,"sc":0.95,"off":[6.8,1.1]}},{"type":"Feature","geometry":{"type":"Point","coordinates":[19.384012,51.7423]},"properties":{"line":"80A","mode":"bus","color":"#0059a9","colorDark":"#00294f","band":1,"sc":0.95,"off":[-6.8,3.1]}},{"type":"Feature","geometry":{"type":"Point","coordinates":[19.384012,51.7423]},"properties":{"line":"80B","mode":"bus","color":"#0059a9","colorDark":"#00294f","band":1,"sc":0.95,"off":[-3.4,3.1]}},{"type":"Feature","geometry":{"type":"Point","coordinates":[19.384012,51.7423]},"properties":{"line":"94","mode":"bus","color":"#0059a9","colorDark":"#00294f","band":1,"sc":0.95,"off":[0,3.1]}},{"type":"Feature","geometry":{"type":"Point","coordinates":[19.384012,51.7423]},"properties":{"line":"99","mode":"bus","color":"#0059a9","colorDark":"#00294f","band":1,"sc":0.95,"off":[3.4,3.1]}},{"type":"Feature","geometry":{"type":"Point","coordinates":[19.384012,51.7423]},"properties":{"line":"G1","mode":"bus","color":"#0059a9","colorDark":"#00294f","band":1,"sc":0.95,"off":[6.8,3.1]}},{"type":"Feature","geometry":{"type":"Point","coordinates":[19.384012,51.7423]},"properties":{"line":"G2","mode":"bus","color":"#0059a9","colorDark":"#00294f","band":1,"sc":0.95,"off":[-5.1,5.1]}},{"type":"Feature","geometry":{"type":"Point","coordinates":[19.384012,51.7423]},"properties":{"line":"N2","mode":"bus","color":"#0059a9","colorDark":"#00294f","band":1,"sc":0.95,"off":[-1.7,5.1]}},{"type":"Feature","geometry":{"type":"Point","coordinates":[19.384012,51.7423]},"properties":{"line":"N7A","mode":"bus","color":"#0059a9","colorDark":"#00294f","band":1,"sc":0.95,"off":[1.7,5.1]}},{"type":"Feature","geometry":{"type":"Point","coordinates":[19.384012,51.7423]},"properties":{"line":"N7B","mode":"bus","color":"#0059a9","colorDark":"#00294f","band":1,"sc":0.95,"off":[5.1,5.1]}},{"type":"Feature","geometry":{"type":"Point","coordinates":[19.540429,51.762477]},"properties":{"name":"Służbowa-Dw. Łódź Widzew","band":1,"modes":"bus","arr":["69A","69B","75A","75B","82A","82B","201","202","W"],"off":[0,-0.8]}},{"type":"Feature","geometry":{"type":"Point","coordinates":[19.540429,51.762477]},"properties":{"name":"rondo Inwalidów","band":1,"modes":"bus","arr":["69A","69B","75A","75B","82A","82B","201","202","W"],"off":[0,-3]}},{"type":"Feature","geometry":{"type":"Point","coordinates":[19.540429,51.762477]},"properties":{"name":"Dw. Łódź Widzew","band":1,"modes":"bus","arr":["69A","69B","75A","75B","82A","82B","201","202","W"],"off":[0,-4.1]}},{"type":"Feature","geometry":{"type":"Point","coordinates":[19.540429,51.762477]},"properties":{"line":"69A","mode":"bus","color":"#0059a9","colorDark":"#00294f","band":1,"off":[-6.8,1.1]}},{"type":"Feature","geometry":{"type":"Point","coordinates":[19.540429,51.762477]},"properties":{"line":"69B","mode":"bus","color":"#0059a9","colorDark":"#00294f","band":1,"off":[-3.4,1.1]}},{"type":"Feature","geometry":{"type":"Point","coordinates":[19.540429,51.762477]},"properties":{"line":"75A","mode":"bus","color":"#0059a9","colorDark":"#00294f","band":1,"off":[0,1.1]}},{"type":"Feature","geometry":{"type":"Point","coordinates":[19.540429,51.762477]},"properties":{"line":"75B","mode":"bus","color":"#0059a9","colorDark":"#00294f","band":1,"off":[3.4,1.1]}},{"type":"Feature","geometry":{"type":"Point","coordinates":[19.540429,51.762477]},"properties":{"line":"82A","mode":"bus","color":"#0059a9","colorDark":"#00294f","band":1,"off":[6.8,1.1]}},{"type":"Feature","geometry":{"type":"Point","coordinates":[19.540429,51.762477]},"properties":{"line":"82B","mode":"bus","color":"#0059a9","colorDark":"#00294f","band":1,"off":[-5.1,3.1]}},{"type":"Feature","geometry":{"type":"Point","coordinates":[19.540429,51.762477]},"properties":{"line":"201","mode":"bus","color":"#0059a9","colorDark":"#00294f","band":1,"off":[-1.7,3.1]}},{"type":"Feature","geometry":{"type":"Point","coordinates":[19.540429,51.762477]},"properties":{"line":"202","mode":"bus","color":"#0059a9","colorDark":"#00294f","band":1,"off":[1.7,3.1]}},{"type":"Feature","geometry":{"type":"Point","coordinates":[19.540429,51.762477]},"properties":{"line":"W","mode":"bus","color":"#0059a9","colorDark":"#00294f","band":1,"off":[5.1,3.1]}},{"type":"Feature","geometry":{"type":"Point","coordinates":[19.481348,51.703031]},"properties":{"name":"Instytut CZMP","band":1,"modes":"bus","arr":["70","93","N3A","N3B"],"off":[0,-0.8]}},{"type":"Feature","geometry":{"type":"Point","coordinates":[19.481348,51.703031]},"properties":{"line":"70","mode":"bus","color":"#0059a9","colorDark":"#00294f","band":1,"off":[-5.1,1.1]}},{"type":"Feature","geometry":{"type":"Point","coordinates":[19.481348,51.703031]},"properties":{"line":"93","mode":"bus","color":"#0059a9","colorDark":"#00294f","band":1,"off":[-1.7,1.1]}},{"type":"Feature","geometry":{"type":"Point","coordinates":[19.481348,51.703031]},"properties":{"line":"N3A","mode":"bus","color":"#0059a9","colorDark":"#00294f","band":1,"off":[1.7,1.1]}},{"type":"Feature","geometry":{"type":"Point","coordinates":[19.481348,51.703031]},"properties":{"line":"N3B","mode":"bus","color":"#0059a9","colorDark":"#00294f","band":1,"off":[5.1,1.1]}},{"type":"Feature","geometry":{"type":"Point","coordinates":[19.46506,51.800734]},"properties":{"name":"Inflancka-Marysińska","band":1,"modes":"bus","arr":["85A"],"off":[0,-0.8]}},{"type":"Feature","geometry":{"type":"Point","coordinates":[19.46506,51.800734]},"properties":{"line":"85A","mode":"bus","color":"#0059a9","colorDark":"#00294f","band":1,"off":[0,1.1]}},{"type":"Feature","geometry":{"type":"Point","coordinates":[19.499162,51.740747]},"properties":{"name":"park Podolski","band":1,"modes":"bus","arr":["71A","71B"],"off":[0,-0.8]}},{"type":"Feature","geometry":{"type":"Point","coordinates":[19.499162,51.740747]},"properties":{"line":"71A","mode":"bus","color":"#0059a9","colorDark":"#00294f","band":1,"off":[-1.7,1.1]}},{"type":"Feature","geometry":{"type":"Point","coordinates":[19.499162,51.740747]},"properties":{"line":"71B","mode":"bus","color":"#0059a9","colorDark":"#00294f","band":1,"off":[1.7,1.1]}},{"type":"Feature","geometry":{"type":"Point","coordinates":[19.427011,51.769395]},"properties":{"name":"Legionów-Włókniarzy","band":1,"modes":"bus","arr":["Z13","Z43"],"off":[0,-0.8]}},{"type":"Feature","geometry":{"type":"Point","coordinates":[19.427011,51.769395]},"properties":{"line":"Z13","mode":"bus","color":"#0059a9","colorDark":"#00294f","band":1,"off":[-1.7,1.1]}},{"type":"Feature","geometry":{"type":"Point","coordinates":[19.427011,51.769395]},"properties":{"line":"Z43","mode":"bus","color":"#0059a9","colorDark":"#00294f","band":1,"off":[1.7,1.1]}},{"type":"Feature","geometry":{"type":"Point","coordinates":[19.349411,51.775618]},"properties":{"name":"Złotno-Huta Jagodnica","band":1,"modes":"bus","arr":["72A","72B"],"off":[0,-0.8]}},{"type":"Feature","geometry":{"type":"Point","coordinates":[19.349411,51.775618]},"properties":{"line":"72A","mode":"bus","color":"#0059a9","colorDark":"#00294f","band":1,"off":[-1.7,1.1]}},{"type":"Feature","geometry":{"type":"Point","coordinates":[19.349411,51.775618]},"properties":{"line":"72B","mode":"bus","color":"#0059a9","colorDark":"#00294f","band":1,"off":[1.7,1.1]}},{"type":"Feature","geometry":{"type":"Point","coordinates":[19.42321,51.772849]},"properties":{"name":"Srebrzyńska-Koziny","band":1,"modes":"bus","arr":["73"],"off":[0,-0.8]}},{"type":"Feature","geometry":{"type":"Point","coordinates":[19.42321,51.772849]},"properties":{"line":"73","mode":"bus","color":"#0059a9","colorDark":"#00294f","band":1,"off":[0,1.1]}},{"type":"Feature","geometry":{"type":"Point","coordinates":[19.419024,51.817643]},"properties":{"name":"Radogoszcz Zachód","band":1,"modes":"bus","arr":["73","99","N5A","N5B"],"off":[0,-0.8]}},{"type":"Feature","geometry":{"type":"Point","coordinates":[19.419024,51.817643]},"properties":{"line":"73","mode":"bus","color":"#0059a9","colorDark":"#00294f","band":1,"off":[-5.1,1.1]}},{"type":"Feature","geometry":{"type":"Point","coordinates":[19.419024,51.817643]},"properties":{"line":"99","mode":"bus","color":"#0059a9","colorDark":"#00294f","band":1,"off":[-1.7,1.1]}},{"type":"Feature","geometry":{"type":"Point","coordinates":[19.419024,51.817643]},"properties":{"line":"N5A","mode":"bus","color":"#0059a9","colorDark":"#00294f","band":1,"off":[1.7,1.1]}},{"type":"Feature","geometry":{"type":"Point","coordinates":[19.419024,51.817643]},"properties":{"line":"N5B","mode":"bus","color":"#0059a9","colorDark":"#00294f","band":1,"off":[5.1,1.1]}},{"type":"Feature","geometry":{"type":"Point","coordinates":[19.413329,51.700841]},"properties":{"name":"Chocianowice IKEA","band":1,"modes":"tram,bus","arr":["16","75A","75B","N4A","Z2"],"off":[0,-0.8]}},{"type":"Feature","geometry":{"type":"Point","coordinates":[19.413329,51.700841]},"properties":{"line":"16","mode":"tram","color":"#d6212b","colorDark":"#7c1116","band":1,"off":[-6.8,1.1]}},{"type":"Feature","geometry":{"type":"Point","coordinates":[19.413329,51.700841]},"properties":{"line":"75A","mode":"bus","color":"#0059a9","colorDark":"#00294f","band":1,"off":[-3.4,1.1]}},{"type":"Feature","geometry":{"type":"Point","coordinates":[19.413329,51.700841]},"properties":{"line":"75B","mode":"bus","color":"#0059a9","colorDark":"#00294f","band":1,"off":[0,1.1]}},{"type":"Feature","geometry":{"type":"Point","coordinates":[19.413329,51.700841]},"properties":{"line":"N4A","mode":"bus","color":"#0059a9","colorDark":"#00294f","band":1,"off":[3.4,1.1]}},{"type":"Feature","geometry":{"type":"Point","coordinates":[19.413329,51.700841]},"properties":{"line":"Z2","mode":"tram","color":"#d6212b","colorDark":"#7c1116","band":1,"off":[6.8,1.1]}},{"type":"Feature","geometry":{"type":"Point","coordinates":[19.382159,51.816976]},"properties":{"name":"cm. Szczecińska","band":1,"modes":"bus","arr":["76","81A","89"],"off":[0,-0.8]}},{"type":"Feature","geometry":{"type":"Point","coordinates":[19.382159,51.816976]},"properties":{"line":"76","mode":"bus","color":"#0059a9","colorDark":"#00294f","band":1,"off":[-3.4,1.1]}},{"type":"Feature","geometry":{"type":"Point","coordinates":[19.382159,51.816976]},"properties":{"line":"81A","mode":"bus","color":"#0059a9","colorDark":"#00294f","band":1,"off":[0,1.1]}},{"type":"Feature","geometry":{"type":"Point","coordinates":[19.382159,51.816976]},"properties":{"line":"89","mode":"bus","color":"#0059a9","colorDark":"#00294f","band":1,"off":[3.4,1.1]}},{"type":"Feature","geometry":{"type":"Point","coordinates":[19.407893,51.7941]},"properties":{"name":"Woronicza-Dw. Łódź Żabieniec","band":1,"modes":"tram,bus","arr":["16","78","Z1"],"off":[0,-0.8]}},{"type":"Feature","geometry":{"type":"Point","coordinates":[19.407893,51.7941]},"properties":{"name":"Dw. Łódź Żabieniec","band":1,"modes":"tram,bus","arr":["16","78","Z1"],"off":[0,-3]}},{"type":"Feature","geometry":{"type":"Point","coordinates":[19.407893,51.7941]},"properties":{"line":"16","mode":"tram","color":"#d6212b","colorDark":"#7c1116","band":1,"off":[-3.4,1.1]}},{"type":"Feature","geometry":{"type":"Point","coordinates":[19.407893,51.7941]},"properties":{"line":"78","mode":"bus","color":"#0059a9","colorDark":"#00294f","band":1,"off":[0,1.1]}},{"type":"Feature","geometry":{"type":"Point","coordinates":[19.407893,51.7941]},"properties":{"line":"Z1","mode":"tram","color":"#d6212b","colorDark":"#7c1116","band":1,"off":[3.4,1.1]}},{"type":"Feature","geometry":{"type":"Point","coordinates":[19.308033,51.82701]},"properties":{"name":"Targowy Rynek (Aleksandrów)","band":1,"modes":"bus","arr":["78","97A","N1A"],"off":[0,-0.8]}},{"type":"Feature","geometry":{"type":"Point","coordinates":[19.308033,51.82701]},"properties":{"line":"78","mode":"bus","color":"#0059a9","colorDark":"#00294f","band":1,"off":[-3.4,1.1]}},{"type":"Feature","geometry":{"type":"Point","coordinates":[19.308033,51.82701]},"properties":{"line":"97A","mode":"bus","color":"#0059a9","colorDark":"#00294f","band":1,"off":[0,1.1]}},{"type":"Feature","geometry":{"type":"Point","coordinates":[19.308033,51.82701]},"properties":{"line":"N1A","mode":"bus","color":"#0059a9","colorDark":"#00294f","band":1,"off":[3.4,1.1]}},{"type":"Feature","geometry":{"type":"Point","coordinates":[19.393573,51.793055]},"properties":{"name":"Traktorowa-Rojna","band":1,"modes":"bus","arr":["81B"],"off":[0,-0.8]}},{"type":"Feature","geometry":{"type":"Point","coordinates":[19.393573,51.793055]},"properties":{"line":"81B","mode":"bus","color":"#0059a9","colorDark":"#00294f","band":1,"off":[0,1.1]}},{"type":"Feature","geometry":{"type":"Point","coordinates":[19.412883,51.76428]},"properties":{"name":"Konstantynowska-ZOO Orientarium","band":1,"modes":"bus","arr":["100"],"off":[0,-0.8]}},{"type":"Feature","geometry":{"type":"Point","coordinates":[19.412883,51.76428]},"properties":{"line":"100","mode":"bus","color":"#0059a9","colorDark":"#00294f","band":1,"off":[0,1.1]}},{"type":"Feature","geometry":{"type":"Point","coordinates":[19.512619,51.791946]},"properties":{"name":"Sikawa Centrum Handlowe","band":1,"modes":"bus","arr":["81A","81B","Z6"],"off":[0,-0.8]}},{"type":"Feature","geometry":{"type":"Point","coordinates":[19.512619,51.791946]},"properties":{"line":"81A","mode":"bus","color":"#0059a9","colorDark":"#00294f","band":1,"off":[-3.4,1.1]}},{"type":"Feature","geometry":{"type":"Point","coordinates":[19.512619,51.791946]},"properties":{"line":"81B","mode":"bus","color":"#0059a9","colorDark":"#00294f","band":1,"off":[0,1.1]}},{"type":"Feature","geometry":{"type":"Point","coordinates":[19.512619,51.791946]},"properties":{"line":"Z6","mode":"bus","color":"#0059a9","colorDark":"#00294f","band":1,"off":[3.4,1.1]}},{"type":"Feature","geometry":{"type":"Point","coordinates":[19.627307,51.744927]},"properties":{"name":"Sąsieczno","band":1,"modes":"bus","arr":["82A"],"off":[0,-0.8]}},{"type":"Feature","geometry":{"type":"Point","coordinates":[19.627307,51.744927]},"properties":{"line":"82A","mode":"bus","color":"#0059a9","colorDark":"#00294f","band":1,"off":[0,1.1]}},{"type":"Feature","geometry":{"type":"Point","coordinates":[19.610298,51.691837]},"properties":{"name":"Stróża Ludwików","band":1,"modes":"bus","arr":["82B"],"off":[0,-0.8]}},{"type":"Feature","geometry":{"type":"Point","coordinates":[19.610298,51.691837]},"properties":{"line":"82B","mode":"bus","color":"#0059a9","colorDark":"#00294f","band":1,"off":[0,1.1]}},{"type":"Feature","geometry":{"type":"Point","coordinates":[19.376661,51.810173]},"properties":{"name":"Wersalska-Szczecińska","band":1,"modes":"bus","arr":["83"],"off":[0,-0.8]}},{"type":"Feature","geometry":{"type":"Point","coordinates":[19.376661,51.810173]},"properties":{"line":"83","mode":"bus","color":"#0059a9","colorDark":"#00294f","band":1,"off":[0,1.1]}},{"type":"Feature","geometry":{"type":"Point","coordinates":[19.325961,51.807459]},"properties":{"name":"Zielony Romanów","band":1,"modes":"bus","arr":["84A"],"off":[0,-0.8]}},{"type":"Feature","geometry":{"type":"Point","coordinates":[19.325961,51.807459]},"properties":{"line":"84A","mode":"bus","color":"#0059a9","colorDark":"#00294f","band":1,"off":[0,1.1]}},{"type":"Feature","geometry":{"type":"Point","coordinates":[19.319656,51.808241]},"properties":{"name":"Poselska (Aleksandrów)","band":1,"modes":"bus","arr":["84B"],"off":[0,-0.8]}},{"type":"Feature","geometry":{"type":"Point","coordinates":[19.319656,51.808241]},"properties":{"line":"84B","mode":"bus","color":"#0059a9","colorDark":"#00294f","band":1,"off":[0,1.1]}},{"type":"Feature","geometry":{"type":"Point","coordinates":[19.425288,51.791467]},"properties":{"name":"Limanowskiego-zajezdnia LIMANOWSKIEGO","band":1,"modes":"bus","arr":["85A"],"off":[0,-0.8]}},{"type":"Feature","geometry":{"type":"Point","coordinates":[19.425288,51.791467]},"properties":{"line":"85A","mode":"bus","color":"#0059a9","colorDark":"#00294f","band":1,"off":[0,1.1]}},{"type":"Feature","geometry":{"type":"Point","coordinates":[19.47431,51.82132]},"properties":{"name":"Arturówek","band":1,"modes":"bus","arr":["85B"],"off":[0,-0.8]}},{"type":"Feature","geometry":{"type":"Point","coordinates":[19.47431,51.82132]},"properties":{"line":"85B","mode":"bus","color":"#0059a9","colorDark":"#00294f","band":1,"off":[0,1.1]}},{"type":"Feature","geometry":{"type":"Point","coordinates":[19.499448,51.789586]},"properties":{"name":"Doły Smutna","band":1,"modes":"bus","arr":["87A"],"off":[0,-0.8]}},{"type":"Feature","geometry":{"type":"Point","coordinates":[19.499448,51.789586]},"properties":{"line":"87A","mode":"bus","color":"#0059a9","colorDark":"#00294f","band":1,"off":[0,1.1]}},{"type":"Feature","geometry":{"type":"Point","coordinates":[19.418255,51.786612]},"properties":{"name":"Żubardź","band":1,"modes":"bus","arr":["87A","87B"],"off":[0,-0.8]}},{"type":"Feature","geometry":{"type":"Point","coordinates":[19.418255,51.786612]},"properties":{"line":"87A","mode":"bus","color":"#0059a9","colorDark":"#00294f","band":1,"off":[-1.7,1.1]}},{"type":"Feature","geometry":{"type":"Point","coordinates":[19.418255,51.786612]},"properties":{"line":"87B","mode":"bus","color":"#0059a9","colorDark":"#00294f","band":1,"off":[1.7,1.1]}},{"type":"Feature","geometry":{"type":"Point","coordinates":[19.507948,51.782147]},"properties":{"name":"Telefoniczna Zajezdnia","band":1,"modes":"tram,bus","arr":["15","45","87B","N7B"],"off":[0,-0.8]}},{"type":"Feature","geometry":{"type":"Point","coordinates":[19.507948,51.782147]},"properties":{"line":"15","mode":"tram","color":"#d6212b","colorDark":"#7c1116","band":1,"off":[-5.1,1.1]}},{"type":"Feature","geometry":{"type":"Point","coordinates":[19.507948,51.782147]},"properties":{"line":"45","mode":"tram","color":"#d6212b","colorDark":"#7c1116","band":1,"off":[-1.7,1.1]}},{"type":"Feature","geometry":{"type":"Point","coordinates":[19.507948,51.782147]},"properties":{"line":"87B","mode":"bus","color":"#0059a9","colorDark":"#00294f","band":1,"off":[1.7,1.1]}},{"type":"Feature","geometry":{"type":"Point","coordinates":[19.507948,51.782147]},"properties":{"line":"N7B","mode":"bus","color":"#0059a9","colorDark":"#00294f","band":1,"off":[5.1,1.1]}},{"type":"Feature","geometry":{"type":"Point","coordinates":[19.53322,51.814692]},"properties":{"name":"Łukaszew Zjazdowa","band":1,"modes":"bus","arr":["88A"],"off":[0,-0.8]}},{"type":"Feature","geometry":{"type":"Point","coordinates":[19.53322,51.814692]},"properties":{"line":"88A","mode":"bus","color":"#0059a9","colorDark":"#00294f","band":1,"off":[0,1.1]}},{"type":"Feature","geometry":{"type":"Point","coordinates":[19.638874,51.854854]},"properties":{"name":"Skoszewy","band":1,"modes":"bus","arr":["88B","88C","91C"],"off":[0,-0.8]}},{"type":"Feature","geometry":{"type":"Point","coordinates":[19.638874,51.854854]},"properties":{"line":"88B","mode":"bus","color":"#0059a9","colorDark":"#00294f","band":1,"off":[-3.4,1.1]}},{"type":"Feature","geometry":{"type":"Point","coordinates":[19.638874,51.854854]},"properties":{"line":"88C","mode":"bus","color":"#0059a9","colorDark":"#00294f","band":1,"off":[0,1.1]}},{"type":"Feature","geometry":{"type":"Point","coordinates":[19.638874,51.854854]},"properties":{"line":"91C","mode":"bus","color":"#0059a9","colorDark":"#00294f","band":1,"off":[3.4,1.1]}},{"type":"Feature","geometry":{"type":"Point","coordinates":[19.575574,51.824748]},"properties":{"name":"Kalonka-Kalonka Centrum Ojca Pio","band":1,"modes":"bus","arr":["88D","91B"],"off":[0,-0.8]}},{"type":"Feature","geometry":{"type":"Point","coordinates":[19.575574,51.824748]},"properties":{"line":"88D","mode":"bus","color":"#0059a9","colorDark":"#00294f","band":1,"off":[-1.7,1.1]}},{"type":"Feature","geometry":{"type":"Point","coordinates":[19.575574,51.824748]},"properties":{"line":"91B","mode":"bus","color":"#0059a9","colorDark":"#00294f","band":1,"off":[1.7,1.1]}},{"type":"Feature","geometry":{"type":"Point","coordinates":[19.442522,51.82011]},"properties":{"name":"Nastrojowa-pl. Słoneczny","band":1,"modes":"bus","arr":["89"],"off":[0,-0.8]}},{"type":"Feature","geometry":{"type":"Point","coordinates":[19.442522,51.82011]},"properties":{"line":"89","mode":"bus","color":"#0059a9","colorDark":"#00294f","band":1,"off":[0,1.1]}},{"type":"Feature","geometry":{"type":"Point","coordinates":[19.596111,51.729642]},"properties":{"name":"Jędrzejowska-Dw. Łódź Olechów Wschód","band":1,"modes":"bus","arr":["90"],"off":[0,-0.8]}},{"type":"Feature","geometry":{"type":"Point","coordinates":[19.596111,51.729642]},"properties":{"line":"90","mode":"bus","color":"#0059a9","colorDark":"#00294f","band":1,"off":[0,1.1]}},{"type":"Feature","geometry":{"type":"Point","coordinates":[19.619295,51.702208]},"properties":{"name":"Stróża-Stróża Kolumny","band":1,"modes":"bus","arr":["92A","92B"],"off":[0,-0.8]}},{"type":"Feature","geometry":{"type":"Point","coordinates":[19.619295,51.702208]},"properties":{"line":"92A","mode":"bus","color":"#0059a9","colorDark":"#00294f","band":1,"off":[-1.7,1.1]}},{"type":"Feature","geometry":{"type":"Point","coordinates":[19.619295,51.702208]},"properties":{"line":"92B","mode":"bus","color":"#0059a9","colorDark":"#00294f","band":1,"off":[1.7,1.1]}},{"type":"Feature","geometry":{"type":"Point","coordinates":[19.211597,51.754903]},"properties":{"name":"pl. Jana Pawła II (Lutomiersk)","band":1,"modes":"bus","arr":["94"],"off":[0,-0.8]}},{"type":"Feature","geometry":{"type":"Point","coordinates":[19.211597,51.754903]},"properties":{"line":"94","mode":"bus","color":"#0059a9","colorDark":"#00294f","band":1,"off":[0,1.1]}},{"type":"Feature","geometry":{"type":"Point","coordinates":[19.31303,51.750078]},"properties":{"name":"Jana Pawła II-Pl. Wolności (Konstantynów","band":1,"modes":"bus","arr":["N9","Z43"],"off":[0,-0.8]}},{"type":"Feature","geometry":{"type":"Point","coordinates":[19.31303,51.750078]},"properties":{"line":"N9","mode":"bus","color":"#0059a9","colorDark":"#00294f","band":1,"off":[-1.7,1.1]}},{"type":"Feature","geometry":{"type":"Point","coordinates":[19.31303,51.750078]},"properties":{"line":"Z43","mode":"bus","color":"#0059a9","colorDark":"#00294f","band":1,"off":[1.7,1.1]}},{"type":"Feature","geometry":{"type":"Point","coordinates":[19.315106,51.77429]},"properties":{"name":"Niesięcin-Niesięcin (Konstantynów)","band":1,"modes":"bus","arr":["97B"],"off":[0,-0.8]}},{"type":"Feature","geometry":{"type":"Point","coordinates":[19.315106,51.77429]},"properties":{"line":"97B","mode":"bus","color":"#0059a9","colorDark":"#00294f","band":1,"off":[0,1.1]}},{"type":"Feature","geometry":{"type":"Point","coordinates":[19.455535,51.772679]},"properties":{"name":"Piotrkowska-Łódzka Inf. Turystyczna","band":1,"modes":"bus","arr":["100","101"],"off":[0,-0.8]}},{"type":"Feature","geometry":{"type":"Point","coordinates":[19.455535,51.772679]},"properties":{"line":"100","mode":"bus","color":"#0059a9","colorDark":"#00294f","band":1,"off":[-1.7,1.1]}},{"type":"Feature","geometry":{"type":"Point","coordinates":[19.455535,51.772679]},"properties":{"line":"101","mode":"bus","color":"#0059a9","colorDark":"#00294f","band":1,"off":[1.7,1.1]}},{"type":"Feature","geometry":{"type":"Point","coordinates":[19.472891,51.759549]},"properties":{"name":"Muzeum Kinematografii","band":1,"modes":"bus","arr":["101"],"off":[0,-0.8]}},{"type":"Feature","geometry":{"type":"Point","coordinates":[19.472891,51.759549]},"properties":{"line":"101","mode":"bus","color":"#0059a9","colorDark":"#00294f","band":1,"off":[0,1.1]}},{"type":"Feature","geometry":{"type":"Point","coordinates":[19.634655,51.737288]},"properties":{"name":"Bedoń Kościelna/Kościół","band":1,"modes":"bus","arr":["201"],"off":[0,-0.8]}},{"type":"Feature","geometry":{"type":"Point","coordinates":[19.634655,51.737288]},"properties":{"line":"201","mode":"bus","color":"#0059a9","colorDark":"#00294f","band":1,"off":[0,1.1]}},{"type":"Feature","geometry":{"type":"Point","coordinates":[19.677953,51.746692]},"properties":{"name":"Janówka","band":1,"modes":"bus","arr":["202"],"off":[0,-0.8]}},{"type":"Feature","geometry":{"type":"Point","coordinates":[19.677953,51.746692]},"properties":{"line":"202","mode":"bus","color":"#0059a9","colorDark":"#00294f","band":1,"off":[0,1.1]}},{"type":"Feature","geometry":{"type":"Point","coordinates":[19.517649,51.712793]},"properties":{"name":"Jędrzejów Przem. Zachód","band":1,"modes":"bus","arr":["F1","N8"],"off":[0,-0.8]}},{"type":"Feature","geometry":{"type":"Point","coordinates":[19.517649,51.712793]},"properties":{"line":"F1","mode":"bus","color":"#0059a9","colorDark":"#00294f","band":1,"off":[-1.7,1.1]}},{"type":"Feature","geometry":{"type":"Point","coordinates":[19.517649,51.712793]},"properties":{"line":"N8","mode":"bus","color":"#0059a9","colorDark":"#00294f","band":1,"off":[1.7,1.1]}},{"type":"Feature","geometry":{"type":"Point","coordinates":[19.367368,51.740941]},"properties":{"name":"ŁSSE Nowy Józefów","band":1,"modes":"bus","arr":["G1"],"off":[0,-0.8]}},{"type":"Feature","geometry":{"type":"Point","coordinates":[19.367368,51.740941]},"properties":{"line":"G1","mode":"bus","color":"#0059a9","colorDark":"#00294f","band":1,"off":[0,1.1]}},{"type":"Feature","geometry":{"type":"Point","coordinates":[19.360765,51.743131]},"properties":{"name":"ŁSSE ks. Janika","band":1,"modes":"bus","arr":["G2"],"off":[0,-0.8]}},{"type":"Feature","geometry":{"type":"Point","coordinates":[19.360765,51.743131]},"properties":{"line":"G2","mode":"bus","color":"#0059a9","colorDark":"#00294f","band":1,"off":[0,1.1]}},{"type":"Feature","geometry":{"type":"Point","coordinates":[19.4734,51.699331]},"properties":{"name":"Chojny Hydro","band":1,"modes":"bus","arr":["H"],"off":[0,-0.8]}},{"type":"Feature","geometry":{"type":"Point","coordinates":[19.4734,51.699331]},"properties":{"line":"H","mode":"bus","color":"#0059a9","colorDark":"#00294f","band":1,"off":[0,1.1]}},{"type":"Feature","geometry":{"type":"Point","coordinates":[19.454003,51.767846]},"properties":{"name":"Kościuszki-6 Sierpnia","band":1,"modes":"bus","arr":["N8","N9"],"off":[0,-0.8]}},{"type":"Feature","geometry":{"type":"Point","coordinates":[19.454003,51.767846]},"properties":{"line":"N8","mode":"bus","color":"#0059a9","colorDark":"#00294f","band":1,"off":[-1.7,1.1]}},{"type":"Feature","geometry":{"type":"Point","coordinates":[19.454003,51.767846]},"properties":{"line":"N9","mode":"bus","color":"#0059a9","colorDark":"#00294f","band":1,"off":[1.7,1.1]}},{"type":"Feature","geometry":{"type":"Point","coordinates":[19.325472,51.660326]},"properties":{"name":"Dworzec PKP(Pabianice)","band":1,"modes":"bus","arr":["N4B"],"off":[0,-0.8]}},{"type":"Feature","geometry":{"type":"Point","coordinates":[19.325472,51.660326]},"properties":{"line":"N4B","mode":"bus","color":"#0059a9","colorDark":"#00294f","band":1,"off":[0,1.1]}},{"type":"Feature","geometry":{"type":"Point","coordinates":[19.63701,51.726323]},"properties":{"name":"Andrespol","band":1,"modes":"bus","arr":["N5B"],"off":[0,-0.8]}},{"type":"Feature","geometry":{"type":"Point","coordinates":[19.63701,51.726323]},"properties":{"line":"N5B","mode":"bus","color":"#0059a9","colorDark":"#00294f","band":1,"off":[0,1.1]}},{"type":"Feature","geometry":{"type":"Point","coordinates":[19.486444,51.813314]},"properties":{"name":"Marysin Warszawska","band":1,"modes":"bus","arr":["Z3"],"off":[0,-0.8]}},{"type":"Feature","geometry":{"type":"Point","coordinates":[19.486444,51.813314]},"properties":{"line":"Z3","mode":"bus","color":"#0059a9","colorDark":"#00294f","band":1,"off":[0,1.1]}},{"type":"Feature","geometry":{"type":"Point","coordinates":[19.478701,51.734178]},"properties":{"name":"Kilińskiego-Mochnackiego","band":1,"modes":"tram","arr":["1"],"off":[0,-0.8]}},{"type":"Feature","geometry":{"type":"Point","coordinates":[19.478701,51.734178]},"properties":{"line":"1","mode":"tram","color":"#d6212b","colorDark":"#7c1116","band":1,"off":[0,1.1]}},{"type":"Feature","geometry":{"type":"Point","coordinates":[19.437166,51.775658]},"properties":{"name":"Cmentarna-cm. Ogrodowa","band":1,"modes":"tram","arr":["1","7"],"off":[0,-0.8]}},{"type":"Feature","geometry":{"type":"Point","coordinates":[19.437166,51.775658]},"properties":{"line":"1","mode":"tram","color":"#d6212b","colorDark":"#7c1116","band":1,"off":[-1.7,1.1]}},{"type":"Feature","geometry":{"type":"Point","coordinates":[19.437166,51.775658]},"properties":{"line":"7","mode":"tram","color":"#d6212b","colorDark":"#7c1116","band":1,"off":[1.7,1.1]}},{"type":"Feature","geometry":{"type":"Point","coordinates":[19.357794,51.804532]},"properties":{"name":"Kochanówka","band":1,"modes":"tram","arr":["2"],"off":[0,-0.8]}},{"type":"Feature","geometry":{"type":"Point","coordinates":[19.357794,51.804532]},"properties":{"line":"2","mode":"tram","color":"#d6212b","colorDark":"#7c1116","band":1,"off":[0,1.1]}},{"type":"Feature","geometry":{"type":"Point","coordinates":[19.425729,51.8297]},"properties":{"name":"Zgierska-Helenówek-pętla","band":1,"modes":"tram","arr":["4","11"],"off":[0,-0.8]}},{"type":"Feature","geometry":{"type":"Point","coordinates":[19.425729,51.8297]},"properties":{"line":"4","mode":"tram","color":"#d6212b","colorDark":"#7c1116","band":1,"off":[-1.7,1.1]}},{"type":"Feature","geometry":{"type":"Point","coordinates":[19.425729,51.8297]},"properties":{"line":"11","mode":"tram","color":"#d6212b","colorDark":"#7c1116","band":1,"off":[1.7,1.1]}},{"type":"Feature","geometry":{"type":"Point","coordinates":[19.485975,51.718232]},"properties":{"name":"Chojny Kurczaki","band":1,"modes":"tram","arr":["5","6","15"],"off":[0,-0.8]}},{"type":"Feature","geometry":{"type":"Point","coordinates":[19.485975,51.718232]},"properties":{"line":"5","mode":"tram","color":"#d6212b","colorDark":"#7c1116","band":1,"off":[-3.4,1.1]}},{"type":"Feature","geometry":{"type":"Point","coordinates":[19.485975,51.718232]},"properties":{"line":"6","mode":"tram","color":"#d6212b","colorDark":"#7c1116","band":1,"off":[0,1.1]}},{"type":"Feature","geometry":{"type":"Point","coordinates":[19.485975,51.718232]},"properties":{"line":"15","mode":"tram","color":"#d6212b","colorDark":"#7c1116","band":1,"off":[3.4,1.1]}},{"type":"Feature","geometry":{"type":"Point","coordinates":[19.368181,51.802497]},"properties":{"name":"Teofilów","band":1,"modes":"tram","arr":["5","8","13"],"off":[0,-0.8]}},{"type":"Feature","geometry":{"type":"Point","coordinates":[19.368181,51.802497]},"properties":{"line":"5","mode":"tram","color":"#d6212b","colorDark":"#7c1116","band":1,"off":[-3.4,1.1]}},{"type":"Feature","geometry":{"type":"Point","coordinates":[19.368181,51.802497]},"properties":{"line":"8","mode":"tram","color":"#d6212b","colorDark":"#7c1116","band":1,"off":[0,1.1]}},{"type":"Feature","geometry":{"type":"Point","coordinates":[19.368181,51.802497]},"properties":{"line":"13","mode":"tram","color":"#d6212b","colorDark":"#7c1116","band":1,"off":[3.4,1.1]}},{"type":"Feature","geometry":{"type":"Point","coordinates":[19.551142,51.758111]},"properties":{"name":"Widzew Augustów","band":1,"modes":"tram","arr":["6","10A"],"off":[0,-0.8]}},{"type":"Feature","geometry":{"type":"Point","coordinates":[19.551142,51.758111]},"properties":{"line":"6","mode":"tram","color":"#d6212b","colorDark":"#7c1116","band":1,"off":[-1.7,1.1]}},{"type":"Feature","geometry":{"type":"Point","coordinates":[19.551142,51.758111]},"properties":{"line":"10A","mode":"tram","color":"#d6212b","colorDark":"#7c1116","band":1,"off":[1.7,1.1]}},{"type":"Feature","geometry":{"type":"Point","coordinates":[19.576614,51.733829]},"properties":{"name":"Olechów","band":1,"modes":"tram","arr":["9","10B"],"off":[0,-0.8]}},{"type":"Feature","geometry":{"type":"Point","coordinates":[19.576614,51.733829]},"properties":{"line":"9","mode":"tram","color":"#d6212b","colorDark":"#7c1116","band":1,"off":[-1.7,1.1]}},{"type":"Feature","geometry":{"type":"Point","coordinates":[19.576614,51.733829]},"properties":{"line":"10B","mode":"tram","color":"#d6212b","colorDark":"#7c1116","band":1,"off":[1.7,1.1]}},{"type":"Feature","geometry":{"type":"Point","coordinates":[19.529407,51.782474]},"properties":{"name":"Stoki","band":1,"modes":"tram","arr":["12"],"off":[0,-0.8]}},{"type":"Feature","geometry":{"type":"Point","coordinates":[19.529407,51.782474]},"properties":{"line":"12","mode":"tram","color":"#d6212b","colorDark":"#7c1116","band":1,"off":[0,1.1]}},{"type":"Feature","geometry":{"type":"Point","coordinates":[19.490094,51.729047]},"properties":{"name":"Dąbrowa Niższa","band":1,"modes":"tram","arr":["13"],"off":[0,-0.8]}},{"type":"Feature","geometry":{"type":"Point","coordinates":[19.490094,51.729047]},"properties":{"line":"13","mode":"tram","color":"#d6212b","colorDark":"#7c1116","band":1,"off":[0,1.1]}},{"type":"Feature","geometry":{"type":"Point","coordinates":[19.323228,51.658467]},"properties":{"name":"Łaska -Wiejska (Pabianice)","band":1,"modes":"tram","arr":["41"],"off":[0,-0.8]}},{"type":"Feature","geometry":{"type":"Point","coordinates":[19.323228,51.658467]},"properties":{"line":"41","mode":"tram","color":"#d6212b","colorDark":"#7c1116","band":1,"off":[0,1.1]}},{"type":"Feature","geometry":{"type":"Point","coordinates":[19.415915,51.854644]},"properties":{"name":"pl. Kilińskiego (Zgierz)","band":1,"modes":"tram","arr":["45"],"off":[0,-0.8]}},{"type":"Feature","geometry":{"type":"Point","coordinates":[19.415915,51.854644]},"properties":{"line":"45","mode":"tram","color":"#d6212b","colorDark":"#7c1116","band":1,"off":[0,1.1]}},{"type":"Feature","geometry":{"type":"Point","coordinates":[19.494381,51.774114]},"properties":{"name":"Narutowicza-Radiostacja","band":1,"modes":"tram","arr":["O"],"off":[0,-0.8]}},{"type":"Feature","geometry":{"type":"Point","coordinates":[19.494381,51.774114]},"properties":{"line":"O","mode":"tram","color":"#d6212b","colorDark":"#7c1116","band":1,"off":[0,1.1]}},{"type":"Feature","geometry":{"type":"Point","coordinates":[19.459319,51.779564]},"properties":{"name":"Północna","band":1,"modes":"tram","arr":["O"],"off":[0,-0.8]}},{"type":"Feature","geometry":{"type":"Point","coordinates":[19.459319,51.779564]},"properties":{"line":"O","mode":"tram","color":"#d6212b","colorDark":"#7c1116","band":1,"off":[0,1.1]}},{"type":"Feature","geometry":{"type":"Point","coordinates":[19.487606,51.797135]},"properties":{"name":"Doły","band":1,"modes":"tram","arr":["Z1"],"off":[0,-0.8]}},{"type":"Feature","geometry":{"type":"Point","coordinates":[19.487606,51.797135]},"properties":{"line":"Z1","mode":"tram","color":"#d6212b","colorDark":"#7c1116","band":1,"off":[0,1.1]}},{"type":"Feature","geometry":{"type":"Point","coordinates":[19.432176,51.75753]},"properties":{"name":"Dw. Łódź Kaliska","band":2,"modes":"bus","arr":["6.","52","93"],"off":[0,-0.8]}},{"type":"Feature","geometry":{"type":"Point","coordinates":[19.432176,51.75753]},"properties":{"line":"6.","mode":"bus","color":"#0059a9","colorDark":"#00294f","band":2,"off":[-3.4,1.1]}},{"type":"Feature","geometry":{"type":"Point","coordinates":[19.432176,51.75753]},"properties":{"line":"52","mode":"bus","color":"#0059a9","colorDark":"#00294f","band":2,"off":[0,1.1]}},{"type":"Feature","geometry":{"type":"Point","coordinates":[19.432176,51.75753]},"properties":{"line":"93","mode":"bus","color":"#0059a9","colorDark":"#00294f","band":2,"off":[3.4,1.1]}},{"type":"Feature","geometry":{"type":"Point","coordinates":[19.361374,51.795523]},"properties":{"name":"Teofilów Rojna","band":2,"modes":"bus","arr":["84A","84B","96","N1B","N3A","N3B"],"off":[0,-0.8]}},{"type":"Feature","geometry":{"type":"Point","coordinates":[19.361374,51.795523]},"properties":{"line":"84A","mode":"bus","color":"#0059a9","colorDark":"#00294f","band":2,"off":[-6.8,1.1]}},{"type":"Feature","geometry":{"type":"Point","coordinates":[19.361374,51.795523]},"properties":{"line":"84B","mode":"bus","color":"#0059a9","colorDark":"#00294f","band":2,"off":[-3.4,1.1]}},{"type":"Feature","geometry":{"type":"Point","coordinates":[19.361374,51.795523]},"properties":{"line":"96","mode":"bus","color":"#0059a9","colorDark":"#00294f","band":2,"off":[0,1.1]}},{"type":"Feature","geometry":{"type":"Point","coordinates":[19.361374,51.795523]},"properties":{"line":"N1B","mode":"bus","color":"#0059a9","colorDark":"#00294f","band":2,"off":[3.4,1.1]}},{"type":"Feature","geometry":{"type":"Point","coordinates":[19.361374,51.795523]},"properties":{"line":"N3A","mode":"bus","color":"#0059a9","colorDark":"#00294f","band":2,"off":[6.8,1.1]}},{"type":"Feature","geometry":{"type":"Point","coordinates":[19.361374,51.795523]},"properties":{"line":"N3B","mode":"bus","color":"#0059a9","colorDark":"#00294f","band":2,"off":[0,3.1]}},{"type":"Feature","geometry":{"type":"Point","coordinates":[19.382069,51.867819]},"properties":{"name":"Parzęczewska-Parzęczewska /Staffa(Zg.)","band":2,"modes":"bus","arr":["6.","61"],"off":[0,-0.8]}},{"type":"Feature","geometry":{"type":"Point","coordinates":[19.382069,51.867819]},"properties":{"name":"Parzęczewska /Staffa(Zg.)","band":2,"modes":"bus","arr":["6.","61"],"off":[0,-4.1]}},{"type":"Feature","geometry":{"type":"Point","coordinates":[19.382069,51.867819]},"properties":{"line":"6.","mode":"bus","color":"#0059a9","colorDark":"#00294f","band":2,"off":[-1.7,1.1]}},{"type":"Feature","geometry":{"type":"Point","coordinates":[19.382069,51.867819]},"properties":{"line":"61","mode":"bus","color":"#0059a9","colorDark":"#00294f","band":2,"off":[1.7,1.1]}},{"type":"Feature","geometry":{"type":"Point","coordinates":[19.494005,51.651778]},"properties":{"name":"Tuszyńska (Rzgów)","band":2,"modes":"bus","arr":["50A"],"off":[0,-0.8]}},{"type":"Feature","geometry":{"type":"Point","coordinates":[19.494005,51.651778]},"properties":{"line":"50A","mode":"bus","color":"#0059a9","colorDark":"#00294f","band":2,"off":[0,1.1]}},{"type":"Feature","geometry":{"type":"Point","coordinates":[19.464051,51.740318]},"properties":{"name":"pl. Niepodległości","band":2,"modes":"tram,bus","arr":["41","50A","50B","63","68","92A","92B","Z11"],"off":[0,-0.8]}},{"type":"Feature","geometry":{"type":"Point","coordinates":[19.464051,51.740318]},"properties":{"line":"41","mode":"tram","color":"#d6212b","colorDark":"#7c1116","band":2,"off":[-6.8,1.1]}},{"type":"Feature","geometry":{"type":"Point","coordinates":[19.464051,51.740318]},"properties":{"line":"50A","mode":"bus","color":"#0059a9","colorDark":"#00294f","band":2,"off":[-3.4,1.1]}},{"type":"Feature","geometry":{"type":"Point","coordinates":[19.464051,51.740318]},"properties":{"line":"50B","mode":"bus","color":"#0059a9","colorDark":"#00294f","band":2,"off":[0,1.1]}},{"type":"Feature","geometry":{"type":"Point","coordinates":[19.464051,51.740318]},"properties":{"line":"63","mode":"bus","color":"#0059a9","colorDark":"#00294f","band":2,"off":[3.4,1.1]}},{"type":"Feature","geometry":{"type":"Point","coordinates":[19.464051,51.740318]},"properties":{"line":"68","mode":"bus","color":"#0059a9","colorDark":"#00294f","band":2,"off":[6.8,1.1]}},{"type":"Feature","geometry":{"type":"Point","coordinates":[19.464051,51.740318]},"properties":{"line":"92A","mode":"bus","color":"#0059a9","colorDark":"#00294f","band":2,"off":[-3.4,3.1]}},{"type":"Feature","geometry":{"type":"Point","coordinates":[19.464051,51.740318]},"properties":{"line":"92B","mode":"bus","color":"#0059a9","colorDark":"#00294f","band":2,"off":[0,3.1]}},{"type":"Feature","geometry":{"type":"Point","coordinates":[19.464051,51.740318]},"properties":{"line":"Z11","mode":"bus","color":"#0059a9","colorDark":"#00294f","band":2,"off":[3.4,3.1]}},{"type":"Feature","geometry":{"type":"Point","coordinates":[19.48648,51.646431]},"properties":{"name":"CT Ptak Mandoria (Rzgów)","band":2,"modes":"bus","arr":["50B","56"],"off":[0,-0.8]}},{"type":"Feature","geometry":{"type":"Point","coordinates":[19.48648,51.646431]},"properties":{"line":"50B","mode":"bus","color":"#0059a9","colorDark":"#00294f","band":2,"off":[-1.7,1.1]}},{"type":"Feature","geometry":{"type":"Point","coordinates":[19.48648,51.646431]},"properties":{"line":"56","mode":"bus","color":"#0059a9","colorDark":"#00294f","band":2,"off":[1.7,1.1]}},{"type":"Feature","geometry":{"type":"Point","coordinates":[19.467228,51.770107]},"properties":{"name":"Rodziny Poznańskich-Dw. Łódź Fabryczna","band":2,"modes":"tram,bus","arr":["9","51A","51B","53A","53B","53C","58A","58B","61","67","77","85A","85B","86","88A","88B","88C","88D"],"off":[0,-0.8],"sc":0.89}},{"type":"Feature","geometry":{"type":"Point","coordinates":[19.467228,51.770107]},"properties":{"name":"Dw. Łódź Fabryczna","band":2,"modes":"tram,bus","arr":["9","51A","51B","53A","53B","53C","58A","58B","61","67","77","85A","85B","86","88A","88B","88C","88D"],"off":[0,-4.1],"sc":0.89}},{"type":"Feature","geometry":{"type":"Point","coordinates":[19.467228,51.770107]},"properties":{"line":"9","mode":"tram","color":"#d6212b","colorDark":"#7c1116","band":2,"sc":0.89,"off":[-6.8,1.1]}},{"type":"Feature","geometry":{"type":"Point","coordinates":[19.467228,51.770107]},"properties":{"line":"51A","mode":"bus","color":"#0059a9","colorDark":"#00294f","band":2,"sc":0.89,"off":[-3.4,1.1]}},{"type":"Feature","geometry":{"type":"Point","coordinates":[19.467228,51.770107]},"properties":{"line":"51B","mode":"bus","color":"#0059a9","colorDark":"#00294f","band":2,"sc":0.89,"off":[0,1.1]}},{"type":"Feature","geometry":{"type":"Point","coordinates":[19.467228,51.770107]},"properties":{"line":"53A","mode":"bus","color":"#0059a9","colorDark":"#00294f","band":2,"sc":0.89,"off":[3.4,1.1]}},{"type":"Feature","geometry":{"type":"Point","coordinates":[19.467228,51.770107]},"properties":{"line":"53B","mode":"bus","color":"#0059a9","colorDark":"#00294f","band":2,"sc":0.89,"off":[6.8,1.1]}},{"type":"Feature","geometry":{"type":"Point","coordinates":[19.467228,51.770107]},"properties":{"line":"53C","mode":"bus","color":"#0059a9","colorDark":"#00294f","band":2,"sc":0.89,"off":[-6.8,3.1]}},{"type":"Feature","geometry":{"type":"Point","coordinates":[19.467228,51.770107]},"properties":{"line":"58A","mode":"bus","color":"#0059a9","colorDark":"#00294f","band":2,"sc":0.89,"off":[-3.4,3.1]}},{"type":"Feature","geometry":{"type":"Point","coordinates":[19.467228,51.770107]},"properties":{"line":"58B","mode":"bus","color":"#0059a9","colorDark":"#00294f","band":2,"sc":0.89,"off":[0,3.1]}},{"type":"Feature","geometry":{"type":"Point","coordinates":[19.467228,51.770107]},"properties":{"line":"61","mode":"bus","color":"#0059a9","colorDark":"#00294f","band":2,"sc":0.89,"off":[3.4,3.1]}},{"type":"Feature","geometry":{"type":"Point","coordinates":[19.467228,51.770107]},"properties":{"line":"67","mode":"bus","color":"#0059a9","colorDark":"#00294f","band":2,"sc":0.89,"off":[6.8,3.1]}},{"type":"Feature","geometry":{"type":"Point","coordinates":[19.467228,51.770107]},"properties":{"line":"77","mode":"bus","color":"#0059a9","colorDark":"#00294f","band":2,"sc":0.89,"off":[-6.8,5.1]}},{"type":"Feature","geometry":{"type":"Point","coordinates":[19.467228,51.770107]},"properties":{"line":"85A","mode":"bus","color":"#0059a9","colorDark":"#00294f","band":2,"sc":0.89,"off":[-3.4,5.1]}},{"type":"Feature","geometry":{"type":"Point","coordinates":[19.467228,51.770107]},"properties":{"line":"85B","mode":"bus","color":"#0059a9","colorDark":"#00294f","band":2,"sc":0.89,"off":[0,5.1]}},{"type":"Feature","geometry":{"type":"Point","coordinates":[19.467228,51.770107]},"properties":{"line":"86","mode":"bus","color":"#0059a9","colorDark":"#00294f","band":2,"sc":0.89,"off":[3.4,5.1]}},{"type":"Feature","geometry":{"type":"Point","coordinates":[19.467228,51.770107]},"properties":{"line":"88A","mode":"bus","color":"#0059a9","colorDark":"#00294f","band":2,"sc":0.89,"off":[6.8,5.1]}},{"type":"Feature","geometry":{"type":"Point","coordinates":[19.467228,51.770107]},"properties":{"line":"88B","mode":"bus","color":"#0059a9","colorDark":"#00294f","band":2,"sc":0.89,"off":[-3.4,7.1]}},{"type":"Feature","geometry":{"type":"Point","coordinates":[19.467228,51.770107]},"properties":{"line":"88C","mode":"bus","color":"#0059a9","colorDark":"#00294f","band":2,"sc":0.89,"off":[0,7.1]}},{"type":"Feature","geometry":{"type":"Point","coordinates":[19.467228,51.770107]},"properties":{"line":"88D","mode":"bus","color":"#0059a9","colorDark":"#00294f","band":2,"sc":0.89,"off":[3.4,7.1]}},{"type":"Feature","geometry":{"type":"Point","coordinates":[19.474865,51.846866]},"properties":{"name":"Okólna-Łagiewniki","band":2,"modes":"bus","arr":["51A"],"off":[0,-0.8]}},{"type":"Feature","geometry":{"type":"Point","coordinates":[19.474865,51.846866]},"properties":{"line":"51A","mode":"bus","color":"#0059a9","colorDark":"#00294f","band":2,"off":[0,1.1]}},{"type":"Feature","geometry":{"type":"Point","coordinates":[19.490634,51.858863]},"properties":{"name":"Łódź Skotniki","band":2,"modes":"bus","arr":["51B"],"off":[0,-0.8]}},{"type":"Feature","geometry":{"type":"Point","coordinates":[19.490634,51.858863]},"properties":{"line":"51B","mode":"bus","color":"#0059a9","colorDark":"#00294f","band":2,"off":[0,1.1]}},{"type":"Feature","geometry":{"type":"Point","coordinates":[19.503876,51.720102]},"properties":{"name":"Komorniki","band":2,"modes":"bus","arr":["52"],"off":[0,-0.8]}},{"type":"Feature","geometry":{"type":"Point","coordinates":[19.503876,51.720102]},"properties":{"line":"52","mode":"bus","color":"#0059a9","colorDark":"#00294f","band":2,"off":[0,1.1]}},{"type":"Feature","geometry":{"type":"Point","coordinates":[19.589512,51.793964]},"properties":{"name":"Nowosolna","band":2,"modes":"bus","arr":["53A","53C","91A","N7A"],"off":[0,-0.8]}},{"type":"Feature","geometry":{"type":"Point","coordinates":[19.589512,51.793964]},"properties":{"name":"Brzezińska-Nowosolna","band":2,"modes":"bus","arr":["53A","53C","91A","N7A"],"off":[0,-1.9]}},{"type":"Feature","geometry":{"type":"Point","coordinates":[19.589512,51.793964]},"properties":{"line":"53A","mode":"bus","color":"#0059a9","colorDark":"#00294f","band":2,"off":[-5.1,1.1]}},{"type":"Feature","geometry":{"type":"Point","coordinates":[19.589512,51.793964]},"properties":{"line":"53C","mode":"bus","color":"#0059a9","colorDark":"#00294f","band":2,"off":[-1.7,1.1]}},{"type":"Feature","geometry":{"type":"Point","coordinates":[19.589512,51.793964]},"properties":{"line":"91A","mode":"bus","color":"#0059a9","colorDark":"#00294f","band":2,"off":[1.7,1.1]}},{"type":"Feature","geometry":{"type":"Point","coordinates":[19.589512,51.793964]},"properties":{"line":"N7A","mode":"bus","color":"#0059a9","colorDark":"#00294f","band":2,"off":[5.1,1.1]}},{"type":"Feature","geometry":{"type":"Point","coordinates":[19.762289,51.803861]},"properties":{"name":"Głowackiego (Brzeziny)","band":2,"modes":"bus","arr":["53B"],"off":[0,-0.8]}},{"type":"Feature","geometry":{"type":"Point","coordinates":[19.762289,51.803861]},"properties":{"line":"53B","mode":"bus","color":"#0059a9","colorDark":"#00294f","band":2,"off":[0,1.1]}},{"type":"Feature","geometry":{"type":"Point","coordinates":[19.485932,51.767321]},"properties":{"name":"pl. Mikulskiego","band":2,"modes":"bus","arr":["54B","83","Z13"],"off":[0,-0.8]}},{"type":"Feature","geometry":{"type":"Point","coordinates":[19.485932,51.767321]},"properties":{"line":"54B","mode":"bus","color":"#0059a9","colorDark":"#00294f","band":2,"off":[-3.4,1.1]}},{"type":"Feature","geometry":{"type":"Point","coordinates":[19.485932,51.767321]},"properties":{"line":"83","mode":"bus","color":"#0059a9","colorDark":"#00294f","band":2,"off":[0,1.1]}},{"type":"Feature","geometry":{"type":"Point","coordinates":[19.485932,51.767321]},"properties":{"line":"Z13","mode":"bus","color":"#0059a9","colorDark":"#00294f","band":2,"off":[3.4,1.1]}},{"type":"Feature","geometry":{"type":"Point","coordinates":[19.5733,51.806405]},"properties":{"name":"ROD Polanka","band":2,"modes":"bus","arr":["54B"],"off":[0,-0.8]}},{"type":"Feature","geometry":{"type":"Point","coordinates":[19.5733,51.806405]},"properties":{"line":"54B","mode":"bus","color":"#0059a9","colorDark":"#00294f","band":2,"off":[0,1.1]}},{"type":"Feature","geometry":{"type":"Point","coordinates":[19.54311,51.774114]},"properties":{"name":"Skalna-Juhasowa","band":2,"modes":"bus","arr":["N4A","N4B"],"off":[0,-0.8]}},{"type":"Feature","geometry":{"type":"Point","coordinates":[19.54311,51.774114]},"properties":{"line":"N4A","mode":"bus","color":"#0059a9","colorDark":"#00294f","band":2,"off":[-1.7,1.1]}},{"type":"Feature","geometry":{"type":"Point","coordinates":[19.54311,51.774114]},"properties":{"line":"N4B","mode":"bus","color":"#0059a9","colorDark":"#00294f","band":2,"off":[1.7,1.1]}},{"type":"Feature","geometry":{"type":"Point","coordinates":[19.383304,51.747439]},"properties":{"name":"Retkinia Kusocińskiego","band":2,"modes":"bus","arr":["55A","55B","55C","69A","69B","76","86"],"off":[0,-0.8]}},{"type":"Feature","geometry":{"type":"Point","coordinates":[19.383304,51.747439]},"properties":{"line":"55A","mode":"bus","color":"#0059a9","colorDark":"#00294f","band":2,"off":[-6.8,1.1]}},{"type":"Feature","geometry":{"type":"Point","coordinates":[19.383304,51.747439]},"properties":{"line":"55B","mode":"bus","color":"#0059a9","colorDark":"#00294f","band":2,"off":[-3.4,1.1]}},{"type":"Feature","geometry":{"type":"Point","coordinates":[19.383304,51.747439]},"properties":{"line":"55C","mode":"bus","color":"#0059a9","colorDark":"#00294f","band":2,"off":[0,1.1]}},{"type":"Feature","geometry":{"type":"Point","coordinates":[19.383304,51.747439]},"properties":{"line":"69A","mode":"bus","color":"#0059a9","colorDark":"#00294f","band":2,"off":[3.4,1.1]}},{"type":"Feature","geometry":{"type":"Point","coordinates":[19.383304,51.747439]},"properties":{"line":"69B","mode":"bus","color":"#0059a9","colorDark":"#00294f","band":2,"off":[6.8,1.1]}},{"type":"Feature","geometry":{"type":"Point","coordinates":[19.383304,51.747439]},"properties":{"line":"76","mode":"bus","color":"#0059a9","colorDark":"#00294f","band":2,"off":[-1.7,3.1]}},{"type":"Feature","geometry":{"type":"Point","coordinates":[19.383304,51.747439]},"properties":{"line":"86","mode":"bus","color":"#0059a9","colorDark":"#00294f","band":2,"off":[1.7,3.1]}},{"type":"Feature","geometry":{"type":"Point","coordinates":[19.50924,51.73635]},"properties":{"name":"Dw. Łódź Dąbrowa","band":2,"modes":"tram,bus","arr":["4","14","55A","F1","N6","Z2"],"off":[0,-0.8]}},{"type":"Feature","geometry":{"type":"Point","coordinates":[19.50924,51.73635]},"properties":{"line":"4","mode":"tram","color":"#d6212b","colorDark":"#7c1116","band":2,"off":[-6.8,1.1]}},{"type":"Feature","geometry":{"type":"Point","coordinates":[19.50924,51.73635]},"properties":{"line":"14","mode":"tram","color":"#d6212b","colorDark":"#7c1116","band":2,"off":[-3.4,1.1]}},{"type":"Feature","geometry":{"type":"Point","coordinates":[19.50924,51.73635]},"properties":{"line":"55A","mode":"bus","color":"#0059a9","colorDark":"#00294f","band":2,"off":[0,1.1]}},{"type":"Feature","geometry":{"type":"Point","coordinates":[19.50924,51.73635]},"properties":{"line":"F1","mode":"bus","color":"#0059a9","colorDark":"#00294f","band":2,"off":[3.4,1.1]}},{"type":"Feature","geometry":{"type":"Point","coordinates":[19.50924,51.73635]},"properties":{"line":"N6","mode":"bus","color":"#0059a9","colorDark":"#00294f","band":2,"off":[6.8,1.1]}},{"type":"Feature","geometry":{"type":"Point","coordinates":[19.50924,51.73635]},"properties":{"line":"Z2","mode":"tram","color":"#d6212b","colorDark":"#7c1116","band":2,"off":[0,3.1]}},{"type":"Feature","geometry":{"type":"Point","coordinates":[19.520545,51.748729]},"properties":{"name":"cm. Zarzew","band":2,"modes":"tram,bus","arr":["7","8","55B","64A"],"off":[0,-0.8]}},{"type":"Feature","geometry":{"type":"Point","coordinates":[19.520545,51.748729]},"properties":{"line":"7","mode":"tram","color":"#d6212b","colorDark":"#7c1116","band":2,"off":[-5.1,1.1]}},{"type":"Feature","geometry":{"type":"Point","coordinates":[19.520545,51.748729]},"properties":{"line":"8","mode":"tram","color":"#d6212b","colorDark":"#7c1116","band":2,"off":[-1.7,1.1]}},{"type":"Feature","geometry":{"type":"Point","coordinates":[19.520545,51.748729]},"properties":{"line":"55B","mode":"bus","color":"#0059a9","colorDark":"#00294f","band":2,"off":[1.7,1.1]}},{"type":"Feature","geometry":{"type":"Point","coordinates":[19.520545,51.748729]},"properties":{"line":"64A","mode":"bus","color":"#0059a9","colorDark":"#00294f","band":2,"off":[5.1,1.1]}},{"type":"Feature","geometry":{"type":"Point","coordinates":[19.524056,51.730162]},"properties":{"name":"Lodowa-Lodowa 97 NŻ","band":2,"modes":"bus","arr":["55C"],"off":[0,-0.8]}},{"type":"Feature","geometry":{"type":"Point","coordinates":[19.524056,51.730162]},"properties":{"line":"55C","mode":"bus","color":"#0059a9","colorDark":"#00294f","band":2,"off":[0,1.1]}},{"type":"Feature","geometry":{"type":"Point","coordinates":[19.464415,51.726139]},"properties":{"name":"Piastów Kurak","band":2,"modes":"bus","arr":["56","57"],"off":[0,-0.8]}},{"type":"Feature","geometry":{"type":"Point","coordinates":[19.464415,51.726139]},"properties":{"line":"56","mode":"bus","color":"#0059a9","colorDark":"#00294f","band":2,"off":[-1.7,1.1]}},{"type":"Feature","geometry":{"type":"Point","coordinates":[19.464415,51.726139]},"properties":{"line":"57","mode":"bus","color":"#0059a9","colorDark":"#00294f","band":2,"off":[1.7,1.1]}},{"type":"Feature","geometry":{"type":"Point","coordinates":[19.46602,51.793263]},"properties":{"name":"Marysin Stadion","band":2,"modes":"bus","arr":["57"],"off":[0,-0.8]}},{"type":"Feature","geometry":{"type":"Point","coordinates":[19.46602,51.793263]},"properties":{"line":"57","mode":"bus","color":"#0059a9","colorDark":"#00294f","band":2,"off":[0,1.1]}},{"type":"Feature","geometry":{"type":"Point","coordinates":[19.574934,51.752026]},"properties":{"name":"Janów","band":2,"modes":"bus","arr":["58A","58B","72A","72B","80A","80B","90","91A","91B","91C","96","N1A","N1B","N5A"],"off":[0,-0.8],"sc":0.95}},{"type":"Feature","geometry":{"type":"Point","coordinates":[19.574934,51.752026]},"properties":{"line":"58A","mode":"bus","color":"#0059a9","colorDark":"#00294f","band":2,"sc":0.95,"off":[-6.8,1.1]}},{"type":"Feature","geometry":{"type":"Point","coordinates":[19.574934,51.752026]},"properties":{"line":"58B","mode":"bus","color":"#0059a9","colorDark":"#00294f","band":2,"sc":0.95,"off":[-3.4,1.1]}},{"type":"Feature","geometry":{"type":"Point","coordinates":[19.574934,51.752026]},"properties":{"line":"72A","mode":"bus","color":"#0059a9","colorDark":"#00294f","band":2,"sc":0.95,"off":[0,1.1]}},{"type":"Feature","geometry":{"type":"Point","coordinates":[19.574934,51.752026]},"properties":{"line":"72B","mode":"bus","color":"#0059a9","colorDark":"#00294f","band":2,"sc":0.95,"off":[3.4,1.1]}},{"type":"Feature","geometry":{"type":"Point","coordinates":[19.574934,51.752026]},"properties":{"line":"80A","mode":"bus","color":"#0059a9","colorDark":"#00294f","band":2,"sc":0.95,"off":[6.8,1.1]}},{"type":"Feature","geometry":{"type":"Point","coordinates":[19.574934,51.752026]},"properties":{"line":"80B","mode":"bus","color":"#0059a9","colorDark":"#00294f","band":2,"sc":0.95,"off":[-6.8,3.1]}},{"type":"Feature","geometry":{"type":"Point","coordinates":[19.574934,51.752026]},"properties":{"line":"90","mode":"bus","color":"#0059a9","colorDark":"#00294f","band":2,"sc":0.95,"off":[-3.4,3.1]}},{"type":"Feature","geometry":{"type":"Point","coordinates":[19.574934,51.752026]},"properties":{"line":"91A","mode":"bus","color":"#0059a9","colorDark":"#00294f","band":2,"sc":0.95,"off":[0,3.1]}},{"type":"Feature","geometry":{"type":"Point","coordinates":[19.574934,51.752026]},"properties":{"line":"91B","mode":"bus","color":"#0059a9","colorDark":"#00294f","band":2,"sc":0.95,"off":[3.4,3.1]}},{"type":"Feature","geometry":{"type":"Point","coordinates":[19.574934,51.752026]},"properties":{"line":"91C","mode":"bus","color":"#0059a9","colorDark":"#00294f","band":2,"sc":0.95,"off":[6.8,3.1]}},{"type":"Feature","geometry":{"type":"Point","coordinates":[19.574934,51.752026]},"properties":{"line":"96","mode":"bus","color":"#0059a9","colorDark":"#00294f","band":2,"sc":0.95,"off":[-5.1,5.1]}},{"type":"Feature","geometry":{"type":"Point","coordinates":[19.574934,51.752026]},"properties":{"line":"N1A","mode":"bus","color":"#0059a9","colorDark":"#00294f","band":2,"sc":0.95,"off":[-1.7,5.1]}},{"type":"Feature","geometry":{"type":"Point","coordinates":[19.574934,51.752026]},"properties":{"line":"N1B","mode":"bus","color":"#0059a9","colorDark":"#00294f","band":2,"sc":0.95,"off":[1.7,5.1]}},{"type":"Feature","geometry":{"type":"Point","coordinates":[19.574934,51.752026]},"properties":{"line":"N5A","mode":"bus","color":"#0059a9","colorDark":"#00294f","band":2,"sc":0.95,"off":[5.1,5.1]}},{"type":"Feature","geometry":{"type":"Point","coordinates":[19.448251,51.776231]},"properties":{"name":"Legionów-Gdańska","band":2,"modes":"bus","arr":["59"],"off":[0,-0.8]}},{"type":"Feature","geometry":{"type":"Point","coordinates":[19.448251,51.776231]},"properties":{"line":"59","mode":"bus","color":"#0059a9","colorDark":"#00294f","band":2,"off":[0,1.1]}},{"type":"Feature","geometry":{"type":"Point","coordinates":[19.45147,51.780313]},"properties":{"name":"Zachodnia-Manufaktura","band":2,"modes":"bus","arr":["Z6"],"off":[0,-0.8]}},{"type":"Feature","geometry":{"type":"Point","coordinates":[19.45147,51.780313]},"properties":{"line":"Z6","mode":"bus","color":"#0059a9","colorDark":"#00294f","band":2,"off":[0,1.1]}},{"type":"Feature","geometry":{"type":"Point","coordinates":[19.438506,51.824769]},"properties":{"name":"Radogoszcz Wschód","band":2,"modes":"bus","arr":["59","65A","65B","N2"],"off":[0,-0.8]}},{"type":"Feature","geometry":{"type":"Point","coordinates":[19.438506,51.824769]},"properties":{"line":"59","mode":"bus","color":"#0059a9","colorDark":"#00294f","band":2,"off":[-5.1,1.1]}},{"type":"Feature","geometry":{"type":"Point","coordinates":[19.438506,51.824769]},"properties":{"line":"65A","mode":"bus","color":"#0059a9","colorDark":"#00294f","band":2,"off":[-1.7,1.1]}},{"type":"Feature","geometry":{"type":"Point","coordinates":[19.438506,51.824769]},"properties":{"line":"65B","mode":"bus","color":"#0059a9","colorDark":"#00294f","band":2,"off":[1.7,1.1]}},{"type":"Feature","geometry":{"type":"Point","coordinates":[19.438506,51.824769]},"properties":{"line":"N2","mode":"bus","color":"#0059a9","colorDark":"#00294f","band":2,"off":[5.1,1.1]}},{"type":"Feature","geometry":{"type":"Point","coordinates":[19.49421,51.764331]},"properties":{"name":"CH Tulipan","band":2,"modes":"bus","arr":["60A","60B","60C","60D"],"off":[0,-0.8]}},{"type":"Feature","geometry":{"type":"Point","coordinates":[19.49421,51.764331]},"properties":{"line":"60A","mode":"bus","color":"#0059a9","colorDark":"#00294f","band":2,"off":[-5.1,1.1]}},{"type":"Feature","geometry":{"type":"Point","coordinates":[19.49421,51.764331]},"properties":{"line":"60B","mode":"bus","color":"#0059a9","colorDark":"#00294f","band":2,"off":[-1.7,1.1]}},{"type":"Feature","geometry":{"type":"Point","coordinates":[19.49421,51.764331]},"properties":{"line":"60C","mode":"bus","color":"#0059a9","colorDark":"#00294f","band":2,"off":[1.7,1.1]}},{"type":"Feature","geometry":{"type":"Point","coordinates":[19.49421,51.764331]},"properties":{"line":"60D","mode":"bus","color":"#0059a9","colorDark":"#00294f","band":2,"off":[5.1,1.1]}},{"type":"Feature","geometry":{"type":"Point","coordinates":[19.557945,51.841906]},"properties":{"name":"Strykowska-Imielnik Nowy","band":2,"modes":"bus","arr":["60A"],"off":[0,-0.8]}},{"type":"Feature","geometry":{"type":"Point","coordinates":[19.557945,51.841906]},"properties":{"line":"60A","mode":"bus","color":"#0059a9","colorDark":"#00294f","band":2,"off":[0,1.1]}},{"type":"Feature","geometry":{"type":"Point","coordinates":[19.570724,51.866899]},"properties":{"name":"Michałówek Dobra","band":2,"modes":"bus","arr":["60B"],"off":[0,-0.8]}},{"type":"Feature","geometry":{"type":"Point","coordinates":[19.570724,51.866899]},"properties":{"line":"60B","mode":"bus","color":"#0059a9","colorDark":"#00294f","band":2,"off":[0,1.1]}},{"type":"Feature","geometry":{"type":"Point","coordinates":[19.594267,51.91026]},"properties":{"name":"Stryków Dworzec PKP","band":2,"modes":"bus","arr":["60C"],"off":[0,-0.8]}},{"type":"Feature","geometry":{"type":"Point","coordinates":[19.594267,51.91026]},"properties":{"line":"60C","mode":"bus","color":"#0059a9","colorDark":"#00294f","band":2,"off":[0,1.1]}},{"type":"Feature","geometry":{"type":"Point","coordinates":[19.48072,51.806385]},"properties":{"name":"Marysin Tęczowa","band":2,"modes":"bus","arr":["60D"],"off":[0,-0.8]}},{"type":"Feature","geometry":{"type":"Point","coordinates":[19.48072,51.806385]},"properties":{"line":"60D","mode":"bus","color":"#0059a9","colorDark":"#00294f","band":2,"off":[0,1.1]}},{"type":"Feature","geometry":{"type":"Point","coordinates":[19.411896,51.718411]},"properties":{"name":"Bionanopark","band":2,"modes":"bus","arr":["62"],"off":[0,-0.8]}},{"type":"Feature","geometry":{"type":"Point","coordinates":[19.411896,51.718411]},"properties":{"line":"62","mode":"bus","color":"#0059a9","colorDark":"#00294f","band":2,"off":[0,1.1]}},{"type":"Feature","geometry":{"type":"Point","coordinates":[19.480721,51.726103]},"properties":{"name":"Dw. Łódź Chojny","band":2,"modes":"bus","arr":["62","63","71A","71B","H"],"off":[0,-0.8]}},{"type":"Feature","geometry":{"type":"Point","coordinates":[19.480721,51.726103]},"properties":{"line":"62","mode":"bus","color":"#0059a9","colorDark":"#00294f","band":2,"off":[-6.8,1.1]}},{"type":"Feature","geometry":{"type":"Point","coordinates":[19.480721,51.726103]},"properties":{"line":"63","mode":"bus","color":"#0059a9","colorDark":"#00294f","band":2,"off":[-3.4,1.1]}},{"type":"Feature","geometry":{"type":"Point","coordinates":[19.480721,51.726103]},"properties":{"line":"71A","mode":"bus","color":"#0059a9","colorDark":"#00294f","band":2,"off":[0,1.1]}},{"type":"Feature","geometry":{"type":"Point","coordinates":[19.480721,51.726103]},"properties":{"line":"71B","mode":"bus","color":"#0059a9","colorDark":"#00294f","band":2,"off":[3.4,1.1]}},{"type":"Feature","geometry":{"type":"Point","coordinates":[19.480721,51.726103]},"properties":{"line":"H","mode":"bus","color":"#0059a9","colorDark":"#00294f","band":2,"off":[6.8,1.1]}},{"type":"Feature","geometry":{"type":"Point","coordinates":[19.422674,51.727045]},"properties":{"name":"Św. Franciszka-Czahary","band":2,"modes":"bus","arr":["77"],"off":[0,-0.8]}},{"type":"Feature","geometry":{"type":"Point","coordinates":[19.422674,51.727045]},"properties":{"line":"77","mode":"bus","color":"#0059a9","colorDark":"#00294f","band":2,"off":[0,1.1]}},{"type":"Feature","geometry":{"type":"Point","coordinates":[19.449307,51.788219]},"properties":{"name":"Zachodnia-Limanowskiego","band":2,"modes":"bus","arr":["64A","64B"],"off":[0,-0.8]}},{"type":"Feature","geometry":{"type":"Point","coordinates":[19.449307,51.788219]},"properties":{"line":"64A","mode":"bus","color":"#0059a9","colorDark":"#00294f","band":2,"off":[-1.7,1.1]}},{"type":"Feature","geometry":{"type":"Point","coordinates":[19.449307,51.788219]},"properties":{"line":"64B","mode":"bus","color":"#0059a9","colorDark":"#00294f","band":2,"off":[1.7,1.1]}},{"type":"Feature","geometry":{"type":"Point","coordinates":[19.541918,51.751751]},"properties":{"name":"Widzew Czajkowskiego","band":2,"modes":"bus","arr":["64B"],"off":[0,-0.8]}},{"type":"Feature","geometry":{"type":"Point","coordinates":[19.541918,51.751751]},"properties":{"line":"64B","mode":"bus","color":"#0059a9","colorDark":"#00294f","band":2,"off":[0,1.1]}},{"type":"Feature","geometry":{"type":"Point","coordinates":[19.400717,51.727369]},"properties":{"name":"Lotnisko","band":2,"modes":"bus","arr":["65A"],"off":[0,-0.8]}},{"type":"Feature","geometry":{"type":"Point","coordinates":[19.400717,51.727369]},"properties":{"line":"65A","mode":"bus","color":"#0059a9","colorDark":"#00294f","band":2,"off":[0,1.1]}},{"type":"Feature","geometry":{"type":"Point","coordinates":[19.395874,51.72866]},"properties":{"name":"Sortownia","band":2,"modes":"bus","arr":["65B"],"off":[0,-0.8]}},{"type":"Feature","geometry":{"type":"Point","coordinates":[19.395874,51.72866]},"properties":{"line":"65B","mode":"bus","color":"#0059a9","colorDark":"#00294f","band":2,"off":[0,1.1]}},{"type":"Feature","geometry":{"type":"Point","coordinates":[19.458438,51.801213]},"properties":{"name":"Rondo Powstańców 1863r.","band":2,"modes":"tram,bus","arr":["3","66","70","N6","Z3"],"off":[0,-0.8]}},{"type":"Feature","geometry":{"type":"Point","coordinates":[19.458438,51.801213]},"properties":{"name":"Łagiewnicka-Rondo Powstańców 1863r.","band":2,"modes":"tram,bus","arr":["3","66","70","N6","Z3"],"off":[0,-3]}},{"type":"Feature","geometry":{"type":"Point","coordinates":[19.458438,51.801213]},"properties":{"line":"3","mode":"tram","color":"#d6212b","colorDark":"#7c1116","band":2,"off":[-6.8,1.1]}},{"type":"Feature","geometry":{"type":"Point","coordinates":[19.458438,51.801213]},"properties":{"line":"66","mode":"bus","color":"#0059a9","colorDark":"#00294f","band":2,"off":[-3.4,1.1]}},{"type":"Feature","geometry":{"type":"Point","coordinates":[19.458438,51.801213]},"properties":{"line":"70","mode":"bus","color":"#0059a9","colorDark":"#00294f","band":2,"off":[0,1.1]}},{"type":"Feature","geometry":{"type":"Point","coordinates":[19.458438,51.801213]},"properties":{"line":"N6","mode":"bus","color":"#0059a9","colorDark":"#00294f","band":2,"off":[3.4,1.1]}},{"type":"Feature","geometry":{"type":"Point","coordinates":[19.458438,51.801213]},"properties":{"line":"Z3","mode":"bus","color":"#0059a9","colorDark":"#00294f","band":2,"off":[6.8,1.1]}},{"type":"Feature","geometry":{"type":"Point","coordinates":[19.507336,51.843604]},"properties":{"name":"Okólna-Modrzew","band":2,"modes":"bus","arr":["66"],"off":[0,-0.8]}},{"type":"Feature","geometry":{"type":"Point","coordinates":[19.507336,51.843604]},"properties":{"line":"66","mode":"bus","color":"#0059a9","colorDark":"#00294f","band":2,"off":[0,1.1]}},{"type":"Feature","geometry":{"type":"Point","coordinates":[19.431439,51.746279]},"properties":{"name":"Nowe Sady-zajezdnia NOWE SADY","band":2,"modes":"bus","arr":["67","97A","97B","F1","G1","H"],"off":[0,-0.8]}},{"type":"Feature","geometry":{"type":"Point","coordinates":[19.431439,51.746279]},"properties":{"line":"67","mode":"bus","color":"#0059a9","colorDark":"#00294f","band":2,"off":[-6.8,1.1]}},{"type":"Feature","geometry":{"type":"Point","coordinates":[19.431439,51.746279]},"properties":{"line":"97A","mode":"bus","color":"#0059a9","colorDark":"#00294f","band":2,"off":[-3.4,1.1]}},{"type":"Feature","geometry":{"type":"Point","coordinates":[19.431439,51.746279]},"properties":{"line":"97B","mode":"bus","color":"#0059a9","colorDark":"#00294f","band":2,"off":[0,1.1]}},{"type":"Feature","geometry":{"type":"Point","coordinates":[19.431439,51.746279]},"properties":{"line":"F1","mode":"bus","color":"#0059a9","colorDark":"#00294f","band":2,"off":[3.4,1.1]}},{"type":"Feature","geometry":{"type":"Point","coordinates":[19.431439,51.746279]},"properties":{"line":"G1","mode":"bus","color":"#0059a9","colorDark":"#00294f","band":2,"off":[6.8,1.1]}},{"type":"Feature","geometry":{"type":"Point","coordinates":[19.431439,51.746279]},"properties":{"line":"H","mode":"bus","color":"#0059a9","colorDark":"#00294f","band":2,"off":[0,3.1]}},{"type":"Feature","geometry":{"type":"Point","coordinates":[19.456665,51.758847]},"properties":{"name":"Piotrkowska Centrum","band":2,"modes":"tram,bus","arr":["2","3","11","Z11"],"off":[0,-0.8]}},{"type":"Feature","geometry":{"type":"Point","coordinates":[19.456665,51.758847]},"properties":{"name":"Kościuszki-Mickiewicza","band":2,"modes":"tram,bus","arr":["2","3","11","Z11"],"off":[0,-3]}},{"type":"Feature","geometry":{"type":"Point","coordinates":[19.456665,51.758847]},"properties":{"line":"2","mode":"tram","color":"#d6212b","colorDark":"#7c1116","band":2,"off":[-5.1,1.1]}},{"type":"Feature","geometry":{"type":"Point","coordinates":[19.456665,51.758847]},"properties":{"line":"3","mode":"tram","color":"#d6212b","colorDark":"#7c1116","band":2,"off":[-1.7,1.1]}},{"type":"Feature","geometry":{"type":"Point","coordinates":[19.456665,51.758847]},"properties":{"line":"11","mode":"tram","color":"#d6212b","colorDark":"#7c1116","band":2,"off":[1.7,1.1]}},{"type":"Feature","geometry":{"type":"Point","coordinates":[19.456665,51.758847]},"properties":{"line":"Z11","mode":"bus","color":"#0059a9","colorDark":"#00294f","band":2,"off":[5.1,1.1]}},{"type":"Feature","geometry":{"type":"Point","coordinates":[19.384012,51.7423]},"properties":{"name":"Retkinia","band":2,"modes":"tram,bus","arr":["10A","10B","12","14","68","80A","80B","94","99","G1","G2","N2","N7A","N7B"],"off":[0,-0.8],"sc":0.95}},{"type":"Feature","geometry":{"type":"Point","coordinates":[19.384012,51.7423]},"properties":{"line":"10A","mode":"tram","color":"#d6212b","colorDark":"#7c1116","band":2,"sc":0.95,"off":[-6.8,1.1]}},{"type":"Feature","geometry":{"type":"Point","coordinates":[19.384012,51.7423]},"properties":{"line":"10B","mode":"tram","color":"#d6212b","colorDark":"#7c1116","band":2,"sc":0.95,"off":[-3.4,1.1]}},{"type":"Feature","geometry":{"type":"Point","coordinates":[19.384012,51.7423]},"properties":{"line":"12","mode":"tram","color":"#d6212b","colorDark":"#7c1116","band":2,"sc":0.95,"off":[0,1.1]}},{"type":"Feature","geometry":{"type":"Point","coordinates":[19.384012,51.7423]},"properties":{"line":"14","mode":"tram","color":"#d6212b","colorDark":"#7c1116","band":2,"sc":0.95,"off":[3.4,1.1]}},{"type":"Feature","geometry":{"type":"Point","coordinates":[19.384012,51.7423]},"properties":{"line":"68","mode":"bus","color":"#0059a9","colorDark":"#00294f","band":2,"sc":0.95,"off":[6.8,1.1]}},{"type":"Feature","geometry":{"type":"Point","coordinates":[19.384012,51.7423]},"properties":{"line":"80A","mode":"bus","color":"#0059a9","colorDark":"#00294f","band":2,"sc":0.95,"off":[-6.8,3.1]}},{"type":"Feature","geometry":{"type":"Point","coordinates":[19.384012,51.7423]},"properties":{"line":"80B","mode":"bus","color":"#0059a9","colorDark":"#00294f","band":2,"sc":0.95,"off":[-3.4,3.1]}},{"type":"Feature","geometry":{"type":"Point","coordinates":[19.384012,51.7423]},"properties":{"line":"94","mode":"bus","color":"#0059a9","colorDark":"#00294f","band":2,"sc":0.95,"off":[0,3.1]}},{"type":"Feature","geometry":{"type":"Point","coordinates":[19.384012,51.7423]},"properties":{"line":"99","mode":"bus","color":"#0059a9","colorDark":"#00294f","band":2,"sc":0.95,"off":[3.4,3.1]}},{"type":"Feature","geometry":{"type":"Point","coordinates":[19.384012,51.7423]},"properties":{"line":"G1","mode":"bus","color":"#0059a9","colorDark":"#00294f","band":2,"sc":0.95,"off":[6.8,3.1]}},{"type":"Feature","geometry":{"type":"Point","coordinates":[19.384012,51.7423]},"properties":{"line":"G2","mode":"bus","color":"#0059a9","colorDark":"#00294f","band":2,"sc":0.95,"off":[-5.1,5.1]}},{"type":"Feature","geometry":{"type":"Point","coordinates":[19.384012,51.7423]},"properties":{"line":"N2","mode":"bus","color":"#0059a9","colorDark":"#00294f","band":2,"sc":0.95,"off":[-1.7,5.1]}},{"type":"Feature","geometry":{"type":"Point","coordinates":[19.384012,51.7423]},"properties":{"line":"N7A","mode":"bus","color":"#0059a9","colorDark":"#00294f","band":2,"sc":0.95,"off":[1.7,5.1]}},{"type":"Feature","geometry":{"type":"Point","coordinates":[19.384012,51.7423]},"properties":{"line":"N7B","mode":"bus","color":"#0059a9","colorDark":"#00294f","band":2,"sc":0.95,"off":[5.1,5.1]}},{"type":"Feature","geometry":{"type":"Point","coordinates":[19.542018,51.762531]},"properties":{"name":"Służbowa-Dw. Łódź Widzew","band":2,"modes":"bus","arr":["69A","69B","75A","75B","82A","82B"],"off":[0,-0.8]}},{"type":"Feature","geometry":{"type":"Point","coordinates":[19.542018,51.762531]},"properties":{"name":"Dw. Łódź Widzew","band":2,"modes":"bus","arr":["69A","69B","75A","75B","82A","82B"],"off":[0,-3]}},{"type":"Feature","geometry":{"type":"Point","coordinates":[19.542018,51.762531]},"properties":{"line":"69A","mode":"bus","color":"#0059a9","colorDark":"#00294f","band":2,"off":[-6.8,1.1]}},{"type":"Feature","geometry":{"type":"Point","coordinates":[19.542018,51.762531]},"properties":{"line":"69B","mode":"bus","color":"#0059a9","colorDark":"#00294f","band":2,"off":[-3.4,1.1]}},{"type":"Feature","geometry":{"type":"Point","coordinates":[19.542018,51.762531]},"properties":{"line":"75A","mode":"bus","color":"#0059a9","colorDark":"#00294f","band":2,"off":[0,1.1]}},{"type":"Feature","geometry":{"type":"Point","coordinates":[19.542018,51.762531]},"properties":{"line":"75B","mode":"bus","color":"#0059a9","colorDark":"#00294f","band":2,"off":[3.4,1.1]}},{"type":"Feature","geometry":{"type":"Point","coordinates":[19.542018,51.762531]},"properties":{"line":"82A","mode":"bus","color":"#0059a9","colorDark":"#00294f","band":2,"off":[6.8,1.1]}},{"type":"Feature","geometry":{"type":"Point","coordinates":[19.542018,51.762531]},"properties":{"line":"82B","mode":"bus","color":"#0059a9","colorDark":"#00294f","band":2,"off":[0,3.1]}},{"type":"Feature","geometry":{"type":"Point","coordinates":[19.481348,51.703031]},"properties":{"name":"Instytut CZMP","band":2,"modes":"bus","arr":["70","93","N3A","N3B"],"off":[0,-0.8]}},{"type":"Feature","geometry":{"type":"Point","coordinates":[19.481348,51.703031]},"properties":{"line":"70","mode":"bus","color":"#0059a9","colorDark":"#00294f","band":2,"off":[-5.1,1.1]}},{"type":"Feature","geometry":{"type":"Point","coordinates":[19.481348,51.703031]},"properties":{"line":"93","mode":"bus","color":"#0059a9","colorDark":"#00294f","band":2,"off":[-1.7,1.1]}},{"type":"Feature","geometry":{"type":"Point","coordinates":[19.481348,51.703031]},"properties":{"line":"N3A","mode":"bus","color":"#0059a9","colorDark":"#00294f","band":2,"off":[1.7,1.1]}},{"type":"Feature","geometry":{"type":"Point","coordinates":[19.481348,51.703031]},"properties":{"line":"N3B","mode":"bus","color":"#0059a9","colorDark":"#00294f","band":2,"off":[5.1,1.1]}},{"type":"Feature","geometry":{"type":"Point","coordinates":[19.46506,51.800734]},"properties":{"name":"Inflancka-Marysińska","band":2,"modes":"bus","arr":["85A"],"off":[0,-0.8]}},{"type":"Feature","geometry":{"type":"Point","coordinates":[19.46506,51.800734]},"properties":{"line":"85A","mode":"bus","color":"#0059a9","colorDark":"#00294f","band":2,"off":[0,1.1]}},{"type":"Feature","geometry":{"type":"Point","coordinates":[19.499162,51.740747]},"properties":{"name":"park Podolski","band":2,"modes":"bus","arr":["71A","71B"],"off":[0,-0.8]}},{"type":"Feature","geometry":{"type":"Point","coordinates":[19.499162,51.740747]},"properties":{"line":"71A","mode":"bus","color":"#0059a9","colorDark":"#00294f","band":2,"off":[-1.7,1.1]}},{"type":"Feature","geometry":{"type":"Point","coordinates":[19.499162,51.740747]},"properties":{"line":"71B","mode":"bus","color":"#0059a9","colorDark":"#00294f","band":2,"off":[1.7,1.1]}},{"type":"Feature","geometry":{"type":"Point","coordinates":[19.427011,51.769395]},"properties":{"name":"Legionów-Włókniarzy","band":2,"modes":"bus","arr":["Z13","Z43"],"off":[0,-0.8]}},{"type":"Feature","geometry":{"type":"Point","coordinates":[19.427011,51.769395]},"properties":{"line":"Z13","mode":"bus","color":"#0059a9","colorDark":"#00294f","band":2,"off":[-1.7,1.1]}},{"type":"Feature","geometry":{"type":"Point","coordinates":[19.427011,51.769395]},"properties":{"line":"Z43","mode":"bus","color":"#0059a9","colorDark":"#00294f","band":2,"off":[1.7,1.1]}},{"type":"Feature","geometry":{"type":"Point","coordinates":[19.349411,51.775618]},"properties":{"name":"Złotno-Huta Jagodnica","band":2,"modes":"bus","arr":["72A","72B"],"off":[0,-0.8]}},{"type":"Feature","geometry":{"type":"Point","coordinates":[19.349411,51.775618]},"properties":{"line":"72A","mode":"bus","color":"#0059a9","colorDark":"#00294f","band":2,"off":[-1.7,1.1]}},{"type":"Feature","geometry":{"type":"Point","coordinates":[19.349411,51.775618]},"properties":{"line":"72B","mode":"bus","color":"#0059a9","colorDark":"#00294f","band":2,"off":[1.7,1.1]}},{"type":"Feature","geometry":{"type":"Point","coordinates":[19.42321,51.772849]},"properties":{"name":"Srebrzyńska-Koziny","band":2,"modes":"bus","arr":["73"],"off":[0,-0.8]}},{"type":"Feature","geometry":{"type":"Point","coordinates":[19.42321,51.772849]},"properties":{"line":"73","mode":"bus","color":"#0059a9","colorDark":"#00294f","band":2,"off":[0,1.1]}},{"type":"Feature","geometry":{"type":"Point","coordinates":[19.419024,51.817643]},"properties":{"name":"Radogoszcz Zachód","band":2,"modes":"bus","arr":["73","99","N5A","N5B"],"off":[0,-0.8]}},{"type":"Feature","geometry":{"type":"Point","coordinates":[19.419024,51.817643]},"properties":{"line":"73","mode":"bus","color":"#0059a9","colorDark":"#00294f","band":2,"off":[-5.1,1.1]}},{"type":"Feature","geometry":{"type":"Point","coordinates":[19.419024,51.817643]},"properties":{"line":"99","mode":"bus","color":"#0059a9","colorDark":"#00294f","band":2,"off":[-1.7,1.1]}},{"type":"Feature","geometry":{"type":"Point","coordinates":[19.419024,51.817643]},"properties":{"line":"N5A","mode":"bus","color":"#0059a9","colorDark":"#00294f","band":2,"off":[1.7,1.1]}},{"type":"Feature","geometry":{"type":"Point","coordinates":[19.419024,51.817643]},"properties":{"line":"N5B","mode":"bus","color":"#0059a9","colorDark":"#00294f","band":2,"off":[5.1,1.1]}},{"type":"Feature","geometry":{"type":"Point","coordinates":[19.413329,51.700841]},"properties":{"name":"Chocianowice IKEA","band":2,"modes":"tram,bus","arr":["16","75A","75B","N4A","Z2"],"off":[0,-0.8]}},{"type":"Feature","geometry":{"type":"Point","coordinates":[19.413329,51.700841]},"properties":{"line":"16","mode":"tram","color":"#d6212b","colorDark":"#7c1116","band":2,"off":[-6.8,1.1]}},{"type":"Feature","geometry":{"type":"Point","coordinates":[19.413329,51.700841]},"properties":{"line":"75A","mode":"bus","color":"#0059a9","colorDark":"#00294f","band":2,"off":[-3.4,1.1]}},{"type":"Feature","geometry":{"type":"Point","coordinates":[19.413329,51.700841]},"properties":{"line":"75B","mode":"bus","color":"#0059a9","colorDark":"#00294f","band":2,"off":[0,1.1]}},{"type":"Feature","geometry":{"type":"Point","coordinates":[19.413329,51.700841]},"properties":{"line":"N4A","mode":"bus","color":"#0059a9","colorDark":"#00294f","band":2,"off":[3.4,1.1]}},{"type":"Feature","geometry":{"type":"Point","coordinates":[19.413329,51.700841]},"properties":{"line":"Z2","mode":"tram","color":"#d6212b","colorDark":"#7c1116","band":2,"off":[6.8,1.1]}},{"type":"Feature","geometry":{"type":"Point","coordinates":[19.382159,51.816976]},"properties":{"name":"cm. Szczecińska","band":2,"modes":"bus","arr":["76","81A","89"],"off":[0,-0.8]}},{"type":"Feature","geometry":{"type":"Point","coordinates":[19.382159,51.816976]},"properties":{"line":"76","mode":"bus","color":"#0059a9","colorDark":"#00294f","band":2,"off":[-3.4,1.1]}},{"type":"Feature","geometry":{"type":"Point","coordinates":[19.382159,51.816976]},"properties":{"line":"81A","mode":"bus","color":"#0059a9","colorDark":"#00294f","band":2,"off":[0,1.1]}},{"type":"Feature","geometry":{"type":"Point","coordinates":[19.382159,51.816976]},"properties":{"line":"89","mode":"bus","color":"#0059a9","colorDark":"#00294f","band":2,"off":[3.4,1.1]}},{"type":"Feature","geometry":{"type":"Point","coordinates":[19.407893,51.7941]},"properties":{"name":"Woronicza-Dw. Łódź Żabieniec","band":2,"modes":"tram,bus","arr":["16","78","Z1"],"off":[0,-0.8]}},{"type":"Feature","geometry":{"type":"Point","coordinates":[19.407893,51.7941]},"properties":{"name":"Dw. Łódź Żabieniec","band":2,"modes":"tram,bus","arr":["16","78","Z1"],"off":[0,-3]}},{"type":"Feature","geometry":{"type":"Point","coordinates":[19.407893,51.7941]},"properties":{"line":"16","mode":"tram","color":"#d6212b","colorDark":"#7c1116","band":2,"off":[-3.4,1.1]}},{"type":"Feature","geometry":{"type":"Point","coordinates":[19.407893,51.7941]},"properties":{"line":"78","mode":"bus","color":"#0059a9","colorDark":"#00294f","band":2,"off":[0,1.1]}},{"type":"Feature","geometry":{"type":"Point","coordinates":[19.407893,51.7941]},"properties":{"line":"Z1","mode":"tram","color":"#d6212b","colorDark":"#7c1116","band":2,"off":[3.4,1.1]}},{"type":"Feature","geometry":{"type":"Point","coordinates":[19.308033,51.82701]},"properties":{"name":"Targowy Rynek (Aleksandrów)","band":2,"modes":"bus","arr":["78","97A","N1A"],"off":[0,-0.8]}},{"type":"Feature","geometry":{"type":"Point","coordinates":[19.308033,51.82701]},"properties":{"line":"78","mode":"bus","color":"#0059a9","colorDark":"#00294f","band":2,"off":[-3.4,1.1]}},{"type":"Feature","geometry":{"type":"Point","coordinates":[19.308033,51.82701]},"properties":{"line":"97A","mode":"bus","color":"#0059a9","colorDark":"#00294f","band":2,"off":[0,1.1]}},{"type":"Feature","geometry":{"type":"Point","coordinates":[19.308033,51.82701]},"properties":{"line":"N1A","mode":"bus","color":"#0059a9","colorDark":"#00294f","band":2,"off":[3.4,1.1]}},{"type":"Feature","geometry":{"type":"Point","coordinates":[19.393573,51.793055]},"properties":{"name":"Traktorowa-Rojna","band":2,"modes":"bus","arr":["81B"],"off":[0,-0.8]}},{"type":"Feature","geometry":{"type":"Point","coordinates":[19.393573,51.793055]},"properties":{"line":"81B","mode":"bus","color":"#0059a9","colorDark":"#00294f","band":2,"off":[0,1.1]}},{"type":"Feature","geometry":{"type":"Point","coordinates":[19.412883,51.76428]},"properties":{"name":"Konstantynowska-ZOO Orientarium","band":2,"modes":"bus","arr":["100"],"off":[0,-0.8]}},{"type":"Feature","geometry":{"type":"Point","coordinates":[19.412883,51.76428]},"properties":{"line":"100","mode":"bus","color":"#0059a9","colorDark":"#00294f","band":2,"off":[0,1.1]}},{"type":"Feature","geometry":{"type":"Point","coordinates":[19.512619,51.791946]},"properties":{"name":"Sikawa Centrum Handlowe","band":2,"modes":"bus","arr":["81A","81B","Z6"],"off":[0,-0.8]}},{"type":"Feature","geometry":{"type":"Point","coordinates":[19.512619,51.791946]},"properties":{"line":"81A","mode":"bus","color":"#0059a9","colorDark":"#00294f","band":2,"off":[-3.4,1.1]}},{"type":"Feature","geometry":{"type":"Point","coordinates":[19.512619,51.791946]},"properties":{"line":"81B","mode":"bus","color":"#0059a9","colorDark":"#00294f","band":2,"off":[0,1.1]}},{"type":"Feature","geometry":{"type":"Point","coordinates":[19.512619,51.791946]},"properties":{"line":"Z6","mode":"bus","color":"#0059a9","colorDark":"#00294f","band":2,"off":[3.4,1.1]}},{"type":"Feature","geometry":{"type":"Point","coordinates":[19.627307,51.744927]},"properties":{"name":"Sąsieczno","band":2,"modes":"bus","arr":["82A"],"off":[0,-0.8]}},{"type":"Feature","geometry":{"type":"Point","coordinates":[19.627307,51.744927]},"properties":{"line":"82A","mode":"bus","color":"#0059a9","colorDark":"#00294f","band":2,"off":[0,1.1]}},{"type":"Feature","geometry":{"type":"Point","coordinates":[19.610298,51.691837]},"properties":{"name":"Stróża Ludwików","band":2,"modes":"bus","arr":["82B"],"off":[0,-0.8]}},{"type":"Feature","geometry":{"type":"Point","coordinates":[19.610298,51.691837]},"properties":{"line":"82B","mode":"bus","color":"#0059a9","colorDark":"#00294f","band":2,"off":[0,1.1]}},{"type":"Feature","geometry":{"type":"Point","coordinates":[19.376661,51.810173]},"properties":{"name":"Wersalska-Szczecińska","band":2,"modes":"bus","arr":["83"],"off":[0,-0.8]}},{"type":"Feature","geometry":{"type":"Point","coordinates":[19.376661,51.810173]},"properties":{"line":"83","mode":"bus","color":"#0059a9","colorDark":"#00294f","band":2,"off":[0,1.1]}},{"type":"Feature","geometry":{"type":"Point","coordinates":[19.325961,51.807459]},"properties":{"name":"Zielony Romanów","band":2,"modes":"bus","arr":["84A"],"off":[0,-0.8]}},{"type":"Feature","geometry":{"type":"Point","coordinates":[19.325961,51.807459]},"properties":{"line":"84A","mode":"bus","color":"#0059a9","colorDark":"#00294f","band":2,"off":[0,1.1]}},{"type":"Feature","geometry":{"type":"Point","coordinates":[19.319656,51.808241]},"properties":{"name":"Poselska (Aleksandrów)","band":2,"modes":"bus","arr":["84B"],"off":[0,-0.8]}},{"type":"Feature","geometry":{"type":"Point","coordinates":[19.319656,51.808241]},"properties":{"line":"84B","mode":"bus","color":"#0059a9","colorDark":"#00294f","band":2,"off":[0,1.1]}},{"type":"Feature","geometry":{"type":"Point","coordinates":[19.425288,51.791467]},"properties":{"name":"Limanowskiego-zajezdnia LIMANOWSKIEGO","band":2,"modes":"bus","arr":["85A"],"off":[0,-0.8]}},{"type":"Feature","geometry":{"type":"Point","coordinates":[19.425288,51.791467]},"properties":{"line":"85A","mode":"bus","color":"#0059a9","colorDark":"#00294f","band":2,"off":[0,1.1]}},{"type":"Feature","geometry":{"type":"Point","coordinates":[19.47431,51.82132]},"properties":{"name":"Arturówek","band":2,"modes":"bus","arr":["85B"],"off":[0,-0.8]}},{"type":"Feature","geometry":{"type":"Point","coordinates":[19.47431,51.82132]},"properties":{"line":"85B","mode":"bus","color":"#0059a9","colorDark":"#00294f","band":2,"off":[0,1.1]}},{"type":"Feature","geometry":{"type":"Point","coordinates":[19.499448,51.789586]},"properties":{"name":"Doły Smutna","band":2,"modes":"bus","arr":["87A"],"off":[0,-0.8]}},{"type":"Feature","geometry":{"type":"Point","coordinates":[19.499448,51.789586]},"properties":{"line":"87A","mode":"bus","color":"#0059a9","colorDark":"#00294f","band":2,"off":[0,1.1]}},{"type":"Feature","geometry":{"type":"Point","coordinates":[19.418255,51.786612]},"properties":{"name":"Żubardź","band":2,"modes":"bus","arr":["87A","87B"],"off":[0,-0.8]}},{"type":"Feature","geometry":{"type":"Point","coordinates":[19.418255,51.786612]},"properties":{"line":"87A","mode":"bus","color":"#0059a9","colorDark":"#00294f","band":2,"off":[-1.7,1.1]}},{"type":"Feature","geometry":{"type":"Point","coordinates":[19.418255,51.786612]},"properties":{"line":"87B","mode":"bus","color":"#0059a9","colorDark":"#00294f","band":2,"off":[1.7,1.1]}},{"type":"Feature","geometry":{"type":"Point","coordinates":[19.509278,51.782657]},"properties":{"name":"Telefoniczna Zajezdnia","band":2,"modes":"bus","arr":["87B","N7B"],"off":[0,-0.8]}},{"type":"Feature","geometry":{"type":"Point","coordinates":[19.509278,51.782657]},"properties":{"line":"87B","mode":"bus","color":"#0059a9","colorDark":"#00294f","band":2,"off":[-1.7,1.1]}},{"type":"Feature","geometry":{"type":"Point","coordinates":[19.509278,51.782657]},"properties":{"line":"N7B","mode":"bus","color":"#0059a9","colorDark":"#00294f","band":2,"off":[1.7,1.1]}},{"type":"Feature","geometry":{"type":"Point","coordinates":[19.53322,51.814692]},"properties":{"name":"Łukaszew Zjazdowa","band":2,"modes":"bus","arr":["88A"],"off":[0,-0.8]}},{"type":"Feature","geometry":{"type":"Point","coordinates":[19.53322,51.814692]},"properties":{"line":"88A","mode":"bus","color":"#0059a9","colorDark":"#00294f","band":2,"off":[0,1.1]}},{"type":"Feature","geometry":{"type":"Point","coordinates":[19.638874,51.854854]},"properties":{"name":"Skoszewy","band":2,"modes":"bus","arr":["88B","88C","91C"],"off":[0,-0.8]}},{"type":"Feature","geometry":{"type":"Point","coordinates":[19.638874,51.854854]},"properties":{"line":"88B","mode":"bus","color":"#0059a9","colorDark":"#00294f","band":2,"off":[-3.4,1.1]}},{"type":"Feature","geometry":{"type":"Point","coordinates":[19.638874,51.854854]},"properties":{"line":"88C","mode":"bus","color":"#0059a9","colorDark":"#00294f","band":2,"off":[0,1.1]}},{"type":"Feature","geometry":{"type":"Point","coordinates":[19.638874,51.854854]},"properties":{"line":"91C","mode":"bus","color":"#0059a9","colorDark":"#00294f","band":2,"off":[3.4,1.1]}},{"type":"Feature","geometry":{"type":"Point","coordinates":[19.575574,51.824748]},"properties":{"name":"Kalonka-Kalonka Centrum Ojca Pio","band":2,"modes":"bus","arr":["88D","91B"],"off":[0,-0.8]}},{"type":"Feature","geometry":{"type":"Point","coordinates":[19.575574,51.824748]},"properties":{"line":"88D","mode":"bus","color":"#0059a9","colorDark":"#00294f","band":2,"off":[-1.7,1.1]}},{"type":"Feature","geometry":{"type":"Point","coordinates":[19.575574,51.824748]},"properties":{"line":"91B","mode":"bus","color":"#0059a9","colorDark":"#00294f","band":2,"off":[1.7,1.1]}},{"type":"Feature","geometry":{"type":"Point","coordinates":[19.442522,51.82011]},"properties":{"name":"Nastrojowa-pl. Słoneczny","band":2,"modes":"bus","arr":["89"],"off":[0,-0.8]}},{"type":"Feature","geometry":{"type":"Point","coordinates":[19.442522,51.82011]},"properties":{"line":"89","mode":"bus","color":"#0059a9","colorDark":"#00294f","band":2,"off":[0,1.1]}},{"type":"Feature","geometry":{"type":"Point","coordinates":[19.596111,51.729642]},"properties":{"name":"Jędrzejowska-Dw. Łódź Olechów Wschód","band":2,"modes":"bus","arr":["90"],"off":[0,-0.8]}},{"type":"Feature","geometry":{"type":"Point","coordinates":[19.596111,51.729642]},"properties":{"line":"90","mode":"bus","color":"#0059a9","colorDark":"#00294f","band":2,"off":[0,1.1]}},{"type":"Feature","geometry":{"type":"Point","coordinates":[19.619295,51.702208]},"properties":{"name":"Stróża-Stróża Kolumny","band":2,"modes":"bus","arr":["92A","92B"],"off":[0,-0.8]}},{"type":"Feature","geometry":{"type":"Point","coordinates":[19.619295,51.702208]},"properties":{"line":"92A","mode":"bus","color":"#0059a9","colorDark":"#00294f","band":2,"off":[-1.7,1.1]}},{"type":"Feature","geometry":{"type":"Point","coordinates":[19.619295,51.702208]},"properties":{"line":"92B","mode":"bus","color":"#0059a9","colorDark":"#00294f","band":2,"off":[1.7,1.1]}},{"type":"Feature","geometry":{"type":"Point","coordinates":[19.503574,51.736142]},"properties":{"name":"Dąbrowskiego-Podhalańska","band":2,"modes":"bus","arr":["W"],"off":[0,-0.8]}},{"type":"Feature","geometry":{"type":"Point","coordinates":[19.503574,51.736142]},"properties":{"line":"W","mode":"bus","color":"#0059a9","colorDark":"#00294f","band":2,"off":[0,1.1]}},{"type":"Feature","geometry":{"type":"Point","coordinates":[19.211597,51.754903]},"properties":{"name":"pl. Jana Pawła II (Lutomiersk)","band":2,"modes":"bus","arr":["94"],"off":[0,-0.8]}},{"type":"Feature","geometry":{"type":"Point","coordinates":[19.211597,51.754903]},"properties":{"line":"94","mode":"bus","color":"#0059a9","colorDark":"#00294f","band":2,"off":[0,1.1]}},{"type":"Feature","geometry":{"type":"Point","coordinates":[19.31303,51.750078]},"properties":{"name":"Jana Pawła II-Pl. Wolności (Konstantynów","band":2,"modes":"bus","arr":["N9","Z43"],"off":[0,-0.8]}},{"type":"Feature","geometry":{"type":"Point","coordinates":[19.31303,51.750078]},"properties":{"line":"N9","mode":"bus","color":"#0059a9","colorDark":"#00294f","band":2,"off":[-1.7,1.1]}},{"type":"Feature","geometry":{"type":"Point","coordinates":[19.31303,51.750078]},"properties":{"line":"Z43","mode":"bus","color":"#0059a9","colorDark":"#00294f","band":2,"off":[1.7,1.1]}},{"type":"Feature","geometry":{"type":"Point","coordinates":[19.315106,51.77429]},"properties":{"name":"Niesięcin-Niesięcin (Konstantynów)","band":2,"modes":"bus","arr":["97B"],"off":[0,-0.8]}},{"type":"Feature","geometry":{"type":"Point","coordinates":[19.315106,51.77429]},"properties":{"line":"97B","mode":"bus","color":"#0059a9","colorDark":"#00294f","band":2,"off":[0,1.1]}},{"type":"Feature","geometry":{"type":"Point","coordinates":[19.455535,51.772679]},"properties":{"name":"Piotrkowska-Łódzka Inf. Turystyczna","band":2,"modes":"bus","arr":["100","101"],"off":[0,-0.8]}},{"type":"Feature","geometry":{"type":"Point","coordinates":[19.455535,51.772679]},"properties":{"line":"100","mode":"bus","color":"#0059a9","colorDark":"#00294f","band":2,"off":[-1.7,1.1]}},{"type":"Feature","geometry":{"type":"Point","coordinates":[19.455535,51.772679]},"properties":{"line":"101","mode":"bus","color":"#0059a9","colorDark":"#00294f","band":2,"off":[1.7,1.1]}},{"type":"Feature","geometry":{"type":"Point","coordinates":[19.472891,51.759549]},"properties":{"name":"Muzeum Kinematografii","band":2,"modes":"bus","arr":["101"],"off":[0,-0.8]}},{"type":"Feature","geometry":{"type":"Point","coordinates":[19.472891,51.759549]},"properties":{"line":"101","mode":"bus","color":"#0059a9","colorDark":"#00294f","band":2,"off":[0,1.1]}},{"type":"Feature","geometry":{"type":"Point","coordinates":[19.537252,51.762371]},"properties":{"name":"rondo Inwalidów","band":2,"modes":"bus","arr":["201","202","W"],"off":[0,-0.8]}},{"type":"Feature","geometry":{"type":"Point","coordinates":[19.537252,51.762371]},"properties":{"line":"201","mode":"bus","color":"#0059a9","colorDark":"#00294f","band":2,"off":[-3.4,1.1]}},{"type":"Feature","geometry":{"type":"Point","coordinates":[19.537252,51.762371]},"properties":{"line":"202","mode":"bus","color":"#0059a9","colorDark":"#00294f","band":2,"off":[0,1.1]}},{"type":"Feature","geometry":{"type":"Point","coordinates":[19.537252,51.762371]},"properties":{"line":"W","mode":"bus","color":"#0059a9","colorDark":"#00294f","band":2,"off":[3.4,1.1]}},{"type":"Feature","geometry":{"type":"Point","coordinates":[19.634655,51.737288]},"properties":{"name":"Bedoń Kościelna/Kościół","band":2,"modes":"bus","arr":["201"],"off":[0,-0.8]}},{"type":"Feature","geometry":{"type":"Point","coordinates":[19.634655,51.737288]},"properties":{"line":"201","mode":"bus","color":"#0059a9","colorDark":"#00294f","band":2,"off":[0,1.1]}},{"type":"Feature","geometry":{"type":"Point","coordinates":[19.677953,51.746692]},"properties":{"name":"Janówka","band":2,"modes":"bus","arr":["202"],"off":[0,-0.8]}},{"type":"Feature","geometry":{"type":"Point","coordinates":[19.677953,51.746692]},"properties":{"line":"202","mode":"bus","color":"#0059a9","colorDark":"#00294f","band":2,"off":[0,1.1]}},{"type":"Feature","geometry":{"type":"Point","coordinates":[19.517649,51.712793]},"properties":{"name":"Jędrzejów Przem. Zachód","band":2,"modes":"bus","arr":["F1","N8"],"off":[0,-0.8]}},{"type":"Feature","geometry":{"type":"Point","coordinates":[19.517649,51.712793]},"properties":{"line":"F1","mode":"bus","color":"#0059a9","colorDark":"#00294f","band":2,"off":[-1.7,1.1]}},{"type":"Feature","geometry":{"type":"Point","coordinates":[19.517649,51.712793]},"properties":{"line":"N8","mode":"bus","color":"#0059a9","colorDark":"#00294f","band":2,"off":[1.7,1.1]}},{"type":"Feature","geometry":{"type":"Point","coordinates":[19.367368,51.740941]},"properties":{"name":"ŁSSE Nowy Józefów","band":2,"modes":"bus","arr":["G1"],"off":[0,-0.8]}},{"type":"Feature","geometry":{"type":"Point","coordinates":[19.367368,51.740941]},"properties":{"line":"G1","mode":"bus","color":"#0059a9","colorDark":"#00294f","band":2,"off":[0,1.1]}},{"type":"Feature","geometry":{"type":"Point","coordinates":[19.360765,51.743131]},"properties":{"name":"ŁSSE ks. Janika","band":2,"modes":"bus","arr":["G2"],"off":[0,-0.8]}},{"type":"Feature","geometry":{"type":"Point","coordinates":[19.360765,51.743131]},"properties":{"line":"G2","mode":"bus","color":"#0059a9","colorDark":"#00294f","band":2,"off":[0,1.1]}},{"type":"Feature","geometry":{"type":"Point","coordinates":[19.4734,51.699331]},"properties":{"name":"Chojny Hydro","band":2,"modes":"bus","arr":["H"],"off":[0,-0.8]}},{"type":"Feature","geometry":{"type":"Point","coordinates":[19.4734,51.699331]},"properties":{"line":"H","mode":"bus","color":"#0059a9","colorDark":"#00294f","band":2,"off":[0,1.1]}},{"type":"Feature","geometry":{"type":"Point","coordinates":[19.454003,51.767846]},"properties":{"name":"Kościuszki-6 Sierpnia","band":2,"modes":"bus","arr":["N8","N9"],"off":[0,-0.8]}},{"type":"Feature","geometry":{"type":"Point","coordinates":[19.454003,51.767846]},"properties":{"line":"N8","mode":"bus","color":"#0059a9","colorDark":"#00294f","band":2,"off":[-1.7,1.1]}},{"type":"Feature","geometry":{"type":"Point","coordinates":[19.454003,51.767846]},"properties":{"line":"N9","mode":"bus","color":"#0059a9","colorDark":"#00294f","band":2,"off":[1.7,1.1]}},{"type":"Feature","geometry":{"type":"Point","coordinates":[19.325472,51.660326]},"properties":{"name":"Dworzec PKP(Pabianice)","band":2,"modes":"bus","arr":["N4B"],"off":[0,-0.8]}},{"type":"Feature","geometry":{"type":"Point","coordinates":[19.325472,51.660326]},"properties":{"line":"N4B","mode":"bus","color":"#0059a9","colorDark":"#00294f","band":2,"off":[0,1.1]}},{"type":"Feature","geometry":{"type":"Point","coordinates":[19.63701,51.726323]},"properties":{"name":"Andrespol","band":2,"modes":"bus","arr":["N5B"],"off":[0,-0.8]}},{"type":"Feature","geometry":{"type":"Point","coordinates":[19.63701,51.726323]},"properties":{"line":"N5B","mode":"bus","color":"#0059a9","colorDark":"#00294f","band":2,"off":[0,1.1]}},{"type":"Feature","geometry":{"type":"Point","coordinates":[19.486444,51.813314]},"properties":{"name":"Marysin Warszawska","band":2,"modes":"bus","arr":["Z3"],"off":[0,-0.8]}},{"type":"Feature","geometry":{"type":"Point","coordinates":[19.486444,51.813314]},"properties":{"line":"Z3","mode":"bus","color":"#0059a9","colorDark":"#00294f","band":2,"off":[0,1.1]}},{"type":"Feature","geometry":{"type":"Point","coordinates":[19.478701,51.734178]},"properties":{"name":"Kilińskiego-Mochnackiego","band":2,"modes":"tram","arr":["1"],"off":[0,-0.8]}},{"type":"Feature","geometry":{"type":"Point","coordinates":[19.478701,51.734178]},"properties":{"line":"1","mode":"tram","color":"#d6212b","colorDark":"#7c1116","band":2,"off":[0,1.1]}},{"type":"Feature","geometry":{"type":"Point","coordinates":[19.437166,51.775658]},"properties":{"name":"Cmentarna-cm. Ogrodowa","band":2,"modes":"tram","arr":["1","7"],"off":[0,-0.8]}},{"type":"Feature","geometry":{"type":"Point","coordinates":[19.437166,51.775658]},"properties":{"line":"1","mode":"tram","color":"#d6212b","colorDark":"#7c1116","band":2,"off":[-1.7,1.1]}},{"type":"Feature","geometry":{"type":"Point","coordinates":[19.437166,51.775658]},"properties":{"line":"7","mode":"tram","color":"#d6212b","colorDark":"#7c1116","band":2,"off":[1.7,1.1]}},{"type":"Feature","geometry":{"type":"Point","coordinates":[19.357794,51.804532]},"properties":{"name":"Kochanówka","band":2,"modes":"tram","arr":["2"],"off":[0,-0.8]}},{"type":"Feature","geometry":{"type":"Point","coordinates":[19.357794,51.804532]},"properties":{"line":"2","mode":"tram","color":"#d6212b","colorDark":"#7c1116","band":2,"off":[0,1.1]}},{"type":"Feature","geometry":{"type":"Point","coordinates":[19.425729,51.8297]},"properties":{"name":"Zgierska-Helenówek-pętla","band":2,"modes":"tram","arr":["4","11"],"off":[0,-0.8]}},{"type":"Feature","geometry":{"type":"Point","coordinates":[19.425729,51.8297]},"properties":{"line":"4","mode":"tram","color":"#d6212b","colorDark":"#7c1116","band":2,"off":[-1.7,1.1]}},{"type":"Feature","geometry":{"type":"Point","coordinates":[19.425729,51.8297]},"properties":{"line":"11","mode":"tram","color":"#d6212b","colorDark":"#7c1116","band":2,"off":[1.7,1.1]}},{"type":"Feature","geometry":{"type":"Point","coordinates":[19.485975,51.718232]},"properties":{"name":"Chojny Kurczaki","band":2,"modes":"tram","arr":["5","6","15"],"off":[0,-0.8]}},{"type":"Feature","geometry":{"type":"Point","coordinates":[19.485975,51.718232]},"properties":{"line":"5","mode":"tram","color":"#d6212b","colorDark":"#7c1116","band":2,"off":[-3.4,1.1]}},{"type":"Feature","geometry":{"type":"Point","coordinates":[19.485975,51.718232]},"properties":{"line":"6","mode":"tram","color":"#d6212b","colorDark":"#7c1116","band":2,"off":[0,1.1]}},{"type":"Feature","geometry":{"type":"Point","coordinates":[19.485975,51.718232]},"properties":{"line":"15","mode":"tram","color":"#d6212b","colorDark":"#7c1116","band":2,"off":[3.4,1.1]}},{"type":"Feature","geometry":{"type":"Point","coordinates":[19.368181,51.802497]},"properties":{"name":"Teofilów","band":2,"modes":"tram","arr":["5","8","13"],"off":[0,-0.8]}},{"type":"Feature","geometry":{"type":"Point","coordinates":[19.368181,51.802497]},"properties":{"line":"5","mode":"tram","color":"#d6212b","colorDark":"#7c1116","band":2,"off":[-3.4,1.1]}},{"type":"Feature","geometry":{"type":"Point","coordinates":[19.368181,51.802497]},"properties":{"line":"8","mode":"tram","color":"#d6212b","colorDark":"#7c1116","band":2,"off":[0,1.1]}},{"type":"Feature","geometry":{"type":"Point","coordinates":[19.368181,51.802497]},"properties":{"line":"13","mode":"tram","color":"#d6212b","colorDark":"#7c1116","band":2,"off":[3.4,1.1]}},{"type":"Feature","geometry":{"type":"Point","coordinates":[19.551142,51.758111]},"properties":{"name":"Widzew Augustów","band":2,"modes":"tram","arr":["6","10A"],"off":[0,-0.8]}},{"type":"Feature","geometry":{"type":"Point","coordinates":[19.551142,51.758111]},"properties":{"line":"6","mode":"tram","color":"#d6212b","colorDark":"#7c1116","band":2,"off":[-1.7,1.1]}},{"type":"Feature","geometry":{"type":"Point","coordinates":[19.551142,51.758111]},"properties":{"line":"10A","mode":"tram","color":"#d6212b","colorDark":"#7c1116","band":2,"off":[1.7,1.1]}},{"type":"Feature","geometry":{"type":"Point","coordinates":[19.576614,51.733829]},"properties":{"name":"Olechów","band":2,"modes":"tram","arr":["9","10B"],"off":[0,-0.8]}},{"type":"Feature","geometry":{"type":"Point","coordinates":[19.576614,51.733829]},"properties":{"line":"9","mode":"tram","color":"#d6212b","colorDark":"#7c1116","band":2,"off":[-1.7,1.1]}},{"type":"Feature","geometry":{"type":"Point","coordinates":[19.576614,51.733829]},"properties":{"line":"10B","mode":"tram","color":"#d6212b","colorDark":"#7c1116","band":2,"off":[1.7,1.1]}},{"type":"Feature","geometry":{"type":"Point","coordinates":[19.529407,51.782474]},"properties":{"name":"Stoki","band":2,"modes":"tram","arr":["12"],"off":[0,-0.8]}},{"type":"Feature","geometry":{"type":"Point","coordinates":[19.529407,51.782474]},"properties":{"line":"12","mode":"tram","color":"#d6212b","colorDark":"#7c1116","band":2,"off":[0,1.1]}},{"type":"Feature","geometry":{"type":"Point","coordinates":[19.506619,51.781637]},"properties":{"name":"Telefoniczna Zajezdnia","band":2,"modes":"tram","arr":["15","45"],"off":[0,-0.8]}},{"type":"Feature","geometry":{"type":"Point","coordinates":[19.506619,51.781637]},"properties":{"line":"15","mode":"tram","color":"#d6212b","colorDark":"#7c1116","band":2,"off":[-1.7,1.1]}},{"type":"Feature","geometry":{"type":"Point","coordinates":[19.506619,51.781637]},"properties":{"line":"45","mode":"tram","color":"#d6212b","colorDark":"#7c1116","band":2,"off":[1.7,1.1]}},{"type":"Feature","geometry":{"type":"Point","coordinates":[19.490094,51.729047]},"properties":{"name":"Dąbrowa Niższa","band":2,"modes":"tram","arr":["13"],"off":[0,-0.8]}},{"type":"Feature","geometry":{"type":"Point","coordinates":[19.490094,51.729047]},"properties":{"line":"13","mode":"tram","color":"#d6212b","colorDark":"#7c1116","band":2,"off":[0,1.1]}},{"type":"Feature","geometry":{"type":"Point","coordinates":[19.323228,51.658467]},"properties":{"name":"Łaska -Wiejska (Pabianice)","band":2,"modes":"tram","arr":["41"],"off":[0,-0.8]}},{"type":"Feature","geometry":{"type":"Point","coordinates":[19.323228,51.658467]},"properties":{"line":"41","mode":"tram","color":"#d6212b","colorDark":"#7c1116","band":2,"off":[0,1.1]}},{"type":"Feature","geometry":{"type":"Point","coordinates":[19.415915,51.854644]},"properties":{"name":"pl. Kilińskiego (Zgierz)","band":2,"modes":"tram","arr":["45"],"off":[0,-0.8]}},{"type":"Feature","geometry":{"type":"Point","coordinates":[19.415915,51.854644]},"properties":{"line":"45","mode":"tram","color":"#d6212b","colorDark":"#7c1116","band":2,"off":[0,1.1]}},{"type":"Feature","geometry":{"type":"Point","coordinates":[19.494381,51.774114]},"properties":{"name":"Narutowicza-Radiostacja","band":2,"modes":"tram","arr":["O"],"off":[0,-0.8]}},{"type":"Feature","geometry":{"type":"Point","coordinates":[19.494381,51.774114]},"properties":{"line":"O","mode":"tram","color":"#d6212b","colorDark":"#7c1116","band":2,"off":[0,1.1]}},{"type":"Feature","geometry":{"type":"Point","coordinates":[19.459319,51.779564]},"properties":{"name":"Północna","band":2,"modes":"tram","arr":["O"],"off":[0,-0.8]}},{"type":"Feature","geometry":{"type":"Point","coordinates":[19.459319,51.779564]},"properties":{"line":"O","mode":"tram","color":"#d6212b","colorDark":"#7c1116","band":2,"off":[0,1.1]}},{"type":"Feature","geometry":{"type":"Point","coordinates":[19.487606,51.797135]},"properties":{"name":"Doły","band":2,"modes":"tram","arr":["Z1"],"off":[0,-0.8]}},{"type":"Feature","geometry":{"type":"Point","coordinates":[19.487606,51.797135]},"properties":{"line":"Z1","mode":"tram","color":"#d6212b","colorDark":"#7c1116","band":2,"off":[0,1.1]}},{"type":"Feature","geometry":{"type":"Point","coordinates":[19.432176,51.75753]},"properties":{"name":"Dw. Łódź Kaliska","band":3,"modes":"bus","arr":["6.","52","93"],"off":[0,-0.8]}},{"type":"Feature","geometry":{"type":"Point","coordinates":[19.432176,51.75753]},"properties":{"line":"6.","mode":"bus","color":"#0059a9","colorDark":"#00294f","band":3,"off":[-3.4,1.1]}},{"type":"Feature","geometry":{"type":"Point","coordinates":[19.432176,51.75753]},"properties":{"line":"52","mode":"bus","color":"#0059a9","colorDark":"#00294f","band":3,"off":[0,1.1]}},{"type":"Feature","geometry":{"type":"Point","coordinates":[19.432176,51.75753]},"properties":{"line":"93","mode":"bus","color":"#0059a9","colorDark":"#00294f","band":3,"off":[3.4,1.1]}},{"type":"Feature","geometry":{"type":"Point","coordinates":[19.361374,51.795523]},"properties":{"name":"Teofilów Rojna","band":3,"modes":"bus","arr":["84A","84B","96","N1B","N3A","N3B"],"off":[0,-0.8]}},{"type":"Feature","geometry":{"type":"Point","coordinates":[19.361374,51.795523]},"properties":{"line":"84A","mode":"bus","color":"#0059a9","colorDark":"#00294f","band":3,"off":[-6.8,1.1]}},{"type":"Feature","geometry":{"type":"Point","coordinates":[19.361374,51.795523]},"properties":{"line":"84B","mode":"bus","color":"#0059a9","colorDark":"#00294f","band":3,"off":[-3.4,1.1]}},{"type":"Feature","geometry":{"type":"Point","coordinates":[19.361374,51.795523]},"properties":{"line":"96","mode":"bus","color":"#0059a9","colorDark":"#00294f","band":3,"off":[0,1.1]}},{"type":"Feature","geometry":{"type":"Point","coordinates":[19.361374,51.795523]},"properties":{"line":"N1B","mode":"bus","color":"#0059a9","colorDark":"#00294f","band":3,"off":[3.4,1.1]}},{"type":"Feature","geometry":{"type":"Point","coordinates":[19.361374,51.795523]},"properties":{"line":"N3A","mode":"bus","color":"#0059a9","colorDark":"#00294f","band":3,"off":[6.8,1.1]}},{"type":"Feature","geometry":{"type":"Point","coordinates":[19.361374,51.795523]},"properties":{"line":"N3B","mode":"bus","color":"#0059a9","colorDark":"#00294f","band":3,"off":[0,3.1]}},{"type":"Feature","geometry":{"type":"Point","coordinates":[19.382069,51.867819]},"properties":{"name":"Parzęczewska-Parzęczewska /Staffa(Zg.)","band":3,"modes":"bus","arr":["6.","61"],"off":[0,-0.8]}},{"type":"Feature","geometry":{"type":"Point","coordinates":[19.382069,51.867819]},"properties":{"name":"Parzęczewska /Staffa(Zg.)","band":3,"modes":"bus","arr":["6.","61"],"off":[0,-4.1]}},{"type":"Feature","geometry":{"type":"Point","coordinates":[19.382069,51.867819]},"properties":{"line":"6.","mode":"bus","color":"#0059a9","colorDark":"#00294f","band":3,"off":[-1.7,1.1]}},{"type":"Feature","geometry":{"type":"Point","coordinates":[19.382069,51.867819]},"properties":{"line":"61","mode":"bus","color":"#0059a9","colorDark":"#00294f","band":3,"off":[1.7,1.1]}},{"type":"Feature","geometry":{"type":"Point","coordinates":[19.494005,51.651778]},"properties":{"name":"Tuszyńska (Rzgów)","band":3,"modes":"bus","arr":["50A"],"off":[0,-0.8]}},{"type":"Feature","geometry":{"type":"Point","coordinates":[19.494005,51.651778]},"properties":{"line":"50A","mode":"bus","color":"#0059a9","colorDark":"#00294f","band":3,"off":[0,1.1]}},{"type":"Feature","geometry":{"type":"Point","coordinates":[19.464051,51.740318]},"properties":{"name":"pl. Niepodległości","band":3,"modes":"tram,bus","arr":["41","50A","50B","63","68","92A","92B","Z11"],"off":[0,-0.8]}},{"type":"Feature","geometry":{"type":"Point","coordinates":[19.464051,51.740318]},"properties":{"line":"41","mode":"tram","color":"#d6212b","colorDark":"#7c1116","band":3,"off":[-6.8,1.1]}},{"type":"Feature","geometry":{"type":"Point","coordinates":[19.464051,51.740318]},"properties":{"line":"50A","mode":"bus","color":"#0059a9","colorDark":"#00294f","band":3,"off":[-3.4,1.1]}},{"type":"Feature","geometry":{"type":"Point","coordinates":[19.464051,51.740318]},"properties":{"line":"50B","mode":"bus","color":"#0059a9","colorDark":"#00294f","band":3,"off":[0,1.1]}},{"type":"Feature","geometry":{"type":"Point","coordinates":[19.464051,51.740318]},"properties":{"line":"63","mode":"bus","color":"#0059a9","colorDark":"#00294f","band":3,"off":[3.4,1.1]}},{"type":"Feature","geometry":{"type":"Point","coordinates":[19.464051,51.740318]},"properties":{"line":"68","mode":"bus","color":"#0059a9","colorDark":"#00294f","band":3,"off":[6.8,1.1]}},{"type":"Feature","geometry":{"type":"Point","coordinates":[19.464051,51.740318]},"properties":{"line":"92A","mode":"bus","color":"#0059a9","colorDark":"#00294f","band":3,"off":[-3.4,3.1]}},{"type":"Feature","geometry":{"type":"Point","coordinates":[19.464051,51.740318]},"properties":{"line":"92B","mode":"bus","color":"#0059a9","colorDark":"#00294f","band":3,"off":[0,3.1]}},{"type":"Feature","geometry":{"type":"Point","coordinates":[19.464051,51.740318]},"properties":{"line":"Z11","mode":"bus","color":"#0059a9","colorDark":"#00294f","band":3,"off":[3.4,3.1]}},{"type":"Feature","geometry":{"type":"Point","coordinates":[19.48648,51.646431]},"properties":{"name":"CT Ptak Mandoria (Rzgów)","band":3,"modes":"bus","arr":["50B","56"],"off":[0,-0.8]}},{"type":"Feature","geometry":{"type":"Point","coordinates":[19.48648,51.646431]},"properties":{"line":"50B","mode":"bus","color":"#0059a9","colorDark":"#00294f","band":3,"off":[-1.7,1.1]}},{"type":"Feature","geometry":{"type":"Point","coordinates":[19.48648,51.646431]},"properties":{"line":"56","mode":"bus","color":"#0059a9","colorDark":"#00294f","band":3,"off":[1.7,1.1]}},{"type":"Feature","geometry":{"type":"Point","coordinates":[19.468737,51.770331]},"properties":{"name":"Dw. Łódź Fabryczna","band":3,"modes":"bus","arr":["51A","51B","53A","53B","53C","58A","58B","61","67","77","85A","85B","86","88A","88B","88C","88D"],"off":[0,-0.8]}},{"type":"Feature","geometry":{"type":"Point","coordinates":[19.468737,51.770331]},"properties":{"line":"51A","mode":"bus","color":"#0059a9","colorDark":"#00294f","band":3,"off":[-6.8,1.1]}},{"type":"Feature","geometry":{"type":"Point","coordinates":[19.468737,51.770331]},"properties":{"line":"51B","mode":"bus","color":"#0059a9","colorDark":"#00294f","band":3,"off":[-3.4,1.1]}},{"type":"Feature","geometry":{"type":"Point","coordinates":[19.468737,51.770331]},"properties":{"line":"53A","mode":"bus","color":"#0059a9","colorDark":"#00294f","band":3,"off":[0,1.1]}},{"type":"Feature","geometry":{"type":"Point","coordinates":[19.468737,51.770331]},"properties":{"line":"53B","mode":"bus","color":"#0059a9","colorDark":"#00294f","band":3,"off":[3.4,1.1]}},{"type":"Feature","geometry":{"type":"Point","coordinates":[19.468737,51.770331]},"properties":{"line":"53C","mode":"bus","color":"#0059a9","colorDark":"#00294f","band":3,"off":[6.8,1.1]}},{"type":"Feature","geometry":{"type":"Point","coordinates":[19.468737,51.770331]},"properties":{"line":"58A","mode":"bus","color":"#0059a9","colorDark":"#00294f","band":3,"off":[-6.8,3.1]}},{"type":"Feature","geometry":{"type":"Point","coordinates":[19.468737,51.770331]},"properties":{"line":"58B","mode":"bus","color":"#0059a9","colorDark":"#00294f","band":3,"off":[-3.4,3.1]}},{"type":"Feature","geometry":{"type":"Point","coordinates":[19.468737,51.770331]},"properties":{"line":"61","mode":"bus","color":"#0059a9","colorDark":"#00294f","band":3,"off":[0,3.1]}},{"type":"Feature","geometry":{"type":"Point","coordinates":[19.468737,51.770331]},"properties":{"line":"67","mode":"bus","color":"#0059a9","colorDark":"#00294f","band":3,"off":[3.4,3.1]}},{"type":"Feature","geometry":{"type":"Point","coordinates":[19.468737,51.770331]},"properties":{"line":"77","mode":"bus","color":"#0059a9","colorDark":"#00294f","band":3,"off":[6.8,3.1]}},{"type":"Feature","geometry":{"type":"Point","coordinates":[19.468737,51.770331]},"properties":{"line":"85A","mode":"bus","color":"#0059a9","colorDark":"#00294f","band":3,"off":[-6.8,5.1]}},{"type":"Feature","geometry":{"type":"Point","coordinates":[19.468737,51.770331]},"properties":{"line":"85B","mode":"bus","color":"#0059a9","colorDark":"#00294f","band":3,"off":[-3.4,5.1]}},{"type":"Feature","geometry":{"type":"Point","coordinates":[19.468737,51.770331]},"properties":{"line":"86","mode":"bus","color":"#0059a9","colorDark":"#00294f","band":3,"off":[0,5.1]}},{"type":"Feature","geometry":{"type":"Point","coordinates":[19.468737,51.770331]},"properties":{"line":"88A","mode":"bus","color":"#0059a9","colorDark":"#00294f","band":3,"off":[3.4,5.1]}},{"type":"Feature","geometry":{"type":"Point","coordinates":[19.468737,51.770331]},"properties":{"line":"88B","mode":"bus","color":"#0059a9","colorDark":"#00294f","band":3,"off":[6.8,5.1]}},{"type":"Feature","geometry":{"type":"Point","coordinates":[19.468737,51.770331]},"properties":{"line":"88C","mode":"bus","color":"#0059a9","colorDark":"#00294f","band":3,"off":[-1.7,7.1]}},{"type":"Feature","geometry":{"type":"Point","coordinates":[19.468737,51.770331]},"properties":{"line":"88D","mode":"bus","color":"#0059a9","colorDark":"#00294f","band":3,"off":[1.7,7.1]}},{"type":"Feature","geometry":{"type":"Point","coordinates":[19.474865,51.846866]},"properties":{"name":"Okólna-Łagiewniki","band":3,"modes":"bus","arr":["51A"],"off":[0,-0.8]}},{"type":"Feature","geometry":{"type":"Point","coordinates":[19.474865,51.846866]},"properties":{"line":"51A","mode":"bus","color":"#0059a9","colorDark":"#00294f","band":3,"off":[0,1.1]}},{"type":"Feature","geometry":{"type":"Point","coordinates":[19.490634,51.858863]},"properties":{"name":"Łódź Skotniki","band":3,"modes":"bus","arr":["51B"],"off":[0,-0.8]}},{"type":"Feature","geometry":{"type":"Point","coordinates":[19.490634,51.858863]},"properties":{"line":"51B","mode":"bus","color":"#0059a9","colorDark":"#00294f","band":3,"off":[0,1.1]}},{"type":"Feature","geometry":{"type":"Point","coordinates":[19.503876,51.720102]},"properties":{"name":"Komorniki","band":3,"modes":"bus","arr":["52"],"off":[0,-0.8]}},{"type":"Feature","geometry":{"type":"Point","coordinates":[19.503876,51.720102]},"properties":{"line":"52","mode":"bus","color":"#0059a9","colorDark":"#00294f","band":3,"off":[0,1.1]}},{"type":"Feature","geometry":{"type":"Point","coordinates":[19.589083,51.793695]},"properties":{"name":"Brzezińska-Nowosolna","band":3,"modes":"bus","arr":["53A","53C","N7A"],"off":[0,-0.8]}},{"type":"Feature","geometry":{"type":"Point","coordinates":[19.589083,51.793695]},"properties":{"line":"53A","mode":"bus","color":"#0059a9","colorDark":"#00294f","band":3,"off":[-3.4,1.1]}},{"type":"Feature","geometry":{"type":"Point","coordinates":[19.589083,51.793695]},"properties":{"line":"53C","mode":"bus","color":"#0059a9","colorDark":"#00294f","band":3,"off":[0,1.1]}},{"type":"Feature","geometry":{"type":"Point","coordinates":[19.589083,51.793695]},"properties":{"line":"N7A","mode":"bus","color":"#0059a9","colorDark":"#00294f","band":3,"off":[3.4,1.1]}},{"type":"Feature","geometry":{"type":"Point","coordinates":[19.762289,51.803861]},"properties":{"name":"Głowackiego (Brzeziny)","band":3,"modes":"bus","arr":["53B"],"off":[0,-0.8]}},{"type":"Feature","geometry":{"type":"Point","coordinates":[19.762289,51.803861]},"properties":{"line":"53B","mode":"bus","color":"#0059a9","colorDark":"#00294f","band":3,"off":[0,1.1]}},{"type":"Feature","geometry":{"type":"Point","coordinates":[19.485932,51.767321]},"properties":{"name":"pl. Mikulskiego","band":3,"modes":"bus","arr":["54B","83","Z13"],"off":[0,-0.8]}},{"type":"Feature","geometry":{"type":"Point","coordinates":[19.485932,51.767321]},"properties":{"line":"54B","mode":"bus","color":"#0059a9","colorDark":"#00294f","band":3,"off":[-3.4,1.1]}},{"type":"Feature","geometry":{"type":"Point","coordinates":[19.485932,51.767321]},"properties":{"line":"83","mode":"bus","color":"#0059a9","colorDark":"#00294f","band":3,"off":[0,1.1]}},{"type":"Feature","geometry":{"type":"Point","coordinates":[19.485932,51.767321]},"properties":{"line":"Z13","mode":"bus","color":"#0059a9","colorDark":"#00294f","band":3,"off":[3.4,1.1]}},{"type":"Feature","geometry":{"type":"Point","coordinates":[19.5733,51.806405]},"properties":{"name":"ROD Polanka","band":3,"modes":"bus","arr":["54B"],"off":[0,-0.8]}},{"type":"Feature","geometry":{"type":"Point","coordinates":[19.5733,51.806405]},"properties":{"line":"54B","mode":"bus","color":"#0059a9","colorDark":"#00294f","band":3,"off":[0,1.1]}},{"type":"Feature","geometry":{"type":"Point","coordinates":[19.54311,51.774114]},"properties":{"name":"Skalna-Juhasowa","band":3,"modes":"bus","arr":["N4A","N4B"],"off":[0,-0.8]}},{"type":"Feature","geometry":{"type":"Point","coordinates":[19.54311,51.774114]},"properties":{"line":"N4A","mode":"bus","color":"#0059a9","colorDark":"#00294f","band":3,"off":[-1.7,1.1]}},{"type":"Feature","geometry":{"type":"Point","coordinates":[19.54311,51.774114]},"properties":{"line":"N4B","mode":"bus","color":"#0059a9","colorDark":"#00294f","band":3,"off":[1.7,1.1]}},{"type":"Feature","geometry":{"type":"Point","coordinates":[19.383304,51.747439]},"properties":{"name":"Retkinia Kusocińskiego","band":3,"modes":"bus","arr":["55A","55B","55C","69A","69B","76","86"],"off":[0,-0.8]}},{"type":"Feature","geometry":{"type":"Point","coordinates":[19.383304,51.747439]},"properties":{"line":"55A","mode":"bus","color":"#0059a9","colorDark":"#00294f","band":3,"off":[-6.8,1.1]}},{"type":"Feature","geometry":{"type":"Point","coordinates":[19.383304,51.747439]},"properties":{"line":"55B","mode":"bus","color":"#0059a9","colorDark":"#00294f","band":3,"off":[-3.4,1.1]}},{"type":"Feature","geometry":{"type":"Point","coordinates":[19.383304,51.747439]},"properties":{"line":"55C","mode":"bus","color":"#0059a9","colorDark":"#00294f","band":3,"off":[0,1.1]}},{"type":"Feature","geometry":{"type":"Point","coordinates":[19.383304,51.747439]},"properties":{"line":"69A","mode":"bus","color":"#0059a9","colorDark":"#00294f","band":3,"off":[3.4,1.1]}},{"type":"Feature","geometry":{"type":"Point","coordinates":[19.383304,51.747439]},"properties":{"line":"69B","mode":"bus","color":"#0059a9","colorDark":"#00294f","band":3,"off":[6.8,1.1]}},{"type":"Feature","geometry":{"type":"Point","coordinates":[19.383304,51.747439]},"properties":{"line":"76","mode":"bus","color":"#0059a9","colorDark":"#00294f","band":3,"off":[-1.7,3.1]}},{"type":"Feature","geometry":{"type":"Point","coordinates":[19.383304,51.747439]},"properties":{"line":"86","mode":"bus","color":"#0059a9","colorDark":"#00294f","band":3,"off":[1.7,3.1]}},{"type":"Feature","geometry":{"type":"Point","coordinates":[19.509657,51.736533]},"properties":{"name":"Dw. Łódź Dąbrowa","band":3,"modes":"bus","arr":["55A","F1","N6"],"off":[0,-0.8]}},{"type":"Feature","geometry":{"type":"Point","coordinates":[19.509657,51.736533]},"properties":{"line":"55A","mode":"bus","color":"#0059a9","colorDark":"#00294f","band":3,"off":[-3.4,1.1]}},{"type":"Feature","geometry":{"type":"Point","coordinates":[19.509657,51.736533]},"properties":{"line":"F1","mode":"bus","color":"#0059a9","colorDark":"#00294f","band":3,"off":[0,1.1]}},{"type":"Feature","geometry":{"type":"Point","coordinates":[19.509657,51.736533]},"properties":{"line":"N6","mode":"bus","color":"#0059a9","colorDark":"#00294f","band":3,"off":[3.4,1.1]}},{"type":"Feature","geometry":{"type":"Point","coordinates":[19.520782,51.748365]},"properties":{"name":"cm. Zarzew","band":3,"modes":"bus","arr":["55B","64A"],"off":[0,-0.8]}},{"type":"Feature","geometry":{"type":"Point","coordinates":[19.520782,51.748365]},"properties":{"line":"55B","mode":"bus","color":"#0059a9","colorDark":"#00294f","band":3,"off":[-1.7,1.1]}},{"type":"Feature","geometry":{"type":"Point","coordinates":[19.520782,51.748365]},"properties":{"line":"64A","mode":"bus","color":"#0059a9","colorDark":"#00294f","band":3,"off":[1.7,1.1]}},{"type":"Feature","geometry":{"type":"Point","coordinates":[19.524056,51.730162]},"properties":{"name":"Lodowa-Lodowa 97 NŻ","band":3,"modes":"bus","arr":["55C"],"off":[0,-0.8]}},{"type":"Feature","geometry":{"type":"Point","coordinates":[19.524056,51.730162]},"properties":{"line":"55C","mode":"bus","color":"#0059a9","colorDark":"#00294f","band":3,"off":[0,1.1]}},{"type":"Feature","geometry":{"type":"Point","coordinates":[19.464415,51.726139]},"properties":{"name":"Piastów Kurak","band":3,"modes":"bus","arr":["56","57"],"off":[0,-0.8]}},{"type":"Feature","geometry":{"type":"Point","coordinates":[19.464415,51.726139]},"properties":{"line":"56","mode":"bus","color":"#0059a9","colorDark":"#00294f","band":3,"off":[-1.7,1.1]}},{"type":"Feature","geometry":{"type":"Point","coordinates":[19.464415,51.726139]},"properties":{"line":"57","mode":"bus","color":"#0059a9","colorDark":"#00294f","band":3,"off":[1.7,1.1]}},{"type":"Feature","geometry":{"type":"Point","coordinates":[19.46602,51.793263]},"properties":{"name":"Marysin Stadion","band":3,"modes":"bus","arr":["57"],"off":[0,-0.8]}},{"type":"Feature","geometry":{"type":"Point","coordinates":[19.46602,51.793263]},"properties":{"line":"57","mode":"bus","color":"#0059a9","colorDark":"#00294f","band":3,"off":[0,1.1]}},{"type":"Feature","geometry":{"type":"Point","coordinates":[19.574934,51.752026]},"properties":{"name":"Janów","band":3,"modes":"bus","arr":["58A","58B","72A","72B","80A","80B","90","91A","91B","91C","96","N1A","N1B","N5A"],"off":[0,-0.8]}},{"type":"Feature","geometry":{"type":"Point","coordinates":[19.574934,51.752026]},"properties":{"line":"58A","mode":"bus","color":"#0059a9","colorDark":"#00294f","band":3,"off":[-6.8,1.1]}},{"type":"Feature","geometry":{"type":"Point","coordinates":[19.574934,51.752026]},"properties":{"line":"58B","mode":"bus","color":"#0059a9","colorDark":"#00294f","band":3,"off":[-3.4,1.1]}},{"type":"Feature","geometry":{"type":"Point","coordinates":[19.574934,51.752026]},"properties":{"line":"72A","mode":"bus","color":"#0059a9","colorDark":"#00294f","band":3,"off":[0,1.1]}},{"type":"Feature","geometry":{"type":"Point","coordinates":[19.574934,51.752026]},"properties":{"line":"72B","mode":"bus","color":"#0059a9","colorDark":"#00294f","band":3,"off":[3.4,1.1]}},{"type":"Feature","geometry":{"type":"Point","coordinates":[19.574934,51.752026]},"properties":{"line":"80A","mode":"bus","color":"#0059a9","colorDark":"#00294f","band":3,"off":[6.8,1.1]}},{"type":"Feature","geometry":{"type":"Point","coordinates":[19.574934,51.752026]},"properties":{"line":"80B","mode":"bus","color":"#0059a9","colorDark":"#00294f","band":3,"off":[-6.8,3.1]}},{"type":"Feature","geometry":{"type":"Point","coordinates":[19.574934,51.752026]},"properties":{"line":"90","mode":"bus","color":"#0059a9","colorDark":"#00294f","band":3,"off":[-3.4,3.1]}},{"type":"Feature","geometry":{"type":"Point","coordinates":[19.574934,51.752026]},"properties":{"line":"91A","mode":"bus","color":"#0059a9","colorDark":"#00294f","band":3,"off":[0,3.1]}},{"type":"Feature","geometry":{"type":"Point","coordinates":[19.574934,51.752026]},"properties":{"line":"91B","mode":"bus","color":"#0059a9","colorDark":"#00294f","band":3,"off":[3.4,3.1]}},{"type":"Feature","geometry":{"type":"Point","coordinates":[19.574934,51.752026]},"properties":{"line":"91C","mode":"bus","color":"#0059a9","colorDark":"#00294f","band":3,"off":[6.8,3.1]}},{"type":"Feature","geometry":{"type":"Point","coordinates":[19.574934,51.752026]},"properties":{"line":"96","mode":"bus","color":"#0059a9","colorDark":"#00294f","band":3,"off":[-5.1,5.1]}},{"type":"Feature","geometry":{"type":"Point","coordinates":[19.574934,51.752026]},"properties":{"line":"N1A","mode":"bus","color":"#0059a9","colorDark":"#00294f","band":3,"off":[-1.7,5.1]}},{"type":"Feature","geometry":{"type":"Point","coordinates":[19.574934,51.752026]},"properties":{"line":"N1B","mode":"bus","color":"#0059a9","colorDark":"#00294f","band":3,"off":[1.7,5.1]}},{"type":"Feature","geometry":{"type":"Point","coordinates":[19.574934,51.752026]},"properties":{"line":"N5A","mode":"bus","color":"#0059a9","colorDark":"#00294f","band":3,"off":[5.1,5.1]}},{"type":"Feature","geometry":{"type":"Point","coordinates":[19.448251,51.776231]},"properties":{"name":"Legionów-Gdańska","band":3,"modes":"bus","arr":["59"],"off":[0,-0.8]}},{"type":"Feature","geometry":{"type":"Point","coordinates":[19.448251,51.776231]},"properties":{"line":"59","mode":"bus","color":"#0059a9","colorDark":"#00294f","band":3,"off":[0,1.1]}},{"type":"Feature","geometry":{"type":"Point","coordinates":[19.45147,51.780313]},"properties":{"name":"Zachodnia-Manufaktura","band":3,"modes":"bus","arr":["Z6"],"off":[0,-0.8]}},{"type":"Feature","geometry":{"type":"Point","coordinates":[19.45147,51.780313]},"properties":{"line":"Z6","mode":"bus","color":"#0059a9","colorDark":"#00294f","band":3,"off":[0,1.1]}},{"type":"Feature","geometry":{"type":"Point","coordinates":[19.438506,51.824769]},"properties":{"name":"Radogoszcz Wschód","band":3,"modes":"bus","arr":["59","65A","65B","N2"],"off":[0,-0.8]}},{"type":"Feature","geometry":{"type":"Point","coordinates":[19.438506,51.824769]},"properties":{"line":"59","mode":"bus","color":"#0059a9","colorDark":"#00294f","band":3,"off":[-5.1,1.1]}},{"type":"Feature","geometry":{"type":"Point","coordinates":[19.438506,51.824769]},"properties":{"line":"65A","mode":"bus","color":"#0059a9","colorDark":"#00294f","band":3,"off":[-1.7,1.1]}},{"type":"Feature","geometry":{"type":"Point","coordinates":[19.438506,51.824769]},"properties":{"line":"65B","mode":"bus","color":"#0059a9","colorDark":"#00294f","band":3,"off":[1.7,1.1]}},{"type":"Feature","geometry":{"type":"Point","coordinates":[19.438506,51.824769]},"properties":{"line":"N2","mode":"bus","color":"#0059a9","colorDark":"#00294f","band":3,"off":[5.1,1.1]}},{"type":"Feature","geometry":{"type":"Point","coordinates":[19.49421,51.764331]},"properties":{"name":"CH Tulipan","band":3,"modes":"bus","arr":["60A","60B","60C","60D"],"off":[0,-0.8]}},{"type":"Feature","geometry":{"type":"Point","coordinates":[19.49421,51.764331]},"properties":{"line":"60A","mode":"bus","color":"#0059a9","colorDark":"#00294f","band":3,"off":[-5.1,1.1]}},{"type":"Feature","geometry":{"type":"Point","coordinates":[19.49421,51.764331]},"properties":{"line":"60B","mode":"bus","color":"#0059a9","colorDark":"#00294f","band":3,"off":[-1.7,1.1]}},{"type":"Feature","geometry":{"type":"Point","coordinates":[19.49421,51.764331]},"properties":{"line":"60C","mode":"bus","color":"#0059a9","colorDark":"#00294f","band":3,"off":[1.7,1.1]}},{"type":"Feature","geometry":{"type":"Point","coordinates":[19.49421,51.764331]},"properties":{"line":"60D","mode":"bus","color":"#0059a9","colorDark":"#00294f","band":3,"off":[5.1,1.1]}},{"type":"Feature","geometry":{"type":"Point","coordinates":[19.557945,51.841906]},"properties":{"name":"Strykowska-Imielnik Nowy","band":3,"modes":"bus","arr":["60A"],"off":[0,-0.8]}},{"type":"Feature","geometry":{"type":"Point","coordinates":[19.557945,51.841906]},"properties":{"line":"60A","mode":"bus","color":"#0059a9","colorDark":"#00294f","band":3,"off":[0,1.1]}},{"type":"Feature","geometry":{"type":"Point","coordinates":[19.570724,51.866899]},"properties":{"name":"Michałówek Dobra","band":3,"modes":"bus","arr":["60B"],"off":[0,-0.8]}},{"type":"Feature","geometry":{"type":"Point","coordinates":[19.570724,51.866899]},"properties":{"line":"60B","mode":"bus","color":"#0059a9","colorDark":"#00294f","band":3,"off":[0,1.1]}},{"type":"Feature","geometry":{"type":"Point","coordinates":[19.594267,51.91026]},"properties":{"name":"Stryków Dworzec PKP","band":3,"modes":"bus","arr":["60C"],"off":[0,-0.8]}},{"type":"Feature","geometry":{"type":"Point","coordinates":[19.594267,51.91026]},"properties":{"line":"60C","mode":"bus","color":"#0059a9","colorDark":"#00294f","band":3,"off":[0,1.1]}},{"type":"Feature","geometry":{"type":"Point","coordinates":[19.48072,51.806385]},"properties":{"name":"Marysin Tęczowa","band":3,"modes":"bus","arr":["60D"],"off":[0,-0.8]}},{"type":"Feature","geometry":{"type":"Point","coordinates":[19.48072,51.806385]},"properties":{"line":"60D","mode":"bus","color":"#0059a9","colorDark":"#00294f","band":3,"off":[0,1.1]}},{"type":"Feature","geometry":{"type":"Point","coordinates":[19.411896,51.718411]},"properties":{"name":"Bionanopark","band":3,"modes":"bus","arr":["62"],"off":[0,-0.8]}},{"type":"Feature","geometry":{"type":"Point","coordinates":[19.411896,51.718411]},"properties":{"line":"62","mode":"bus","color":"#0059a9","colorDark":"#00294f","band":3,"off":[0,1.1]}},{"type":"Feature","geometry":{"type":"Point","coordinates":[19.480721,51.726103]},"properties":{"name":"Dw. Łódź Chojny","band":3,"modes":"bus","arr":["62","63","71A","71B","H"],"off":[0,-0.8]}},{"type":"Feature","geometry":{"type":"Point","coordinates":[19.480721,51.726103]},"properties":{"line":"62","mode":"bus","color":"#0059a9","colorDark":"#00294f","band":3,"off":[-6.8,1.1]}},{"type":"Feature","geometry":{"type":"Point","coordinates":[19.480721,51.726103]},"properties":{"line":"63","mode":"bus","color":"#0059a9","colorDark":"#00294f","band":3,"off":[-3.4,1.1]}},{"type":"Feature","geometry":{"type":"Point","coordinates":[19.480721,51.726103]},"properties":{"line":"71A","mode":"bus","color":"#0059a9","colorDark":"#00294f","band":3,"off":[0,1.1]}},{"type":"Feature","geometry":{"type":"Point","coordinates":[19.480721,51.726103]},"properties":{"line":"71B","mode":"bus","color":"#0059a9","colorDark":"#00294f","band":3,"off":[3.4,1.1]}},{"type":"Feature","geometry":{"type":"Point","coordinates":[19.480721,51.726103]},"properties":{"line":"H","mode":"bus","color":"#0059a9","colorDark":"#00294f","band":3,"off":[6.8,1.1]}},{"type":"Feature","geometry":{"type":"Point","coordinates":[19.422674,51.727045]},"properties":{"name":"Św. Franciszka-Czahary","band":3,"modes":"bus","arr":["77"],"off":[0,-0.8]}},{"type":"Feature","geometry":{"type":"Point","coordinates":[19.422674,51.727045]},"properties":{"line":"77","mode":"bus","color":"#0059a9","colorDark":"#00294f","band":3,"off":[0,1.1]}},{"type":"Feature","geometry":{"type":"Point","coordinates":[19.449307,51.788219]},"properties":{"name":"Zachodnia-Limanowskiego","band":3,"modes":"bus","arr":["64A","64B"],"off":[0,-0.8]}},{"type":"Feature","geometry":{"type":"Point","coordinates":[19.449307,51.788219]},"properties":{"line":"64A","mode":"bus","color":"#0059a9","colorDark":"#00294f","band":3,"off":[-1.7,1.1]}},{"type":"Feature","geometry":{"type":"Point","coordinates":[19.449307,51.788219]},"properties":{"line":"64B","mode":"bus","color":"#0059a9","colorDark":"#00294f","band":3,"off":[1.7,1.1]}},{"type":"Feature","geometry":{"type":"Point","coordinates":[19.541918,51.751751]},"properties":{"name":"Widzew Czajkowskiego","band":3,"modes":"bus","arr":["64B"],"off":[0,-0.8]}},{"type":"Feature","geometry":{"type":"Point","coordinates":[19.541918,51.751751]},"properties":{"line":"64B","mode":"bus","color":"#0059a9","colorDark":"#00294f","band":3,"off":[0,1.1]}},{"type":"Feature","geometry":{"type":"Point","coordinates":[19.400717,51.727369]},"properties":{"name":"Lotnisko","band":3,"modes":"bus","arr":["65A"],"off":[0,-0.8]}},{"type":"Feature","geometry":{"type":"Point","coordinates":[19.400717,51.727369]},"properties":{"line":"65A","mode":"bus","color":"#0059a9","colorDark":"#00294f","band":3,"off":[0,1.1]}},{"type":"Feature","geometry":{"type":"Point","coordinates":[19.395874,51.72866]},"properties":{"name":"Sortownia","band":3,"modes":"bus","arr":["65B"],"off":[0,-0.8]}},{"type":"Feature","geometry":{"type":"Point","coordinates":[19.395874,51.72866]},"properties":{"line":"65B","mode":"bus","color":"#0059a9","colorDark":"#00294f","band":3,"off":[0,1.1]}},{"type":"Feature","geometry":{"type":"Point","coordinates":[19.458438,51.801213]},"properties":{"name":"Rondo Powstańców 1863r.","band":3,"modes":"tram,bus","arr":["3","66","70","N6","Z3"],"off":[0,-0.8]}},{"type":"Feature","geometry":{"type":"Point","coordinates":[19.458438,51.801213]},"properties":{"name":"Łagiewnicka-Rondo Powstańców 1863r.","band":3,"modes":"tram,bus","arr":["3","66","70","N6","Z3"],"off":[0,-3]}},{"type":"Feature","geometry":{"type":"Point","coordinates":[19.458438,51.801213]},"properties":{"line":"3","mode":"tram","color":"#d6212b","colorDark":"#7c1116","band":3,"off":[-6.8,1.1]}},{"type":"Feature","geometry":{"type":"Point","coordinates":[19.458438,51.801213]},"properties":{"line":"66","mode":"bus","color":"#0059a9","colorDark":"#00294f","band":3,"off":[-3.4,1.1]}},{"type":"Feature","geometry":{"type":"Point","coordinates":[19.458438,51.801213]},"properties":{"line":"70","mode":"bus","color":"#0059a9","colorDark":"#00294f","band":3,"off":[0,1.1]}},{"type":"Feature","geometry":{"type":"Point","coordinates":[19.458438,51.801213]},"properties":{"line":"N6","mode":"bus","color":"#0059a9","colorDark":"#00294f","band":3,"off":[3.4,1.1]}},{"type":"Feature","geometry":{"type":"Point","coordinates":[19.458438,51.801213]},"properties":{"line":"Z3","mode":"bus","color":"#0059a9","colorDark":"#00294f","band":3,"off":[6.8,1.1]}},{"type":"Feature","geometry":{"type":"Point","coordinates":[19.507336,51.843604]},"properties":{"name":"Okólna-Modrzew","band":3,"modes":"bus","arr":["66"],"off":[0,-0.8]}},{"type":"Feature","geometry":{"type":"Point","coordinates":[19.507336,51.843604]},"properties":{"line":"66","mode":"bus","color":"#0059a9","colorDark":"#00294f","band":3,"off":[0,1.1]}},{"type":"Feature","geometry":{"type":"Point","coordinates":[19.431439,51.746279]},"properties":{"name":"Nowe Sady-zajezdnia NOWE SADY","band":3,"modes":"bus","arr":["67","97A","97B","F1","G1","H"],"off":[0,-0.8]}},{"type":"Feature","geometry":{"type":"Point","coordinates":[19.431439,51.746279]},"properties":{"line":"67","mode":"bus","color":"#0059a9","colorDark":"#00294f","band":3,"off":[-6.8,1.1]}},{"type":"Feature","geometry":{"type":"Point","coordinates":[19.431439,51.746279]},"properties":{"line":"97A","mode":"bus","color":"#0059a9","colorDark":"#00294f","band":3,"off":[-3.4,1.1]}},{"type":"Feature","geometry":{"type":"Point","coordinates":[19.431439,51.746279]},"properties":{"line":"97B","mode":"bus","color":"#0059a9","colorDark":"#00294f","band":3,"off":[0,1.1]}},{"type":"Feature","geometry":{"type":"Point","coordinates":[19.431439,51.746279]},"properties":{"line":"F1","mode":"bus","color":"#0059a9","colorDark":"#00294f","band":3,"off":[3.4,1.1]}},{"type":"Feature","geometry":{"type":"Point","coordinates":[19.431439,51.746279]},"properties":{"line":"G1","mode":"bus","color":"#0059a9","colorDark":"#00294f","band":3,"off":[6.8,1.1]}},{"type":"Feature","geometry":{"type":"Point","coordinates":[19.431439,51.746279]},"properties":{"line":"H","mode":"bus","color":"#0059a9","colorDark":"#00294f","band":3,"off":[0,3.1]}},{"type":"Feature","geometry":{"type":"Point","coordinates":[19.457475,51.759101]},"properties":{"name":"Piotrkowska Centrum","band":3,"modes":"bus","arr":["Z11"],"off":[0,-0.8]}},{"type":"Feature","geometry":{"type":"Point","coordinates":[19.457475,51.759101]},"properties":{"line":"Z11","mode":"bus","color":"#0059a9","colorDark":"#00294f","band":3,"off":[0,1.1]}},{"type":"Feature","geometry":{"type":"Point","coordinates":[19.384012,51.7423]},"properties":{"name":"Retkinia","band":3,"modes":"tram,bus","arr":["10A","10B","12","14","68","80A","80B","94","99","G1","G2","N2","N7A","N7B"],"off":[0,-0.8]}},{"type":"Feature","geometry":{"type":"Point","coordinates":[19.384012,51.7423]},"properties":{"line":"10A","mode":"tram","color":"#d6212b","colorDark":"#7c1116","band":3,"off":[-6.8,1.1]}},{"type":"Feature","geometry":{"type":"Point","coordinates":[19.384012,51.7423]},"properties":{"line":"10B","mode":"tram","color":"#d6212b","colorDark":"#7c1116","band":3,"off":[-3.4,1.1]}},{"type":"Feature","geometry":{"type":"Point","coordinates":[19.384012,51.7423]},"properties":{"line":"12","mode":"tram","color":"#d6212b","colorDark":"#7c1116","band":3,"off":[0,1.1]}},{"type":"Feature","geometry":{"type":"Point","coordinates":[19.384012,51.7423]},"properties":{"line":"14","mode":"tram","color":"#d6212b","colorDark":"#7c1116","band":3,"off":[3.4,1.1]}},{"type":"Feature","geometry":{"type":"Point","coordinates":[19.384012,51.7423]},"properties":{"line":"68","mode":"bus","color":"#0059a9","colorDark":"#00294f","band":3,"off":[6.8,1.1]}},{"type":"Feature","geometry":{"type":"Point","coordinates":[19.384012,51.7423]},"properties":{"line":"80A","mode":"bus","color":"#0059a9","colorDark":"#00294f","band":3,"off":[-6.8,3.1]}},{"type":"Feature","geometry":{"type":"Point","coordinates":[19.384012,51.7423]},"properties":{"line":"80B","mode":"bus","color":"#0059a9","colorDark":"#00294f","band":3,"off":[-3.4,3.1]}},{"type":"Feature","geometry":{"type":"Point","coordinates":[19.384012,51.7423]},"properties":{"line":"94","mode":"bus","color":"#0059a9","colorDark":"#00294f","band":3,"off":[0,3.1]}},{"type":"Feature","geometry":{"type":"Point","coordinates":[19.384012,51.7423]},"properties":{"line":"99","mode":"bus","color":"#0059a9","colorDark":"#00294f","band":3,"off":[3.4,3.1]}},{"type":"Feature","geometry":{"type":"Point","coordinates":[19.384012,51.7423]},"properties":{"line":"G1","mode":"bus","color":"#0059a9","colorDark":"#00294f","band":3,"off":[6.8,3.1]}},{"type":"Feature","geometry":{"type":"Point","coordinates":[19.384012,51.7423]},"properties":{"line":"G2","mode":"bus","color":"#0059a9","colorDark":"#00294f","band":3,"off":[-5.1,5.1]}},{"type":"Feature","geometry":{"type":"Point","coordinates":[19.384012,51.7423]},"properties":{"line":"N2","mode":"bus","color":"#0059a9","colorDark":"#00294f","band":3,"off":[-1.7,5.1]}},{"type":"Feature","geometry":{"type":"Point","coordinates":[19.384012,51.7423]},"properties":{"line":"N7A","mode":"bus","color":"#0059a9","colorDark":"#00294f","band":3,"off":[1.7,5.1]}},{"type":"Feature","geometry":{"type":"Point","coordinates":[19.384012,51.7423]},"properties":{"line":"N7B","mode":"bus","color":"#0059a9","colorDark":"#00294f","band":3,"off":[5.1,5.1]}},{"type":"Feature","geometry":{"type":"Point","coordinates":[19.542018,51.762531]},"properties":{"name":"Służbowa-Dw. Łódź Widzew","band":3,"modes":"bus","arr":["69A","69B","75A","75B","82A","82B"],"off":[0,-0.8]}},{"type":"Feature","geometry":{"type":"Point","coordinates":[19.542018,51.762531]},"properties":{"name":"Dw. Łódź Widzew","band":3,"modes":"bus","arr":["69A","69B","75A","75B","82A","82B"],"off":[0,-3]}},{"type":"Feature","geometry":{"type":"Point","coordinates":[19.542018,51.762531]},"properties":{"line":"69A","mode":"bus","color":"#0059a9","colorDark":"#00294f","band":3,"off":[-6.8,1.1]}},{"type":"Feature","geometry":{"type":"Point","coordinates":[19.542018,51.762531]},"properties":{"line":"69B","mode":"bus","color":"#0059a9","colorDark":"#00294f","band":3,"off":[-3.4,1.1]}},{"type":"Feature","geometry":{"type":"Point","coordinates":[19.542018,51.762531]},"properties":{"line":"75A","mode":"bus","color":"#0059a9","colorDark":"#00294f","band":3,"off":[0,1.1]}},{"type":"Feature","geometry":{"type":"Point","coordinates":[19.542018,51.762531]},"properties":{"line":"75B","mode":"bus","color":"#0059a9","colorDark":"#00294f","band":3,"off":[3.4,1.1]}},{"type":"Feature","geometry":{"type":"Point","coordinates":[19.542018,51.762531]},"properties":{"line":"82A","mode":"bus","color":"#0059a9","colorDark":"#00294f","band":3,"off":[6.8,1.1]}},{"type":"Feature","geometry":{"type":"Point","coordinates":[19.542018,51.762531]},"properties":{"line":"82B","mode":"bus","color":"#0059a9","colorDark":"#00294f","band":3,"off":[0,3.1]}},{"type":"Feature","geometry":{"type":"Point","coordinates":[19.481348,51.703031]},"properties":{"name":"Instytut CZMP","band":3,"modes":"bus","arr":["70","93","N3A","N3B"],"off":[0,-0.8]}},{"type":"Feature","geometry":{"type":"Point","coordinates":[19.481348,51.703031]},"properties":{"line":"70","mode":"bus","color":"#0059a9","colorDark":"#00294f","band":3,"off":[-5.1,1.1]}},{"type":"Feature","geometry":{"type":"Point","coordinates":[19.481348,51.703031]},"properties":{"line":"93","mode":"bus","color":"#0059a9","colorDark":"#00294f","band":3,"off":[-1.7,1.1]}},{"type":"Feature","geometry":{"type":"Point","coordinates":[19.481348,51.703031]},"properties":{"line":"N3A","mode":"bus","color":"#0059a9","colorDark":"#00294f","band":3,"off":[1.7,1.1]}},{"type":"Feature","geometry":{"type":"Point","coordinates":[19.481348,51.703031]},"properties":{"line":"N3B","mode":"bus","color":"#0059a9","colorDark":"#00294f","band":3,"off":[5.1,1.1]}},{"type":"Feature","geometry":{"type":"Point","coordinates":[19.46506,51.800734]},"properties":{"name":"Inflancka-Marysińska","band":3,"modes":"bus","arr":["85A"],"off":[0,-0.8]}},{"type":"Feature","geometry":{"type":"Point","coordinates":[19.46506,51.800734]},"properties":{"line":"85A","mode":"bus","color":"#0059a9","colorDark":"#00294f","band":3,"off":[0,1.1]}},{"type":"Feature","geometry":{"type":"Point","coordinates":[19.499162,51.740747]},"properties":{"name":"park Podolski","band":3,"modes":"bus","arr":["71A","71B"],"off":[0,-0.8]}},{"type":"Feature","geometry":{"type":"Point","coordinates":[19.499162,51.740747]},"properties":{"line":"71A","mode":"bus","color":"#0059a9","colorDark":"#00294f","band":3,"off":[-1.7,1.1]}},{"type":"Feature","geometry":{"type":"Point","coordinates":[19.499162,51.740747]},"properties":{"line":"71B","mode":"bus","color":"#0059a9","colorDark":"#00294f","band":3,"off":[1.7,1.1]}},{"type":"Feature","geometry":{"type":"Point","coordinates":[19.427011,51.769395]},"properties":{"name":"Legionów-Włókniarzy","band":3,"modes":"bus","arr":["Z13","Z43"],"off":[0,-0.8]}},{"type":"Feature","geometry":{"type":"Point","coordinates":[19.427011,51.769395]},"properties":{"line":"Z13","mode":"bus","color":"#0059a9","colorDark":"#00294f","band":3,"off":[-1.7,1.1]}},{"type":"Feature","geometry":{"type":"Point","coordinates":[19.427011,51.769395]},"properties":{"line":"Z43","mode":"bus","color":"#0059a9","colorDark":"#00294f","band":3,"off":[1.7,1.1]}},{"type":"Feature","geometry":{"type":"Point","coordinates":[19.349411,51.775618]},"properties":{"name":"Złotno-Huta Jagodnica","band":3,"modes":"bus","arr":["72A","72B"],"off":[0,-0.8]}},{"type":"Feature","geometry":{"type":"Point","coordinates":[19.349411,51.775618]},"properties":{"line":"72A","mode":"bus","color":"#0059a9","colorDark":"#00294f","band":3,"off":[-1.7,1.1]}},{"type":"Feature","geometry":{"type":"Point","coordinates":[19.349411,51.775618]},"properties":{"line":"72B","mode":"bus","color":"#0059a9","colorDark":"#00294f","band":3,"off":[1.7,1.1]}},{"type":"Feature","geometry":{"type":"Point","coordinates":[19.42321,51.772849]},"properties":{"name":"Srebrzyńska-Koziny","band":3,"modes":"bus","arr":["73"],"off":[0,-0.8]}},{"type":"Feature","geometry":{"type":"Point","coordinates":[19.42321,51.772849]},"properties":{"line":"73","mode":"bus","color":"#0059a9","colorDark":"#00294f","band":3,"off":[0,1.1]}},{"type":"Feature","geometry":{"type":"Point","coordinates":[19.419024,51.817643]},"properties":{"name":"Radogoszcz Zachód","band":3,"modes":"bus","arr":["73","99","N5A","N5B"],"off":[0,-0.8]}},{"type":"Feature","geometry":{"type":"Point","coordinates":[19.419024,51.817643]},"properties":{"line":"73","mode":"bus","color":"#0059a9","colorDark":"#00294f","band":3,"off":[-5.1,1.1]}},{"type":"Feature","geometry":{"type":"Point","coordinates":[19.419024,51.817643]},"properties":{"line":"99","mode":"bus","color":"#0059a9","colorDark":"#00294f","band":3,"off":[-1.7,1.1]}},{"type":"Feature","geometry":{"type":"Point","coordinates":[19.419024,51.817643]},"properties":{"line":"N5A","mode":"bus","color":"#0059a9","colorDark":"#00294f","band":3,"off":[1.7,1.1]}},{"type":"Feature","geometry":{"type":"Point","coordinates":[19.419024,51.817643]},"properties":{"line":"N5B","mode":"bus","color":"#0059a9","colorDark":"#00294f","band":3,"off":[5.1,1.1]}},{"type":"Feature","geometry":{"type":"Point","coordinates":[19.413329,51.700841]},"properties":{"name":"Chocianowice IKEA","band":3,"modes":"tram,bus","arr":["16","75A","75B","N4A","Z2"],"off":[0,-0.8]}},{"type":"Feature","geometry":{"type":"Point","coordinates":[19.413329,51.700841]},"properties":{"line":"16","mode":"tram","color":"#d6212b","colorDark":"#7c1116","band":3,"off":[-6.8,1.1]}},{"type":"Feature","geometry":{"type":"Point","coordinates":[19.413329,51.700841]},"properties":{"line":"75A","mode":"bus","color":"#0059a9","colorDark":"#00294f","band":3,"off":[-3.4,1.1]}},{"type":"Feature","geometry":{"type":"Point","coordinates":[19.413329,51.700841]},"properties":{"line":"75B","mode":"bus","color":"#0059a9","colorDark":"#00294f","band":3,"off":[0,1.1]}},{"type":"Feature","geometry":{"type":"Point","coordinates":[19.413329,51.700841]},"properties":{"line":"N4A","mode":"bus","color":"#0059a9","colorDark":"#00294f","band":3,"off":[3.4,1.1]}},{"type":"Feature","geometry":{"type":"Point","coordinates":[19.413329,51.700841]},"properties":{"line":"Z2","mode":"tram","color":"#d6212b","colorDark":"#7c1116","band":3,"off":[6.8,1.1]}},{"type":"Feature","geometry":{"type":"Point","coordinates":[19.382159,51.816976]},"properties":{"name":"cm. Szczecińska","band":3,"modes":"bus","arr":["76","81A","89"],"off":[0,-0.8]}},{"type":"Feature","geometry":{"type":"Point","coordinates":[19.382159,51.816976]},"properties":{"line":"76","mode":"bus","color":"#0059a9","colorDark":"#00294f","band":3,"off":[-3.4,1.1]}},{"type":"Feature","geometry":{"type":"Point","coordinates":[19.382159,51.816976]},"properties":{"line":"81A","mode":"bus","color":"#0059a9","colorDark":"#00294f","band":3,"off":[0,1.1]}},{"type":"Feature","geometry":{"type":"Point","coordinates":[19.382159,51.816976]},"properties":{"line":"89","mode":"bus","color":"#0059a9","colorDark":"#00294f","band":3,"off":[3.4,1.1]}},{"type":"Feature","geometry":{"type":"Point","coordinates":[19.407137,51.794206]},"properties":{"name":"Woronicza-Dw. Łódź Żabieniec","band":3,"modes":"bus","arr":["78"],"off":[0,-0.8]}},{"type":"Feature","geometry":{"type":"Point","coordinates":[19.407137,51.794206]},"properties":{"line":"78","mode":"bus","color":"#0059a9","colorDark":"#00294f","band":3,"off":[0,1.1]}},{"type":"Feature","geometry":{"type":"Point","coordinates":[19.308033,51.82701]},"properties":{"name":"Targowy Rynek (Aleksandrów)","band":3,"modes":"bus","arr":["78","97A","N1A"],"off":[0,-0.8]}},{"type":"Feature","geometry":{"type":"Point","coordinates":[19.308033,51.82701]},"properties":{"line":"78","mode":"bus","color":"#0059a9","colorDark":"#00294f","band":3,"off":[-3.4,1.1]}},{"type":"Feature","geometry":{"type":"Point","coordinates":[19.308033,51.82701]},"properties":{"line":"97A","mode":"bus","color":"#0059a9","colorDark":"#00294f","band":3,"off":[0,1.1]}},{"type":"Feature","geometry":{"type":"Point","coordinates":[19.308033,51.82701]},"properties":{"line":"N1A","mode":"bus","color":"#0059a9","colorDark":"#00294f","band":3,"off":[3.4,1.1]}},{"type":"Feature","geometry":{"type":"Point","coordinates":[19.393573,51.793055]},"properties":{"name":"Traktorowa-Rojna","band":3,"modes":"bus","arr":["81B"],"off":[0,-0.8]}},{"type":"Feature","geometry":{"type":"Point","coordinates":[19.393573,51.793055]},"properties":{"line":"81B","mode":"bus","color":"#0059a9","colorDark":"#00294f","band":3,"off":[0,1.1]}},{"type":"Feature","geometry":{"type":"Point","coordinates":[19.412883,51.76428]},"properties":{"name":"Konstantynowska-ZOO Orientarium","band":3,"modes":"bus","arr":["100"],"off":[0,-0.8]}},{"type":"Feature","geometry":{"type":"Point","coordinates":[19.412883,51.76428]},"properties":{"line":"100","mode":"bus","color":"#0059a9","colorDark":"#00294f","band":3,"off":[0,1.1]}},{"type":"Feature","geometry":{"type":"Point","coordinates":[19.512619,51.791946]},"properties":{"name":"Sikawa Centrum Handlowe","band":3,"modes":"bus","arr":["81A","81B","Z6"],"off":[0,-0.8]}},{"type":"Feature","geometry":{"type":"Point","coordinates":[19.512619,51.791946]},"properties":{"line":"81A","mode":"bus","color":"#0059a9","colorDark":"#00294f","band":3,"off":[-3.4,1.1]}},{"type":"Feature","geometry":{"type":"Point","coordinates":[19.512619,51.791946]},"properties":{"line":"81B","mode":"bus","color":"#0059a9","colorDark":"#00294f","band":3,"off":[0,1.1]}},{"type":"Feature","geometry":{"type":"Point","coordinates":[19.512619,51.791946]},"properties":{"line":"Z6","mode":"bus","color":"#0059a9","colorDark":"#00294f","band":3,"off":[3.4,1.1]}},{"type":"Feature","geometry":{"type":"Point","coordinates":[19.627307,51.744927]},"properties":{"name":"Sąsieczno","band":3,"modes":"bus","arr":["82A"],"off":[0,-0.8]}},{"type":"Feature","geometry":{"type":"Point","coordinates":[19.627307,51.744927]},"properties":{"line":"82A","mode":"bus","color":"#0059a9","colorDark":"#00294f","band":3,"off":[0,1.1]}},{"type":"Feature","geometry":{"type":"Point","coordinates":[19.610298,51.691837]},"properties":{"name":"Stróża Ludwików","band":3,"modes":"bus","arr":["82B"],"off":[0,-0.8]}},{"type":"Feature","geometry":{"type":"Point","coordinates":[19.610298,51.691837]},"properties":{"line":"82B","mode":"bus","color":"#0059a9","colorDark":"#00294f","band":3,"off":[0,1.1]}},{"type":"Feature","geometry":{"type":"Point","coordinates":[19.376661,51.810173]},"properties":{"name":"Wersalska-Szczecińska","band":3,"modes":"bus","arr":["83"],"off":[0,-0.8]}},{"type":"Feature","geometry":{"type":"Point","coordinates":[19.376661,51.810173]},"properties":{"line":"83","mode":"bus","color":"#0059a9","colorDark":"#00294f","band":3,"off":[0,1.1]}},{"type":"Feature","geometry":{"type":"Point","coordinates":[19.325961,51.807459]},"properties":{"name":"Zielony Romanów","band":3,"modes":"bus","arr":["84A"],"off":[0,-0.8]}},{"type":"Feature","geometry":{"type":"Point","coordinates":[19.325961,51.807459]},"properties":{"line":"84A","mode":"bus","color":"#0059a9","colorDark":"#00294f","band":3,"off":[0,1.1]}},{"type":"Feature","geometry":{"type":"Point","coordinates":[19.319656,51.808241]},"properties":{"name":"Poselska (Aleksandrów)","band":3,"modes":"bus","arr":["84B"],"off":[0,-0.8]}},{"type":"Feature","geometry":{"type":"Point","coordinates":[19.319656,51.808241]},"properties":{"line":"84B","mode":"bus","color":"#0059a9","colorDark":"#00294f","band":3,"off":[0,1.1]}},{"type":"Feature","geometry":{"type":"Point","coordinates":[19.425288,51.791467]},"properties":{"name":"Limanowskiego-zajezdnia LIMANOWSKIEGO","band":3,"modes":"bus","arr":["85A"],"off":[0,-0.8]}},{"type":"Feature","geometry":{"type":"Point","coordinates":[19.425288,51.791467]},"properties":{"line":"85A","mode":"bus","color":"#0059a9","colorDark":"#00294f","band":3,"off":[0,1.1]}},{"type":"Feature","geometry":{"type":"Point","coordinates":[19.47431,51.82132]},"properties":{"name":"Arturówek","band":3,"modes":"bus","arr":["85B"],"off":[0,-0.8]}},{"type":"Feature","geometry":{"type":"Point","coordinates":[19.47431,51.82132]},"properties":{"line":"85B","mode":"bus","color":"#0059a9","colorDark":"#00294f","band":3,"off":[0,1.1]}},{"type":"Feature","geometry":{"type":"Point","coordinates":[19.499448,51.789586]},"properties":{"name":"Doły Smutna","band":3,"modes":"bus","arr":["87A"],"off":[0,-0.8]}},{"type":"Feature","geometry":{"type":"Point","coordinates":[19.499448,51.789586]},"properties":{"line":"87A","mode":"bus","color":"#0059a9","colorDark":"#00294f","band":3,"off":[0,1.1]}},{"type":"Feature","geometry":{"type":"Point","coordinates":[19.418255,51.786612]},"properties":{"name":"Żubardź","band":3,"modes":"bus","arr":["87A","87B"],"off":[0,-0.8]}},{"type":"Feature","geometry":{"type":"Point","coordinates":[19.418255,51.786612]},"properties":{"line":"87A","mode":"bus","color":"#0059a9","colorDark":"#00294f","band":3,"off":[-1.7,1.1]}},{"type":"Feature","geometry":{"type":"Point","coordinates":[19.418255,51.786612]},"properties":{"line":"87B","mode":"bus","color":"#0059a9","colorDark":"#00294f","band":3,"off":[1.7,1.1]}},{"type":"Feature","geometry":{"type":"Point","coordinates":[19.509278,51.782657]},"properties":{"name":"Telefoniczna Zajezdnia","band":3,"modes":"bus","arr":["87B","N7B"],"off":[0,-0.8]}},{"type":"Feature","geometry":{"type":"Point","coordinates":[19.509278,51.782657]},"properties":{"line":"87B","mode":"bus","color":"#0059a9","colorDark":"#00294f","band":3,"off":[-1.7,1.1]}},{"type":"Feature","geometry":{"type":"Point","coordinates":[19.509278,51.782657]},"properties":{"line":"N7B","mode":"bus","color":"#0059a9","colorDark":"#00294f","band":3,"off":[1.7,1.1]}},{"type":"Feature","geometry":{"type":"Point","coordinates":[19.53322,51.814692]},"properties":{"name":"Łukaszew Zjazdowa","band":3,"modes":"bus","arr":["88A"],"off":[0,-0.8]}},{"type":"Feature","geometry":{"type":"Point","coordinates":[19.53322,51.814692]},"properties":{"line":"88A","mode":"bus","color":"#0059a9","colorDark":"#00294f","band":3,"off":[0,1.1]}},{"type":"Feature","geometry":{"type":"Point","coordinates":[19.638874,51.854854]},"properties":{"name":"Skoszewy","band":3,"modes":"bus","arr":["88B","88C","91C"],"off":[0,-0.8]}},{"type":"Feature","geometry":{"type":"Point","coordinates":[19.638874,51.854854]},"properties":{"line":"88B","mode":"bus","color":"#0059a9","colorDark":"#00294f","band":3,"off":[-3.4,1.1]}},{"type":"Feature","geometry":{"type":"Point","coordinates":[19.638874,51.854854]},"properties":{"line":"88C","mode":"bus","color":"#0059a9","colorDark":"#00294f","band":3,"off":[0,1.1]}},{"type":"Feature","geometry":{"type":"Point","coordinates":[19.638874,51.854854]},"properties":{"line":"91C","mode":"bus","color":"#0059a9","colorDark":"#00294f","band":3,"off":[3.4,1.1]}},{"type":"Feature","geometry":{"type":"Point","coordinates":[19.575574,51.824748]},"properties":{"name":"Kalonka-Kalonka Centrum Ojca Pio","band":3,"modes":"bus","arr":["88D","91B"],"off":[0,-0.8]}},{"type":"Feature","geometry":{"type":"Point","coordinates":[19.575574,51.824748]},"properties":{"line":"88D","mode":"bus","color":"#0059a9","colorDark":"#00294f","band":3,"off":[-1.7,1.1]}},{"type":"Feature","geometry":{"type":"Point","coordinates":[19.575574,51.824748]},"properties":{"line":"91B","mode":"bus","color":"#0059a9","colorDark":"#00294f","band":3,"off":[1.7,1.1]}},{"type":"Feature","geometry":{"type":"Point","coordinates":[19.442522,51.82011]},"properties":{"name":"Nastrojowa-pl. Słoneczny","band":3,"modes":"bus","arr":["89"],"off":[0,-0.8]}},{"type":"Feature","geometry":{"type":"Point","coordinates":[19.442522,51.82011]},"properties":{"line":"89","mode":"bus","color":"#0059a9","colorDark":"#00294f","band":3,"off":[0,1.1]}},{"type":"Feature","geometry":{"type":"Point","coordinates":[19.596111,51.729642]},"properties":{"name":"Jędrzejowska-Dw. Łódź Olechów Wschód","band":3,"modes":"bus","arr":["90"],"off":[0,-0.8]}},{"type":"Feature","geometry":{"type":"Point","coordinates":[19.596111,51.729642]},"properties":{"line":"90","mode":"bus","color":"#0059a9","colorDark":"#00294f","band":3,"off":[0,1.1]}},{"type":"Feature","geometry":{"type":"Point","coordinates":[19.58994,51.794232]},"properties":{"name":"Nowosolna","band":3,"modes":"bus","arr":["91A"],"off":[0,-0.8]}},{"type":"Feature","geometry":{"type":"Point","coordinates":[19.58994,51.794232]},"properties":{"line":"91A","mode":"bus","color":"#0059a9","colorDark":"#00294f","band":3,"off":[0,1.1]}},{"type":"Feature","geometry":{"type":"Point","coordinates":[19.619295,51.702208]},"properties":{"name":"Stróża-Stróża Kolumny","band":3,"modes":"bus","arr":["92A","92B"],"off":[0,-0.8]}},{"type":"Feature","geometry":{"type":"Point","coordinates":[19.619295,51.702208]},"properties":{"line":"92A","mode":"bus","color":"#0059a9","colorDark":"#00294f","band":3,"off":[-1.7,1.1]}},{"type":"Feature","geometry":{"type":"Point","coordinates":[19.619295,51.702208]},"properties":{"line":"92B","mode":"bus","color":"#0059a9","colorDark":"#00294f","band":3,"off":[1.7,1.1]}},{"type":"Feature","geometry":{"type":"Point","coordinates":[19.503574,51.736142]},"properties":{"name":"Dąbrowskiego-Podhalańska","band":3,"modes":"bus","arr":["W"],"off":[0,-0.8]}},{"type":"Feature","geometry":{"type":"Point","coordinates":[19.503574,51.736142]},"properties":{"line":"W","mode":"bus","color":"#0059a9","colorDark":"#00294f","band":3,"off":[0,1.1]}},{"type":"Feature","geometry":{"type":"Point","coordinates":[19.211597,51.754903]},"properties":{"name":"pl. Jana Pawła II (Lutomiersk)","band":3,"modes":"bus","arr":["94"],"off":[0,-0.8]}},{"type":"Feature","geometry":{"type":"Point","coordinates":[19.211597,51.754903]},"properties":{"line":"94","mode":"bus","color":"#0059a9","colorDark":"#00294f","band":3,"off":[0,1.1]}},{"type":"Feature","geometry":{"type":"Point","coordinates":[19.31303,51.750078]},"properties":{"name":"Jana Pawła II-Pl. Wolności (Konstantynów","band":3,"modes":"bus","arr":["N9","Z43"],"off":[0,-0.8]}},{"type":"Feature","geometry":{"type":"Point","coordinates":[19.31303,51.750078]},"properties":{"line":"N9","mode":"bus","color":"#0059a9","colorDark":"#00294f","band":3,"off":[-1.7,1.1]}},{"type":"Feature","geometry":{"type":"Point","coordinates":[19.31303,51.750078]},"properties":{"line":"Z43","mode":"bus","color":"#0059a9","colorDark":"#00294f","band":3,"off":[1.7,1.1]}},{"type":"Feature","geometry":{"type":"Point","coordinates":[19.315106,51.77429]},"properties":{"name":"Niesięcin-Niesięcin (Konstantynów)","band":3,"modes":"bus","arr":["97B"],"off":[0,-0.8]}},{"type":"Feature","geometry":{"type":"Point","coordinates":[19.315106,51.77429]},"properties":{"line":"97B","mode":"bus","color":"#0059a9","colorDark":"#00294f","band":3,"off":[0,1.1]}},{"type":"Feature","geometry":{"type":"Point","coordinates":[19.455535,51.772679]},"properties":{"name":"Piotrkowska-Łódzka Inf. Turystyczna","band":3,"modes":"bus","arr":["100","101"],"off":[0,-0.8]}},{"type":"Feature","geometry":{"type":"Point","coordinates":[19.455535,51.772679]},"properties":{"line":"100","mode":"bus","color":"#0059a9","colorDark":"#00294f","band":3,"off":[-1.7,1.1]}},{"type":"Feature","geometry":{"type":"Point","coordinates":[19.455535,51.772679]},"properties":{"line":"101","mode":"bus","color":"#0059a9","colorDark":"#00294f","band":3,"off":[1.7,1.1]}},{"type":"Feature","geometry":{"type":"Point","coordinates":[19.472891,51.759549]},"properties":{"name":"Muzeum Kinematografii","band":3,"modes":"bus","arr":["101"],"off":[0,-0.8]}},{"type":"Feature","geometry":{"type":"Point","coordinates":[19.472891,51.759549]},"properties":{"line":"101","mode":"bus","color":"#0059a9","colorDark":"#00294f","band":3,"off":[0,1.1]}},{"type":"Feature","geometry":{"type":"Point","coordinates":[19.537252,51.762371]},"properties":{"name":"rondo Inwalidów","band":3,"modes":"bus","arr":["201","202","W"],"off":[0,-0.8]}},{"type":"Feature","geometry":{"type":"Point","coordinates":[19.537252,51.762371]},"properties":{"line":"201","mode":"bus","color":"#0059a9","colorDark":"#00294f","band":3,"off":[-3.4,1.1]}},{"type":"Feature","geometry":{"type":"Point","coordinates":[19.537252,51.762371]},"properties":{"line":"202","mode":"bus","color":"#0059a9","colorDark":"#00294f","band":3,"off":[0,1.1]}},{"type":"Feature","geometry":{"type":"Point","coordinates":[19.537252,51.762371]},"properties":{"line":"W","mode":"bus","color":"#0059a9","colorDark":"#00294f","band":3,"off":[3.4,1.1]}},{"type":"Feature","geometry":{"type":"Point","coordinates":[19.634655,51.737288]},"properties":{"name":"Bedoń Kościelna/Kościół","band":3,"modes":"bus","arr":["201"],"off":[0,-0.8]}},{"type":"Feature","geometry":{"type":"Point","coordinates":[19.634655,51.737288]},"properties":{"line":"201","mode":"bus","color":"#0059a9","colorDark":"#00294f","band":3,"off":[0,1.1]}},{"type":"Feature","geometry":{"type":"Point","coordinates":[19.677953,51.746692]},"properties":{"name":"Janówka","band":3,"modes":"bus","arr":["202"],"off":[0,-0.8]}},{"type":"Feature","geometry":{"type":"Point","coordinates":[19.677953,51.746692]},"properties":{"line":"202","mode":"bus","color":"#0059a9","colorDark":"#00294f","band":3,"off":[0,1.1]}},{"type":"Feature","geometry":{"type":"Point","coordinates":[19.517649,51.712793]},"properties":{"name":"Jędrzejów Przem. Zachód","band":3,"modes":"bus","arr":["F1","N8"],"off":[0,-0.8]}},{"type":"Feature","geometry":{"type":"Point","coordinates":[19.517649,51.712793]},"properties":{"line":"F1","mode":"bus","color":"#0059a9","colorDark":"#00294f","band":3,"off":[-1.7,1.1]}},{"type":"Feature","geometry":{"type":"Point","coordinates":[19.517649,51.712793]},"properties":{"line":"N8","mode":"bus","color":"#0059a9","colorDark":"#00294f","band":3,"off":[1.7,1.1]}},{"type":"Feature","geometry":{"type":"Point","coordinates":[19.367368,51.740941]},"properties":{"name":"ŁSSE Nowy Józefów","band":3,"modes":"bus","arr":["G1"],"off":[0,-0.8]}},{"type":"Feature","geometry":{"type":"Point","coordinates":[19.367368,51.740941]},"properties":{"line":"G1","mode":"bus","color":"#0059a9","colorDark":"#00294f","band":3,"off":[0,1.1]}},{"type":"Feature","geometry":{"type":"Point","coordinates":[19.360765,51.743131]},"properties":{"name":"ŁSSE ks. Janika","band":3,"modes":"bus","arr":["G2"],"off":[0,-0.8]}},{"type":"Feature","geometry":{"type":"Point","coordinates":[19.360765,51.743131]},"properties":{"line":"G2","mode":"bus","color":"#0059a9","colorDark":"#00294f","band":3,"off":[0,1.1]}},{"type":"Feature","geometry":{"type":"Point","coordinates":[19.4734,51.699331]},"properties":{"name":"Chojny Hydro","band":3,"modes":"bus","arr":["H"],"off":[0,-0.8]}},{"type":"Feature","geometry":{"type":"Point","coordinates":[19.4734,51.699331]},"properties":{"line":"H","mode":"bus","color":"#0059a9","colorDark":"#00294f","band":3,"off":[0,1.1]}},{"type":"Feature","geometry":{"type":"Point","coordinates":[19.454003,51.767846]},"properties":{"name":"Kościuszki-6 Sierpnia","band":3,"modes":"bus","arr":["N8","N9"],"off":[0,-0.8]}},{"type":"Feature","geometry":{"type":"Point","coordinates":[19.454003,51.767846]},"properties":{"line":"N8","mode":"bus","color":"#0059a9","colorDark":"#00294f","band":3,"off":[-1.7,1.1]}},{"type":"Feature","geometry":{"type":"Point","coordinates":[19.454003,51.767846]},"properties":{"line":"N9","mode":"bus","color":"#0059a9","colorDark":"#00294f","band":3,"off":[1.7,1.1]}},{"type":"Feature","geometry":{"type":"Point","coordinates":[19.325472,51.660326]},"properties":{"name":"Dworzec PKP(Pabianice)","band":3,"modes":"bus","arr":["N4B"],"off":[0,-0.8]}},{"type":"Feature","geometry":{"type":"Point","coordinates":[19.325472,51.660326]},"properties":{"line":"N4B","mode":"bus","color":"#0059a9","colorDark":"#00294f","band":3,"off":[0,1.1]}},{"type":"Feature","geometry":{"type":"Point","coordinates":[19.63701,51.726323]},"properties":{"name":"Andrespol","band":3,"modes":"bus","arr":["N5B"],"off":[0,-0.8]}},{"type":"Feature","geometry":{"type":"Point","coordinates":[19.63701,51.726323]},"properties":{"line":"N5B","mode":"bus","color":"#0059a9","colorDark":"#00294f","band":3,"off":[0,1.1]}},{"type":"Feature","geometry":{"type":"Point","coordinates":[19.486444,51.813314]},"properties":{"name":"Marysin Warszawska","band":3,"modes":"bus","arr":["Z3"],"off":[0,-0.8]}},{"type":"Feature","geometry":{"type":"Point","coordinates":[19.486444,51.813314]},"properties":{"line":"Z3","mode":"bus","color":"#0059a9","colorDark":"#00294f","band":3,"off":[0,1.1]}},{"type":"Feature","geometry":{"type":"Point","coordinates":[19.478701,51.734178]},"properties":{"name":"Kilińskiego-Mochnackiego","band":3,"modes":"tram","arr":["1"],"off":[0,-0.8]}},{"type":"Feature","geometry":{"type":"Point","coordinates":[19.478701,51.734178]},"properties":{"line":"1","mode":"tram","color":"#d6212b","colorDark":"#7c1116","band":3,"off":[0,1.1]}},{"type":"Feature","geometry":{"type":"Point","coordinates":[19.437166,51.775658]},"properties":{"name":"Cmentarna-cm. Ogrodowa","band":3,"modes":"tram","arr":["1","7"],"off":[0,-0.8]}},{"type":"Feature","geometry":{"type":"Point","coordinates":[19.437166,51.775658]},"properties":{"line":"1","mode":"tram","color":"#d6212b","colorDark":"#7c1116","band":3,"off":[-1.7,1.1]}},{"type":"Feature","geometry":{"type":"Point","coordinates":[19.437166,51.775658]},"properties":{"line":"7","mode":"tram","color":"#d6212b","colorDark":"#7c1116","band":3,"off":[1.7,1.1]}},{"type":"Feature","geometry":{"type":"Point","coordinates":[19.455855,51.758592]},"properties":{"name":"Kościuszki-Mickiewicza","band":3,"modes":"tram","arr":["2","3","11"],"off":[0,-0.8]}},{"type":"Feature","geometry":{"type":"Point","coordinates":[19.455855,51.758592]},"properties":{"line":"2","mode":"tram","color":"#d6212b","colorDark":"#7c1116","band":3,"off":[-3.4,1.1]}},{"type":"Feature","geometry":{"type":"Point","coordinates":[19.455855,51.758592]},"properties":{"line":"3","mode":"tram","color":"#d6212b","colorDark":"#7c1116","band":3,"off":[0,1.1]}},{"type":"Feature","geometry":{"type":"Point","coordinates":[19.455855,51.758592]},"properties":{"line":"11","mode":"tram","color":"#d6212b","colorDark":"#7c1116","band":3,"off":[3.4,1.1]}},{"type":"Feature","geometry":{"type":"Point","coordinates":[19.357794,51.804532]},"properties":{"name":"Kochanówka","band":3,"modes":"tram","arr":["2"],"off":[0,-0.8]}},{"type":"Feature","geometry":{"type":"Point","coordinates":[19.357794,51.804532]},"properties":{"line":"2","mode":"tram","color":"#d6212b","colorDark":"#7c1116","band":3,"off":[0,1.1]}},{"type":"Feature","geometry":{"type":"Point","coordinates":[19.508822,51.736167]},"properties":{"name":"Dw. Łódź Dąbrowa","band":3,"modes":"tram","arr":["4","14","Z2"],"off":[0,-0.8]}},{"type":"Feature","geometry":{"type":"Point","coordinates":[19.508822,51.736167]},"properties":{"line":"4","mode":"tram","color":"#d6212b","colorDark":"#7c1116","band":3,"off":[-3.4,1.1]}},{"type":"Feature","geometry":{"type":"Point","coordinates":[19.508822,51.736167]},"properties":{"line":"14","mode":"tram","color":"#d6212b","colorDark":"#7c1116","band":3,"off":[0,1.1]}},{"type":"Feature","geometry":{"type":"Point","coordinates":[19.508822,51.736167]},"properties":{"line":"Z2","mode":"tram","color":"#d6212b","colorDark":"#7c1116","band":3,"off":[3.4,1.1]}},{"type":"Feature","geometry":{"type":"Point","coordinates":[19.465719,51.769882]},"properties":{"name":"Rodziny Poznańskich-Dw. Łódź Fabryczna","band":3,"modes":"tram","arr":["9"],"off":[0,-0.8]}},{"type":"Feature","geometry":{"type":"Point","coordinates":[19.465719,51.769882]},"properties":{"line":"9","mode":"tram","color":"#d6212b","colorDark":"#7c1116","band":3,"off":[0,1.1]}},{"type":"Feature","geometry":{"type":"Point","coordinates":[19.425729,51.8297]},"properties":{"name":"Zgierska-Helenówek-pętla","band":3,"modes":"tram","arr":["4","11"],"off":[0,-0.8]}},{"type":"Feature","geometry":{"type":"Point","coordinates":[19.425729,51.8297]},"properties":{"line":"4","mode":"tram","color":"#d6212b","colorDark":"#7c1116","band":3,"off":[-1.7,1.1]}},{"type":"Feature","geometry":{"type":"Point","coordinates":[19.425729,51.8297]},"properties":{"line":"11","mode":"tram","color":"#d6212b","colorDark":"#7c1116","band":3,"off":[1.7,1.1]}},{"type":"Feature","geometry":{"type":"Point","coordinates":[19.485975,51.718232]},"properties":{"name":"Chojny Kurczaki","band":3,"modes":"tram","arr":["5","6","15"],"off":[0,-0.8]}},{"type":"Feature","geometry":{"type":"Point","coordinates":[19.485975,51.718232]},"properties":{"line":"5","mode":"tram","color":"#d6212b","colorDark":"#7c1116","band":3,"off":[-3.4,1.1]}},{"type":"Feature","geometry":{"type":"Point","coordinates":[19.485975,51.718232]},"properties":{"line":"6","mode":"tram","color":"#d6212b","colorDark":"#7c1116","band":3,"off":[0,1.1]}},{"type":"Feature","geometry":{"type":"Point","coordinates":[19.485975,51.718232]},"properties":{"line":"15","mode":"tram","color":"#d6212b","colorDark":"#7c1116","band":3,"off":[3.4,1.1]}},{"type":"Feature","geometry":{"type":"Point","coordinates":[19.368181,51.802497]},"properties":{"name":"Teofilów","band":3,"modes":"tram","arr":["5","8","13"],"off":[0,-0.8]}},{"type":"Feature","geometry":{"type":"Point","coordinates":[19.368181,51.802497]},"properties":{"line":"5","mode":"tram","color":"#d6212b","colorDark":"#7c1116","band":3,"off":[-3.4,1.1]}},{"type":"Feature","geometry":{"type":"Point","coordinates":[19.368181,51.802497]},"properties":{"line":"8","mode":"tram","color":"#d6212b","colorDark":"#7c1116","band":3,"off":[0,1.1]}},{"type":"Feature","geometry":{"type":"Point","coordinates":[19.368181,51.802497]},"properties":{"line":"13","mode":"tram","color":"#d6212b","colorDark":"#7c1116","band":3,"off":[3.4,1.1]}},{"type":"Feature","geometry":{"type":"Point","coordinates":[19.551142,51.758111]},"properties":{"name":"Widzew Augustów","band":3,"modes":"tram","arr":["6","10A"],"off":[0,-0.8]}},{"type":"Feature","geometry":{"type":"Point","coordinates":[19.551142,51.758111]},"properties":{"line":"6","mode":"tram","color":"#d6212b","colorDark":"#7c1116","band":3,"off":[-1.7,1.1]}},{"type":"Feature","geometry":{"type":"Point","coordinates":[19.551142,51.758111]},"properties":{"line":"10A","mode":"tram","color":"#d6212b","colorDark":"#7c1116","band":3,"off":[1.7,1.1]}},{"type":"Feature","geometry":{"type":"Point","coordinates":[19.520308,51.749093]},"properties":{"name":"cm. Zarzew","band":3,"modes":"tram","arr":["7","8"],"off":[0,-0.8]}},{"type":"Feature","geometry":{"type":"Point","coordinates":[19.520308,51.749093]},"properties":{"line":"7","mode":"tram","color":"#d6212b","colorDark":"#7c1116","band":3,"off":[-1.7,1.1]}},{"type":"Feature","geometry":{"type":"Point","coordinates":[19.520308,51.749093]},"properties":{"line":"8","mode":"tram","color":"#d6212b","colorDark":"#7c1116","band":3,"off":[1.7,1.1]}},{"type":"Feature","geometry":{"type":"Point","coordinates":[19.576614,51.733829]},"properties":{"name":"Olechów","band":3,"modes":"tram","arr":["9","10B"],"off":[0,-0.8]}},{"type":"Feature","geometry":{"type":"Point","coordinates":[19.576614,51.733829]},"properties":{"line":"9","mode":"tram","color":"#d6212b","colorDark":"#7c1116","band":3,"off":[-1.7,1.1]}},{"type":"Feature","geometry":{"type":"Point","coordinates":[19.576614,51.733829]},"properties":{"line":"10B","mode":"tram","color":"#d6212b","colorDark":"#7c1116","band":3,"off":[1.7,1.1]}},{"type":"Feature","geometry":{"type":"Point","coordinates":[19.529407,51.782474]},"properties":{"name":"Stoki","band":3,"modes":"tram","arr":["12"],"off":[0,-0.8]}},{"type":"Feature","geometry":{"type":"Point","coordinates":[19.529407,51.782474]},"properties":{"line":"12","mode":"tram","color":"#d6212b","colorDark":"#7c1116","band":3,"off":[0,1.1]}},{"type":"Feature","geometry":{"type":"Point","coordinates":[19.506619,51.781637]},"properties":{"name":"Telefoniczna Zajezdnia","band":3,"modes":"tram","arr":["15","45"],"off":[0,-0.8]}},{"type":"Feature","geometry":{"type":"Point","coordinates":[19.506619,51.781637]},"properties":{"line":"15","mode":"tram","color":"#d6212b","colorDark":"#7c1116","band":3,"off":[-1.7,1.1]}},{"type":"Feature","geometry":{"type":"Point","coordinates":[19.506619,51.781637]},"properties":{"line":"45","mode":"tram","color":"#d6212b","colorDark":"#7c1116","band":3,"off":[1.7,1.1]}},{"type":"Feature","geometry":{"type":"Point","coordinates":[19.490094,51.729047]},"properties":{"name":"Dąbrowa Niższa","band":3,"modes":"tram","arr":["13"],"off":[0,-0.8]}},{"type":"Feature","geometry":{"type":"Point","coordinates":[19.490094,51.729047]},"properties":{"line":"13","mode":"tram","color":"#d6212b","colorDark":"#7c1116","band":3,"off":[0,1.1]}},{"type":"Feature","geometry":{"type":"Point","coordinates":[19.408648,51.793993]},"properties":{"name":"Dw. Łódź Żabieniec","band":3,"modes":"tram","arr":["16","Z1"],"off":[0,-0.8]}},{"type":"Feature","geometry":{"type":"Point","coordinates":[19.408648,51.793993]},"properties":{"line":"16","mode":"tram","color":"#d6212b","colorDark":"#7c1116","band":3,"off":[-1.7,1.1]}},{"type":"Feature","geometry":{"type":"Point","coordinates":[19.408648,51.793993]},"properties":{"line":"Z1","mode":"tram","color":"#d6212b","colorDark":"#7c1116","band":3,"off":[1.7,1.1]}},{"type":"Feature","geometry":{"type":"Point","coordinates":[19.323228,51.658467]},"properties":{"name":"Łaska -Wiejska (Pabianice)","band":3,"modes":"tram","arr":["41"],"off":[0,-0.8]}},{"type":"Feature","geometry":{"type":"Point","coordinates":[19.323228,51.658467]},"properties":{"line":"41","mode":"tram","color":"#d6212b","colorDark":"#7c1116","band":3,"off":[0,1.1]}},{"type":"Feature","geometry":{"type":"Point","coordinates":[19.415915,51.854644]},"properties":{"name":"pl. Kilińskiego (Zgierz)","band":3,"modes":"tram","arr":["45"],"off":[0,-0.8]}},{"type":"Feature","geometry":{"type":"Point","coordinates":[19.415915,51.854644]},"properties":{"line":"45","mode":"tram","color":"#d6212b","colorDark":"#7c1116","band":3,"off":[0,1.1]}},{"type":"Feature","geometry":{"type":"Point","coordinates":[19.494381,51.774114]},"properties":{"name":"Narutowicza-Radiostacja","band":3,"modes":"tram","arr":["O"],"off":[0,-0.8]}},{"type":"Feature","geometry":{"type":"Point","coordinates":[19.494381,51.774114]},"properties":{"line":"O","mode":"tram","color":"#d6212b","colorDark":"#7c1116","band":3,"off":[0,1.1]}},{"type":"Feature","geometry":{"type":"Point","coordinates":[19.459319,51.779564]},"properties":{"name":"Północna","band":3,"modes":"tram","arr":["O"],"off":[0,-0.8]}},{"type":"Feature","geometry":{"type":"Point","coordinates":[19.459319,51.779564]},"properties":{"line":"O","mode":"tram","color":"#d6212b","colorDark":"#7c1116","band":3,"off":[0,1.1]}},{"type":"Feature","geometry":{"type":"Point","coordinates":[19.487606,51.797135]},"properties":{"name":"Doły","band":3,"modes":"tram","arr":["Z1"],"off":[0,-0.8]}},{"type":"Feature","geometry":{"type":"Point","coordinates":[19.487606,51.797135]},"properties":{"line":"Z1","mode":"tram","color":"#d6212b","colorDark":"#7c1116","band":3,"off":[0,1.1]}},{"type":"Feature","geometry":{"type":"Point","coordinates":[19.432176,51.75753]},"properties":{"name":"Dw. Łódź Kaliska","band":4,"modes":"bus","arr":["6.","52","93"],"off":[0,-0.8]}},{"type":"Feature","geometry":{"type":"Point","coordinates":[19.432176,51.75753]},"properties":{"line":"6.","mode":"bus","color":"#0059a9","colorDark":"#00294f","band":4,"off":[-3.4,1.1]}},{"type":"Feature","geometry":{"type":"Point","coordinates":[19.432176,51.75753]},"properties":{"line":"52","mode":"bus","color":"#0059a9","colorDark":"#00294f","band":4,"off":[0,1.1]}},{"type":"Feature","geometry":{"type":"Point","coordinates":[19.432176,51.75753]},"properties":{"line":"93","mode":"bus","color":"#0059a9","colorDark":"#00294f","band":4,"off":[3.4,1.1]}},{"type":"Feature","geometry":{"type":"Point","coordinates":[19.361374,51.795523]},"properties":{"name":"Teofilów Rojna","band":4,"modes":"bus","arr":["84A","84B","96","N1B","N3A","N3B"],"off":[0,-0.8]}},{"type":"Feature","geometry":{"type":"Point","coordinates":[19.361374,51.795523]},"properties":{"line":"84A","mode":"bus","color":"#0059a9","colorDark":"#00294f","band":4,"off":[-6.8,1.1]}},{"type":"Feature","geometry":{"type":"Point","coordinates":[19.361374,51.795523]},"properties":{"line":"84B","mode":"bus","color":"#0059a9","colorDark":"#00294f","band":4,"off":[-3.4,1.1]}},{"type":"Feature","geometry":{"type":"Point","coordinates":[19.361374,51.795523]},"properties":{"line":"96","mode":"bus","color":"#0059a9","colorDark":"#00294f","band":4,"off":[0,1.1]}},{"type":"Feature","geometry":{"type":"Point","coordinates":[19.361374,51.795523]},"properties":{"line":"N1B","mode":"bus","color":"#0059a9","colorDark":"#00294f","band":4,"off":[3.4,1.1]}},{"type":"Feature","geometry":{"type":"Point","coordinates":[19.361374,51.795523]},"properties":{"line":"N3A","mode":"bus","color":"#0059a9","colorDark":"#00294f","band":4,"off":[6.8,1.1]}},{"type":"Feature","geometry":{"type":"Point","coordinates":[19.361374,51.795523]},"properties":{"line":"N3B","mode":"bus","color":"#0059a9","colorDark":"#00294f","band":4,"off":[0,3.1]}},{"type":"Feature","geometry":{"type":"Point","coordinates":[19.382069,51.867819]},"properties":{"name":"Parzęczewska-Parzęczewska /Staffa(Zg.)","band":4,"modes":"bus","arr":["6.","61"],"off":[0,-0.8]}},{"type":"Feature","geometry":{"type":"Point","coordinates":[19.382069,51.867819]},"properties":{"name":"Parzęczewska /Staffa(Zg.)","band":4,"modes":"bus","arr":["6.","61"],"off":[0,-4.1]}},{"type":"Feature","geometry":{"type":"Point","coordinates":[19.382069,51.867819]},"properties":{"line":"6.","mode":"bus","color":"#0059a9","colorDark":"#00294f","band":4,"off":[-1.7,1.1]}},{"type":"Feature","geometry":{"type":"Point","coordinates":[19.382069,51.867819]},"properties":{"line":"61","mode":"bus","color":"#0059a9","colorDark":"#00294f","band":4,"off":[1.7,1.1]}},{"type":"Feature","geometry":{"type":"Point","coordinates":[19.494005,51.651778]},"properties":{"name":"Tuszyńska (Rzgów)","band":4,"modes":"bus","arr":["50A"],"off":[0,-0.8]}},{"type":"Feature","geometry":{"type":"Point","coordinates":[19.494005,51.651778]},"properties":{"line":"50A","mode":"bus","color":"#0059a9","colorDark":"#00294f","band":4,"off":[0,1.1]}},{"type":"Feature","geometry":{"type":"Point","coordinates":[19.463128,51.740302]},"properties":{"name":"pl. Niepodległości","band":4,"modes":"bus","arr":["50A","50B","63","68","92A","92B","Z11"],"off":[0,-0.8]}},{"type":"Feature","geometry":{"type":"Point","coordinates":[19.463128,51.740302]},"properties":{"line":"50A","mode":"bus","color":"#0059a9","colorDark":"#00294f","band":4,"off":[-6.8,1.1]}},{"type":"Feature","geometry":{"type":"Point","coordinates":[19.463128,51.740302]},"properties":{"line":"50B","mode":"bus","color":"#0059a9","colorDark":"#00294f","band":4,"off":[-3.4,1.1]}},{"type":"Feature","geometry":{"type":"Point","coordinates":[19.463128,51.740302]},"properties":{"line":"63","mode":"bus","color":"#0059a9","colorDark":"#00294f","band":4,"off":[0,1.1]}},{"type":"Feature","geometry":{"type":"Point","coordinates":[19.463128,51.740302]},"properties":{"line":"68","mode":"bus","color":"#0059a9","colorDark":"#00294f","band":4,"off":[3.4,1.1]}},{"type":"Feature","geometry":{"type":"Point","coordinates":[19.463128,51.740302]},"properties":{"line":"92A","mode":"bus","color":"#0059a9","colorDark":"#00294f","band":4,"off":[6.8,1.1]}},{"type":"Feature","geometry":{"type":"Point","coordinates":[19.463128,51.740302]},"properties":{"line":"92B","mode":"bus","color":"#0059a9","colorDark":"#00294f","band":4,"off":[-1.7,3.1]}},{"type":"Feature","geometry":{"type":"Point","coordinates":[19.463128,51.740302]},"properties":{"line":"Z11","mode":"bus","color":"#0059a9","colorDark":"#00294f","band":4,"off":[1.7,3.1]}},{"type":"Feature","geometry":{"type":"Point","coordinates":[19.48648,51.646431]},"properties":{"name":"CT Ptak Mandoria (Rzgów)","band":4,"modes":"bus","arr":["50B","56"],"off":[0,-0.8]}},{"type":"Feature","geometry":{"type":"Point","coordinates":[19.48648,51.646431]},"properties":{"line":"50B","mode":"bus","color":"#0059a9","colorDark":"#00294f","band":4,"off":[-1.7,1.1]}},{"type":"Feature","geometry":{"type":"Point","coordinates":[19.48648,51.646431]},"properties":{"line":"56","mode":"bus","color":"#0059a9","colorDark":"#00294f","band":4,"off":[1.7,1.1]}},{"type":"Feature","geometry":{"type":"Point","coordinates":[19.468737,51.770331]},"properties":{"name":"Dw. Łódź Fabryczna","band":4,"modes":"bus","arr":["51A","51B","53A","53B","53C","58A","58B","61","67","77","85A","85B","86","88A","88B","88C","88D"],"off":[0,-0.8]}},{"type":"Feature","geometry":{"type":"Point","coordinates":[19.468737,51.770331]},"properties":{"line":"51A","mode":"bus","color":"#0059a9","colorDark":"#00294f","band":4,"off":[-6.8,1.1]}},{"type":"Feature","geometry":{"type":"Point","coordinates":[19.468737,51.770331]},"properties":{"line":"51B","mode":"bus","color":"#0059a9","colorDark":"#00294f","band":4,"off":[-3.4,1.1]}},{"type":"Feature","geometry":{"type":"Point","coordinates":[19.468737,51.770331]},"properties":{"line":"53A","mode":"bus","color":"#0059a9","colorDark":"#00294f","band":4,"off":[0,1.1]}},{"type":"Feature","geometry":{"type":"Point","coordinates":[19.468737,51.770331]},"properties":{"line":"53B","mode":"bus","color":"#0059a9","colorDark":"#00294f","band":4,"off":[3.4,1.1]}},{"type":"Feature","geometry":{"type":"Point","coordinates":[19.468737,51.770331]},"properties":{"line":"53C","mode":"bus","color":"#0059a9","colorDark":"#00294f","band":4,"off":[6.8,1.1]}},{"type":"Feature","geometry":{"type":"Point","coordinates":[19.468737,51.770331]},"properties":{"line":"58A","mode":"bus","color":"#0059a9","colorDark":"#00294f","band":4,"off":[-6.8,3.1]}},{"type":"Feature","geometry":{"type":"Point","coordinates":[19.468737,51.770331]},"properties":{"line":"58B","mode":"bus","color":"#0059a9","colorDark":"#00294f","band":4,"off":[-3.4,3.1]}},{"type":"Feature","geometry":{"type":"Point","coordinates":[19.468737,51.770331]},"properties":{"line":"61","mode":"bus","color":"#0059a9","colorDark":"#00294f","band":4,"off":[0,3.1]}},{"type":"Feature","geometry":{"type":"Point","coordinates":[19.468737,51.770331]},"properties":{"line":"67","mode":"bus","color":"#0059a9","colorDark":"#00294f","band":4,"off":[3.4,3.1]}},{"type":"Feature","geometry":{"type":"Point","coordinates":[19.468737,51.770331]},"properties":{"line":"77","mode":"bus","color":"#0059a9","colorDark":"#00294f","band":4,"off":[6.8,3.1]}},{"type":"Feature","geometry":{"type":"Point","coordinates":[19.468737,51.770331]},"properties":{"line":"85A","mode":"bus","color":"#0059a9","colorDark":"#00294f","band":4,"off":[-6.8,5.1]}},{"type":"Feature","geometry":{"type":"Point","coordinates":[19.468737,51.770331]},"properties":{"line":"85B","mode":"bus","color":"#0059a9","colorDark":"#00294f","band":4,"off":[-3.4,5.1]}},{"type":"Feature","geometry":{"type":"Point","coordinates":[19.468737,51.770331]},"properties":{"line":"86","mode":"bus","color":"#0059a9","colorDark":"#00294f","band":4,"off":[0,5.1]}},{"type":"Feature","geometry":{"type":"Point","coordinates":[19.468737,51.770331]},"properties":{"line":"88A","mode":"bus","color":"#0059a9","colorDark":"#00294f","band":4,"off":[3.4,5.1]}},{"type":"Feature","geometry":{"type":"Point","coordinates":[19.468737,51.770331]},"properties":{"line":"88B","mode":"bus","color":"#0059a9","colorDark":"#00294f","band":4,"off":[6.8,5.1]}},{"type":"Feature","geometry":{"type":"Point","coordinates":[19.468737,51.770331]},"properties":{"line":"88C","mode":"bus","color":"#0059a9","colorDark":"#00294f","band":4,"off":[-1.7,7.1]}},{"type":"Feature","geometry":{"type":"Point","coordinates":[19.468737,51.770331]},"properties":{"line":"88D","mode":"bus","color":"#0059a9","colorDark":"#00294f","band":4,"off":[1.7,7.1]}},{"type":"Feature","geometry":{"type":"Point","coordinates":[19.474865,51.846866]},"properties":{"name":"Okólna-Łagiewniki","band":4,"modes":"bus","arr":["51A"],"off":[0,-0.8]}},{"type":"Feature","geometry":{"type":"Point","coordinates":[19.474865,51.846866]},"properties":{"line":"51A","mode":"bus","color":"#0059a9","colorDark":"#00294f","band":4,"off":[0,1.1]}},{"type":"Feature","geometry":{"type":"Point","coordinates":[19.490634,51.858863]},"properties":{"name":"Łódź Skotniki","band":4,"modes":"bus","arr":["51B"],"off":[0,-0.8]}},{"type":"Feature","geometry":{"type":"Point","coordinates":[19.490634,51.858863]},"properties":{"line":"51B","mode":"bus","color":"#0059a9","colorDark":"#00294f","band":4,"off":[0,1.1]}},{"type":"Feature","geometry":{"type":"Point","coordinates":[19.503876,51.720102]},"properties":{"name":"Komorniki","band":4,"modes":"bus","arr":["52"],"off":[0,-0.8]}},{"type":"Feature","geometry":{"type":"Point","coordinates":[19.503876,51.720102]},"properties":{"line":"52","mode":"bus","color":"#0059a9","colorDark":"#00294f","band":4,"off":[0,1.1]}},{"type":"Feature","geometry":{"type":"Point","coordinates":[19.589083,51.793695]},"properties":{"name":"Brzezińska-Nowosolna","band":4,"modes":"bus","arr":["53A","53C","N7A"],"off":[0,-0.8]}},{"type":"Feature","geometry":{"type":"Point","coordinates":[19.589083,51.793695]},"properties":{"line":"53A","mode":"bus","color":"#0059a9","colorDark":"#00294f","band":4,"off":[-3.4,1.1]}},{"type":"Feature","geometry":{"type":"Point","coordinates":[19.589083,51.793695]},"properties":{"line":"53C","mode":"bus","color":"#0059a9","colorDark":"#00294f","band":4,"off":[0,1.1]}},{"type":"Feature","geometry":{"type":"Point","coordinates":[19.589083,51.793695]},"properties":{"line":"N7A","mode":"bus","color":"#0059a9","colorDark":"#00294f","band":4,"off":[3.4,1.1]}},{"type":"Feature","geometry":{"type":"Point","coordinates":[19.762289,51.803861]},"properties":{"name":"Głowackiego (Brzeziny)","band":4,"modes":"bus","arr":["53B"],"off":[0,-0.8]}},{"type":"Feature","geometry":{"type":"Point","coordinates":[19.762289,51.803861]},"properties":{"line":"53B","mode":"bus","color":"#0059a9","colorDark":"#00294f","band":4,"off":[0,1.1]}},{"type":"Feature","geometry":{"type":"Point","coordinates":[19.485932,51.767321]},"properties":{"name":"pl. Mikulskiego","band":4,"modes":"bus","arr":["54B","83","Z13"],"off":[0,-0.8]}},{"type":"Feature","geometry":{"type":"Point","coordinates":[19.485932,51.767321]},"properties":{"line":"54B","mode":"bus","color":"#0059a9","colorDark":"#00294f","band":4,"off":[-3.4,1.1]}},{"type":"Feature","geometry":{"type":"Point","coordinates":[19.485932,51.767321]},"properties":{"line":"83","mode":"bus","color":"#0059a9","colorDark":"#00294f","band":4,"off":[0,1.1]}},{"type":"Feature","geometry":{"type":"Point","coordinates":[19.485932,51.767321]},"properties":{"line":"Z13","mode":"bus","color":"#0059a9","colorDark":"#00294f","band":4,"off":[3.4,1.1]}},{"type":"Feature","geometry":{"type":"Point","coordinates":[19.5733,51.806405]},"properties":{"name":"ROD Polanka","band":4,"modes":"bus","arr":["54B"],"off":[0,-0.8]}},{"type":"Feature","geometry":{"type":"Point","coordinates":[19.5733,51.806405]},"properties":{"line":"54B","mode":"bus","color":"#0059a9","colorDark":"#00294f","band":4,"off":[0,1.1]}},{"type":"Feature","geometry":{"type":"Point","coordinates":[19.54311,51.774114]},"properties":{"name":"Skalna-Juhasowa","band":4,"modes":"bus","arr":["N4A","N4B"],"off":[0,-0.8]}},{"type":"Feature","geometry":{"type":"Point","coordinates":[19.54311,51.774114]},"properties":{"line":"N4A","mode":"bus","color":"#0059a9","colorDark":"#00294f","band":4,"off":[-1.7,1.1]}},{"type":"Feature","geometry":{"type":"Point","coordinates":[19.54311,51.774114]},"properties":{"line":"N4B","mode":"bus","color":"#0059a9","colorDark":"#00294f","band":4,"off":[1.7,1.1]}},{"type":"Feature","geometry":{"type":"Point","coordinates":[19.383304,51.747439]},"properties":{"name":"Retkinia Kusocińskiego","band":4,"modes":"bus","arr":["55A","55B","55C","69A","69B","76","86"],"off":[0,-0.8]}},{"type":"Feature","geometry":{"type":"Point","coordinates":[19.383304,51.747439]},"properties":{"line":"55A","mode":"bus","color":"#0059a9","colorDark":"#00294f","band":4,"off":[-6.8,1.1]}},{"type":"Feature","geometry":{"type":"Point","coordinates":[19.383304,51.747439]},"properties":{"line":"55B","mode":"bus","color":"#0059a9","colorDark":"#00294f","band":4,"off":[-3.4,1.1]}},{"type":"Feature","geometry":{"type":"Point","coordinates":[19.383304,51.747439]},"properties":{"line":"55C","mode":"bus","color":"#0059a9","colorDark":"#00294f","band":4,"off":[0,1.1]}},{"type":"Feature","geometry":{"type":"Point","coordinates":[19.383304,51.747439]},"properties":{"line":"69A","mode":"bus","color":"#0059a9","colorDark":"#00294f","band":4,"off":[3.4,1.1]}},{"type":"Feature","geometry":{"type":"Point","coordinates":[19.383304,51.747439]},"properties":{"line":"69B","mode":"bus","color":"#0059a9","colorDark":"#00294f","band":4,"off":[6.8,1.1]}},{"type":"Feature","geometry":{"type":"Point","coordinates":[19.383304,51.747439]},"properties":{"line":"76","mode":"bus","color":"#0059a9","colorDark":"#00294f","band":4,"off":[-1.7,3.1]}},{"type":"Feature","geometry":{"type":"Point","coordinates":[19.383304,51.747439]},"properties":{"line":"86","mode":"bus","color":"#0059a9","colorDark":"#00294f","band":4,"off":[1.7,3.1]}},{"type":"Feature","geometry":{"type":"Point","coordinates":[19.509657,51.736533]},"properties":{"name":"Dw. Łódź Dąbrowa","band":4,"modes":"bus","arr":["55A","F1","N6"],"off":[0,-0.8]}},{"type":"Feature","geometry":{"type":"Point","coordinates":[19.509657,51.736533]},"properties":{"line":"55A","mode":"bus","color":"#0059a9","colorDark":"#00294f","band":4,"off":[-3.4,1.1]}},{"type":"Feature","geometry":{"type":"Point","coordinates":[19.509657,51.736533]},"properties":{"line":"F1","mode":"bus","color":"#0059a9","colorDark":"#00294f","band":4,"off":[0,1.1]}},{"type":"Feature","geometry":{"type":"Point","coordinates":[19.509657,51.736533]},"properties":{"line":"N6","mode":"bus","color":"#0059a9","colorDark":"#00294f","band":4,"off":[3.4,1.1]}},{"type":"Feature","geometry":{"type":"Point","coordinates":[19.520782,51.748365]},"properties":{"name":"cm. Zarzew","band":4,"modes":"bus","arr":["55B","64A"],"off":[0,-0.8]}},{"type":"Feature","geometry":{"type":"Point","coordinates":[19.520782,51.748365]},"properties":{"line":"55B","mode":"bus","color":"#0059a9","colorDark":"#00294f","band":4,"off":[-1.7,1.1]}},{"type":"Feature","geometry":{"type":"Point","coordinates":[19.520782,51.748365]},"properties":{"line":"64A","mode":"bus","color":"#0059a9","colorDark":"#00294f","band":4,"off":[1.7,1.1]}},{"type":"Feature","geometry":{"type":"Point","coordinates":[19.524056,51.730162]},"properties":{"name":"Lodowa-Lodowa 97 NŻ","band":4,"modes":"bus","arr":["55C"],"off":[0,-0.8]}},{"type":"Feature","geometry":{"type":"Point","coordinates":[19.524056,51.730162]},"properties":{"line":"55C","mode":"bus","color":"#0059a9","colorDark":"#00294f","band":4,"off":[0,1.1]}},{"type":"Feature","geometry":{"type":"Point","coordinates":[19.464415,51.726139]},"properties":{"name":"Piastów Kurak","band":4,"modes":"bus","arr":["56","57"],"off":[0,-0.8]}},{"type":"Feature","geometry":{"type":"Point","coordinates":[19.464415,51.726139]},"properties":{"line":"56","mode":"bus","color":"#0059a9","colorDark":"#00294f","band":4,"off":[-1.7,1.1]}},{"type":"Feature","geometry":{"type":"Point","coordinates":[19.464415,51.726139]},"properties":{"line":"57","mode":"bus","color":"#0059a9","colorDark":"#00294f","band":4,"off":[1.7,1.1]}},{"type":"Feature","geometry":{"type":"Point","coordinates":[19.46602,51.793263]},"properties":{"name":"Marysin Stadion","band":4,"modes":"bus","arr":["57"],"off":[0,-0.8]}},{"type":"Feature","geometry":{"type":"Point","coordinates":[19.46602,51.793263]},"properties":{"line":"57","mode":"bus","color":"#0059a9","colorDark":"#00294f","band":4,"off":[0,1.1]}},{"type":"Feature","geometry":{"type":"Point","coordinates":[19.574934,51.752026]},"properties":{"name":"Janów","band":4,"modes":"bus","arr":["58A","58B","72A","72B","80A","80B","90","91A","91B","91C","96","N1A","N1B","N5A"],"off":[0,-0.8]}},{"type":"Feature","geometry":{"type":"Point","coordinates":[19.574934,51.752026]},"properties":{"line":"58A","mode":"bus","color":"#0059a9","colorDark":"#00294f","band":4,"off":[-6.8,1.1]}},{"type":"Feature","geometry":{"type":"Point","coordinates":[19.574934,51.752026]},"properties":{"line":"58B","mode":"bus","color":"#0059a9","colorDark":"#00294f","band":4,"off":[-3.4,1.1]}},{"type":"Feature","geometry":{"type":"Point","coordinates":[19.574934,51.752026]},"properties":{"line":"72A","mode":"bus","color":"#0059a9","colorDark":"#00294f","band":4,"off":[0,1.1]}},{"type":"Feature","geometry":{"type":"Point","coordinates":[19.574934,51.752026]},"properties":{"line":"72B","mode":"bus","color":"#0059a9","colorDark":"#00294f","band":4,"off":[3.4,1.1]}},{"type":"Feature","geometry":{"type":"Point","coordinates":[19.574934,51.752026]},"properties":{"line":"80A","mode":"bus","color":"#0059a9","colorDark":"#00294f","band":4,"off":[6.8,1.1]}},{"type":"Feature","geometry":{"type":"Point","coordinates":[19.574934,51.752026]},"properties":{"line":"80B","mode":"bus","color":"#0059a9","colorDark":"#00294f","band":4,"off":[-6.8,3.1]}},{"type":"Feature","geometry":{"type":"Point","coordinates":[19.574934,51.752026]},"properties":{"line":"90","mode":"bus","color":"#0059a9","colorDark":"#00294f","band":4,"off":[-3.4,3.1]}},{"type":"Feature","geometry":{"type":"Point","coordinates":[19.574934,51.752026]},"properties":{"line":"91A","mode":"bus","color":"#0059a9","colorDark":"#00294f","band":4,"off":[0,3.1]}},{"type":"Feature","geometry":{"type":"Point","coordinates":[19.574934,51.752026]},"properties":{"line":"91B","mode":"bus","color":"#0059a9","colorDark":"#00294f","band":4,"off":[3.4,3.1]}},{"type":"Feature","geometry":{"type":"Point","coordinates":[19.574934,51.752026]},"properties":{"line":"91C","mode":"bus","color":"#0059a9","colorDark":"#00294f","band":4,"off":[6.8,3.1]}},{"type":"Feature","geometry":{"type":"Point","coordinates":[19.574934,51.752026]},"properties":{"line":"96","mode":"bus","color":"#0059a9","colorDark":"#00294f","band":4,"off":[-5.1,5.1]}},{"type":"Feature","geometry":{"type":"Point","coordinates":[19.574934,51.752026]},"properties":{"line":"N1A","mode":"bus","color":"#0059a9","colorDark":"#00294f","band":4,"off":[-1.7,5.1]}},{"type":"Feature","geometry":{"type":"Point","coordinates":[19.574934,51.752026]},"properties":{"line":"N1B","mode":"bus","color":"#0059a9","colorDark":"#00294f","band":4,"off":[1.7,5.1]}},{"type":"Feature","geometry":{"type":"Point","coordinates":[19.574934,51.752026]},"properties":{"line":"N5A","mode":"bus","color":"#0059a9","colorDark":"#00294f","band":4,"off":[5.1,5.1]}},{"type":"Feature","geometry":{"type":"Point","coordinates":[19.448251,51.776231]},"properties":{"name":"Legionów-Gdańska","band":4,"modes":"bus","arr":["59"],"off":[0,-0.8]}},{"type":"Feature","geometry":{"type":"Point","coordinates":[19.448251,51.776231]},"properties":{"line":"59","mode":"bus","color":"#0059a9","colorDark":"#00294f","band":4,"off":[0,1.1]}},{"type":"Feature","geometry":{"type":"Point","coordinates":[19.45147,51.780313]},"properties":{"name":"Zachodnia-Manufaktura","band":4,"modes":"bus","arr":["Z6"],"off":[0,-0.8]}},{"type":"Feature","geometry":{"type":"Point","coordinates":[19.45147,51.780313]},"properties":{"line":"Z6","mode":"bus","color":"#0059a9","colorDark":"#00294f","band":4,"off":[0,1.1]}},{"type":"Feature","geometry":{"type":"Point","coordinates":[19.438506,51.824769]},"properties":{"name":"Radogoszcz Wschód","band":4,"modes":"bus","arr":["59","65A","65B","N2"],"off":[0,-0.8]}},{"type":"Feature","geometry":{"type":"Point","coordinates":[19.438506,51.824769]},"properties":{"line":"59","mode":"bus","color":"#0059a9","colorDark":"#00294f","band":4,"off":[-5.1,1.1]}},{"type":"Feature","geometry":{"type":"Point","coordinates":[19.438506,51.824769]},"properties":{"line":"65A","mode":"bus","color":"#0059a9","colorDark":"#00294f","band":4,"off":[-1.7,1.1]}},{"type":"Feature","geometry":{"type":"Point","coordinates":[19.438506,51.824769]},"properties":{"line":"65B","mode":"bus","color":"#0059a9","colorDark":"#00294f","band":4,"off":[1.7,1.1]}},{"type":"Feature","geometry":{"type":"Point","coordinates":[19.438506,51.824769]},"properties":{"line":"N2","mode":"bus","color":"#0059a9","colorDark":"#00294f","band":4,"off":[5.1,1.1]}},{"type":"Feature","geometry":{"type":"Point","coordinates":[19.49421,51.764331]},"properties":{"name":"CH Tulipan","band":4,"modes":"bus","arr":["60A","60B","60C","60D"],"off":[0,-0.8]}},{"type":"Feature","geometry":{"type":"Point","coordinates":[19.49421,51.764331]},"properties":{"line":"60A","mode":"bus","color":"#0059a9","colorDark":"#00294f","band":4,"off":[-5.1,1.1]}},{"type":"Feature","geometry":{"type":"Point","coordinates":[19.49421,51.764331]},"properties":{"line":"60B","mode":"bus","color":"#0059a9","colorDark":"#00294f","band":4,"off":[-1.7,1.1]}},{"type":"Feature","geometry":{"type":"Point","coordinates":[19.49421,51.764331]},"properties":{"line":"60C","mode":"bus","color":"#0059a9","colorDark":"#00294f","band":4,"off":[1.7,1.1]}},{"type":"Feature","geometry":{"type":"Point","coordinates":[19.49421,51.764331]},"properties":{"line":"60D","mode":"bus","color":"#0059a9","colorDark":"#00294f","band":4,"off":[5.1,1.1]}},{"type":"Feature","geometry":{"type":"Point","coordinates":[19.557945,51.841906]},"properties":{"name":"Strykowska-Imielnik Nowy","band":4,"modes":"bus","arr":["60A"],"off":[0,-0.8]}},{"type":"Feature","geometry":{"type":"Point","coordinates":[19.557945,51.841906]},"properties":{"line":"60A","mode":"bus","color":"#0059a9","colorDark":"#00294f","band":4,"off":[0,1.1]}},{"type":"Feature","geometry":{"type":"Point","coordinates":[19.570724,51.866899]},"properties":{"name":"Michałówek Dobra","band":4,"modes":"bus","arr":["60B"],"off":[0,-0.8]}},{"type":"Feature","geometry":{"type":"Point","coordinates":[19.570724,51.866899]},"properties":{"line":"60B","mode":"bus","color":"#0059a9","colorDark":"#00294f","band":4,"off":[0,1.1]}},{"type":"Feature","geometry":{"type":"Point","coordinates":[19.594267,51.91026]},"properties":{"name":"Stryków Dworzec PKP","band":4,"modes":"bus","arr":["60C"],"off":[0,-0.8]}},{"type":"Feature","geometry":{"type":"Point","coordinates":[19.594267,51.91026]},"properties":{"line":"60C","mode":"bus","color":"#0059a9","colorDark":"#00294f","band":4,"off":[0,1.1]}},{"type":"Feature","geometry":{"type":"Point","coordinates":[19.48072,51.806385]},"properties":{"name":"Marysin Tęczowa","band":4,"modes":"bus","arr":["60D"],"off":[0,-0.8]}},{"type":"Feature","geometry":{"type":"Point","coordinates":[19.48072,51.806385]},"properties":{"line":"60D","mode":"bus","color":"#0059a9","colorDark":"#00294f","band":4,"off":[0,1.1]}},{"type":"Feature","geometry":{"type":"Point","coordinates":[19.411896,51.718411]},"properties":{"name":"Bionanopark","band":4,"modes":"bus","arr":["62"],"off":[0,-0.8]}},{"type":"Feature","geometry":{"type":"Point","coordinates":[19.411896,51.718411]},"properties":{"line":"62","mode":"bus","color":"#0059a9","colorDark":"#00294f","band":4,"off":[0,1.1]}},{"type":"Feature","geometry":{"type":"Point","coordinates":[19.480721,51.726103]},"properties":{"name":"Dw. Łódź Chojny","band":4,"modes":"bus","arr":["62","63","71A","71B","H"],"off":[0,-0.8]}},{"type":"Feature","geometry":{"type":"Point","coordinates":[19.480721,51.726103]},"properties":{"line":"62","mode":"bus","color":"#0059a9","colorDark":"#00294f","band":4,"off":[-6.8,1.1]}},{"type":"Feature","geometry":{"type":"Point","coordinates":[19.480721,51.726103]},"properties":{"line":"63","mode":"bus","color":"#0059a9","colorDark":"#00294f","band":4,"off":[-3.4,1.1]}},{"type":"Feature","geometry":{"type":"Point","coordinates":[19.480721,51.726103]},"properties":{"line":"71A","mode":"bus","color":"#0059a9","colorDark":"#00294f","band":4,"off":[0,1.1]}},{"type":"Feature","geometry":{"type":"Point","coordinates":[19.480721,51.726103]},"properties":{"line":"71B","mode":"bus","color":"#0059a9","colorDark":"#00294f","band":4,"off":[3.4,1.1]}},{"type":"Feature","geometry":{"type":"Point","coordinates":[19.480721,51.726103]},"properties":{"line":"H","mode":"bus","color":"#0059a9","colorDark":"#00294f","band":4,"off":[6.8,1.1]}},{"type":"Feature","geometry":{"type":"Point","coordinates":[19.422674,51.727045]},"properties":{"name":"Św. Franciszka-Czahary","band":4,"modes":"bus","arr":["77"],"off":[0,-0.8]}},{"type":"Feature","geometry":{"type":"Point","coordinates":[19.422674,51.727045]},"properties":{"line":"77","mode":"bus","color":"#0059a9","colorDark":"#00294f","band":4,"off":[0,1.1]}},{"type":"Feature","geometry":{"type":"Point","coordinates":[19.449307,51.788219]},"properties":{"name":"Zachodnia-Limanowskiego","band":4,"modes":"bus","arr":["64A","64B"],"off":[0,-0.8]}},{"type":"Feature","geometry":{"type":"Point","coordinates":[19.449307,51.788219]},"properties":{"line":"64A","mode":"bus","color":"#0059a9","colorDark":"#00294f","band":4,"off":[-1.7,1.1]}},{"type":"Feature","geometry":{"type":"Point","coordinates":[19.449307,51.788219]},"properties":{"line":"64B","mode":"bus","color":"#0059a9","colorDark":"#00294f","band":4,"off":[1.7,1.1]}},{"type":"Feature","geometry":{"type":"Point","coordinates":[19.541918,51.751751]},"properties":{"name":"Widzew Czajkowskiego","band":4,"modes":"bus","arr":["64B"],"off":[0,-0.8]}},{"type":"Feature","geometry":{"type":"Point","coordinates":[19.541918,51.751751]},"properties":{"line":"64B","mode":"bus","color":"#0059a9","colorDark":"#00294f","band":4,"off":[0,1.1]}},{"type":"Feature","geometry":{"type":"Point","coordinates":[19.400717,51.727369]},"properties":{"name":"Lotnisko","band":4,"modes":"bus","arr":["65A"],"off":[0,-0.8]}},{"type":"Feature","geometry":{"type":"Point","coordinates":[19.400717,51.727369]},"properties":{"line":"65A","mode":"bus","color":"#0059a9","colorDark":"#00294f","band":4,"off":[0,1.1]}},{"type":"Feature","geometry":{"type":"Point","coordinates":[19.395874,51.72866]},"properties":{"name":"Sortownia","band":4,"modes":"bus","arr":["65B"],"off":[0,-0.8]}},{"type":"Feature","geometry":{"type":"Point","coordinates":[19.395874,51.72866]},"properties":{"line":"65B","mode":"bus","color":"#0059a9","colorDark":"#00294f","band":4,"off":[0,1.1]}},{"type":"Feature","geometry":{"type":"Point","coordinates":[19.459347,51.801277]},"properties":{"name":"Rondo Powstańców 1863r.","band":4,"modes":"bus","arr":["66","70","N6","Z3"],"off":[0,-0.8]}},{"type":"Feature","geometry":{"type":"Point","coordinates":[19.459347,51.801277]},"properties":{"line":"66","mode":"bus","color":"#0059a9","colorDark":"#00294f","band":4,"off":[-5.1,1.1]}},{"type":"Feature","geometry":{"type":"Point","coordinates":[19.459347,51.801277]},"properties":{"line":"70","mode":"bus","color":"#0059a9","colorDark":"#00294f","band":4,"off":[-1.7,1.1]}},{"type":"Feature","geometry":{"type":"Point","coordinates":[19.459347,51.801277]},"properties":{"line":"N6","mode":"bus","color":"#0059a9","colorDark":"#00294f","band":4,"off":[1.7,1.1]}},{"type":"Feature","geometry":{"type":"Point","coordinates":[19.459347,51.801277]},"properties":{"line":"Z3","mode":"bus","color":"#0059a9","colorDark":"#00294f","band":4,"off":[5.1,1.1]}},{"type":"Feature","geometry":{"type":"Point","coordinates":[19.507336,51.843604]},"properties":{"name":"Okólna-Modrzew","band":4,"modes":"bus","arr":["66"],"off":[0,-0.8]}},{"type":"Feature","geometry":{"type":"Point","coordinates":[19.507336,51.843604]},"properties":{"line":"66","mode":"bus","color":"#0059a9","colorDark":"#00294f","band":4,"off":[0,1.1]}},{"type":"Feature","geometry":{"type":"Point","coordinates":[19.431439,51.746279]},"properties":{"name":"Nowe Sady-zajezdnia NOWE SADY","band":4,"modes":"bus","arr":["67","97A","97B","F1","G1","H"],"off":[0,-0.8]}},{"type":"Feature","geometry":{"type":"Point","coordinates":[19.431439,51.746279]},"properties":{"line":"67","mode":"bus","color":"#0059a9","colorDark":"#00294f","band":4,"off":[-6.8,1.1]}},{"type":"Feature","geometry":{"type":"Point","coordinates":[19.431439,51.746279]},"properties":{"line":"97A","mode":"bus","color":"#0059a9","colorDark":"#00294f","band":4,"off":[-3.4,1.1]}},{"type":"Feature","geometry":{"type":"Point","coordinates":[19.431439,51.746279]},"properties":{"line":"97B","mode":"bus","color":"#0059a9","colorDark":"#00294f","band":4,"off":[0,1.1]}},{"type":"Feature","geometry":{"type":"Point","coordinates":[19.431439,51.746279]},"properties":{"line":"F1","mode":"bus","color":"#0059a9","colorDark":"#00294f","band":4,"off":[3.4,1.1]}},{"type":"Feature","geometry":{"type":"Point","coordinates":[19.431439,51.746279]},"properties":{"line":"G1","mode":"bus","color":"#0059a9","colorDark":"#00294f","band":4,"off":[6.8,1.1]}},{"type":"Feature","geometry":{"type":"Point","coordinates":[19.431439,51.746279]},"properties":{"line":"H","mode":"bus","color":"#0059a9","colorDark":"#00294f","band":4,"off":[0,3.1]}},{"type":"Feature","geometry":{"type":"Point","coordinates":[19.457475,51.759101]},"properties":{"name":"Piotrkowska Centrum","band":4,"modes":"bus","arr":["Z11"],"off":[0,-0.8]}},{"type":"Feature","geometry":{"type":"Point","coordinates":[19.457475,51.759101]},"properties":{"line":"Z11","mode":"bus","color":"#0059a9","colorDark":"#00294f","band":4,"off":[0,1.1]}},{"type":"Feature","geometry":{"type":"Point","coordinates":[19.38348,51.74238]},"properties":{"name":"Retkinia","band":4,"modes":"bus","arr":["68","80A","80B","94","99","G1","G2","N2","N7A","N7B"],"off":[0,-0.8]}},{"type":"Feature","geometry":{"type":"Point","coordinates":[19.38348,51.74238]},"properties":{"line":"68","mode":"bus","color":"#0059a9","colorDark":"#00294f","band":4,"off":[-6.8,1.1]}},{"type":"Feature","geometry":{"type":"Point","coordinates":[19.38348,51.74238]},"properties":{"line":"80A","mode":"bus","color":"#0059a9","colorDark":"#00294f","band":4,"off":[-3.4,1.1]}},{"type":"Feature","geometry":{"type":"Point","coordinates":[19.38348,51.74238]},"properties":{"line":"80B","mode":"bus","color":"#0059a9","colorDark":"#00294f","band":4,"off":[0,1.1]}},{"type":"Feature","geometry":{"type":"Point","coordinates":[19.38348,51.74238]},"properties":{"line":"94","mode":"bus","color":"#0059a9","colorDark":"#00294f","band":4,"off":[3.4,1.1]}},{"type":"Feature","geometry":{"type":"Point","coordinates":[19.38348,51.74238]},"properties":{"line":"99","mode":"bus","color":"#0059a9","colorDark":"#00294f","band":4,"off":[6.8,1.1]}},{"type":"Feature","geometry":{"type":"Point","coordinates":[19.38348,51.74238]},"properties":{"line":"G1","mode":"bus","color":"#0059a9","colorDark":"#00294f","band":4,"off":[-6.8,3.1]}},{"type":"Feature","geometry":{"type":"Point","coordinates":[19.38348,51.74238]},"properties":{"line":"G2","mode":"bus","color":"#0059a9","colorDark":"#00294f","band":4,"off":[-3.4,3.1]}},{"type":"Feature","geometry":{"type":"Point","coordinates":[19.38348,51.74238]},"properties":{"line":"N2","mode":"bus","color":"#0059a9","colorDark":"#00294f","band":4,"off":[0,3.1]}},{"type":"Feature","geometry":{"type":"Point","coordinates":[19.38348,51.74238]},"properties":{"line":"N7A","mode":"bus","color":"#0059a9","colorDark":"#00294f","band":4,"off":[3.4,3.1]}},{"type":"Feature","geometry":{"type":"Point","coordinates":[19.38348,51.74238]},"properties":{"line":"N7B","mode":"bus","color":"#0059a9","colorDark":"#00294f","band":4,"off":[6.8,3.1]}},{"type":"Feature","geometry":{"type":"Point","coordinates":[19.542422,51.762617]},"properties":{"name":"Służbowa-Dw. Łódź Widzew","band":4,"modes":"bus","arr":["69A","69B"],"off":[0,-0.8]}},{"type":"Feature","geometry":{"type":"Point","coordinates":[19.542422,51.762617]},"properties":{"line":"69A","mode":"bus","color":"#0059a9","colorDark":"#00294f","band":4,"off":[-1.7,1.1]}},{"type":"Feature","geometry":{"type":"Point","coordinates":[19.542422,51.762617]},"properties":{"line":"69B","mode":"bus","color":"#0059a9","colorDark":"#00294f","band":4,"off":[1.7,1.1]}},{"type":"Feature","geometry":{"type":"Point","coordinates":[19.481348,51.703031]},"properties":{"name":"Instytut CZMP","band":4,"modes":"bus","arr":["70","93","N3A","N3B"],"off":[0,-0.8]}},{"type":"Feature","geometry":{"type":"Point","coordinates":[19.481348,51.703031]},"properties":{"line":"70","mode":"bus","color":"#0059a9","colorDark":"#00294f","band":4,"off":[-5.1,1.1]}},{"type":"Feature","geometry":{"type":"Point","coordinates":[19.481348,51.703031]},"properties":{"line":"93","mode":"bus","color":"#0059a9","colorDark":"#00294f","band":4,"off":[-1.7,1.1]}},{"type":"Feature","geometry":{"type":"Point","coordinates":[19.481348,51.703031]},"properties":{"line":"N3A","mode":"bus","color":"#0059a9","colorDark":"#00294f","band":4,"off":[1.7,1.1]}},{"type":"Feature","geometry":{"type":"Point","coordinates":[19.481348,51.703031]},"properties":{"line":"N3B","mode":"bus","color":"#0059a9","colorDark":"#00294f","band":4,"off":[5.1,1.1]}},{"type":"Feature","geometry":{"type":"Point","coordinates":[19.46506,51.800734]},"properties":{"name":"Inflancka-Marysińska","band":4,"modes":"bus","arr":["85A"],"off":[0,-0.8]}},{"type":"Feature","geometry":{"type":"Point","coordinates":[19.46506,51.800734]},"properties":{"line":"85A","mode":"bus","color":"#0059a9","colorDark":"#00294f","band":4,"off":[0,1.1]}},{"type":"Feature","geometry":{"type":"Point","coordinates":[19.499162,51.740747]},"properties":{"name":"park Podolski","band":4,"modes":"bus","arr":["71A","71B"],"off":[0,-0.8]}},{"type":"Feature","geometry":{"type":"Point","coordinates":[19.499162,51.740747]},"properties":{"line":"71A","mode":"bus","color":"#0059a9","colorDark":"#00294f","band":4,"off":[-1.7,1.1]}},{"type":"Feature","geometry":{"type":"Point","coordinates":[19.499162,51.740747]},"properties":{"line":"71B","mode":"bus","color":"#0059a9","colorDark":"#00294f","band":4,"off":[1.7,1.1]}},{"type":"Feature","geometry":{"type":"Point","coordinates":[19.427011,51.769395]},"properties":{"name":"Legionów-Włókniarzy","band":4,"modes":"bus","arr":["Z13","Z43"],"off":[0,-0.8]}},{"type":"Feature","geometry":{"type":"Point","coordinates":[19.427011,51.769395]},"properties":{"line":"Z13","mode":"bus","color":"#0059a9","colorDark":"#00294f","band":4,"off":[-1.7,1.1]}},{"type":"Feature","geometry":{"type":"Point","coordinates":[19.427011,51.769395]},"properties":{"line":"Z43","mode":"bus","color":"#0059a9","colorDark":"#00294f","band":4,"off":[1.7,1.1]}},{"type":"Feature","geometry":{"type":"Point","coordinates":[19.349411,51.775618]},"properties":{"name":"Złotno-Huta Jagodnica","band":4,"modes":"bus","arr":["72A","72B"],"off":[0,-0.8]}},{"type":"Feature","geometry":{"type":"Point","coordinates":[19.349411,51.775618]},"properties":{"line":"72A","mode":"bus","color":"#0059a9","colorDark":"#00294f","band":4,"off":[-1.7,1.1]}},{"type":"Feature","geometry":{"type":"Point","coordinates":[19.349411,51.775618]},"properties":{"line":"72B","mode":"bus","color":"#0059a9","colorDark":"#00294f","band":4,"off":[1.7,1.1]}},{"type":"Feature","geometry":{"type":"Point","coordinates":[19.42321,51.772849]},"properties":{"name":"Srebrzyńska-Koziny","band":4,"modes":"bus","arr":["73"],"off":[0,-0.8]}},{"type":"Feature","geometry":{"type":"Point","coordinates":[19.42321,51.772849]},"properties":{"line":"73","mode":"bus","color":"#0059a9","colorDark":"#00294f","band":4,"off":[0,1.1]}},{"type":"Feature","geometry":{"type":"Point","coordinates":[19.419024,51.817643]},"properties":{"name":"Radogoszcz Zachód","band":4,"modes":"bus","arr":["73","99","N5A","N5B"],"off":[0,-0.8]}},{"type":"Feature","geometry":{"type":"Point","coordinates":[19.419024,51.817643]},"properties":{"line":"73","mode":"bus","color":"#0059a9","colorDark":"#00294f","band":4,"off":[-5.1,1.1]}},{"type":"Feature","geometry":{"type":"Point","coordinates":[19.419024,51.817643]},"properties":{"line":"99","mode":"bus","color":"#0059a9","colorDark":"#00294f","band":4,"off":[-1.7,1.1]}},{"type":"Feature","geometry":{"type":"Point","coordinates":[19.419024,51.817643]},"properties":{"line":"N5A","mode":"bus","color":"#0059a9","colorDark":"#00294f","band":4,"off":[1.7,1.1]}},{"type":"Feature","geometry":{"type":"Point","coordinates":[19.419024,51.817643]},"properties":{"line":"N5B","mode":"bus","color":"#0059a9","colorDark":"#00294f","band":4,"off":[5.1,1.1]}},{"type":"Feature","geometry":{"type":"Point","coordinates":[19.413324,51.700969]},"properties":{"name":"Chocianowice IKEA","band":4,"modes":"bus","arr":["75A","75B","N4A"],"off":[0,-0.8]}},{"type":"Feature","geometry":{"type":"Point","coordinates":[19.413324,51.700969]},"properties":{"line":"75A","mode":"bus","color":"#0059a9","colorDark":"#00294f","band":4,"off":[-3.4,1.1]}},{"type":"Feature","geometry":{"type":"Point","coordinates":[19.413324,51.700969]},"properties":{"line":"75B","mode":"bus","color":"#0059a9","colorDark":"#00294f","band":4,"off":[0,1.1]}},{"type":"Feature","geometry":{"type":"Point","coordinates":[19.413324,51.700969]},"properties":{"line":"N4A","mode":"bus","color":"#0059a9","colorDark":"#00294f","band":4,"off":[3.4,1.1]}},{"type":"Feature","geometry":{"type":"Point","coordinates":[19.541614,51.762444]},"properties":{"name":"Dw. Łódź Widzew","band":4,"modes":"bus","arr":["75A","75B","82A","82B"],"off":[0,-0.8]}},{"type":"Feature","geometry":{"type":"Point","coordinates":[19.541614,51.762444]},"properties":{"line":"75A","mode":"bus","color":"#0059a9","colorDark":"#00294f","band":4,"off":[-5.1,1.1]}},{"type":"Feature","geometry":{"type":"Point","coordinates":[19.541614,51.762444]},"properties":{"line":"75B","mode":"bus","color":"#0059a9","colorDark":"#00294f","band":4,"off":[-1.7,1.1]}},{"type":"Feature","geometry":{"type":"Point","coordinates":[19.541614,51.762444]},"properties":{"line":"82A","mode":"bus","color":"#0059a9","colorDark":"#00294f","band":4,"off":[1.7,1.1]}},{"type":"Feature","geometry":{"type":"Point","coordinates":[19.541614,51.762444]},"properties":{"line":"82B","mode":"bus","color":"#0059a9","colorDark":"#00294f","band":4,"off":[5.1,1.1]}},{"type":"Feature","geometry":{"type":"Point","coordinates":[19.382159,51.816976]},"properties":{"name":"cm. Szczecińska","band":4,"modes":"bus","arr":["76","81A","89"],"off":[0,-0.8]}},{"type":"Feature","geometry":{"type":"Point","coordinates":[19.382159,51.816976]},"properties":{"line":"76","mode":"bus","color":"#0059a9","colorDark":"#00294f","band":4,"off":[-3.4,1.1]}},{"type":"Feature","geometry":{"type":"Point","coordinates":[19.382159,51.816976]},"properties":{"line":"81A","mode":"bus","color":"#0059a9","colorDark":"#00294f","band":4,"off":[0,1.1]}},{"type":"Feature","geometry":{"type":"Point","coordinates":[19.382159,51.816976]},"properties":{"line":"89","mode":"bus","color":"#0059a9","colorDark":"#00294f","band":4,"off":[3.4,1.1]}},{"type":"Feature","geometry":{"type":"Point","coordinates":[19.407137,51.794206]},"properties":{"name":"Woronicza-Dw. Łódź Żabieniec","band":4,"modes":"bus","arr":["78"],"off":[0,-0.8]}},{"type":"Feature","geometry":{"type":"Point","coordinates":[19.407137,51.794206]},"properties":{"line":"78","mode":"bus","color":"#0059a9","colorDark":"#00294f","band":4,"off":[0,1.1]}},{"type":"Feature","geometry":{"type":"Point","coordinates":[19.308033,51.82701]},"properties":{"name":"Targowy Rynek (Aleksandrów)","band":4,"modes":"bus","arr":["78","97A","N1A"],"off":[0,-0.8]}},{"type":"Feature","geometry":{"type":"Point","coordinates":[19.308033,51.82701]},"properties":{"line":"78","mode":"bus","color":"#0059a9","colorDark":"#00294f","band":4,"off":[-3.4,1.1]}},{"type":"Feature","geometry":{"type":"Point","coordinates":[19.308033,51.82701]},"properties":{"line":"97A","mode":"bus","color":"#0059a9","colorDark":"#00294f","band":4,"off":[0,1.1]}},{"type":"Feature","geometry":{"type":"Point","coordinates":[19.308033,51.82701]},"properties":{"line":"N1A","mode":"bus","color":"#0059a9","colorDark":"#00294f","band":4,"off":[3.4,1.1]}},{"type":"Feature","geometry":{"type":"Point","coordinates":[19.393573,51.793055]},"properties":{"name":"Traktorowa-Rojna","band":4,"modes":"bus","arr":["81B"],"off":[0,-0.8]}},{"type":"Feature","geometry":{"type":"Point","coordinates":[19.393573,51.793055]},"properties":{"line":"81B","mode":"bus","color":"#0059a9","colorDark":"#00294f","band":4,"off":[0,1.1]}},{"type":"Feature","geometry":{"type":"Point","coordinates":[19.412883,51.76428]},"properties":{"name":"Konstantynowska-ZOO Orientarium","band":4,"modes":"bus","arr":["100"],"off":[0,-0.8]}},{"type":"Feature","geometry":{"type":"Point","coordinates":[19.412883,51.76428]},"properties":{"line":"100","mode":"bus","color":"#0059a9","colorDark":"#00294f","band":4,"off":[0,1.1]}},{"type":"Feature","geometry":{"type":"Point","coordinates":[19.512619,51.791946]},"properties":{"name":"Sikawa Centrum Handlowe","band":4,"modes":"bus","arr":["81A","81B","Z6"],"off":[0,-0.8]}},{"type":"Feature","geometry":{"type":"Point","coordinates":[19.512619,51.791946]},"properties":{"line":"81A","mode":"bus","color":"#0059a9","colorDark":"#00294f","band":4,"off":[-3.4,1.1]}},{"type":"Feature","geometry":{"type":"Point","coordinates":[19.512619,51.791946]},"properties":{"line":"81B","mode":"bus","color":"#0059a9","colorDark":"#00294f","band":4,"off":[0,1.1]}},{"type":"Feature","geometry":{"type":"Point","coordinates":[19.512619,51.791946]},"properties":{"line":"Z6","mode":"bus","color":"#0059a9","colorDark":"#00294f","band":4,"off":[3.4,1.1]}},{"type":"Feature","geometry":{"type":"Point","coordinates":[19.627307,51.744927]},"properties":{"name":"Sąsieczno","band":4,"modes":"bus","arr":["82A"],"off":[0,-0.8]}},{"type":"Feature","geometry":{"type":"Point","coordinates":[19.627307,51.744927]},"properties":{"line":"82A","mode":"bus","color":"#0059a9","colorDark":"#00294f","band":4,"off":[0,1.1]}},{"type":"Feature","geometry":{"type":"Point","coordinates":[19.610298,51.691837]},"properties":{"name":"Stróża Ludwików","band":4,"modes":"bus","arr":["82B"],"off":[0,-0.8]}},{"type":"Feature","geometry":{"type":"Point","coordinates":[19.610298,51.691837]},"properties":{"line":"82B","mode":"bus","color":"#0059a9","colorDark":"#00294f","band":4,"off":[0,1.1]}},{"type":"Feature","geometry":{"type":"Point","coordinates":[19.376661,51.810173]},"properties":{"name":"Wersalska-Szczecińska","band":4,"modes":"bus","arr":["83"],"off":[0,-0.8]}},{"type":"Feature","geometry":{"type":"Point","coordinates":[19.376661,51.810173]},"properties":{"line":"83","mode":"bus","color":"#0059a9","colorDark":"#00294f","band":4,"off":[0,1.1]}},{"type":"Feature","geometry":{"type":"Point","coordinates":[19.325961,51.807459]},"properties":{"name":"Zielony Romanów","band":4,"modes":"bus","arr":["84A"],"off":[0,-0.8]}},{"type":"Feature","geometry":{"type":"Point","coordinates":[19.325961,51.807459]},"properties":{"line":"84A","mode":"bus","color":"#0059a9","colorDark":"#00294f","band":4,"off":[0,1.1]}},{"type":"Feature","geometry":{"type":"Point","coordinates":[19.319656,51.808241]},"properties":{"name":"Poselska (Aleksandrów)","band":4,"modes":"bus","arr":["84B"],"off":[0,-0.8]}},{"type":"Feature","geometry":{"type":"Point","coordinates":[19.319656,51.808241]},"properties":{"line":"84B","mode":"bus","color":"#0059a9","colorDark":"#00294f","band":4,"off":[0,1.1]}},{"type":"Feature","geometry":{"type":"Point","coordinates":[19.425288,51.791467]},"properties":{"name":"Limanowskiego-zajezdnia LIMANOWSKIEGO","band":4,"modes":"bus","arr":["85A"],"off":[0,-0.8]}},{"type":"Feature","geometry":{"type":"Point","coordinates":[19.425288,51.791467]},"properties":{"line":"85A","mode":"bus","color":"#0059a9","colorDark":"#00294f","band":4,"off":[0,1.1]}},{"type":"Feature","geometry":{"type":"Point","coordinates":[19.47431,51.82132]},"properties":{"name":"Arturówek","band":4,"modes":"bus","arr":["85B"],"off":[0,-0.8]}},{"type":"Feature","geometry":{"type":"Point","coordinates":[19.47431,51.82132]},"properties":{"line":"85B","mode":"bus","color":"#0059a9","colorDark":"#00294f","band":4,"off":[0,1.1]}},{"type":"Feature","geometry":{"type":"Point","coordinates":[19.499448,51.789586]},"properties":{"name":"Doły Smutna","band":4,"modes":"bus","arr":["87A"],"off":[0,-0.8]}},{"type":"Feature","geometry":{"type":"Point","coordinates":[19.499448,51.789586]},"properties":{"line":"87A","mode":"bus","color":"#0059a9","colorDark":"#00294f","band":4,"off":[0,1.1]}},{"type":"Feature","geometry":{"type":"Point","coordinates":[19.418255,51.786612]},"properties":{"name":"Żubardź","band":4,"modes":"bus","arr":["87A","87B"],"off":[0,-0.8]}},{"type":"Feature","geometry":{"type":"Point","coordinates":[19.418255,51.786612]},"properties":{"line":"87A","mode":"bus","color":"#0059a9","colorDark":"#00294f","band":4,"off":[-1.7,1.1]}},{"type":"Feature","geometry":{"type":"Point","coordinates":[19.418255,51.786612]},"properties":{"line":"87B","mode":"bus","color":"#0059a9","colorDark":"#00294f","band":4,"off":[1.7,1.1]}},{"type":"Feature","geometry":{"type":"Point","coordinates":[19.509278,51.782657]},"properties":{"name":"Telefoniczna Zajezdnia","band":4,"modes":"bus","arr":["87B","N7B"],"off":[0,-0.8]}},{"type":"Feature","geometry":{"type":"Point","coordinates":[19.509278,51.782657]},"properties":{"line":"87B","mode":"bus","color":"#0059a9","colorDark":"#00294f","band":4,"off":[-1.7,1.1]}},{"type":"Feature","geometry":{"type":"Point","coordinates":[19.509278,51.782657]},"properties":{"line":"N7B","mode":"bus","color":"#0059a9","colorDark":"#00294f","band":4,"off":[1.7,1.1]}},{"type":"Feature","geometry":{"type":"Point","coordinates":[19.53322,51.814692]},"properties":{"name":"Łukaszew Zjazdowa","band":4,"modes":"bus","arr":["88A"],"off":[0,-0.8]}},{"type":"Feature","geometry":{"type":"Point","coordinates":[19.53322,51.814692]},"properties":{"line":"88A","mode":"bus","color":"#0059a9","colorDark":"#00294f","band":4,"off":[0,1.1]}},{"type":"Feature","geometry":{"type":"Point","coordinates":[19.638874,51.854854]},"properties":{"name":"Skoszewy","band":4,"modes":"bus","arr":["88B","88C","91C"],"off":[0,-0.8]}},{"type":"Feature","geometry":{"type":"Point","coordinates":[19.638874,51.854854]},"properties":{"line":"88B","mode":"bus","color":"#0059a9","colorDark":"#00294f","band":4,"off":[-3.4,1.1]}},{"type":"Feature","geometry":{"type":"Point","coordinates":[19.638874,51.854854]},"properties":{"line":"88C","mode":"bus","color":"#0059a9","colorDark":"#00294f","band":4,"off":[0,1.1]}},{"type":"Feature","geometry":{"type":"Point","coordinates":[19.638874,51.854854]},"properties":{"line":"91C","mode":"bus","color":"#0059a9","colorDark":"#00294f","band":4,"off":[3.4,1.1]}},{"type":"Feature","geometry":{"type":"Point","coordinates":[19.575574,51.824748]},"properties":{"name":"Kalonka-Kalonka Centrum Ojca Pio","band":4,"modes":"bus","arr":["88D","91B"],"off":[0,-0.8]}},{"type":"Feature","geometry":{"type":"Point","coordinates":[19.575574,51.824748]},"properties":{"line":"88D","mode":"bus","color":"#0059a9","colorDark":"#00294f","band":4,"off":[-1.7,1.1]}},{"type":"Feature","geometry":{"type":"Point","coordinates":[19.575574,51.824748]},"properties":{"line":"91B","mode":"bus","color":"#0059a9","colorDark":"#00294f","band":4,"off":[1.7,1.1]}},{"type":"Feature","geometry":{"type":"Point","coordinates":[19.442522,51.82011]},"properties":{"name":"Nastrojowa-pl. Słoneczny","band":4,"modes":"bus","arr":["89"],"off":[0,-0.8]}},{"type":"Feature","geometry":{"type":"Point","coordinates":[19.442522,51.82011]},"properties":{"line":"89","mode":"bus","color":"#0059a9","colorDark":"#00294f","band":4,"off":[0,1.1]}},{"type":"Feature","geometry":{"type":"Point","coordinates":[19.596111,51.729642]},"properties":{"name":"Jędrzejowska-Dw. Łódź Olechów Wschód","band":4,"modes":"bus","arr":["90"],"off":[0,-0.8]}},{"type":"Feature","geometry":{"type":"Point","coordinates":[19.596111,51.729642]},"properties":{"line":"90","mode":"bus","color":"#0059a9","colorDark":"#00294f","band":4,"off":[0,1.1]}},{"type":"Feature","geometry":{"type":"Point","coordinates":[19.58994,51.794232]},"properties":{"name":"Nowosolna","band":4,"modes":"bus","arr":["91A"],"off":[0,-0.8]}},{"type":"Feature","geometry":{"type":"Point","coordinates":[19.58994,51.794232]},"properties":{"line":"91A","mode":"bus","color":"#0059a9","colorDark":"#00294f","band":4,"off":[0,1.1]}},{"type":"Feature","geometry":{"type":"Point","coordinates":[19.619295,51.702208]},"properties":{"name":"Stróża-Stróża Kolumny","band":4,"modes":"bus","arr":["92A","92B"],"off":[0,-0.8]}},{"type":"Feature","geometry":{"type":"Point","coordinates":[19.619295,51.702208]},"properties":{"line":"92A","mode":"bus","color":"#0059a9","colorDark":"#00294f","band":4,"off":[-1.7,1.1]}},{"type":"Feature","geometry":{"type":"Point","coordinates":[19.619295,51.702208]},"properties":{"line":"92B","mode":"bus","color":"#0059a9","colorDark":"#00294f","band":4,"off":[1.7,1.1]}},{"type":"Feature","geometry":{"type":"Point","coordinates":[19.503574,51.736142]},"properties":{"name":"Dąbrowskiego-Podhalańska","band":4,"modes":"bus","arr":["W"],"off":[0,-0.8]}},{"type":"Feature","geometry":{"type":"Point","coordinates":[19.503574,51.736142]},"properties":{"line":"W","mode":"bus","color":"#0059a9","colorDark":"#00294f","band":4,"off":[0,1.1]}},{"type":"Feature","geometry":{"type":"Point","coordinates":[19.211597,51.754903]},"properties":{"name":"pl. Jana Pawła II (Lutomiersk)","band":4,"modes":"bus","arr":["94"],"off":[0,-0.8]}},{"type":"Feature","geometry":{"type":"Point","coordinates":[19.211597,51.754903]},"properties":{"line":"94","mode":"bus","color":"#0059a9","colorDark":"#00294f","band":4,"off":[0,1.1]}},{"type":"Feature","geometry":{"type":"Point","coordinates":[19.31303,51.750078]},"properties":{"name":"Jana Pawła II-Pl. Wolności (Konstantynów","band":4,"modes":"bus","arr":["N9","Z43"],"off":[0,-0.8]}},{"type":"Feature","geometry":{"type":"Point","coordinates":[19.31303,51.750078]},"properties":{"line":"N9","mode":"bus","color":"#0059a9","colorDark":"#00294f","band":4,"off":[-1.7,1.1]}},{"type":"Feature","geometry":{"type":"Point","coordinates":[19.31303,51.750078]},"properties":{"line":"Z43","mode":"bus","color":"#0059a9","colorDark":"#00294f","band":4,"off":[1.7,1.1]}},{"type":"Feature","geometry":{"type":"Point","coordinates":[19.315106,51.77429]},"properties":{"name":"Niesięcin-Niesięcin (Konstantynów)","band":4,"modes":"bus","arr":["97B"],"off":[0,-0.8]}},{"type":"Feature","geometry":{"type":"Point","coordinates":[19.315106,51.77429]},"properties":{"line":"97B","mode":"bus","color":"#0059a9","colorDark":"#00294f","band":4,"off":[0,1.1]}},{"type":"Feature","geometry":{"type":"Point","coordinates":[19.455535,51.772679]},"properties":{"name":"Piotrkowska-Łódzka Inf. Turystyczna","band":4,"modes":"bus","arr":["100","101"],"off":[0,-0.8]}},{"type":"Feature","geometry":{"type":"Point","coordinates":[19.455535,51.772679]},"properties":{"line":"100","mode":"bus","color":"#0059a9","colorDark":"#00294f","band":4,"off":[-1.7,1.1]}},{"type":"Feature","geometry":{"type":"Point","coordinates":[19.455535,51.772679]},"properties":{"line":"101","mode":"bus","color":"#0059a9","colorDark":"#00294f","band":4,"off":[1.7,1.1]}},{"type":"Feature","geometry":{"type":"Point","coordinates":[19.472891,51.759549]},"properties":{"name":"Muzeum Kinematografii","band":4,"modes":"bus","arr":["101"],"off":[0,-0.8]}},{"type":"Feature","geometry":{"type":"Point","coordinates":[19.472891,51.759549]},"properties":{"line":"101","mode":"bus","color":"#0059a9","colorDark":"#00294f","band":4,"off":[0,1.1]}},{"type":"Feature","geometry":{"type":"Point","coordinates":[19.537252,51.762371]},"properties":{"name":"rondo Inwalidów","band":4,"modes":"bus","arr":["201","202","W"],"off":[0,-0.8]}},{"type":"Feature","geometry":{"type":"Point","coordinates":[19.537252,51.762371]},"properties":{"line":"201","mode":"bus","color":"#0059a9","colorDark":"#00294f","band":4,"off":[-3.4,1.1]}},{"type":"Feature","geometry":{"type":"Point","coordinates":[19.537252,51.762371]},"properties":{"line":"202","mode":"bus","color":"#0059a9","colorDark":"#00294f","band":4,"off":[0,1.1]}},{"type":"Feature","geometry":{"type":"Point","coordinates":[19.537252,51.762371]},"properties":{"line":"W","mode":"bus","color":"#0059a9","colorDark":"#00294f","band":4,"off":[3.4,1.1]}},{"type":"Feature","geometry":{"type":"Point","coordinates":[19.634655,51.737288]},"properties":{"name":"Bedoń Kościelna/Kościół","band":4,"modes":"bus","arr":["201"],"off":[0,-0.8]}},{"type":"Feature","geometry":{"type":"Point","coordinates":[19.634655,51.737288]},"properties":{"line":"201","mode":"bus","color":"#0059a9","colorDark":"#00294f","band":4,"off":[0,1.1]}},{"type":"Feature","geometry":{"type":"Point","coordinates":[19.677953,51.746692]},"properties":{"name":"Janówka","band":4,"modes":"bus","arr":["202"],"off":[0,-0.8]}},{"type":"Feature","geometry":{"type":"Point","coordinates":[19.677953,51.746692]},"properties":{"line":"202","mode":"bus","color":"#0059a9","colorDark":"#00294f","band":4,"off":[0,1.1]}},{"type":"Feature","geometry":{"type":"Point","coordinates":[19.517649,51.712793]},"properties":{"name":"Jędrzejów Przem. Zachód","band":4,"modes":"bus","arr":["F1","N8"],"off":[0,-0.8]}},{"type":"Feature","geometry":{"type":"Point","coordinates":[19.517649,51.712793]},"properties":{"line":"F1","mode":"bus","color":"#0059a9","colorDark":"#00294f","band":4,"off":[-1.7,1.1]}},{"type":"Feature","geometry":{"type":"Point","coordinates":[19.517649,51.712793]},"properties":{"line":"N8","mode":"bus","color":"#0059a9","colorDark":"#00294f","band":4,"off":[1.7,1.1]}},{"type":"Feature","geometry":{"type":"Point","coordinates":[19.367368,51.740941]},"properties":{"name":"ŁSSE Nowy Józefów","band":4,"modes":"bus","arr":["G1"],"off":[0,-0.8]}},{"type":"Feature","geometry":{"type":"Point","coordinates":[19.367368,51.740941]},"properties":{"line":"G1","mode":"bus","color":"#0059a9","colorDark":"#00294f","band":4,"off":[0,1.1]}},{"type":"Feature","geometry":{"type":"Point","coordinates":[19.360765,51.743131]},"properties":{"name":"ŁSSE ks. Janika","band":4,"modes":"bus","arr":["G2"],"off":[0,-0.8]}},{"type":"Feature","geometry":{"type":"Point","coordinates":[19.360765,51.743131]},"properties":{"line":"G2","mode":"bus","color":"#0059a9","colorDark":"#00294f","band":4,"off":[0,1.1]}},{"type":"Feature","geometry":{"type":"Point","coordinates":[19.4734,51.699331]},"properties":{"name":"Chojny Hydro","band":4,"modes":"bus","arr":["H"],"off":[0,-0.8]}},{"type":"Feature","geometry":{"type":"Point","coordinates":[19.4734,51.699331]},"properties":{"line":"H","mode":"bus","color":"#0059a9","colorDark":"#00294f","band":4,"off":[0,1.1]}},{"type":"Feature","geometry":{"type":"Point","coordinates":[19.454003,51.767846]},"properties":{"name":"Kościuszki-6 Sierpnia","band":4,"modes":"bus","arr":["N8","N9"],"off":[0,-0.8]}},{"type":"Feature","geometry":{"type":"Point","coordinates":[19.454003,51.767846]},"properties":{"line":"N8","mode":"bus","color":"#0059a9","colorDark":"#00294f","band":4,"off":[-1.7,1.1]}},{"type":"Feature","geometry":{"type":"Point","coordinates":[19.454003,51.767846]},"properties":{"line":"N9","mode":"bus","color":"#0059a9","colorDark":"#00294f","band":4,"off":[1.7,1.1]}},{"type":"Feature","geometry":{"type":"Point","coordinates":[19.325472,51.660326]},"properties":{"name":"Dworzec PKP(Pabianice)","band":4,"modes":"bus","arr":["N4B"],"off":[0,-0.8]}},{"type":"Feature","geometry":{"type":"Point","coordinates":[19.325472,51.660326]},"properties":{"line":"N4B","mode":"bus","color":"#0059a9","colorDark":"#00294f","band":4,"off":[0,1.1]}},{"type":"Feature","geometry":{"type":"Point","coordinates":[19.63701,51.726323]},"properties":{"name":"Andrespol","band":4,"modes":"bus","arr":["N5B"],"off":[0,-0.8]}},{"type":"Feature","geometry":{"type":"Point","coordinates":[19.63701,51.726323]},"properties":{"line":"N5B","mode":"bus","color":"#0059a9","colorDark":"#00294f","band":4,"off":[0,1.1]}},{"type":"Feature","geometry":{"type":"Point","coordinates":[19.486444,51.813314]},"properties":{"name":"Marysin Warszawska","band":4,"modes":"bus","arr":["Z3"],"off":[0,-0.8]}},{"type":"Feature","geometry":{"type":"Point","coordinates":[19.486444,51.813314]},"properties":{"line":"Z3","mode":"bus","color":"#0059a9","colorDark":"#00294f","band":4,"off":[0,1.1]}},{"type":"Feature","geometry":{"type":"Point","coordinates":[19.478701,51.734178]},"properties":{"name":"Kilińskiego-Mochnackiego","band":4,"modes":"tram","arr":["1"],"off":[0,-0.8]}},{"type":"Feature","geometry":{"type":"Point","coordinates":[19.478701,51.734178]},"properties":{"line":"1","mode":"tram","color":"#d6212b","colorDark":"#7c1116","band":4,"off":[0,1.1]}},{"type":"Feature","geometry":{"type":"Point","coordinates":[19.437166,51.775658]},"properties":{"name":"Cmentarna-cm. Ogrodowa","band":4,"modes":"tram","arr":["1","7"],"off":[0,-0.8]}},{"type":"Feature","geometry":{"type":"Point","coordinates":[19.437166,51.775658]},"properties":{"line":"1","mode":"tram","color":"#d6212b","colorDark":"#7c1116","band":4,"off":[-1.7,1.1]}},{"type":"Feature","geometry":{"type":"Point","coordinates":[19.437166,51.775658]},"properties":{"line":"7","mode":"tram","color":"#d6212b","colorDark":"#7c1116","band":4,"off":[1.7,1.1]}},{"type":"Feature","geometry":{"type":"Point","coordinates":[19.455855,51.758592]},"properties":{"name":"Kościuszki-Mickiewicza","band":4,"modes":"tram","arr":["2","3","11"],"off":[0,-0.8]}},{"type":"Feature","geometry":{"type":"Point","coordinates":[19.455855,51.758592]},"properties":{"line":"2","mode":"tram","color":"#d6212b","colorDark":"#7c1116","band":4,"off":[-3.4,1.1]}},{"type":"Feature","geometry":{"type":"Point","coordinates":[19.455855,51.758592]},"properties":{"line":"3","mode":"tram","color":"#d6212b","colorDark":"#7c1116","band":4,"off":[0,1.1]}},{"type":"Feature","geometry":{"type":"Point","coordinates":[19.455855,51.758592]},"properties":{"line":"11","mode":"tram","color":"#d6212b","colorDark":"#7c1116","band":4,"off":[3.4,1.1]}},{"type":"Feature","geometry":{"type":"Point","coordinates":[19.357794,51.804532]},"properties":{"name":"Kochanówka","band":4,"modes":"tram","arr":["2"],"off":[0,-0.8]}},{"type":"Feature","geometry":{"type":"Point","coordinates":[19.357794,51.804532]},"properties":{"line":"2","mode":"tram","color":"#d6212b","colorDark":"#7c1116","band":4,"off":[0,1.1]}},{"type":"Feature","geometry":{"type":"Point","coordinates":[19.457529,51.801148]},"properties":{"name":"Łagiewnicka-Rondo Powstańców 1863r.","band":4,"modes":"tram","arr":["3"],"off":[0,-0.8]}},{"type":"Feature","geometry":{"type":"Point","coordinates":[19.457529,51.801148]},"properties":{"line":"3","mode":"tram","color":"#d6212b","colorDark":"#7c1116","band":4,"off":[0,1.1]}},{"type":"Feature","geometry":{"type":"Point","coordinates":[19.508822,51.736167]},"properties":{"name":"Dw. Łódź Dąbrowa","band":4,"modes":"tram","arr":["4","14","Z2"],"off":[0,-0.8]}},{"type":"Feature","geometry":{"type":"Point","coordinates":[19.508822,51.736167]},"properties":{"line":"4","mode":"tram","color":"#d6212b","colorDark":"#7c1116","band":4,"off":[-3.4,1.1]}},{"type":"Feature","geometry":{"type":"Point","coordinates":[19.508822,51.736167]},"properties":{"line":"14","mode":"tram","color":"#d6212b","colorDark":"#7c1116","band":4,"off":[0,1.1]}},{"type":"Feature","geometry":{"type":"Point","coordinates":[19.508822,51.736167]},"properties":{"line":"Z2","mode":"tram","color":"#d6212b","colorDark":"#7c1116","band":4,"off":[3.4,1.1]}},{"type":"Feature","geometry":{"type":"Point","coordinates":[19.465719,51.769882]},"properties":{"name":"Rodziny Poznańskich-Dw. Łódź Fabryczna","band":4,"modes":"tram","arr":["9"],"off":[0,-0.8]}},{"type":"Feature","geometry":{"type":"Point","coordinates":[19.465719,51.769882]},"properties":{"line":"9","mode":"tram","color":"#d6212b","colorDark":"#7c1116","band":4,"off":[0,1.1]}},{"type":"Feature","geometry":{"type":"Point","coordinates":[19.425729,51.8297]},"properties":{"name":"Zgierska-Helenówek-pętla","band":4,"modes":"tram","arr":["4","11"],"off":[0,-0.8]}},{"type":"Feature","geometry":{"type":"Point","coordinates":[19.425729,51.8297]},"properties":{"line":"4","mode":"tram","color":"#d6212b","colorDark":"#7c1116","band":4,"off":[-1.7,1.1]}},{"type":"Feature","geometry":{"type":"Point","coordinates":[19.425729,51.8297]},"properties":{"line":"11","mode":"tram","color":"#d6212b","colorDark":"#7c1116","band":4,"off":[1.7,1.1]}},{"type":"Feature","geometry":{"type":"Point","coordinates":[19.485975,51.718232]},"properties":{"name":"Chojny Kurczaki","band":4,"modes":"tram","arr":["5","6","15"],"off":[0,-0.8]}},{"type":"Feature","geometry":{"type":"Point","coordinates":[19.485975,51.718232]},"properties":{"line":"5","mode":"tram","color":"#d6212b","colorDark":"#7c1116","band":4,"off":[-3.4,1.1]}},{"type":"Feature","geometry":{"type":"Point","coordinates":[19.485975,51.718232]},"properties":{"line":"6","mode":"tram","color":"#d6212b","colorDark":"#7c1116","band":4,"off":[0,1.1]}},{"type":"Feature","geometry":{"type":"Point","coordinates":[19.485975,51.718232]},"properties":{"line":"15","mode":"tram","color":"#d6212b","colorDark":"#7c1116","band":4,"off":[3.4,1.1]}},{"type":"Feature","geometry":{"type":"Point","coordinates":[19.368181,51.802497]},"properties":{"name":"Teofilów","band":4,"modes":"tram","arr":["5","8","13"],"off":[0,-0.8]}},{"type":"Feature","geometry":{"type":"Point","coordinates":[19.368181,51.802497]},"properties":{"line":"5","mode":"tram","color":"#d6212b","colorDark":"#7c1116","band":4,"off":[-3.4,1.1]}},{"type":"Feature","geometry":{"type":"Point","coordinates":[19.368181,51.802497]},"properties":{"line":"8","mode":"tram","color":"#d6212b","colorDark":"#7c1116","band":4,"off":[0,1.1]}},{"type":"Feature","geometry":{"type":"Point","coordinates":[19.368181,51.802497]},"properties":{"line":"13","mode":"tram","color":"#d6212b","colorDark":"#7c1116","band":4,"off":[3.4,1.1]}},{"type":"Feature","geometry":{"type":"Point","coordinates":[19.551142,51.758111]},"properties":{"name":"Widzew Augustów","band":4,"modes":"tram","arr":["6","10A"],"off":[0,-0.8]}},{"type":"Feature","geometry":{"type":"Point","coordinates":[19.551142,51.758111]},"properties":{"line":"6","mode":"tram","color":"#d6212b","colorDark":"#7c1116","band":4,"off":[-1.7,1.1]}},{"type":"Feature","geometry":{"type":"Point","coordinates":[19.551142,51.758111]},"properties":{"line":"10A","mode":"tram","color":"#d6212b","colorDark":"#7c1116","band":4,"off":[1.7,1.1]}},{"type":"Feature","geometry":{"type":"Point","coordinates":[19.520308,51.749093]},"properties":{"name":"cm. Zarzew","band":4,"modes":"tram","arr":["7","8"],"off":[0,-0.8]}},{"type":"Feature","geometry":{"type":"Point","coordinates":[19.520308,51.749093]},"properties":{"line":"7","mode":"tram","color":"#d6212b","colorDark":"#7c1116","band":4,"off":[-1.7,1.1]}},{"type":"Feature","geometry":{"type":"Point","coordinates":[19.520308,51.749093]},"properties":{"line":"8","mode":"tram","color":"#d6212b","colorDark":"#7c1116","band":4,"off":[1.7,1.1]}},{"type":"Feature","geometry":{"type":"Point","coordinates":[19.576614,51.733829]},"properties":{"name":"Olechów","band":4,"modes":"tram","arr":["9","10B"],"off":[0,-0.8]}},{"type":"Feature","geometry":{"type":"Point","coordinates":[19.576614,51.733829]},"properties":{"line":"9","mode":"tram","color":"#d6212b","colorDark":"#7c1116","band":4,"off":[-1.7,1.1]}},{"type":"Feature","geometry":{"type":"Point","coordinates":[19.576614,51.733829]},"properties":{"line":"10B","mode":"tram","color":"#d6212b","colorDark":"#7c1116","band":4,"off":[1.7,1.1]}},{"type":"Feature","geometry":{"type":"Point","coordinates":[19.384544,51.74222]},"properties":{"name":"Retkinia","band":4,"modes":"tram","arr":["10A","10B","12","14"],"off":[0,-0.8]}},{"type":"Feature","geometry":{"type":"Point","coordinates":[19.384544,51.74222]},"properties":{"line":"10A","mode":"tram","color":"#d6212b","colorDark":"#7c1116","band":4,"off":[-5.1,1.1]}},{"type":"Feature","geometry":{"type":"Point","coordinates":[19.384544,51.74222]},"properties":{"line":"10B","mode":"tram","color":"#d6212b","colorDark":"#7c1116","band":4,"off":[-1.7,1.1]}},{"type":"Feature","geometry":{"type":"Point","coordinates":[19.384544,51.74222]},"properties":{"line":"12","mode":"tram","color":"#d6212b","colorDark":"#7c1116","band":4,"off":[1.7,1.1]}},{"type":"Feature","geometry":{"type":"Point","coordinates":[19.384544,51.74222]},"properties":{"line":"14","mode":"tram","color":"#d6212b","colorDark":"#7c1116","band":4,"off":[5.1,1.1]}},{"type":"Feature","geometry":{"type":"Point","coordinates":[19.529407,51.782474]},"properties":{"name":"Stoki","band":4,"modes":"tram","arr":["12"],"off":[0,-0.8]}},{"type":"Feature","geometry":{"type":"Point","coordinates":[19.529407,51.782474]},"properties":{"line":"12","mode":"tram","color":"#d6212b","colorDark":"#7c1116","band":4,"off":[0,1.1]}},{"type":"Feature","geometry":{"type":"Point","coordinates":[19.506619,51.781637]},"properties":{"name":"Telefoniczna Zajezdnia","band":4,"modes":"tram","arr":["15","45"],"off":[0,-0.8]}},{"type":"Feature","geometry":{"type":"Point","coordinates":[19.506619,51.781637]},"properties":{"line":"15","mode":"tram","color":"#d6212b","colorDark":"#7c1116","band":4,"off":[-1.7,1.1]}},{"type":"Feature","geometry":{"type":"Point","coordinates":[19.506619,51.781637]},"properties":{"line":"45","mode":"tram","color":"#d6212b","colorDark":"#7c1116","band":4,"off":[1.7,1.1]}},{"type":"Feature","geometry":{"type":"Point","coordinates":[19.490094,51.729047]},"properties":{"name":"Dąbrowa Niższa","band":4,"modes":"tram","arr":["13"],"off":[0,-0.8]}},{"type":"Feature","geometry":{"type":"Point","coordinates":[19.490094,51.729047]},"properties":{"line":"13","mode":"tram","color":"#d6212b","colorDark":"#7c1116","band":4,"off":[0,1.1]}},{"type":"Feature","geometry":{"type":"Point","coordinates":[19.413334,51.700714]},"properties":{"name":"Chocianowice IKEA","band":4,"modes":"tram","arr":["16","Z2"],"off":[0,-0.8]}},{"type":"Feature","geometry":{"type":"Point","coordinates":[19.413334,51.700714]},"properties":{"line":"16","mode":"tram","color":"#d6212b","colorDark":"#7c1116","band":4,"off":[-1.7,1.1]}},{"type":"Feature","geometry":{"type":"Point","coordinates":[19.413334,51.700714]},"properties":{"line":"Z2","mode":"tram","color":"#d6212b","colorDark":"#7c1116","band":4,"off":[1.7,1.1]}},{"type":"Feature","geometry":{"type":"Point","coordinates":[19.408648,51.793993]},"properties":{"name":"Dw. Łódź Żabieniec","band":4,"modes":"tram","arr":["16","Z1"],"off":[0,-0.8]}},{"type":"Feature","geometry":{"type":"Point","coordinates":[19.408648,51.793993]},"properties":{"line":"16","mode":"tram","color":"#d6212b","colorDark":"#7c1116","band":4,"off":[-1.7,1.1]}},{"type":"Feature","geometry":{"type":"Point","coordinates":[19.408648,51.793993]},"properties":{"line":"Z1","mode":"tram","color":"#d6212b","colorDark":"#7c1116","band":4,"off":[1.7,1.1]}},{"type":"Feature","geometry":{"type":"Point","coordinates":[19.323228,51.658467]},"properties":{"name":"Łaska -Wiejska (Pabianice)","band":4,"modes":"tram","arr":["41"],"off":[0,-0.8]}},{"type":"Feature","geometry":{"type":"Point","coordinates":[19.323228,51.658467]},"properties":{"line":"41","mode":"tram","color":"#d6212b","colorDark":"#7c1116","band":4,"off":[0,1.1]}},{"type":"Feature","geometry":{"type":"Point","coordinates":[19.464974,51.740333]},"properties":{"name":"pl. Niepodległości","band":4,"modes":"tram","arr":["41"],"off":[0,-0.8]}},{"type":"Feature","geometry":{"type":"Point","coordinates":[19.464974,51.740333]},"properties":{"line":"41","mode":"tram","color":"#d6212b","colorDark":"#7c1116","band":4,"off":[0,1.1]}},{"type":"Feature","geometry":{"type":"Point","coordinates":[19.415915,51.854644]},"properties":{"name":"pl. Kilińskiego (Zgierz)","band":4,"modes":"tram","arr":["45"],"off":[0,-0.8]}},{"type":"Feature","geometry":{"type":"Point","coordinates":[19.415915,51.854644]},"properties":{"line":"45","mode":"tram","color":"#d6212b","colorDark":"#7c1116","band":4,"off":[0,1.1]}},{"type":"Feature","geometry":{"type":"Point","coordinates":[19.494381,51.774114]},"properties":{"name":"Narutowicza-Radiostacja","band":4,"modes":"tram","arr":["O"],"off":[0,-0.8]}},{"type":"Feature","geometry":{"type":"Point","coordinates":[19.494381,51.774114]},"properties":{"line":"O","mode":"tram","color":"#d6212b","colorDark":"#7c1116","band":4,"off":[0,1.1]}},{"type":"Feature","geometry":{"type":"Point","coordinates":[19.459319,51.779564]},"properties":{"name":"Północna","band":4,"modes":"tram","arr":["O"],"off":[0,-0.8]}},{"type":"Feature","geometry":{"type":"Point","coordinates":[19.459319,51.779564]},"properties":{"line":"O","mode":"tram","color":"#d6212b","colorDark":"#7c1116","band":4,"off":[0,1.1]}},{"type":"Feature","geometry":{"type":"Point","coordinates":[19.487606,51.797135]},"properties":{"name":"Doły","band":4,"modes":"tram","arr":["Z1"],"off":[0,-0.8]}},{"type":"Feature","geometry":{"type":"Point","coordinates":[19.487606,51.797135]},"properties":{"line":"Z1","mode":"tram","color":"#d6212b","colorDark":"#7c1116","band":4,"off":[0,1.1]}}]}