{"type":"FeatureCollection","features":[{"type":"Feature","geometry":{"type":"LineString","coordinates":[[19.43206,51.75751],[19.43199,51.75747],[19.43196,51.75744],[19.43204,51.75736],[19.43233,51.75715],[19.43258,51.75708],[19.43262,51.75707],[19.43325,51.75769],[19.43343,51.75779],[19.4338,51.75712],[19.43396,51.75686],[19.43395,51.75686],[19.4342,51.75639],[19.43433,51.75621],[19.43399,51.75614],[19.43283,51.75595],[19.4318,51.75587],[19.43176,51.75585],[19.42982,51.75574],[19.42858,51.75575],[19.42737,51.75578],[19.42655,51.75592],[19.42632,51.75595],[19.42588,51.75602],[19.42558,51.75605],[19.42523,51.75609],[19.42495,51.75612],[19.42456,51.75612],[19.4242,51.75611],[19.42336,51.75597],[19.42255,51.75603],[19.42291,51.75598],[19.41998,51.75657],[19.41756,51.75711],[19.4167,51.75729],[19.41585,51.75752],[19.41569,51.75762],[19.41526,51.75774],[19.41505,51.75783],[19.41491,51.75787],[19.41472,51.75793],[19.41453,51.75799],[19.41345,51.75834],[19.41306,51.75844],[19.41284,51.75853],[19.41264,51.75864],[19.41231,51.75884],[19.41143,51.75941],[19.41074,51.76],[19.40978,51.76098],[19.4097,51.76106],[19.40964,51.76113],[19.40961,51.7612],[19.4096,51.76121],[19.40946,51.76136],[19.40928,51.76153],[19.40915,51.76163],[19.40898,51.76174],[19.40858,51.76199],[19.40844,51.76207],[19.40782,51.76246],[19.40775,51.7625],[19.40769,51.76254],[19.40683,51.76311],[19.4055,51.76395],[19.40495,51.76443],[19.40419,51.76535],[19.40327,51.76688],[19.40258,51.76812],[19.4022,51.76908],[19.40182,51.76997],[19.40171,51.77024],[19.40111,51.7716],[19.40065,51.77268],[19.4004,51.77301],[19.3995,51.77375],[19.39912,51.77405],[19.39891,51.77422],[19.39886,51.77427],[19.39881,51.77433],[19.39877,51.77438],[19.39874,51.77443],[19.39873,51.77448],[19.3987,51.77508],[19.39873,51.77519],[19.39881,51.77551],[19.39891,51.77582],[19.39896,51.77599],[19.39908,51.77638],[19.39918,51.77672],[19.39929,51.77713],[19.39934,51.77735],[19.3994,51.77753],[19.39943,51.77771],[19.39946,51.77784],[19.39947,51.7779],[19.39948,51.77797],[19.39948,51.77807],[19.39947,51.77816],[19.39946,51.77825],[19.39945,51.77833],[19.39945,51.7784],[19.39946,51.77845],[19.39929,51.77877],[19.39914,51.77908],[19.39819,51.77942],[19.39694,51.78013],[19.39633,51.78068],[19.39566,51.78111],[19.39164,51.78246],[19.3877,51.78318],[19.38623,51.78357],[19.38286,51.78489],[19.38059,51.78561],[19.37706,51.78703],[19.37067,51.7889],[19.35622,51.7898],[19.35476,51.78989],[19.35443,51.78993],[19.35437,51.78999],[19.35644,51.792],[19.35661,51.79201],[19.35678,51.79205],[19.35687,51.79217],[19.35687,51.79224],[19.35681,51.79234],[19.36023,51.79562],[19.36035,51.79563],[19.36048,51.79569],[19.36649,51.79447],[19.36765,51.79444],[19.36977,51.79473],[19.37075,51.79485],[19.37183,51.79485],[19.37368,51.7948],[19.37376,51.79478],[19.37383,51.79473],[19.37397,51.7947],[19.37407,51.79471],[19.37413,51.79473],[19.37418,51.79478],[19.37419,51.79483],[19.37419,51.79488],[19.37417,51.79495],[19.37534,51.79706],[19.37559,51.79757],[19.37573,51.79775],[19.37582,51.79784],[19.37578,51.79789],[19.37576,51.79793],[19.37567,51.79833],[19.37543,51.79959],[19.3754,51.79979],[19.37568,51.80027],[19.37606,51.80083],[19.3764,51.80111],[19.38706,51.79897],[19.38798,51.80078],[19.38816,51.80113],[19.38823,51.80134],[19.38828,51.80158],[19.38835,51.80203],[19.38842,51.80225],[19.38849,51.8027],[19.3887,51.8037],[19.38875,51.80397],[19.38909,51.80465],[19.38976,51.80584],[19.39063,51.80723],[19.39068,51.80748],[19.39092,51.80791],[19.39125,51.80851],[19.39149,51.80892],[19.39169,51.80933],[19.39132,51.80942],[19.3907,51.80957],[19.39,51.80974],[19.38929,51.80992],[19.38373,51.81112],[19.38113,51.81157],[19.37999,51.8119],[19.37965,51.81206],[19.3786,51.81254],[19.37845,51.81283],[19.38785,51.82114],[19.38841,51.82178],[19.39951,51.83895],[19.40252,51.84853],[19.40236,51.84971],[19.40243,51.84992],[19.40785,51.85196],[19.40802,51.85249],[19.40805,51.85263],[19.40918,51.85579],[19.4165,51.8547],[19.41665,51.85482],[19.41668,51.85512],[19.41716,51.85639],[19.41781,51.85804],[19.41789,51.85826],[19.41794,51.85843],[19.41791,51.85843],[19.41797,51.85847],[19.41799,51.85867],[19.418,51.85872],[19.41789,51.85894],[19.41788,51.85898],[19.41735,51.85979],[19.41688,51.86045],[19.41681,51.86055],[19.41675,51.86061],[19.41622,51.86144],[19.41602,51.86171],[19.41582,51.86198],[19.41566,51.86226],[19.41505,51.8622],[19.41488,51.86219],[19.41467,51.86214],[19.41453,51.86211],[19.41378,51.86193],[19.4131,51.86176],[19.41299,51.86171],[19.41259,51.86167],[19.41185,51.86159],[19.4118,51.86158],[19.41172,51.86158],[19.40964,51.86133],[19.40887,51.8612],[19.40664,51.86076],[19.40422,51.85987],[19.40635,51.85853],[19.40422,51.85987],[19.40072,51.86345],[19.39896,51.86327],[19.3966,51.86286],[19.39391,51.86115],[19.39376,51.86096],[19.39345,51.86073],[19.39299,51.86043],[19.39253,51.86008],[19.39239,51.85997],[19.39204,51.8596],[19.39187,51.85944],[19.39141,51.859],[19.39123,51.85882],[19.39107,51.85858],[19.39102,51.85849],[19.39091,51.85822],[19.39084,51.85795],[19.39078,51.85768],[19.39063,51.85768],[19.3907,51.85742],[19.38684,51.85772],[19.38586,51.85777],[19.38519,51.85782],[19.38502,51.85783],[19.38502,51.85786],[19.38454,51.85785],[19.38432,51.85786],[19.38325,51.85792],[19.38296,51.85793],[19.38272,51.85793],[19.38068,51.85804],[19.38064,51.85804],[19.38019,51.85807],[19.37994,51.85809],[19.37994,51.85811],[19.37987,51.85809],[19.37971,51.8581],[19.37961,51.8581],[19.37953,51.8581],[19.37932,51.85809],[19.37887,51.85807],[19.37883,51.85807],[19.37877,51.85807],[19.37872,51.85809],[19.37868,51.8581],[19.37862,51.85811],[19.37857,51.85814],[19.37857,51.85816],[19.37855,51.85818],[19.37854,51.8582],[19.37849,51.85829],[19.37831,51.85936],[19.37819,51.86023],[19.37827,51.86024],[19.37812,51.86052],[19.37793,51.86168],[19.37787,51.8621],[19.37784,51.8622],[19.37777,51.86286],[19.37775,51.86297],[19.37775,51.86303],[19.37772,51.86335],[19.37769,51.86367],[19.37768,51.8639],[19.37769,51.86446],[19.37777,51.86494],[19.37782,51.86518],[19.37796,51.86572],[19.37805,51.86605],[19.37821,51.86652],[19.37835,51.8669]]},"properties":{"line":"6.","dir":"0","mode":"bus"}},{"type":"Feature","geometry":{"type":"LineString","coordinates":[[19.37796,51.86605],[19.37796,51.86572],[19.37782,51.86518],[19.37777,51.86494],[19.37769,51.86446],[19.37768,51.8639],[19.37769,51.86367],[19.37772,51.86335],[19.37775,51.86297],[19.37777,51.86286],[19.37782,51.86248],[19.37773,51.86248],[19.37784,51.8622],[19.37787,51.8621],[19.37793,51.86168],[19.37812,51.86052],[19.37831,51.85936],[19.37843,51.85879],[19.37824,51.85876],[19.37849,51.85829],[19.37854,51.8582],[19.37855,51.85818],[19.37857,51.85816],[19.37857,51.85814],[19.37862,51.85811],[19.37868,51.8581],[19.37872,51.85809],[19.37877,51.85807],[19.37883,51.85807],[19.37887,51.85807],[19.37932,51.85809],[19.37953,51.8581],[19.37961,51.8581],[19.37971,51.8581],[19.37987,51.85809],[19.38019,51.85807],[19.38059,51.85804],[19.38059,51.85802],[19.38064,51.85804],[19.38068,51.85804],[19.38272,51.85793],[19.38296,51.85793],[19.38325,51.85792],[19.38432,51.85786],[19.38454,51.85785],[19.38519,51.85782],[19.38586,51.85777],[19.38636,51.85775],[19.38635,51.85768],[19.38684,51.85772],[19.3907,51.85742],[19.39084,51.85795],[19.39091,51.85822],[19.39102,51.85849],[19.39107,51.85858],[19.3911,51.85863],[19.39112,51.85863],[19.39123,51.85882],[19.39141,51.859],[19.39187,51.85944],[19.39204,51.8596],[19.39239,51.85997],[19.39253,51.86008],[19.39299,51.86043],[19.39345,51.86073],[19.39376,51.86096],[19.3941,51.86121],[19.40422,51.85987],[19.40791,51.86095],[19.40887,51.8612],[19.40964,51.86133],[19.41172,51.86158],[19.4118,51.86158],[19.41185,51.86159],[19.41259,51.86167],[19.41299,51.86171],[19.4131,51.86176],[19.41378,51.86193],[19.41453,51.86211],[19.41467,51.86214],[19.41488,51.86219],[19.41505,51.8622],[19.41566,51.86226],[19.41582,51.86198],[19.41602,51.86171],[19.4163,51.8613],[19.41625,51.86129],[19.41675,51.86061],[19.41681,51.86055],[19.41688,51.86045],[19.41735,51.85979],[19.41788,51.85898],[19.41789,51.85894],[19.418,51.85872],[19.41799,51.85867],[19.41797,51.85847],[19.41789,51.85826],[19.41784,51.85814],[19.4165,51.8547],[19.40918,51.85579],[19.40797,51.85248],[19.40815,51.8522],[19.40805,51.85204],[19.40276,51.85016],[19.40239,51.85008],[19.402,51.84994],[19.40229,51.84977],[19.40241,51.84941],[19.40055,51.84195],[19.3785,51.81296],[19.37822,51.81266],[19.37812,51.81261],[19.37809,51.81251],[19.37821,51.81238],[19.37857,51.81235],[19.38029,51.81175],[19.3834,51.8111],[19.3855,51.8107],[19.39052,51.80956],[19.39092,51.80945],[19.39141,51.80934],[19.39153,51.80923],[19.39145,51.80902],[19.39086,51.80794],[19.38966,51.80586],[19.38901,51.80467],[19.38878,51.80425],[19.38869,51.80397],[19.38845,51.80275],[19.38812,51.80113],[19.38773,51.80039],[19.38679,51.79916],[19.3763,51.80128],[19.37574,51.80063],[19.37563,51.80042],[19.37554,51.80023],[19.37552,51.80018],[19.37546,51.80008],[19.37539,51.79994],[19.37537,51.79987],[19.37538,51.79981],[19.37537,51.79977],[19.37538,51.79963],[19.37559,51.79831],[19.37562,51.79821],[19.37559,51.79812],[19.37561,51.79797],[19.37559,51.79791],[19.37558,51.79789],[19.37555,51.79787],[19.37555,51.79784],[19.37556,51.79782],[19.37557,51.79778],[19.37553,51.79766],[19.37549,51.79755],[19.37548,51.79749],[19.37538,51.79729],[19.37524,51.79727],[19.37501,51.79658],[19.37434,51.79525],[19.37402,51.79498],[19.37389,51.79497],[19.37377,51.79489],[19.37366,51.79485],[19.37191,51.79491],[19.37137,51.79491],[19.37075,51.79491],[19.37047,51.79488],[19.36724,51.79446],[19.3662,51.79453],[19.36461,51.79487],[19.36049,51.79573],[19.36048,51.7958],[19.36041,51.79585],[19.36025,51.79587],[19.36011,51.79581],[19.3601,51.79573],[19.36014,51.79568],[19.36017,51.79566],[19.3551,51.79077],[19.35426,51.78991],[19.3698,51.78897],[19.37074,51.78887],[19.37437,51.78771],[19.37632,51.78726],[19.37733,51.78694],[19.38056,51.78558],[19.38296,51.78487],[19.38585,51.78369],[19.38656,51.78345],[19.39154,51.78253],[19.39438,51.78162],[19.39543,51.78118],[19.39626,51.78075],[19.39694,51.78013],[19.3982,51.77942],[19.39857,51.77923],[19.39903,51.77916],[19.39914,51.77897],[19.39926,51.77871],[19.39942,51.77834],[19.39946,51.77802],[19.39939,51.77763],[19.39861,51.77517],[19.39861,51.77516],[19.39864,51.77504],[19.39863,51.77467],[19.39877,51.77432],[19.39909,51.77405],[19.39978,51.77348],[19.40043,51.77294],[19.40071,51.7725],[19.40186,51.76966],[19.40213,51.76908],[19.40231,51.76873],[19.40252,51.76819],[19.40256,51.76812],[19.4027,51.76788],[19.4028,51.76765],[19.40293,51.76745],[19.40305,51.76724],[19.40351,51.76647],[19.40362,51.76625],[19.40374,51.76605],[19.40391,51.76569],[19.40394,51.76552],[19.40456,51.7646],[19.40767,51.76241],[19.40928,51.76137],[19.41086,51.75986],[19.41209,51.75888],[19.41466,51.75783],[19.41756,51.75711],[19.41998,51.75657],[19.42068,51.75635],[19.42135,51.75626],[19.42194,51.75613],[19.42204,51.75611],[19.42214,51.75609],[19.42274,51.75583],[19.42301,51.75572],[19.42313,51.75566],[19.42339,51.75558],[19.42345,51.75556],[19.42362,51.75558],[19.42372,51.7556],[19.42392,51.75566],[19.42409,51.75569],[19.42429,51.75574],[19.42461,51.75576],[19.42484,51.75578],[19.42523,51.75578],[19.42551,51.75575],[19.42598,51.75569],[19.42611,51.75566],[19.42651,51.7556],[19.42696,51.75551],[19.42814,51.75542],[19.42923,51.75542],[19.43026,51.75542],[19.43112,51.75549],[19.43153,51.75554],[19.43162,51.75555],[19.43184,51.75563],[19.43199,51.75569],[19.43218,51.75573]]},"properties":{"line":"6.","dir":"1","mode":"bus"}},{"type":"Feature","geometry":{"type":"LineString","coordinates":[[19.49406,51.65178],[19.49398,51.65198],[19.4934,51.65196],[19.49334,51.65298],[19.49327,51.65368],[19.49308,51.65572],[19.49273,51.65899],[19.49205,51.66021],[19.49112,51.6612],[19.49046,51.66208],[19.48994,51.66266],[19.48935,51.66335],[19.48889,51.66389],[19.48872,51.66417],[19.48867,51.66432],[19.48855,51.66468],[19.48835,51.66538],[19.48819,51.66577],[19.48805,51.66624],[19.48797,51.66645],[19.4879,51.66658],[19.48773,51.66685],[19.48755,51.66702],[19.4875,51.66712],[19.48748,51.66716],[19.48748,51.66721],[19.48745,51.66723],[19.48741,51.66728],[19.48735,51.6673],[19.48725,51.6673],[19.48713,51.66728],[19.48705,51.66727],[19.48697,51.66728],[19.48689,51.6673],[19.48671,51.66738],[19.48641,51.66759],[19.48575,51.66802],[19.48424,51.66901],[19.48166,51.67078],[19.4784,51.67297],[19.47594,51.67461],[19.47535,51.67502],[19.47512,51.67518],[19.47408,51.67581],[19.47238,51.67688],[19.46828,51.6793],[19.46627,51.68053],[19.46273,51.68263],[19.46217,51.68298],[19.46154,51.68332],[19.45633,51.68649],[19.45539,51.68707],[19.45512,51.68723],[19.45446,51.68764],[19.4528,51.68868],[19.44988,51.6904],[19.44878,51.69103],[19.44548,51.69305],[19.4449,51.69341],[19.44384,51.69403],[19.44359,51.69418],[19.44339,51.6943],[19.44325,51.69443],[19.44304,51.69463],[19.44282,51.69488],[19.44271,51.69506],[19.44227,51.69584],[19.44165,51.69683],[19.44104,51.6979],[19.44096,51.69808],[19.44067,51.69879],[19.44051,51.69905],[19.44028,51.69935],[19.44007,51.69953],[19.43958,51.69987],[19.43918,51.70013],[19.43894,51.70029],[19.43874,51.70053],[19.43846,51.7011],[19.43825,51.70162],[19.43814,51.70193],[19.43795,51.7023],[19.43781,51.70255],[19.43744,51.70298],[19.4371,51.70331],[19.43666,51.70366],[19.4355,51.70452],[19.43499,51.70486],[19.43447,51.70525],[19.4339,51.70567],[19.43345,51.7061],[19.43302,51.70654],[19.43265,51.70694],[19.43203,51.70758],[19.4317,51.70791],[19.43098,51.70866],[19.4301,51.70958],[19.42952,51.71019],[19.42917,51.71055],[19.42899,51.71069],[19.42882,51.71084],[19.42852,51.71108],[19.43021,51.71244],[19.43077,51.71293],[19.43138,51.71341],[19.43225,51.71413],[19.43335,51.71504],[19.43437,51.71586],[19.43572,51.71699],[19.43655,51.71767],[19.43734,51.71831],[19.4378,51.71863],[19.43821,51.71904],[19.43907,51.71973],[19.43987,51.72041],[19.44131,51.72158],[19.44232,51.72241],[19.44344,51.72327],[19.44494,51.72453],[19.44569,51.7251],[19.44665,51.72583],[19.4469,51.72602],[19.44732,51.7264],[19.44799,51.72699],[19.44828,51.72723],[19.44856,51.72747],[19.45005,51.72871],[19.45095,51.72944],[19.45245,51.73061],[19.4526,51.7307],[19.45273,51.73077],[19.45292,51.73085],[19.45309,51.73088],[19.45324,51.73094],[19.45348,51.7311],[19.45367,51.73133],[19.45371,51.73147],[19.45373,51.73161],[19.4538,51.73175],[19.45385,51.73183],[19.45398,51.73194],[19.45413,51.73206],[19.45449,51.73237],[19.46193,51.73844],[19.46317,51.73941],[19.46333,51.73953],[19.46359,51.73962]]},"properties":{"line":"50A","dir":"0","mode":"bus"}},{"type":"Feature","geometry":{"type":"LineString","coordinates":[[19.46271,51.74026],[19.46262,51.7402],[19.46277,51.73948],[19.46272,51.73931],[19.46248,51.73909],[19.45967,51.73683],[19.45849,51.73585],[19.45447,51.73264],[19.45411,51.73247],[19.45391,51.73218],[19.45372,51.73203],[19.45357,51.73196],[19.45329,51.73194],[19.45313,51.73196],[19.45288,51.73196],[19.45259,51.7319],[19.45234,51.73178],[19.45226,51.73164],[19.45221,51.73149],[19.45224,51.73123],[19.45226,51.73111],[19.45226,51.73095],[19.45217,51.73078],[19.45204,51.73058],[19.45179,51.73034],[19.45126,51.72994],[19.4508,51.72959],[19.44991,51.72892],[19.44951,51.72859],[19.449,51.72824],[19.44872,51.72802],[19.44855,51.7279],[19.448,51.72746],[19.44743,51.7269],[19.44701,51.72648],[19.44659,51.72609],[19.44614,51.7257],[19.44578,51.72544],[19.44546,51.72519],[19.44511,51.72494],[19.44435,51.72442],[19.44375,51.724],[19.4432,51.7236],[19.4429,51.72334],[19.44262,51.72313],[19.44194,51.72254],[19.44163,51.72228],[19.44126,51.72198],[19.43995,51.72086],[19.4391,51.72019],[19.43863,51.71978],[19.4379,51.71919],[19.43747,51.71885],[19.43724,51.71867],[19.43696,51.71843],[19.43599,51.71762],[19.43466,51.71652],[19.43378,51.71582],[19.43358,51.71575],[19.43353,51.71562],[19.43301,51.71519],[19.43156,51.71397],[19.43104,51.71355],[19.42976,51.7125],[19.42901,51.71194],[19.42818,51.71124],[19.42833,51.71117],[19.42854,51.71106],[19.42875,51.71087],[19.42899,51.71064],[19.42906,51.71051],[19.4297,51.70983],[19.43049,51.709],[19.43091,51.70857],[19.43156,51.70788],[19.43189,51.70753],[19.43227,51.70715],[19.43268,51.70672],[19.43321,51.70616],[19.43356,51.70582],[19.43385,51.70555],[19.43462,51.70497],[19.43593,51.70404],[19.43646,51.70366],[19.43681,51.7034],[19.43715,51.70313],[19.43741,51.70284],[19.43761,51.70257],[19.43776,51.7024],[19.43795,51.70206],[19.43813,51.70158],[19.4383,51.7011],[19.4385,51.70063],[19.43879,51.70028],[19.43912,51.70002],[19.43976,51.6996],[19.44007,51.69933],[19.44028,51.69907],[19.44049,51.69873],[19.44081,51.69817],[19.44109,51.69776],[19.44165,51.69683],[19.44227,51.69584],[19.44282,51.69488],[19.44304,51.69463],[19.44325,51.69443],[19.44359,51.69418],[19.44406,51.69389],[19.44592,51.69276],[19.44672,51.69226],[19.44878,51.69104],[19.44988,51.6904],[19.4526,51.68875],[19.45294,51.68851],[19.45372,51.68805],[19.45446,51.68764],[19.45539,51.68707],[19.45633,51.68649],[19.46154,51.68333],[19.46176,51.68312],[19.46217,51.68298],[19.46305,51.68243],[19.46627,51.68053],[19.46828,51.6793],[19.47014,51.67815],[19.47077,51.67777],[19.47206,51.67699],[19.47271,51.67662],[19.47382,51.67597],[19.47393,51.67588],[19.47424,51.67568],[19.47532,51.67501],[19.47568,51.67478],[19.47608,51.67448],[19.47675,51.67407],[19.47732,51.67369],[19.4784,51.67297],[19.4807,51.6714],[19.48166,51.67078],[19.48424,51.66901],[19.48575,51.66802],[19.48618,51.66771],[19.48671,51.66736],[19.48685,51.66724],[19.48703,51.66716],[19.48711,51.66708],[19.48718,51.66704],[19.48726,51.66701],[19.48738,51.66692],[19.48752,51.66681],[19.48771,51.66667],[19.48792,51.66649],[19.48804,51.66622],[19.48819,51.66577],[19.48833,51.66538],[19.48855,51.66468],[19.48867,51.66432],[19.48872,51.66417],[19.48878,51.66405],[19.48889,51.66389],[19.48935,51.66335],[19.48968,51.66291],[19.48995,51.6626],[19.49029,51.66218],[19.49098,51.66126],[19.4922,51.66],[19.49237,51.65977],[19.49257,51.65942],[19.49269,51.65903],[19.49292,51.65686],[19.49295,51.65633],[19.49308,51.65572],[19.49318,51.65446],[19.49327,51.65368],[19.49333,51.65269],[19.49344,51.65154],[19.49402,51.65156]]},"properties":{"line":"50A","dir":"1","mode":"bus"}},{"type":"Feature","geometry":{"type":"LineString","coordinates":[[19.48651,51.64611],[19.48709,51.64613],[19.48725,51.64476],[19.4911,51.64485],[19.49155,51.64484],[19.49187,51.64474],[19.49258,51.64409],[19.49271,51.64347],[19.49307,51.64314],[19.4941,51.64357],[19.49424,51.64371],[19.49427,51.64399],[19.49394,51.64707],[19.49392,51.64724],[19.49344,51.65154],[19.49402,51.65157],[19.49406,51.65178],[19.49398,51.65198],[19.4934,51.65196],[19.49334,51.65298],[19.49327,51.65368],[19.49308,51.65572],[19.49273,51.65899],[19.49205,51.66021],[19.49112,51.6612],[19.49046,51.66208],[19.48994,51.66266],[19.48935,51.66335],[19.48889,51.66389],[19.48872,51.66417],[19.48867,51.66432],[19.48855,51.66468],[19.48835,51.66538],[19.48819,51.66577],[19.48805,51.66624],[19.48797,51.66645],[19.4879,51.66658],[19.48773,51.66685],[19.48755,51.66702],[19.4875,51.66712],[19.48748,51.66716],[19.48748,51.66721],[19.48745,51.66723],[19.48741,51.66728],[19.48735,51.6673],[19.48725,51.6673],[19.48713,51.66728],[19.48705,51.66727],[19.48697,51.66728],[19.48689,51.6673],[19.48671,51.66738],[19.48641,51.66759],[19.48575,51.66802],[19.48424,51.66901],[19.48166,51.67078],[19.4784,51.67297],[19.47594,51.67461],[19.47535,51.67502],[19.47512,51.67518],[19.47408,51.67581],[19.47238,51.67688],[19.46828,51.6793],[19.46627,51.68053],[19.46273,51.68263],[19.46217,51.68298],[19.46154,51.68332],[19.45633,51.68649],[19.45539,51.68707],[19.45512,51.68723],[19.45446,51.68764],[19.4528,51.68868],[19.44988,51.6904],[19.44878,51.69103],[19.44548,51.69305],[19.4449,51.69341],[19.44384,51.69403],[19.44359,51.69418],[19.44339,51.6943],[19.44325,51.69443],[19.44304,51.69463],[19.44282,51.69488],[19.44271,51.69506],[19.44227,51.69584],[19.44165,51.69683],[19.44104,51.6979],[19.44096,51.69808],[19.44067,51.69879],[19.44051,51.69905],[19.44028,51.69935],[19.44007,51.69953],[19.43958,51.69987],[19.43918,51.70013],[19.43894,51.70029],[19.43874,51.70053],[19.43846,51.7011],[19.43825,51.70162],[19.43814,51.70193],[19.43795,51.7023],[19.43781,51.70255],[19.43744,51.70298],[19.4371,51.70331],[19.43666,51.70366],[19.4355,51.70452],[19.43499,51.70486],[19.43447,51.70525],[19.4339,51.70567],[19.43345,51.7061],[19.43302,51.70654],[19.43265,51.70694],[19.43203,51.70758],[19.4317,51.70791],[19.43098,51.70866],[19.4301,51.70958],[19.42952,51.71019],[19.42917,51.71055],[19.42899,51.71069],[19.42882,51.71084],[19.42852,51.71108],[19.43021,51.71244],[19.43077,51.71293],[19.43138,51.71341],[19.43225,51.71413],[19.43335,51.71504],[19.43437,51.71586],[19.43572,51.71699],[19.43655,51.71767],[19.43734,51.71831],[19.4378,51.71863],[19.43821,51.71904],[19.43907,51.71973],[19.43987,51.72041],[19.44131,51.72158],[19.44232,51.72241],[19.44344,51.72327],[19.44494,51.72453],[19.44569,51.7251],[19.44665,51.72583],[19.4469,51.72602],[19.44732,51.7264],[19.44799,51.72699],[19.44828,51.72723],[19.44856,51.72747],[19.45005,51.72871],[19.45095,51.72944],[19.45245,51.73061],[19.4526,51.7307],[19.45273,51.73077],[19.45292,51.73085],[19.45309,51.73088],[19.45324,51.73094],[19.45348,51.7311],[19.45367,51.73133],[19.45371,51.73147],[19.45373,51.73161],[19.4538,51.73175],[19.45385,51.73183],[19.45398,51.73194],[19.45413,51.73206],[19.45449,51.73237],[19.46193,51.73844],[19.46317,51.73941],[19.46333,51.73953],[19.46359,51.73962]]},"properties":{"line":"50B","dir":"0","mode":"bus"}},{"type":"Feature","geometry":{"type":"LineString","coordinates":[[19.46271,51.74026],[19.46262,51.7402],[19.46277,51.73948],[19.46272,51.73931],[19.46248,51.73909],[19.45967,51.73683],[19.45849,51.73585],[19.45447,51.73264],[19.45411,51.73247],[19.45391,51.73218],[19.45372,51.73203],[19.45357,51.73196],[19.45329,51.73194],[19.45313,51.73196],[19.45288,51.73196],[19.45259,51.7319],[19.45234,51.73178],[19.45226,51.73164],[19.45221,51.73149],[19.45224,51.73123],[19.45226,51.73111],[19.45226,51.73095],[19.45217,51.73078],[19.45204,51.73058],[19.45179,51.73034],[19.45126,51.72994],[19.4508,51.72959],[19.44991,51.72892],[19.44951,51.72859],[19.449,51.72824],[19.44872,51.72802],[19.44855,51.7279],[19.448,51.72746],[19.44743,51.7269],[19.44701,51.72648],[19.44659,51.72609],[19.44614,51.7257],[19.44578,51.72544],[19.44546,51.72519],[19.44511,51.72494],[19.44435,51.72442],[19.44375,51.724],[19.4432,51.7236],[19.4429,51.72334],[19.44262,51.72313],[19.44194,51.72254],[19.44163,51.72228],[19.44126,51.72198],[19.43995,51.72086],[19.4391,51.72019],[19.43863,51.71978],[19.4379,51.71919],[19.43747,51.71885],[19.43724,51.71867],[19.43696,51.71843],[19.43599,51.71762],[19.43466,51.71652],[19.43378,51.71582],[19.43358,51.71575],[19.43353,51.71562],[19.43301,51.71519],[19.43156,51.71397],[19.43104,51.71355],[19.42976,51.7125],[19.42901,51.71194],[19.42818,51.71124],[19.42833,51.71117],[19.42854,51.71106],[19.42875,51.71087],[19.42899,51.71064],[19.42906,51.71051],[19.4297,51.70983],[19.43049,51.709],[19.43091,51.70857],[19.43156,51.70788],[19.43189,51.70753],[19.43227,51.70715],[19.43268,51.70672],[19.43321,51.70616],[19.43356,51.70582],[19.43385,51.70555],[19.43462,51.70497],[19.43593,51.70404],[19.43646,51.70366],[19.43681,51.7034],[19.43715,51.70313],[19.43741,51.70284],[19.43761,51.70257],[19.43776,51.7024],[19.43795,51.70206],[19.43813,51.70158],[19.4383,51.7011],[19.4385,51.70063],[19.43879,51.70028],[19.43912,51.70002],[19.43976,51.6996],[19.44007,51.69933],[19.44028,51.69907],[19.44049,51.69873],[19.44081,51.69817],[19.44109,51.69776],[19.44165,51.69683],[19.44227,51.69584],[19.44282,51.69488],[19.44304,51.69463],[19.44325,51.69443],[19.44359,51.69418],[19.44406,51.69389],[19.44592,51.69276],[19.44672,51.69226],[19.44878,51.69104],[19.44988,51.6904],[19.4526,51.68875],[19.45294,51.68851],[19.45372,51.68805],[19.45446,51.68764],[19.45539,51.68707],[19.45633,51.68649],[19.46154,51.68333],[19.46176,51.68312],[19.46217,51.68298],[19.46305,51.68243],[19.46627,51.68053],[19.46828,51.6793],[19.47014,51.67815],[19.47077,51.67777],[19.47206,51.67699],[19.47271,51.67662],[19.47382,51.67597],[19.47393,51.67588],[19.47424,51.67568],[19.47532,51.67501],[19.47568,51.67478],[19.47608,51.67448],[19.47675,51.67407],[19.47732,51.67369],[19.4784,51.67297],[19.4807,51.6714],[19.48166,51.67078],[19.48424,51.66901],[19.48575,51.66802],[19.48618,51.66771],[19.48671,51.66736],[19.48685,51.66724],[19.48703,51.66716],[19.48711,51.66708],[19.48718,51.66704],[19.48726,51.66701],[19.48738,51.66692],[19.48752,51.66681],[19.48771,51.66667],[19.48792,51.66649],[19.48804,51.66622],[19.48819,51.66577],[19.48833,51.66538],[19.48855,51.66468],[19.48867,51.66432],[19.48872,51.66417],[19.48878,51.66405],[19.48889,51.66389],[19.48935,51.66335],[19.48968,51.66291],[19.48995,51.6626],[19.49029,51.66218],[19.49098,51.66126],[19.4922,51.66],[19.49237,51.65977],[19.49257,51.65942],[19.49269,51.65903],[19.49292,51.65686],[19.49299,51.65644],[19.49308,51.65572],[19.49317,51.65445],[19.49325,51.65368],[19.49335,51.65246],[19.49344,51.6513],[19.49346,51.65099],[19.49354,51.65028],[19.49364,51.64947],[19.49374,51.64847],[19.49383,51.64774],[19.49394,51.64659],[19.49393,51.64653],[19.49396,51.64647],[19.49402,51.64597],[19.49415,51.64497],[19.49421,51.64426],[19.49421,51.64412],[19.49415,51.64393],[19.49411,51.64381],[19.49406,51.64373],[19.49396,51.64363],[19.49361,51.64348],[19.493,51.64322],[19.49278,51.64341],[19.49272,51.64352],[19.49264,51.64382],[19.49259,51.64406],[19.49246,51.64421],[19.49199,51.64463],[19.49181,51.64474],[19.49157,51.64483],[19.49123,51.64485],[19.4879,51.64475],[19.48648,51.64471],[19.48643,51.64531],[19.48619,51.64542],[19.48616,51.64609]]},"properties":{"line":"50B","dir":"1","mode":"bus"}},{"type":"Feature","geometry":{"type":"LineString","coordinates":[[19.46848,51.77035],[19.46812,51.77033],[19.46765,51.77028],[19.46745,51.77026],[19.46716,51.77021],[19.46703,51.77017],[19.46696,51.77009],[19.46683,51.77001],[19.46431,51.76952],[19.46417,51.76955],[19.46339,51.77108],[19.4658,51.77132],[19.46644,51.77141],[19.46671,51.77154],[19.46886,51.77177],[19.47302,51.77209],[19.47409,51.77296],[19.47675,51.77542],[19.47685,51.77553],[19.47753,51.77611],[19.47757,51.77615],[19.47785,51.77638],[19.47816,51.77663],[19.47869,51.77699],[19.47913,51.77735],[19.47976,51.77792],[19.48031,51.77843],[19.48046,51.77859],[19.48055,51.77868],[19.48058,51.7787],[19.4806,51.7787],[19.48063,51.77874],[19.48068,51.77876],[19.48072,51.77877],[19.48073,51.77878],[19.48079,51.77879],[19.48111,51.77882],[19.48158,51.77892],[19.48157,51.77897],[19.48158,51.77904],[19.48159,51.77909],[19.4816,51.77913],[19.48168,51.77939],[19.4817,51.77942],[19.48178,51.77958],[19.48182,51.77965],[19.48187,51.77974],[19.48191,51.77981],[19.482,51.77987],[19.48203,51.77992],[19.48217,51.78005],[19.48238,51.78027],[19.48254,51.78038],[19.48265,51.78055],[19.48273,51.78066],[19.48281,51.7808],[19.48282,51.7808],[19.48284,51.78093],[19.48294,51.78108],[19.48298,51.78119],[19.48304,51.78129],[19.48311,51.78173],[19.48309,51.78192],[19.4831,51.78201],[19.48313,51.78268],[19.48313,51.78327],[19.4832,51.78366],[19.48323,51.78451],[19.4833,51.78531],[19.48332,51.78555],[19.48332,51.78557],[19.48337,51.78573],[19.48342,51.78591],[19.4835,51.78609],[19.48358,51.78631],[19.48367,51.78646],[19.48379,51.78667],[19.48398,51.78691],[19.4841,51.78707],[19.48423,51.78722],[19.4845,51.78754],[19.48618,51.78944],[19.48811,51.79711],[19.48797,51.79731],[19.48792,51.79756],[19.48789,51.79781],[19.48782,51.798],[19.48782,51.79822],[19.48782,51.79845],[19.48782,51.79849],[19.48782,51.79864],[19.48787,51.79889],[19.4879,51.79901],[19.48798,51.79919],[19.48801,51.79927],[19.48811,51.79944],[19.4882,51.79957],[19.48834,51.79975],[19.48844,51.79991],[19.48858,51.80007],[19.48865,51.80009],[19.48867,51.80009],[19.48876,51.80018],[19.48898,51.80036],[19.4892,51.8005],[19.48938,51.80061],[19.48923,51.80072],[19.48921,51.80076],[19.48914,51.8008],[19.48893,51.80096],[19.48886,51.80105],[19.48879,51.80114],[19.48872,51.80121],[19.4887,51.80126],[19.48863,51.80143],[19.48839,51.80218],[19.48848,51.80218],[19.48832,51.80241],[19.48774,51.80412],[19.48735,51.80551],[19.48726,51.80583],[19.48725,51.80601],[19.4872,51.80662],[19.48721,51.8082],[19.48725,51.81002],[19.48726,51.81023],[19.48726,51.81146],[19.48727,51.81209],[19.4873,51.81271],[19.48729,51.81303],[19.4873,51.81319],[19.48733,51.81332],[19.48717,51.8136],[19.48713,51.81389],[19.48702,51.81438],[19.48683,51.81518],[19.4867,51.81576],[19.48664,51.8164],[19.48659,51.8168],[19.48651,51.81738],[19.48661,51.81801],[19.48675,51.81873],[19.48707,51.8206],[19.48744,51.82246],[19.48769,51.8238],[19.48787,51.82485],[19.48798,51.82544],[19.48804,51.82574],[19.4881,51.82603],[19.48811,51.82613],[19.48811,51.82623],[19.48809,51.82632],[19.48805,51.82643],[19.48801,51.82652],[19.4878,51.82693],[19.48725,51.82806],[19.48678,51.829],[19.48637,51.8298],[19.48583,51.83084],[19.48545,51.83157],[19.48504,51.83236],[19.48459,51.8332],[19.48358,51.83494],[19.48367,51.83494],[19.48351,51.8351],[19.4835,51.83512],[19.4832,51.83564],[19.48304,51.8359],[19.48295,51.83606],[19.48295,51.83608],[19.48289,51.83619],[19.48284,51.83622],[19.48278,51.83636],[19.4827,51.83652],[19.4826,51.8367],[19.48253,51.83681],[19.48243,51.83699],[19.48234,51.83715],[19.48217,51.83742],[19.48208,51.83762],[19.48196,51.83779],[19.48182,51.83806],[19.4817,51.83829],[19.48169,51.8383],[19.48167,51.83832],[19.48159,51.83848],[19.48154,51.83857],[19.48144,51.83868],[19.48139,51.83883],[19.48116,51.83919],[19.48106,51.83936],[19.48097,51.83949],[19.48084,51.83975],[19.48069,51.83996],[19.48058,51.84019],[19.48045,51.84041],[19.4803,51.84066],[19.48013,51.84091],[19.48001,51.84115],[19.47984,51.84145],[19.47974,51.84162],[19.47963,51.8418],[19.4795,51.84202],[19.47941,51.84217],[19.47936,51.84234],[19.47933,51.8424],[19.47919,51.84258],[19.47919,51.84267],[19.47914,51.84274],[19.47913,51.84279],[19.4791,51.84282],[19.47907,51.84295],[19.47906,51.84301],[19.47908,51.84314],[19.47908,51.84325],[19.47909,51.84332],[19.4791,51.84339],[19.47914,51.8437],[19.47914,51.84379],[19.47914,51.84384],[19.47914,51.84389],[19.47913,51.84396],[19.4791,51.84404],[19.47905,51.84412],[19.47898,51.84419],[19.47889,51.84428],[19.47867,51.84442],[19.47854,51.84447],[19.47844,51.8446],[19.47839,51.84467],[19.47838,51.84469],[19.47835,51.84469],[19.47834,51.84475],[19.47832,51.84478],[19.4783,51.84482],[19.47829,51.84487],[19.47829,51.84493],[19.47829,51.845],[19.4783,51.84505],[19.47832,51.84511],[19.47834,51.84514],[19.47837,51.8452],[19.47842,51.8452],[19.47847,51.84532],[19.47854,51.84541],[19.4786,51.84547],[19.47863,51.84548],[19.47867,51.84557],[19.47869,51.84563],[19.47872,51.84568],[19.47876,51.84574],[19.47877,51.84583],[19.47879,51.8459],[19.47881,51.84592],[19.47882,51.84603],[19.47885,51.8461],[19.47886,51.84617],[19.4789,51.84646],[19.47895,51.84664],[19.47769,51.84672],[19.47708,51.84676],[19.47625,51.8468],[19.476,51.84683],[19.47584,51.84683],[19.47572,51.84685],[19.47567,51.84683],[19.47561,51.84683],[19.47556,51.84683],[19.47551,51.84683],[19.4755,51.84685],[19.47542,51.84689],[19.47539,51.84692],[19.47531,51.847],[19.47528,51.84701],[19.47525,51.84701],[19.47516,51.84712],[19.47503,51.84692],[19.47488,51.84689]]},"properties":{"line":"51A","dir":"0","mode":"bus"}},{"type":"Feature","geometry":{"type":"LineString","coordinates":[[19.47477,51.84681],[19.47479,51.84674],[19.47484,51.84669],[19.47492,51.84666],[19.47504,51.8467],[19.47521,51.84676],[19.47543,51.84681],[19.47551,51.84683],[19.4757,51.84684],[19.47581,51.84684],[19.476,51.84683],[19.47708,51.84676],[19.47769,51.84672],[19.47895,51.84664],[19.47885,51.84617],[19.47882,51.84603],[19.47875,51.84584],[19.47869,51.84575],[19.47862,51.84563],[19.47835,51.84536],[19.47823,51.84519],[19.47816,51.84498],[19.4782,51.84478],[19.47828,51.84465],[19.47853,51.84442],[19.47888,51.84414],[19.47897,51.84404],[19.47901,51.84393],[19.47903,51.84371],[19.47899,51.84341],[19.47899,51.84324],[19.47903,51.84316],[19.47906,51.84301],[19.47907,51.84295],[19.47913,51.84279],[19.47924,51.84257],[19.47947,51.84217],[19.48004,51.84115],[19.48032,51.84065],[19.48084,51.83975],[19.48116,51.83919],[19.48144,51.83868],[19.4818,51.83808],[19.48217,51.83742],[19.48253,51.83681],[19.48278,51.83636],[19.4832,51.83564],[19.48398,51.8342],[19.48482,51.83276],[19.48495,51.83256],[19.48506,51.83237],[19.48517,51.83215],[19.48528,51.83192],[19.48535,51.83178],[19.48545,51.83157],[19.48555,51.83134],[19.48576,51.83096],[19.48576,51.83095],[19.48584,51.83083],[19.48594,51.83062],[19.48604,51.83044],[19.48608,51.83037],[19.48611,51.83028],[19.48614,51.83026],[19.48623,51.83007],[19.48637,51.8298],[19.48651,51.82956],[19.48664,51.82927],[19.48678,51.829],[19.48702,51.82855],[19.48713,51.8283],[19.4873,51.82793],[19.48741,51.82774],[19.48752,51.82745],[19.48773,51.82706],[19.48789,51.82675],[19.48801,51.82652],[19.48805,51.82643],[19.48808,51.82639],[19.48809,51.82632],[19.48811,51.82623],[19.48811,51.82616],[19.48811,51.82613],[19.4881,51.82607],[19.4881,51.82603],[19.48805,51.82589],[19.48804,51.82574],[19.48801,51.82562],[19.48791,51.82562],[19.48791,51.82562],[19.48798,51.82544],[19.48787,51.82485],[19.48773,51.82411],[19.48769,51.8238],[19.48744,51.82246],[19.48738,51.82217],[19.48736,51.82209],[19.48735,51.82199],[19.48726,51.82159],[19.48714,51.82159],[19.48714,51.82159],[19.48707,51.8206],[19.48675,51.81873],[19.48661,51.81801],[19.48661,51.81797],[19.48651,51.81798],[19.48655,51.81765],[19.48651,51.81745],[19.48651,51.81738],[19.48651,51.81736],[19.48655,51.81711],[19.48659,51.8168],[19.48664,51.8164],[19.48668,51.81603],[19.4867,51.81576],[19.48674,51.8156],[19.48676,51.81549],[19.48683,51.81518],[19.48689,51.81486],[19.48702,51.81438],[19.48712,51.81393],[19.48705,51.81389],[19.48705,51.81389],[19.48713,51.81389],[19.48715,51.81377],[19.48717,51.8136],[19.48725,51.8133],[19.48726,51.81316],[19.48729,51.81303],[19.4873,51.81289],[19.4873,51.81271],[19.4873,51.8125],[19.4873,51.81234],[19.48729,51.81208],[19.48726,51.81146],[19.48725,51.81002],[19.48724,51.80965],[19.48726,51.80965],[19.48726,51.80965],[19.48721,51.80875],[19.48721,51.8082],[19.4872,51.80761],[19.4872,51.80721],[19.48717,51.80682],[19.4872,51.80662],[19.48725,51.80601],[19.48726,51.80583],[19.48733,51.8056],[19.48745,51.80511],[19.48752,51.80488],[19.48742,51.80484],[19.48742,51.80484],[19.48758,51.8047],[19.48758,51.80466],[19.48773,51.80412],[19.48801,51.80324],[19.48804,51.80321],[19.48811,51.80297],[19.48862,51.80107],[19.48886,51.80105],[19.48893,51.80096],[19.48914,51.8008],[19.48921,51.80076],[19.48922,51.8007],[19.4889,51.80051],[19.48865,51.80033],[19.48848,51.80024],[19.48835,51.80009],[19.48808,51.79979],[19.48801,51.79973],[19.48787,51.79948],[19.48778,51.7993],[19.48776,51.79927],[19.48773,51.79921],[19.48764,51.79899],[19.48761,51.79894],[19.48758,51.79876],[19.48757,51.79855],[19.48758,51.79836],[19.48761,51.7981],[19.4877,51.79759],[19.48761,51.79759],[19.48773,51.79694],[19.48801,51.79587],[19.48814,51.79522],[19.48847,51.79326],[19.48848,51.79301],[19.48848,51.79293],[19.48842,51.79239],[19.48839,51.79229],[19.48826,51.79209],[19.48809,51.79187],[19.48791,51.79169],[19.48773,51.79151],[19.48764,51.7914],[19.48731,51.79106],[19.48729,51.79103],[19.48707,51.79079],[19.48697,51.79065],[19.48667,51.79031],[19.48636,51.79007],[19.4843,51.78759],[19.48356,51.78662],[19.48329,51.78613],[19.4832,51.78581],[19.48313,51.78558],[19.4831,51.7854],[19.48292,51.78273],[19.4828,51.7812],[19.48248,51.78071],[19.48201,51.7803],[19.48157,51.77977],[19.4814,51.7796],[19.48128,51.77951],[19.48122,51.77948],[19.48112,51.77942],[19.48106,51.77938],[19.48096,51.77929],[19.48072,51.77904],[19.48069,51.77901],[19.48066,51.77897],[19.47931,51.77776],[19.4789,51.77735],[19.47869,51.77718],[19.47842,51.77698],[19.47835,51.77689],[19.47773,51.77644],[19.47741,51.77623],[19.4768,51.77578],[19.47674,51.77566],[19.47531,51.77429],[19.4742,51.77333],[19.47295,51.77232],[19.47274,51.77205],[19.47259,51.77169],[19.47253,51.77116],[19.47269,51.77028],[19.47253,51.77016]]},"properties":{"line":"51A","dir":"1","mode":"bus"}},{"type":"Feature","geometry":{"type":"LineString","coordinates":[[19.46848,51.77035],[19.46812,51.77033],[19.46765,51.77028],[19.46745,51.77026],[19.46716,51.77021],[19.46703,51.77017],[19.46696,51.77009],[19.46683,51.77001],[19.46431,51.76952],[19.46417,51.76955],[19.46339,51.77108],[19.4658,51.77132],[19.46644,51.77141],[19.46671,51.77154],[19.46886,51.77177],[19.47302,51.77209],[19.47409,51.77296],[19.47675,51.77542],[19.47685,51.77553],[19.47753,51.77611],[19.47757,51.77615],[19.47785,51.77638],[19.47816,51.77663],[19.47869,51.77699],[19.47913,51.77735],[19.47976,51.77792],[19.48031,51.77843],[19.48046,51.77859],[19.48055,51.77868],[19.48058,51.7787],[19.4806,51.7787],[19.48063,51.77874],[19.48068,51.77876],[19.48072,51.77877],[19.48073,51.77878],[19.48079,51.77879],[19.48111,51.77882],[19.48158,51.77892],[19.48157,51.77897],[19.48158,51.77904],[19.48159,51.77909],[19.4816,51.77913],[19.48168,51.77939],[19.4817,51.77942],[19.48178,51.77958],[19.48182,51.77965],[19.48187,51.77974],[19.48191,51.77981],[19.482,51.77987],[19.48203,51.77992],[19.48217,51.78005],[19.48238,51.78027],[19.48254,51.78038],[19.48265,51.78055],[19.48273,51.78066],[19.48281,51.7808],[19.48282,51.7808],[19.48284,51.78093],[19.48294,51.78108],[19.48298,51.78119],[19.48304,51.78129],[19.48311,51.78173],[19.48309,51.78192],[19.4831,51.78201],[19.48313,51.78268],[19.48313,51.78327],[19.4832,51.78366],[19.48323,51.78451],[19.4833,51.78531],[19.48332,51.78555],[19.48332,51.78557],[19.48337,51.78573],[19.48342,51.78591],[19.4835,51.78609],[19.48358,51.78631],[19.48367,51.78646],[19.48379,51.78667],[19.48398,51.78691],[19.4841,51.78707],[19.48423,51.78722],[19.4845,51.78754],[19.48618,51.78944],[19.48811,51.79711],[19.48797,51.79731],[19.48792,51.79756],[19.48789,51.79781],[19.48782,51.798],[19.48782,51.79822],[19.48782,51.79845],[19.48782,51.79849],[19.48782,51.79864],[19.48787,51.79889],[19.4879,51.79901],[19.48798,51.79919],[19.48801,51.79927],[19.48811,51.79944],[19.4882,51.79957],[19.48834,51.79975],[19.48844,51.79991],[19.48858,51.80007],[19.48865,51.80009],[19.48867,51.80009],[19.48876,51.80018],[19.48898,51.80036],[19.4892,51.8005],[19.48938,51.80061],[19.48923,51.80072],[19.48921,51.80076],[19.48914,51.8008],[19.48893,51.80096],[19.48886,51.80105],[19.48879,51.80114],[19.48872,51.80121],[19.4887,51.80126],[19.48863,51.80143],[19.48839,51.80218],[19.48848,51.80218],[19.48832,51.80241],[19.48774,51.80412],[19.48735,51.80551],[19.48726,51.80583],[19.48725,51.80601],[19.4872,51.80662],[19.48721,51.8082],[19.48725,51.81002],[19.48726,51.81023],[19.48726,51.81146],[19.48727,51.81209],[19.4873,51.81271],[19.48729,51.81303],[19.4873,51.81319],[19.48733,51.81332],[19.48717,51.8136],[19.48713,51.81389],[19.48702,51.81438],[19.48683,51.81518],[19.4867,51.81576],[19.48664,51.8164],[19.48659,51.8168],[19.48651,51.81738],[19.48661,51.81801],[19.48675,51.81873],[19.48707,51.8206],[19.48744,51.82246],[19.48769,51.8238],[19.48787,51.82485],[19.48798,51.82544],[19.48804,51.82574],[19.4881,51.82603],[19.48811,51.82613],[19.48811,51.82623],[19.48809,51.82632],[19.48805,51.82643],[19.48801,51.82652],[19.4878,51.82693],[19.48725,51.82806],[19.48678,51.829],[19.48637,51.8298],[19.48583,51.83084],[19.48545,51.83157],[19.48504,51.83236],[19.48459,51.8332],[19.48358,51.83494],[19.47908,51.84294],[19.47913,51.8438],[19.47881,51.84431],[19.47829,51.84477],[19.47833,51.84514],[19.47871,51.8456],[19.47881,51.84583],[19.47895,51.84664],[19.47596,51.84685],[19.47572,51.84686],[19.4755,51.84684],[19.4753,51.84701],[19.47516,51.84712],[19.47481,51.84684],[19.47478,51.84674],[19.47487,51.84665],[19.47353,51.84608],[19.47271,51.84576],[19.47196,51.84565],[19.47148,51.84567],[19.47093,51.84584],[19.47007,51.84635],[19.46989,51.84647],[19.46962,51.84656],[19.4688,51.84674],[19.46811,51.8468],[19.46442,51.8474],[19.46206,51.84778],[19.46017,51.84808],[19.46017,51.84808],[19.4593,51.84823],[19.45901,51.84837],[19.45883,51.84855],[19.45899,51.84875],[19.45939,51.84893],[19.45964,51.84914],[19.45986,51.84937],[19.46039,51.84956],[19.46122,51.84981],[19.46211,51.8501],[19.46436,51.85079],[19.46508,51.85101],[19.46543,51.85113],[19.46584,51.85125],[19.46812,51.85199],[19.47272,51.85343],[19.47381,51.85377],[19.47459,51.85401],[19.48101,51.85605],[19.48135,51.85615],[19.48164,51.85624],[19.48496,51.85729],[19.48826,51.85831],[19.49043,51.859],[19.49063,51.85886]]},"properties":{"line":"51B","dir":"0","mode":"bus"}},{"type":"Feature","geometry":{"type":"LineString","coordinates":[[19.49095,51.85874],[19.49118,51.85886],[19.49091,51.85916],[19.48135,51.85619],[19.48072,51.85606],[19.47975,51.85569],[19.4738,51.8538],[19.47241,51.85333],[19.46456,51.85088],[19.46408,51.85082],[19.46371,51.85062],[19.45991,51.8494],[19.45947,51.84927],[19.45928,51.84908],[19.45907,51.84889],[19.45889,51.84881],[19.45871,51.8488],[19.45851,51.84884],[19.45833,51.84878],[19.45825,51.84866],[19.45831,51.84854],[19.45849,51.84847],[19.45873,51.84843],[19.45906,51.84825],[19.46054,51.84801],[19.4608,51.84796],[19.46206,51.84778],[19.46442,51.8474],[19.46597,51.84714],[19.46659,51.84704],[19.4679,51.84683],[19.46808,51.84678],[19.46819,51.84677],[19.46834,51.84676],[19.46887,51.84668],[19.4692,51.84662],[19.46959,51.84654],[19.46991,51.84642],[19.4706,51.84602],[19.47099,51.84581],[19.47122,51.84571],[19.47148,51.84565],[19.47186,51.84563],[19.47222,51.84566],[19.47253,51.8457],[19.47285,51.84577],[19.47351,51.84604],[19.47488,51.84665],[19.47507,51.84673],[19.47525,51.84678],[19.47546,51.84683],[19.47553,51.84684],[19.47537,51.84695],[19.47524,51.84705],[19.47513,51.84701],[19.47477,51.84681],[19.47479,51.84674],[19.47484,51.84669],[19.47492,51.84666],[19.47504,51.8467],[19.47521,51.84676],[19.47543,51.84681],[19.47551,51.84683],[19.4757,51.84684],[19.47581,51.84684],[19.476,51.84683],[19.47708,51.84676],[19.47769,51.84672],[19.47895,51.84664],[19.47885,51.84617],[19.47882,51.84603],[19.47875,51.84584],[19.47869,51.84575],[19.47862,51.84563],[19.47835,51.84536],[19.47823,51.84519],[19.47816,51.84498],[19.4782,51.84478],[19.47828,51.84465],[19.47853,51.84442],[19.47888,51.84414],[19.47897,51.84404],[19.47901,51.84393],[19.47903,51.84371],[19.47899,51.84341],[19.47899,51.84324],[19.47903,51.84316],[19.47906,51.84301],[19.47907,51.84295],[19.47913,51.84279],[19.47924,51.84257],[19.47947,51.84217],[19.48004,51.84115],[19.48032,51.84065],[19.48084,51.83975],[19.48116,51.83919],[19.48144,51.83868],[19.4818,51.83808],[19.48217,51.83742],[19.48253,51.83681],[19.48278,51.83636],[19.4832,51.83564],[19.48398,51.8342],[19.48482,51.83276],[19.48495,51.83256],[19.48506,51.83237],[19.48517,51.83215],[19.48528,51.83192],[19.48535,51.83178],[19.48545,51.83157],[19.48555,51.83134],[19.48576,51.83096],[19.48576,51.83095],[19.48584,51.83083],[19.48594,51.83062],[19.48604,51.83044],[19.48608,51.83037],[19.48611,51.83028],[19.48614,51.83026],[19.48623,51.83007],[19.48637,51.8298],[19.48651,51.82956],[19.48664,51.82927],[19.48678,51.829],[19.48702,51.82855],[19.48713,51.8283],[19.4873,51.82793],[19.48741,51.82774],[19.48752,51.82745],[19.48773,51.82706],[19.48789,51.82675],[19.48801,51.82652],[19.48805,51.82643],[19.48808,51.82639],[19.48809,51.82632],[19.48811,51.82623],[19.48811,51.82616],[19.48811,51.82613],[19.4881,51.82607],[19.4881,51.82603],[19.48805,51.82589],[19.48804,51.82574],[19.48801,51.82562],[19.48791,51.82562],[19.48791,51.82562],[19.48798,51.82544],[19.48787,51.82485],[19.48773,51.82411],[19.48769,51.8238],[19.48744,51.82246],[19.48738,51.82217],[19.48736,51.82209],[19.48735,51.82199],[19.48726,51.82159],[19.48714,51.82159],[19.48714,51.82159],[19.48707,51.8206],[19.48675,51.81873],[19.48661,51.81801],[19.48661,51.81797],[19.48651,51.81798],[19.48655,51.81765],[19.48651,51.81745],[19.48651,51.81738],[19.48651,51.81736],[19.48655,51.81711],[19.48659,51.8168],[19.48664,51.8164],[19.48668,51.81603],[19.4867,51.81576],[19.48674,51.8156],[19.48676,51.81549],[19.48683,51.81518],[19.48689,51.81486],[19.48702,51.81438],[19.48712,51.81393],[19.48705,51.81389],[19.48705,51.81389],[19.48713,51.81389],[19.48715,51.81377],[19.48717,51.8136],[19.48725,51.8133],[19.48726,51.81316],[19.48729,51.81303],[19.4873,51.81289],[19.4873,51.81271],[19.4873,51.8125],[19.4873,51.81234],[19.48729,51.81208],[19.48726,51.81146],[19.48725,51.81002],[19.48724,51.80965],[19.48726,51.80965],[19.48726,51.80965],[19.48721,51.80875],[19.48721,51.8082],[19.4872,51.80761],[19.4872,51.80721],[19.48717,51.80682],[19.4872,51.80662],[19.48725,51.80601],[19.48726,51.80583],[19.48733,51.8056],[19.48745,51.80511],[19.48752,51.80488],[19.48742,51.80484],[19.48742,51.80484],[19.48758,51.8047],[19.48758,51.80466],[19.48773,51.80412],[19.48801,51.80324],[19.48804,51.80321],[19.48811,51.80297],[19.48862,51.80107],[19.48886,51.80105],[19.48893,51.80096],[19.48914,51.8008],[19.48921,51.80076],[19.48922,51.8007],[19.4889,51.80051],[19.48865,51.80033],[19.48848,51.80024],[19.48835,51.80009],[19.48808,51.79979],[19.48801,51.79973],[19.48787,51.79948],[19.48778,51.7993],[19.48776,51.79927],[19.48773,51.79921],[19.48764,51.79899],[19.48761,51.79894],[19.48758,51.79876],[19.48757,51.79855],[19.48758,51.79836],[19.48761,51.7981],[19.4877,51.79759],[19.48761,51.79759],[19.48773,51.79694],[19.48801,51.79587],[19.48814,51.79522],[19.48847,51.79326],[19.48848,51.79301],[19.48848,51.79293],[19.48842,51.79239],[19.48839,51.79229],[19.48826,51.79209],[19.48809,51.79187],[19.48791,51.79169],[19.48773,51.79151],[19.48764,51.7914],[19.48731,51.79106],[19.48729,51.79103],[19.48707,51.79079],[19.48697,51.79065],[19.48667,51.79031],[19.48636,51.79007],[19.4843,51.78759],[19.48356,51.78662],[19.48329,51.78613],[19.4832,51.78581],[19.48313,51.78558],[19.4831,51.7854],[19.48292,51.78273],[19.4828,51.7812],[19.48248,51.78071],[19.48201,51.7803],[19.48157,51.77977],[19.4814,51.7796],[19.48128,51.77951],[19.48122,51.77948],[19.48112,51.77942],[19.48106,51.77938],[19.48096,51.77929],[19.48072,51.77904],[19.48069,51.77901],[19.48066,51.77897],[19.47931,51.77776],[19.4789,51.77735],[19.47869,51.77718],[19.47842,51.77698],[19.47835,51.77689],[19.47773,51.77644],[19.47741,51.77623],[19.4768,51.77578],[19.47674,51.77566],[19.47531,51.77429],[19.4742,51.77333],[19.47295,51.77232],[19.47274,51.77205],[19.47259,51.77169],[19.47253,51.77116],[19.47269,51.77028],[19.47253,51.77016]]},"properties":{"line":"51B","dir":"1","mode":"bus"}},{"type":"Feature","geometry":{"type":"LineString","coordinates":[[19.50383,51.72025],[19.50376,51.72039],[19.50359,51.72041],[19.50357,51.72041],[19.50355,51.72041],[19.50349,51.72041],[19.5034,51.72041],[19.50298,51.72032],[19.502,51.72021],[19.49946,51.71987],[19.49868,51.71978],[19.49851,51.71976],[19.49821,51.71969],[19.49758,51.71956],[19.49742,51.71951],[19.49737,51.71951],[19.49729,51.71949],[19.49721,51.71949],[19.49716,51.71946],[19.49653,51.7194],[19.49653,51.7194],[19.49639,51.71938],[19.49523,51.71922],[19.49361,51.71897],[19.49258,51.71884],[19.49248,51.71879],[19.4924,51.71879],[19.49132,51.71866],[19.49108,51.71863],[19.48826,51.71824],[19.4864,51.71798],[19.48599,51.718],[19.48588,51.718],[19.48564,51.718],[19.48557,51.718],[19.48534,51.71798],[19.4852,51.71796],[19.48508,51.71842],[19.48501,51.7186],[19.48486,51.7192],[19.48459,51.72011],[19.48454,51.72023],[19.4845,51.72032],[19.48434,51.72064],[19.48425,51.72075],[19.48403,51.72113],[19.48401,51.72122],[19.48401,51.72124],[19.48379,51.72147],[19.48342,51.72208],[19.48327,51.72234],[19.48309,51.7226],[19.48289,51.72282],[19.48265,51.72307],[19.48257,51.72315],[19.48196,51.72378],[19.48158,51.72415],[19.48107,51.7247],[19.48098,51.7248],[19.48093,51.72485],[19.48103,51.72489],[19.48087,51.72493],[19.48054,51.72532],[19.48047,51.72543],[19.48031,51.72557],[19.48017,51.72575],[19.47965,51.72627],[19.47909,51.72683],[19.47904,51.72689],[19.47872,51.7272],[19.47863,51.72728],[19.47835,51.72757],[19.47682,51.72908],[19.47675,51.72916],[19.4765,51.72936],[19.4759,51.7298],[19.4754,51.73023],[19.47525,51.73034],[19.4751,51.7305],[19.47494,51.73061],[19.47488,51.73061],[19.47487,51.73061],[19.47474,51.73058],[19.47392,51.73029],[19.47384,51.73025],[19.47366,51.7302],[19.47145,51.72936],[19.47091,51.72917],[19.46989,51.72878],[19.46613,51.72737],[19.4653,51.72707],[19.46515,51.72701],[19.46483,51.72691],[19.46446,51.72685],[19.46427,51.72684],[19.46356,51.72676],[19.46324,51.72676],[19.46301,51.72679],[19.46276,51.72685],[19.46224,51.72694],[19.46211,51.72698],[19.46193,51.72703],[19.46171,51.72709],[19.46154,51.72712],[19.4613,51.7272],[19.46102,51.72734],[19.45897,51.72835],[19.45807,51.72881],[19.45702,51.72942],[19.45623,51.72977],[19.45554,51.73012],[19.45526,51.73025],[19.45493,51.73043],[19.45461,51.73061],[19.45447,51.73068],[19.45439,51.73076],[19.45429,51.7308],[19.45423,51.73084],[19.45411,51.73088],[19.45401,51.73095],[19.4539,51.73102],[19.45385,51.73105],[19.45381,51.73106],[19.45376,51.73113],[19.45375,51.73115],[19.45373,51.73122],[19.45371,51.73128],[19.45367,51.73133],[19.45369,51.73139],[19.45371,51.73142],[19.45371,51.73148],[19.45371,51.73149],[19.45371,51.73151],[19.45371,51.73155],[19.4537,51.73157],[19.4537,51.7316],[19.45367,51.73164],[19.45367,51.73167],[19.45366,51.73169],[19.45363,51.73171],[19.45357,51.73176],[19.45354,51.73178],[19.45351,51.73183],[19.45338,51.73192],[19.45328,51.73194],[19.45324,51.73194],[19.45319,51.73196],[19.45315,51.73196],[19.4531,51.73196],[19.45299,51.73196],[19.45292,51.73196],[19.45285,51.73196],[19.45277,51.73196],[19.4527,51.73194],[19.45261,51.73192],[19.45251,51.73183],[19.4524,51.73178],[19.45232,51.73171],[19.45226,51.73164],[19.45225,51.7316],[19.45224,51.7316],[19.45223,51.73157],[19.45223,51.73155],[19.45221,51.73149],[19.45217,51.73142],[19.45217,51.73138],[19.45221,51.73133],[19.45222,51.73128],[19.45224,51.73123],[19.45226,51.73115],[19.4523,51.73113],[19.45226,51.73095],[19.45217,51.73078],[19.45214,51.73068],[19.45204,51.73058],[19.45179,51.73034],[19.45128,51.72994],[19.45104,51.72978],[19.4508,51.72959],[19.45053,51.72938],[19.44991,51.72892],[19.44985,51.72883],[19.44951,51.72859],[19.4492,51.72833],[19.44897,51.72816],[19.44856,51.7279],[19.44841,51.72779],[19.44801,51.72747],[19.44778,51.72739],[19.44757,51.72739],[19.44738,51.72743],[19.44715,51.72761],[19.44663,51.72791],[19.44578,51.72842],[19.44485,51.72892],[19.44455,51.72907],[19.44391,51.72946],[19.44334,51.7298],[19.44293,51.73016],[19.44262,51.73047],[19.44227,51.73099],[19.44212,51.73133],[19.44199,51.73175],[19.44196,51.73205],[19.44198,51.73253],[19.44215,51.73275],[19.44202,51.73299],[19.44212,51.73437],[19.44215,51.73491],[19.44218,51.73509],[19.4422,51.73527],[19.44222,51.73561],[19.44229,51.73608],[19.44229,51.73704],[19.4424,51.7388],[19.44245,51.73972],[19.44222,51.7406],[19.44096,51.74412],[19.44027,51.74593],[19.43997,51.74641],[19.43991,51.7465],[19.43982,51.74663],[19.4395,51.74705],[19.43933,51.74725],[19.43821,51.7488],[19.43812,51.74895],[19.43799,51.74913],[19.43797,51.74929],[19.43762,51.74958],[19.43714,51.75022],[19.43702,51.7504],[19.43675,51.75085],[19.43659,51.7511],[19.4364,51.75157],[19.43625,51.75203],[19.43614,51.75235],[19.43612,51.75247],[19.43599,51.75287],[19.43569,51.75398],[19.43554,51.75451],[19.43545,51.75477],[19.43494,51.756],[19.43479,51.75632],[19.43452,51.75675],[19.43414,51.75741],[19.43377,51.75797],[19.43343,51.7578],[19.4333,51.75772],[19.43327,51.75766],[19.43302,51.75747],[19.43268,51.75726],[19.43259,51.75707],[19.43253,51.75701],[19.4325,51.75695],[19.43237,51.75682],[19.43234,51.75675],[19.43233,51.75669],[19.43234,51.75664],[19.43234,51.75659],[19.4324,51.7565],[19.43241,51.7565],[19.43241,51.75647],[19.43241,51.75644],[19.4324,51.7564],[19.43239,51.75639],[19.43234,51.75636],[19.43227,51.75632],[19.43221,51.75629],[19.43209,51.75627],[19.43195,51.75623],[19.43188,51.75623],[19.4318,51.75623],[19.43176,51.75623],[19.4317,51.75626],[19.43167,51.75627],[19.43164,51.75629],[19.4316,51.7563],[19.43153,51.75637],[19.43146,51.75644],[19.43152,51.75648],[19.43153,51.7565],[19.43156,51.7565],[19.43158,51.7565],[19.43159,51.75655],[19.4316,51.75657],[19.4316,51.75659],[19.43159,51.75662],[19.43159,51.75665],[19.43159,51.75666],[19.43158,51.75669],[19.43157,51.75671],[19.43156,51.75673],[19.43153,51.75675],[19.43114,51.7572],[19.43113,51.7572],[19.43111,51.7572],[19.4311,51.75725],[19.43108,51.75725],[19.43106,51.75726],[19.43104,51.75727],[19.43101,51.75727],[19.431,51.75727],[19.43098,51.75727],[19.43093,51.75727],[19.43089,51.75726],[19.43086,51.75725],[19.43085,51.7572],[19.43084,51.7572],[19.43083,51.7572],[19.43083,51.75717],[19.43084,51.75716],[19.43085,51.75712],[19.43086,51.75709],[19.43099,51.75684],[19.43106,51.75668]]},"properties":{"line":"52","dir":"0","mode":"bus"}},{"type":"Feature","geometry":{"type":"LineString","coordinates":[[19.43103,51.75667],[19.43111,51.75655],[19.43122,51.75645],[19.43142,51.75639],[19.43153,51.75637],[19.4316,51.7563],[19.43167,51.75627],[19.43176,51.75623],[19.4318,51.75623],[19.43188,51.75623],[19.43195,51.75623],[19.43221,51.75629],[19.43227,51.75632],[19.43234,51.75636],[19.43239,51.75639],[19.4324,51.7564],[19.43241,51.75644],[19.43241,51.75647],[19.43241,51.7565],[19.4324,51.7565],[19.43234,51.75659],[19.43234,51.75664],[19.43233,51.75669],[19.43234,51.75675],[19.43237,51.75682],[19.4325,51.75695],[19.43303,51.75747],[19.4333,51.75772],[19.43343,51.7578],[19.43367,51.75741],[19.43387,51.75704],[19.43394,51.75693],[19.43385,51.75694],[19.43396,51.75686],[19.4342,51.75645],[19.43434,51.75619],[19.43442,51.75601],[19.43446,51.75597],[19.43447,51.75596],[19.43448,51.75593],[19.43455,51.75582],[19.43462,51.75569],[19.43469,51.75555],[19.43487,51.75519],[19.43492,51.75513],[19.43497,51.75506],[19.43503,51.75494],[19.43511,51.75474],[19.43512,51.7547],[19.43523,51.75433],[19.4354,51.75379],[19.43558,51.75325],[19.43565,51.75298],[19.43569,51.7529],[19.43573,51.75283],[19.43589,51.75259],[19.43592,51.75242],[19.43593,51.75232],[19.43608,51.75184],[19.43614,51.75161],[19.43628,51.7513],[19.4364,51.75103],[19.43649,51.75085],[19.43657,51.75067],[19.43687,51.75021],[19.43702,51.75001],[19.4371,51.74993],[19.43728,51.74968],[19.43786,51.74896],[19.4379,51.74889],[19.43798,51.7488],[19.43821,51.74847],[19.43927,51.74704],[19.43963,51.74653],[19.43976,51.74628],[19.43994,51.7457],[19.44012,51.74564],[19.44112,51.74304],[19.44202,51.74055],[19.44221,51.73943],[19.44221,51.73839],[19.44201,51.73587],[19.44199,51.73569],[19.44191,51.73437],[19.44183,51.73313],[19.4418,51.7325],[19.44179,51.73241],[19.4416,51.73212],[19.44177,51.73196],[19.44179,51.73183],[19.44181,51.73174],[19.44182,51.73164],[19.44188,51.73142],[19.44192,51.7313],[19.44206,51.73099],[19.44212,51.73088],[19.44219,51.73076],[19.44241,51.73051],[19.44272,51.73016],[19.44297,51.72994],[19.44334,51.72962],[19.44423,51.7291],[19.44471,51.72879],[19.445,51.72856],[19.44509,51.72847],[19.44577,51.72806],[19.44661,51.72753],[19.44678,51.72739],[19.44694,51.72729],[19.44726,51.72703],[19.44747,51.7269],[19.44755,51.72684],[19.44757,51.7268],[19.44766,51.7267],[19.44783,51.72684],[19.44799,51.72699],[19.44823,51.7272],[19.44845,51.72737],[19.44856,51.72747],[19.45005,51.72871],[19.45095,51.72944],[19.45245,51.73061],[19.4526,51.7307],[19.45261,51.7307],[19.45273,51.73077],[19.45289,51.73085],[19.45292,51.73085],[19.45298,51.73085],[19.45301,51.73086],[19.45304,51.73086],[19.45306,51.73087],[19.45309,51.73088],[19.4531,51.73088],[19.4532,51.73088],[19.45334,51.73088],[19.45341,51.73088],[19.45348,51.73088],[19.45357,51.73088],[19.4537,51.73086],[19.45391,51.73079],[19.45544,51.72998],[19.45627,51.72953],[19.45641,51.72946],[19.45701,51.72907],[19.45721,51.72898],[19.45733,51.72892],[19.4575,51.72883],[19.45742,51.7288],[19.45751,51.72883],[19.45768,51.72878],[19.45803,51.72862],[19.46008,51.72761],[19.46084,51.7272],[19.46127,51.72703],[19.46143,51.72694],[19.46153,51.72691],[19.46164,51.72685],[19.46183,51.72682],[19.46252,51.72663],[19.46286,51.72654],[19.46317,51.7264],[19.46331,51.72631],[19.46355,51.72613],[19.4637,51.72613],[19.46398,51.72618],[19.46411,51.72621],[19.46416,51.72622],[19.46436,51.7263],[19.46446,51.72633],[19.46455,51.7264],[19.46459,51.72645],[19.46469,51.72655],[19.46481,51.72666],[19.46493,51.72674],[19.46516,51.72685],[19.46529,51.72691],[19.46723,51.72763],[19.46861,51.72811],[19.46882,51.72821],[19.46979,51.72856],[19.47059,51.72889],[19.47062,51.72887],[19.4709,51.72899],[19.474,51.73015],[19.4745,51.73028],[19.47479,51.73025],[19.47506,51.73016],[19.47626,51.72932],[19.47643,51.72915],[19.47651,51.7291],[19.47668,51.72898],[19.47797,51.72766],[19.47825,51.72737],[19.47835,51.72729],[19.47841,51.7272],[19.47869,51.72693],[19.47872,51.7269],[19.47994,51.7257],[19.4801,51.7255],[19.48021,51.72532],[19.48036,51.72514],[19.48058,51.72487],[19.48074,51.72471],[19.48082,51.72462],[19.48101,51.72444],[19.48117,51.72423],[19.48182,51.72361],[19.48284,51.72254],[19.48346,51.72158],[19.48393,51.72075],[19.48402,51.72048],[19.48421,51.7203],[19.48425,51.72019],[19.48432,51.72007],[19.48442,51.71977],[19.48459,51.71915],[19.48491,51.71805],[19.48496,51.71784],[19.4852,51.71782],[19.48548,51.71784],[19.48598,51.7179],[19.48632,51.71793],[19.48729,51.71807],[19.48923,51.71834],[19.49034,51.71852],[19.49044,51.71852],[19.49058,51.71856],[19.49088,51.7186],[19.49123,51.71862],[19.4924,51.71879],[19.49248,51.71879],[19.49258,51.71884],[19.49361,51.71897],[19.49523,51.71922],[19.49587,51.71931],[19.49587,51.71931],[19.49639,51.71938],[19.49716,51.71946],[19.49721,51.71949],[19.49729,51.71949],[19.49737,51.71951],[19.49742,51.71951],[19.49758,51.71956],[19.49821,51.71969],[19.49851,51.71976],[19.49868,51.71978],[19.49946,51.71987],[19.502,51.72021],[19.50298,51.72032],[19.50337,51.7204],[19.50349,51.72041],[19.50355,51.72041],[19.50357,51.72041],[19.50359,51.72041],[19.50377,51.72039],[19.50383,51.72021],[19.50386,51.7201]]},"properties":{"line":"52","dir":"1","mode":"bus"}},{"type":"Feature","geometry":{"type":"LineString","coordinates":[[19.46848,51.77035],[19.46812,51.77033],[19.46765,51.77028],[19.46745,51.77026],[19.46716,51.77021],[19.46703,51.77017],[19.46696,51.77009],[19.46683,51.77001],[19.46431,51.76952],[19.46417,51.76955],[19.46339,51.77108],[19.4658,51.77132],[19.46644,51.77141],[19.46671,51.77154],[19.46886,51.77177],[19.47302,51.77209],[19.47409,51.77296],[19.47675,51.77542],[19.47685,51.77553],[19.47753,51.77611],[19.47757,51.77615],[19.47785,51.77638],[19.47816,51.77663],[19.47869,51.77699],[19.47913,51.77735],[19.47976,51.77792],[19.48031,51.77843],[19.48046,51.77859],[19.48055,51.77868],[19.48058,51.7787],[19.4806,51.7787],[19.48063,51.77874],[19.48068,51.77876],[19.48072,51.77877],[19.48073,51.77878],[19.48079,51.77879],[19.48111,51.77882],[19.48158,51.77892],[19.48157,51.77897],[19.48158,51.77904],[19.48159,51.77909],[19.4816,51.77913],[19.48168,51.77939],[19.4817,51.77942],[19.48178,51.77958],[19.48182,51.77965],[19.48187,51.77974],[19.48191,51.77981],[19.482,51.77987],[19.48203,51.77992],[19.48217,51.78005],[19.48238,51.78027],[19.48254,51.78038],[19.48265,51.78055],[19.48273,51.78066],[19.48281,51.7808],[19.48282,51.7808],[19.48284,51.78093],[19.48294,51.78108],[19.48298,51.78119],[19.48304,51.78129],[19.48311,51.78173],[19.48309,51.78192],[19.4831,51.78201],[19.48313,51.78268],[19.48313,51.78327],[19.4832,51.78366],[19.48323,51.78451],[19.4833,51.78531],[19.48332,51.78555],[19.48332,51.78557],[19.48337,51.78573],[19.48342,51.78591],[19.4835,51.78609],[19.48358,51.78631],[19.48367,51.78646],[19.48379,51.78667],[19.48398,51.78691],[19.4841,51.78707],[19.48423,51.78722],[19.4845,51.78754],[19.48618,51.78944],[19.48833,51.79176],[19.48853,51.79204],[19.48922,51.79226],[19.48988,51.79229],[19.49543,51.79383],[19.49611,51.79405],[19.4968,51.79424],[19.49916,51.79489],[19.50021,51.79518],[19.50109,51.79543],[19.50157,51.79552],[19.50165,51.79558],[19.50262,51.79579],[19.50275,51.79579],[19.50303,51.79587],[19.50309,51.79589],[19.50335,51.79594],[19.50376,51.79599],[19.50404,51.79604],[19.50441,51.79608],[19.50519,51.79615],[19.50635,51.79622],[19.5065,51.79622],[19.50697,51.79626],[19.50713,51.79622],[19.50716,51.79622],[19.5072,51.79622],[19.50724,51.7962],[19.5073,51.7962],[19.50735,51.7962],[19.50748,51.7962],[19.50772,51.7962],[19.50844,51.79622],[19.50938,51.79622],[19.51133,51.79633],[19.51185,51.79633],[19.51291,51.79642],[19.51297,51.79642],[19.51304,51.79642],[19.5131,51.79642],[19.51325,51.79647],[19.51359,51.79649],[19.51423,51.79651],[19.51476,51.79653],[19.51491,51.79653],[19.51511,51.79653],[19.51551,51.79656],[19.51582,51.79656],[19.51624,51.79658],[19.51639,51.79659],[19.51645,51.79659],[19.5165,51.7966],[19.51658,51.7966],[19.51667,51.79665],[19.51673,51.79666],[19.51678,51.79668],[19.51685,51.79668],[19.51694,51.79674],[19.51701,51.79676],[19.51782,51.79678],[19.5187,51.79682],[19.51922,51.79684],[19.51955,51.79684],[19.51985,51.79683],[19.52014,51.79682],[19.52048,51.7968],[19.52061,51.79678],[19.5211,51.79676],[19.52223,51.79668],[19.52251,51.79666],[19.52409,51.79658],[19.52419,51.79657],[19.52448,51.79653],[19.52473,51.79653],[19.52494,51.79651],[19.52525,51.79648],[19.52569,51.79642],[19.52578,51.79642],[19.52621,51.79639],[19.5263,51.79639],[19.52649,51.79637],[19.52705,51.79632],[19.5278,51.79622],[19.52792,51.79622],[19.52818,51.79622],[19.52872,51.7962],[19.52881,51.7962],[19.52921,51.79615],[19.52971,51.79615],[19.53009,51.79615],[19.53014,51.79615],[19.53076,51.79612],[19.53256,51.79605],[19.5334,51.79599],[19.53406,51.79599],[19.53465,51.79596],[19.53687,51.79596],[19.54046,51.79597],[19.54619,51.79599],[19.54695,51.79599],[19.54723,51.79599],[19.54915,51.79599],[19.54936,51.79599],[19.55036,51.79597],[19.55292,51.79597],[19.55758,51.7959],[19.56511,51.79542],[19.56599,51.79534],[19.56603,51.79534],[19.56602,51.79527],[19.56913,51.79515],[19.57003,51.79509],[19.57093,51.79504],[19.57273,51.79491],[19.57374,51.79486],[19.57527,51.79476],[19.57526,51.79469],[19.57618,51.79471],[19.57877,51.79455],[19.57895,51.79453],[19.5828,51.79428],[19.58286,51.79428],[19.58872,51.7939],[19.58895,51.79379],[19.58908,51.79372],[19.58911,51.79371]]},"properties":{"line":"53A","dir":"0","mode":"bus"}},{"type":"Feature","geometry":{"type":"LineString","coordinates":[[19.58908,51.7937],[19.58913,51.7937],[19.58921,51.79365],[19.58927,51.79365],[19.58933,51.79365],[19.58939,51.79363],[19.58965,51.79364],[19.58996,51.79365],[19.58983,51.79375],[19.58982,51.79378],[19.58979,51.79379],[19.58978,51.79383],[19.58968,51.79385],[19.58927,51.79387],[19.58913,51.79387],[19.58871,51.7939],[19.58286,51.79428],[19.5828,51.79428],[19.57895,51.79453],[19.57876,51.79455],[19.57618,51.79471],[19.57374,51.79486],[19.57338,51.79488],[19.57339,51.79495],[19.57273,51.79491],[19.57093,51.79504],[19.57003,51.79509],[19.56913,51.79515],[19.56599,51.79534],[19.56511,51.79542],[19.56417,51.79548],[19.56417,51.79552],[19.5574,51.79588],[19.55292,51.79597],[19.55036,51.79597],[19.54915,51.79599],[19.54842,51.79599],[19.54842,51.79606],[19.54723,51.79599],[19.54693,51.79599],[19.54619,51.79599],[19.54046,51.79597],[19.53687,51.79596],[19.53562,51.79596],[19.53343,51.79602],[19.53256,51.79605],[19.53076,51.79612],[19.53014,51.79615],[19.53009,51.79615],[19.52927,51.7962],[19.52705,51.79632],[19.52649,51.79637],[19.5263,51.79639],[19.52423,51.79659],[19.52373,51.79661],[19.5231,51.79668],[19.52272,51.79666],[19.52255,51.79666],[19.52223,51.79668],[19.52169,51.79668],[19.5211,51.79676],[19.52061,51.79678],[19.52048,51.7968],[19.52014,51.79682],[19.51985,51.79683],[19.51955,51.79684],[19.51922,51.79684],[19.5187,51.79682],[19.51782,51.79678],[19.51701,51.79676],[19.51659,51.79675],[19.51612,51.79673],[19.51569,51.79668],[19.5153,51.79668],[19.51509,51.79668],[19.5149,51.79669],[19.51398,51.79665],[19.51312,51.7966],[19.51128,51.79656],[19.51023,51.79653],[19.50966,51.79651],[19.50866,51.79647],[19.50791,51.79642],[19.50662,51.79639],[19.50579,51.79637],[19.50504,51.79631],[19.50468,51.79622],[19.50429,51.79622],[19.50353,51.79611],[19.50299,51.79603],[19.50275,51.79599],[19.50252,51.79595],[19.50196,51.79579],[19.50178,51.79577],[19.50133,51.79567],[19.50113,51.79561],[19.49974,51.79525],[19.49933,51.79513],[19.49833,51.79485],[19.49783,51.79472],[19.4974,51.79455],[19.49652,51.79435],[19.49644,51.79433],[19.49547,51.79407],[19.49523,51.79399],[19.49501,51.7939],[19.49434,51.79365],[19.49261,51.79317],[19.49145,51.79278],[19.4895,51.79235],[19.48834,51.79218],[19.48773,51.79151],[19.48636,51.79007],[19.4843,51.78759],[19.48356,51.78662],[19.48329,51.78613],[19.4832,51.78581],[19.48313,51.78558],[19.4831,51.7854],[19.48292,51.78273],[19.4828,51.7812],[19.48248,51.78071],[19.48201,51.7803],[19.48157,51.77977],[19.4814,51.7796],[19.48128,51.77951],[19.48122,51.77948],[19.48112,51.77942],[19.48106,51.77938],[19.48096,51.77929],[19.48072,51.77904],[19.48069,51.77901],[19.48066,51.77897],[19.47931,51.77776],[19.4789,51.77735],[19.47869,51.77718],[19.47842,51.77698],[19.47835,51.77689],[19.47773,51.77644],[19.47741,51.77623],[19.4768,51.77578],[19.47674,51.77566],[19.47531,51.77429],[19.4742,51.77333],[19.47295,51.77232],[19.47274,51.77205],[19.47259,51.77169],[19.47253,51.77116],[19.47269,51.77028],[19.47253,51.77016]]},"properties":{"line":"53A","dir":"1","mode":"bus"}},{"type":"Feature","geometry":{"type":"LineString","coordinates":[[19.46848,51.77035],[19.46812,51.77033],[19.46765,51.77028],[19.46745,51.77026],[19.46716,51.77021],[19.46703,51.77017],[19.46696,51.77009],[19.46683,51.77001],[19.46431,51.76952],[19.46417,51.76955],[19.46339,51.77108],[19.4658,51.77132],[19.46644,51.77141],[19.46671,51.77154],[19.46886,51.77177],[19.47302,51.77209],[19.47409,51.77296],[19.47675,51.77542],[19.47685,51.77553],[19.47753,51.77611],[19.47757,51.77615],[19.47785,51.77638],[19.47816,51.77663],[19.47869,51.77699],[19.47913,51.77735],[19.47976,51.77792],[19.48031,51.77843],[19.48046,51.77859],[19.48055,51.77868],[19.48058,51.7787],[19.4806,51.7787],[19.48063,51.77874],[19.48068,51.77876],[19.48072,51.77877],[19.48073,51.77878],[19.48079,51.77879],[19.48111,51.77882],[19.48158,51.77892],[19.48157,51.77897],[19.48158,51.77904],[19.48159,51.77909],[19.4816,51.77913],[19.48168,51.77939],[19.4817,51.77942],[19.48178,51.77958],[19.48182,51.77965],[19.48187,51.77974],[19.48191,51.77981],[19.482,51.77987],[19.48203,51.77992],[19.48217,51.78005],[19.48238,51.78027],[19.48254,51.78038],[19.48265,51.78055],[19.48273,51.78066],[19.48281,51.7808],[19.48282,51.7808],[19.48284,51.78093],[19.48294,51.78108],[19.48298,51.78119],[19.48304,51.78129],[19.48311,51.78173],[19.48309,51.78192],[19.4831,51.78201],[19.48313,51.78268],[19.48313,51.78327],[19.4832,51.78366],[19.48323,51.78451],[19.4833,51.78531],[19.48332,51.78555],[19.48332,51.78557],[19.48337,51.78573],[19.48342,51.78591],[19.4835,51.78609],[19.48358,51.78631],[19.48367,51.78646],[19.48379,51.78667],[19.48398,51.78691],[19.4841,51.78707],[19.48423,51.78722],[19.4845,51.78754],[19.48618,51.78944],[19.48833,51.79176],[19.48853,51.79204],[19.48922,51.79226],[19.48988,51.79229],[19.49543,51.79383],[19.49611,51.79405],[19.4968,51.79424],[19.49916,51.79489],[19.50021,51.79518],[19.50109,51.79543],[19.50157,51.79552],[19.50165,51.79558],[19.50262,51.79579],[19.50275,51.79579],[19.50303,51.79587],[19.50309,51.79589],[19.50335,51.79594],[19.50376,51.79599],[19.50404,51.79604],[19.50441,51.79608],[19.50519,51.79615],[19.50635,51.79622],[19.5065,51.79622],[19.50697,51.79626],[19.50713,51.79622],[19.50716,51.79622],[19.5072,51.79622],[19.50724,51.7962],[19.5073,51.7962],[19.50735,51.7962],[19.50748,51.7962],[19.50772,51.7962],[19.50844,51.79622],[19.50938,51.79622],[19.51133,51.79633],[19.51185,51.79633],[19.51291,51.79642],[19.51297,51.79642],[19.51304,51.79642],[19.5131,51.79642],[19.51325,51.79647],[19.51359,51.79649],[19.51423,51.79651],[19.51476,51.79653],[19.51491,51.79653],[19.51511,51.79653],[19.51551,51.79656],[19.51582,51.79656],[19.51624,51.79658],[19.51639,51.79659],[19.51645,51.79659],[19.5165,51.7966],[19.51658,51.7966],[19.51667,51.79665],[19.51673,51.79666],[19.51678,51.79668],[19.51685,51.79668],[19.51694,51.79674],[19.51701,51.79676],[19.51782,51.79678],[19.5187,51.79682],[19.51922,51.79684],[19.51955,51.79684],[19.51985,51.79683],[19.52014,51.79682],[19.52048,51.7968],[19.52061,51.79678],[19.5211,51.79676],[19.52223,51.79668],[19.52251,51.79666],[19.52409,51.79658],[19.52419,51.79657],[19.52448,51.79653],[19.52473,51.79653],[19.52494,51.79651],[19.52525,51.79648],[19.52569,51.79642],[19.52578,51.79642],[19.52621,51.79639],[19.5263,51.79639],[19.52649,51.79637],[19.52705,51.79632],[19.5278,51.79622],[19.52792,51.79622],[19.52818,51.79622],[19.52872,51.7962],[19.52881,51.7962],[19.52921,51.79615],[19.52971,51.79615],[19.53009,51.79615],[19.53014,51.79615],[19.53076,51.79612],[19.53256,51.79605],[19.5334,51.79599],[19.53406,51.79599],[19.53465,51.79596],[19.53687,51.79596],[19.54046,51.79597],[19.54619,51.79599],[19.54695,51.79599],[19.54723,51.79599],[19.54915,51.79599],[19.54936,51.79599],[19.55036,51.79597],[19.55292,51.79597],[19.55758,51.7959],[19.56511,51.79542],[19.56599,51.79534],[19.56603,51.79534],[19.56602,51.79527],[19.56913,51.79515],[19.57003,51.79509],[19.57093,51.79504],[19.57273,51.79491],[19.57374,51.79486],[19.57527,51.79476],[19.57526,51.79469],[19.59099,51.79373],[19.59099,51.79373],[19.60247,51.79305],[19.61324,51.79234],[19.61833,51.79255],[19.62078,51.79303],[19.63928,51.79963],[19.64013,51.79987],[19.64173,51.80045],[19.64276,51.80082],[19.6443,51.80137],[19.64548,51.8018],[19.64639,51.80214],[19.64795,51.80271],[19.65025,51.80352],[19.65185,51.8041],[19.65457,51.80508],[19.65655,51.80581],[19.65674,51.80587],[19.65697,51.80594],[19.6571,51.80598],[19.65729,51.80602],[19.65753,51.80606],[19.65778,51.8061],[19.65818,51.80614],[19.65964,51.80629],[19.66062,51.80639],[19.661,51.80641],[19.6614,51.80641],[19.6616,51.80641],[19.6616,51.80636],[19.66738,51.80633],[19.66738,51.80633],[19.67236,51.80627],[19.67906,51.8056],[19.71215,51.8032],[19.71215,51.8032],[19.71408,51.80306],[19.7254,51.80239],[19.73767,51.8016],[19.74218,51.80106],[19.74787,51.80081],[19.75077,51.80062],[19.75138,51.80014],[19.75216,51.79849],[19.75427,51.79887],[19.75491,51.79896],[19.75517,51.79923],[19.75505,51.79964],[19.75683,51.79978],[19.75898,51.79989],[19.75887,51.80123],[19.75887,51.80123],[19.75894,51.80352]]},"properties":{"line":"53B","dir":"0","mode":"bus"}},{"type":"Feature","geometry":{"type":"LineString","coordinates":[[19.76266,51.80385],[19.76288,51.80391],[19.763,51.80005],[19.75575,51.7998],[19.75596,51.8018],[19.75622,51.80556],[19.75588,51.8058],[19.75475,51.80481],[19.75423,51.80365],[19.75401,51.80229],[19.75359,51.80171],[19.75355,51.80124],[19.75209,51.80086],[19.75194,51.80077],[19.75077,51.80062],[19.74205,51.8011],[19.74152,51.80117],[19.73767,51.8016],[19.73462,51.80181],[19.7254,51.80239],[19.71174,51.80324],[19.67204,51.80633],[19.65653,51.80574],[19.62287,51.79356],[19.62039,51.7928],[19.61833,51.79255],[19.6168,51.79237],[19.61534,51.79236],[19.61445,51.7924],[19.61389,51.7925],[19.61301,51.79254],[19.59152,51.79381],[19.59062,51.7938],[19.58978,51.79383],[19.58968,51.79383],[19.58927,51.79387],[19.58913,51.79387],[19.58871,51.7939],[19.58286,51.79428],[19.5828,51.79428],[19.57895,51.79453],[19.57876,51.79455],[19.57618,51.79471],[19.57374,51.79486],[19.57338,51.79488],[19.57339,51.79495],[19.57273,51.79491],[19.57093,51.79504],[19.57003,51.79509],[19.56913,51.79515],[19.56599,51.79534],[19.56511,51.79542],[19.56417,51.79548],[19.56417,51.79552],[19.5574,51.79588],[19.55292,51.79597],[19.55036,51.79597],[19.54915,51.79599],[19.54842,51.79599],[19.54842,51.79606],[19.54723,51.79599],[19.54693,51.79599],[19.54619,51.79599],[19.54046,51.79597],[19.53687,51.79596],[19.53562,51.79596],[19.53343,51.79602],[19.53256,51.79605],[19.53076,51.79612],[19.53014,51.79615],[19.53009,51.79615],[19.52927,51.7962],[19.52705,51.79632],[19.52649,51.79637],[19.5263,51.79639],[19.52423,51.79659],[19.52373,51.79661],[19.5231,51.79668],[19.52272,51.79666],[19.52255,51.79666],[19.52223,51.79668],[19.52169,51.79668],[19.5211,51.79676],[19.52061,51.79678],[19.52048,51.7968],[19.52014,51.79682],[19.51985,51.79683],[19.51955,51.79684],[19.51922,51.79684],[19.5187,51.79682],[19.51782,51.79678],[19.51701,51.79676],[19.51659,51.79675],[19.51612,51.79673],[19.51569,51.79668],[19.5153,51.79668],[19.51509,51.79668],[19.5149,51.79669],[19.51398,51.79665],[19.51312,51.7966],[19.51128,51.79656],[19.51023,51.79653],[19.50966,51.79651],[19.50866,51.79647],[19.50791,51.79642],[19.50662,51.79639],[19.50579,51.79637],[19.50504,51.79631],[19.50468,51.79622],[19.50429,51.79622],[19.50353,51.79611],[19.50299,51.79603],[19.50275,51.79599],[19.50252,51.79595],[19.50196,51.79579],[19.50178,51.79577],[19.50133,51.79567],[19.50113,51.79561],[19.49974,51.79525],[19.49933,51.79513],[19.49833,51.79485],[19.49783,51.79472],[19.4974,51.79455],[19.49652,51.79435],[19.49644,51.79433],[19.49547,51.79407],[19.49523,51.79399],[19.49501,51.7939],[19.49434,51.79365],[19.49261,51.79317],[19.49145,51.79278],[19.4895,51.79235],[19.48834,51.79218],[19.48773,51.79151],[19.48636,51.79007],[19.4843,51.78759],[19.48356,51.78662],[19.48329,51.78613],[19.4832,51.78581],[19.48313,51.78558],[19.4831,51.7854],[19.48292,51.78273],[19.4828,51.7812],[19.48248,51.78071],[19.48201,51.7803],[19.48157,51.77977],[19.4814,51.7796],[19.48128,51.77951],[19.48122,51.77948],[19.48112,51.77942],[19.48106,51.77938],[19.48096,51.77929],[19.48072,51.77904],[19.48069,51.77901],[19.48066,51.77897],[19.47931,51.77776],[19.4789,51.77735],[19.47869,51.77718],[19.47842,51.77698],[19.47835,51.77689],[19.47773,51.77644],[19.47741,51.77623],[19.4768,51.77578],[19.47674,51.77566],[19.47531,51.77429],[19.4742,51.77333],[19.47295,51.77232],[19.47274,51.77205],[19.47259,51.77169],[19.47253,51.77116],[19.47269,51.77028],[19.47253,51.77016]]},"properties":{"line":"53B","dir":"1","mode":"bus"}},{"type":"Feature","geometry":{"type":"LineString","coordinates":[[19.58908,51.7937],[19.58913,51.7937],[19.58921,51.79365],[19.58927,51.79365],[19.58933,51.79365],[19.58939,51.79363],[19.58965,51.79364],[19.58996,51.79365],[19.58983,51.79375],[19.58982,51.79378],[19.58979,51.79379],[19.58978,51.79383],[19.58968,51.79385],[19.58927,51.79387],[19.58913,51.79387],[19.58871,51.7939],[19.58286,51.79428],[19.5828,51.79428],[19.57895,51.79453],[19.57876,51.79455],[19.57618,51.79471],[19.57374,51.79486],[19.57338,51.79488],[19.57339,51.79495],[19.57273,51.79491],[19.57093,51.79504],[19.57003,51.79509],[19.56913,51.79515],[19.56599,51.79534],[19.56511,51.79542],[19.56417,51.79548],[19.56417,51.79552],[19.5574,51.79588],[19.55292,51.79597],[19.55036,51.79597],[19.54915,51.79599],[19.54842,51.79599],[19.54842,51.79606],[19.54723,51.79599],[19.54693,51.79599],[19.54619,51.79599],[19.54046,51.79597],[19.53687,51.79596],[19.53562,51.79596],[19.53343,51.79602],[19.53256,51.79605],[19.53076,51.79612],[19.53014,51.79615],[19.53009,51.79615],[19.52927,51.7962],[19.52705,51.79632],[19.52649,51.79637],[19.5263,51.79639],[19.52423,51.79659],[19.52373,51.79661],[19.51998,51.79689],[19.51827,51.79683],[19.51484,51.79669],[19.51525,51.79562],[19.51518,51.79553],[19.51452,51.79557],[19.51334,51.79577],[19.51332,51.79572],[19.51293,51.79355],[19.513,51.79344],[19.51303,51.79328],[19.51292,51.79282],[19.51275,51.79259],[19.51268,51.7924],[19.51263,51.79199],[19.51264,51.79184],[19.51269,51.7917],[19.51251,51.79097],[19.51213,51.79093],[19.51161,51.79089],[19.51048,51.79091],[19.50705,51.79046],[19.50555,51.79255],[19.50521,51.79303],[19.50429,51.79428],[19.50429,51.79428],[19.50403,51.79468],[19.50394,51.7948],[19.50381,51.79497],[19.50357,51.7953],[19.50353,51.79536],[19.5031,51.79588],[19.50299,51.79603],[19.50275,51.79599],[19.50252,51.79595],[19.50133,51.79567],[19.50113,51.79561],[19.49974,51.79525],[19.49933,51.79513],[19.49833,51.79485],[19.49783,51.79472],[19.4974,51.79455],[19.49652,51.79435],[19.49644,51.79433],[19.49547,51.79407],[19.49523,51.79399],[19.49501,51.7939],[19.49434,51.79365],[19.49261,51.79317],[19.49145,51.79278],[19.4895,51.79235],[19.48834,51.79218],[19.48773,51.79151],[19.48636,51.79007],[19.4843,51.78759],[19.48356,51.78662],[19.48329,51.78613],[19.4832,51.78581],[19.48313,51.78558],[19.4831,51.7854],[19.48292,51.78273],[19.4828,51.7812],[19.48248,51.78071],[19.48201,51.7803],[19.48157,51.77977],[19.4814,51.7796],[19.48128,51.77951],[19.48122,51.77948],[19.48112,51.77942],[19.48106,51.77938],[19.48096,51.77929],[19.48072,51.77904],[19.48069,51.77901],[19.48066,51.77897],[19.47931,51.77776],[19.4789,51.77735],[19.47869,51.77718],[19.47842,51.77698],[19.47835,51.77689],[19.47773,51.77644],[19.47741,51.77623],[19.4768,51.77578],[19.47674,51.77566],[19.47531,51.77429],[19.4742,51.77333],[19.47295,51.77232],[19.47274,51.77205],[19.47259,51.77169],[19.47253,51.77116],[19.47269,51.77028],[19.47253,51.77016]]},"properties":{"line":"53C","dir":"DW. ŁÓDŹ FABRYCZNA","mode":"bus"}},{"type":"Feature","geometry":{"type":"LineString","coordinates":[[19.48595,51.7673],[19.48626,51.76725],[19.48631,51.76722],[19.48631,51.76716],[19.48623,51.7671],[19.48588,51.76707],[19.48576,51.76709],[19.48565,51.76713],[19.48533,51.76754],[19.48515,51.76784],[19.48514,51.76809],[19.48506,51.7682],[19.48271,51.76831],[19.48237,51.76964],[19.4825,51.76975],[19.48269,51.76978],[19.48304,51.76981],[19.48313,51.76978],[19.48478,51.76163],[19.48629,51.76022],[19.48696,51.75952],[19.48713,51.75932],[19.48738,51.759],[19.48772,51.75855],[19.48838,51.75752],[19.48879,51.75684],[19.48895,51.75651],[19.48904,51.75629],[19.48914,51.75597],[19.48921,51.7556],[19.4893,51.75254],[19.48933,51.75199],[19.48935,51.75146],[19.48933,51.74999],[19.48933,51.74939],[19.48935,51.74913],[19.48946,51.74873],[19.48954,51.74833],[19.48976,51.74765],[19.49251,51.74795],[19.4932,51.74804],[19.49578,51.74838],[19.49718,51.74853],[19.50299,51.74936],[19.50377,51.74947],[19.50688,51.74985],[19.50757,51.74986],[19.50766,51.74984],[19.50854,51.74993],[19.50875,51.74987],[19.50894,51.74979],[19.50907,51.74939],[19.5092,51.74934],[19.50934,51.74931],[19.50969,51.74931],[19.51153,51.74953],[19.51207,51.74972],[19.51233,51.74997],[19.5126,51.75112],[19.51235,51.75148],[19.51153,51.75227],[19.50818,51.76336],[19.50793,51.76426],[19.50574,51.77132],[19.50566,51.77151],[19.50581,51.77161],[19.50615,51.77168],[19.50816,51.77193],[19.50878,51.77205],[19.50917,51.77209],[19.50958,51.77205],[19.50982,51.77204],[19.51014,51.772],[19.51061,51.77193],[19.51106,51.77188],[19.51133,51.77184],[19.51143,51.77182],[19.51151,51.77181],[19.51165,51.77178],[19.51174,51.77176],[19.5118,51.77173],[19.51185,51.7717],[19.51203,51.77163],[19.51222,51.77157],[19.51248,51.77148],[19.51338,51.77115],[19.51371,51.77104],[19.51455,51.77073],[19.51494,51.7706],[19.51504,51.77056],[19.51509,51.77053],[19.51514,51.77048],[19.51536,51.77041],[19.51557,51.77035],[19.51567,51.77034],[19.51579,51.7703],[19.51588,51.77029],[19.51594,51.77033],[19.51596,51.77035],[19.51603,51.77042],[19.51607,51.77046],[19.51635,51.7707],[19.51662,51.77093],[19.51692,51.77118],[19.51756,51.7717],[19.51874,51.77269],[19.51908,51.77297],[19.5192,51.77305],[19.51945,51.7733],[19.52086,51.77444],[19.52126,51.77476],[19.52142,51.77492],[19.52157,51.77489],[19.52657,51.77439],[19.52729,51.77432],[19.5276,51.77429],[19.53021,51.77404],[19.53192,51.77386],[19.53381,51.77369],[19.53414,51.77362],[19.54376,51.77268],[19.54398,51.77399],[19.54398,51.77409],[19.54397,51.77419],[19.54364,51.77433],[19.54319,51.77411],[19.54392,51.77405],[19.54371,51.77265],[19.55322,51.77163],[19.56315,51.77062],[19.57027,51.77],[19.57492,51.7712],[19.5811,51.77439],[19.58798,51.77797],[19.58829,51.78011],[19.58877,51.78451],[19.58913,51.78816],[19.58964,51.79302],[19.58968,51.79385],[19.58955,51.794],[19.58044,51.80097],[19.57611,51.8043],[19.57601,51.80433],[19.57585,51.80445],[19.57581,51.80449],[19.57458,51.80542],[19.57444,51.80553],[19.57351,51.80625],[19.57329,51.80642]]},"properties":{"line":"54B","dir":"0","mode":"bus"}},{"type":"Feature","geometry":{"type":"LineString","coordinates":[[19.5732,51.80646],[19.58896,51.79438],[19.58958,51.79396],[19.58968,51.79385],[19.58961,51.79338],[19.58958,51.79308],[19.58905,51.78877],[19.58869,51.78511],[19.58811,51.77987],[19.58793,51.77797],[19.57384,51.7707],[19.57128,51.77021],[19.56997,51.77006],[19.5635,51.77069],[19.55333,51.77172],[19.54374,51.77266],[19.54382,51.77407],[19.54301,51.77411],[19.53875,51.77439],[19.53784,51.77467],[19.53721,51.77501],[19.53609,51.77528],[19.53578,51.77525],[19.53515,51.77355],[19.53381,51.77369],[19.53192,51.77386],[19.53021,51.77404],[19.5276,51.77429],[19.52736,51.7743],[19.52657,51.77439],[19.52142,51.77492],[19.52102,51.77458],[19.51945,51.7733],[19.5192,51.77305],[19.51908,51.77297],[19.51874,51.77269],[19.51756,51.7717],[19.51692,51.77118],[19.51662,51.77093],[19.51635,51.7707],[19.51607,51.77046],[19.51602,51.77042],[19.51596,51.77037],[19.51592,51.77034],[19.51588,51.77029],[19.5158,51.77032],[19.51573,51.77035],[19.51566,51.77038],[19.51551,51.77043],[19.51538,51.77052],[19.51513,51.77055],[19.51494,51.7706],[19.51455,51.77073],[19.51371,51.77104],[19.51338,51.77115],[19.51248,51.77148],[19.51222,51.77157],[19.51203,51.77163],[19.51185,51.7717],[19.51176,51.77175],[19.51169,51.77177],[19.51159,51.7718],[19.5115,51.77182],[19.51138,51.77184],[19.51128,51.77186],[19.51106,51.77188],[19.5101,51.77202],[19.50976,51.77206],[19.50948,51.77209],[19.5093,51.77211],[19.5092,51.77212],[19.50916,51.77212],[19.50907,51.77217],[19.50899,51.77209],[19.50884,51.77208],[19.50882,51.77206],[19.50878,51.77206],[19.50846,51.77199],[19.50828,51.77197],[19.50779,51.7719],[19.50766,51.77188],[19.50711,51.77182],[19.50566,51.77169],[19.50546,51.77172],[19.50531,51.77163],[19.50537,51.77152],[19.50553,51.77146],[19.50564,51.77119],[19.50786,51.76359],[19.50786,51.76359],[19.50817,51.76277],[19.50912,51.7596],[19.51025,51.75575],[19.51136,51.75259],[19.51155,51.75223],[19.5118,51.75199],[19.5106,51.75115],[19.51045,51.75098],[19.51035,51.75057],[19.51023,51.75036],[19.50883,51.75019],[19.50856,51.75007],[19.50439,51.74959],[19.50265,51.74932],[19.50057,51.74896],[19.49318,51.74808],[19.48997,51.74773],[19.48945,51.74913],[19.48942,51.75131],[19.48929,51.75477],[19.48924,51.75537],[19.48923,51.75572],[19.48917,51.75605],[19.48907,51.7564],[19.48886,51.75684],[19.48804,51.75818],[19.48764,51.75877],[19.48745,51.75902],[19.48723,51.75927],[19.4867,51.75984],[19.48623,51.76032],[19.48548,51.76106],[19.48529,51.76123],[19.4852,51.76133],[19.4851,51.76141],[19.48507,51.7615],[19.48499,51.76159],[19.48492,51.76199],[19.48494,51.76257],[19.48491,51.76293],[19.48449,51.76487],[19.48441,51.76563],[19.48439,51.76595],[19.4843,51.76643],[19.48434,51.76663],[19.48454,51.7668],[19.48481,51.76688],[19.48519,51.76691],[19.48546,51.76695],[19.48555,51.76692],[19.48567,51.7669],[19.48576,51.7669],[19.48584,51.76693],[19.48589,51.76698],[19.48596,51.76701],[19.48621,51.76703],[19.48633,51.76705],[19.48646,51.76713],[19.4865,51.76718],[19.48654,51.76736],[19.48656,51.76752],[19.48656,51.76761],[19.48654,51.7677],[19.48644,51.76777],[19.4863,51.76783],[19.48589,51.76787],[19.48567,51.76788],[19.4856,51.76782],[19.48556,51.76774],[19.4856,51.76765],[19.48571,51.76764]]},"properties":{"line":"54B","dir":"1","mode":"bus"}},{"type":"Feature","geometry":{"type":"LineString","coordinates":[[19.38328,51.74743],[19.3834,51.74735],[19.38364,51.74745],[19.38596,51.74838],[19.39119,51.74984],[19.39229,51.75013],[19.39237,51.75019],[19.39378,51.7506],[19.39397,51.75064],[19.39425,51.75067],[19.39464,51.75083],[19.39614,51.75121],[19.39708,51.75146],[19.39893,51.75196],[19.39961,51.75215],[19.39989,51.75223],[19.40014,51.75226],[19.40036,51.75235],[19.40082,51.75249],[19.40106,51.75254],[19.40162,51.7527],[19.40173,51.75272],[19.40187,51.75274],[19.40208,51.75277],[19.40232,51.75278],[19.40251,51.75278],[19.40265,51.75278],[19.40278,51.75277],[19.40284,51.75277],[19.40341,51.75272],[19.40443,51.75261],[19.40538,51.75254],[19.40546,51.75253],[19.40787,51.75229],[19.40825,51.75224],[19.40857,51.75205],[19.4089,51.75175],[19.40928,51.75137],[19.40959,51.75119],[19.40979,51.75118],[19.40963,51.75102],[19.40908,51.75045],[19.40824,51.74974],[19.40777,51.7494],[19.40687,51.74874],[19.4065,51.74841],[19.40609,51.74792],[19.4059,51.74763],[19.40558,51.74682],[19.40546,51.74459],[19.40537,51.74342],[19.40516,51.74222],[19.40505,51.74161],[19.4052,51.7412],[19.40637,51.74132],[19.4065,51.7414],[19.40693,51.74144],[19.40791,51.74158],[19.40813,51.7416],[19.40916,51.7417],[19.40965,51.7418],[19.40994,51.74185],[19.41374,51.74288],[19.41525,51.74373],[19.41581,51.74393],[19.41676,51.7442],[19.41714,51.74436],[19.41876,51.74523],[19.41928,51.74539],[19.41998,51.74557],[19.42007,51.74572],[19.41968,51.74647],[19.4194,51.74707],[19.41892,51.74821],[19.41878,51.74828],[19.41865,51.7483],[19.41831,51.74828],[19.41923,51.74607],[19.4194,51.74586],[19.4201,51.74513],[19.42043,51.74473],[19.42083,51.7442],[19.42123,51.74352],[19.42136,51.74309],[19.4216,51.74048],[19.42155,51.74012],[19.42144,51.73953],[19.42138,51.73936],[19.42129,51.7393],[19.42124,51.73923],[19.42126,51.73915],[19.42138,51.73909],[19.42157,51.73907],[19.42172,51.73896],[19.4233,51.73834],[19.42444,51.73796],[19.4263,51.73737],[19.42936,51.73705],[19.43096,51.73698],[19.43223,51.73689],[19.43315,51.73683],[19.43381,51.73679],[19.43389,51.73675],[19.43399,51.73671],[19.43413,51.73672],[19.43419,51.73675],[19.4345,51.73663],[19.43465,51.7366],[19.43487,51.73657],[19.43515,51.73653],[19.4354,51.73651],[19.43565,51.73647],[19.43593,51.73644],[19.43626,51.73644],[19.43657,51.73644],[19.43675,51.73644],[19.43724,51.73642],[19.43743,51.73642],[19.4379,51.73642],[19.43877,51.7364],[19.43982,51.7364],[19.44072,51.73639],[19.44095,51.7364],[19.44203,51.7364],[19.44231,51.7364],[19.44273,51.73639],[19.44385,51.7364],[19.44936,51.73637],[19.44966,51.73639],[19.45297,51.73639],[19.45291,51.73689],[19.45285,51.73714],[19.45279,51.73821],[19.45258,51.73969],[19.45238,51.74024],[19.45226,51.74065],[19.45156,51.74363],[19.45123,51.74506],[19.44998,51.75079],[19.45003,51.75109],[19.4499,51.75128],[19.44976,51.75191],[19.45136,51.75203],[19.45177,51.75207],[19.45288,51.75216],[19.45313,51.75218],[19.45467,51.75229],[19.45503,51.75229],[19.45535,51.75236],[19.45554,51.75238],[19.45597,51.75242],[19.45711,51.75252],[19.45742,51.75254],[19.45748,51.75254],[19.45995,51.75274],[19.45998,51.75274],[19.46001,51.75274],[19.46033,51.75277],[19.46106,51.75281],[19.46188,51.7529],[19.46437,51.75315],[19.46445,51.75278],[19.46472,51.7517],[19.4639,51.75149],[19.46384,51.75137],[19.46383,51.75129],[19.4638,51.75121],[19.46378,51.75112],[19.46376,51.75102],[19.46376,51.75088],[19.46378,51.75074],[19.4638,51.75047],[19.46384,51.75038],[19.46388,51.75022],[19.46393,51.75003],[19.46405,51.74933],[19.46849,51.7504],[19.47175,51.75126],[19.47229,51.75131],[19.47267,51.75148],[19.47842,51.75292],[19.48389,51.75429],[19.48436,51.75352],[19.48454,51.75336],[19.48586,51.75131],[19.48609,51.75129],[19.48783,51.75154],[19.48836,51.75162],[19.4888,51.75165],[19.48935,51.75167],[19.48933,51.74999],[19.48933,51.74939],[19.48935,51.74913],[19.48946,51.74873],[19.48954,51.74833],[19.48976,51.74765],[19.49251,51.74795],[19.49327,51.74803],[19.49472,51.74317],[19.49524,51.74142],[19.49533,51.74038],[19.49532,51.7397],[19.49435,51.73563],[19.49434,51.73552],[19.49421,51.73499],[19.4941,51.73453],[19.49401,51.73419],[19.49392,51.73402],[19.49393,51.73373],[19.49382,51.73337],[19.49377,51.73325],[19.49376,51.73317],[19.49372,51.73299],[19.49393,51.73289],[19.49407,51.73281],[19.49421,51.73266],[19.4944,51.73256],[19.49447,51.73255],[19.49453,51.73253],[19.49465,51.7325],[19.49486,51.73248],[19.49524,51.73243],[19.49592,51.73235],[19.49649,51.73229],[19.49654,51.73229],[19.49691,51.73227],[19.49701,51.73227],[19.49707,51.73227],[19.4971,51.73227],[19.49818,51.73229],[19.49834,51.73229],[19.49916,51.73229],[19.49986,51.73229],[19.5005,51.73227],[19.50059,51.73227],[19.50189,51.73229],[19.50301,51.73238],[19.50319,51.73239],[19.50338,51.73238],[19.50383,51.73232],[19.50394,51.73232],[19.50456,51.73229],[19.50481,51.7337],[19.50491,51.73426],[19.505,51.73473],[19.505,51.73482],[19.50515,51.73563],[19.50517,51.73572],[19.50519,51.73582],[19.50519,51.73597],[19.50525,51.73597],[19.50628,51.73589],[19.50982,51.7353],[19.51014,51.7356],[19.51035,51.73615],[19.51022,51.73643],[19.51015,51.73658],[19.50964,51.7366]]},"properties":{"line":"55A","dir":"0","mode":"bus"}},{"type":"Feature","geometry":{"type":"LineString","coordinates":[[19.50744,51.73633],[19.50561,51.73617],[19.50524,51.7362],[19.50519,51.73608],[19.50517,51.73599],[19.50466,51.73285],[19.50444,51.73284],[19.50303,51.73241],[19.502,51.73232],[19.50104,51.73232],[19.50046,51.7323],[19.49533,51.73952],[19.49541,51.73993],[19.49538,51.74084],[19.4952,51.74179],[19.49459,51.74384],[19.49327,51.74807],[19.49006,51.74771],[19.48987,51.7478],[19.48976,51.74799],[19.48938,51.74921],[19.4894,51.75049],[19.48942,51.75143],[19.48937,51.75178],[19.48911,51.7518],[19.48845,51.75174],[19.48586,51.75131],[19.4858,51.75164],[19.48527,51.75226],[19.48486,51.75299],[19.48395,51.75435],[19.48358,51.75424],[19.48284,51.75407],[19.48284,51.75413],[19.4788,51.75307],[19.47342,51.75167],[19.47204,51.75131],[19.47178,51.75134],[19.47167,51.75126],[19.46474,51.74956],[19.46405,51.74933],[19.4639,51.75022],[19.46378,51.75074],[19.46376,51.75088],[19.46376,51.75102],[19.46378,51.75112],[19.4638,51.75121],[19.46383,51.75129],[19.46384,51.75137],[19.4639,51.75152],[19.46474,51.75172],[19.46446,51.75271],[19.46445,51.75278],[19.46444,51.75283],[19.46437,51.75315],[19.46188,51.75295],[19.46034,51.75283],[19.45648,51.75249],[19.45621,51.75246],[19.45129,51.75206],[19.44931,51.75186],[19.45102,51.74418],[19.45117,51.74375],[19.45137,51.74303],[19.45222,51.73909],[19.4523,51.7389],[19.45254,51.73794],[19.45251,51.7364],[19.45177,51.7364],[19.4495,51.73641],[19.44935,51.73645],[19.44866,51.7365],[19.44751,51.73652],[19.44654,51.73652],[19.4407,51.73652],[19.43955,51.7365],[19.438,51.73655],[19.43527,51.73674],[19.43452,51.7368],[19.43424,51.73685],[19.43424,51.7369],[19.43418,51.73695],[19.4341,51.73698],[19.43396,51.73698],[19.43387,51.73695],[19.43384,51.7369],[19.43371,51.73687],[19.43331,51.73685],[19.43078,51.73702],[19.42756,51.73721],[19.4267,51.73729],[19.42355,51.73829],[19.42197,51.7389],[19.42175,51.73901],[19.42156,51.73915],[19.42158,51.7392],[19.42157,51.73926],[19.42152,51.73933],[19.42155,51.7397],[19.42185,51.74094],[19.42224,51.74239],[19.4223,51.74264],[19.4222,51.7428],[19.42207,51.74295],[19.42107,51.74426],[19.42067,51.74479],[19.42015,51.74562],[19.41958,51.74665],[19.41892,51.74819],[19.41869,51.7483],[19.41829,51.74827],[19.41928,51.74602],[19.41931,51.74586],[19.41931,51.74572],[19.41921,51.74559],[19.41799,51.74482],[19.41696,51.7443],[19.41594,51.74402],[19.41525,51.74375],[19.41473,51.74348],[19.4141,51.7431],[19.41052,51.74198],[19.40954,51.7418],[19.408,51.74162],[19.40643,51.74149],[19.40534,51.74123],[19.40524,51.74168],[19.40542,51.74205],[19.40558,51.74319],[19.40561,51.74412],[19.40566,51.74583],[19.40571,51.74637],[19.40575,51.74662],[19.40575,51.74665],[19.40578,51.74673],[19.40584,51.747],[19.40597,51.74731],[19.40613,51.74761],[19.40631,51.74788],[19.40644,51.74806],[19.4065,51.74817],[19.40658,51.74829],[19.4069,51.7486],[19.40724,51.74895],[19.40745,51.74898],[19.40816,51.74958],[19.4091,51.75044],[19.40979,51.75118],[19.40971,51.75121],[19.40942,51.75134],[19.40924,51.75148],[19.40862,51.75208],[19.40853,51.75216],[19.40838,51.75223],[19.4082,51.75229],[19.40534,51.75256],[19.40283,51.75278],[19.40249,51.75279],[19.40205,51.75277],[19.40167,51.75272],[19.40036,51.75236],[19.39914,51.75203],[19.39893,51.75196],[19.398,51.75174],[19.3961,51.75121],[19.39464,51.75083],[19.3941,51.75067],[19.39389,51.75068],[19.39333,51.75048],[19.39179,51.75004],[19.39139,51.74994],[19.39134,51.74995],[19.39134,51.74992],[19.38651,51.7486],[19.38572,51.74833],[19.38485,51.74797],[19.38444,51.7478],[19.38423,51.74788],[19.38409,51.74795],[19.38379,51.74795],[19.38332,51.74786]]},"properties":{"line":"55A","dir":"1","mode":"bus"}},{"type":"Feature","geometry":{"type":"LineString","coordinates":[[19.38328,51.74743],[19.3834,51.74735],[19.38364,51.74745],[19.38596,51.74838],[19.39119,51.74984],[19.39229,51.75013],[19.39237,51.75019],[19.39378,51.7506],[19.39397,51.75064],[19.39425,51.75067],[19.39464,51.75083],[19.39614,51.75121],[19.39708,51.75146],[19.39893,51.75196],[19.39961,51.75215],[19.39989,51.75223],[19.40014,51.75226],[19.40036,51.75235],[19.40082,51.75249],[19.40106,51.75254],[19.40162,51.7527],[19.40173,51.75272],[19.40187,51.75274],[19.40208,51.75277],[19.40232,51.75278],[19.40251,51.75278],[19.40265,51.75278],[19.40278,51.75277],[19.40284,51.75277],[19.40341,51.75272],[19.40443,51.75261],[19.40538,51.75254],[19.40546,51.75253],[19.40787,51.75229],[19.40825,51.75224],[19.40857,51.75205],[19.4089,51.75175],[19.40928,51.75137],[19.40959,51.75119],[19.40979,51.75118],[19.40963,51.75102],[19.40908,51.75045],[19.40824,51.74974],[19.40777,51.7494],[19.40687,51.74874],[19.4065,51.74841],[19.40609,51.74792],[19.4059,51.74763],[19.40558,51.74682],[19.40546,51.74459],[19.40537,51.74342],[19.40516,51.74222],[19.40505,51.74161],[19.4052,51.7412],[19.40637,51.74132],[19.4065,51.7414],[19.40693,51.74144],[19.40791,51.74158],[19.40813,51.7416],[19.40916,51.7417],[19.40965,51.7418],[19.40994,51.74185],[19.41374,51.74288],[19.41525,51.74373],[19.41581,51.74393],[19.41676,51.7442],[19.41714,51.74436],[19.41876,51.74523],[19.41928,51.74539],[19.41998,51.74557],[19.42007,51.74572],[19.41968,51.74647],[19.4194,51.74707],[19.41892,51.74821],[19.41878,51.74828],[19.41865,51.7483],[19.41831,51.74828],[19.41923,51.74607],[19.4194,51.74586],[19.4201,51.74513],[19.42043,51.74473],[19.42083,51.7442],[19.42123,51.74352],[19.42136,51.74309],[19.4216,51.74048],[19.42155,51.74012],[19.42144,51.73953],[19.42138,51.73936],[19.42129,51.7393],[19.42124,51.73923],[19.42126,51.73915],[19.42138,51.73909],[19.42157,51.73907],[19.42172,51.73896],[19.4233,51.73834],[19.42444,51.73796],[19.4263,51.73737],[19.42936,51.73705],[19.43096,51.73698],[19.43223,51.73689],[19.43315,51.73683],[19.43381,51.73679],[19.43389,51.73675],[19.43399,51.73671],[19.43413,51.73672],[19.43419,51.73675],[19.4345,51.73663],[19.43465,51.7366],[19.43487,51.73657],[19.43515,51.73653],[19.4354,51.73651],[19.43565,51.73647],[19.43593,51.73644],[19.43626,51.73644],[19.43657,51.73644],[19.43675,51.73644],[19.43724,51.73642],[19.43743,51.73642],[19.4379,51.73642],[19.43877,51.7364],[19.43982,51.7364],[19.44072,51.73639],[19.44095,51.7364],[19.44203,51.7364],[19.44231,51.7364],[19.44273,51.73639],[19.44385,51.7364],[19.44936,51.73637],[19.44966,51.73639],[19.45297,51.73639],[19.45291,51.73689],[19.45285,51.73714],[19.45279,51.73821],[19.45258,51.73969],[19.45238,51.74024],[19.45226,51.74065],[19.45156,51.74363],[19.45123,51.74506],[19.44998,51.75079],[19.45003,51.75109],[19.4499,51.75128],[19.44976,51.75191],[19.45136,51.75203],[19.45177,51.75207],[19.45288,51.75216],[19.45313,51.75218],[19.45467,51.75229],[19.45503,51.75229],[19.45535,51.75236],[19.45554,51.75238],[19.45597,51.75242],[19.45711,51.75252],[19.45742,51.75254],[19.45748,51.75254],[19.45995,51.75274],[19.45998,51.75274],[19.46001,51.75274],[19.46033,51.75277],[19.46106,51.75281],[19.46188,51.7529],[19.46437,51.75315],[19.46445,51.75278],[19.46472,51.7517],[19.4639,51.75149],[19.46384,51.75137],[19.46383,51.75129],[19.4638,51.75121],[19.46378,51.75112],[19.46376,51.75102],[19.46376,51.75088],[19.46378,51.75074],[19.4638,51.75047],[19.46384,51.75038],[19.46388,51.75022],[19.46393,51.75003],[19.46405,51.74933],[19.46849,51.7504],[19.47175,51.75126],[19.47229,51.75131],[19.47267,51.75148],[19.47842,51.75292],[19.48389,51.75429],[19.48436,51.75352],[19.48454,51.75336],[19.48586,51.75131],[19.48609,51.75129],[19.48783,51.75154],[19.48836,51.75162],[19.4888,51.75165],[19.48935,51.75167],[19.48933,51.74999],[19.48933,51.74939],[19.48935,51.74913],[19.48946,51.74873],[19.48954,51.74833],[19.48976,51.74765],[19.49251,51.74795],[19.49327,51.74803],[19.49472,51.74317],[19.49524,51.74142],[19.49533,51.74038],[19.49532,51.7397],[19.49435,51.73563],[19.49434,51.73552],[19.49421,51.73499],[19.4941,51.73453],[19.49401,51.73419],[19.49392,51.73402],[19.49393,51.73373],[19.49382,51.73337],[19.49377,51.73325],[19.49376,51.73317],[19.49372,51.73299],[19.49393,51.73289],[19.49407,51.73281],[19.49421,51.73266],[19.4944,51.73256],[19.49447,51.73255],[19.49453,51.73253],[19.49465,51.7325],[19.49486,51.73248],[19.49524,51.73243],[19.49592,51.73235],[19.49649,51.73229],[19.49654,51.73229],[19.49691,51.73227],[19.49701,51.73227],[19.49707,51.73227],[19.4971,51.73227],[19.49818,51.73229],[19.49834,51.73229],[19.49916,51.73229],[19.49986,51.73229],[19.5005,51.73227],[19.50059,51.73227],[19.50189,51.73229],[19.50301,51.73238],[19.50319,51.73239],[19.50338,51.73238],[19.50383,51.73232],[19.50394,51.73232],[19.50456,51.73229],[19.50481,51.7337],[19.50491,51.73426],[19.505,51.73473],[19.50508,51.735],[19.50519,51.73599],[19.50709,51.73581],[19.50793,51.73572],[19.50889,51.73572],[19.51201,51.73572],[19.51226,51.73572],[19.51248,51.73572],[19.51278,51.7357],[19.51301,51.73568],[19.51345,51.73563],[19.5141,51.73559],[19.51522,51.73551],[19.5157,51.73546],[19.51582,51.73546],[19.51998,51.73514],[19.52189,51.73496],[19.52218,51.73486],[19.52448,51.73479],[19.52437,51.73603],[19.52449,51.73651],[19.52432,51.73693],[19.52432,51.73747],[19.52431,51.73863],[19.52431,51.73937],[19.52419,51.73985],[19.52413,51.74008],[19.52415,51.74032]]},"properties":{"line":"55B","dir":"0","mode":"bus"}},{"type":"Feature","geometry":{"type":"LineString","coordinates":[[19.52235,51.7461],[19.52272,51.74516],[19.5228,51.745],[19.52299,51.7443],[19.52299,51.74429],[19.523,51.74426],[19.52301,51.7442],[19.52365,51.74187],[19.52398,51.74059],[19.52413,51.74008],[19.52414,51.74],[19.52413,51.73998],[19.52413,51.74],[19.52432,51.73876],[19.5243,51.73732],[19.52429,51.73728],[19.52432,51.73693],[19.52433,51.73603],[19.52427,51.73587],[19.52421,51.7357],[19.52415,51.73554],[19.52408,51.73532],[19.52405,51.73524],[19.52405,51.73519],[19.52405,51.73517],[19.52409,51.73508],[19.52352,51.73509],[19.52329,51.73513],[19.52317,51.73513],[19.52192,51.73522],[19.52095,51.73527],[19.51839,51.7355],[19.51719,51.73559],[19.51624,51.73568],[19.51586,51.7357],[19.51583,51.73572],[19.51211,51.73597],[19.51118,51.73608],[19.51043,51.73611],[19.51006,51.73613],[19.50976,51.73615],[19.50944,51.73617],[19.50916,51.73617],[19.50875,51.7362],[19.50832,51.7362],[19.50621,51.7362],[19.50561,51.73617],[19.50524,51.73621],[19.50518,51.73612],[19.50518,51.73608],[19.50517,51.73599],[19.50509,51.73534],[19.50466,51.73285],[19.50444,51.73284],[19.50303,51.73241],[19.502,51.73232],[19.50104,51.73232],[19.50046,51.7323],[19.49533,51.73952],[19.49541,51.73993],[19.49538,51.74084],[19.4952,51.74179],[19.49459,51.74384],[19.49327,51.74807],[19.49006,51.74771],[19.48987,51.7478],[19.48976,51.74799],[19.48938,51.74921],[19.4894,51.75049],[19.48942,51.75143],[19.48937,51.75178],[19.48911,51.7518],[19.48845,51.75174],[19.48586,51.75131],[19.4858,51.75164],[19.48527,51.75226],[19.48486,51.75299],[19.48395,51.75435],[19.48358,51.75424],[19.48284,51.75407],[19.48284,51.75413],[19.4788,51.75307],[19.47342,51.75167],[19.47204,51.75131],[19.47178,51.75134],[19.47167,51.75126],[19.46474,51.74956],[19.46405,51.74933],[19.4639,51.75022],[19.46378,51.75074],[19.46376,51.75088],[19.46376,51.75102],[19.46378,51.75112],[19.4638,51.75121],[19.46383,51.75129],[19.46384,51.75137],[19.4639,51.75152],[19.46474,51.75172],[19.46446,51.75271],[19.46445,51.75278],[19.46444,51.75283],[19.46437,51.75315],[19.46188,51.75295],[19.46034,51.75283],[19.45648,51.75249],[19.45621,51.75246],[19.45129,51.75206],[19.44931,51.75186],[19.45102,51.74418],[19.45117,51.74375],[19.45137,51.74303],[19.45222,51.73909],[19.4523,51.7389],[19.45254,51.73794],[19.45251,51.7364],[19.45177,51.7364],[19.4495,51.73641],[19.44935,51.73645],[19.44866,51.7365],[19.44751,51.73652],[19.44654,51.73652],[19.4407,51.73652],[19.43955,51.7365],[19.438,51.73655],[19.43527,51.73674],[19.43452,51.7368],[19.43424,51.73685],[19.43424,51.7369],[19.43418,51.73695],[19.4341,51.73698],[19.43396,51.73698],[19.43387,51.73695],[19.43384,51.7369],[19.43371,51.73687],[19.43331,51.73685],[19.43078,51.73702],[19.42756,51.73721],[19.4267,51.73729],[19.42355,51.73829],[19.42197,51.7389],[19.42175,51.73901],[19.42156,51.73915],[19.42158,51.7392],[19.42157,51.73926],[19.42152,51.73933],[19.42155,51.7397],[19.42185,51.74094],[19.42224,51.74239],[19.4223,51.74264],[19.4222,51.7428],[19.42207,51.74295],[19.42107,51.74426],[19.42067,51.74479],[19.42015,51.74562],[19.41958,51.74665],[19.41892,51.74819],[19.41869,51.7483],[19.41829,51.74827],[19.41928,51.74602],[19.41931,51.74586],[19.41931,51.74572],[19.41921,51.74559],[19.41799,51.74482],[19.41696,51.7443],[19.41594,51.74402],[19.41525,51.74375],[19.41473,51.74348],[19.4141,51.7431],[19.41052,51.74198],[19.40954,51.7418],[19.408,51.74162],[19.40643,51.74149],[19.40534,51.74123],[19.40524,51.74168],[19.40542,51.74205],[19.40558,51.74319],[19.40561,51.74412],[19.40566,51.74583],[19.40571,51.74637],[19.40575,51.74662],[19.40575,51.74665],[19.40578,51.74673],[19.40584,51.747],[19.40597,51.74731],[19.40613,51.74761],[19.40631,51.74788],[19.40644,51.74806],[19.4065,51.74817],[19.40658,51.74829],[19.4069,51.7486],[19.40724,51.74895],[19.40745,51.74898],[19.40816,51.74958],[19.4091,51.75044],[19.40979,51.75118],[19.40971,51.75121],[19.40942,51.75134],[19.40924,51.75148],[19.40862,51.75208],[19.40853,51.75216],[19.40838,51.75223],[19.4082,51.75229],[19.40534,51.75256],[19.40283,51.75278],[19.40249,51.75279],[19.40205,51.75277],[19.40167,51.75272],[19.40036,51.75236],[19.39914,51.75203],[19.39893,51.75196],[19.398,51.75174],[19.3961,51.75121],[19.39464,51.75083],[19.3941,51.75067],[19.39389,51.75068],[19.39333,51.75048],[19.39179,51.75004],[19.39139,51.74994],[19.39134,51.74995],[19.39134,51.74992],[19.38651,51.7486],[19.38572,51.74833],[19.38485,51.74797],[19.38444,51.7478],[19.38423,51.74788],[19.38409,51.74795],[19.38379,51.74795],[19.38332,51.74786]]},"properties":{"line":"55B","dir":"1","mode":"bus"}},{"type":"Feature","geometry":{"type":"LineString","coordinates":[[19.38328,51.74743],[19.3834,51.74735],[19.38364,51.74745],[19.38596,51.74838],[19.39119,51.74984],[19.39229,51.75013],[19.39237,51.75019],[19.39378,51.7506],[19.39397,51.75064],[19.39425,51.75067],[19.39464,51.75083],[19.39614,51.75121],[19.39708,51.75146],[19.39893,51.75196],[19.39961,51.75215],[19.39989,51.75223],[19.40014,51.75226],[19.40036,51.75235],[19.40082,51.75249],[19.40106,51.75254],[19.40162,51.7527],[19.40173,51.75272],[19.40187,51.75274],[19.40208,51.75277],[19.40232,51.75278],[19.40251,51.75278],[19.40265,51.75278],[19.40278,51.75277],[19.40284,51.75277],[19.40341,51.75272],[19.40443,51.75261],[19.40538,51.75254],[19.40546,51.75253],[19.40787,51.75229],[19.40825,51.75224],[19.40857,51.75205],[19.4089,51.75175],[19.40928,51.75137],[19.40959,51.75119],[19.40979,51.75118],[19.40963,51.75102],[19.40908,51.75045],[19.40824,51.74974],[19.40777,51.7494],[19.40687,51.74874],[19.4065,51.74841],[19.40609,51.74792],[19.4059,51.74763],[19.40558,51.74682],[19.40546,51.74459],[19.40537,51.74342],[19.40516,51.74222],[19.40505,51.74161],[19.4052,51.7412],[19.40637,51.74132],[19.4065,51.7414],[19.40693,51.74144],[19.40791,51.74158],[19.40813,51.7416],[19.40916,51.7417],[19.40965,51.7418],[19.40994,51.74185],[19.41374,51.74288],[19.41525,51.74373],[19.41581,51.74393],[19.41676,51.7442],[19.41714,51.74436],[19.41876,51.74523],[19.41928,51.74539],[19.41998,51.74557],[19.42007,51.74572],[19.41968,51.74647],[19.4194,51.74707],[19.41892,51.74821],[19.41878,51.74828],[19.41865,51.7483],[19.41831,51.74828],[19.41923,51.74607],[19.4194,51.74586],[19.4201,51.74513],[19.42043,51.74473],[19.42083,51.7442],[19.42123,51.74352],[19.42136,51.74309],[19.4216,51.74048],[19.42155,51.74012],[19.42144,51.73953],[19.42138,51.73936],[19.42129,51.7393],[19.42124,51.73923],[19.42126,51.73915],[19.42138,51.73909],[19.42157,51.73907],[19.42172,51.73896],[19.4233,51.73834],[19.42444,51.73796],[19.4263,51.73737],[19.42936,51.73705],[19.43096,51.73698],[19.43223,51.73689],[19.43315,51.73683],[19.43381,51.73679],[19.43389,51.73675],[19.43399,51.73671],[19.43413,51.73672],[19.43419,51.73675],[19.4345,51.73663],[19.43465,51.7366],[19.43487,51.73657],[19.43515,51.73653],[19.4354,51.73651],[19.43565,51.73647],[19.43593,51.73644],[19.43626,51.73644],[19.43657,51.73644],[19.43675,51.73644],[19.43724,51.73642],[19.43743,51.73642],[19.4379,51.73642],[19.43877,51.7364],[19.43982,51.7364],[19.44072,51.73639],[19.44095,51.7364],[19.44203,51.7364],[19.44231,51.7364],[19.44273,51.73639],[19.44385,51.7364],[19.44936,51.73637],[19.44966,51.73639],[19.45297,51.73639],[19.45291,51.73689],[19.45285,51.73714],[19.45279,51.73821],[19.45258,51.73969],[19.45238,51.74024],[19.45226,51.74065],[19.45156,51.74363],[19.45123,51.74506],[19.44998,51.75079],[19.45003,51.75109],[19.4499,51.75128],[19.44976,51.75191],[19.45136,51.75203],[19.45177,51.75207],[19.45288,51.75216],[19.45313,51.75218],[19.45467,51.75229],[19.45503,51.75229],[19.45535,51.75236],[19.45554,51.75238],[19.45597,51.75242],[19.45711,51.75252],[19.45742,51.75254],[19.45748,51.75254],[19.45995,51.75274],[19.45998,51.75274],[19.46001,51.75274],[19.46033,51.75277],[19.46106,51.75281],[19.46188,51.7529],[19.46437,51.75315],[19.46445,51.75278],[19.46472,51.7517],[19.4639,51.75149],[19.46384,51.75137],[19.46383,51.75129],[19.4638,51.75121],[19.46378,51.75112],[19.46376,51.75102],[19.46376,51.75088],[19.46378,51.75074],[19.4638,51.75047],[19.46384,51.75038],[19.46388,51.75022],[19.46393,51.75003],[19.46405,51.74933],[19.46849,51.7504],[19.47175,51.75126],[19.47229,51.75131],[19.47267,51.75148],[19.47842,51.75292],[19.48389,51.75429],[19.48436,51.75352],[19.48454,51.75336],[19.48586,51.75131],[19.48609,51.75129],[19.48783,51.75154],[19.48836,51.75162],[19.4888,51.75165],[19.48935,51.75167],[19.48933,51.74999],[19.48933,51.74939],[19.48935,51.74913],[19.48946,51.74873],[19.48954,51.74833],[19.48976,51.74765],[19.49251,51.74795],[19.49327,51.74803],[19.49472,51.74317],[19.49524,51.74142],[19.49533,51.74038],[19.49532,51.7397],[19.49435,51.73563],[19.49434,51.73552],[19.49421,51.73499],[19.4941,51.73453],[19.49401,51.73419],[19.49392,51.73402],[19.49393,51.73373],[19.49382,51.73337],[19.49377,51.73325],[19.49376,51.73317],[19.49372,51.73299],[19.49393,51.73289],[19.49407,51.73281],[19.49421,51.73266],[19.4944,51.73256],[19.49447,51.73255],[19.49453,51.73253],[19.49465,51.7325],[19.49486,51.73248],[19.49524,51.73243],[19.49592,51.73235],[19.49649,51.73229],[19.49654,51.73229],[19.49691,51.73227],[19.49701,51.73227],[19.49707,51.73227],[19.4971,51.73227],[19.49818,51.73229],[19.49834,51.73229],[19.49916,51.73229],[19.49986,51.73229],[19.5005,51.73227],[19.50059,51.73227],[19.50189,51.73229],[19.50301,51.73238],[19.50319,51.73239],[19.50338,51.73238],[19.50383,51.73232],[19.50394,51.73232],[19.50456,51.73229],[19.50481,51.7337],[19.50491,51.73426],[19.505,51.73473],[19.50508,51.735],[19.50519,51.73599],[19.50709,51.73581],[19.50793,51.73572],[19.50889,51.73572],[19.51032,51.73572],[19.51068,51.73572],[19.5109,51.73573],[19.51113,51.73573],[19.51179,51.73572],[19.51201,51.73572],[19.51226,51.73572],[19.51248,51.73572],[19.51278,51.7357],[19.51301,51.73568],[19.51345,51.73563],[19.5141,51.73559],[19.51523,51.73551],[19.51499,51.73463],[19.51326,51.73471],[19.51314,51.73462],[19.51208,51.73025],[19.51195,51.72931],[19.5179,51.72881],[19.52077,51.72865],[19.52354,51.72878],[19.52401,51.72901]]},"properties":{"line":"55C","dir":"0","mode":"bus"}},{"type":"Feature","geometry":{"type":"LineString","coordinates":[[19.52414,51.73207],[19.52414,51.7334],[19.5241,51.73359],[19.52416,51.73398],[19.52428,51.73419],[19.52431,51.73427],[19.52444,51.73439],[19.52451,51.73463],[19.52442,51.73503],[19.52192,51.73522],[19.52095,51.73527],[19.51839,51.7355],[19.51719,51.73559],[19.51624,51.73568],[19.51586,51.7357],[19.51583,51.73572],[19.51211,51.73597],[19.51118,51.73608],[19.51043,51.73611],[19.51006,51.73613],[19.50976,51.73615],[19.50944,51.73617],[19.50916,51.73617],[19.50875,51.7362],[19.50832,51.7362],[19.50621,51.7362],[19.50561,51.73617],[19.50524,51.73621],[19.50518,51.73612],[19.50518,51.73608],[19.50517,51.73599],[19.50509,51.73534],[19.50466,51.73285],[19.50444,51.73284],[19.50303,51.73241],[19.502,51.73232],[19.50104,51.73232],[19.50046,51.7323],[19.49533,51.73952],[19.49541,51.73993],[19.49538,51.74084],[19.4952,51.74179],[19.49459,51.74384],[19.49327,51.74807],[19.49006,51.74771],[19.48987,51.7478],[19.48976,51.74799],[19.48938,51.74921],[19.4894,51.75049],[19.48942,51.75143],[19.48937,51.75178],[19.48911,51.7518],[19.48845,51.75174],[19.48586,51.75131],[19.4858,51.75164],[19.48527,51.75226],[19.48486,51.75299],[19.48395,51.75435],[19.48358,51.75424],[19.48284,51.75407],[19.48284,51.75413],[19.4788,51.75307],[19.47342,51.75167],[19.47204,51.75131],[19.47178,51.75134],[19.47167,51.75126],[19.46474,51.74956],[19.46405,51.74933],[19.4639,51.75022],[19.46378,51.75074],[19.46376,51.75088],[19.46376,51.75102],[19.46378,51.75112],[19.4638,51.75121],[19.46383,51.75129],[19.46384,51.75137],[19.4639,51.75152],[19.46474,51.75172],[19.46446,51.75271],[19.46445,51.75278],[19.46444,51.75283],[19.46437,51.75315],[19.46188,51.75295],[19.46034,51.75283],[19.45648,51.75249],[19.45621,51.75246],[19.45129,51.75206],[19.44931,51.75186],[19.45102,51.74418],[19.45117,51.74375],[19.45137,51.74303],[19.45222,51.73909],[19.4523,51.7389],[19.45254,51.73794],[19.45251,51.7364],[19.45177,51.7364],[19.4495,51.73641],[19.44935,51.73645],[19.44866,51.7365],[19.44751,51.73652],[19.44654,51.73652],[19.4407,51.73652],[19.43955,51.7365],[19.438,51.73655],[19.43527,51.73674],[19.43452,51.7368],[19.43424,51.73685],[19.43424,51.7369],[19.43418,51.73695],[19.4341,51.73698],[19.43396,51.73698],[19.43387,51.73695],[19.43384,51.7369],[19.43371,51.73687],[19.43331,51.73685],[19.43078,51.73702],[19.42756,51.73721],[19.4267,51.73729],[19.42355,51.73829],[19.42197,51.7389],[19.42175,51.73901],[19.42156,51.73915],[19.42158,51.7392],[19.42157,51.73926],[19.42152,51.73933],[19.42155,51.7397],[19.42185,51.74094],[19.42224,51.74239],[19.4223,51.74264],[19.4222,51.7428],[19.42207,51.74295],[19.42107,51.74426],[19.42067,51.74479],[19.42015,51.74562],[19.41958,51.74665],[19.41892,51.74819],[19.41869,51.7483],[19.41829,51.74827],[19.41928,51.74602],[19.41931,51.74586],[19.41931,51.74572],[19.41921,51.74559],[19.41799,51.74482],[19.41696,51.7443],[19.41594,51.74402],[19.41525,51.74375],[19.41473,51.74348],[19.4141,51.7431],[19.41052,51.74198],[19.40954,51.7418],[19.408,51.74162],[19.40643,51.74149],[19.40534,51.74123],[19.40524,51.74168],[19.40542,51.74205],[19.40558,51.74319],[19.40561,51.74412],[19.40566,51.74583],[19.40571,51.74637],[19.40575,51.74662],[19.40575,51.74665],[19.40578,51.74673],[19.40584,51.747],[19.40597,51.74731],[19.40613,51.74761],[19.40631,51.74788],[19.40644,51.74806],[19.4065,51.74817],[19.40658,51.74829],[19.4069,51.7486],[19.40724,51.74895],[19.40745,51.74898],[19.40816,51.74958],[19.4091,51.75044],[19.40979,51.75118],[19.40971,51.75121],[19.40942,51.75134],[19.40924,51.75148],[19.40862,51.75208],[19.40853,51.75216],[19.40838,51.75223],[19.4082,51.75229],[19.40534,51.75256],[19.40283,51.75278],[19.40249,51.75279],[19.40205,51.75277],[19.40167,51.75272],[19.40036,51.75236],[19.39914,51.75203],[19.39893,51.75196],[19.398,51.75174],[19.3961,51.75121],[19.39464,51.75083],[19.3941,51.75067],[19.39389,51.75068],[19.39333,51.75048],[19.39179,51.75004],[19.39139,51.74994],[19.39134,51.74995],[19.39134,51.74992],[19.38651,51.7486],[19.38572,51.74833],[19.38485,51.74797],[19.38444,51.7478],[19.38423,51.74788],[19.38409,51.74795],[19.38379,51.74795],[19.38332,51.74786]]},"properties":{"line":"55C","dir":"1","mode":"bus"}},{"type":"Feature","geometry":{"type":"LineString","coordinates":[[19.46446,51.72619],[19.46455,51.7263],[19.4645,51.72639],[19.46484,51.72667],[19.46562,51.727],[19.47004,51.72866],[19.4709,51.72899],[19.474,51.73015],[19.4745,51.73028],[19.47479,51.73025],[19.47506,51.73016],[19.47626,51.72932],[19.47643,51.72915],[19.47651,51.7291],[19.47668,51.72898],[19.47797,51.72766],[19.47825,51.72737],[19.47835,51.72729],[19.47841,51.7272],[19.47869,51.72693],[19.47872,51.7269],[19.47994,51.7257],[19.4801,51.7255],[19.48021,51.72532],[19.48036,51.72514],[19.48058,51.72487],[19.48074,51.72471],[19.48082,51.72462],[19.48101,51.72444],[19.48117,51.72423],[19.48182,51.72361],[19.48284,51.72254],[19.48346,51.72158],[19.48393,51.72075],[19.48402,51.72048],[19.48425,51.7201],[19.48496,51.71784],[19.48505,51.71713],[19.48557,51.71575],[19.48626,51.71411],[19.48759,51.71172],[19.48783,51.711],[19.48795,51.71042],[19.4878,51.70972],[19.4867,51.70848],[19.48203,51.70339],[19.48151,51.70277],[19.48094,51.70204],[19.48034,51.7014],[19.48,51.70098],[19.47982,51.70076],[19.47963,51.70042],[19.47952,51.70015],[19.47943,51.69989],[19.47936,51.69963],[19.47919,51.69936],[19.47912,51.69886],[19.47908,51.69871],[19.4789,51.69873],[19.47854,51.69703],[19.47725,51.69133],[19.47676,51.69097],[19.47707,51.69047],[19.47622,51.68583],[19.47627,51.68231],[19.47591,51.67732],[19.47518,51.67698],[19.47444,51.67631],[19.47382,51.67597],[19.47724,51.6737],[19.4756,51.67272],[19.47606,51.67763],[19.47649,51.6828],[19.47692,51.68295],[19.49029,51.66218],[19.49098,51.66126],[19.4922,51.66],[19.49237,51.65977],[19.49257,51.65942],[19.49269,51.65903],[19.49292,51.65686],[19.49299,51.65644],[19.49308,51.65572],[19.49317,51.65445],[19.49325,51.65368],[19.49335,51.65246],[19.49344,51.6513],[19.49346,51.65099],[19.49354,51.65028],[19.49364,51.64947],[19.49374,51.64847],[19.49383,51.64774],[19.49394,51.64659],[19.49393,51.64653],[19.49396,51.64647],[19.49402,51.64597],[19.49415,51.64497],[19.49421,51.64426],[19.49421,51.64412],[19.49415,51.64393],[19.49411,51.64381],[19.49406,51.64373],[19.49396,51.64363],[19.49361,51.64348],[19.493,51.64322],[19.49278,51.64341],[19.49272,51.64352],[19.49264,51.64382],[19.49259,51.64406],[19.49246,51.64421],[19.49199,51.64463],[19.49181,51.64474],[19.49157,51.64483],[19.49123,51.64485],[19.4879,51.64475],[19.48648,51.64471],[19.48643,51.64531],[19.48619,51.64542],[19.48616,51.64609]]},"properties":{"line":"56","dir":"0","mode":"bus"}},{"type":"Feature","geometry":{"type":"LineString","coordinates":[[19.48651,51.64611],[19.48709,51.64613],[19.48725,51.64476],[19.4911,51.64485],[19.49155,51.64484],[19.49187,51.64474],[19.49258,51.64409],[19.49271,51.64347],[19.49307,51.64314],[19.4941,51.64357],[19.49424,51.64371],[19.49427,51.64399],[19.49394,51.64707],[19.49392,51.64724],[19.49344,51.65154],[19.49402,51.65157],[19.49406,51.65178],[19.49398,51.65198],[19.4934,51.65196],[19.49334,51.65298],[19.49327,51.65368],[19.49308,51.65572],[19.49273,51.65899],[19.49205,51.66021],[19.49112,51.6612],[19.49046,51.66208],[19.48994,51.66266],[19.48935,51.66335],[19.48889,51.66389],[19.48872,51.66417],[19.48867,51.66432],[19.48855,51.66468],[19.48835,51.66538],[19.48819,51.66577],[19.48805,51.66624],[19.48797,51.66645],[19.4879,51.66658],[19.48773,51.66685],[19.48755,51.66702],[19.4875,51.66712],[19.48748,51.66716],[19.48748,51.66721],[19.48745,51.66723],[19.48741,51.66728],[19.48735,51.6673],[19.48725,51.6673],[19.48713,51.66728],[19.48705,51.66727],[19.48697,51.66728],[19.48689,51.6673],[19.48671,51.66738],[19.48641,51.66759],[19.48575,51.66802],[19.48424,51.66901],[19.48166,51.67078],[19.47703,51.6738],[19.47651,51.6741],[19.47581,51.67447],[19.47656,51.68318],[19.47646,51.68644],[19.47728,51.69049],[19.47819,51.69427],[19.4791,51.69788],[19.47969,51.69964],[19.4812,51.70199],[19.48342,51.70452],[19.48376,51.70467],[19.48772,51.7088],[19.48788,51.70899],[19.48801,51.70918],[19.48808,51.70929],[19.48814,51.7094],[19.48826,51.70965],[19.48835,51.71003],[19.48838,51.71025],[19.48838,51.71036],[19.48838,51.71046],[19.48836,51.71063],[19.48834,51.71077],[19.4883,51.71089],[19.48826,51.71099],[19.4882,51.71109],[19.48811,51.71128],[19.48783,51.71181],[19.48707,51.71334],[19.48698,51.71351],[19.48695,51.7136],[19.48685,51.71377],[19.4867,51.71404],[19.48682,51.71406],[19.48611,51.71521],[19.48562,51.71639],[19.4852,51.71796],[19.48486,51.7192],[19.48459,51.72011],[19.48454,51.72023],[19.4845,51.72032],[19.48434,51.72064],[19.48425,51.72075],[19.48403,51.72113],[19.48401,51.72122],[19.48401,51.72124],[19.48379,51.72147],[19.48342,51.72208],[19.48327,51.72234],[19.48309,51.7226],[19.48289,51.72282],[19.48265,51.72307],[19.48257,51.72315],[19.48196,51.72378],[19.48158,51.72415],[19.48107,51.7247],[19.48098,51.7248],[19.48093,51.72485],[19.48103,51.72489],[19.48087,51.72493],[19.48054,51.72532],[19.48047,51.72543],[19.48031,51.72557],[19.48017,51.72575],[19.47965,51.72627],[19.47909,51.72683],[19.47904,51.72689],[19.47872,51.7272],[19.47863,51.72728],[19.47835,51.72757],[19.47682,51.72908],[19.47675,51.72916],[19.4765,51.72936],[19.4759,51.7298],[19.4754,51.73023],[19.47525,51.73034],[19.4751,51.7305],[19.47494,51.73061],[19.47488,51.73061],[19.47487,51.73061],[19.47474,51.73058],[19.47392,51.73029],[19.47384,51.73025],[19.47366,51.7302],[19.47145,51.72936],[19.47091,51.72917],[19.46989,51.72878],[19.46925,51.72863],[19.46507,51.727],[19.46437,51.72682],[19.46356,51.72678],[19.46324,51.72665],[19.4632,51.72643],[19.46337,51.72625],[19.46368,51.72609],[19.46415,51.72601],[19.46449,51.72607]]},"properties":{"line":"56","dir":"1","mode":"bus"}},{"type":"Feature","geometry":{"type":"LineString","coordinates":[[19.46449,51.72619],[19.4645,51.72642],[19.46443,51.72656],[19.46427,51.72671],[19.46403,51.72681],[19.46321,51.72678],[19.46226,51.72694],[19.46224,51.72694],[19.46211,51.72698],[19.46193,51.72703],[19.46171,51.72709],[19.46154,51.72712],[19.4613,51.7272],[19.46102,51.72734],[19.45897,51.72835],[19.45807,51.72881],[19.45702,51.72942],[19.45623,51.72977],[19.45554,51.73012],[19.45526,51.73025],[19.45493,51.73043],[19.45461,51.73061],[19.45447,51.73068],[19.45439,51.73076],[19.45429,51.7308],[19.45423,51.73084],[19.45411,51.73088],[19.45401,51.73095],[19.4539,51.73102],[19.45385,51.73105],[19.45381,51.73106],[19.45376,51.73113],[19.45375,51.73115],[19.45373,51.73122],[19.45371,51.73128],[19.45369,51.73139],[19.45371,51.73142],[19.45371,51.73148],[19.45371,51.73149],[19.45371,51.73151],[19.45371,51.73155],[19.4537,51.73157],[19.4537,51.7316],[19.4538,51.73175],[19.45385,51.73183],[19.45398,51.73194],[19.45409,51.73205],[19.45419,51.73212],[19.45429,51.73205],[19.45924,51.73624],[19.45863,51.7388],[19.45774,51.74285],[19.45626,51.7495],[19.4557,51.75208],[19.45562,51.75211],[19.45557,51.75234],[19.45554,51.75238],[19.45597,51.75242],[19.45711,51.75252],[19.45742,51.75254],[19.45748,51.75254],[19.45995,51.75274],[19.45998,51.75274],[19.46001,51.75274],[19.46056,51.75279],[19.46057,51.75274],[19.46188,51.7529],[19.46437,51.75315],[19.46418,51.75396],[19.46415,51.75407],[19.46405,51.7545],[19.46416,51.75451],[19.46299,51.75974],[19.46228,51.76269],[19.46094,51.76908],[19.46443,51.76897],[19.46424,51.76939],[19.46435,51.76949],[19.46444,51.76953],[19.46684,51.77002],[19.467,51.77011],[19.46711,51.77018],[19.46721,51.77023],[19.46721,51.7703],[19.46715,51.77039],[19.4667,51.77145],[19.46695,51.77157],[19.46782,51.77165],[19.46943,51.77184],[19.46959,51.77194],[19.4696,51.77206],[19.46948,51.77232],[19.46904,51.77357],[19.46904,51.7739],[19.4693,51.77442],[19.46833,51.78007],[19.47689,51.78086],[19.47683,51.78126],[19.46797,51.7844],[19.46759,51.78462],[19.46772,51.78604],[19.46828,51.78621],[19.46878,51.78639],[19.46918,51.7865],[19.47913,51.78903],[19.47884,51.78987],[19.47872,51.79024],[19.47854,51.79084],[19.47844,51.79113],[19.47825,51.79178],[19.47829,51.79185],[19.47824,51.79208],[19.47824,51.79214],[19.47822,51.79223],[19.47821,51.79229],[19.4782,51.79229],[19.47816,51.79245],[19.47815,51.79248],[19.47822,51.79253],[19.47822,51.79253],[19.47807,51.79274],[19.47788,51.79347],[19.47778,51.79378],[19.47769,51.79401],[19.47763,51.79425],[19.4776,51.79432],[19.47762,51.79432],[19.47666,51.79567],[19.4772,51.80018],[19.46586,51.80071],[19.46568,51.79925],[19.46544,51.7968],[19.46542,51.79447],[19.46548,51.79298]]},"properties":{"line":"57","dir":"0","mode":"bus"}},{"type":"Feature","geometry":{"type":"LineString","coordinates":[[19.46608,51.79317],[19.46624,51.7932],[19.46631,51.79329],[19.46624,51.79335],[19.46613,51.79338],[19.46548,51.79298],[19.46549,51.79545],[19.46547,51.79639],[19.46559,51.79653],[19.46549,51.79665],[19.46585,51.80056],[19.46604,51.80054],[19.46697,51.8005],[19.46809,51.80045],[19.46922,51.80041],[19.47059,51.80035],[19.47188,51.8003],[19.4722,51.80028],[19.47497,51.80009],[19.47591,51.80009],[19.47635,51.80009],[19.47637,51.80009],[19.47642,51.80008],[19.47669,51.80007],[19.47698,51.80009],[19.47691,51.79985],[19.47688,51.7987],[19.47681,51.79798],[19.47668,51.79685],[19.47666,51.79666],[19.47659,51.79608],[19.47657,51.79599],[19.47656,51.79579],[19.47652,51.79575],[19.47656,51.79559],[19.47656,51.79545],[19.4766,51.79536],[19.47664,51.79527],[19.47669,51.79518],[19.47675,51.79509],[19.47741,51.79418],[19.47909,51.7891],[19.47225,51.78724],[19.47165,51.78708],[19.47037,51.78684],[19.46763,51.78614],[19.46756,51.78507],[19.46752,51.78479],[19.4675,51.78466],[19.46753,51.78457],[19.46773,51.78445],[19.46817,51.78428],[19.47683,51.78121],[19.47691,51.78086],[19.46818,51.78009],[19.46931,51.77473],[19.46924,51.77437],[19.46904,51.77393],[19.46897,51.77356],[19.46953,51.77184],[19.47096,51.77197],[19.47181,51.77203],[19.47239,51.77209],[19.47244,51.77207],[19.47247,51.77205],[19.47253,51.77198],[19.47262,51.77193],[19.47265,51.77191],[19.4726,51.77179],[19.47253,51.77161],[19.47254,51.77145],[19.47253,51.7712],[19.47258,51.77093],[19.47262,51.77064],[19.47266,51.7703],[19.47262,51.77024],[19.47257,51.77019],[19.47244,51.77015],[19.46897,51.77033],[19.46848,51.77035],[19.46812,51.77033],[19.46765,51.77028],[19.46745,51.77026],[19.46716,51.77021],[19.46703,51.77017],[19.46696,51.77009],[19.46683,51.77001],[19.46552,51.76978],[19.46527,51.76982],[19.46493,51.76982],[19.46432,51.76971],[19.46408,51.76961],[19.46443,51.76898],[19.46087,51.76908],[19.46161,51.76548],[19.46342,51.75716],[19.46415,51.75407],[19.46418,51.75396],[19.46437,51.75315],[19.45648,51.75249],[19.45629,51.7525],[19.45554,51.75238],[19.45592,51.74999],[19.45611,51.74958],[19.45699,51.74581],[19.4573,51.74408],[19.45912,51.7364],[19.45849,51.73585],[19.45447,51.73264],[19.45411,51.73247],[19.45334,51.73196],[19.45271,51.732],[19.45235,51.73178],[19.45224,51.73142],[19.45231,51.73106],[19.45266,51.7308],[19.45323,51.73088],[19.45362,51.73085],[19.4539,51.73074],[19.45442,51.73043],[19.46136,51.72694],[19.46304,51.72648],[19.46345,51.72621],[19.46378,51.72602],[19.46402,51.72602]]},"properties":{"line":"57","dir":"1","mode":"bus"}},{"type":"Feature","geometry":{"type":"LineString","coordinates":[[19.47141,51.77009],[19.47209,51.77007],[19.47277,51.77001],[19.4729,51.7701],[19.47297,51.77023],[19.47287,51.77035],[19.47278,51.7705],[19.4727,51.77073],[19.47265,51.77118],[19.47267,51.77149],[19.4728,51.77176],[19.47294,51.77197],[19.47312,51.77212],[19.47475,51.77229],[19.47516,51.77231],[19.47581,51.77235],[19.49449,51.77395],[19.49547,51.77413],[19.49598,51.77422],[19.49679,51.77454],[19.49742,51.77466],[19.49806,51.77435],[19.49851,51.77386],[19.49899,51.77167],[19.49923,51.77104],[19.49949,51.77089],[19.50303,51.77118],[19.50431,51.77137],[19.50513,51.77154],[19.50533,51.77155],[19.50547,51.77147],[19.5056,51.77148],[19.50566,51.77151],[19.50576,51.7716],[19.50603,51.77166],[19.50847,51.772],[19.50799,51.77378],[19.50829,51.77381],[19.50781,51.77562],[19.50925,51.77573],[19.50949,51.77585],[19.5097,51.77614],[19.51049,51.77603],[19.51159,51.77588],[19.5124,51.77566],[19.51282,51.77539],[19.51329,51.77521],[19.51375,51.77515],[19.5141,51.77561],[19.51437,51.77564],[19.52104,51.77494],[19.52142,51.77492],[19.52203,51.77545],[19.52243,51.77699],[19.52245,51.77718],[19.52257,51.77753],[19.52264,51.77771],[19.52268,51.77788],[19.52272,51.77804],[19.52278,51.77811],[19.52279,51.77814],[19.52279,51.77816],[19.52278,51.77819],[19.52278,51.7782],[19.52277,51.77821],[19.52273,51.77825],[19.52269,51.77825],[19.52262,51.7783],[19.52243,51.77835],[19.52201,51.77852],[19.52176,51.77862],[19.52168,51.77866],[19.52161,51.7787],[19.52161,51.77878],[19.52161,51.77883],[19.52173,51.77938],[19.52179,51.77938],[19.52189,51.78029],[19.52189,51.78038],[19.52197,51.78075],[19.52205,51.78118],[19.52208,51.78134],[19.52214,51.78174],[19.52221,51.78208],[19.52225,51.78232],[19.52236,51.78307],[19.52235,51.7832],[19.52567,51.78286],[19.52559,51.78244],[19.52588,51.78165],[19.52723,51.77893],[19.52743,51.77895],[19.52767,51.77888],[19.52797,51.77876],[19.52657,51.77442],[19.54376,51.77268],[19.54398,51.77399],[19.54398,51.77409],[19.54397,51.77419],[19.54364,51.77433],[19.54319,51.77411],[19.54392,51.77405],[19.54371,51.77265],[19.55322,51.77163],[19.56315,51.77062],[19.57096,51.77002],[19.57131,51.7702],[19.57283,51.76483],[19.57313,51.76337],[19.57342,51.76138],[19.57416,51.7593],[19.57637,51.7588],[19.57669,51.75834],[19.57723,51.75756],[19.57738,51.75695],[19.57969,51.75371],[19.57979,51.75345],[19.5797,51.75326],[19.57942,51.75314],[19.575,51.75395],[19.57434,51.75244],[19.57461,51.75238],[19.5746,51.75241],[19.57516,51.7523]]},"properties":{"line":"58A","dir":"0","mode":"bus"}},{"type":"Feature","geometry":{"type":"LineString","coordinates":[[19.57488,51.75181],[19.57477,51.75182],[19.57431,51.75191],[19.57501,51.7537],[19.57589,51.75343],[19.57619,51.75344],[19.57883,51.75297],[19.58205,51.75241],[19.58221,51.75238],[19.58229,51.75249],[19.58226,51.75264],[19.58158,51.75281],[19.58158,51.75281],[19.57989,51.75307],[19.57976,51.75317],[19.57982,51.75349],[19.57975,51.7537],[19.5778,51.7565],[19.57743,51.7569],[19.57726,51.75748],[19.57707,51.75789],[19.57673,51.7584],[19.57637,51.7588],[19.57604,51.7589],[19.57494,51.75911],[19.57416,51.7593],[19.57393,51.75988],[19.57358,51.76065],[19.57335,51.76111],[19.57325,51.76207],[19.5732,51.7629],[19.57309,51.76365],[19.57293,51.7645],[19.57254,51.76587],[19.57205,51.76754],[19.57156,51.7694],[19.57137,51.77002],[19.57131,51.7702],[19.57111,51.77024],[19.5635,51.77069],[19.55333,51.77172],[19.54374,51.77266],[19.54382,51.77407],[19.54301,51.77411],[19.53875,51.77439],[19.53784,51.77467],[19.53721,51.77501],[19.52798,51.77873],[19.52783,51.77886],[19.52751,51.77898],[19.52729,51.77909],[19.52591,51.78171],[19.52588,51.78178],[19.52586,51.7819],[19.52564,51.78234],[19.52562,51.78244],[19.5257,51.78288],[19.52546,51.78295],[19.52461,51.78297],[19.52235,51.7832],[19.52227,51.78289],[19.52201,51.78095],[19.52179,51.77976],[19.52165,51.77931],[19.52161,51.77868],[19.52273,51.77825],[19.52243,51.77735],[19.52207,51.77561],[19.52142,51.77492],[19.52085,51.77505],[19.51699,51.77536],[19.51437,51.77567],[19.51419,51.77563],[19.51372,51.77516],[19.51344,51.77519],[19.51306,51.7753],[19.51269,51.77554],[19.51229,51.77573],[19.5118,51.77586],[19.5097,51.77614],[19.50973,51.77638],[19.50955,51.77663],[19.50913,51.77685],[19.50794,51.77726],[19.50753,51.77732],[19.50732,51.77723],[19.50723,51.77709],[19.50735,51.77673],[19.50751,51.77607],[19.50753,51.77584],[19.50798,51.77419],[19.50804,51.77413],[19.50819,51.77403],[19.50826,51.77399],[19.50828,51.7739],[19.50829,51.77385],[19.50827,51.77381],[19.50799,51.77378],[19.50848,51.77205],[19.50566,51.77169],[19.50556,51.77173],[19.50546,51.77173],[19.50534,51.77166],[19.50498,51.77157],[19.5035,51.77128],[19.50269,51.7712],[19.49965,51.77095],[19.49933,51.77096],[19.49862,51.77364],[19.4986,51.77379],[19.49857,51.77386],[19.49852,51.77392],[19.4985,51.77397],[19.49843,51.77403],[19.49824,51.77426],[19.49814,51.77442],[19.49809,51.77453],[19.49794,51.7747],[19.49781,51.77476],[19.49735,51.77477],[19.49693,51.77463],[19.4969,51.77462],[19.49588,51.77427],[19.49548,51.77418],[19.49443,51.77407],[19.49179,51.77383],[19.48929,51.77363],[19.4844,51.77317],[19.48284,51.77308],[19.48232,51.77497],[19.47587,51.77447],[19.47544,51.77441],[19.47533,51.77429],[19.47422,51.77332],[19.47312,51.7725],[19.47297,51.77232],[19.47286,51.77217]]},"properties":{"line":"58A","dir":"1","mode":"bus"}},{"type":"Feature","geometry":{"type":"LineString","coordinates":[[19.47141,51.77009],[19.47209,51.77007],[19.47277,51.77001],[19.4729,51.7701],[19.47297,51.77023],[19.47287,51.77035],[19.47278,51.7705],[19.4727,51.77073],[19.47265,51.77118],[19.47267,51.77149],[19.4728,51.77176],[19.47294,51.77197],[19.47312,51.77212],[19.47475,51.77229],[19.47516,51.77231],[19.47581,51.77235],[19.49449,51.77395],[19.49547,51.77413],[19.49598,51.77422],[19.49679,51.77454],[19.49742,51.77466],[19.49806,51.77435],[19.49851,51.77386],[19.49899,51.77167],[19.49923,51.77104],[19.49949,51.77089],[19.50303,51.77118],[19.50431,51.77137],[19.50559,51.77148],[19.50617,51.77166],[19.50903,51.77208],[19.50958,51.77205],[19.50982,51.77204],[19.51014,51.772],[19.51061,51.77193],[19.51106,51.77188],[19.51133,51.77184],[19.51143,51.77182],[19.51151,51.77181],[19.51165,51.77178],[19.51174,51.77176],[19.5118,51.77173],[19.51185,51.7717],[19.51203,51.77163],[19.51222,51.77157],[19.51248,51.77148],[19.51338,51.77115],[19.51371,51.77104],[19.51455,51.77073],[19.51494,51.7706],[19.51504,51.77056],[19.51509,51.77053],[19.51514,51.77048],[19.51536,51.77041],[19.51557,51.77035],[19.51567,51.77034],[19.51579,51.7703],[19.51588,51.77029],[19.51594,51.77033],[19.51596,51.77035],[19.51603,51.77042],[19.51607,51.77046],[19.51635,51.7707],[19.51662,51.77093],[19.51692,51.77118],[19.51756,51.7717],[19.51874,51.77269],[19.51908,51.77297],[19.5192,51.77305],[19.51945,51.7733],[19.52086,51.77444],[19.52129,51.77476],[19.52208,51.77545],[19.52243,51.77699],[19.52245,51.77718],[19.52257,51.77753],[19.52264,51.77771],[19.52268,51.77788],[19.52272,51.77804],[19.52278,51.77811],[19.52279,51.77814],[19.52279,51.77816],[19.52278,51.77819],[19.52278,51.7782],[19.52277,51.77821],[19.52273,51.77825],[19.52269,51.77825],[19.52262,51.7783],[19.52243,51.77835],[19.52201,51.77852],[19.52176,51.77862],[19.52168,51.77866],[19.52161,51.7787],[19.52161,51.77878],[19.52161,51.77883],[19.52173,51.77938],[19.52179,51.77938],[19.52189,51.78029],[19.52189,51.78038],[19.52197,51.78075],[19.52205,51.78118],[19.52208,51.78134],[19.52214,51.78174],[19.52221,51.78208],[19.52225,51.78232],[19.52236,51.78307],[19.52235,51.7832],[19.52567,51.78286],[19.52559,51.78244],[19.52588,51.78165],[19.52723,51.77893],[19.52743,51.77895],[19.52767,51.77888],[19.52797,51.77876],[19.52657,51.77442],[19.54376,51.77268],[19.54398,51.77399],[19.54398,51.77409],[19.54397,51.77419],[19.54364,51.77433],[19.54319,51.77411],[19.54392,51.77405],[19.54371,51.77265],[19.55322,51.77163],[19.56315,51.77062],[19.57096,51.77002],[19.57131,51.7702],[19.57283,51.76483],[19.57313,51.76337],[19.57342,51.76138],[19.57416,51.7593],[19.57637,51.7588],[19.57669,51.75834],[19.57723,51.75756],[19.57738,51.75695],[19.57969,51.75371],[19.57979,51.75345],[19.5797,51.75326],[19.57942,51.75314],[19.575,51.75395],[19.57434,51.75244],[19.57461,51.75238],[19.5746,51.75241],[19.57516,51.7523]]},"properties":{"line":"58B","dir":"0","mode":"bus"}},{"type":"Feature","geometry":{"type":"LineString","coordinates":[[19.57488,51.75181],[19.57477,51.75182],[19.57431,51.75191],[19.57501,51.7537],[19.57589,51.75343],[19.57619,51.75344],[19.57883,51.75297],[19.58205,51.75241],[19.58221,51.75238],[19.58229,51.75249],[19.58226,51.75264],[19.58158,51.75281],[19.58158,51.75281],[19.57989,51.75307],[19.57976,51.75317],[19.57982,51.75349],[19.57975,51.7537],[19.5778,51.7565],[19.57743,51.7569],[19.57726,51.75748],[19.57707,51.75789],[19.57673,51.7584],[19.57637,51.7588],[19.57604,51.7589],[19.57494,51.75911],[19.57416,51.7593],[19.57393,51.75988],[19.57358,51.76065],[19.57335,51.76111],[19.57325,51.76207],[19.5732,51.7629],[19.57309,51.76365],[19.57293,51.7645],[19.57254,51.76587],[19.57205,51.76754],[19.57156,51.7694],[19.57137,51.77002],[19.57131,51.7702],[19.57111,51.77024],[19.5635,51.77069],[19.55333,51.77172],[19.54374,51.77266],[19.54382,51.77407],[19.54301,51.77411],[19.53875,51.77439],[19.53784,51.77467],[19.53721,51.77501],[19.52798,51.77873],[19.52783,51.77886],[19.52751,51.77898],[19.52729,51.77909],[19.52591,51.78171],[19.52588,51.78178],[19.52586,51.7819],[19.52564,51.78234],[19.52562,51.78244],[19.5257,51.78288],[19.52546,51.78295],[19.52461,51.78297],[19.52235,51.7832],[19.52227,51.78289],[19.52201,51.78095],[19.52179,51.77976],[19.52165,51.77931],[19.52161,51.77868],[19.52273,51.77825],[19.52243,51.77735],[19.52245,51.77718],[19.52235,51.77686],[19.52234,51.7768],[19.52232,51.77679],[19.5222,51.77644],[19.52211,51.77615],[19.52208,51.77606],[19.52208,51.77603],[19.52208,51.77599],[19.52208,51.7759],[19.52208,51.77572],[19.52208,51.77564],[19.52208,51.7756],[19.52208,51.77557],[19.52208,51.77555],[19.52208,51.77552],[19.52206,51.77545],[19.52203,51.77542],[19.52198,51.77539],[19.52195,51.77534],[19.52188,51.77528],[19.52169,51.77512],[19.52142,51.77492],[19.52102,51.77458],[19.51945,51.7733],[19.5192,51.77305],[19.51908,51.77297],[19.51874,51.77269],[19.51756,51.7717],[19.51692,51.77118],[19.51662,51.77093],[19.51635,51.7707],[19.51607,51.77046],[19.51602,51.77042],[19.51596,51.77037],[19.51592,51.77034],[19.51588,51.77029],[19.5158,51.77032],[19.51573,51.77035],[19.51566,51.77038],[19.51551,51.77043],[19.51538,51.77052],[19.51513,51.77055],[19.51494,51.7706],[19.51455,51.77073],[19.51371,51.77104],[19.51338,51.77115],[19.51248,51.77148],[19.51222,51.77157],[19.51203,51.77163],[19.51185,51.7717],[19.51176,51.77175],[19.51169,51.77177],[19.51159,51.7718],[19.5115,51.77182],[19.51138,51.77184],[19.51128,51.77186],[19.51106,51.77188],[19.5101,51.77202],[19.50976,51.77206],[19.50948,51.77209],[19.5093,51.77211],[19.5092,51.77212],[19.50916,51.77212],[19.50907,51.77217],[19.50899,51.77209],[19.50884,51.77208],[19.50882,51.77206],[19.50878,51.77206],[19.50846,51.77199],[19.50828,51.77197],[19.50779,51.7719],[19.50766,51.77188],[19.50711,51.77182],[19.50566,51.77169],[19.50556,51.77173],[19.50546,51.77173],[19.50534,51.77166],[19.50498,51.77157],[19.5035,51.77128],[19.50269,51.7712],[19.49965,51.77095],[19.49933,51.77096],[19.49862,51.77364],[19.4986,51.77379],[19.49857,51.77386],[19.49852,51.77392],[19.4985,51.77397],[19.49843,51.77403],[19.49824,51.77426],[19.49814,51.77442],[19.49809,51.77453],[19.49794,51.7747],[19.49781,51.77476],[19.49735,51.77477],[19.49693,51.77463],[19.4969,51.77462],[19.49588,51.77427],[19.49548,51.77418],[19.49443,51.77407],[19.49179,51.77383],[19.48929,51.77363],[19.4844,51.77317],[19.48284,51.77308],[19.48232,51.77497],[19.47587,51.77447],[19.47544,51.77441],[19.47533,51.77429],[19.47422,51.77332],[19.47312,51.7725],[19.47297,51.77232],[19.47286,51.77217]]},"properties":{"line":"58B","dir":"1","mode":"bus"}},{"type":"Feature","geometry":{"type":"LineString","coordinates":[[19.44759,51.7762],[19.44806,51.7741],[19.45273,51.77451],[19.44969,51.78563],[19.44928,51.78703],[19.44926,51.78797],[19.44951,51.78954],[19.44963,51.79003],[19.44926,51.79072],[19.44445,51.79764],[19.44404,51.79835],[19.4425,51.80028],[19.44203,51.80088],[19.43949,51.80698],[19.43849,51.80894],[19.43668,51.81181],[19.43555,51.81371],[19.43513,51.81434],[19.43492,51.81467],[19.43484,51.81552],[19.43573,51.81551],[19.43573,51.81556],[19.43636,51.81566],[19.43875,51.81594],[19.44428,51.81744],[19.44545,51.81773],[19.44603,51.81786],[19.44684,51.81797],[19.44753,51.81803],[19.44846,51.81802],[19.44848,51.81886],[19.449,51.82066],[19.44744,51.82279],[19.44296,51.82519],[19.44262,51.82526],[19.44227,51.82528],[19.44178,51.82523],[19.43883,51.82444],[19.43811,51.82529],[19.43781,51.8253],[19.43767,51.82526],[19.43758,51.82513],[19.43783,51.82473]]},"properties":{"line":"59","dir":"0","mode":"bus"}},{"type":"Feature","geometry":{"type":"LineString","coordinates":[[19.43859,51.82463],[19.4388,51.82441],[19.44177,51.82519],[19.44213,51.82527],[19.4425,51.82526],[19.44284,51.82521],[19.44307,51.82512],[19.44639,51.82337],[19.44754,51.82268],[19.4481,51.82184],[19.44832,51.82159],[19.44888,51.82075],[19.44846,51.81916],[19.44837,51.81875],[19.44837,51.81868],[19.44835,51.81855],[19.4483,51.81833],[19.44827,51.81816],[19.44793,51.81816],[19.44735,51.81815],[19.44681,51.8181],[19.44642,51.81806],[19.44605,51.81801],[19.44543,51.81789],[19.44418,51.81758],[19.44367,51.81753],[19.44096,51.81674],[19.43811,51.81613],[19.43648,51.81594],[19.43584,51.81591],[19.43467,51.81599],[19.43395,51.8159],[19.43439,51.81485],[19.43485,51.81433],[19.43539,51.81387],[19.43873,51.80836],[19.44183,51.80139],[19.44231,51.80043],[19.44228,51.80006],[19.44469,51.79653],[19.44573,51.79493],[19.44879,51.79074],[19.44885,51.79005],[19.44903,51.78954],[19.44897,51.78705],[19.44912,51.78636],[19.44916,51.78619],[19.45028,51.78293],[19.45044,51.78241],[19.45085,51.78098],[19.45099,51.78057],[19.45123,51.78003],[19.45161,51.77857],[19.45173,51.77806],[19.45193,51.77671]]},"properties":{"line":"59","dir":"1","mode":"bus"}},{"type":"Feature","geometry":{"type":"LineString","coordinates":[[19.49312,51.76432],[19.49312,51.76382],[19.49512,51.76382],[19.49518,51.76378],[19.49524,51.76375],[19.49529,51.76366],[19.49525,51.76346],[19.49545,51.76253],[19.49101,51.76212],[19.48848,51.7619],[19.48726,51.76182],[19.4863,51.76175],[19.48552,51.76168],[19.48504,51.76164],[19.48485,51.76282],[19.48487,51.76306],[19.48402,51.76765],[19.48402,51.76767],[19.484,51.76778],[19.48398,51.76783],[19.48388,51.76823],[19.48388,51.76839],[19.48388,51.76844],[19.48375,51.76898],[19.48358,51.76956],[19.48332,51.77071],[19.48331,51.77082],[19.48276,51.77331],[19.48182,51.77778],[19.48185,51.77798],[19.48166,51.77832],[19.48154,51.77908],[19.48208,51.77996],[19.48266,51.78052],[19.48311,51.78173],[19.48309,51.78192],[19.4831,51.78201],[19.48313,51.78268],[19.48313,51.78327],[19.4832,51.78366],[19.48323,51.78451],[19.4833,51.78531],[19.48332,51.78555],[19.48332,51.78557],[19.48337,51.78573],[19.48342,51.78591],[19.4835,51.78609],[19.48358,51.78631],[19.48367,51.78646],[19.48379,51.78667],[19.48398,51.78691],[19.4841,51.78707],[19.48423,51.78722],[19.4845,51.78754],[19.48618,51.78944],[19.48782,51.79853],[19.48801,51.79922],[19.48856,51.80005],[19.49003,51.80094],[19.49815,51.80608],[19.50092,51.80776],[19.50144,51.80827],[19.5033,51.81333],[19.50363,51.81423],[19.50375,51.81455],[19.50425,51.81591],[19.50437,51.81623],[19.50467,51.81704],[19.50484,51.81754],[19.50489,51.81766],[19.50497,51.81783],[19.50501,51.81792],[19.50508,51.81803],[19.50515,51.81813],[19.50519,51.8182],[19.50532,51.81834],[19.50544,51.81847],[19.50559,51.81861],[19.5058,51.81875],[19.50602,51.81889],[19.50607,51.81892],[19.50615,51.81887],[19.54159,51.83444],[19.5503,51.83825],[19.55481,51.84027],[19.55698,51.84139],[19.55708,51.84137],[19.55721,51.84138]]},"properties":{"line":"60A","dir":"0","mode":"bus"}},{"type":"Feature","geometry":{"type":"LineString","coordinates":[[19.55793,51.8421],[19.55702,51.84145],[19.55594,51.84087],[19.506,51.81894],[19.50514,51.81819],[19.50298,51.81258],[19.5029,51.81226],[19.50275,51.81189],[19.50253,51.81119],[19.50227,51.81049],[19.50198,51.80972],[19.50195,51.80962],[19.50169,51.80891],[19.50162,51.80873],[19.50157,51.80859],[19.50148,51.80842],[19.50142,51.80833],[19.50134,51.80823],[19.50124,51.80806],[19.50118,51.80802],[19.50111,51.80796],[19.50104,51.80787],[19.50096,51.80781],[19.5009,51.80779],[19.50082,51.8077],[19.50075,51.80766],[19.50044,51.80744],[19.50003,51.80723],[19.49974,51.80707],[19.49925,51.80678],[19.49763,51.8058],[19.49566,51.8043],[19.49442,51.80339],[19.49343,51.80278],[19.49303,51.80259],[19.49232,51.8022],[19.49194,51.80198],[19.49191,51.80198],[19.49163,51.8018],[19.49153,51.80177],[19.49144,51.80171],[19.49132,51.80169],[19.49088,51.80146],[19.49074,51.80135],[19.49063,51.80133],[19.4904,51.80124],[19.49011,51.80113],[19.48989,51.80104],[19.48965,51.80089],[19.48924,51.80072],[19.4889,51.80051],[19.48865,51.80033],[19.48848,51.80024],[19.48835,51.80009],[19.48808,51.79979],[19.48802,51.79973],[19.48787,51.79948],[19.48778,51.7993],[19.48776,51.79927],[19.48773,51.79921],[19.48764,51.79899],[19.48761,51.79894],[19.48758,51.79876],[19.48757,51.79855],[19.48758,51.79836],[19.48761,51.7981],[19.4877,51.79759],[19.48773,51.79694],[19.48801,51.79587],[19.48814,51.79522],[19.48847,51.79326],[19.48848,51.79301],[19.48848,51.79293],[19.48842,51.79239],[19.48839,51.79229],[19.48826,51.79209],[19.48809,51.79187],[19.48791,51.79169],[19.48773,51.79151],[19.48764,51.7914],[19.48731,51.79106],[19.48729,51.79103],[19.48707,51.79079],[19.48697,51.79065],[19.48667,51.79031],[19.48636,51.79007],[19.4843,51.78759],[19.48313,51.78573],[19.48288,51.78174],[19.48256,51.78073],[19.48122,51.77948],[19.48101,51.77897],[19.48161,51.77778],[19.48172,51.77718],[19.48187,51.77651],[19.48195,51.77614],[19.48196,51.77596],[19.48214,51.77525],[19.48217,51.77501],[19.48217,51.77494],[19.48222,51.77483],[19.48234,51.77429],[19.48248,51.7737],[19.48255,51.77345],[19.48255,51.77341],[19.48257,51.77319],[19.48261,51.77305],[19.48262,51.77297],[19.48262,51.77295],[19.48263,51.77287],[19.48263,51.77269],[19.48266,51.77258],[19.48273,51.77231],[19.4827,51.77224],[19.48269,51.77217],[19.48284,51.77159],[19.48304,51.77077],[19.48346,51.76866],[19.4835,51.76844],[19.48354,51.76828],[19.48356,51.76814],[19.48364,51.76778],[19.48365,51.76774],[19.48367,51.76764],[19.4837,51.76749],[19.484,51.76625],[19.48403,51.76611],[19.48407,51.76594],[19.48407,51.7658],[19.48407,51.76562],[19.48411,51.76505],[19.48414,51.76487],[19.48419,51.76463],[19.48421,51.76451],[19.48447,51.76333],[19.48451,51.76316],[19.48454,51.76294],[19.48454,51.76293],[19.48459,51.76267],[19.48464,51.76228],[19.48476,51.76186],[19.48472,51.76177],[19.48482,51.76168],[19.48485,51.76159],[19.48491,51.7615],[19.48492,51.76147],[19.48494,51.76147],[19.48496,51.76144],[19.485,51.76143],[19.48504,51.76142],[19.48509,51.76142],[19.48517,51.76142],[19.48527,51.76142],[19.48534,51.76142],[19.48539,51.76142],[19.4857,51.76144],[19.4861,51.76147],[19.49687,51.76245],[19.49796,51.76496],[19.49722,51.76516],[19.49681,51.76463],[19.49665,51.76451],[19.49568,51.76451],[19.49546,51.76445],[19.49525,51.76442],[19.49503,51.76445],[19.49459,51.7644],[19.49421,51.76433]]},"properties":{"line":"60A","dir":"1","mode":"bus"}},{"type":"Feature","geometry":{"type":"LineString","coordinates":[[19.49312,51.76432],[19.49312,51.76382],[19.49512,51.76382],[19.49518,51.76378],[19.49524,51.76375],[19.49529,51.76366],[19.49525,51.76346],[19.49545,51.76253],[19.49101,51.76212],[19.48848,51.7619],[19.48726,51.76182],[19.4863,51.76175],[19.48552,51.76168],[19.48504,51.76164],[19.48485,51.76282],[19.48487,51.76306],[19.48402,51.76765],[19.48402,51.76767],[19.484,51.76778],[19.48398,51.76783],[19.48388,51.76823],[19.48388,51.76839],[19.48388,51.76844],[19.48375,51.76898],[19.48358,51.76956],[19.48332,51.77071],[19.48331,51.77082],[19.48276,51.77331],[19.48182,51.77778],[19.48185,51.77798],[19.48166,51.77832],[19.48154,51.77908],[19.48208,51.77996],[19.48266,51.78052],[19.48311,51.78173],[19.48309,51.78192],[19.4831,51.78201],[19.48313,51.78268],[19.48313,51.78327],[19.4832,51.78366],[19.48323,51.78451],[19.4833,51.78531],[19.48332,51.78555],[19.48332,51.78557],[19.48337,51.78573],[19.48342,51.78591],[19.4835,51.78609],[19.48358,51.78631],[19.48367,51.78646],[19.48379,51.78667],[19.48398,51.78691],[19.4841,51.78707],[19.48423,51.78722],[19.4845,51.78754],[19.48618,51.78944],[19.48782,51.79853],[19.48801,51.79922],[19.48856,51.80005],[19.49003,51.80094],[19.49815,51.80608],[19.50092,51.80776],[19.50144,51.80827],[19.5033,51.81333],[19.50363,51.81423],[19.50375,51.81455],[19.50425,51.81591],[19.50437,51.81623],[19.50467,51.81704],[19.50484,51.81754],[19.50489,51.81766],[19.50497,51.81783],[19.50501,51.81792],[19.50508,51.81803],[19.50515,51.81813],[19.50519,51.8182],[19.50532,51.81834],[19.50544,51.81847],[19.50559,51.81861],[19.5058,51.81875],[19.50602,51.81889],[19.50607,51.81892],[19.50615,51.81887],[19.54159,51.83444],[19.5503,51.83825],[19.55481,51.84027],[19.55698,51.84139],[19.55708,51.84137],[19.55721,51.84138],[19.55868,51.84318],[19.56026,51.8436],[19.5612,51.8437],[19.5629,51.8437],[19.56389,51.84383],[19.56468,51.84413],[19.56538,51.8446],[19.56628,51.84506],[19.56807,51.84594],[19.57275,51.84688],[19.57688,51.84725],[19.58223,51.84679],[19.58339,51.84693],[19.58781,51.84805],[19.58837,51.84844],[19.59228,51.85172],[19.593,51.85219],[19.596,51.85328],[19.59731,51.85371],[19.59832,51.8542],[19.59894,51.85483],[19.59947,51.85573],[19.58465,51.86321],[19.58174,51.86355],[19.57168,51.86648],[19.57153,51.86659],[19.57144,51.86671],[19.57135,51.86688],[19.57125,51.86696],[19.57106,51.86701],[19.57063,51.86677]]},"properties":{"line":"60B","dir":"0","mode":"bus"}},{"type":"Feature","geometry":{"type":"LineString","coordinates":[[19.57068,51.86691],[19.57059,51.86685],[19.57063,51.86677],[19.57069,51.86674],[19.57143,51.86655],[19.57414,51.86576],[19.57585,51.86525],[19.57773,51.86468],[19.57911,51.86427],[19.5805,51.86385],[19.58087,51.86374],[19.58101,51.8637],[19.5812,51.86365],[19.58137,51.86362],[19.58148,51.8636],[19.58164,51.86358],[19.58163,51.86356],[19.58203,51.86353],[19.58429,51.86327],[19.58474,51.86315],[19.59188,51.85951],[19.59875,51.85609],[19.59935,51.85581],[19.59948,51.85571],[19.59935,51.85548],[19.59868,51.85456],[19.59845,51.85436],[19.59791,51.85406],[19.59719,51.85371],[19.59584,51.85329],[19.59402,51.85262],[19.59281,51.85215],[19.59246,51.85193],[19.58855,51.84859],[19.5879,51.84816],[19.58691,51.84777],[19.58428,51.84714],[19.58317,51.84692],[19.58222,51.84681],[19.58033,51.84692],[19.57744,51.84719],[19.57668,51.84725],[19.57508,51.84711],[19.57254,51.84683],[19.57032,51.8464],[19.56838,51.84601],[19.56786,51.84585],[19.56699,51.84546],[19.56617,51.845],[19.56543,51.84465],[19.5649,51.84426],[19.56425,51.84395],[19.56328,51.84372],[19.56213,51.84369],[19.56116,51.84372],[19.5603,51.8436],[19.55938,51.84335],[19.55887,51.84318],[19.55855,51.84261],[19.55763,51.84167],[19.55735,51.84148],[19.55721,51.84139],[19.55698,51.84139],[19.5569,51.84136],[19.5557,51.84073],[19.55009,51.8383],[19.506,51.81894],[19.50514,51.81819],[19.50298,51.81258],[19.5029,51.81226],[19.50275,51.81189],[19.50253,51.81119],[19.50227,51.81049],[19.50198,51.80972],[19.50195,51.80962],[19.50169,51.80891],[19.50162,51.80873],[19.50157,51.80859],[19.50148,51.80842],[19.50142,51.80833],[19.50134,51.80823],[19.50124,51.80806],[19.50118,51.80802],[19.50111,51.80796],[19.50104,51.80787],[19.50096,51.80781],[19.5009,51.80779],[19.50082,51.8077],[19.50075,51.80766],[19.50044,51.80744],[19.50003,51.80723],[19.49974,51.80707],[19.49925,51.80678],[19.49763,51.8058],[19.49566,51.8043],[19.49442,51.80339],[19.49343,51.80278],[19.49303,51.80259],[19.49232,51.8022],[19.49194,51.80198],[19.49191,51.80198],[19.49163,51.8018],[19.49153,51.80177],[19.49144,51.80171],[19.49132,51.80169],[19.49088,51.80146],[19.49074,51.80135],[19.49063,51.80133],[19.4904,51.80124],[19.49011,51.80113],[19.48989,51.80104],[19.48965,51.80089],[19.48924,51.80072],[19.4889,51.80051],[19.48865,51.80033],[19.48848,51.80024],[19.48835,51.80009],[19.48808,51.79979],[19.48802,51.79973],[19.48787,51.79948],[19.48778,51.7993],[19.48776,51.79927],[19.48773,51.79921],[19.48764,51.79899],[19.48761,51.79894],[19.48758,51.79876],[19.48757,51.79855],[19.48758,51.79836],[19.48761,51.7981],[19.4877,51.79759],[19.48773,51.79694],[19.48801,51.79587],[19.48814,51.79522],[19.48847,51.79326],[19.48848,51.79301],[19.48848,51.79293],[19.48842,51.79239],[19.48839,51.79229],[19.48826,51.79209],[19.48809,51.79187],[19.48791,51.79169],[19.48773,51.79151],[19.48764,51.7914],[19.48731,51.79106],[19.48729,51.79103],[19.48707,51.79079],[19.48697,51.79065],[19.48667,51.79031],[19.48636,51.79007],[19.4843,51.78759],[19.48313,51.78573],[19.48288,51.78174],[19.48256,51.78073],[19.48122,51.77948],[19.48101,51.77897],[19.48161,51.77778],[19.48172,51.77718],[19.48187,51.77651],[19.48195,51.77614],[19.48196,51.77596],[19.48214,51.77525],[19.48217,51.77501],[19.48217,51.77494],[19.48222,51.77483],[19.48234,51.77429],[19.48248,51.7737],[19.48255,51.77345],[19.48255,51.77341],[19.48257,51.77319],[19.48261,51.77305],[19.48262,51.77297],[19.48262,51.77295],[19.48263,51.77287],[19.48263,51.77269],[19.48266,51.77258],[19.48273,51.77231],[19.4827,51.77224],[19.48269,51.77217],[19.48284,51.77159],[19.48304,51.77077],[19.48346,51.76866],[19.4835,51.76844],[19.48354,51.76828],[19.48356,51.76814],[19.48364,51.76778],[19.48365,51.76774],[19.48367,51.76764],[19.4837,51.76749],[19.484,51.76625],[19.48403,51.76611],[19.48407,51.76594],[19.48407,51.7658],[19.48407,51.76562],[19.48411,51.76505],[19.48414,51.76487],[19.48419,51.76463],[19.48421,51.76451],[19.48447,51.76333],[19.48451,51.76316],[19.48454,51.76294],[19.48454,51.76293],[19.48459,51.76267],[19.48464,51.76228],[19.48476,51.76186],[19.48472,51.76177],[19.48482,51.76168],[19.48485,51.76159],[19.48491,51.7615],[19.48492,51.76147],[19.48494,51.76147],[19.48496,51.76144],[19.485,51.76143],[19.48504,51.76142],[19.48509,51.76142],[19.48517,51.76142],[19.48527,51.76142],[19.48534,51.76142],[19.48539,51.76142],[19.4857,51.76144],[19.4861,51.76147],[19.49687,51.76245],[19.49796,51.76496],[19.49722,51.76516],[19.49681,51.76463],[19.49665,51.76451],[19.49568,51.76451],[19.49546,51.76445],[19.49525,51.76442],[19.49503,51.76445],[19.49459,51.7644],[19.49421,51.76433]]},"properties":{"line":"60B","dir":"1","mode":"bus"}},{"type":"Feature","geometry":{"type":"LineString","coordinates":[[19.49312,51.76432],[19.49312,51.76382],[19.49512,51.76382],[19.49518,51.76378],[19.49524,51.76375],[19.49529,51.76366],[19.49525,51.76346],[19.49545,51.76253],[19.49101,51.76212],[19.48848,51.7619],[19.48726,51.76182],[19.4863,51.76175],[19.48552,51.76168],[19.48504,51.76164],[19.48485,51.76282],[19.48487,51.76306],[19.48402,51.76765],[19.48402,51.76767],[19.484,51.76778],[19.48398,51.76783],[19.48388,51.76823],[19.48388,51.76839],[19.48388,51.76844],[19.48375,51.76898],[19.48358,51.76956],[19.48332,51.77071],[19.48331,51.77082],[19.48276,51.77331],[19.48182,51.77778],[19.48185,51.77798],[19.48166,51.77832],[19.48154,51.77908],[19.48208,51.77996],[19.48266,51.78052],[19.48311,51.78173],[19.48309,51.78192],[19.4831,51.78201],[19.48313,51.78268],[19.48313,51.78327],[19.4832,51.78366],[19.48323,51.78451],[19.4833,51.78531],[19.48332,51.78555],[19.48332,51.78557],[19.48337,51.78573],[19.48342,51.78591],[19.4835,51.78609],[19.48358,51.78631],[19.48367,51.78646],[19.48379,51.78667],[19.48398,51.78691],[19.4841,51.78707],[19.48423,51.78722],[19.4845,51.78754],[19.48618,51.78944],[19.48782,51.79853],[19.48801,51.79922],[19.48856,51.80005],[19.49003,51.80094],[19.49815,51.80608],[19.50092,51.80776],[19.50144,51.80827],[19.5033,51.81333],[19.50363,51.81423],[19.50375,51.81455],[19.50425,51.81591],[19.50437,51.81623],[19.50467,51.81704],[19.50484,51.81754],[19.50489,51.81766],[19.50497,51.81783],[19.50501,51.81792],[19.50508,51.81803],[19.50515,51.81813],[19.50519,51.8182],[19.50532,51.81834],[19.50544,51.81847],[19.50559,51.81861],[19.5058,51.81875],[19.50602,51.81889],[19.50607,51.81892],[19.50615,51.81887],[19.54159,51.83444],[19.5503,51.83825],[19.55481,51.84027],[19.55698,51.84139],[19.55708,51.84137],[19.55721,51.84138],[19.55847,51.84252],[19.55886,51.84309],[19.55875,51.84322],[19.56741,51.86328],[19.56853,51.86547],[19.57025,51.86754],[19.57773,51.87656],[19.58218,51.88125],[19.58237,51.88157],[19.58256,51.88201],[19.58271,51.88247],[19.58277,51.8827],[19.58288,51.88275],[19.58311,51.88274],[19.58338,51.88275],[19.5836,51.88279],[19.58387,51.8829],[19.58421,51.88326],[19.58772,51.88666],[19.5926,51.89108],[19.59253,51.89118],[19.59221,51.89125],[19.5919,51.89129],[19.59165,51.89118],[19.59099,51.89061],[19.59066,51.89047],[19.59033,51.89065],[19.58893,51.89115],[19.58789,51.89143],[19.57764,51.89357],[19.57748,51.89357],[19.57728,51.89357],[19.57715,51.89359],[19.5771,51.89363],[19.57717,51.89375],[19.57726,51.89376],[19.57733,51.89375],[19.57747,51.89369],[19.57759,51.89363],[19.57766,51.89359],[19.58791,51.89148],[19.58897,51.89119],[19.59037,51.89068],[19.59064,51.89052],[19.59095,51.89064],[19.59163,51.89124],[19.59188,51.89132],[19.5922,51.89129],[19.59243,51.89124],[19.59266,51.8912],[19.5928,51.89124],[19.59906,51.89694],[19.60178,51.89939],[19.59975,51.90067],[19.60077,51.9008],[19.60404,51.90114],[19.60551,51.90215],[19.60453,51.90275],[19.60255,51.90366],[19.59509,51.90554],[19.59448,51.90555],[19.59154,51.9096],[19.59399,51.90993],[19.59396,51.91012],[19.59407,51.91027]]},"properties":{"line":"60C","dir":"0","mode":"bus"}},{"type":"Feature","geometry":{"type":"LineString","coordinates":[[19.59426,51.91028],[19.59377,51.90989],[19.59155,51.90959],[19.59448,51.90554],[19.59536,51.90547],[19.59605,51.90542],[19.60169,51.90394],[19.603,51.90347],[19.60379,51.90303],[19.60553,51.90217],[19.6041,51.9012],[19.60165,51.90091],[19.60204,51.90064],[19.60273,51.9002],[19.60156,51.89932],[19.6006,51.8984],[19.59849,51.89653],[19.59292,51.89144],[19.59271,51.89134],[19.5925,51.89128],[19.59218,51.8913],[19.59197,51.89132],[19.59179,51.89129],[19.59161,51.8912],[19.59145,51.89106],[19.59129,51.8909],[19.59108,51.89073],[19.59085,51.89059],[19.59062,51.8905],[19.59045,51.89063],[19.59005,51.89079],[19.58906,51.89114],[19.58835,51.89137],[19.58736,51.8916],[19.5851,51.89197],[19.57917,51.89326],[19.57812,51.89349],[19.57794,51.89358],[19.57784,51.89365],[19.5777,51.89372],[19.57751,51.89375],[19.57733,51.89375],[19.57721,51.89373],[19.57714,51.89368],[19.57711,51.8936],[19.57714,51.89353],[19.57722,51.89348],[19.5774,51.89344],[19.57765,51.89342],[19.57791,51.89347],[19.57811,51.89347],[19.57915,51.89324],[19.58508,51.89194],[19.58737,51.89157],[19.58824,51.89136],[19.58905,51.89113],[19.59001,51.89078],[19.59044,51.89061],[19.59061,51.89048],[19.59089,51.89058],[19.59114,51.89073],[19.59133,51.8909],[19.59163,51.89117],[19.59172,51.89123],[19.59187,51.89128],[19.59202,51.8913],[19.59222,51.89127],[19.59232,51.8912],[19.59235,51.89109],[19.59231,51.89097],[19.59027,51.88911],[19.58462,51.88377],[19.58394,51.88299],[19.5836,51.88284],[19.5831,51.88286],[19.58288,51.88296],[19.58263,51.883],[19.58249,51.88292],[19.58251,51.88282],[19.58256,51.88269],[19.58253,51.88217],[19.58235,51.88154],[19.58207,51.88107],[19.58186,51.88096],[19.57806,51.87684],[19.57621,51.87484],[19.56929,51.86661],[19.56837,51.86525],[19.56764,51.8639],[19.55763,51.84167],[19.55735,51.84148],[19.55721,51.84139],[19.55698,51.84139],[19.5569,51.84136],[19.5557,51.84073],[19.55009,51.8383],[19.506,51.81894],[19.50514,51.81819],[19.50298,51.81258],[19.5029,51.81226],[19.50275,51.81189],[19.50253,51.81119],[19.50227,51.81049],[19.50198,51.80972],[19.50195,51.80962],[19.50169,51.80891],[19.50162,51.80873],[19.50157,51.80859],[19.50148,51.80842],[19.50142,51.80833],[19.50134,51.80823],[19.50124,51.80806],[19.50118,51.80802],[19.50111,51.80796],[19.50104,51.80787],[19.50096,51.80781],[19.5009,51.80779],[19.50082,51.8077],[19.50075,51.80766],[19.50044,51.80744],[19.50003,51.80723],[19.49974,51.80707],[19.49925,51.80678],[19.49763,51.8058],[19.49566,51.8043],[19.49442,51.80339],[19.49343,51.80278],[19.49303,51.80259],[19.49232,51.8022],[19.49194,51.80198],[19.49191,51.80198],[19.49163,51.8018],[19.49153,51.80177],[19.49144,51.80171],[19.49132,51.80169],[19.49088,51.80146],[19.49074,51.80135],[19.49063,51.80133],[19.4904,51.80124],[19.49011,51.80113],[19.48989,51.80104],[19.48965,51.80089],[19.48924,51.80072],[19.4889,51.80051],[19.48865,51.80033],[19.48848,51.80024],[19.48835,51.80009],[19.48808,51.79979],[19.48802,51.79973],[19.48787,51.79948],[19.48778,51.7993],[19.48776,51.79927],[19.48773,51.79921],[19.48764,51.79899],[19.48761,51.79894],[19.48758,51.79876],[19.48757,51.79855],[19.48758,51.79836],[19.48761,51.7981],[19.4877,51.79759],[19.48773,51.79694],[19.48801,51.79587],[19.48814,51.79522],[19.48847,51.79326],[19.48848,51.79301],[19.48848,51.79293],[19.48842,51.79239],[19.48839,51.79229],[19.48826,51.79209],[19.48809,51.79187],[19.48791,51.79169],[19.48773,51.79151],[19.48764,51.7914],[19.48731,51.79106],[19.48729,51.79103],[19.48707,51.79079],[19.48697,51.79065],[19.48667,51.79031],[19.48636,51.79007],[19.4843,51.78759],[19.48313,51.78573],[19.48288,51.78174],[19.48256,51.78073],[19.48122,51.77948],[19.48101,51.77897],[19.48161,51.77778],[19.48172,51.77718],[19.48187,51.77651],[19.48195,51.77614],[19.48196,51.77596],[19.48214,51.77525],[19.48217,51.77501],[19.48217,51.77494],[19.48222,51.77483],[19.48234,51.77429],[19.48248,51.7737],[19.48255,51.77345],[19.48255,51.77341],[19.48257,51.77319],[19.48261,51.77305],[19.48262,51.77297],[19.48262,51.77295],[19.48263,51.77287],[19.48263,51.77269],[19.48266,51.77258],[19.48273,51.77231],[19.4827,51.77224],[19.48269,51.77217],[19.48284,51.77159],[19.48304,51.77077],[19.48346,51.76866],[19.4835,51.76844],[19.48354,51.76828],[19.48356,51.76814],[19.48364,51.76778],[19.48365,51.76774],[19.48367,51.76764],[19.4837,51.76749],[19.484,51.76625],[19.48403,51.76611],[19.48407,51.76594],[19.48407,51.7658],[19.48407,51.76562],[19.48411,51.76505],[19.48414,51.76487],[19.48419,51.76463],[19.48421,51.76451],[19.48447,51.76333],[19.48451,51.76316],[19.48454,51.76294],[19.48454,51.76293],[19.48459,51.76267],[19.48464,51.76228],[19.48476,51.76186],[19.48472,51.76177],[19.48482,51.76168],[19.48485,51.76159],[19.48491,51.7615],[19.48492,51.76147],[19.48494,51.76147],[19.48496,51.76144],[19.485,51.76143],[19.48504,51.76142],[19.48509,51.76142],[19.48517,51.76142],[19.48527,51.76142],[19.48534,51.76142],[19.48539,51.76142],[19.4857,51.76144],[19.4861,51.76147],[19.49687,51.76245],[19.49796,51.76496],[19.49722,51.76516],[19.49681,51.76463],[19.49665,51.76451],[19.49568,51.76451],[19.49546,51.76445],[19.49525,51.76442],[19.49503,51.76445],[19.49459,51.7644],[19.49421,51.76433]]},"properties":{"line":"60C","dir":"1","mode":"bus"}},{"type":"Feature","geometry":{"type":"LineString","coordinates":[[19.49312,51.76432],[19.49312,51.76382],[19.49512,51.76382],[19.49518,51.76378],[19.49524,51.76375],[19.49529,51.76366],[19.49525,51.76346],[19.49545,51.76253],[19.49101,51.76212],[19.48848,51.7619],[19.48726,51.76182],[19.4863,51.76175],[19.48552,51.76168],[19.48504,51.76164],[19.48485,51.76282],[19.48487,51.76306],[19.48402,51.76765],[19.48402,51.76767],[19.484,51.76778],[19.48398,51.76783],[19.48388,51.76823],[19.48388,51.76839],[19.48388,51.76844],[19.48375,51.76898],[19.48358,51.76956],[19.48332,51.77071],[19.48331,51.77082],[19.48276,51.77331],[19.48182,51.77778],[19.48185,51.77798],[19.48166,51.77832],[19.48154,51.77908],[19.48208,51.77996],[19.48266,51.78052],[19.48311,51.78173],[19.48309,51.78192],[19.4831,51.78201],[19.48313,51.78268],[19.48313,51.78327],[19.4832,51.78366],[19.48323,51.78451],[19.4833,51.78531],[19.48332,51.78555],[19.48332,51.78557],[19.48337,51.78573],[19.48342,51.78591],[19.4835,51.78609],[19.48358,51.78631],[19.48367,51.78646],[19.48379,51.78667],[19.48398,51.78691],[19.4841,51.78707],[19.48423,51.78722],[19.4845,51.78754],[19.48618,51.78944],[19.48782,51.79853],[19.48801,51.79922],[19.48856,51.80005],[19.49003,51.80094],[19.49815,51.80608],[19.50092,51.80776],[19.50144,51.80827],[19.50316,51.81255],[19.50373,51.81456],[19.50088,51.81497],[19.49923,51.81493],[19.49861,51.81513],[19.49791,51.81483],[19.49648,51.81476],[19.49489,51.81447],[19.48953,51.8142],[19.48796,51.81395],[19.48683,51.8135],[19.48648,51.81333],[19.48009,51.81075],[19.47309,51.80769],[19.47277,51.80752],[19.4727,51.8074],[19.47279,51.80727],[19.47328,51.80715],[19.47401,51.80699],[19.4746,51.80696],[19.47693,51.80656],[19.47737,51.80652],[19.48014,51.8064]]},"properties":{"line":"60D","dir":"0","mode":"bus"}},{"type":"Feature","geometry":{"type":"LineString","coordinates":[[19.48072,51.80638],[19.48089,51.80638],[19.48097,51.80642],[19.48109,51.80743],[19.48127,51.80885],[19.48125,51.80901],[19.4812,51.80915],[19.48097,51.80938],[19.47985,51.81041],[19.47985,51.81048],[19.47997,51.81053],[19.4801,51.81058],[19.48826,51.81405],[19.49511,51.81447],[19.49766,51.81481],[19.49793,51.81483],[19.49856,51.81485],[19.49935,51.81492],[19.50046,51.81498],[19.50053,51.81498],[19.50059,51.81498],[19.50067,51.81497],[19.50093,51.81495],[19.50134,51.81489],[19.50138,51.81488],[19.50234,51.81475],[19.50279,51.81467],[19.50375,51.81455],[19.50363,51.81423],[19.5033,51.81333],[19.5031,51.81275],[19.50296,51.81237],[19.5029,51.81226],[19.50275,51.81189],[19.50253,51.81119],[19.50227,51.81049],[19.50198,51.80972],[19.50195,51.80962],[19.50169,51.80891],[19.50162,51.80873],[19.50157,51.80859],[19.50148,51.80842],[19.50142,51.80833],[19.50134,51.80823],[19.50124,51.80806],[19.50118,51.80802],[19.50111,51.80796],[19.50104,51.80787],[19.50096,51.80781],[19.5009,51.80779],[19.50082,51.8077],[19.50075,51.80766],[19.50044,51.80744],[19.50003,51.80723],[19.49974,51.80707],[19.49925,51.80678],[19.49763,51.8058],[19.49566,51.8043],[19.49442,51.80339],[19.49343,51.80278],[19.49303,51.80259],[19.49232,51.8022],[19.49194,51.80198],[19.49191,51.80198],[19.49163,51.8018],[19.49153,51.80177],[19.49144,51.80171],[19.49132,51.80169],[19.49088,51.80146],[19.49074,51.80135],[19.49063,51.80133],[19.4904,51.80124],[19.49011,51.80113],[19.48989,51.80104],[19.48965,51.80089],[19.48924,51.80072],[19.4889,51.80051],[19.48865,51.80033],[19.48848,51.80024],[19.48835,51.80009],[19.48808,51.79979],[19.48802,51.79973],[19.48787,51.79948],[19.48778,51.7993],[19.48776,51.79927],[19.48773,51.79921],[19.48764,51.79899],[19.48761,51.79894],[19.48758,51.79876],[19.48757,51.79855],[19.48758,51.79836],[19.48761,51.7981],[19.4877,51.79759],[19.48773,51.79694],[19.48801,51.79587],[19.48814,51.79522],[19.48847,51.79326],[19.48848,51.79301],[19.48848,51.79293],[19.48842,51.79239],[19.48839,51.79229],[19.48826,51.79209],[19.48809,51.79187],[19.48791,51.79169],[19.48773,51.79151],[19.48764,51.7914],[19.48731,51.79106],[19.48729,51.79103],[19.48707,51.79079],[19.48697,51.79065],[19.48667,51.79031],[19.48636,51.79007],[19.4843,51.78759],[19.48313,51.78573],[19.48288,51.78174],[19.48256,51.78073],[19.48122,51.77948],[19.48101,51.77897],[19.48161,51.77778],[19.48172,51.77718],[19.48187,51.77651],[19.48195,51.77614],[19.48196,51.77596],[19.48214,51.77525],[19.48217,51.77501],[19.48217,51.77494],[19.48222,51.77483],[19.48234,51.77429],[19.48248,51.7737],[19.48255,51.77345],[19.48255,51.77341],[19.48257,51.77319],[19.48261,51.77305],[19.48262,51.77297],[19.48262,51.77295],[19.48263,51.77287],[19.48263,51.77269],[19.48266,51.77258],[19.48273,51.77231],[19.4827,51.77224],[19.48269,51.77217],[19.48284,51.77159],[19.48304,51.77077],[19.48346,51.76866],[19.4835,51.76844],[19.48354,51.76828],[19.48356,51.76814],[19.48364,51.76778],[19.48365,51.76774],[19.48367,51.76764],[19.4837,51.76749],[19.484,51.76625],[19.48403,51.76611],[19.48407,51.76594],[19.48407,51.7658],[19.48407,51.76562],[19.48411,51.76505],[19.48414,51.76487],[19.48419,51.76463],[19.48421,51.76451],[19.48447,51.76333],[19.48451,51.76316],[19.48454,51.76294],[19.48454,51.76293],[19.48459,51.76267],[19.48464,51.76228],[19.48476,51.76186],[19.48472,51.76177],[19.48482,51.76168],[19.48485,51.76159],[19.48491,51.7615],[19.48492,51.76147],[19.48494,51.76147],[19.48496,51.76144],[19.485,51.76143],[19.48504,51.76142],[19.48509,51.76142],[19.48517,51.76142],[19.48527,51.76142],[19.48534,51.76142],[19.48539,51.76142],[19.4857,51.76144],[19.4861,51.76147],[19.49687,51.76245],[19.49796,51.76496],[19.49722,51.76516],[19.49681,51.76463],[19.49665,51.76451],[19.49568,51.76451],[19.49546,51.76445],[19.49525,51.76442],[19.49503,51.76445],[19.49459,51.7644],[19.49421,51.76433]]},"properties":{"line":"60D","dir":"1","mode":"bus"}},{"type":"Feature","geometry":{"type":"LineString","coordinates":[[19.47302,51.77209],[19.47409,51.77296],[19.47675,51.77542],[19.47685,51.77553],[19.47753,51.77611],[19.47757,51.77615],[19.47785,51.77638],[19.47816,51.77663],[19.47869,51.77699],[19.47913,51.77735],[19.47976,51.77792],[19.48031,51.77843],[19.48046,51.77859],[19.48055,51.77868],[19.48058,51.7787],[19.4806,51.7787],[19.48063,51.77874],[19.48068,51.77876],[19.48072,51.77877],[19.48073,51.77878],[19.48079,51.77879],[19.48111,51.77882],[19.48158,51.77892],[19.48157,51.77897],[19.48158,51.77904],[19.48159,51.77909],[19.4816,51.77913],[19.48168,51.77939],[19.4817,51.77942],[19.48178,51.77958],[19.48182,51.77965],[19.48187,51.77974],[19.48191,51.77981],[19.482,51.77987],[19.48203,51.77992],[19.48217,51.78005],[19.48238,51.78027],[19.48254,51.78038],[19.48265,51.78055],[19.48273,51.78066],[19.48281,51.7808],[19.48282,51.7808],[19.48284,51.78093],[19.48294,51.78108],[19.48298,51.78119],[19.48304,51.78129],[19.48311,51.78173],[19.48309,51.78192],[19.4831,51.78201],[19.48313,51.78268],[19.48313,51.78327],[19.4832,51.78366],[19.48323,51.78451],[19.4833,51.78531],[19.48332,51.78555],[19.48332,51.78557],[19.48337,51.78573],[19.48342,51.78591],[19.4835,51.78609],[19.48358,51.78631],[19.48367,51.78646],[19.48379,51.78667],[19.48398,51.78691],[19.4841,51.78707],[19.48423,51.78722],[19.4845,51.78754],[19.48618,51.78944],[19.48811,51.79711],[19.48797,51.79731],[19.48792,51.79756],[19.48789,51.79781],[19.48782,51.798],[19.48782,51.79822],[19.48782,51.79845],[19.48782,51.79849],[19.48782,51.79864],[19.48787,51.79889],[19.4879,51.79901],[19.48798,51.79919],[19.48801,51.79927],[19.48811,51.79944],[19.4882,51.79957],[19.48834,51.79975],[19.48844,51.79991],[19.48858,51.80007],[19.48865,51.80009],[19.48867,51.80009],[19.48876,51.80018],[19.48898,51.80036],[19.4892,51.8005],[19.48938,51.80061],[19.48923,51.80072],[19.48921,51.80076],[19.48914,51.8008],[19.48893,51.80096],[19.48886,51.80105],[19.48879,51.80114],[19.48872,51.80121],[19.4887,51.80126],[19.48863,51.80143],[19.48839,51.80218],[19.48848,51.80218],[19.48832,51.80241],[19.48774,51.80412],[19.48735,51.80551],[19.48726,51.80583],[19.48725,51.80601],[19.4872,51.80662],[19.48721,51.8082],[19.48725,51.81002],[19.48726,51.81023],[19.48726,51.81146],[19.48727,51.81209],[19.4873,51.81271],[19.48729,51.81303],[19.4873,51.81319],[19.48733,51.81332],[19.48717,51.8136],[19.48713,51.81389],[19.48702,51.81438],[19.48683,51.81518],[19.4867,51.81576],[19.48664,51.8164],[19.48659,51.8168],[19.48651,51.81738],[19.48661,51.81801],[19.48675,51.81873],[19.48707,51.8206],[19.48744,51.82246],[19.48769,51.8238],[19.48787,51.82485],[19.48798,51.82544],[19.48804,51.82574],[19.4881,51.82603],[19.48811,51.82613],[19.48811,51.82623],[19.48809,51.82632],[19.48805,51.82643],[19.48801,51.82652],[19.4878,51.82693],[19.48725,51.82806],[19.48678,51.829],[19.48637,51.8298],[19.48583,51.83084],[19.48545,51.83157],[19.48504,51.83236],[19.48459,51.8332],[19.48358,51.83494],[19.47908,51.84294],[19.47913,51.8438],[19.47881,51.84431],[19.47829,51.84477],[19.47833,51.84514],[19.47871,51.8456],[19.47881,51.84583],[19.47895,51.84664],[19.47596,51.84685],[19.47572,51.84686],[19.4755,51.84684],[19.4753,51.84701],[19.47516,51.84712],[19.47481,51.84684],[19.47478,51.84674],[19.47487,51.84665],[19.47353,51.84608],[19.47271,51.84576],[19.47196,51.84565],[19.47148,51.84567],[19.47093,51.84584],[19.47007,51.84635],[19.46989,51.84647],[19.46962,51.84656],[19.4688,51.84674],[19.46811,51.8468],[19.46442,51.8474],[19.46206,51.84778],[19.46017,51.84808],[19.46019,51.84814],[19.45883,51.84855],[19.45757,51.8485],[19.45752,51.84851],[19.45751,51.84851],[19.45748,51.84852],[19.45747,51.84854],[19.45745,51.84855],[19.45742,51.84858],[19.45741,51.84862],[19.4573,51.84861],[19.45724,51.8486],[19.4572,51.8486],[19.45714,51.84859],[19.45708,51.84859],[19.45702,51.8486],[19.45695,51.8486],[19.45688,51.84861],[19.45544,51.84883],[19.45534,51.84884],[19.45466,51.84895],[19.45268,51.84925],[19.4527,51.84928],[19.45264,51.84925],[19.44775,51.84998],[19.44772,51.85],[19.44538,51.85034],[19.44531,51.85036],[19.4453,51.8504],[19.44224,51.85082],[19.44209,51.85085],[19.44126,51.85096],[19.43747,51.85155],[19.43531,51.85187],[19.43519,51.85189],[19.43494,51.85193],[19.43485,51.85194],[19.4318,51.85239],[19.43124,51.85248],[19.43122,51.85248],[19.42983,51.8527],[19.42968,51.85273],[19.42907,51.85281],[19.42899,51.85282],[19.42723,51.85309],[19.42723,51.85311],[19.42672,51.85317],[19.42545,51.85334],[19.42476,51.85345],[19.42293,51.85374],[19.4227,51.85377],[19.42214,51.85384],[19.42139,51.85396],[19.42142,51.85401],[19.42097,51.85402],[19.41953,51.85425],[19.41716,51.8546],[19.4165,51.8547],[19.41654,51.85478],[19.41657,51.85485],[19.41665,51.85482],[19.41668,51.85512],[19.41716,51.85639],[19.41781,51.85804],[19.41789,51.85826],[19.41794,51.85843],[19.41791,51.85843],[19.41797,51.85847],[19.41799,51.85867],[19.418,51.85872],[19.41789,51.85894],[19.41788,51.85898],[19.41735,51.85979],[19.41688,51.86045],[19.41681,51.86055],[19.41675,51.86061],[19.41622,51.86144],[19.41602,51.86171],[19.41582,51.86198],[19.41566,51.86226],[19.41505,51.8622],[19.41488,51.86219],[19.41467,51.86214],[19.41453,51.86211],[19.41378,51.86193],[19.4131,51.86176],[19.41299,51.86171],[19.41259,51.86167],[19.41185,51.86159],[19.4118,51.86158],[19.41172,51.86158],[19.40964,51.86133],[19.40887,51.8612],[19.40872,51.86117],[19.40731,51.86087],[19.40716,51.86083],[19.40697,51.86085],[19.40691,51.86086],[19.40686,51.86087],[19.40682,51.86088],[19.40678,51.8609],[19.40675,51.86091],[19.40672,51.86095],[19.40666,51.861],[19.40668,51.86105],[19.40668,51.86113],[19.40674,51.86177],[19.40697,51.86395],[19.40699,51.86419],[19.40637,51.86416],[19.40598,51.86413],[19.40598,51.86414],[19.40588,51.86413],[19.40559,51.8641],[19.40416,51.86397],[19.40384,51.86393],[19.40334,51.86385],[19.40236,51.86369],[19.40154,51.86356],[19.40152,51.86356],[19.40149,51.86362],[19.40116,51.8635],[19.40103,51.86348],[19.4007,51.86345],[19.40055,51.86342],[19.40017,51.86338],[19.40015,51.86338],[19.39866,51.86323],[19.39791,51.86309],[19.39706,51.86292],[19.39683,51.86287],[19.3966,51.8628],[19.3964,51.86273],[19.39638,51.86271],[19.39619,51.86261],[19.39547,51.86214],[19.39511,51.86191],[19.39444,51.86144],[19.39397,51.86112],[19.39391,51.86115],[19.39376,51.86096],[19.39345,51.86073],[19.39299,51.86043],[19.39253,51.86008],[19.39239,51.85997],[19.39204,51.8596],[19.39187,51.85944],[19.39141,51.859],[19.39123,51.85882],[19.39107,51.85858],[19.39102,51.85849],[19.39091,51.85822],[19.39084,51.85795],[19.39078,51.85768],[19.39063,51.85768],[19.3907,51.85742],[19.38684,51.85772],[19.38586,51.85777],[19.38519,51.85782],[19.38502,51.85783],[19.38502,51.85786],[19.38454,51.85785],[19.38432,51.85786],[19.38325,51.85792],[19.38296,51.85793],[19.38272,51.85793],[19.38068,51.85804],[19.38064,51.85804],[19.38019,51.85807],[19.37994,51.85809],[19.37994,51.85811],[19.37987,51.85809],[19.37971,51.8581],[19.37961,51.8581],[19.37953,51.8581],[19.37932,51.85809],[19.37887,51.85807],[19.37883,51.85807],[19.37877,51.85807],[19.37872,51.85809],[19.37868,51.8581],[19.37862,51.85811],[19.37857,51.85814],[19.37857,51.85816],[19.37855,51.85818],[19.37854,51.8582],[19.37849,51.85829],[19.37831,51.85936],[19.37819,51.86023],[19.37827,51.86024],[19.37812,51.86052],[19.37793,51.86168],[19.37787,51.8621],[19.37784,51.8622],[19.37777,51.86286],[19.37775,51.86297],[19.37775,51.86303],[19.37772,51.86335],[19.37769,51.86367],[19.37768,51.8639],[19.37769,51.86446],[19.37777,51.86494],[19.37782,51.86518],[19.37796,51.86572],[19.37805,51.86605],[19.37821,51.86652],[19.37835,51.8669],[19.37843,51.8669],[19.3784,51.86704],[19.37854,51.86744],[19.37878,51.86823],[19.37897,51.86873],[19.37922,51.86878],[19.3815,51.86839],[19.38171,51.86837],[19.38122,51.8676]]},"properties":{"line":"61","dir":"0","mode":"bus"}},{"type":"Feature","geometry":{"type":"LineString","coordinates":[[19.38209,51.86777],[19.38219,51.8677],[19.38239,51.86765],[19.38254,51.86768],[19.38265,51.86775],[19.38277,51.86816],[19.38279,51.86822],[19.3809,51.86851],[19.38029,51.86861],[19.3793,51.86878],[19.37927,51.86878],[19.37923,51.86878],[19.37919,51.86878],[19.37915,51.86878],[19.37912,51.86878],[19.37907,51.86876],[19.37905,51.86876],[19.37902,51.86875],[19.379,51.86873],[19.37897,51.86871],[19.37895,51.86867],[19.37892,51.86861],[19.37888,51.86855],[19.37881,51.86825],[19.37878,51.86822],[19.37854,51.86744],[19.3784,51.86704],[19.37821,51.86652],[19.37805,51.86605],[19.37803,51.86604],[19.37796,51.86605],[19.37796,51.86572],[19.37782,51.86518],[19.37777,51.86494],[19.37769,51.86446],[19.37768,51.8639],[19.37769,51.86367],[19.37772,51.86335],[19.37775,51.86297],[19.37777,51.86286],[19.37782,51.86248],[19.37773,51.86248],[19.37784,51.8622],[19.37787,51.8621],[19.37793,51.86168],[19.37812,51.86052],[19.37831,51.85936],[19.37843,51.85879],[19.37824,51.85876],[19.37849,51.85829],[19.37854,51.8582],[19.37855,51.85818],[19.37857,51.85816],[19.37857,51.85814],[19.37862,51.85811],[19.37868,51.8581],[19.37872,51.85809],[19.37877,51.85807],[19.37883,51.85807],[19.37887,51.85807],[19.37932,51.85809],[19.37953,51.8581],[19.37961,51.8581],[19.37971,51.8581],[19.37987,51.85809],[19.38019,51.85807],[19.38059,51.85804],[19.38059,51.85802],[19.38064,51.85804],[19.38068,51.85804],[19.38272,51.85793],[19.38296,51.85793],[19.38325,51.85792],[19.38432,51.85786],[19.38454,51.85785],[19.38519,51.85782],[19.38586,51.85777],[19.38636,51.85775],[19.38635,51.85768],[19.38684,51.85772],[19.3907,51.85742],[19.39084,51.85795],[19.39091,51.85822],[19.39102,51.85849],[19.39107,51.85858],[19.3911,51.85863],[19.39112,51.85863],[19.39123,51.85882],[19.39141,51.859],[19.39187,51.85944],[19.39204,51.8596],[19.39239,51.85997],[19.39253,51.86008],[19.39299,51.86043],[19.39345,51.86073],[19.39376,51.86096],[19.3941,51.86121],[19.39413,51.86119],[19.39444,51.86144],[19.39511,51.86191],[19.39547,51.86214],[19.39619,51.86261],[19.39638,51.86271],[19.3964,51.86273],[19.3966,51.8628],[19.39683,51.86287],[19.39706,51.86292],[19.39791,51.86309],[19.39866,51.86323],[19.40015,51.86338],[19.40017,51.86338],[19.40055,51.86342],[19.4007,51.86345],[19.40103,51.86348],[19.40116,51.8635],[19.40154,51.86356],[19.40184,51.8636],[19.40184,51.86362],[19.40236,51.86369],[19.40334,51.86385],[19.40384,51.86393],[19.40416,51.86397],[19.40559,51.8641],[19.40571,51.86412],[19.40571,51.86407],[19.40588,51.86413],[19.40637,51.86416],[19.40699,51.86419],[19.40697,51.86395],[19.40674,51.86177],[19.40668,51.86113],[19.40668,51.86105],[19.40664,51.86076],[19.40717,51.86082],[19.40717,51.86083],[19.40731,51.86087],[19.40788,51.86099],[19.40791,51.86095],[19.40887,51.8612],[19.40964,51.86133],[19.41172,51.86158],[19.4118,51.86158],[19.41185,51.86159],[19.41259,51.86167],[19.41299,51.86171],[19.4131,51.86176],[19.41378,51.86193],[19.41453,51.86211],[19.41467,51.86214],[19.41488,51.86219],[19.41505,51.8622],[19.41566,51.86226],[19.41582,51.86198],[19.41602,51.86171],[19.4163,51.8613],[19.41625,51.86129],[19.41675,51.86061],[19.41681,51.86055],[19.41688,51.86045],[19.41735,51.85979],[19.41788,51.85898],[19.41789,51.85894],[19.418,51.85872],[19.41799,51.85867],[19.41797,51.85847],[19.41789,51.85826],[19.41784,51.85814],[19.41776,51.85816],[19.41781,51.85804],[19.41716,51.85639],[19.41668,51.85512],[19.41654,51.85478],[19.4165,51.8547],[19.41688,51.85464],[19.41687,51.85462],[19.41716,51.8546],[19.41953,51.85425],[19.4206,51.85408],[19.42059,51.85406],[19.42097,51.85402],[19.42214,51.85384],[19.4227,51.85377],[19.42293,51.85374],[19.42476,51.85345],[19.42545,51.85334],[19.42611,51.85326],[19.4261,51.85322],[19.42672,51.85317],[19.42899,51.85282],[19.42907,51.85281],[19.42968,51.85273],[19.42983,51.8527],[19.43122,51.85248],[19.43124,51.85248],[19.4318,51.85239],[19.43485,51.85194],[19.43519,51.85189],[19.43531,51.85187],[19.43667,51.85167],[19.43666,51.85165],[19.43747,51.85155],[19.44126,51.85096],[19.44209,51.85085],[19.44224,51.85082],[19.44529,51.85035],[19.44527,51.85031],[19.44531,51.85036],[19.44772,51.85],[19.44775,51.84998],[19.45264,51.84925],[19.45405,51.84904],[19.45403,51.84896],[19.45466,51.84895],[19.45534,51.84884],[19.45544,51.84883],[19.45688,51.84861],[19.45695,51.8486],[19.45702,51.8486],[19.45708,51.84859],[19.45714,51.84859],[19.4572,51.8486],[19.45724,51.8486],[19.45733,51.84855],[19.45741,51.84862],[19.45742,51.84858],[19.45745,51.84855],[19.45747,51.84854],[19.45748,51.84852],[19.45751,51.84851],[19.45752,51.84851],[19.45757,51.8485],[19.45835,51.84851],[19.46064,51.84801],[19.4608,51.84796],[19.46206,51.84778],[19.46442,51.8474],[19.46597,51.84714],[19.46659,51.84704],[19.4679,51.84683],[19.46808,51.84678],[19.46819,51.84677],[19.46834,51.84676],[19.46887,51.84668],[19.46923,51.84658],[19.46962,51.84651],[19.47037,51.84616],[19.47081,51.84589],[19.47126,51.84567],[19.47182,51.84561],[19.47253,51.84569],[19.47334,51.84597],[19.47429,51.84637],[19.47483,51.84663],[19.47488,51.84666],[19.47482,51.84673],[19.47488,51.84677],[19.4751,51.84686],[19.47516,51.84693],[19.47529,51.84698],[19.47552,51.84683],[19.47556,51.84684],[19.47561,51.84684],[19.47567,51.84684],[19.47575,51.84685],[19.47584,51.84684],[19.476,51.84684],[19.47625,51.84682],[19.47708,51.84676],[19.47769,51.84672],[19.47895,51.84664],[19.47892,51.84646],[19.47886,51.84617],[19.47885,51.8461],[19.47882,51.84603],[19.47881,51.84595],[19.47879,51.8459],[19.47877,51.84583],[19.4787,51.84576],[19.47866,51.84568],[19.47862,51.84563],[19.47858,51.84557],[19.47853,51.84552],[19.47842,51.8454],[19.47834,51.84531],[19.47828,51.84524],[19.47823,51.84516],[19.47821,51.84511],[19.47819,51.84506],[19.47817,51.84498],[19.47817,51.84493],[19.47817,51.84487],[19.4782,51.8448],[19.47822,51.84475],[19.47826,51.84469],[19.47829,51.84467],[19.47831,51.84464],[19.4784,51.84456],[19.47851,51.84446],[19.47868,51.84433],[19.47882,51.84422],[19.4789,51.84415],[19.47897,51.84407],[19.479,51.844],[19.47903,51.84394],[19.47904,51.84387],[19.47905,51.84381],[19.47904,51.84372],[19.47903,51.84361],[19.479,51.84344],[19.479,51.84335],[19.47899,51.84324],[19.479,51.84315],[19.47906,51.84301],[19.47907,51.84295],[19.4791,51.84284],[19.47913,51.84279],[19.47915,51.84274],[19.47919,51.84267],[19.47923,51.84258],[19.47933,51.8424],[19.47937,51.84234],[19.47941,51.84218],[19.4795,51.84202],[19.47963,51.8418],[19.47974,51.84162],[19.47984,51.84146],[19.48001,51.84115],[19.48014,51.84092],[19.4803,51.84066],[19.48045,51.84041],[19.48058,51.84019],[19.4807,51.83997],[19.48084,51.83975],[19.48097,51.83952],[19.48106,51.83937],[19.48116,51.83919],[19.48139,51.83883],[19.48145,51.83869],[19.48154,51.83857],[19.48159,51.83848],[19.48167,51.83833],[19.48169,51.8383],[19.4817,51.83829],[19.48182,51.83806],[19.48198,51.83779],[19.48208,51.83762],[19.48219,51.83742],[19.48234,51.83716],[19.48243,51.83701],[19.48253,51.83684],[19.4826,51.83671],[19.48271,51.83652],[19.48278,51.83638],[19.48286,51.83622],[19.48289,51.8362],[19.48295,51.83608],[19.48295,51.83606],[19.48305,51.8359],[19.4832,51.83564],[19.48338,51.83533],[19.48398,51.8342],[19.48482,51.83276],[19.48495,51.83256],[19.48506,51.83237],[19.48517,51.83215],[19.48528,51.83192],[19.48535,51.83178],[19.48545,51.83157],[19.48555,51.83134],[19.48576,51.83096],[19.48576,51.83095],[19.48584,51.83083],[19.48594,51.83062],[19.48604,51.83044],[19.48608,51.83037],[19.48611,51.83028],[19.48614,51.83026],[19.48623,51.83007],[19.48637,51.8298],[19.48651,51.82956],[19.48664,51.82927],[19.48678,51.829],[19.48702,51.82855],[19.48713,51.8283],[19.4873,51.82793],[19.48741,51.82774],[19.48752,51.82745],[19.48773,51.82706],[19.48789,51.82675],[19.48801,51.82652],[19.48805,51.82643],[19.48808,51.82639],[19.48809,51.82632],[19.48811,51.82623],[19.48811,51.82616],[19.48811,51.82613],[19.4881,51.82607],[19.4881,51.82603],[19.48805,51.82589],[19.48804,51.82574],[19.48801,51.82562],[19.48791,51.82562],[19.48791,51.82562],[19.48798,51.82544],[19.48787,51.82485],[19.48773,51.82411],[19.48769,51.8238],[19.48744,51.82246],[19.48738,51.82217],[19.48736,51.82209],[19.48735,51.82199],[19.48726,51.82159],[19.48714,51.82159],[19.48714,51.82159],[19.48707,51.8206],[19.48675,51.81873],[19.48661,51.81801],[19.48661,51.81797],[19.48651,51.81798],[19.48655,51.81765],[19.48651,51.81745],[19.48651,51.81738],[19.48651,51.81736],[19.48655,51.81711],[19.48659,51.8168],[19.48664,51.8164],[19.48668,51.81603],[19.4867,51.81576],[19.48674,51.8156],[19.48676,51.81549],[19.48683,51.81518],[19.48689,51.81486],[19.48702,51.81438],[19.48712,51.81393],[19.48705,51.81389],[19.48705,51.81389],[19.48713,51.81389],[19.48715,51.81377],[19.48717,51.8136],[19.48725,51.8133],[19.48726,51.81316],[19.48729,51.81303],[19.4873,51.81289],[19.4873,51.81271],[19.4873,51.8125],[19.4873,51.81234],[19.48729,51.81208],[19.48726,51.81146],[19.48725,51.81002],[19.48724,51.80965],[19.48726,51.80965],[19.48726,51.80965],[19.48721,51.80875],[19.48721,51.8082],[19.4872,51.80761],[19.4872,51.80721],[19.48717,51.80682],[19.4872,51.80662],[19.48725,51.80601],[19.48726,51.80583],[19.48733,51.8056],[19.48745,51.80511],[19.48752,51.80488],[19.48742,51.80484],[19.48742,51.80484],[19.48758,51.8047],[19.48758,51.80466],[19.48773,51.80412],[19.48801,51.80324],[19.48804,51.80321],[19.48811,51.80297],[19.48862,51.80107],[19.48886,51.80105],[19.48893,51.80096],[19.48914,51.8008],[19.48921,51.80076],[19.48922,51.8007],[19.4889,51.80051],[19.48865,51.80033],[19.48848,51.80024],[19.48835,51.80009],[19.48808,51.79979],[19.48801,51.79973],[19.48787,51.79948],[19.48778,51.7993],[19.48776,51.79927],[19.48773,51.79921],[19.48764,51.79899],[19.48761,51.79894],[19.48758,51.79876],[19.48757,51.79855],[19.48758,51.79836],[19.48761,51.7981],[19.4877,51.79759],[19.48761,51.79759],[19.48773,51.79694],[19.48801,51.79587],[19.48814,51.79522],[19.48847,51.79326],[19.48848,51.79301],[19.48848,51.79293],[19.48842,51.79239],[19.48839,51.79229],[19.48826,51.79209],[19.48809,51.79187],[19.48791,51.79169],[19.48773,51.79151],[19.48764,51.7914],[19.48731,51.79106],[19.48729,51.79103],[19.48707,51.79079],[19.48697,51.79065],[19.48667,51.79031],[19.48636,51.79007],[19.4843,51.78759],[19.48356,51.78662],[19.48329,51.78613],[19.4832,51.78581],[19.48313,51.78558],[19.4831,51.7854],[19.48292,51.78273],[19.4828,51.7812],[19.48248,51.78071],[19.48201,51.7803],[19.48157,51.77977],[19.4814,51.7796],[19.48128,51.77951],[19.48122,51.77948],[19.48112,51.77942],[19.48106,51.77938],[19.48096,51.77929],[19.48072,51.77904],[19.48069,51.77901],[19.48066,51.77897],[19.47931,51.77776],[19.4789,51.77735],[19.47869,51.77718],[19.47842,51.77698],[19.47835,51.77689],[19.47773,51.77644],[19.47741,51.77623],[19.4768,51.77578],[19.47674,51.77566],[19.47531,51.77429],[19.4742,51.77333],[19.47295,51.77232],[19.47274,51.77205],[19.47259,51.77169],[19.47253,51.77116],[19.47269,51.77028],[19.47253,51.77016]]},"properties":{"line":"61","dir":"1","mode":"bus"}},{"type":"Feature","geometry":{"type":"LineString","coordinates":[[19.41194,51.71852],[19.41204,51.71872],[19.4134,51.71923],[19.41488,51.71973],[19.42678,51.72304],[19.42795,51.723],[19.43278,51.72282],[19.43306,51.72282],[19.4347,51.7228],[19.43123,51.7187],[19.431,51.71834],[19.43065,51.71795],[19.43056,51.71785],[19.43048,51.7178],[19.43042,51.71774],[19.43039,51.71771],[19.43021,51.71753],[19.42988,51.71719],[19.42927,51.71651],[19.42945,51.71644],[19.43077,51.71598],[19.4312,51.71584],[19.4318,51.71557],[19.43185,51.71557],[19.43265,51.71529],[19.43301,51.71519],[19.43316,51.71512],[19.43321,51.7151],[19.43335,51.71504],[19.43392,51.71545],[19.43396,51.71548],[19.43396,51.71548],[19.43566,51.71694],[19.436,51.71627],[19.43668,51.71404],[19.43711,51.71276],[19.43723,51.71235],[19.4375,51.71154],[19.43774,51.71082],[19.43798,51.7101],[19.43794,51.71009],[19.43804,51.70991],[19.43924,51.71006],[19.44147,51.71034],[19.44213,51.71043],[19.44419,51.71068],[19.44419,51.71064],[19.44419,51.71064],[19.44483,51.71076],[19.4456,51.71087],[19.44593,51.71091],[19.44669,51.711],[19.44903,51.71129],[19.44905,51.7113],[19.4508,51.71152],[19.45082,51.71147],[19.45082,51.71147],[19.45148,51.71161],[19.45253,51.71174],[19.45332,51.71184],[19.4541,51.71194],[19.4545,51.71199],[19.45477,51.71202],[19.45493,51.71203],[19.45515,51.71203],[19.45532,51.71203],[19.4555,51.71202],[19.45646,51.71198],[19.45705,51.71195],[19.45708,51.71195],[19.45778,51.71192],[19.4578,51.71192],[19.45796,51.71191],[19.45873,51.71191],[19.45898,51.71191],[19.45898,51.71184],[19.45898,51.71184],[19.45938,51.7119],[19.4604,51.71184],[19.46153,51.71181],[19.46164,51.7118],[19.46224,51.71178],[19.46234,51.71177],[19.46249,51.71175],[19.46274,51.71175],[19.46318,51.71173],[19.46369,51.7117],[19.46463,51.71168],[19.46538,51.71167],[19.46561,51.71166],[19.46561,51.71165],[19.46349,51.71171],[19.46349,51.71171],[19.4693,51.71159],[19.47285,51.71114],[19.47805,51.70997],[19.47891,51.70985],[19.47572,51.70693],[19.47572,51.70693],[19.47528,51.70622],[19.47534,51.70571],[19.47619,51.70519],[19.47861,51.7042],[19.48013,51.70383],[19.48116,51.70417],[19.48213,51.70511],[19.48213,51.7051],[19.4844,51.70748],[19.48472,51.70823],[19.48492,51.70937],[19.48553,51.70936],[19.4857,51.70934],[19.48668,51.70931],[19.48707,51.70931],[19.48808,51.7093],[19.48833,51.71052],[19.48801,51.71161],[19.48695,51.7136],[19.48682,51.71406],[19.48611,51.71521],[19.48562,51.71639],[19.4852,51.71796],[19.48486,51.7192],[19.48459,51.72011],[19.48454,51.72023],[19.4845,51.72032],[19.48434,51.72064],[19.48425,51.72075],[19.48403,51.72113],[19.48401,51.72122],[19.48407,51.72122],[19.48289,51.72287],[19.48171,51.724],[19.48044,51.72544],[19.48083,51.72566],[19.48079,51.72582],[19.48066,51.72633]]},"properties":{"line":"62","dir":"0","mode":"bus"}},{"type":"Feature","geometry":{"type":"LineString","coordinates":[[19.48069,51.72595],[19.48084,51.72557],[19.4802,51.72536],[19.48117,51.72423],[19.48182,51.72361],[19.48284,51.72254],[19.48346,51.72158],[19.48393,51.72075],[19.48402,51.72048],[19.48425,51.7201],[19.48496,51.71784],[19.48505,51.71713],[19.48557,51.71575],[19.48626,51.71411],[19.48688,51.71311],[19.4877,51.71151],[19.48787,51.71095],[19.48792,51.71037],[19.48764,51.70942],[19.48712,51.70945],[19.48683,51.70943],[19.48593,51.70938],[19.48492,51.70937],[19.48469,51.70842],[19.48461,51.70787],[19.48407,51.70723],[19.48281,51.70591],[19.48245,51.70553],[19.48241,51.70555],[19.4814,51.70441],[19.48094,51.7041],[19.48027,51.7039],[19.47934,51.70396],[19.47859,51.70429],[19.47857,51.7043],[19.47792,51.70453],[19.47653,51.70508],[19.47608,51.70525],[19.47584,51.70537],[19.47569,51.70546],[19.47553,51.70559],[19.47542,51.70573],[19.47538,51.70585],[19.47534,51.70591],[19.47533,51.70597],[19.47532,51.70611],[19.47532,51.70616],[19.47533,51.70622],[19.47534,51.70634],[19.47538,51.70643],[19.4754,51.70643],[19.4755,51.70661],[19.47562,51.70669],[19.47572,51.70686],[19.47578,51.70688],[19.47594,51.70705],[19.47607,51.70712],[19.47608,51.70715],[19.47634,51.70738],[19.47891,51.70985],[19.47762,51.7101],[19.47713,51.71024],[19.4771,51.71025],[19.4771,51.71025],[19.47562,51.71052],[19.47431,51.71088],[19.47429,51.71089],[19.47429,51.71089],[19.4723,51.71133],[19.47042,51.71155],[19.46599,51.71175],[19.46573,51.71177],[19.46527,51.71176],[19.4646,51.71178],[19.4638,51.71182],[19.46349,51.71183],[19.46294,51.71186],[19.46243,51.71189],[19.46218,51.7119],[19.46201,51.71191],[19.46176,51.71191],[19.4616,51.71191],[19.46143,51.71192],[19.45984,51.71191],[19.45964,51.71191],[19.45963,51.71191],[19.45959,51.71191],[19.45959,51.71191],[19.45938,51.7119],[19.45904,51.71191],[19.45873,51.71191],[19.45796,51.71191],[19.4578,51.71192],[19.45778,51.71192],[19.45708,51.71195],[19.45705,51.71195],[19.45646,51.71198],[19.4555,51.71202],[19.45532,51.71203],[19.45515,51.71203],[19.45493,51.71203],[19.45477,51.71202],[19.4545,51.71199],[19.4541,51.71194],[19.45332,51.71184],[19.45253,51.71174],[19.45148,51.71161],[19.45019,51.71145],[19.45019,51.71144],[19.45016,51.71144],[19.45016,51.71144],[19.44905,51.7113],[19.44903,51.71129],[19.44669,51.711],[19.44593,51.71091],[19.4456,51.71087],[19.44531,51.71083],[19.4453,51.71087],[19.4453,51.71083],[19.4453,51.71083],[19.44483,51.71076],[19.44213,51.71043],[19.44147,51.71034],[19.43924,51.71006],[19.43804,51.70991],[19.43741,51.70983],[19.4374,51.70986],[19.43738,51.70983],[19.43738,51.70983],[19.43629,51.7097],[19.43599,51.7106],[19.4358,51.71118],[19.43577,51.71126],[19.43574,51.71127],[19.43572,51.71133],[19.43568,51.71135],[19.43565,51.71135],[19.43561,51.71142],[19.4356,51.71143],[19.43471,51.71181],[19.43452,51.71192],[19.43366,51.71236],[19.43345,51.71244],[19.43255,51.71287],[19.43187,51.7132],[19.43138,51.71342],[19.43225,51.71413],[19.43335,51.71504],[19.43322,51.7151],[19.43316,51.71513],[19.43301,51.71519],[19.43265,51.71531],[19.43236,51.71542],[19.43236,51.7154],[19.43236,51.7154],[19.4238,51.7184],[19.4238,51.7184],[19.41988,51.71971],[19.41791,51.72042],[19.41735,51.72055],[19.41681,51.72048],[19.41617,51.72026],[19.41391,51.71943],[19.41214,51.71879],[19.41165,51.71861],[19.41143,51.7185],[19.41144,51.71847],[19.41158,51.71832],[19.41172,51.71831],[19.41187,51.71836],[19.4119,51.71841]]},"properties":{"line":"62","dir":"1","mode":"bus"}},{"type":"Feature","geometry":{"type":"LineString","coordinates":[[19.46259,51.74026],[19.46275,51.73957],[19.46275,51.7394],[19.4627,51.73929],[19.46254,51.73911],[19.45912,51.7364],[19.4592,51.73624],[19.45937,51.73616],[19.46545,51.73446],[19.46531,51.73427],[19.46529,51.73409],[19.46531,51.73385],[19.46537,51.73371],[19.46868,51.72986],[19.46987,51.7288],[19.46613,51.72737],[19.4653,51.72707],[19.46515,51.72701],[19.46483,51.72691],[19.46446,51.72685],[19.46427,51.72684],[19.46356,51.72676],[19.46324,51.72676],[19.46301,51.72679],[19.46276,51.72685],[19.46224,51.72694],[19.46211,51.72698],[19.46193,51.72703],[19.46171,51.72709],[19.46154,51.72712],[19.4613,51.7272],[19.46102,51.72734],[19.45897,51.72835],[19.45807,51.72881],[19.45702,51.72942],[19.45623,51.72977],[19.45554,51.73012],[19.45526,51.73025],[19.45493,51.73043],[19.45461,51.73061],[19.45447,51.73068],[19.45439,51.73076],[19.45429,51.7308],[19.45423,51.73084],[19.45411,51.73088],[19.45401,51.73095],[19.4539,51.73102],[19.45385,51.73105],[19.45381,51.73106],[19.45376,51.73113],[19.45375,51.73115],[19.45373,51.73122],[19.45371,51.73128],[19.45367,51.73133],[19.45369,51.73139],[19.45371,51.73142],[19.45371,51.73148],[19.45371,51.73149],[19.45371,51.73151],[19.45371,51.73155],[19.4537,51.73157],[19.4537,51.7316],[19.45367,51.73164],[19.45367,51.73167],[19.45366,51.73169],[19.45363,51.73171],[19.45357,51.73176],[19.45354,51.73178],[19.45351,51.73183],[19.45338,51.73192],[19.45328,51.73194],[19.45324,51.73194],[19.45319,51.73196],[19.45315,51.73196],[19.4531,51.73196],[19.45299,51.73196],[19.45292,51.73196],[19.45285,51.73196],[19.45277,51.73196],[19.4527,51.73194],[19.45261,51.73192],[19.45251,51.73183],[19.4524,51.73178],[19.45232,51.73171],[19.45226,51.73164],[19.45225,51.7316],[19.45224,51.7316],[19.45223,51.73157],[19.45223,51.73155],[19.45221,51.73149],[19.45217,51.73142],[19.45217,51.73138],[19.45221,51.73133],[19.45222,51.73128],[19.45224,51.73123],[19.45226,51.73115],[19.4523,51.73113],[19.45226,51.73095],[19.45217,51.73078],[19.45214,51.73068],[19.45204,51.73058],[19.45179,51.73034],[19.45128,51.72994],[19.45104,51.72978],[19.4508,51.72959],[19.45053,51.72938],[19.44991,51.72892],[19.44985,51.72883],[19.44951,51.72859],[19.4492,51.72833],[19.44897,51.72816],[19.44872,51.72802],[19.44855,51.7279],[19.448,51.72746],[19.44743,51.7269],[19.44701,51.72648],[19.44659,51.72609],[19.44614,51.7257],[19.44578,51.72544],[19.44546,51.72519],[19.44511,51.72494],[19.44435,51.72442],[19.44375,51.724],[19.4432,51.7236],[19.4429,51.72334],[19.44194,51.72256],[19.43965,51.72264],[19.43963,51.72291],[19.43968,51.72367],[19.43987,51.72594],[19.43995,51.72672],[19.43843,51.72676],[19.43677,51.72685],[19.43573,51.72685],[19.43309,51.72694],[19.43146,51.72705],[19.43082,51.72702],[19.42361,51.72724],[19.42331,51.72724],[19.4224,51.7272],[19.42227,51.7272],[19.42214,51.72717],[19.42204,51.7271],[19.422,51.72701],[19.42207,51.72691],[19.42223,51.72687],[19.42232,51.72687],[19.42242,51.7269],[19.42291,51.72717],[19.42304,51.7272],[19.42325,51.72721],[19.42302,51.72513],[19.42302,51.72462],[19.42319,51.72388],[19.42333,51.72352],[19.4234,51.72323],[19.42338,51.72295],[19.42596,51.723],[19.42678,51.72304],[19.42795,51.723],[19.43278,51.72282],[19.43306,51.72282],[19.4347,51.7228],[19.43123,51.7187],[19.431,51.71834],[19.43065,51.71795],[19.43056,51.71785],[19.43048,51.7178],[19.43042,51.71774],[19.43039,51.71771],[19.43021,51.71753],[19.42988,51.71719],[19.42927,51.71651],[19.42945,51.71644],[19.43077,51.71598],[19.4312,51.71584],[19.4318,51.71557],[19.43185,51.71557],[19.43265,51.71529],[19.43301,51.71519],[19.43316,51.71512],[19.43321,51.7151],[19.43335,51.71504],[19.43392,51.71545],[19.43396,51.71548],[19.43437,51.71586],[19.43572,51.71699],[19.43655,51.71767],[19.43734,51.71831],[19.43799,51.71881],[19.43822,51.71903],[19.44011,51.71855],[19.4486,51.71647],[19.44999,51.71617],[19.45248,51.71586],[19.45261,51.7158],[19.45332,51.71577],[19.45369,51.71623],[19.45639,51.71726],[19.45758,51.71767],[19.45758,51.71767],[19.45792,51.71782],[19.45827,51.718],[19.45845,51.71806],[19.45993,51.71862],[19.4601,51.71862],[19.46142,51.7192],[19.46271,51.71969],[19.46472,51.72041],[19.46492,51.7205],[19.46584,51.72086],[19.4659,51.7209],[19.46595,51.72091],[19.46613,51.72095],[19.46664,51.72113],[19.46664,51.72113],[19.47068,51.72272],[19.47362,51.72382],[19.47384,51.72352],[19.47384,51.72352],[19.47411,51.72327],[19.47678,51.72057],[19.47678,51.72057],[19.47826,51.71908],[19.47871,51.71859],[19.47908,51.71831],[19.47936,51.71825],[19.4806,51.71786],[19.48182,51.71755],[19.48216,51.71759],[19.48439,51.71791],[19.48489,51.71794],[19.48519,51.71796],[19.48486,51.7192],[19.48459,51.72011],[19.48454,51.72023],[19.4845,51.72032],[19.48434,51.72064],[19.48425,51.72075],[19.48403,51.72113],[19.48401,51.72122],[19.48407,51.72122],[19.48289,51.72287],[19.48171,51.724],[19.48044,51.72544],[19.48083,51.72566],[19.48079,51.72582],[19.48066,51.72633]]},"properties":{"line":"63","dir":"0","mode":"bus"}},{"type":"Feature","geometry":{"type":"LineString","coordinates":[[19.48069,51.72595],[19.48084,51.72557],[19.4802,51.72536],[19.48117,51.72423],[19.48182,51.72361],[19.48284,51.72254],[19.48346,51.72158],[19.48393,51.72075],[19.48402,51.72048],[19.48421,51.7203],[19.48425,51.72019],[19.48432,51.72007],[19.48442,51.71977],[19.48459,51.71915],[19.48491,51.71805],[19.48492,51.71797],[19.4847,51.71791],[19.48461,51.71791],[19.48451,51.71791],[19.48432,51.71791],[19.48411,51.71788],[19.48379,51.71782],[19.48366,51.71782],[19.48312,51.71779],[19.48297,51.71775],[19.48191,51.71761],[19.48164,51.71767],[19.48066,51.71792],[19.47718,51.72028],[19.47422,51.72323],[19.47362,51.72382],[19.47014,51.72246],[19.46751,51.72146],[19.46717,51.72129],[19.46033,51.71884],[19.4583,51.718],[19.45717,51.71767],[19.45613,51.71722],[19.45373,51.71628],[19.45332,51.71577],[19.45147,51.71593],[19.44192,51.71816],[19.44152,51.71826],[19.43837,51.71905],[19.43804,51.71914],[19.43774,51.71907],[19.43739,51.71877],[19.43696,51.71843],[19.43599,51.71762],[19.43466,51.71652],[19.43405,51.716],[19.43353,51.71562],[19.43302,51.71518],[19.43272,51.7153],[19.43234,51.71539],[19.42927,51.71651],[19.4318,51.71924],[19.4347,51.7228],[19.42338,51.72295],[19.4234,51.72318],[19.42305,51.72462],[19.42305,51.7252],[19.42312,51.72595],[19.42325,51.72722],[19.42226,51.7272],[19.42204,51.72712],[19.422,51.72694],[19.42217,51.72685],[19.42278,51.72708],[19.42304,51.72722],[19.42758,51.72709],[19.43909,51.72671],[19.44441,51.72657],[19.44492,51.72617],[19.44518,51.72588],[19.44516,51.72523],[19.44522,51.72502],[19.44371,51.72397],[19.442,51.72261],[19.44239,51.72246],[19.44344,51.72327],[19.44494,51.72453],[19.44569,51.7251],[19.44665,51.72583],[19.4469,51.72602],[19.44732,51.7264],[19.44799,51.72699],[19.44828,51.72723],[19.44856,51.72747],[19.45005,51.72871],[19.45095,51.72944],[19.45245,51.73061],[19.4526,51.7307],[19.45261,51.7307],[19.45273,51.73077],[19.45289,51.73085],[19.45292,51.73085],[19.45298,51.73085],[19.45301,51.73086],[19.45304,51.73086],[19.45306,51.73087],[19.45309,51.73088],[19.4531,51.73088],[19.4532,51.73088],[19.45334,51.73088],[19.45341,51.73088],[19.45348,51.73088],[19.45357,51.73088],[19.4537,51.73086],[19.45391,51.73079],[19.45544,51.72998],[19.45627,51.72953],[19.45641,51.72946],[19.45701,51.72907],[19.45721,51.72898],[19.45733,51.72892],[19.4575,51.72883],[19.45742,51.7288],[19.45751,51.72883],[19.45768,51.72878],[19.45803,51.72862],[19.46008,51.72761],[19.46084,51.7272],[19.46127,51.72703],[19.46143,51.72694],[19.46153,51.72691],[19.46164,51.72685],[19.46183,51.72682],[19.46252,51.72663],[19.46286,51.72654],[19.46317,51.7264],[19.46331,51.72631],[19.46355,51.72613],[19.4637,51.72613],[19.46398,51.72618],[19.46411,51.72621],[19.46453,51.72639],[19.46492,51.7267],[19.46542,51.72695],[19.46998,51.72866],[19.46537,51.73377],[19.46531,51.73415],[19.46539,51.73435],[19.46554,51.73452],[19.46071,51.73578],[19.45926,51.73623],[19.46193,51.73844],[19.46317,51.73941],[19.46333,51.73953],[19.46359,51.73962]]},"properties":{"line":"63","dir":"1","mode":"bus"}},{"type":"Feature","geometry":{"type":"LineString","coordinates":[[19.52124,51.74783],[19.52131,51.74763],[19.51565,51.74748],[19.51481,51.75037],[19.51498,51.75047],[19.51544,51.75054],[19.5181,51.75087],[19.51802,51.75111],[19.52099,51.75159],[19.52075,51.75254],[19.52039,51.75317],[19.5199,51.75368],[19.51896,51.75677],[19.51843,51.75845],[19.51828,51.75922],[19.51818,51.75972],[19.51757,51.7619],[19.51767,51.76229],[19.51817,51.76275],[19.52035,51.76371],[19.52161,51.7642],[19.52264,51.76449],[19.5231,51.76436],[19.5234,51.76418],[19.52333,51.76373],[19.52274,51.76355],[19.51915,51.76418],[19.51846,51.76424],[19.50808,51.76354],[19.50793,51.76426],[19.50574,51.77132],[19.50566,51.77151],[19.50581,51.77161],[19.50615,51.77168],[19.50816,51.77193],[19.50878,51.77205],[19.50917,51.77209],[19.50958,51.77205],[19.50982,51.77204],[19.51014,51.772],[19.51061,51.77193],[19.51106,51.77188],[19.51133,51.77184],[19.51143,51.77182],[19.51151,51.77181],[19.51165,51.77178],[19.51174,51.77176],[19.5118,51.77173],[19.51185,51.7717],[19.51203,51.77163],[19.51222,51.77157],[19.51248,51.77148],[19.51338,51.77115],[19.51371,51.77104],[19.51455,51.77073],[19.51494,51.7706],[19.51504,51.77056],[19.51509,51.77053],[19.51514,51.77048],[19.51536,51.77041],[19.51557,51.77035],[19.51567,51.77034],[19.51579,51.7703],[19.51588,51.77029],[19.51594,51.77033],[19.51596,51.77035],[19.51603,51.77042],[19.51607,51.77046],[19.51635,51.7707],[19.51662,51.77093],[19.51692,51.77118],[19.51756,51.7717],[19.51874,51.77269],[19.51908,51.77297],[19.5192,51.77305],[19.51945,51.7733],[19.52086,51.77444],[19.52129,51.77476],[19.52208,51.77545],[19.52243,51.77699],[19.52245,51.77718],[19.52257,51.77753],[19.52264,51.77771],[19.52268,51.77788],[19.52272,51.77804],[19.52278,51.77811],[19.52279,51.77814],[19.52279,51.77816],[19.52278,51.77819],[19.52278,51.7782],[19.52277,51.77821],[19.52273,51.77825],[19.52269,51.77825],[19.52262,51.7783],[19.52243,51.77835],[19.52201,51.77852],[19.52176,51.77862],[19.52168,51.77866],[19.52161,51.7787],[19.52161,51.77878],[19.52161,51.77883],[19.52173,51.77938],[19.52179,51.77938],[19.52189,51.78029],[19.52189,51.78038],[19.52197,51.78075],[19.52205,51.78118],[19.52208,51.78134],[19.52214,51.78174],[19.52221,51.78208],[19.52225,51.78232],[19.52242,51.78307],[19.52236,51.78309],[19.52235,51.78318],[19.52235,51.78328],[19.52272,51.78541],[19.52274,51.78558],[19.52277,51.78572],[19.52274,51.78585],[19.52274,51.78595],[19.52274,51.78609],[19.52286,51.78689],[19.52289,51.78691],[19.52291,51.78698],[19.52296,51.78701],[19.52309,51.78715],[19.52318,51.78724],[19.52321,51.78727],[19.52328,51.78733],[19.52333,51.78736],[19.52339,51.78746],[19.52346,51.78751],[19.52349,51.78755],[19.52349,51.78757],[19.52354,51.78769],[19.52356,51.78779],[19.52357,51.7879],[19.52368,51.78789],[19.52359,51.78809],[19.52367,51.78851],[19.5237,51.78869],[19.52377,51.78899],[19.52383,51.78926],[19.52392,51.7898],[19.52395,51.78994],[19.52415,51.79112],[19.52423,51.79144],[19.52428,51.79169],[19.5243,51.79182],[19.5243,51.79187],[19.52437,51.79199],[19.52424,51.792],[19.5242,51.79205],[19.52405,51.79217],[19.52396,51.79226],[19.52394,51.79229],[19.5239,51.79229],[19.52387,51.79238],[19.52384,51.79239],[19.52384,51.79245],[19.52384,51.79254],[19.52384,51.79255],[19.52387,51.79272],[19.52398,51.79315],[19.5241,51.79365],[19.52414,51.79383],[19.52415,51.79392],[19.52415,51.79397],[19.52446,51.79527],[19.52471,51.79642],[19.52473,51.79654],[19.52448,51.79653],[19.52419,51.79657],[19.52409,51.79658],[19.5237,51.7966],[19.52329,51.7966],[19.52328,51.7966],[19.52309,51.7966],[19.5231,51.79668],[19.52272,51.79666],[19.52255,51.79666],[19.52223,51.79668],[19.52169,51.79668],[19.5211,51.79676],[19.52061,51.79678],[19.52048,51.7968],[19.52014,51.79682],[19.51985,51.79683],[19.51955,51.79684],[19.51922,51.79684],[19.5187,51.79682],[19.51782,51.79678],[19.51701,51.79676],[19.51659,51.79675],[19.51612,51.79673],[19.51569,51.79668],[19.5153,51.79668],[19.51509,51.79668],[19.5149,51.79669],[19.51398,51.79665],[19.51312,51.7966],[19.51128,51.79656],[19.51023,51.79653],[19.50966,51.79651],[19.50866,51.79647],[19.50791,51.79642],[19.50662,51.79639],[19.50579,51.79637],[19.50504,51.79631],[19.50468,51.79622],[19.50429,51.79622],[19.50353,51.79611],[19.50299,51.79603],[19.50275,51.79599],[19.50252,51.79595],[19.50196,51.79579],[19.50178,51.79577],[19.50133,51.79567],[19.50113,51.79561],[19.49974,51.79525],[19.49933,51.79513],[19.49833,51.79485],[19.49783,51.79472],[19.4974,51.79455],[19.49652,51.79435],[19.49644,51.79433],[19.49547,51.79407],[19.49523,51.79399],[19.49501,51.7939],[19.49434,51.79365],[19.49261,51.79317],[19.48973,51.79239],[19.48942,51.79238],[19.48923,51.79237],[19.48871,51.79237],[19.48839,51.79229],[19.48809,51.79187],[19.48791,51.79169],[19.48773,51.79151],[19.48764,51.7914],[19.48745,51.7913],[19.48729,51.79124],[19.48713,51.79122],[19.48698,51.7912],[19.48683,51.79118],[19.48628,51.79106],[19.48478,51.79066],[19.48467,51.79061],[19.48453,51.79057],[19.48036,51.78948],[19.47972,51.78926],[19.47909,51.7891],[19.47907,51.78917],[19.47907,51.78921],[19.47896,51.78952],[19.47884,51.78987],[19.47873,51.79024],[19.47864,51.79051],[19.47797,51.79041],[19.47708,51.79032],[19.47688,51.79031],[19.47655,51.79027],[19.47638,51.79027],[19.47619,51.79027],[19.47516,51.79034],[19.47502,51.79034],[19.47448,51.79041],[19.47449,51.79047],[19.47381,51.79043],[19.4736,51.79047],[19.47354,51.79047],[19.47237,51.79056],[19.47214,51.79057],[19.47205,51.79058],[19.47111,51.79061],[19.47093,51.79065],[19.47065,51.79067],[19.46966,51.79072],[19.46908,51.79077],[19.46844,51.79079],[19.46828,51.79079],[19.46805,51.79079],[19.46794,51.79079],[19.46786,51.79077],[19.4678,51.79072],[19.46778,51.79068],[19.46777,51.79067],[19.46778,51.79061],[19.46778,51.79056],[19.46786,51.79034],[19.46788,51.79025],[19.4679,51.79007],[19.4679,51.78954],[19.4679,51.78926],[19.46781,51.78926],[19.46787,51.78628],[19.46446,51.7854],[19.46345,51.78533],[19.46255,51.78516],[19.46085,51.78484],[19.46022,51.78468],[19.45993,51.7861],[19.45962,51.78754],[19.45166,51.78748],[19.45178,51.78719],[19.4517,51.78704],[19.45154,51.78696],[19.45137,51.78691],[19.45111,51.78689],[19.45083,51.78689],[19.44931,51.78704]]},"properties":{"line":"64A","dir":"0","mode":"bus"}},{"type":"Feature","geometry":{"type":"LineString","coordinates":[[19.4493,51.78822],[19.4495,51.78929],[19.45031,51.78911],[19.45072,51.78873],[19.45226,51.78665],[19.45314,51.78664],[19.45835,51.78672],[19.45975,51.78674],[19.46019,51.78465],[19.46358,51.7853],[19.46439,51.78534],[19.46771,51.78606],[19.46768,51.78636],[19.46775,51.78659],[19.46784,51.78674],[19.46793,51.78854],[19.4679,51.7889],[19.4679,51.78954],[19.4679,51.79007],[19.46788,51.79025],[19.46786,51.79034],[19.46778,51.79056],[19.46778,51.79061],[19.46777,51.79067],[19.46778,51.79068],[19.4678,51.79072],[19.46786,51.79077],[19.46794,51.79079],[19.46805,51.79079],[19.46828,51.79079],[19.46844,51.79079],[19.46908,51.79077],[19.46966,51.79072],[19.47065,51.79067],[19.47093,51.79065],[19.47111,51.79061],[19.47205,51.79058],[19.47214,51.79057],[19.47237,51.79056],[19.47354,51.79047],[19.4736,51.79047],[19.47381,51.79043],[19.47502,51.79034],[19.47516,51.79034],[19.47565,51.79032],[19.47563,51.79027],[19.47619,51.79027],[19.47638,51.79027],[19.47655,51.79027],[19.47688,51.79031],[19.47708,51.79032],[19.47797,51.79041],[19.47864,51.79051],[19.47872,51.79024],[19.47884,51.78987],[19.47907,51.78921],[19.47907,51.78917],[19.47909,51.7891],[19.47972,51.78926],[19.47993,51.78934],[19.48037,51.78944],[19.48453,51.79057],[19.48467,51.79061],[19.48519,51.7907],[19.4852,51.7907],[19.48533,51.79074],[19.48588,51.79084],[19.48592,51.79079],[19.48654,51.79101],[19.4867,51.79104],[19.48678,51.79106],[19.48689,51.79106],[19.48702,51.79106],[19.48713,51.79106],[19.48717,51.79104],[19.48729,51.79103],[19.48746,51.79095],[19.48752,51.791],[19.4877,51.79113],[19.48791,51.79133],[19.48817,51.79157],[19.4882,51.79163],[19.48853,51.79204],[19.48871,51.79211],[19.48886,51.79217],[19.48904,51.79221],[19.48923,51.79226],[19.48942,51.79227],[19.4896,51.79229],[19.48977,51.79229],[19.48994,51.79229],[19.48998,51.79235],[19.49023,51.79239],[19.49055,51.79248],[19.49146,51.79274],[19.49252,51.79306],[19.49264,51.79309],[19.49314,51.79324],[19.49317,51.79326],[19.49331,51.79324],[19.49354,51.79334],[19.49369,51.79334],[19.49383,51.79338],[19.49383,51.79337],[19.49543,51.79383],[19.49611,51.79405],[19.4968,51.79424],[19.49916,51.79489],[19.50021,51.79518],[19.50109,51.79543],[19.50157,51.79552],[19.50165,51.79558],[19.50262,51.79579],[19.50275,51.79579],[19.50303,51.79587],[19.50309,51.79589],[19.50335,51.79594],[19.50376,51.79599],[19.50404,51.79604],[19.50441,51.79608],[19.50519,51.79615],[19.50635,51.79622],[19.5065,51.79622],[19.50697,51.79626],[19.50713,51.79622],[19.50716,51.79622],[19.5072,51.79622],[19.50724,51.7962],[19.5073,51.7962],[19.50735,51.7962],[19.50748,51.7962],[19.50772,51.7962],[19.50844,51.79622],[19.50938,51.79622],[19.51133,51.79633],[19.51185,51.79633],[19.51291,51.79642],[19.51297,51.79642],[19.51304,51.79642],[19.5131,51.79642],[19.51325,51.79647],[19.51359,51.79649],[19.51423,51.79651],[19.51476,51.79653],[19.51491,51.79653],[19.51511,51.79653],[19.51551,51.79656],[19.51582,51.79656],[19.51624,51.79658],[19.51639,51.79659],[19.51645,51.79659],[19.5165,51.7966],[19.51658,51.7966],[19.51667,51.79665],[19.51673,51.79666],[19.51678,51.79668],[19.51685,51.79668],[19.51694,51.79674],[19.51701,51.79676],[19.51782,51.79678],[19.5187,51.79682],[19.51922,51.79684],[19.51955,51.79684],[19.51985,51.79683],[19.52014,51.79682],[19.52048,51.7968],[19.52061,51.79678],[19.5211,51.79676],[19.52223,51.79668],[19.52353,51.79653],[19.5237,51.7966],[19.52409,51.79658],[19.52419,51.79657],[19.52448,51.79653],[19.52473,51.79654],[19.52471,51.79642],[19.52446,51.79527],[19.52415,51.79397],[19.52415,51.79392],[19.52414,51.79383],[19.5241,51.79365],[19.52398,51.79315],[19.52387,51.79272],[19.52384,51.79255],[19.52384,51.79254],[19.52384,51.79245],[19.52384,51.79239],[19.52374,51.79239],[19.52384,51.79239],[19.52387,51.79238],[19.5239,51.79229],[19.52394,51.79229],[19.52396,51.79226],[19.52405,51.79217],[19.52429,51.79216],[19.52424,51.792],[19.52427,51.79196],[19.5243,51.79192],[19.5243,51.79187],[19.5243,51.79182],[19.52428,51.79169],[19.52423,51.79144],[19.52415,51.79112],[19.52395,51.78994],[19.52392,51.7898],[19.52383,51.78926],[19.52377,51.78899],[19.5237,51.78869],[19.52367,51.78851],[19.52359,51.78809],[19.52347,51.78775],[19.52349,51.78761],[19.52287,51.78685],[19.52274,51.78558],[19.52201,51.78095],[19.52179,51.77976],[19.52165,51.77931],[19.52161,51.77868],[19.52273,51.77825],[19.52243,51.77735],[19.52245,51.77718],[19.52235,51.77686],[19.52234,51.7768],[19.52232,51.77679],[19.5222,51.77644],[19.52211,51.77615],[19.52208,51.77606],[19.52208,51.77603],[19.52208,51.77599],[19.52208,51.7759],[19.52208,51.77572],[19.52208,51.77564],[19.52208,51.7756],[19.52208,51.77557],[19.52208,51.77555],[19.52208,51.77552],[19.52206,51.77545],[19.52203,51.77542],[19.52198,51.77539],[19.52195,51.77534],[19.52188,51.77528],[19.52169,51.77512],[19.52142,51.77492],[19.52102,51.77458],[19.51945,51.7733],[19.5192,51.77305],[19.51908,51.77297],[19.51874,51.77269],[19.51756,51.7717],[19.51692,51.77118],[19.51662,51.77093],[19.51635,51.7707],[19.51607,51.77046],[19.51602,51.77042],[19.51596,51.77037],[19.51592,51.77034],[19.51588,51.77029],[19.5158,51.77032],[19.51573,51.77035],[19.51566,51.77038],[19.51551,51.77043],[19.51538,51.77052],[19.51513,51.77055],[19.51494,51.7706],[19.51455,51.77073],[19.51371,51.77104],[19.51338,51.77115],[19.51248,51.77148],[19.51222,51.77157],[19.51203,51.77163],[19.51185,51.7717],[19.51176,51.77175],[19.51169,51.77177],[19.51159,51.7718],[19.5115,51.77182],[19.51138,51.77184],[19.51128,51.77186],[19.51106,51.77188],[19.5101,51.77202],[19.50976,51.77206],[19.50948,51.77209],[19.5093,51.77211],[19.5092,51.77212],[19.50916,51.77212],[19.50907,51.77217],[19.50899,51.77209],[19.50884,51.77208],[19.50882,51.77206],[19.50878,51.77206],[19.50846,51.77199],[19.50828,51.77197],[19.50779,51.7719],[19.50766,51.77188],[19.50711,51.77182],[19.50566,51.77169],[19.50546,51.77172],[19.50531,51.77163],[19.50537,51.77152],[19.50553,51.77146],[19.50564,51.77119],[19.50659,51.76776],[19.5081,51.76328],[19.51114,51.76348],[19.5126,51.76354],[19.51311,51.76373],[19.51518,51.76375],[19.51593,51.76372],[19.51766,51.76373],[19.51804,51.76366],[19.51959,51.76365],[19.52092,51.76354],[19.52151,51.76346],[19.52175,51.76333],[19.52183,51.76319],[19.52176,51.76303],[19.52145,51.76289],[19.51976,51.7624],[19.51952,51.76236],[19.51927,51.76238],[19.51893,51.7625],[19.51848,51.7629],[19.51795,51.76263],[19.51761,51.76214],[19.51753,51.76178],[19.5195,51.75503],[19.51973,51.75402],[19.51988,51.7536],[19.52008,51.75345],[19.52037,51.75316],[19.52046,51.75285],[19.52081,51.7511],[19.52189,51.74769],[19.52146,51.74763],[19.52131,51.74781],[19.52118,51.74876],[19.52096,51.74889],[19.52067,51.74884],[19.52061,51.7487]]},"properties":{"line":"64A","dir":"1","mode":"bus"}},{"type":"Feature","geometry":{"type":"LineString","coordinates":[[19.54188,51.75175],[19.54228,51.75169],[19.54221,51.75148],[19.542,51.7514],[19.54024,51.7518],[19.53826,51.75209],[19.5343,51.75271],[19.5332,51.75274],[19.53253,51.75272],[19.53189,51.75284],[19.5316,51.75297],[19.53118,51.75299],[19.53088,51.75286],[19.53046,51.7528],[19.52996,51.7528],[19.52926,51.75283],[19.52816,51.75274],[19.52637,51.75249],[19.52092,51.75189],[19.52075,51.75254],[19.52039,51.75317],[19.5199,51.75368],[19.51896,51.75677],[19.51843,51.75845],[19.51828,51.75922],[19.51818,51.75972],[19.51757,51.7619],[19.51767,51.76229],[19.51817,51.76275],[19.52035,51.76371],[19.52161,51.7642],[19.52264,51.76449],[19.5231,51.76436],[19.5234,51.76418],[19.52333,51.76373],[19.52274,51.76355],[19.51915,51.76418],[19.51846,51.76424],[19.50808,51.76354],[19.50793,51.76426],[19.50574,51.77132],[19.50566,51.77151],[19.50581,51.77161],[19.50615,51.77168],[19.50816,51.77193],[19.50878,51.77205],[19.50917,51.77209],[19.50958,51.77205],[19.50982,51.77204],[19.51014,51.772],[19.51061,51.77193],[19.51106,51.77188],[19.51133,51.77184],[19.51143,51.77182],[19.51151,51.77181],[19.51165,51.77178],[19.51174,51.77176],[19.5118,51.77173],[19.51185,51.7717],[19.51203,51.77163],[19.51222,51.77157],[19.51248,51.77148],[19.51338,51.77115],[19.51371,51.77104],[19.51455,51.77073],[19.51494,51.7706],[19.51504,51.77056],[19.51509,51.77053],[19.51514,51.77048],[19.51536,51.77041],[19.51557,51.77035],[19.51567,51.77034],[19.51579,51.7703],[19.51588,51.77029],[19.51594,51.77033],[19.51596,51.77035],[19.51603,51.77042],[19.51607,51.77046],[19.51635,51.7707],[19.51662,51.77093],[19.51692,51.77118],[19.51756,51.7717],[19.51874,51.77269],[19.51908,51.77297],[19.5192,51.77305],[19.51945,51.7733],[19.52086,51.77444],[19.52129,51.77476],[19.52208,51.77545],[19.52243,51.77699],[19.52245,51.77718],[19.52257,51.77753],[19.52264,51.77771],[19.52268,51.77788],[19.52272,51.77804],[19.52278,51.77811],[19.52279,51.77814],[19.52279,51.77816],[19.52278,51.77819],[19.52278,51.7782],[19.52277,51.77821],[19.52273,51.77825],[19.52269,51.77825],[19.52262,51.7783],[19.52243,51.77835],[19.52201,51.77852],[19.52176,51.77862],[19.52168,51.77866],[19.52161,51.7787],[19.52161,51.77878],[19.52161,51.77883],[19.52173,51.77938],[19.52179,51.77938],[19.52189,51.78029],[19.52189,51.78038],[19.52197,51.78075],[19.52205,51.78118],[19.52208,51.78134],[19.52214,51.78174],[19.52221,51.78208],[19.52225,51.78232],[19.52242,51.78307],[19.52236,51.78309],[19.52235,51.78318],[19.52235,51.78328],[19.52272,51.78541],[19.52274,51.78558],[19.52277,51.78572],[19.52274,51.78585],[19.52274,51.78595],[19.52274,51.78609],[19.52286,51.78689],[19.52289,51.78691],[19.52291,51.78698],[19.52296,51.78701],[19.52309,51.78715],[19.52318,51.78724],[19.52321,51.78727],[19.52328,51.78733],[19.52333,51.78736],[19.52339,51.78746],[19.52346,51.78751],[19.52349,51.78755],[19.52349,51.78757],[19.52354,51.78769],[19.52356,51.78779],[19.52357,51.7879],[19.52368,51.78789],[19.52359,51.78809],[19.52367,51.78851],[19.5237,51.78869],[19.52377,51.78899],[19.52383,51.78926],[19.52392,51.7898],[19.52395,51.78994],[19.52415,51.79112],[19.52423,51.79144],[19.52428,51.79169],[19.5243,51.79182],[19.5243,51.79187],[19.52437,51.79199],[19.52424,51.792],[19.5242,51.79205],[19.52405,51.79217],[19.52396,51.79226],[19.52394,51.79229],[19.5239,51.79229],[19.52387,51.79238],[19.52384,51.79239],[19.52384,51.79245],[19.52384,51.79254],[19.52384,51.79255],[19.52387,51.79272],[19.52398,51.79315],[19.5241,51.79365],[19.52414,51.79383],[19.52415,51.79392],[19.52415,51.79397],[19.52446,51.79527],[19.52471,51.79642],[19.52473,51.79654],[19.52448,51.79653],[19.52419,51.79657],[19.52409,51.79658],[19.5237,51.7966],[19.52329,51.7966],[19.52328,51.7966],[19.52309,51.7966],[19.5231,51.79668],[19.52272,51.79666],[19.52255,51.79666],[19.52223,51.79668],[19.52169,51.79668],[19.5211,51.79676],[19.52061,51.79678],[19.52048,51.7968],[19.52014,51.79682],[19.51985,51.79683],[19.51955,51.79684],[19.51922,51.79684],[19.5187,51.79682],[19.51782,51.79678],[19.51701,51.79676],[19.51659,51.79675],[19.51612,51.79673],[19.51569,51.79668],[19.5153,51.79668],[19.51509,51.79668],[19.5149,51.79669],[19.51398,51.79665],[19.51312,51.7966],[19.51128,51.79656],[19.51023,51.79653],[19.50966,51.79651],[19.50866,51.79647],[19.50791,51.79642],[19.50662,51.79639],[19.50579,51.79637],[19.50504,51.79631],[19.50468,51.79622],[19.50429,51.79622],[19.50353,51.79611],[19.50299,51.79603],[19.50275,51.79599],[19.50252,51.79595],[19.50196,51.79579],[19.50178,51.79577],[19.50133,51.79567],[19.50113,51.79561],[19.49974,51.79525],[19.49933,51.79513],[19.49833,51.79485],[19.49783,51.79472],[19.4974,51.79455],[19.49652,51.79435],[19.49644,51.79433],[19.49547,51.79407],[19.49523,51.79399],[19.49501,51.7939],[19.49434,51.79365],[19.49261,51.79317],[19.48973,51.79239],[19.48942,51.79238],[19.48923,51.79237],[19.48871,51.79237],[19.48839,51.79229],[19.48809,51.79187],[19.48791,51.79169],[19.48773,51.79151],[19.48764,51.7914],[19.48745,51.7913],[19.48729,51.79124],[19.48713,51.79122],[19.48698,51.7912],[19.48683,51.79118],[19.48628,51.79106],[19.48478,51.79066],[19.48467,51.79061],[19.48453,51.79057],[19.48036,51.78948],[19.47972,51.78926],[19.47909,51.7891],[19.47907,51.78917],[19.47907,51.78921],[19.47896,51.78952],[19.47884,51.78987],[19.47873,51.79024],[19.47864,51.79051],[19.47797,51.79041],[19.47708,51.79032],[19.47688,51.79031],[19.47655,51.79027],[19.47638,51.79027],[19.47619,51.79027],[19.47516,51.79034],[19.47502,51.79034],[19.47448,51.79041],[19.47449,51.79047],[19.47381,51.79043],[19.4736,51.79047],[19.47354,51.79047],[19.47237,51.79056],[19.47214,51.79057],[19.47205,51.79058],[19.47111,51.79061],[19.47093,51.79065],[19.47065,51.79067],[19.46966,51.79072],[19.46908,51.79077],[19.46844,51.79079],[19.46828,51.79079],[19.46805,51.79079],[19.46794,51.79079],[19.46786,51.79077],[19.4678,51.79072],[19.46778,51.79068],[19.46777,51.79067],[19.46778,51.79061],[19.46778,51.79056],[19.46786,51.79034],[19.46788,51.79025],[19.4679,51.79007],[19.4679,51.78954],[19.4679,51.78926],[19.46781,51.78926],[19.46787,51.78628],[19.46446,51.7854],[19.46345,51.78533],[19.46255,51.78516],[19.46085,51.78484],[19.46022,51.78468],[19.45993,51.7861],[19.45962,51.78754],[19.45166,51.78748],[19.45178,51.78719],[19.4517,51.78704],[19.45154,51.78696],[19.45137,51.78691],[19.45111,51.78689],[19.45083,51.78689],[19.44931,51.78704]]},"properties":{"line":"64B","dir":"0","mode":"bus"}},{"type":"Feature","geometry":{"type":"LineString","coordinates":[[19.4493,51.78822],[19.4495,51.78929],[19.45031,51.78911],[19.45072,51.78873],[19.45226,51.78665],[19.45314,51.78664],[19.45835,51.78672],[19.45975,51.78674],[19.46019,51.78465],[19.46358,51.7853],[19.46439,51.78534],[19.46771,51.78606],[19.46768,51.78636],[19.46775,51.78659],[19.46784,51.78674],[19.46793,51.78854],[19.4679,51.7889],[19.4679,51.78954],[19.4679,51.79007],[19.46788,51.79025],[19.46786,51.79034],[19.46778,51.79056],[19.46778,51.79061],[19.46777,51.79067],[19.46778,51.79068],[19.4678,51.79072],[19.46786,51.79077],[19.46794,51.79079],[19.46805,51.79079],[19.46828,51.79079],[19.46844,51.79079],[19.46908,51.79077],[19.46966,51.79072],[19.47065,51.79067],[19.47093,51.79065],[19.47111,51.79061],[19.47205,51.79058],[19.47214,51.79057],[19.47237,51.79056],[19.47354,51.79047],[19.4736,51.79047],[19.47381,51.79043],[19.47502,51.79034],[19.47516,51.79034],[19.47565,51.79032],[19.47563,51.79027],[19.47619,51.79027],[19.47638,51.79027],[19.47655,51.79027],[19.47688,51.79031],[19.47708,51.79032],[19.47797,51.79041],[19.47864,51.79051],[19.47872,51.79024],[19.47884,51.78987],[19.47907,51.78921],[19.47907,51.78917],[19.47909,51.7891],[19.47972,51.78926],[19.47993,51.78934],[19.48037,51.78944],[19.48453,51.79057],[19.48467,51.79061],[19.48519,51.7907],[19.4852,51.7907],[19.48533,51.79074],[19.48588,51.79084],[19.48592,51.79079],[19.48654,51.79101],[19.4867,51.79104],[19.48678,51.79106],[19.48689,51.79106],[19.48702,51.79106],[19.48713,51.79106],[19.48717,51.79104],[19.48729,51.79103],[19.48746,51.79095],[19.48752,51.791],[19.4877,51.79113],[19.48791,51.79133],[19.48817,51.79157],[19.4882,51.79163],[19.48853,51.79204],[19.48871,51.79211],[19.48886,51.79217],[19.48904,51.79221],[19.48923,51.79226],[19.48942,51.79227],[19.4896,51.79229],[19.48977,51.79229],[19.48994,51.79229],[19.48998,51.79235],[19.49023,51.79239],[19.49055,51.79248],[19.49146,51.79274],[19.49252,51.79306],[19.49264,51.79309],[19.49314,51.79324],[19.49317,51.79326],[19.49331,51.79324],[19.49354,51.79334],[19.49369,51.79334],[19.49383,51.79338],[19.49383,51.79337],[19.49543,51.79383],[19.49611,51.79405],[19.4968,51.79424],[19.49916,51.79489],[19.50021,51.79518],[19.50109,51.79543],[19.50157,51.79552],[19.50165,51.79558],[19.50262,51.79579],[19.50275,51.79579],[19.50303,51.79587],[19.50309,51.79589],[19.50335,51.79594],[19.50376,51.79599],[19.50404,51.79604],[19.50441,51.79608],[19.50519,51.79615],[19.50635,51.79622],[19.5065,51.79622],[19.50697,51.79626],[19.50713,51.79622],[19.50716,51.79622],[19.5072,51.79622],[19.50724,51.7962],[19.5073,51.7962],[19.50735,51.7962],[19.50748,51.7962],[19.50772,51.7962],[19.50844,51.79622],[19.50938,51.79622],[19.51133,51.79633],[19.51185,51.79633],[19.51291,51.79642],[19.51297,51.79642],[19.51304,51.79642],[19.5131,51.79642],[19.51325,51.79647],[19.51359,51.79649],[19.51423,51.79651],[19.51476,51.79653],[19.51491,51.79653],[19.51511,51.79653],[19.51551,51.79656],[19.51582,51.79656],[19.51624,51.79658],[19.51639,51.79659],[19.51645,51.79659],[19.5165,51.7966],[19.51658,51.7966],[19.51667,51.79665],[19.51673,51.79666],[19.51678,51.79668],[19.51685,51.79668],[19.51694,51.79674],[19.51701,51.79676],[19.51782,51.79678],[19.5187,51.79682],[19.51922,51.79684],[19.51955,51.79684],[19.51985,51.79683],[19.52014,51.79682],[19.52048,51.7968],[19.52061,51.79678],[19.5211,51.79676],[19.52223,51.79668],[19.52353,51.79653],[19.5237,51.7966],[19.52409,51.79658],[19.52419,51.79657],[19.52448,51.79653],[19.52473,51.79654],[19.52471,51.79642],[19.52446,51.79527],[19.52415,51.79397],[19.52415,51.79392],[19.52414,51.79383],[19.5241,51.79365],[19.52398,51.79315],[19.52387,51.79272],[19.52384,51.79255],[19.52384,51.79254],[19.52384,51.79245],[19.52384,51.79239],[19.52374,51.79239],[19.52384,51.79239],[19.52387,51.79238],[19.5239,51.79229],[19.52394,51.79229],[19.52396,51.79226],[19.52405,51.79217],[19.52429,51.79216],[19.52424,51.792],[19.52427,51.79196],[19.5243,51.79192],[19.5243,51.79187],[19.5243,51.79182],[19.52428,51.79169],[19.52423,51.79144],[19.52415,51.79112],[19.52395,51.78994],[19.52392,51.7898],[19.52383,51.78926],[19.52377,51.78899],[19.5237,51.78869],[19.52367,51.78851],[19.52359,51.78809],[19.52347,51.78775],[19.52349,51.78761],[19.52287,51.78685],[19.52274,51.78558],[19.52201,51.78095],[19.52179,51.77976],[19.52165,51.77931],[19.52161,51.77868],[19.52273,51.77825],[19.52243,51.77735],[19.52245,51.77718],[19.52235,51.77686],[19.52234,51.7768],[19.52232,51.77679],[19.5222,51.77644],[19.52211,51.77615],[19.52208,51.77606],[19.52208,51.77603],[19.52208,51.77599],[19.52208,51.7759],[19.52208,51.77572],[19.52208,51.77564],[19.52208,51.7756],[19.52208,51.77557],[19.52208,51.77555],[19.52208,51.77552],[19.52206,51.77545],[19.52203,51.77542],[19.52198,51.77539],[19.52195,51.77534],[19.52188,51.77528],[19.52169,51.77512],[19.52142,51.77492],[19.52102,51.77458],[19.51945,51.7733],[19.5192,51.77305],[19.51908,51.77297],[19.51874,51.77269],[19.51756,51.7717],[19.51692,51.77118],[19.51662,51.77093],[19.51635,51.7707],[19.51607,51.77046],[19.51602,51.77042],[19.51596,51.77037],[19.51592,51.77034],[19.51588,51.77029],[19.5158,51.77032],[19.51573,51.77035],[19.51566,51.77038],[19.51551,51.77043],[19.51538,51.77052],[19.51513,51.77055],[19.51494,51.7706],[19.51455,51.77073],[19.51371,51.77104],[19.51338,51.77115],[19.51248,51.77148],[19.51222,51.77157],[19.51203,51.77163],[19.51185,51.7717],[19.51176,51.77175],[19.51169,51.77177],[19.51159,51.7718],[19.5115,51.77182],[19.51138,51.77184],[19.51128,51.77186],[19.51106,51.77188],[19.5101,51.77202],[19.50976,51.77206],[19.50948,51.77209],[19.5093,51.77211],[19.5092,51.77212],[19.50916,51.77212],[19.50907,51.77217],[19.50899,51.77209],[19.50884,51.77208],[19.50882,51.77206],[19.50878,51.77206],[19.50846,51.77199],[19.50828,51.77197],[19.50779,51.7719],[19.50766,51.77188],[19.50711,51.77182],[19.50566,51.77169],[19.50546,51.77172],[19.50531,51.77163],[19.50537,51.77152],[19.50553,51.77146],[19.50564,51.77119],[19.50659,51.76776],[19.5081,51.76328],[19.51114,51.76348],[19.5126,51.76354],[19.51311,51.76373],[19.51518,51.76375],[19.51593,51.76372],[19.51766,51.76373],[19.51804,51.76366],[19.51959,51.76365],[19.52092,51.76354],[19.52151,51.76346],[19.52175,51.76333],[19.52183,51.76319],[19.52176,51.76303],[19.52145,51.76289],[19.51976,51.7624],[19.51952,51.76236],[19.51927,51.76238],[19.51893,51.7625],[19.51848,51.7629],[19.51795,51.76263],[19.51761,51.76214],[19.51753,51.76178],[19.51915,51.75597],[19.51971,51.75451],[19.51982,51.7538],[19.52001,51.75349],[19.52032,51.75326],[19.52047,51.753],[19.52054,51.75225],[19.52072,51.75167],[19.5226,51.75191],[19.52312,51.75193],[19.52628,51.75224],[19.52985,51.75242],[19.53034,51.75251],[19.53079,51.75252],[19.53099,51.75243],[19.53128,51.75232],[19.5316,51.75232],[19.53179,51.75238],[19.53206,51.75252],[19.53244,51.75253],[19.53559,51.75223],[19.5365,51.75219],[19.53762,51.75204],[19.53933,51.75176],[19.54031,51.75153],[19.5415,51.75121],[19.54169,51.75123],[19.542,51.7514]]},"properties":{"line":"64B","dir":"1","mode":"bus"}},{"type":"Feature","geometry":{"type":"LineString","coordinates":[[19.44639,51.82337],[19.44754,51.82268],[19.4481,51.82184],[19.44832,51.82159],[19.44888,51.82075],[19.44846,51.81916],[19.44832,51.81895],[19.44835,51.81803],[19.45051,51.81768],[19.45187,51.81744],[19.45311,51.8171],[19.45367,51.81675],[19.45456,51.81621],[19.45567,51.81456],[19.45517,51.81312],[19.45521,51.81218],[19.45544,51.81137],[19.4562,51.81],[19.45625,51.81],[19.45793,51.80794],[19.45817,51.80757],[19.45873,51.80691],[19.45906,51.80601],[19.45911,51.80523],[19.45888,51.80457],[19.45849,51.80302],[19.45742,51.80122],[19.45617,51.79871],[19.4561,51.79846],[19.45598,51.79804],[19.45593,51.79781],[19.45588,51.79752],[19.4558,51.7973],[19.45577,51.79712],[19.45581,51.79668],[19.45566,51.79584],[19.45559,51.79556],[19.45553,51.79539],[19.4555,51.79526],[19.45432,51.7894],[19.45432,51.7889],[19.45432,51.78854],[19.4543,51.78753],[19.45373,51.78755],[19.45273,51.78751],[19.45224,51.7875],[19.45166,51.78752],[19.45178,51.7873],[19.45178,51.78728],[19.45179,51.78719],[19.45179,51.78717],[19.45179,51.78712],[19.45179,51.7871],[19.45178,51.78709],[19.45177,51.78707],[19.45173,51.78703],[19.4517,51.787],[19.45169,51.78699],[19.4516,51.78691],[19.4515,51.78691],[19.45138,51.78689],[19.4512,51.78685],[19.45107,51.78685],[19.45092,51.78685],[19.45053,51.78689],[19.45028,51.78691],[19.45014,51.78691],[19.44942,51.78701],[19.44911,51.7871],[19.44909,51.7871],[19.44897,51.7871],[19.44897,51.78709],[19.44916,51.78647],[19.4492,51.78638],[19.44912,51.78636],[19.44932,51.78586],[19.45028,51.78293],[19.44917,51.78314],[19.44412,51.78406],[19.43991,51.78479],[19.43802,51.78517],[19.43643,51.78554],[19.43476,51.78584],[19.43385,51.78546],[19.43272,51.78527],[19.43233,51.7851],[19.4323,51.78509],[19.43227,51.78509],[19.4322,51.78503],[19.43205,51.78503],[19.43056,51.78496],[19.4299,51.78494],[19.4293,51.78489],[19.42924,51.78489],[19.4285,51.78486],[19.42803,51.78484],[19.42705,51.78485],[19.42644,51.78486],[19.42625,51.78253],[19.42673,51.78117],[19.42739,51.77775],[19.42739,51.77641],[19.42717,51.77458],[19.42751,51.7735],[19.4288,51.77073],[19.42898,51.77016],[19.42898,51.77008],[19.42903,51.77001],[19.42927,51.76964],[19.4295,51.76938],[19.42955,51.76929],[19.42959,51.76929],[19.42972,51.7692],[19.42982,51.7692],[19.4299,51.7692],[19.42998,51.76918],[19.43114,51.76906],[19.4317,51.76902],[19.43185,51.76907],[19.43194,51.7691],[19.43205,51.76911],[19.43274,51.76937],[19.43293,51.76943],[19.43399,51.76976],[19.44356,51.77269],[19.44522,51.77288],[19.44522,51.77225],[19.44594,51.7692],[19.44606,51.7692],[19.4463,51.76785],[19.4436,51.7676],[19.43893,51.76719],[19.43882,51.76715],[19.43938,51.7645],[19.4394,51.76426],[19.4393,51.76398],[19.43922,51.76367],[19.43919,51.76349],[19.43924,51.7633],[19.44137,51.76135],[19.44189,51.76085],[19.43854,51.7596],[19.43515,51.75842],[19.43452,51.75819],[19.43442,51.75815],[19.43411,51.75805],[19.43373,51.75789],[19.43368,51.75787],[19.43343,51.7578],[19.43367,51.75741],[19.43387,51.75704],[19.43394,51.75693],[19.43385,51.75694],[19.43396,51.75686],[19.4342,51.75645],[19.43434,51.75619],[19.43442,51.75601],[19.43446,51.75597],[19.43447,51.75596],[19.43448,51.75593],[19.43455,51.75582],[19.43462,51.75569],[19.43469,51.75555],[19.43487,51.75519],[19.43492,51.75513],[19.43497,51.75506],[19.43503,51.75494],[19.43511,51.75474],[19.43512,51.7547],[19.43523,51.75433],[19.4354,51.75379],[19.43558,51.75325],[19.43565,51.75298],[19.43569,51.7529],[19.43573,51.75283],[19.43589,51.75259],[19.43592,51.75242],[19.43593,51.75232],[19.43608,51.75184],[19.43614,51.75161],[19.43628,51.7513],[19.4364,51.75103],[19.43649,51.75085],[19.43657,51.75067],[19.43687,51.75021],[19.43702,51.75001],[19.4371,51.74993],[19.43728,51.74968],[19.43786,51.74896],[19.4379,51.74889],[19.43798,51.7488],[19.43821,51.74847],[19.43927,51.74704],[19.43963,51.74653],[19.43976,51.74628],[19.43994,51.7457],[19.44014,51.74565],[19.44032,51.74531],[19.44043,51.74501],[19.44048,51.74486],[19.44057,51.74464],[19.44062,51.74444],[19.44071,51.74418],[19.44088,51.74369],[19.441,51.74342],[19.44108,51.74319],[19.44136,51.74243],[19.44149,51.74204],[19.44165,51.74162],[19.44169,51.74153],[19.44198,51.74065],[19.44209,51.74026],[19.44212,51.74002],[19.4422,51.73921],[19.44221,51.73885],[19.44219,51.73848],[19.44215,51.73826],[19.44212,51.73767],[19.44212,51.73764],[19.44204,51.73653],[19.44116,51.73651],[19.4407,51.73652],[19.43955,51.7365],[19.438,51.73655],[19.43527,51.73674],[19.43452,51.7368],[19.43424,51.73685],[19.43424,51.7369],[19.43418,51.73695],[19.4341,51.73698],[19.43396,51.73698],[19.43387,51.73695],[19.43384,51.7369],[19.43371,51.73687],[19.43331,51.73685],[19.43078,51.73702],[19.42756,51.73721],[19.4267,51.73729],[19.42355,51.73829],[19.42197,51.7389],[19.42175,51.73901],[19.42156,51.73915],[19.42158,51.7392],[19.42157,51.73926],[19.42152,51.73933],[19.42155,51.7397],[19.42185,51.74094],[19.42224,51.74239],[19.4223,51.74264],[19.4222,51.7428],[19.42207,51.74295],[19.42107,51.74426],[19.42067,51.74479],[19.42015,51.74562],[19.41958,51.74665],[19.41892,51.74819],[19.41869,51.7483],[19.41829,51.74827],[19.42091,51.74409],[19.42119,51.74349],[19.42138,51.74272],[19.41641,51.7404],[19.41374,51.73903],[19.40818,51.73622],[19.40759,51.73599],[19.40565,51.73482],[19.40506,51.73384],[19.40502,51.73359],[19.40485,51.72874],[19.4039,51.72853],[19.40223,51.72819],[19.3998,51.72766],[19.39968,51.72767],[19.39971,51.72747],[19.39973,51.72739],[19.3998,51.72735],[19.40008,51.72732],[19.40039,51.72727]]},"properties":{"line":"65A","dir":"0","mode":"bus"}},{"type":"Feature","geometry":{"type":"LineString","coordinates":[[19.40224,51.7277],[19.40485,51.72829],[19.40506,51.73384],[19.40516,51.73426],[19.40543,51.73464],[19.40576,51.73491],[19.40759,51.73589],[19.40856,51.73626],[19.40969,51.73693],[19.41347,51.7388],[19.4135,51.73889],[19.41632,51.74026],[19.41659,51.74036],[19.41992,51.74194],[19.42226,51.74236],[19.42226,51.74273],[19.42195,51.74316],[19.42059,51.74488],[19.41991,51.74603],[19.41956,51.7467],[19.41894,51.74822],[19.41866,51.74829],[19.41833,51.74827],[19.41923,51.74607],[19.4194,51.74586],[19.4201,51.74513],[19.42043,51.74473],[19.42083,51.7442],[19.42123,51.74352],[19.42136,51.74309],[19.4216,51.74048],[19.42155,51.74012],[19.42144,51.73953],[19.42138,51.73936],[19.42129,51.7393],[19.42124,51.73923],[19.42126,51.73915],[19.42138,51.73909],[19.42157,51.73907],[19.42172,51.73896],[19.4233,51.73834],[19.42444,51.73796],[19.4263,51.73737],[19.42936,51.73705],[19.43096,51.73698],[19.43223,51.73689],[19.43315,51.73683],[19.43381,51.73679],[19.43389,51.73675],[19.43399,51.73671],[19.43413,51.73672],[19.43419,51.73675],[19.4345,51.73663],[19.43465,51.7366],[19.43487,51.73657],[19.43515,51.73653],[19.4354,51.73651],[19.43565,51.73647],[19.43578,51.73644],[19.43926,51.73635],[19.4423,51.7364],[19.44234,51.73721],[19.4424,51.7388],[19.44245,51.73972],[19.44222,51.7406],[19.44096,51.74412],[19.44027,51.74593],[19.43997,51.74641],[19.43991,51.7465],[19.43982,51.74663],[19.4395,51.74705],[19.43933,51.74725],[19.43821,51.7488],[19.43812,51.74895],[19.43799,51.74913],[19.43797,51.74929],[19.43762,51.74958],[19.43714,51.75022],[19.43702,51.7504],[19.43675,51.75085],[19.43659,51.7511],[19.4364,51.75157],[19.43625,51.75203],[19.43614,51.75235],[19.43612,51.75247],[19.43599,51.75287],[19.43569,51.75398],[19.43554,51.75451],[19.43545,51.75477],[19.43494,51.756],[19.43479,51.75632],[19.43452,51.75675],[19.43443,51.75702],[19.43444,51.75717],[19.43437,51.75736],[19.4337,51.75834],[19.43308,51.75927],[19.43263,51.75987],[19.43226,51.7603],[19.43199,51.76057],[19.43161,51.76089],[19.43184,51.76098],[19.43186,51.76101],[19.43208,51.7611],[19.43259,51.76132],[19.43283,51.76135],[19.43293,51.76141],[19.43776,51.76353],[19.43874,51.7639],[19.43933,51.76402],[19.43945,51.76416],[19.43941,51.76465],[19.43925,51.76589],[19.43887,51.76721],[19.44635,51.76787],[19.42914,51.77019],[19.42904,51.77048],[19.42885,51.7706],[19.42867,51.77098],[19.42837,51.77159],[19.42827,51.77179],[19.42807,51.77217],[19.42801,51.7723],[19.42786,51.77259],[19.42772,51.77295],[19.4276,51.77323],[19.42752,51.77346],[19.42751,51.7735],[19.42748,51.77357],[19.42739,51.77382],[19.42726,51.77439],[19.42744,51.77726],[19.42696,51.78075],[19.42625,51.78255],[19.42644,51.78486],[19.42705,51.78485],[19.42803,51.78484],[19.4285,51.78486],[19.42924,51.78489],[19.4293,51.78489],[19.4299,51.78494],[19.43056,51.78496],[19.43448,51.78563],[19.43476,51.78584],[19.44012,51.78469],[19.45036,51.78291],[19.45058,51.78292],[19.44969,51.78563],[19.44944,51.78664],[19.44978,51.78691],[19.45217,51.78666],[19.45429,51.78668],[19.45442,51.79031],[19.45554,51.79523],[19.45557,51.79531],[19.45582,51.79634],[19.45593,51.79707],[19.45596,51.79779],[19.45609,51.79829],[19.4575,51.80096],[19.4591,51.80453],[19.4591,51.80453],[19.45925,51.80556],[19.45908,51.80655],[19.45808,51.80799],[19.45782,51.80842],[19.45751,51.80865],[19.45722,51.80895],[19.45708,51.80914],[19.45686,51.80938],[19.45675,51.8095],[19.45666,51.80963],[19.45654,51.80977],[19.45647,51.80986],[19.45637,51.81004],[19.4562,51.81029],[19.45598,51.8107],[19.45585,51.8109],[19.45573,51.81108],[19.45567,51.81121],[19.45563,51.81133],[19.4556,51.81143],[19.45558,51.81153],[19.45554,51.81164],[19.45552,51.81182],[19.45548,51.81208],[19.45544,51.81218],[19.45557,51.81226],[19.45538,51.81317],[19.45572,51.81467],[19.45539,51.81538],[19.45468,51.8163],[19.45419,51.81682],[19.45304,51.81729],[19.45144,51.81763],[19.44875,51.81812],[19.44842,51.81846],[19.449,51.82066],[19.44744,51.82279],[19.44296,51.82519],[19.44262,51.82526],[19.44227,51.82528],[19.44178,51.82523],[19.43883,51.82444],[19.43825,51.82521],[19.43811,51.82532],[19.4378,51.8253],[19.43767,51.82525],[19.43759,51.82513],[19.43781,51.8248]]},"properties":{"line":"65A","dir":"1","mode":"bus"}},{"type":"Feature","geometry":{"type":"LineString","coordinates":[[19.44639,51.82337],[19.44754,51.82268],[19.4481,51.82184],[19.44832,51.82159],[19.44888,51.82075],[19.44846,51.81916],[19.44832,51.81895],[19.44835,51.81803],[19.45051,51.81768],[19.45187,51.81744],[19.45311,51.8171],[19.45367,51.81675],[19.45456,51.81621],[19.45567,51.81456],[19.45517,51.81312],[19.45521,51.81218],[19.45544,51.81137],[19.4562,51.81],[19.45625,51.81],[19.45793,51.80794],[19.45817,51.80757],[19.45873,51.80691],[19.45906,51.80601],[19.45911,51.80523],[19.45888,51.80457],[19.45849,51.80302],[19.45742,51.80122],[19.45617,51.79871],[19.4561,51.79846],[19.45598,51.79804],[19.45593,51.79781],[19.45588,51.79752],[19.4558,51.7973],[19.45577,51.79712],[19.45581,51.79668],[19.45566,51.79584],[19.45559,51.79556],[19.45553,51.79539],[19.4555,51.79526],[19.45432,51.7894],[19.45432,51.7889],[19.45432,51.78854],[19.4543,51.78753],[19.45373,51.78755],[19.45273,51.78751],[19.45224,51.7875],[19.45166,51.78752],[19.45178,51.7873],[19.45178,51.78728],[19.45179,51.78719],[19.45179,51.78717],[19.45179,51.78712],[19.45179,51.7871],[19.45178,51.78709],[19.45177,51.78707],[19.45173,51.78703],[19.4517,51.787],[19.45169,51.78699],[19.4516,51.78691],[19.4515,51.78691],[19.45138,51.78689],[19.4512,51.78685],[19.45107,51.78685],[19.45092,51.78685],[19.45053,51.78689],[19.45028,51.78691],[19.45014,51.78691],[19.44942,51.78701],[19.44911,51.7871],[19.44909,51.7871],[19.44897,51.7871],[19.44897,51.78709],[19.44916,51.78647],[19.4492,51.78638],[19.44912,51.78636],[19.44932,51.78586],[19.45028,51.78293],[19.44917,51.78314],[19.44412,51.78406],[19.43991,51.78479],[19.43802,51.78517],[19.43643,51.78554],[19.43476,51.78584],[19.43385,51.78546],[19.43272,51.78527],[19.43233,51.7851],[19.4323,51.78509],[19.43227,51.78509],[19.4322,51.78503],[19.43205,51.78503],[19.43056,51.78496],[19.4299,51.78494],[19.4293,51.78489],[19.42924,51.78489],[19.4285,51.78486],[19.42803,51.78484],[19.42705,51.78485],[19.42644,51.78486],[19.42625,51.78253],[19.42673,51.78117],[19.42739,51.77775],[19.42739,51.77641],[19.42717,51.77458],[19.42751,51.7735],[19.4288,51.77073],[19.42898,51.77016],[19.42898,51.77008],[19.42903,51.77001],[19.42927,51.76964],[19.4295,51.76938],[19.42955,51.76929],[19.42959,51.76929],[19.42972,51.7692],[19.42982,51.7692],[19.4299,51.7692],[19.42998,51.76918],[19.43114,51.76906],[19.4317,51.76902],[19.43185,51.76907],[19.43194,51.7691],[19.43205,51.76911],[19.43274,51.76937],[19.43293,51.76943],[19.43399,51.76976],[19.44356,51.77269],[19.44522,51.77288],[19.44522,51.77225],[19.44594,51.7692],[19.44606,51.7692],[19.4463,51.76785],[19.4436,51.7676],[19.43893,51.76719],[19.43882,51.76715],[19.43938,51.7645],[19.4394,51.76426],[19.4393,51.76398],[19.43922,51.76367],[19.43919,51.76349],[19.43924,51.7633],[19.44137,51.76135],[19.44189,51.76085],[19.43854,51.7596],[19.43515,51.75842],[19.43452,51.75819],[19.43442,51.75815],[19.43411,51.75805],[19.43373,51.75789],[19.43368,51.75787],[19.43343,51.7578],[19.43367,51.75741],[19.43387,51.75704],[19.43394,51.75693],[19.43385,51.75694],[19.43396,51.75686],[19.4342,51.75645],[19.43434,51.75619],[19.43442,51.75601],[19.43446,51.75597],[19.43447,51.75596],[19.43448,51.75593],[19.43455,51.75582],[19.43462,51.75569],[19.43469,51.75555],[19.43487,51.75519],[19.43492,51.75513],[19.43497,51.75506],[19.43503,51.75494],[19.43511,51.75474],[19.43512,51.7547],[19.43523,51.75433],[19.4354,51.75379],[19.43558,51.75325],[19.43565,51.75298],[19.43569,51.7529],[19.43573,51.75283],[19.43589,51.75259],[19.43592,51.75242],[19.43593,51.75232],[19.43608,51.75184],[19.43614,51.75161],[19.43628,51.7513],[19.4364,51.75103],[19.43649,51.75085],[19.43657,51.75067],[19.43687,51.75021],[19.43702,51.75001],[19.4371,51.74993],[19.43728,51.74968],[19.43786,51.74896],[19.4379,51.74889],[19.43798,51.7488],[19.43821,51.74847],[19.43927,51.74704],[19.43963,51.74653],[19.43976,51.74628],[19.43994,51.7457],[19.44014,51.74565],[19.44032,51.74531],[19.44043,51.74501],[19.44048,51.74486],[19.44057,51.74464],[19.44062,51.74444],[19.44071,51.74418],[19.44088,51.74369],[19.441,51.74342],[19.44108,51.74319],[19.44136,51.74243],[19.44149,51.74204],[19.44165,51.74162],[19.44169,51.74153],[19.44198,51.74065],[19.44209,51.74026],[19.44212,51.74002],[19.4422,51.73921],[19.44221,51.73885],[19.44219,51.73848],[19.44215,51.73826],[19.44212,51.73767],[19.44212,51.73764],[19.44204,51.73653],[19.44116,51.73651],[19.4407,51.73652],[19.43955,51.7365],[19.438,51.73655],[19.43527,51.73674],[19.43452,51.7368],[19.43424,51.73685],[19.43424,51.7369],[19.43418,51.73695],[19.4341,51.73698],[19.43396,51.73698],[19.43387,51.73695],[19.43384,51.7369],[19.43371,51.73687],[19.43331,51.73685],[19.43078,51.73702],[19.42756,51.73721],[19.4267,51.73729],[19.42355,51.73829],[19.42197,51.7389],[19.42175,51.73901],[19.42156,51.73915],[19.42158,51.7392],[19.42157,51.73926],[19.42152,51.73933],[19.42155,51.7397],[19.42185,51.74094],[19.42224,51.74239],[19.4223,51.74264],[19.4222,51.7428],[19.42207,51.74295],[19.42107,51.74426],[19.42067,51.74479],[19.42015,51.74562],[19.41958,51.74665],[19.41892,51.74819],[19.41869,51.7483],[19.41829,51.74827],[19.42091,51.74409],[19.42119,51.74349],[19.42138,51.74272],[19.41641,51.7404],[19.41374,51.73903],[19.40818,51.73622],[19.40759,51.73599],[19.40565,51.73482],[19.40506,51.73384],[19.40502,51.73359],[19.40485,51.72874],[19.40223,51.72819],[19.39964,51.72763],[19.39594,51.72834],[19.39577,51.72835],[19.39554,51.72835],[19.39532,51.72844],[19.39487,51.72869],[19.39553,51.72917],[19.39567,51.72916],[19.39584,51.7291],[19.39585,51.72874],[19.39585,51.7287],[19.39584,51.72866]]},"properties":{"line":"65B","dir":"0","mode":"bus"}},{"type":"Feature","geometry":{"type":"LineString","coordinates":[[19.39584,51.72866],[19.39594,51.72834],[19.39722,51.72806],[19.39883,51.72778],[19.39932,51.7277],[19.39975,51.72761],[19.39971,51.72755],[19.3997,51.72746],[19.39974,51.72739],[19.39987,51.72732],[19.40006,51.72732],[19.40058,51.72732],[19.40224,51.7277],[19.40485,51.72829],[19.40506,51.73384],[19.40516,51.73426],[19.40543,51.73464],[19.40576,51.73491],[19.40759,51.73589],[19.40856,51.73626],[19.40969,51.73693],[19.41347,51.7388],[19.4135,51.73889],[19.41632,51.74026],[19.41659,51.74036],[19.41992,51.74194],[19.42226,51.74236],[19.42226,51.74273],[19.42195,51.74316],[19.42059,51.74488],[19.41991,51.74603],[19.41956,51.7467],[19.41894,51.74822],[19.41866,51.74829],[19.41833,51.74827],[19.41923,51.74607],[19.4194,51.74586],[19.4201,51.74513],[19.42043,51.74473],[19.42083,51.7442],[19.42123,51.74352],[19.42136,51.74309],[19.4216,51.74048],[19.42155,51.74012],[19.42144,51.73953],[19.42138,51.73936],[19.42129,51.7393],[19.42124,51.73923],[19.42126,51.73915],[19.42138,51.73909],[19.42157,51.73907],[19.42172,51.73896],[19.4233,51.73834],[19.42444,51.73796],[19.4263,51.73737],[19.42936,51.73705],[19.43096,51.73698],[19.43223,51.73689],[19.43315,51.73683],[19.43381,51.73679],[19.43389,51.73675],[19.43399,51.73671],[19.43413,51.73672],[19.43419,51.73675],[19.4345,51.73663],[19.43465,51.7366],[19.43487,51.73657],[19.43515,51.73653],[19.4354,51.73651],[19.43565,51.73647],[19.43578,51.73644],[19.43926,51.73635],[19.4423,51.7364],[19.44234,51.73721],[19.4424,51.7388],[19.44245,51.73972],[19.44222,51.7406],[19.44096,51.74412],[19.44027,51.74593],[19.43997,51.74641],[19.43991,51.7465],[19.43982,51.74663],[19.4395,51.74705],[19.43933,51.74725],[19.43821,51.7488],[19.43812,51.74895],[19.43799,51.74913],[19.43797,51.74929],[19.43762,51.74958],[19.43714,51.75022],[19.43702,51.7504],[19.43675,51.75085],[19.43659,51.7511],[19.4364,51.75157],[19.43625,51.75203],[19.43614,51.75235],[19.43612,51.75247],[19.43599,51.75287],[19.43569,51.75398],[19.43554,51.75451],[19.43545,51.75477],[19.43494,51.756],[19.43479,51.75632],[19.43452,51.75675],[19.43443,51.75702],[19.43444,51.75717],[19.43437,51.75736],[19.4337,51.75834],[19.43308,51.75927],[19.43263,51.75987],[19.43226,51.7603],[19.43199,51.76057],[19.43161,51.76089],[19.43184,51.76098],[19.43186,51.76101],[19.43208,51.7611],[19.43259,51.76132],[19.43283,51.76135],[19.43293,51.76141],[19.43776,51.76353],[19.43874,51.7639],[19.43933,51.76402],[19.43945,51.76416],[19.43941,51.76465],[19.43925,51.76589],[19.43887,51.76721],[19.44635,51.76787],[19.42914,51.77019],[19.42904,51.77048],[19.42885,51.7706],[19.42867,51.77098],[19.42837,51.77159],[19.42827,51.77179],[19.42807,51.77217],[19.42801,51.7723],[19.42786,51.77259],[19.42772,51.77295],[19.4276,51.77323],[19.42752,51.77346],[19.42751,51.7735],[19.42748,51.77357],[19.42739,51.77382],[19.42726,51.77439],[19.42744,51.77726],[19.42696,51.78075],[19.42625,51.78255],[19.42644,51.78486],[19.42705,51.78485],[19.42803,51.78484],[19.4285,51.78486],[19.42924,51.78489],[19.4293,51.78489],[19.4299,51.78494],[19.43056,51.78496],[19.43448,51.78563],[19.43476,51.78584],[19.44012,51.78469],[19.45036,51.78291],[19.45058,51.78292],[19.44969,51.78563],[19.44944,51.78664],[19.44978,51.78691],[19.45217,51.78666],[19.45429,51.78668],[19.45442,51.79031],[19.45554,51.79523],[19.45557,51.79531],[19.45582,51.79634],[19.45593,51.79707],[19.45596,51.79779],[19.45609,51.79829],[19.4575,51.80096],[19.4591,51.80453],[19.4591,51.80453],[19.45925,51.80556],[19.45908,51.80655],[19.45808,51.80799],[19.45782,51.80842],[19.45751,51.80865],[19.45722,51.80895],[19.45708,51.80914],[19.45686,51.80938],[19.45675,51.8095],[19.45666,51.80963],[19.45654,51.80977],[19.45647,51.80986],[19.45637,51.81004],[19.4562,51.81029],[19.45598,51.8107],[19.45585,51.8109],[19.45573,51.81108],[19.45567,51.81121],[19.45563,51.81133],[19.4556,51.81143],[19.45558,51.81153],[19.45554,51.81164],[19.45552,51.81182],[19.45548,51.81208],[19.45544,51.81218],[19.45557,51.81226],[19.45538,51.81317],[19.45572,51.81467],[19.45539,51.81538],[19.45468,51.8163],[19.45419,51.81682],[19.45304,51.81729],[19.45144,51.81763],[19.44875,51.81812],[19.44842,51.81846],[19.449,51.82066],[19.44744,51.82279],[19.44296,51.82519],[19.44262,51.82526],[19.44227,51.82528],[19.44178,51.82523],[19.43883,51.82444],[19.43825,51.82521],[19.43811,51.82532],[19.4378,51.8253],[19.43767,51.82525],[19.43759,51.82513],[19.43781,51.8248]]},"properties":{"line":"65B","dir":"1","mode":"bus"}},{"type":"Feature","geometry":{"type":"LineString","coordinates":[[19.45947,51.80115],[19.45954,51.80108],[19.45954,51.80094],[19.45858,51.80105],[19.45841,51.80107],[19.45823,51.80099],[19.45783,51.80128],[19.45868,51.8033],[19.45895,51.80393],[19.4591,51.80453],[19.4591,51.80453],[19.45925,51.80556],[19.45908,51.80655],[19.45808,51.80799],[19.45782,51.80842],[19.45751,51.80865],[19.45722,51.80895],[19.45708,51.80914],[19.45686,51.80938],[19.45675,51.8095],[19.45666,51.80963],[19.45654,51.80977],[19.45647,51.80986],[19.45637,51.81004],[19.4562,51.81029],[19.45598,51.8107],[19.45585,51.8109],[19.45573,51.81108],[19.45567,51.81121],[19.45563,51.81133],[19.4556,51.81143],[19.45558,51.81153],[19.45554,51.81164],[19.45552,51.81182],[19.45548,51.81208],[19.45544,51.81218],[19.45557,51.81226],[19.4554,51.8127],[19.45536,51.81318],[19.45541,51.81369],[19.45566,51.81434],[19.45572,51.81471],[19.45562,51.815],[19.45475,51.81623],[19.45508,51.8163],[19.45508,51.8163],[19.45523,51.81644],[19.45554,51.81654],[19.45583,51.81666],[19.45606,51.81676],[19.45611,51.8168],[19.45617,51.81686],[19.4562,51.81689],[19.45621,51.81693],[19.45624,51.817],[19.45626,51.81717],[19.45632,51.81748],[19.45638,51.8178],[19.45647,51.81836],[19.45655,51.81883],[19.4566,51.819],[19.45665,51.81911],[19.45672,51.81923],[19.45686,51.81946],[19.45693,51.81959],[19.457,51.81969],[19.45705,51.81978],[19.45714,51.81992],[19.45727,51.82013],[19.45737,51.82029],[19.45743,51.82042],[19.45751,51.82056],[19.45759,51.82067],[19.45764,51.82075],[19.4577,51.82087],[19.45775,51.82095],[19.45779,51.82104],[19.4579,51.82127],[19.45799,51.82144],[19.45818,51.82185],[19.45836,51.8222],[19.45851,51.82251],[19.45867,51.82284],[19.45879,51.82309],[19.45889,51.82329],[19.45892,51.82336],[19.45899,51.82351],[19.45905,51.8235],[19.45905,51.8235],[19.45934,51.82418],[19.46188,51.82678],[19.46268,51.82775],[19.46353,51.8291],[19.46353,51.8291],[19.46403,51.83003],[19.46565,51.83501],[19.46675,51.83681],[19.46675,51.83681],[19.46721,51.83779],[19.46756,51.83965],[19.46751,51.84118],[19.46751,51.84118],[19.46732,51.84271],[19.46699,51.84364],[19.46714,51.84406],[19.46774,51.84492],[19.46791,51.84527],[19.46803,51.84551],[19.46812,51.84604],[19.46812,51.84604],[19.46812,51.84668],[19.46817,51.84674],[19.46923,51.84658],[19.46962,51.84651],[19.47037,51.84616],[19.47081,51.84589],[19.47126,51.84567],[19.47182,51.84561],[19.47253,51.84569],[19.47334,51.84597],[19.47429,51.84637],[19.47483,51.84663],[19.47488,51.84666],[19.47482,51.84673],[19.47488,51.84677],[19.4751,51.84686],[19.47534,51.84697],[19.47553,51.84684],[19.47569,51.84685],[19.49299,51.84569],[19.50162,51.84506],[19.50241,51.84507],[19.50377,51.84489],[19.50516,51.84471],[19.50684,51.84373],[19.50712,51.84355],[19.50723,51.84349]]},"properties":{"line":"66","dir":"0","mode":"bus"}},{"type":"Feature","geometry":{"type":"LineString","coordinates":[[19.50738,51.84358],[19.50735,51.84369],[19.50693,51.84367],[19.50527,51.8447],[19.50421,51.84487],[19.502,51.84511],[19.502,51.84511],[19.47551,51.84683],[19.47525,51.84704],[19.47481,51.84684],[19.47478,51.84674],[19.47487,51.84665],[19.47353,51.84608],[19.47271,51.84576],[19.47196,51.84565],[19.47148,51.84567],[19.47093,51.84584],[19.47007,51.84635],[19.46989,51.84647],[19.46962,51.84656],[19.4681,51.84681],[19.46805,51.84568],[19.46794,51.84525],[19.46725,51.8442],[19.467,51.84382],[19.46699,51.84356],[19.4673,51.84277],[19.4674,51.84197],[19.46744,51.84119],[19.46749,51.84092],[19.46754,51.84018],[19.46756,51.83995],[19.46756,51.83976],[19.46756,51.83968],[19.46755,51.83959],[19.46753,51.83943],[19.46737,51.83862],[19.4673,51.83816],[19.46726,51.83799],[19.46723,51.83788],[19.46721,51.83781],[19.46718,51.83775],[19.46715,51.83766],[19.46709,51.83752],[19.46699,51.83734],[19.46694,51.83724],[19.46691,51.83721],[19.46681,51.83723],[19.46681,51.83723],[19.46676,51.83694],[19.46614,51.8359],[19.46561,51.83494],[19.46508,51.83333],[19.46459,51.83177],[19.46421,51.83062],[19.464,51.83003],[19.46364,51.82952],[19.46364,51.82952],[19.46318,51.82858],[19.46258,51.8276],[19.4615,51.82656],[19.4615,51.82656],[19.45967,51.82457],[19.45932,51.82417],[19.4587,51.82304],[19.4587,51.82304],[19.45782,51.82108],[19.45671,51.81928],[19.45657,51.81884],[19.4562,51.81755],[19.4562,51.81755],[19.45632,51.81748],[19.45626,51.81717],[19.45624,51.817],[19.45621,51.81693],[19.4562,51.81689],[19.45617,51.81686],[19.45611,51.8168],[19.45606,51.81676],[19.45583,51.81666],[19.45554,51.81654],[19.45523,51.81644],[19.45498,51.81636],[19.45473,51.81627],[19.45456,51.81621],[19.45483,51.81595],[19.45519,51.81541],[19.45545,51.81502],[19.4555,51.81491],[19.45553,51.81481],[19.45555,51.8147],[19.45557,51.81459],[19.45555,51.81449],[19.45554,51.81439],[19.45551,51.81428],[19.45543,51.81407],[19.45531,51.81379],[19.45526,51.81364],[19.45522,51.81349],[19.4552,51.81332],[19.45519,51.81322],[19.45517,51.81312],[19.45521,51.81289],[19.45524,51.81267],[19.45521,51.81219],[19.45521,51.81218],[19.45544,51.81137],[19.4562,51.81],[19.45625,51.81],[19.45793,51.80794],[19.45817,51.80757],[19.45873,51.80691],[19.45906,51.80601],[19.45911,51.80523],[19.45888,51.80458],[19.45891,51.80426],[19.45879,51.80388],[19.45871,51.80369],[19.45862,51.80349],[19.45845,51.80318],[19.45824,51.80275],[19.45794,51.80219],[19.45788,51.80208],[19.45794,51.80205],[19.45795,51.80201],[19.45797,51.80198],[19.45801,51.80195],[19.4581,51.80189],[19.45827,51.80186],[19.45846,51.80183],[19.45864,51.8018],[19.45872,51.80179],[19.4588,51.80178],[19.45898,51.80177],[19.45911,51.80176],[19.45926,51.80176],[19.45933,51.80151],[19.45928,51.80142]]},"properties":{"line":"66","dir":"1","mode":"bus"}},{"type":"Feature","geometry":{"type":"LineString","coordinates":[[19.43143,51.7463],[19.43145,51.74632],[19.42914,51.74644],[19.42859,51.74637],[19.42805,51.74626],[19.42785,51.7461],[19.4277,51.74591],[19.42766,51.74536],[19.42748,51.74357],[19.42728,51.74322],[19.42652,51.74321],[19.42645,51.74324],[19.42638,51.7432],[19.42401,51.74312],[19.42357,51.74318],[19.42307,51.74309],[19.42207,51.74295],[19.42044,51.7452],[19.41967,51.74673],[19.41939,51.74713],[19.41918,51.74763],[19.41913,51.74769],[19.41906,51.74793],[19.41894,51.74817],[19.41876,51.74867],[19.41869,51.74884],[19.41864,51.74898],[19.41863,51.74907],[19.41861,51.74919],[19.41861,51.74932],[19.41863,51.74944],[19.41869,51.7497],[19.41875,51.74983],[19.41885,51.74999],[19.41906,51.75027],[19.41917,51.7504],[19.4192,51.7504],[19.41985,51.75131],[19.42053,51.75232],[19.42119,51.75325],[19.42135,51.75344],[19.42164,51.75371],[19.42176,51.75384],[19.42229,51.75477],[19.42251,51.75494],[19.42278,51.75519],[19.42292,51.75528],[19.42305,51.75537],[19.42329,51.75547],[19.42332,51.75548],[19.4235,51.75555],[19.42362,51.75558],[19.42372,51.7556],[19.42392,51.75566],[19.42409,51.75569],[19.42429,51.75574],[19.42461,51.75576],[19.42484,51.75578],[19.42523,51.75578],[19.42551,51.75575],[19.42598,51.75569],[19.42611,51.75566],[19.42651,51.7556],[19.42673,51.75558],[19.42673,51.75554],[19.42692,51.75557],[19.42718,51.75554],[19.42744,51.75551],[19.42766,51.75549],[19.42795,51.75548],[19.42833,51.75548],[19.42868,51.75548],[19.43004,51.75548],[19.43025,51.75548],[19.43071,51.75548],[19.43138,51.75551],[19.44564,51.75705],[19.46291,51.75956],[19.46228,51.76269],[19.46094,51.76908],[19.46443,51.76897],[19.46424,51.76939],[19.46435,51.76949],[19.46444,51.76953],[19.46699,51.77001],[19.46711,51.77007],[19.46717,51.7701],[19.46717,51.77021]]},"properties":{"line":"67","dir":"0","mode":"bus"}},{"type":"Feature","geometry":{"type":"LineString","coordinates":[[19.46848,51.77035],[19.46812,51.77033],[19.46765,51.77028],[19.46745,51.77026],[19.46716,51.77021],[19.46703,51.77017],[19.46696,51.77009],[19.46683,51.77001],[19.46557,51.76979],[19.46546,51.76976],[19.46535,51.76978],[19.46521,51.76981],[19.46503,51.76981],[19.46492,51.76981],[19.46479,51.7698],[19.46432,51.76969],[19.46423,51.76965],[19.46417,51.76962],[19.46409,51.76957],[19.46501,51.76783],[19.46558,51.76665],[19.46584,51.76612],[19.46639,51.76498],[19.46696,51.7638],[19.46861,51.76039],[19.4528,51.75905],[19.44868,51.75834],[19.44682,51.75815],[19.44436,51.7572],[19.44129,51.7564],[19.43983,51.75617],[19.43803,51.75605],[19.43631,51.75614],[19.43555,51.75623],[19.43434,51.75621],[19.43209,51.75591],[19.4318,51.75587],[19.43176,51.75585],[19.42982,51.75574],[19.42858,51.75575],[19.42737,51.75578],[19.42655,51.75592],[19.42625,51.75597],[19.42542,51.75609],[19.42513,51.75612],[19.42467,51.75614],[19.42458,51.75614],[19.42439,51.75612],[19.4242,51.75611],[19.42391,51.75605],[19.42382,51.75603],[19.42371,51.756],[19.42361,51.75597],[19.42341,51.7559],[19.42336,51.75587],[19.4232,51.75578],[19.42301,51.75572],[19.42296,51.75566],[19.42279,51.75558],[19.42266,51.75547],[19.42245,51.75527],[19.42214,51.75488],[19.42138,51.75386],[19.4212,51.75389],[19.42115,51.75352],[19.4209,51.75326],[19.41968,51.75155],[19.41955,51.75137],[19.41938,51.75112],[19.41889,51.75049],[19.41866,51.75019],[19.41861,51.75011],[19.41857,51.75004],[19.41831,51.74966],[19.41819,51.74941],[19.41814,51.74925],[19.4181,51.74907],[19.4181,51.74889],[19.41813,51.74869],[19.41816,51.74858],[19.41832,51.74828],[19.41857,51.74763],[19.41864,51.74756],[19.41882,51.747],[19.419,51.74659],[19.41902,51.74655],[19.4191,51.74636],[19.41927,51.74601],[19.41974,51.74554],[19.41978,51.74547],[19.41978,51.74545],[19.42,51.74522],[19.42023,51.74498],[19.42035,51.74483],[19.42054,51.74464],[19.42054,51.74459],[19.42058,51.74459],[19.42073,51.74438],[19.4208,51.7443],[19.4209,51.74414],[19.421,51.74401],[19.42108,51.74387],[19.4211,51.74375],[19.42119,51.74363],[19.42124,51.74351],[19.42129,51.74331],[19.42133,51.74317],[19.42135,51.74303],[19.42139,51.74272],[19.42143,51.74252],[19.4215,51.74245],[19.42155,51.74241],[19.42163,51.74233],[19.42171,51.74233],[19.42176,51.74232],[19.42185,51.74231],[19.42195,51.7423],[19.42204,51.74232],[19.42217,51.74233],[19.42223,51.7424],[19.42227,51.74243],[19.4223,51.74247],[19.42231,51.74252],[19.42231,51.74259],[19.4223,51.74259],[19.42223,51.74274],[19.42212,51.74293],[19.42231,51.74303],[19.42247,51.74303],[19.4226,51.74303],[19.42291,51.74303],[19.4231,51.74303],[19.42668,51.74317],[19.42672,51.74317],[19.42678,51.74317],[19.42698,51.74319],[19.42709,51.7432],[19.42727,51.74321],[19.42738,51.74331],[19.42743,51.74338],[19.42744,51.74342],[19.42747,51.74342],[19.42752,51.74365],[19.4276,51.74472],[19.42766,51.74574],[19.42773,51.7459],[19.42776,51.74599],[19.4278,51.74605],[19.42786,51.7461],[19.42795,51.74619],[19.42808,51.74626],[19.42819,51.74628],[19.42838,51.74634],[19.42859,51.74637],[19.42884,51.74641],[19.42906,51.74642],[19.42925,51.74642],[19.42955,51.74641],[19.43019,51.74637],[19.43053,51.74635],[19.43065,51.74635],[19.43072,51.74634],[19.43143,51.7463]]},"properties":{"line":"67","dir":"1","mode":"bus"}},{"type":"Feature","geometry":{"type":"LineString","coordinates":[[19.38265,51.74236],[19.38299,51.74172],[19.38507,51.73866],[19.3852,51.73849],[19.3856,51.73792],[19.38575,51.73767],[19.38599,51.73734],[19.38652,51.73647],[19.38657,51.73639],[19.38572,51.73636],[19.38131,51.73628],[19.37922,51.7359],[19.37583,51.73491],[19.37525,51.73471],[19.37352,51.73425],[19.37339,51.73419],[19.37064,51.73349],[19.37046,51.73344],[19.36924,51.73311],[19.3685,51.73291],[19.3591,51.73048],[19.35459,51.72869],[19.3526,51.72727],[19.35247,51.72716],[19.35213,51.72683],[19.35198,51.72677],[19.35181,51.72662],[19.35174,51.72656],[19.35164,51.72654],[19.35157,51.72653],[19.35151,51.7265],[19.35146,51.72643],[19.35146,51.72636],[19.35145,51.72632],[19.35141,51.72625],[19.35138,51.72618],[19.35135,51.72602],[19.35125,51.72611],[19.35118,51.72611],[19.35106,51.72613],[19.35094,51.7262],[19.35084,51.72625],[19.35071,51.72633],[19.34931,51.72747],[19.34915,51.7274],[19.34964,51.72694],[19.34984,51.72703],[19.3503,51.72665],[19.35066,51.72628],[19.35084,51.72613],[19.35098,51.72603],[19.35107,51.72594],[19.35107,51.72589],[19.35118,51.72591],[19.35119,51.7258],[19.35128,51.72575],[19.35145,51.7256],[19.3516,51.72546],[19.35183,51.72532],[19.35241,51.7248],[19.35297,51.72435],[19.35353,51.72388],[19.35396,51.72355],[19.35432,51.72327],[19.35451,51.72314],[19.35481,51.72282],[19.35507,51.72246],[19.35761,51.71987],[19.35865,51.71939],[19.36579,51.71368],[19.36624,51.71169],[19.36981,51.70978],[19.3704,51.70967],[19.37078,51.7097],[19.371,51.70967],[19.3724,51.70958],[19.37276,51.70958],[19.37564,51.7094],[19.3783,51.70922],[19.38093,51.70907],[19.38188,51.70901],[19.38187,51.70895],[19.38242,51.70898],[19.38343,51.70892],[19.38384,51.70889],[19.38524,51.7088],[19.38578,51.70877],[19.38638,51.70873],[19.3873,51.70866],[19.38815,51.70859],[19.38845,51.70859],[19.38911,51.70856],[19.38924,51.70855],[19.39031,51.70848],[19.39082,51.70846],[19.39171,51.70841],[19.39176,51.70841],[19.39174,51.70832],[19.39256,51.70836],[19.39338,51.7083],[19.39416,51.70823],[19.39491,51.70821],[19.39589,51.70815],[19.39687,51.70809],[19.39767,51.70803],[19.39849,51.70796],[19.39937,51.70794],[19.39956,51.70793],[19.40034,51.70787],[19.4007,51.70785],[19.40178,51.70778],[19.40187,51.70778],[19.40187,51.70774],[19.40243,51.70775],[19.40267,51.70774],[19.40307,51.70772],[19.40337,51.7077],[19.40414,51.70765],[19.40455,51.7076],[19.40538,51.70757],[19.4059,51.70751],[19.4065,51.7075],[19.4071,51.70747],[19.40763,51.70743],[19.40788,51.70742],[19.40926,51.70733],[19.40977,51.7073],[19.41036,51.70722],[19.4217,51.70652],[19.4221,51.70643],[19.42245,51.70629],[19.42127,51.70543],[19.41974,51.70424],[19.41882,51.70355],[19.41848,51.70327],[19.41555,51.70089],[19.41205,51.69925],[19.41246,51.6988],[19.41296,51.69872],[19.41341,51.69909],[19.41506,51.69999],[19.41705,51.70158],[19.42915,51.70168],[19.42915,51.70042],[19.43628,51.69927],[19.43744,51.69944],[19.43924,51.70003],[19.43887,51.70041],[19.43846,51.7011],[19.43825,51.70162],[19.43814,51.70193],[19.43795,51.7023],[19.43781,51.70255],[19.43744,51.70298],[19.4371,51.70331],[19.43666,51.70366],[19.4355,51.70452],[19.43499,51.70486],[19.43447,51.70525],[19.4339,51.70567],[19.43345,51.7061],[19.43302,51.70654],[19.43265,51.70694],[19.43203,51.70758],[19.4317,51.70791],[19.43098,51.70866],[19.4301,51.70958],[19.42952,51.71019],[19.42917,51.71055],[19.42899,51.71069],[19.42882,51.71084],[19.42852,51.71108],[19.43021,51.71244],[19.43077,51.71293],[19.43138,51.71341],[19.43225,51.71413],[19.43335,51.71504],[19.43437,51.71586],[19.43572,51.71699],[19.43655,51.71767],[19.43734,51.71831],[19.4378,51.71863],[19.43821,51.71904],[19.43907,51.71973],[19.43987,51.72041],[19.44131,51.72158],[19.44232,51.72241],[19.44344,51.72327],[19.44494,51.72453],[19.44569,51.7251],[19.44665,51.72583],[19.4469,51.72602],[19.44732,51.7264],[19.44799,51.72699],[19.44828,51.72723],[19.44856,51.72747],[19.45005,51.72871],[19.45095,51.72944],[19.45245,51.73061],[19.4526,51.7307],[19.45273,51.73077],[19.45292,51.73085],[19.45309,51.73088],[19.45324,51.73094],[19.45348,51.7311],[19.45367,51.73133],[19.45371,51.73147],[19.45373,51.73161],[19.4538,51.73175],[19.45385,51.73183],[19.45398,51.73194],[19.45413,51.73206],[19.45449,51.73237],[19.46193,51.73844],[19.46317,51.73941],[19.46333,51.73953],[19.46359,51.73962]]},"properties":{"line":"68","dir":"0","mode":"bus"}},{"type":"Feature","geometry":{"type":"LineString","coordinates":[[19.46271,51.74026],[19.46262,51.7402],[19.46277,51.73948],[19.46272,51.73931],[19.46248,51.73909],[19.45967,51.73683],[19.45849,51.73585],[19.45447,51.73264],[19.45411,51.73247],[19.45391,51.73218],[19.45372,51.73203],[19.45357,51.73196],[19.45329,51.73194],[19.45313,51.73196],[19.45288,51.73196],[19.45259,51.7319],[19.45234,51.73178],[19.45226,51.73164],[19.45221,51.73149],[19.45224,51.73123],[19.45226,51.73111],[19.45226,51.73095],[19.45217,51.73078],[19.45204,51.73058],[19.45179,51.73034],[19.45126,51.72994],[19.4508,51.72959],[19.44991,51.72892],[19.44951,51.72859],[19.449,51.72824],[19.44872,51.72802],[19.44855,51.7279],[19.448,51.72746],[19.44743,51.7269],[19.44701,51.72648],[19.44659,51.72609],[19.44614,51.7257],[19.44578,51.72544],[19.44546,51.72519],[19.44511,51.72494],[19.44435,51.72442],[19.44375,51.724],[19.4432,51.7236],[19.4429,51.72334],[19.44262,51.72313],[19.44194,51.72254],[19.44163,51.72228],[19.44126,51.72198],[19.43995,51.72086],[19.4391,51.72019],[19.43863,51.71978],[19.4379,51.71919],[19.43747,51.71885],[19.43739,51.71877],[19.43696,51.71843],[19.43599,51.71762],[19.43466,51.71652],[19.43405,51.716],[19.43353,51.71562],[19.43302,51.71518],[19.43272,51.7153],[19.42944,51.71646],[19.42773,51.7145],[19.42493,51.71262],[19.42799,51.71132],[19.42861,51.71102],[19.42906,51.71051],[19.4297,51.70983],[19.43049,51.709],[19.43091,51.70857],[19.43156,51.70788],[19.43189,51.70753],[19.43227,51.70715],[19.43268,51.70672],[19.43321,51.70616],[19.43356,51.70582],[19.43385,51.70555],[19.43462,51.70497],[19.43593,51.70404],[19.43646,51.70366],[19.43681,51.7034],[19.43715,51.70313],[19.43741,51.70284],[19.43761,51.70257],[19.43776,51.7024],[19.43795,51.70206],[19.43813,51.70158],[19.43855,51.70055],[19.439,51.70006],[19.43758,51.69951],[19.43715,51.69941],[19.43633,51.69931],[19.42923,51.7005],[19.42918,51.70179],[19.41736,51.70158],[19.41726,51.70165],[19.41723,51.70177],[19.41799,51.70242],[19.41845,51.70278],[19.42119,51.70504],[19.42214,51.70586],[19.42247,51.70611],[19.42272,51.70625],[19.42232,51.70649],[19.42214,51.70653],[19.42167,51.70654],[19.42119,51.70659],[19.42079,51.70661],[19.41689,51.70686],[19.41383,51.70705],[19.41348,51.70706],[19.41219,51.70715],[19.41087,51.70723],[19.41018,51.70732],[19.40977,51.7073],[19.40926,51.70733],[19.40788,51.70742],[19.40763,51.70743],[19.4071,51.70747],[19.4065,51.7075],[19.4059,51.70751],[19.40538,51.70757],[19.40455,51.7076],[19.40414,51.70765],[19.40337,51.7077],[19.40307,51.70772],[19.40267,51.70774],[19.40243,51.70775],[19.40178,51.70778],[19.40156,51.70784],[19.4007,51.70785],[19.40034,51.70787],[19.39956,51.70793],[19.39937,51.70794],[19.39849,51.70796],[19.39767,51.70803],[19.39687,51.70809],[19.39589,51.70815],[19.39491,51.70821],[19.39416,51.70823],[19.39338,51.7083],[19.39256,51.70836],[19.39218,51.70838],[19.39218,51.70841],[19.39171,51.70841],[19.39082,51.70846],[19.39031,51.70848],[19.38924,51.70855],[19.38911,51.70856],[19.38845,51.70859],[19.38815,51.70859],[19.3873,51.70866],[19.38638,51.70873],[19.38578,51.70877],[19.38524,51.7088],[19.38384,51.70889],[19.38343,51.70892],[19.38242,51.70898],[19.38147,51.70904],[19.38132,51.70905],[19.38093,51.70907],[19.3783,51.70922],[19.37564,51.7094],[19.37276,51.70958],[19.3724,51.70958],[19.37141,51.70965],[19.37142,51.7097],[19.36971,51.70979],[19.36629,51.71163],[19.36642,51.71162],[19.3661,51.71289],[19.36557,51.71377],[19.35935,51.71896],[19.35935,51.71896],[19.35771,51.71987],[19.35438,51.72331],[19.35438,51.72331],[19.3517,51.72547],[19.35165,51.72554],[19.3516,51.72561],[19.35154,51.72567],[19.35148,51.72573],[19.35147,51.72579],[19.35145,51.72587],[19.35146,51.7259],[19.35147,51.72594],[19.35147,51.72598],[19.35148,51.72605],[19.35151,51.72611],[19.35156,51.72617],[19.35161,51.7262],[19.35166,51.72624],[19.35173,51.72627],[19.35179,51.72629],[19.35184,51.72632],[19.35187,51.72636],[19.35187,51.72639],[19.35187,51.72644],[19.35182,51.72648],[19.35175,51.72649],[19.35168,51.7265],[19.35161,51.72649],[19.35156,51.72647],[19.35152,51.72641],[19.35152,51.72636],[19.35151,51.72627],[19.35147,51.72624],[19.35145,51.72617],[19.35134,51.72612],[19.35119,51.72611],[19.3511,51.72612],[19.351,51.72616],[19.35085,51.72624],[19.35072,51.72632],[19.35063,51.72637],[19.34984,51.72703],[19.34913,51.72737],[19.34964,51.72693],[19.34984,51.72703],[19.35063,51.72632],[19.35068,51.72627],[19.35091,51.72607],[19.35093,51.72607],[19.351,51.72601],[19.35106,51.72596],[19.35106,51.72593],[19.35108,51.72589],[19.35112,51.72585],[19.35116,51.72581],[19.35125,51.72579],[19.35132,51.72579],[19.35141,51.72581],[19.35147,51.72583],[19.35152,51.72588],[19.35154,51.72593],[19.35153,51.72599],[19.35155,51.72605],[19.35157,51.72612],[19.35162,51.72615],[19.35166,51.72619],[19.35183,51.72627],[19.35187,51.7263],[19.3519,51.72632],[19.35193,51.72637],[19.35194,51.72639],[19.35193,51.72644],[19.35193,51.72648],[19.35194,51.72651],[19.35197,51.72659],[19.35204,51.72668],[19.35208,51.72672],[19.35215,51.72682],[19.35251,51.72711],[19.35326,51.72788],[19.35364,51.72816],[19.35381,51.72818],[19.35403,51.72825],[19.35406,51.7284],[19.35439,51.72857],[19.35492,51.72879],[19.35819,51.73023],[19.35851,51.73049],[19.35869,51.73055],[19.35874,51.7306],[19.35999,51.73067],[19.36808,51.73273],[19.36808,51.73272],[19.36836,51.73286],[19.37498,51.73455],[19.37498,51.73455],[19.37737,51.73532],[19.37937,51.73579],[19.37937,51.73579],[19.38108,51.73617],[19.38205,51.73623],[19.38545,51.73629],[19.38613,51.73634],[19.38657,51.73634],[19.38669,51.73637],[19.3865,51.73664],[19.38599,51.73734],[19.38575,51.73767],[19.3856,51.73792],[19.3852,51.73849],[19.38507,51.73866],[19.38468,51.73927],[19.38458,51.73937],[19.3841,51.74008],[19.384,51.7402],[19.38407,51.74024],[19.38353,51.7412],[19.38369,51.74146],[19.3841,51.74175],[19.38476,51.7422],[19.38479,51.74226],[19.38474,51.74235],[19.38398,51.74239]]},"properties":{"line":"68","dir":"1","mode":"bus"}},{"type":"Feature","geometry":{"type":"LineString","coordinates":[[19.54203,51.76267],[19.54191,51.76266],[19.54181,51.7626],[19.54151,51.76237],[19.54007,51.76261],[19.53717,51.76301],[19.53653,51.76147],[19.53644,51.76125],[19.53631,51.76094],[19.53631,51.76093],[19.5363,51.76089],[19.53624,51.76077],[19.53619,51.7605],[19.53616,51.76039],[19.53615,51.7603],[19.53615,51.76026],[19.53613,51.76011],[19.53606,51.75952],[19.53602,51.75927],[19.53601,51.75914],[19.53597,51.75898],[19.53586,51.75862],[19.53578,51.75842],[19.53558,51.75809],[19.53525,51.75729],[19.53481,51.7565],[19.53407,51.75576],[19.53275,51.75456],[19.53145,51.75355],[19.53116,51.75296],[19.53066,51.75281],[19.53006,51.75279],[19.52872,51.75287],[19.52611,51.75243],[19.52297,51.75208],[19.52279,51.752],[19.52067,51.75173],[19.52081,51.7511],[19.52135,51.7494],[19.52235,51.7461],[19.52272,51.74516],[19.5228,51.745],[19.52299,51.7443],[19.52299,51.74429],[19.523,51.74426],[19.52301,51.7442],[19.52365,51.74187],[19.52398,51.74059],[19.52413,51.74008],[19.52414,51.74],[19.52413,51.73998],[19.52413,51.74],[19.52432,51.73876],[19.5243,51.73732],[19.52423,51.73728],[19.52432,51.73693],[19.52433,51.73603],[19.52427,51.73587],[19.52421,51.7357],[19.52415,51.73554],[19.52408,51.73532],[19.52405,51.73524],[19.52405,51.73519],[19.52405,51.73517],[19.52404,51.73508],[19.52403,51.73482],[19.52409,51.73464],[19.52414,51.73451],[19.52415,51.73446],[19.52418,51.73441],[19.52421,51.73436],[19.52424,51.73431],[19.52422,51.73423],[19.52419,51.73416],[19.52415,51.73409],[19.52412,51.73399],[19.52405,51.73383],[19.52404,51.73373],[19.52404,51.73371],[19.52399,51.73075],[19.52399,51.72901],[19.52363,51.72883],[19.52068,51.7287],[19.51823,51.72887],[19.51195,51.72931],[19.51247,51.73138],[19.51319,51.73461],[19.51329,51.73468],[19.51344,51.73472],[19.51499,51.73463],[19.51527,51.73573],[19.51043,51.73611],[19.51006,51.73613],[19.50976,51.73615],[19.50944,51.73617],[19.50916,51.73617],[19.50875,51.7362],[19.50832,51.7362],[19.50621,51.7362],[19.50561,51.73617],[19.50524,51.73621],[19.50518,51.73612],[19.50518,51.73608],[19.50517,51.73599],[19.50509,51.73534],[19.50466,51.73285],[19.50444,51.73284],[19.50303,51.73241],[19.502,51.73232],[19.50104,51.73232],[19.50046,51.7323],[19.49787,51.73229],[19.49717,51.7323],[19.4969,51.73231],[19.49655,51.73236],[19.49529,51.7325],[19.49491,51.73255],[19.49454,51.73261],[19.49428,51.73268],[19.49421,51.73272],[19.49411,51.73277],[19.49407,51.73281],[19.49393,51.73289],[19.49377,51.733],[19.49358,51.73306],[19.49343,51.73307],[19.49326,51.73307],[19.49276,51.73304],[19.49183,51.73299],[19.49046,51.73292],[19.49001,51.73295],[19.48923,51.73307],[19.48896,51.7331],[19.4887,51.73311],[19.48835,51.73301],[19.48655,51.73253],[19.48486,51.73247],[19.4825,51.73232],[19.47963,51.73193],[19.47904,51.73178],[19.47848,51.73167],[19.47786,51.73166],[19.47741,51.73155],[19.47683,51.73131],[19.47513,51.7307],[19.47485,51.73061],[19.47474,51.73058],[19.47392,51.73029],[19.47352,51.73013],[19.47145,51.72936],[19.47091,51.72917],[19.46989,51.72878],[19.46613,51.72737],[19.4653,51.72707],[19.46515,51.72701],[19.46483,51.72691],[19.46446,51.72685],[19.46427,51.72684],[19.46356,51.72676],[19.46324,51.72676],[19.46301,51.72679],[19.46276,51.72685],[19.46224,51.72694],[19.46211,51.72698],[19.46193,51.72703],[19.46171,51.72709],[19.46154,51.72712],[19.4613,51.7272],[19.46102,51.72734],[19.45897,51.72835],[19.45807,51.72881],[19.45702,51.72942],[19.45686,51.7295],[19.45655,51.72961],[19.45623,51.72977],[19.45554,51.73012],[19.45526,51.73025],[19.45493,51.73043],[19.45461,51.73061],[19.45447,51.73068],[19.45439,51.73076],[19.45429,51.7308],[19.45423,51.73084],[19.45411,51.73088],[19.45401,51.73095],[19.4539,51.73102],[19.45385,51.73105],[19.45381,51.73106],[19.45376,51.73113],[19.45375,51.73115],[19.45373,51.73122],[19.45371,51.73128],[19.45367,51.73133],[19.45369,51.73139],[19.45371,51.73142],[19.45371,51.73148],[19.45371,51.73149],[19.45371,51.73151],[19.45371,51.73155],[19.4537,51.73157],[19.4537,51.7316],[19.45367,51.73164],[19.45367,51.73167],[19.45366,51.73169],[19.45363,51.73171],[19.45357,51.73176],[19.45354,51.73178],[19.45351,51.73183],[19.45348,51.73183],[19.45343,51.73183],[19.45338,51.73192],[19.45328,51.73194],[19.45324,51.73194],[19.45319,51.73196],[19.45315,51.73196],[19.45301,51.73209],[19.45297,51.73212],[19.45292,51.7322],[19.45292,51.73226],[19.45292,51.73239],[19.45292,51.73271],[19.45292,51.73301],[19.45292,51.73301],[19.45289,51.73391],[19.45288,51.73455],[19.45289,51.73464],[19.45288,51.73497],[19.45287,51.73527],[19.45287,51.73536],[19.45289,51.7355],[19.45289,51.73554],[19.45291,51.73572],[19.45297,51.73611],[19.45297,51.73631],[19.45296,51.7364],[19.45275,51.73639],[19.4527,51.73639],[19.45247,51.73639],[19.45205,51.7364],[19.45177,51.73642],[19.4495,51.73641],[19.44935,51.73645],[19.44866,51.7365],[19.44751,51.73652],[19.44654,51.73652],[19.4407,51.73652],[19.43955,51.7365],[19.438,51.73655],[19.43425,51.73685],[19.43421,51.73693],[19.43405,51.737],[19.43396,51.73719],[19.43428,51.74153],[19.43428,51.7418],[19.43433,51.74214],[19.43438,51.74259],[19.43442,51.74329],[19.4345,51.74411],[19.43456,51.74498],[19.43459,51.74522],[19.43459,51.74527],[19.43459,51.74531],[19.43458,51.74535],[19.43456,51.74536],[19.43453,51.74538],[19.4345,51.74547],[19.43444,51.7455],[19.4344,51.74554],[19.43432,51.74556],[19.43415,51.74565],[19.43406,51.74572],[19.43396,51.74574],[19.43377,51.74581],[19.43342,51.74593],[19.43273,51.74617],[19.43259,51.74619],[19.43237,51.74625],[19.43221,51.74627],[19.43207,51.74628],[19.43151,51.74636],[19.42914,51.74644],[19.42859,51.74637],[19.42805,51.74626],[19.42785,51.7461],[19.4277,51.74591],[19.42766,51.74536],[19.42748,51.74357],[19.42728,51.74322],[19.42652,51.74321],[19.42645,51.74324],[19.42638,51.7432],[19.42401,51.74312],[19.42304,51.74309],[19.42251,51.74319],[19.42205,51.74333],[19.4216,51.74358],[19.42072,51.7447],[19.42034,51.7453],[19.41979,51.74625],[19.41935,51.74723],[19.41891,51.74822],[19.41867,51.7483],[19.41829,51.74827],[19.41928,51.74602],[19.41931,51.74586],[19.41931,51.74572],[19.41921,51.74559],[19.41799,51.74482],[19.41696,51.7443],[19.41594,51.74402],[19.41525,51.74375],[19.41473,51.74348],[19.4141,51.7431],[19.41179,51.74243],[19.41112,51.74213],[19.41073,51.74202],[19.41043,51.74195],[19.40994,51.74185],[19.40965,51.7418],[19.40937,51.74177],[19.40916,51.74173],[19.40893,51.74171],[19.40784,51.74162],[19.40699,51.74153],[19.40656,51.7415],[19.40636,51.74144],[19.40605,51.74142],[19.40559,51.74133],[19.40531,51.74128],[19.40515,51.74125],[19.40485,51.74115],[19.40424,51.74099],[19.40406,51.74095],[19.40402,51.74099],[19.40358,51.74081],[19.40299,51.74063],[19.40245,51.74045],[19.4021,51.74034],[19.40107,51.73993],[19.40102,51.73991],[19.40041,51.73964],[19.39979,51.7394],[19.39951,51.7393],[19.39908,51.73919],[19.39783,51.7388],[19.39745,51.73872],[19.39722,51.73864],[19.39642,51.73839],[19.39613,51.7383],[19.39416,51.73774],[19.39226,51.73716],[19.39142,51.73696],[19.39082,51.73678],[19.39049,51.73675],[19.39046,51.73678],[19.39023,51.73669],[19.38984,51.73664],[19.38976,51.73663],[19.38944,51.73674],[19.38929,51.73678],[19.38923,51.73685],[19.38913,51.73689],[19.38903,51.73696],[19.38894,51.73703],[19.3888,51.73712],[19.38832,51.73713],[19.38814,51.73714],[19.38802,51.73714],[19.38784,51.73716],[19.38717,51.73721],[19.3861,51.73734],[19.38601,51.73732],[19.38563,51.73792],[19.38468,51.73927],[19.3841,51.74008],[19.38407,51.74024],[19.3839,51.74036],[19.38384,51.74045],[19.38384,51.74052],[19.38381,51.74065],[19.38376,51.74079],[19.38366,51.74101],[19.38356,51.74117],[19.38338,51.74144],[19.38317,51.74175],[19.383,51.74207],[19.38277,51.74252],[19.38266,51.74279],[19.38259,51.74297],[19.38253,51.74303],[19.38248,51.74317],[19.38229,51.74342],[19.38216,51.74362],[19.38212,51.74375],[19.38122,51.74599],[19.3812,51.7461],[19.38126,51.74625],[19.38134,51.74641],[19.38162,51.74659],[19.3844,51.74776],[19.38432,51.74784],[19.38426,51.7479],[19.38413,51.74795],[19.38403,51.74797],[19.3839,51.74795]]},"properties":{"line":"69A","dir":"0","mode":"bus"}},{"type":"Feature","geometry":{"type":"LineString","coordinates":[[19.3836,51.7477],[19.38324,51.74764],[19.3832,51.74754],[19.38336,51.74735],[19.38329,51.74733],[19.38325,51.74731],[19.3829,51.74715],[19.38207,51.7468],[19.38169,51.74663],[19.38153,51.74655],[19.38144,51.74651],[19.38137,51.74645],[19.38131,51.74637],[19.3813,51.74637],[19.38125,51.74628],[19.38121,51.74625],[19.38117,51.74618],[19.38117,51.7461],[19.38117,51.74605],[19.3812,51.746],[19.3813,51.74574],[19.38149,51.74526],[19.38168,51.74478],[19.38192,51.74418],[19.3821,51.74373],[19.38212,51.74367],[19.38213,51.7436],[19.38237,51.74297],[19.38242,51.74288],[19.38266,51.74233],[19.38271,51.74225],[19.3829,51.74188],[19.38282,51.74187],[19.3841,51.74],[19.38415,51.7399],[19.38463,51.73926],[19.38615,51.73705],[19.38619,51.73696],[19.38644,51.73659],[19.38652,51.73647],[19.38655,51.73633],[19.38719,51.73637],[19.38904,51.73651],[19.39119,51.73686],[19.39123,51.73683],[19.3913,51.73689],[19.39227,51.73716],[19.39421,51.73767],[19.39617,51.73828],[19.3965,51.73836],[19.39801,51.7388],[19.3981,51.7388],[19.39816,51.73885],[19.39919,51.73917],[19.39974,51.7393],[19.40027,51.73954],[19.40204,51.74026],[19.4036,51.74077],[19.40499,51.74113],[19.40626,51.74134],[19.40637,51.74132],[19.4065,51.7414],[19.40693,51.74144],[19.40791,51.74158],[19.40813,51.7416],[19.40916,51.7417],[19.40965,51.7418],[19.40994,51.74185],[19.41374,51.74288],[19.41525,51.74373],[19.41581,51.74393],[19.41676,51.7442],[19.41714,51.74436],[19.41876,51.74523],[19.41928,51.74539],[19.41998,51.74557],[19.42007,51.74572],[19.41968,51.74647],[19.4194,51.74707],[19.41892,51.74821],[19.41878,51.74828],[19.41865,51.7483],[19.41831,51.74828],[19.41902,51.74655],[19.4191,51.74636],[19.41927,51.74601],[19.41974,51.74554],[19.41978,51.74547],[19.41978,51.74545],[19.42,51.74522],[19.42023,51.74498],[19.42035,51.74483],[19.42054,51.74464],[19.42054,51.74459],[19.42058,51.74459],[19.42073,51.74438],[19.4208,51.7443],[19.4209,51.74414],[19.421,51.74401],[19.42108,51.74387],[19.4211,51.74375],[19.42119,51.74363],[19.42124,51.74351],[19.42129,51.74331],[19.42133,51.74317],[19.42135,51.74303],[19.42139,51.74272],[19.42143,51.74252],[19.4215,51.74245],[19.42155,51.74241],[19.42163,51.74233],[19.42171,51.74233],[19.42176,51.74232],[19.42185,51.74231],[19.42195,51.7423],[19.42204,51.74232],[19.42217,51.74233],[19.42223,51.7424],[19.42227,51.74243],[19.4223,51.74247],[19.42231,51.74252],[19.42231,51.74259],[19.4223,51.74259],[19.42223,51.74274],[19.42212,51.74293],[19.42231,51.74303],[19.42247,51.74303],[19.4226,51.74303],[19.42291,51.74303],[19.4231,51.74303],[19.42668,51.74317],[19.42672,51.74317],[19.42678,51.74317],[19.42698,51.74319],[19.42709,51.7432],[19.42727,51.74321],[19.42738,51.74331],[19.42743,51.74338],[19.42744,51.74342],[19.42747,51.74342],[19.42752,51.74365],[19.4276,51.74472],[19.42766,51.74574],[19.42773,51.7459],[19.42776,51.74599],[19.4278,51.74605],[19.42786,51.7461],[19.42795,51.74619],[19.42808,51.74626],[19.42819,51.74628],[19.42838,51.74634],[19.42859,51.74637],[19.42884,51.74641],[19.42906,51.74642],[19.42925,51.74642],[19.42955,51.74641],[19.43019,51.74637],[19.43053,51.74635],[19.43065,51.74635],[19.43227,51.74625],[19.43371,51.74585],[19.43456,51.74538],[19.43394,51.7368],[19.43558,51.73647],[19.43593,51.73644],[19.43626,51.73644],[19.43657,51.73644],[19.43675,51.73644],[19.43724,51.73642],[19.43743,51.73642],[19.4379,51.73642],[19.43877,51.7364],[19.43982,51.7364],[19.44072,51.73639],[19.44095,51.7364],[19.44203,51.7364],[19.44231,51.7364],[19.44273,51.73639],[19.44385,51.7364],[19.45238,51.73633],[19.45244,51.73593],[19.45253,51.73572],[19.45261,51.73543],[19.45261,51.73536],[19.45263,51.73462],[19.45267,51.73383],[19.45266,51.73317],[19.45261,51.7331],[19.45263,51.73293],[19.45263,51.7327],[19.45261,51.73235],[19.45261,51.73226],[19.45261,51.73223],[19.45254,51.73209],[19.45245,51.73194],[19.45235,51.73177],[19.45232,51.73171],[19.45226,51.73164],[19.45225,51.7316],[19.45224,51.7316],[19.45223,51.73157],[19.45223,51.73155],[19.45221,51.73149],[19.45217,51.73142],[19.45217,51.73138],[19.45221,51.73133],[19.45222,51.73128],[19.45224,51.73123],[19.45226,51.73115],[19.4523,51.73113],[19.45231,51.73106],[19.45234,51.73106],[19.45235,51.73105],[19.45238,51.73102],[19.4524,51.73099],[19.45244,51.73097],[19.45247,51.73095],[19.4525,51.73093],[19.45252,51.73092],[19.45254,51.73088],[19.45257,51.73088],[19.45259,51.73088],[19.45261,51.73088],[19.45261,51.73087],[19.45267,51.73086],[19.4527,51.73086],[19.45272,51.73085],[19.45275,51.73085],[19.45277,51.73085],[19.45279,51.73085],[19.45282,51.73084],[19.45287,51.73084],[19.45289,51.73085],[19.45292,51.73085],[19.45298,51.73085],[19.45301,51.73086],[19.45304,51.73086],[19.45306,51.73087],[19.45309,51.73088],[19.4531,51.73088],[19.4532,51.73088],[19.45334,51.73088],[19.45341,51.73088],[19.45348,51.73088],[19.45357,51.73088],[19.4537,51.73086],[19.45391,51.73079],[19.45544,51.72998],[19.45627,51.72953],[19.45641,51.72946],[19.45701,51.72907],[19.45721,51.72898],[19.45733,51.72892],[19.4575,51.72883],[19.45751,51.72883],[19.45768,51.72878],[19.45803,51.72862],[19.46008,51.72761],[19.46084,51.7272],[19.46127,51.72703],[19.46143,51.72694],[19.46153,51.72691],[19.46164,51.72685],[19.46183,51.72682],[19.46252,51.72663],[19.46286,51.72654],[19.46317,51.7264],[19.46331,51.72631],[19.46355,51.72613],[19.4637,51.72613],[19.46398,51.72618],[19.46411,51.72621],[19.46416,51.72622],[19.46436,51.7263],[19.46446,51.72633],[19.46455,51.7264],[19.46459,51.72645],[19.46469,51.72655],[19.46481,51.72666],[19.46493,51.72674],[19.46516,51.72685],[19.46529,51.72691],[19.46723,51.72763],[19.46861,51.72811],[19.46882,51.72821],[19.46979,51.72856],[19.47059,51.72889],[19.47062,51.72887],[19.47065,51.72889],[19.47363,51.73003],[19.47403,51.73014],[19.47441,51.73029],[19.47483,51.73039],[19.47488,51.73041],[19.4749,51.73042],[19.47497,51.73043],[19.47501,51.73047],[19.4751,51.7305],[19.47533,51.73058],[19.47597,51.73083],[19.47757,51.73156],[19.47772,51.7316],[19.47788,51.73164],[19.47806,51.73165],[19.47812,51.73165],[19.47824,51.73165],[19.47838,51.73166],[19.47847,51.73166],[19.47869,51.73169],[19.47882,51.73171],[19.47888,51.73171],[19.47896,51.73174],[19.47916,51.73178],[19.47936,51.73183],[19.47974,51.73194],[19.48001,51.732],[19.4801,51.73202],[19.48029,51.73205],[19.48098,51.73212],[19.48105,51.73212],[19.48143,51.73218],[19.48191,51.73221],[19.48225,51.73223],[19.48342,51.73235],[19.48492,51.73244],[19.48583,51.73248],[19.48752,51.7325],[19.48843,51.73252],[19.48866,51.7325],[19.48872,51.7325],[19.48883,51.7325],[19.48893,51.73253],[19.48902,51.73253],[19.48914,51.73256],[19.48923,51.73256],[19.4893,51.73265],[19.4896,51.73272],[19.49034,51.7329],[19.49079,51.73293],[19.49126,51.73295],[19.49162,51.73295],[19.49183,51.73299],[19.49322,51.73304],[19.49336,51.73304],[19.4935,51.73304],[19.49354,51.73304],[19.49361,51.73301],[19.49393,51.73289],[19.49407,51.73281],[19.49421,51.73266],[19.4944,51.73256],[19.49447,51.73255],[19.49453,51.73253],[19.49465,51.7325],[19.49486,51.73248],[19.49524,51.73243],[19.49578,51.73237],[19.49588,51.73236],[19.49592,51.73235],[19.49649,51.73229],[19.49654,51.73229],[19.49691,51.73227],[19.49701,51.73227],[19.49707,51.73227],[19.4971,51.73227],[19.49818,51.73229],[19.49834,51.73229],[19.49916,51.73229],[19.49986,51.73229],[19.5005,51.73227],[19.50059,51.73227],[19.50189,51.73229],[19.50301,51.73238],[19.50319,51.73239],[19.50338,51.73238],[19.50383,51.73232],[19.50394,51.73232],[19.50456,51.73229],[19.50481,51.7337],[19.50491,51.73426],[19.505,51.73473],[19.50508,51.735],[19.50519,51.73599],[19.50709,51.73581],[19.50793,51.73572],[19.50889,51.73572],[19.51032,51.73572],[19.51068,51.73572],[19.5109,51.73573],[19.51113,51.73573],[19.51179,51.73572],[19.51201,51.73572],[19.51226,51.73572],[19.51248,51.73572],[19.51278,51.7357],[19.51301,51.73568],[19.51345,51.73563],[19.5141,51.73559],[19.51523,51.73551],[19.51499,51.73463],[19.51326,51.73471],[19.51314,51.73462],[19.51208,51.73025],[19.51195,51.72931],[19.5179,51.72881],[19.52077,51.72865],[19.52354,51.72878],[19.52401,51.72901],[19.52419,51.73016],[19.52414,51.73387],[19.52445,51.73507],[19.52449,51.73651],[19.52432,51.73693],[19.52432,51.73747],[19.52431,51.73863],[19.52431,51.73937],[19.52419,51.73985],[19.52413,51.74008],[19.52415,51.74032],[19.52249,51.74628],[19.52147,51.74985],[19.52095,51.75172],[19.5226,51.75191],[19.52312,51.75193],[19.52628,51.75224],[19.52984,51.75241],[19.53029,51.75247],[19.53075,51.75247],[19.53099,51.75243],[19.53108,51.75234],[19.53133,51.75229],[19.53159,51.75231],[19.53175,51.75236],[19.53187,51.75243],[19.53197,51.75256],[19.53197,51.7527],[19.53191,51.75283],[19.53182,51.75295],[19.53187,51.75308],[19.53221,51.75338],[19.53244,51.75371],[19.53295,51.75434],[19.53436,51.75557],[19.53528,51.7565],[19.53549,51.75684],[19.53606,51.7581],[19.53625,51.75855],[19.53737,51.7603],[19.53776,51.76103],[19.53859,51.76277],[19.54088,51.76247],[19.54319,51.76205],[19.54329,51.76243],[19.54317,51.76252]]},"properties":{"line":"69A","dir":"1","mode":"bus"}},{"type":"Feature","geometry":{"type":"LineString","coordinates":[[19.54203,51.76267],[19.54191,51.76266],[19.54181,51.7626],[19.54151,51.76237],[19.54007,51.76261],[19.53717,51.76301],[19.53653,51.76147],[19.53644,51.76125],[19.53631,51.76094],[19.53631,51.76093],[19.5363,51.76089],[19.53624,51.76077],[19.53619,51.7605],[19.53616,51.76039],[19.53615,51.7603],[19.53615,51.76026],[19.53613,51.76011],[19.53606,51.75952],[19.53602,51.75927],[19.53601,51.75914],[19.53597,51.75898],[19.53586,51.75862],[19.53578,51.75842],[19.53558,51.75809],[19.53525,51.75729],[19.53481,51.7565],[19.53407,51.75576],[19.53275,51.75456],[19.53145,51.75355],[19.53116,51.75296],[19.53066,51.75281],[19.53006,51.75279],[19.52872,51.75287],[19.52611,51.75243],[19.52297,51.75208],[19.52279,51.752],[19.52067,51.75173],[19.52081,51.7511],[19.52135,51.7494],[19.52235,51.7461],[19.52272,51.74516],[19.5228,51.745],[19.52299,51.7443],[19.52299,51.74429],[19.523,51.74426],[19.52301,51.7442],[19.52365,51.74187],[19.52398,51.74059],[19.52413,51.74008],[19.52414,51.74],[19.52413,51.73998],[19.52413,51.74],[19.52432,51.73876],[19.5243,51.73732],[19.52429,51.73728],[19.52432,51.73693],[19.52433,51.73603],[19.52427,51.73587],[19.52421,51.7357],[19.52415,51.73554],[19.52408,51.73532],[19.52405,51.73524],[19.52405,51.73519],[19.52405,51.73517],[19.52409,51.73508],[19.52352,51.73509],[19.52329,51.73513],[19.52317,51.73513],[19.52192,51.73522],[19.52095,51.73527],[19.51839,51.7355],[19.51719,51.73559],[19.51624,51.73568],[19.51586,51.7357],[19.51583,51.73572],[19.51211,51.73597],[19.51118,51.73608],[19.51043,51.73611],[19.51006,51.73613],[19.50976,51.73615],[19.50944,51.73617],[19.50916,51.73617],[19.50875,51.7362],[19.50832,51.7362],[19.50621,51.7362],[19.50561,51.73617],[19.50524,51.73621],[19.50518,51.73612],[19.50518,51.73608],[19.50517,51.73599],[19.50509,51.73534],[19.50466,51.73285],[19.50444,51.73284],[19.50303,51.73241],[19.502,51.73232],[19.50104,51.73232],[19.50046,51.7323],[19.49787,51.73229],[19.49717,51.7323],[19.4969,51.73231],[19.49655,51.73236],[19.49529,51.7325],[19.49491,51.73255],[19.49454,51.73261],[19.49428,51.73268],[19.49421,51.73272],[19.49411,51.73277],[19.49407,51.73281],[19.49393,51.73289],[19.49377,51.733],[19.49358,51.73306],[19.49343,51.73307],[19.49326,51.73307],[19.49276,51.73304],[19.49183,51.73299],[19.49046,51.73292],[19.49001,51.73295],[19.48923,51.73307],[19.48896,51.7331],[19.4887,51.73311],[19.48835,51.73301],[19.48655,51.73253],[19.48486,51.73247],[19.4825,51.73232],[19.47963,51.73193],[19.47904,51.73178],[19.47848,51.73167],[19.47786,51.73166],[19.47741,51.73155],[19.47683,51.73131],[19.47513,51.7307],[19.47485,51.73061],[19.47474,51.73058],[19.47392,51.73029],[19.47352,51.73013],[19.47145,51.72936],[19.47091,51.72917],[19.46989,51.72878],[19.46613,51.72737],[19.4653,51.72707],[19.46515,51.72701],[19.46483,51.72691],[19.46446,51.72685],[19.46427,51.72684],[19.46356,51.72676],[19.46324,51.72676],[19.46301,51.72679],[19.46276,51.72685],[19.46224,51.72694],[19.46211,51.72698],[19.46193,51.72703],[19.46171,51.72709],[19.46154,51.72712],[19.4613,51.7272],[19.46102,51.72734],[19.45897,51.72835],[19.45807,51.72881],[19.45702,51.72942],[19.45686,51.7295],[19.45655,51.72961],[19.45623,51.72977],[19.45554,51.73012],[19.45526,51.73025],[19.45493,51.73043],[19.45461,51.73061],[19.45447,51.73068],[19.45439,51.73076],[19.45429,51.7308],[19.45423,51.73084],[19.45411,51.73088],[19.45401,51.73095],[19.4539,51.73102],[19.45385,51.73105],[19.45381,51.73106],[19.45376,51.73113],[19.45375,51.73115],[19.45373,51.73122],[19.45371,51.73128],[19.45367,51.73133],[19.45369,51.73139],[19.45371,51.73142],[19.45371,51.73148],[19.45371,51.73149],[19.45371,51.73151],[19.45371,51.73155],[19.4537,51.73157],[19.4537,51.7316],[19.45367,51.73164],[19.45367,51.73167],[19.45366,51.73169],[19.45363,51.73171],[19.45357,51.73176],[19.45354,51.73178],[19.45351,51.73183],[19.45348,51.73183],[19.45343,51.73183],[19.45338,51.73192],[19.45328,51.73194],[19.45324,51.73194],[19.45319,51.73196],[19.45315,51.73196],[19.45301,51.73209],[19.45297,51.73212],[19.45292,51.7322],[19.45292,51.73226],[19.45292,51.73239],[19.45292,51.73271],[19.45292,51.73301],[19.45292,51.73301],[19.45289,51.73391],[19.45288,51.73455],[19.45289,51.73464],[19.45288,51.73497],[19.45287,51.73527],[19.45287,51.73536],[19.45289,51.7355],[19.45289,51.73554],[19.45291,51.73572],[19.45297,51.73611],[19.45297,51.73631],[19.45296,51.7364],[19.45275,51.73639],[19.4527,51.73639],[19.45247,51.73639],[19.45205,51.7364],[19.45177,51.73642],[19.4495,51.73641],[19.44935,51.73645],[19.44866,51.7365],[19.44751,51.73652],[19.44654,51.73652],[19.4407,51.73652],[19.43955,51.7365],[19.438,51.73655],[19.43425,51.73685],[19.43421,51.73693],[19.43405,51.737],[19.43396,51.73719],[19.43428,51.74153],[19.43428,51.7418],[19.43433,51.74214],[19.43438,51.74259],[19.43442,51.74329],[19.4345,51.74411],[19.43456,51.74498],[19.43459,51.74522],[19.43459,51.74527],[19.43459,51.74531],[19.43458,51.74535],[19.43456,51.74536],[19.43453,51.74538],[19.4345,51.74547],[19.43444,51.7455],[19.4344,51.74554],[19.43432,51.74556],[19.43415,51.74565],[19.43406,51.74572],[19.43396,51.74574],[19.43377,51.74581],[19.43342,51.74593],[19.43273,51.74617],[19.43259,51.74619],[19.43237,51.74625],[19.43221,51.74627],[19.43207,51.74628],[19.43151,51.74636],[19.42914,51.74644],[19.42859,51.74637],[19.42805,51.74626],[19.42785,51.7461],[19.4277,51.74591],[19.42766,51.74536],[19.42748,51.74357],[19.42728,51.74322],[19.42652,51.74321],[19.42645,51.74324],[19.42638,51.7432],[19.42401,51.74312],[19.42304,51.74309],[19.42251,51.74319],[19.42205,51.74333],[19.4216,51.74358],[19.42072,51.7447],[19.42034,51.7453],[19.41979,51.74625],[19.41935,51.74723],[19.41891,51.74822],[19.41867,51.7483],[19.41829,51.74827],[19.41928,51.74602],[19.41931,51.74586],[19.41931,51.74572],[19.41921,51.74559],[19.41799,51.74482],[19.41696,51.7443],[19.41594,51.74402],[19.41525,51.74375],[19.41473,51.74348],[19.4141,51.7431],[19.41179,51.74243],[19.41112,51.74213],[19.41073,51.74202],[19.41043,51.74195],[19.40994,51.74185],[19.40965,51.7418],[19.40937,51.74177],[19.40916,51.74173],[19.40893,51.74171],[19.40784,51.74162],[19.40699,51.74153],[19.40656,51.7415],[19.40636,51.74144],[19.40605,51.74142],[19.40559,51.74133],[19.40531,51.74128],[19.40515,51.74125],[19.40485,51.74115],[19.40424,51.74099],[19.40406,51.74095],[19.40402,51.74099],[19.40358,51.74081],[19.40299,51.74063],[19.40245,51.74045],[19.4021,51.74034],[19.40107,51.73993],[19.40102,51.73991],[19.40041,51.73964],[19.39979,51.7394],[19.39951,51.7393],[19.39908,51.73919],[19.39783,51.7388],[19.39745,51.73872],[19.39722,51.73864],[19.39642,51.73839],[19.39613,51.7383],[19.39416,51.73774],[19.39226,51.73716],[19.39142,51.73696],[19.39082,51.73678],[19.39049,51.73675],[19.39046,51.73678],[19.39023,51.73669],[19.38984,51.73664],[19.38976,51.73663],[19.38944,51.73674],[19.38929,51.73678],[19.38923,51.73685],[19.38913,51.73689],[19.38903,51.73696],[19.38894,51.73703],[19.3888,51.73712],[19.38832,51.73713],[19.38814,51.73714],[19.38802,51.73714],[19.38784,51.73716],[19.38717,51.73721],[19.3861,51.73734],[19.38601,51.73732],[19.38563,51.73792],[19.38468,51.73927],[19.3841,51.74008],[19.38407,51.74024],[19.3839,51.74036],[19.38384,51.74045],[19.38384,51.74052],[19.38381,51.74065],[19.38376,51.74079],[19.38366,51.74101],[19.38356,51.74117],[19.38338,51.74144],[19.38317,51.74175],[19.383,51.74207],[19.38277,51.74252],[19.38266,51.74279],[19.38259,51.74297],[19.38253,51.74303],[19.38248,51.74317],[19.38229,51.74342],[19.38216,51.74362],[19.38212,51.74375],[19.38122,51.74599],[19.3812,51.7461],[19.38126,51.74625],[19.38134,51.74641],[19.38162,51.74659],[19.3844,51.74776],[19.38432,51.74784],[19.38426,51.7479],[19.38413,51.74795],[19.38403,51.74797],[19.3839,51.74795]]},"properties":{"line":"69B","dir":"0","mode":"bus"}},{"type":"Feature","geometry":{"type":"LineString","coordinates":[[19.3836,51.7477],[19.38324,51.74764],[19.3832,51.74754],[19.38336,51.74735],[19.38329,51.74733],[19.38325,51.74731],[19.3829,51.74715],[19.38207,51.7468],[19.38169,51.74663],[19.38153,51.74655],[19.38144,51.74651],[19.38137,51.74645],[19.38131,51.74637],[19.3813,51.74637],[19.38125,51.74628],[19.38121,51.74625],[19.38117,51.74618],[19.38117,51.7461],[19.38117,51.74605],[19.3812,51.746],[19.3813,51.74574],[19.38149,51.74526],[19.38168,51.74478],[19.38192,51.74418],[19.3821,51.74373],[19.38212,51.74367],[19.38213,51.7436],[19.38237,51.74297],[19.38242,51.74288],[19.38266,51.74233],[19.38271,51.74225],[19.3829,51.74188],[19.38282,51.74187],[19.3841,51.74],[19.38415,51.7399],[19.38463,51.73926],[19.38615,51.73705],[19.38619,51.73696],[19.38644,51.73659],[19.38652,51.73647],[19.38655,51.73633],[19.38719,51.73637],[19.38904,51.73651],[19.39119,51.73686],[19.39123,51.73683],[19.3913,51.73689],[19.39227,51.73716],[19.39421,51.73767],[19.39617,51.73828],[19.3965,51.73836],[19.39801,51.7388],[19.3981,51.7388],[19.39816,51.73885],[19.39919,51.73917],[19.39974,51.7393],[19.40027,51.73954],[19.40204,51.74026],[19.4036,51.74077],[19.40499,51.74113],[19.40626,51.74134],[19.40637,51.74132],[19.4065,51.7414],[19.40693,51.74144],[19.40791,51.74158],[19.40813,51.7416],[19.40916,51.7417],[19.40965,51.7418],[19.40994,51.74185],[19.41374,51.74288],[19.41525,51.74373],[19.41581,51.74393],[19.41676,51.7442],[19.41714,51.74436],[19.41876,51.74523],[19.41928,51.74539],[19.41998,51.74557],[19.42007,51.74572],[19.41968,51.74647],[19.4194,51.74707],[19.41892,51.74821],[19.41878,51.74828],[19.41865,51.7483],[19.41831,51.74828],[19.41902,51.74655],[19.4191,51.74636],[19.41927,51.74601],[19.41974,51.74554],[19.41978,51.74547],[19.41978,51.74545],[19.42,51.74522],[19.42023,51.74498],[19.42035,51.74483],[19.42054,51.74464],[19.42054,51.74459],[19.42058,51.74459],[19.42073,51.74438],[19.4208,51.7443],[19.4209,51.74414],[19.421,51.74401],[19.42108,51.74387],[19.4211,51.74375],[19.42119,51.74363],[19.42124,51.74351],[19.42129,51.74331],[19.42133,51.74317],[19.42135,51.74303],[19.42139,51.74272],[19.42143,51.74252],[19.4215,51.74245],[19.42155,51.74241],[19.42163,51.74233],[19.42171,51.74233],[19.42176,51.74232],[19.42185,51.74231],[19.42195,51.7423],[19.42204,51.74232],[19.42217,51.74233],[19.42223,51.7424],[19.42227,51.74243],[19.4223,51.74247],[19.42231,51.74252],[19.42231,51.74259],[19.4223,51.74259],[19.42223,51.74274],[19.42212,51.74293],[19.42231,51.74303],[19.42247,51.74303],[19.4226,51.74303],[19.42291,51.74303],[19.4231,51.74303],[19.42668,51.74317],[19.42672,51.74317],[19.42678,51.74317],[19.42698,51.74319],[19.42709,51.7432],[19.42727,51.74321],[19.42738,51.74331],[19.42743,51.74338],[19.42744,51.74342],[19.42747,51.74342],[19.42752,51.74365],[19.4276,51.74472],[19.42766,51.74574],[19.42773,51.7459],[19.42776,51.74599],[19.4278,51.74605],[19.42786,51.7461],[19.42795,51.74619],[19.42808,51.74626],[19.42819,51.74628],[19.42838,51.74634],[19.42859,51.74637],[19.42884,51.74641],[19.42906,51.74642],[19.42925,51.74642],[19.42955,51.74641],[19.43019,51.74637],[19.43053,51.74635],[19.43065,51.74635],[19.43227,51.74625],[19.43371,51.74585],[19.43456,51.74538],[19.43394,51.7368],[19.43558,51.73647],[19.43593,51.73644],[19.43626,51.73644],[19.43657,51.73644],[19.43675,51.73644],[19.43724,51.73642],[19.43743,51.73642],[19.4379,51.73642],[19.43877,51.7364],[19.43982,51.7364],[19.44072,51.73639],[19.44095,51.7364],[19.44203,51.7364],[19.44231,51.7364],[19.44273,51.73639],[19.44385,51.7364],[19.45238,51.73633],[19.45244,51.73593],[19.45253,51.73572],[19.45261,51.73543],[19.45261,51.73536],[19.45263,51.73462],[19.45267,51.73383],[19.45266,51.73317],[19.45261,51.7331],[19.45263,51.73293],[19.45263,51.7327],[19.45261,51.73235],[19.45261,51.73226],[19.45261,51.73223],[19.45254,51.73209],[19.45245,51.73194],[19.45235,51.73177],[19.45232,51.73171],[19.45226,51.73164],[19.45225,51.7316],[19.45224,51.7316],[19.45223,51.73157],[19.45223,51.73155],[19.45221,51.73149],[19.45217,51.73142],[19.45217,51.73138],[19.45221,51.73133],[19.45222,51.73128],[19.45224,51.73123],[19.45226,51.73115],[19.4523,51.73113],[19.45231,51.73106],[19.45234,51.73106],[19.45235,51.73105],[19.45238,51.73102],[19.4524,51.73099],[19.45244,51.73097],[19.45247,51.73095],[19.4525,51.73093],[19.45252,51.73092],[19.45254,51.73088],[19.45257,51.73088],[19.45259,51.73088],[19.45261,51.73088],[19.45261,51.73087],[19.45267,51.73086],[19.4527,51.73086],[19.45272,51.73085],[19.45275,51.73085],[19.45277,51.73085],[19.45279,51.73085],[19.45282,51.73084],[19.45287,51.73084],[19.45289,51.73085],[19.45292,51.73085],[19.45298,51.73085],[19.45301,51.73086],[19.45304,51.73086],[19.45306,51.73087],[19.45309,51.73088],[19.4531,51.73088],[19.4532,51.73088],[19.45334,51.73088],[19.45341,51.73088],[19.45348,51.73088],[19.45357,51.73088],[19.4537,51.73086],[19.45391,51.73079],[19.45544,51.72998],[19.45627,51.72953],[19.45641,51.72946],[19.45701,51.72907],[19.45721,51.72898],[19.45733,51.72892],[19.4575,51.72883],[19.45751,51.72883],[19.45768,51.72878],[19.45803,51.72862],[19.46008,51.72761],[19.46084,51.7272],[19.46127,51.72703],[19.46143,51.72694],[19.46153,51.72691],[19.46164,51.72685],[19.46183,51.72682],[19.46252,51.72663],[19.46286,51.72654],[19.46317,51.7264],[19.46331,51.72631],[19.46355,51.72613],[19.4637,51.72613],[19.46398,51.72618],[19.46411,51.72621],[19.46416,51.72622],[19.46436,51.7263],[19.46446,51.72633],[19.46455,51.7264],[19.46459,51.72645],[19.46469,51.72655],[19.46481,51.72666],[19.46493,51.72674],[19.46516,51.72685],[19.46529,51.72691],[19.46723,51.72763],[19.46861,51.72811],[19.46882,51.72821],[19.46979,51.72856],[19.47059,51.72889],[19.47062,51.72887],[19.47065,51.72889],[19.47363,51.73003],[19.47403,51.73014],[19.47441,51.73029],[19.47483,51.73039],[19.47488,51.73041],[19.4749,51.73042],[19.47497,51.73043],[19.47501,51.73047],[19.4751,51.7305],[19.47533,51.73058],[19.47597,51.73083],[19.47757,51.73156],[19.47772,51.7316],[19.47788,51.73164],[19.47806,51.73165],[19.47812,51.73165],[19.47824,51.73165],[19.47838,51.73166],[19.47847,51.73166],[19.47869,51.73169],[19.47882,51.73171],[19.47888,51.73171],[19.47896,51.73174],[19.47916,51.73178],[19.47936,51.73183],[19.47974,51.73194],[19.48001,51.732],[19.4801,51.73202],[19.48029,51.73205],[19.48098,51.73212],[19.48105,51.73212],[19.48143,51.73218],[19.48191,51.73221],[19.48225,51.73223],[19.48342,51.73235],[19.48492,51.73244],[19.48583,51.73248],[19.48752,51.7325],[19.48843,51.73252],[19.48866,51.7325],[19.48872,51.7325],[19.48883,51.7325],[19.48893,51.73253],[19.48902,51.73253],[19.48914,51.73256],[19.48923,51.73256],[19.4893,51.73265],[19.4896,51.73272],[19.49034,51.7329],[19.49079,51.73293],[19.49126,51.73295],[19.49162,51.73295],[19.49183,51.73299],[19.49322,51.73304],[19.49336,51.73304],[19.4935,51.73304],[19.49354,51.73304],[19.49361,51.73301],[19.49393,51.73289],[19.49407,51.73281],[19.49421,51.73266],[19.4944,51.73256],[19.49447,51.73255],[19.49453,51.73253],[19.49465,51.7325],[19.49486,51.73248],[19.49524,51.73243],[19.49578,51.73237],[19.49588,51.73236],[19.49592,51.73235],[19.49649,51.73229],[19.49654,51.73229],[19.49691,51.73227],[19.49701,51.73227],[19.49707,51.73227],[19.4971,51.73227],[19.49818,51.73229],[19.49834,51.73229],[19.49916,51.73229],[19.49986,51.73229],[19.5005,51.73227],[19.50059,51.73227],[19.50189,51.73229],[19.50301,51.73238],[19.50319,51.73239],[19.50338,51.73238],[19.50383,51.73232],[19.50394,51.73232],[19.50456,51.73229],[19.50481,51.7337],[19.50491,51.73426],[19.505,51.73473],[19.50508,51.735],[19.50519,51.73599],[19.50709,51.73581],[19.50793,51.73572],[19.50889,51.73572],[19.51201,51.73572],[19.51226,51.73572],[19.51248,51.73572],[19.51278,51.7357],[19.51301,51.73568],[19.51345,51.73563],[19.5141,51.73559],[19.51522,51.73551],[19.5157,51.73546],[19.51582,51.73546],[19.51998,51.73514],[19.52189,51.73496],[19.52218,51.73486],[19.52448,51.73479],[19.52437,51.73603],[19.52449,51.73651],[19.52432,51.73693],[19.52432,51.73747],[19.52431,51.73863],[19.52431,51.73937],[19.52419,51.73985],[19.52413,51.74008],[19.52415,51.74032],[19.52249,51.74628],[19.52147,51.74985],[19.52095,51.75172],[19.5226,51.75191],[19.52312,51.75193],[19.52628,51.75224],[19.52984,51.75241],[19.53029,51.75247],[19.53075,51.75247],[19.53099,51.75243],[19.53108,51.75234],[19.53133,51.75229],[19.53159,51.75231],[19.53175,51.75236],[19.53187,51.75243],[19.53197,51.75256],[19.53197,51.7527],[19.53191,51.75283],[19.53182,51.75295],[19.53187,51.75308],[19.53221,51.75338],[19.53244,51.75371],[19.53295,51.75434],[19.53436,51.75557],[19.53528,51.7565],[19.53549,51.75684],[19.53606,51.7581],[19.53625,51.75855],[19.53737,51.7603],[19.53776,51.76103],[19.53859,51.76277],[19.54088,51.76247],[19.54319,51.76205],[19.54329,51.76243],[19.54317,51.76252]]},"properties":{"line":"69B","dir":"1","mode":"bus"}},{"type":"Feature","geometry":{"type":"LineString","coordinates":[[19.45948,51.80112],[19.45954,51.80088],[19.45967,51.80074],[19.46585,51.80056],[19.46697,51.8005],[19.46809,51.80045],[19.46922,51.80041],[19.47059,51.80035],[19.47188,51.8003],[19.4722,51.80028],[19.47497,51.80009],[19.47591,51.80009],[19.47635,51.80009],[19.47637,51.80009],[19.47642,51.80008],[19.47669,51.80007],[19.47698,51.80009],[19.47691,51.79985],[19.47688,51.7987],[19.47681,51.79798],[19.47668,51.79685],[19.47666,51.79666],[19.47659,51.79608],[19.47657,51.79599],[19.47656,51.79579],[19.47652,51.79575],[19.47656,51.79559],[19.47656,51.79545],[19.4766,51.79536],[19.47664,51.79527],[19.47669,51.79518],[19.47675,51.79509],[19.47741,51.79418],[19.47811,51.79196],[19.4782,51.79185],[19.47825,51.79178],[19.47844,51.79113],[19.47854,51.79084],[19.47866,51.7905],[19.47872,51.79024],[19.47884,51.78987],[19.47907,51.78921],[19.47907,51.78917],[19.47909,51.7891],[19.48036,51.78948],[19.48453,51.79057],[19.48588,51.79084],[19.4867,51.79104],[19.48676,51.79107],[19.48691,51.79102],[19.48705,51.79085],[19.48636,51.79007],[19.4843,51.78759],[19.48313,51.78573],[19.48288,51.78174],[19.48256,51.78073],[19.48122,51.77948],[19.48101,51.77897],[19.48161,51.77778],[19.48172,51.77718],[19.48187,51.77651],[19.48195,51.77614],[19.48196,51.77596],[19.48214,51.77525],[19.48217,51.77501],[19.48217,51.77494],[19.48222,51.77483],[19.48234,51.77429],[19.48248,51.7737],[19.48255,51.77345],[19.48255,51.77341],[19.48257,51.77319],[19.48261,51.77305],[19.48262,51.77297],[19.48262,51.77295],[19.48263,51.77287],[19.48263,51.77269],[19.48266,51.77258],[19.48273,51.77231],[19.4827,51.77224],[19.48269,51.77217],[19.48284,51.77159],[19.48304,51.77077],[19.48346,51.76866],[19.4835,51.76844],[19.48354,51.76828],[19.48356,51.76814],[19.48364,51.76778],[19.48365,51.76774],[19.48367,51.76764],[19.4837,51.76749],[19.48478,51.76163],[19.48629,51.76022],[19.48696,51.75952],[19.48713,51.75932],[19.48738,51.759],[19.48772,51.75855],[19.48838,51.75752],[19.48879,51.75684],[19.48895,51.75651],[19.48904,51.75629],[19.48914,51.75597],[19.48921,51.7556],[19.4893,51.75254],[19.48933,51.75199],[19.48935,51.75146],[19.48933,51.74999],[19.48933,51.74939],[19.48935,51.74913],[19.48946,51.74873],[19.48954,51.74833],[19.48976,51.74765],[19.49251,51.74795],[19.49327,51.74803],[19.49472,51.74317],[19.49524,51.74142],[19.49533,51.74038],[19.49532,51.7397],[19.49435,51.73563],[19.49434,51.73552],[19.49421,51.73499],[19.4941,51.73453],[19.49401,51.73419],[19.49393,51.73373],[19.49377,51.73328],[19.49368,51.73317],[19.4936,51.73313],[19.49276,51.73304],[19.49183,51.73299],[19.491,51.73295],[19.49046,51.73292],[19.49001,51.73295],[19.48923,51.73307],[19.48896,51.7331],[19.4887,51.73311],[19.48835,51.73301],[19.48655,51.73253],[19.48486,51.73247],[19.4825,51.73232],[19.4795,51.73187],[19.47881,51.73173],[19.4787,51.7317],[19.47839,51.73167],[19.47798,51.73166],[19.47768,51.73162],[19.47728,51.73161],[19.47665,51.73134],[19.47542,51.7308],[19.47513,51.7307],[19.47494,51.73061],[19.47488,51.73061],[19.47487,51.73061],[19.47474,51.73058],[19.47487,51.73042],[19.47488,51.73041],[19.47492,51.73039],[19.47497,51.73033],[19.47501,51.73029],[19.47518,51.73014],[19.47534,51.72998],[19.47615,51.7294],[19.4764,51.72919],[19.47643,51.72915],[19.47651,51.7291],[19.47668,51.72898],[19.47797,51.72766],[19.47825,51.72737],[19.47835,51.72729],[19.47841,51.7272],[19.47869,51.72693],[19.47872,51.7269],[19.47994,51.7257],[19.4801,51.7255],[19.48021,51.72532],[19.48036,51.72514],[19.48058,51.72487],[19.48074,51.72471],[19.48082,51.72462],[19.48101,51.72444],[19.48117,51.72423],[19.48182,51.72361],[19.48284,51.72254],[19.48346,51.72158],[19.48393,51.72075],[19.48402,51.72048],[19.48425,51.7201],[19.48496,51.71784],[19.48505,51.71713],[19.48557,51.71575],[19.48626,51.71411],[19.48688,51.71311],[19.4877,51.71151],[19.48787,51.71095],[19.48792,51.71037],[19.48764,51.70942],[19.48712,51.70945],[19.48683,51.70943],[19.48593,51.70938],[19.48492,51.70937],[19.48469,51.70842],[19.48461,51.70787],[19.48407,51.70723],[19.48281,51.70591],[19.48245,51.70553],[19.48238,51.70549],[19.48143,51.70445],[19.48092,51.70409],[19.48031,51.70391],[19.48041,51.70349],[19.48055,51.7033],[19.48065,51.70294],[19.48084,51.70277],[19.48119,51.70284],[19.48135,51.70303]]},"properties":{"line":"70","dir":"0","mode":"bus"}},{"type":"Feature","geometry":{"type":"LineString","coordinates":[[19.48056,51.70346],[19.48034,51.7039],[19.48078,51.70406],[19.48107,51.7042],[19.48213,51.7051],[19.4844,51.70748],[19.48472,51.70823],[19.48492,51.70937],[19.48553,51.70936],[19.4857,51.70934],[19.48668,51.70931],[19.48707,51.70931],[19.48808,51.7093],[19.48833,51.71052],[19.48801,51.71161],[19.48695,51.7136],[19.48682,51.71406],[19.48611,51.71521],[19.48562,51.71639],[19.4852,51.71796],[19.48486,51.7192],[19.48459,51.72011],[19.48454,51.72023],[19.4845,51.72032],[19.48434,51.72064],[19.48425,51.72075],[19.48403,51.72113],[19.48401,51.72122],[19.48401,51.72124],[19.48379,51.72147],[19.48342,51.72208],[19.48327,51.72234],[19.48309,51.7226],[19.48289,51.72282],[19.48265,51.72307],[19.48257,51.72315],[19.48196,51.72378],[19.48158,51.72415],[19.48107,51.7247],[19.48098,51.7248],[19.48093,51.72485],[19.48103,51.72489],[19.48087,51.72493],[19.48054,51.72532],[19.48047,51.72543],[19.48031,51.72557],[19.48017,51.72575],[19.47965,51.72627],[19.47909,51.72683],[19.47904,51.72689],[19.47872,51.7272],[19.47863,51.72728],[19.47835,51.72757],[19.47682,51.72908],[19.47675,51.72916],[19.4765,51.72936],[19.4759,51.7298],[19.4754,51.73023],[19.47525,51.73032],[19.47524,51.73041],[19.47524,51.73042],[19.47523,51.73043],[19.47523,51.73047],[19.47524,51.73049],[19.47524,51.7305],[19.47525,51.73053],[19.47528,51.73053],[19.47533,51.73058],[19.47675,51.73106],[19.47757,51.73156],[19.47772,51.7316],[19.47788,51.73164],[19.47806,51.73165],[19.47812,51.73165],[19.47824,51.73165],[19.47838,51.73166],[19.47847,51.73166],[19.47869,51.73169],[19.47882,51.73171],[19.47888,51.73171],[19.47896,51.73174],[19.47916,51.73178],[19.47936,51.73183],[19.47974,51.73194],[19.48001,51.732],[19.4801,51.73202],[19.48029,51.73205],[19.48098,51.73212],[19.48105,51.73212],[19.48143,51.73218],[19.48191,51.73221],[19.48225,51.73223],[19.48342,51.73235],[19.48492,51.73244],[19.48583,51.73248],[19.48752,51.7325],[19.48843,51.73252],[19.48866,51.7325],[19.48872,51.7325],[19.48883,51.7325],[19.48893,51.73253],[19.48902,51.73253],[19.48914,51.73256],[19.48923,51.73256],[19.4893,51.73265],[19.4896,51.73272],[19.49034,51.7329],[19.49079,51.73293],[19.49126,51.73295],[19.49162,51.73295],[19.49183,51.73299],[19.4936,51.73305],[19.49387,51.73304],[19.49533,51.73952],[19.49541,51.73993],[19.49538,51.74084],[19.4952,51.74179],[19.49459,51.74384],[19.49327,51.74807],[19.48997,51.74773],[19.48945,51.74913],[19.48942,51.75131],[19.48929,51.75477],[19.48924,51.75537],[19.48923,51.75572],[19.48917,51.75605],[19.48907,51.7564],[19.48886,51.75684],[19.48804,51.75818],[19.48764,51.75877],[19.48745,51.75902],[19.48723,51.75927],[19.4867,51.75984],[19.48623,51.76032],[19.48548,51.76106],[19.48529,51.76123],[19.4852,51.76133],[19.4851,51.76141],[19.48507,51.7615],[19.48499,51.76159],[19.48492,51.76199],[19.48485,51.76282],[19.48487,51.76306],[19.48402,51.76765],[19.48402,51.76767],[19.484,51.76778],[19.48398,51.76783],[19.48388,51.76823],[19.48388,51.76839],[19.48388,51.76844],[19.48375,51.76898],[19.48358,51.76956],[19.48332,51.77071],[19.48331,51.77082],[19.48276,51.77331],[19.48182,51.77778],[19.48185,51.77798],[19.48166,51.77832],[19.48154,51.77908],[19.48208,51.77996],[19.48266,51.78052],[19.48311,51.78173],[19.48309,51.78192],[19.4831,51.78201],[19.48313,51.78268],[19.48313,51.78327],[19.4832,51.78366],[19.48323,51.78451],[19.4833,51.78531],[19.48332,51.78555],[19.48332,51.78557],[19.48337,51.78573],[19.48342,51.78591],[19.4835,51.78609],[19.48358,51.78631],[19.48367,51.78646],[19.48379,51.78667],[19.48398,51.78691],[19.4841,51.78707],[19.48423,51.78722],[19.4845,51.78754],[19.48499,51.78797],[19.48733,51.79075],[19.48705,51.79113],[19.48647,51.79119],[19.48628,51.79106],[19.48478,51.79066],[19.48467,51.79061],[19.48453,51.79057],[19.48036,51.78948],[19.47972,51.78926],[19.47909,51.7891],[19.47907,51.78917],[19.47907,51.78921],[19.47896,51.78952],[19.47884,51.78987],[19.47872,51.79024],[19.47854,51.79084],[19.47844,51.79113],[19.47825,51.79178],[19.47829,51.79185],[19.47824,51.79208],[19.47824,51.79214],[19.47822,51.79223],[19.47821,51.79229],[19.4782,51.79229],[19.47816,51.79245],[19.47815,51.79248],[19.47822,51.79253],[19.47822,51.79253],[19.47807,51.79274],[19.47788,51.79347],[19.47778,51.79378],[19.47769,51.79401],[19.47763,51.79425],[19.4776,51.79432],[19.47762,51.79432],[19.47666,51.79567],[19.4772,51.80018],[19.46918,51.80059],[19.46914,51.80059],[19.46665,51.80069],[19.46586,51.80071],[19.46538,51.80074],[19.46499,51.80074],[19.46416,51.80078],[19.46324,51.80081],[19.46108,51.80088],[19.4599,51.80094]]},"properties":{"line":"70","dir":"1","mode":"bus"}},{"type":"Feature","geometry":{"type":"LineString","coordinates":[[19.48069,51.72595],[19.48084,51.72557],[19.4802,51.72536],[19.48117,51.72423],[19.48182,51.72361],[19.48284,51.72254],[19.48346,51.72158],[19.48393,51.72075],[19.48402,51.72048],[19.48425,51.7201],[19.48496,51.71784],[19.48505,51.71713],[19.48557,51.71575],[19.48626,51.71411],[19.48759,51.71172],[19.48783,51.711],[19.48795,51.71042],[19.4878,51.70972],[19.4867,51.70849],[19.48624,51.70788],[19.48572,51.70725],[19.48635,51.70716],[19.48905,51.70693],[19.49023,51.70686],[19.49198,51.70672],[19.49454,51.70654],[19.49514,51.70651],[19.49551,51.7065],[19.49566,51.70647],[19.49665,51.70651],[19.49697,51.70652],[19.49721,51.70656],[19.49774,51.70666],[19.49986,51.70666],[19.50066,51.70664],[19.5018,51.7064],[19.50481,51.70636],[19.50559,51.70634],[19.50737,51.70632],[19.51035,51.70644],[19.51113,51.70646],[19.51114,51.70655],[19.51109,51.70664],[19.51091,51.70667],[19.51076,51.70663],[19.51069,51.70647],[19.50741,51.70635],[19.50381,51.70639],[19.50209,51.70641],[19.50179,51.70643],[19.50156,51.70648],[19.50075,51.70665],[19.50053,51.70667],[19.50031,51.70667],[19.49907,51.70669],[19.49837,51.70669],[19.49787,51.70668],[19.4969,51.70654],[19.49595,51.70651],[19.49521,51.70653],[19.49448,51.70657],[19.49465,51.70637],[19.49529,51.7058],[19.49797,51.70396],[19.49897,51.70314],[19.50041,51.7021],[19.50199,51.70173],[19.50428,51.70144],[19.50536,51.70129],[19.5069,51.70076],[19.5076,51.70057],[19.50817,51.70035],[19.5091,51.69926],[19.50985,51.69883],[19.51003,51.69869],[19.5101,51.69852],[19.51004,51.69841],[19.51004,51.69831],[19.51025,51.6982],[19.51048,51.69823],[19.51068,51.69829],[19.51351,51.6981],[19.51779,51.69826],[19.52103,51.69869],[19.5254,51.69946],[19.52573,51.69939],[19.5259,51.69925],[19.52921,51.69105],[19.53192,51.69172],[19.53346,51.6922],[19.53381,51.69248],[19.53943,51.69759],[19.53943,51.69758],[19.54275,51.70059],[19.54291,51.70073],[19.54306,51.70074],[19.54318,51.70078],[19.54325,51.70086],[19.54326,51.70094],[19.54323,51.70099],[19.54319,51.70104],[19.54316,51.70111],[19.5432,51.70131],[19.54417,51.7042],[19.54439,51.70519],[19.54497,51.70808],[19.54339,51.71136],[19.54329,51.71134],[19.54324,51.7116],[19.54333,51.71167],[19.54389,51.71181],[19.54159,51.71683],[19.541,51.71797],[19.54052,51.71897],[19.54005,51.71996],[19.53906,51.72208],[19.53897,51.72218],[19.53887,51.72228],[19.53891,51.7224],[19.53886,51.72249],[19.53878,51.72254],[19.53876,51.72281],[19.53867,51.72309],[19.53778,51.72497],[19.53776,51.72508],[19.5378,51.72516],[19.53784,51.72523],[19.53785,51.72532],[19.53776,51.72542],[19.53762,51.72544],[19.53747,51.72542],[19.53741,51.72536],[19.53738,51.72527],[19.53745,51.72514],[19.53724,51.72497],[19.52836,51.72295],[19.52705,51.7227],[19.52514,51.72242],[19.52479,51.72241],[19.52465,51.72257],[19.52415,51.72332],[19.52394,51.72355],[19.52366,51.72373],[19.5232,51.72383],[19.52282,51.72382],[19.52119,51.72354],[19.52091,51.72344],[19.52021,51.72346],[19.52058,51.72335],[19.52309,51.72385],[19.52351,51.72375],[19.52419,51.72336],[19.52475,51.72238],[19.53733,51.725],[19.5378,51.7251],[19.53784,51.72536],[19.53756,51.72544],[19.53723,51.72554],[19.5352,51.72739],[19.52972,51.73241],[19.52933,51.7327],[19.52862,51.73336],[19.52831,51.73364],[19.52769,51.7342],[19.52769,51.73423],[19.52768,51.73425],[19.52767,51.73427],[19.52764,51.73428],[19.52762,51.73432],[19.52762,51.73435],[19.5276,51.73437],[19.5276,51.73441],[19.52761,51.73443],[19.52762,51.73443],[19.52762,51.73446],[19.52764,51.73446],[19.52764,51.7345],[19.52768,51.73451],[19.52769,51.73452],[19.52771,51.73453],[19.52775,51.73454],[19.5278,51.73455],[19.52785,51.73455],[19.52901,51.73454],[19.52917,51.73462],[19.52905,51.73482],[19.52831,51.73496],[19.52653,51.73499],[19.52831,51.73496],[19.52653,51.73499],[19.52495,51.73505],[19.52448,51.73507],[19.52404,51.73508],[19.52192,51.73522],[19.52095,51.73527],[19.51839,51.7355],[19.51719,51.73559],[19.51624,51.73568],[19.51586,51.7357],[19.51583,51.73572],[19.51211,51.73597],[19.51118,51.73608],[19.51043,51.73611],[19.51006,51.73613],[19.50976,51.73615],[19.50944,51.73617],[19.50916,51.73617],[19.50875,51.7362],[19.50832,51.7362],[19.50621,51.7362],[19.50561,51.73617],[19.50524,51.73621],[19.50518,51.73612],[19.50518,51.73608],[19.50517,51.73599],[19.50509,51.73534],[19.49875,51.72797],[19.49025,51.72812],[19.49007,51.72897],[19.48942,51.73071],[19.4895,51.73109],[19.4936,51.73305],[19.49387,51.73304],[19.4949,51.73822],[19.49533,51.7395],[19.49541,51.74008],[19.49538,51.74033],[19.49529,51.74111],[19.49651,51.74113],[19.49815,51.74084],[19.49871,51.74075]]},"properties":{"line":"71A","dir":"0","mode":"bus"}},{"type":"Feature","geometry":{"type":"LineString","coordinates":[[19.49916,51.74074],[19.50012,51.74072],[19.50082,51.74047],[19.50072,51.73828],[19.50043,51.73711],[19.50022,51.73686],[19.50017,51.73677],[19.50012,51.73666],[19.49465,51.73712],[19.49435,51.73563],[19.49434,51.73552],[19.49421,51.73499],[19.4941,51.73453],[19.49401,51.73419],[19.49393,51.73373],[19.49377,51.73328],[19.49368,51.73317],[19.4936,51.73313],[19.49276,51.73304],[19.49183,51.73299],[19.491,51.73295],[19.49036,51.73289],[19.48924,51.73307],[19.4888,51.73311],[19.48848,51.73304],[19.48835,51.7329],[19.48844,51.73253],[19.48937,51.73068],[19.48989,51.72925],[19.48998,51.72888],[19.49025,51.72812],[19.50508,51.735],[19.50519,51.73599],[19.50709,51.73581],[19.50793,51.73572],[19.50889,51.73572],[19.51201,51.73572],[19.51226,51.73572],[19.51248,51.73572],[19.51278,51.7357],[19.51301,51.73568],[19.51345,51.73563],[19.5141,51.73559],[19.51522,51.73551],[19.5157,51.73546],[19.51582,51.73546],[19.51998,51.73514],[19.52189,51.73496],[19.52217,51.73491],[19.52689,51.73469],[19.52741,51.73442],[19.52783,51.73402],[19.52901,51.73293],[19.52996,51.73205],[19.52996,51.73205],[19.52705,51.7227],[19.52514,51.72242],[19.52479,51.72241],[19.52465,51.72257],[19.52415,51.72332],[19.52394,51.72355],[19.52366,51.72373],[19.5232,51.72383],[19.52282,51.72382],[19.52119,51.72354],[19.52091,51.72344],[19.52021,51.72346],[19.52058,51.72335],[19.52309,51.72385],[19.52351,51.72375],[19.52419,51.72336],[19.52475,51.72238],[19.52687,51.72265],[19.53113,51.72354],[19.53768,51.72496],[19.53774,51.7246],[19.53817,51.72388],[19.5385,51.72304],[19.53855,51.72252],[19.53838,51.72245],[19.53837,51.72236],[19.53846,51.72225],[19.53867,51.72217],[19.53905,51.72199],[19.53967,51.72057],[19.54182,51.71608],[19.54388,51.7118],[19.54319,51.71161],[19.54495,51.70803],[19.54495,51.70802],[19.54494,51.70796],[19.54485,51.70748],[19.54469,51.70669],[19.54437,51.7051],[19.54418,51.70429],[19.54407,51.70384],[19.54366,51.70273],[19.54337,51.70182],[19.54318,51.70119],[19.54313,51.7011],[19.54308,51.70102],[19.54301,51.70094],[19.54294,51.70086],[19.54284,51.70077],[19.54264,51.70058],[19.54215,51.70008],[19.54071,51.69883],[19.53931,51.69756],[19.53929,51.69754],[19.53342,51.69227],[19.53278,51.69205],[19.53141,51.69164],[19.52925,51.69108],[19.50758,51.70635],[19.50504,51.70638],[19.50179,51.7064],[19.50049,51.70667],[19.49773,51.70666],[19.49697,51.70652],[19.49626,51.70652],[19.49346,51.70658],[19.48758,51.70711],[19.4864,51.7075],[19.48772,51.7088],[19.48788,51.70899],[19.48801,51.70918],[19.48808,51.70929],[19.48814,51.7094],[19.48826,51.70965],[19.48835,51.71003],[19.48838,51.71025],[19.48838,51.71036],[19.48838,51.71046],[19.48836,51.71063],[19.48834,51.71077],[19.4883,51.71089],[19.48826,51.71099],[19.4882,51.71109],[19.48811,51.71128],[19.48783,51.71181],[19.48707,51.71334],[19.48698,51.71351],[19.48695,51.7136],[19.48685,51.71377],[19.4867,51.71404],[19.48682,51.71406],[19.48611,51.71521],[19.48562,51.71639],[19.4852,51.71796],[19.48486,51.7192],[19.48459,51.72011],[19.48454,51.72023],[19.4845,51.72032],[19.48434,51.72064],[19.48425,51.72075],[19.48403,51.72113],[19.48401,51.72122],[19.48407,51.72122],[19.48289,51.72287],[19.48171,51.724],[19.48044,51.72544],[19.48083,51.72566],[19.48079,51.72582],[19.48066,51.72633]]},"properties":{"line":"71A","dir":"1","mode":"bus"}},{"type":"Feature","geometry":{"type":"LineString","coordinates":[[19.48069,51.72595],[19.48084,51.72557],[19.4802,51.72536],[19.48117,51.72423],[19.48182,51.72361],[19.48284,51.72254],[19.48346,51.72158],[19.48393,51.72075],[19.48402,51.72048],[19.48425,51.7201],[19.48496,51.71784],[19.48505,51.71713],[19.48557,51.71575],[19.48626,51.71411],[19.48759,51.71172],[19.48783,51.711],[19.48795,51.71042],[19.4878,51.70972],[19.4867,51.70849],[19.48624,51.70788],[19.48572,51.70725],[19.48635,51.70716],[19.48905,51.70693],[19.49023,51.70686],[19.49198,51.70672],[19.49454,51.70654],[19.49514,51.70651],[19.49551,51.7065],[19.49566,51.70647],[19.49665,51.70651],[19.49697,51.70652],[19.49721,51.70656],[19.49774,51.70666],[19.49986,51.70666],[19.50066,51.70664],[19.5018,51.7064],[19.50481,51.70636],[19.50559,51.70634],[19.50737,51.70632],[19.51035,51.70644],[19.51113,51.70646],[19.51114,51.70655],[19.51109,51.70664],[19.51091,51.70667],[19.51076,51.70663],[19.51069,51.70647],[19.50741,51.70635],[19.50381,51.70639],[19.50209,51.70641],[19.50179,51.70643],[19.50156,51.70648],[19.50075,51.70665],[19.50053,51.70667],[19.50031,51.70667],[19.49907,51.70669],[19.49837,51.70669],[19.49787,51.70668],[19.4969,51.70654],[19.49595,51.70651],[19.49521,51.70653],[19.49448,51.70657],[19.49465,51.70637],[19.49529,51.7058],[19.49797,51.70396],[19.49897,51.70314],[19.50041,51.7021],[19.50199,51.70173],[19.50428,51.70144],[19.50536,51.70129],[19.5069,51.70076],[19.5076,51.70057],[19.50817,51.70035],[19.5091,51.69926],[19.50985,51.69883],[19.51003,51.69869],[19.5101,51.69852],[19.51004,51.69841],[19.51004,51.69831],[19.51025,51.6982],[19.51048,51.69823],[19.51068,51.69829],[19.52152,51.69899],[19.52142,51.69898],[19.5213,51.699],[19.52118,51.69904],[19.52112,51.69909],[19.52105,51.69918],[19.52338,51.70873],[19.52905,51.70949],[19.53038,51.70967],[19.53108,51.70976],[19.5311,51.70972],[19.53713,51.71054],[19.53714,51.71046],[19.53714,51.71046],[19.54329,51.71134],[19.54321,51.71162],[19.54355,51.7117],[19.54389,51.71181],[19.54159,51.71683],[19.541,51.71797],[19.54052,51.71897],[19.54005,51.71996],[19.53906,51.72208],[19.53897,51.72218],[19.53887,51.72228],[19.53891,51.7224],[19.53886,51.72249],[19.53878,51.72254],[19.53876,51.72281],[19.53867,51.72309],[19.53778,51.72497],[19.53776,51.72508],[19.5378,51.72516],[19.53784,51.72523],[19.53785,51.72532],[19.53776,51.72542],[19.53762,51.72544],[19.53747,51.72542],[19.53741,51.72536],[19.53738,51.72527],[19.53745,51.72514],[19.53724,51.72497],[19.52836,51.72295],[19.52705,51.7227],[19.52514,51.72242],[19.52479,51.72241],[19.52465,51.72257],[19.52415,51.72332],[19.52394,51.72355],[19.52366,51.72373],[19.5232,51.72383],[19.52282,51.72382],[19.52119,51.72354],[19.52091,51.72344],[19.52021,51.72346],[19.52058,51.72335],[19.52309,51.72385],[19.52351,51.72375],[19.52419,51.72336],[19.52475,51.72238],[19.53733,51.725],[19.5378,51.7251],[19.53784,51.72536],[19.53756,51.72544],[19.53723,51.72554],[19.5352,51.72739],[19.52972,51.73241],[19.52933,51.7327],[19.52862,51.73336],[19.52831,51.73364],[19.52769,51.7342],[19.52769,51.73423],[19.52768,51.73425],[19.52767,51.73427],[19.52764,51.73428],[19.52762,51.73432],[19.52762,51.73435],[19.5276,51.73437],[19.5276,51.73441],[19.52761,51.73443],[19.52762,51.73443],[19.52762,51.73446],[19.52764,51.73446],[19.52764,51.7345],[19.52768,51.73451],[19.52769,51.73452],[19.52771,51.73453],[19.52775,51.73454],[19.5278,51.73455],[19.52785,51.73455],[19.52901,51.73454],[19.52917,51.73462],[19.52905,51.73482],[19.52831,51.73496],[19.52653,51.73499],[19.52831,51.73496],[19.52653,51.73499],[19.52495,51.73505],[19.52448,51.73507],[19.52404,51.73508],[19.52192,51.73522],[19.52095,51.73527],[19.51839,51.7355],[19.51719,51.73559],[19.51624,51.73568],[19.51586,51.7357],[19.51583,51.73572],[19.51211,51.73597],[19.51118,51.73608],[19.51043,51.73611],[19.51006,51.73613],[19.50976,51.73615],[19.50944,51.73617],[19.50916,51.73617],[19.50875,51.7362],[19.50832,51.7362],[19.50621,51.7362],[19.50561,51.73617],[19.50524,51.73621],[19.50518,51.73612],[19.50518,51.73608],[19.50517,51.73599],[19.50509,51.73534],[19.49875,51.72797],[19.49025,51.72812],[19.49007,51.72897],[19.48942,51.73071],[19.4895,51.73109],[19.4936,51.73305],[19.49387,51.73304],[19.4949,51.73822],[19.49533,51.7395],[19.49541,51.74008],[19.49538,51.74033],[19.49529,51.74111],[19.49651,51.74113],[19.49815,51.74084],[19.49871,51.74075]]},"properties":{"line":"71B","dir":"0","mode":"bus"}},{"type":"Feature","geometry":{"type":"LineString","coordinates":[[19.49916,51.74074],[19.50012,51.74072],[19.50082,51.74047],[19.50072,51.73828],[19.50043,51.73711],[19.50022,51.73686],[19.50017,51.73677],[19.50012,51.73666],[19.49465,51.73712],[19.49435,51.73563],[19.49434,51.73552],[19.49421,51.73499],[19.4941,51.73453],[19.49401,51.73419],[19.49393,51.73373],[19.49377,51.73328],[19.49368,51.73317],[19.4936,51.73313],[19.49276,51.73304],[19.49183,51.73299],[19.491,51.73295],[19.49036,51.73289],[19.48924,51.73307],[19.4888,51.73311],[19.48848,51.73304],[19.48835,51.7329],[19.48844,51.73253],[19.48937,51.73068],[19.48989,51.72925],[19.48998,51.72888],[19.49025,51.72812],[19.50508,51.735],[19.50519,51.73599],[19.50709,51.73581],[19.50793,51.73572],[19.50889,51.73572],[19.51201,51.73572],[19.51226,51.73572],[19.51248,51.73572],[19.51278,51.7357],[19.51301,51.73568],[19.51345,51.73563],[19.5141,51.73559],[19.51522,51.73551],[19.5157,51.73546],[19.51582,51.73546],[19.51998,51.73514],[19.52189,51.73496],[19.52217,51.73491],[19.52689,51.73469],[19.52741,51.73442],[19.52783,51.73402],[19.52901,51.73293],[19.52996,51.73205],[19.52996,51.73205],[19.52705,51.7227],[19.52514,51.72242],[19.52479,51.72241],[19.52465,51.72257],[19.52415,51.72332],[19.52394,51.72355],[19.52366,51.72373],[19.5232,51.72383],[19.52282,51.72382],[19.52119,51.72354],[19.52091,51.72344],[19.52021,51.72346],[19.52058,51.72335],[19.52309,51.72385],[19.52351,51.72375],[19.52419,51.72336],[19.52475,51.72238],[19.52687,51.72265],[19.53113,51.72354],[19.53768,51.72496],[19.53774,51.7246],[19.53817,51.72388],[19.5385,51.72304],[19.53855,51.72252],[19.53838,51.72245],[19.53837,51.72236],[19.53846,51.72225],[19.53867,51.72217],[19.53905,51.72199],[19.53967,51.72057],[19.54182,51.71608],[19.54388,51.7118],[19.54337,51.71174],[19.54323,51.71159],[19.54332,51.71135],[19.53714,51.71055],[19.53193,51.70988],[19.53192,51.70992],[19.52101,51.69909],[19.52123,51.69894],[19.52149,51.69894],[19.52185,51.69901],[19.50758,51.70635],[19.50504,51.70638],[19.50179,51.7064],[19.50049,51.70667],[19.49773,51.70666],[19.49697,51.70652],[19.49626,51.70652],[19.49346,51.70658],[19.48758,51.70711],[19.4864,51.7075],[19.48772,51.7088],[19.48788,51.70899],[19.48801,51.70918],[19.48808,51.70929],[19.48814,51.7094],[19.48826,51.70965],[19.48835,51.71003],[19.48838,51.71025],[19.48838,51.71036],[19.48838,51.71046],[19.48836,51.71063],[19.48834,51.71077],[19.4883,51.71089],[19.48826,51.71099],[19.4882,51.71109],[19.48811,51.71128],[19.48783,51.71181],[19.48707,51.71334],[19.48698,51.71351],[19.48695,51.7136],[19.48685,51.71377],[19.4867,51.71404],[19.48682,51.71406],[19.48611,51.71521],[19.48562,51.71639],[19.4852,51.71796],[19.48486,51.7192],[19.48459,51.72011],[19.48454,51.72023],[19.4845,51.72032],[19.48434,51.72064],[19.48425,51.72075],[19.48403,51.72113],[19.48401,51.72122],[19.48407,51.72122],[19.48289,51.72287],[19.48171,51.724],[19.48044,51.72544],[19.48083,51.72566],[19.48079,51.72582],[19.48066,51.72633]]},"properties":{"line":"71B","dir":"1","mode":"bus"}},{"type":"Feature","geometry":{"type":"LineString","coordinates":[[19.57471,51.7518],[19.57411,51.75193],[19.57373,51.75087],[19.57351,51.75037],[19.57208,51.74727],[19.57149,51.74608],[19.57054,51.74385],[19.56956,51.74173],[19.56936,51.74132],[19.56926,51.74119],[19.56919,51.74108],[19.56905,51.74077],[19.56893,51.74053],[19.56741,51.74075],[19.56704,51.74081],[19.56598,51.74099],[19.56502,51.74115],[19.56438,51.74127],[19.56345,51.74144],[19.55927,51.74221],[19.55909,51.74188],[19.55875,51.74148],[19.55183,51.73759],[19.54877,51.73579],[19.54858,51.73569],[19.54735,51.73503],[19.54323,51.73256],[19.54249,51.73205],[19.54224,51.73191],[19.53963,51.73041],[19.53547,51.72797],[19.53491,51.72759],[19.52977,51.73241],[19.52972,51.73241],[19.52972,51.73241],[19.52933,51.7327],[19.52862,51.73336],[19.52831,51.73364],[19.52769,51.7342],[19.52769,51.73423],[19.52768,51.73425],[19.52767,51.73427],[19.52764,51.73428],[19.52762,51.73432],[19.52762,51.73435],[19.5276,51.73437],[19.5276,51.73441],[19.52761,51.73443],[19.52762,51.73443],[19.52762,51.73446],[19.52764,51.73446],[19.52764,51.7345],[19.52768,51.73451],[19.52769,51.73452],[19.52771,51.73453],[19.52775,51.73454],[19.5278,51.73455],[19.52785,51.73455],[19.52901,51.73454],[19.52917,51.73462],[19.52905,51.73482],[19.52831,51.73496],[19.52653,51.73499],[19.52831,51.73496],[19.52653,51.73499],[19.52495,51.73505],[19.52448,51.73507],[19.52404,51.73508],[19.52192,51.73522],[19.52095,51.73527],[19.51839,51.7355],[19.51719,51.73559],[19.51624,51.73568],[19.51586,51.7357],[19.51583,51.73572],[19.51211,51.73597],[19.51118,51.73608],[19.51043,51.73611],[19.51006,51.73613],[19.50976,51.73615],[19.50944,51.73617],[19.50916,51.73617],[19.50875,51.7362],[19.50832,51.7362],[19.50621,51.7362],[19.50561,51.73617],[19.50524,51.73621],[19.50518,51.73612],[19.50518,51.73608],[19.50517,51.73599],[19.50509,51.73534],[19.50466,51.73285],[19.50444,51.73284],[19.50303,51.73241],[19.502,51.73232],[19.50104,51.73232],[19.50046,51.7323],[19.49787,51.73229],[19.49717,51.7323],[19.4969,51.73231],[19.49655,51.73236],[19.49529,51.7325],[19.49491,51.73255],[19.49454,51.73261],[19.49428,51.73268],[19.49421,51.73272],[19.49411,51.73277],[19.49407,51.73281],[19.49393,51.73289],[19.49377,51.733],[19.49358,51.73306],[19.49343,51.73307],[19.49326,51.73307],[19.49276,51.73304],[19.49183,51.73299],[19.49046,51.73292],[19.49001,51.73295],[19.48923,51.73307],[19.48896,51.7331],[19.4887,51.73311],[19.48835,51.73301],[19.48655,51.73253],[19.48486,51.73247],[19.4825,51.73232],[19.47963,51.73193],[19.47904,51.73178],[19.47848,51.73167],[19.47786,51.73166],[19.47741,51.73155],[19.47683,51.73131],[19.47485,51.73062],[19.47002,51.73555],[19.4667,51.73461],[19.46581,51.73445],[19.46071,51.73578],[19.45926,51.73623],[19.463,51.73926],[19.46258,51.74117],[19.46247,51.74117],[19.46231,51.74115],[19.46136,51.74099],[19.45817,51.74074],[19.45726,51.74482],[19.45301,51.74447],[19.4526,51.74454],[19.45217,51.74454],[19.45149,51.7445],[19.45123,51.74506],[19.44998,51.75079],[19.45003,51.75109],[19.44878,51.7573],[19.44891,51.75797],[19.44616,51.76892],[19.44609,51.76918],[19.44545,51.77174],[19.44231,51.77148],[19.43462,51.76893],[19.42959,51.76946],[19.42906,51.77017],[19.42543,51.76886],[19.42467,51.76862],[19.42362,51.76834],[19.4215,51.76758],[19.4212,51.76763],[19.41763,51.77279],[19.41614,51.77312],[19.40965,51.77436],[19.40752,51.77473],[19.40559,51.77591],[19.40467,51.77589],[19.39885,51.77433],[19.39873,51.7746],[19.3987,51.77508],[19.39873,51.77519],[19.39881,51.77551],[19.39891,51.77582],[19.39896,51.77599],[19.39908,51.77638],[19.39918,51.77672],[19.39929,51.77713],[19.39934,51.77735],[19.3994,51.77753],[19.39943,51.77771],[19.39946,51.77784],[19.39947,51.7779],[19.39948,51.77797],[19.39948,51.77807],[19.39947,51.77816],[19.39946,51.77825],[19.39945,51.77833],[19.39945,51.7784],[19.39946,51.77845],[19.39938,51.77877],[19.39914,51.77908],[19.39807,51.77948],[19.39694,51.78013],[19.39082,51.77909],[19.38875,51.77848],[19.3769,51.77706],[19.36736,51.77587],[19.36454,51.77584],[19.35966,51.77598],[19.35466,51.776],[19.34741,51.77552],[19.34713,51.77542],[19.34715,51.77496],[19.3491,51.77501],[19.3492,51.77528],[19.34911,51.7756],[19.34932,51.77554]]},"properties":{"line":"72A","dir":"0","mode":"bus"}},{"type":"Feature","geometry":{"type":"LineString","coordinates":[[19.34954,51.77561],[19.35481,51.77596],[19.35949,51.7759],[19.36786,51.77584],[19.37564,51.7768],[19.38375,51.7778],[19.38409,51.7779],[19.3845,51.77795],[19.38551,51.77807],[19.38563,51.77807],[19.38647,51.77816],[19.38804,51.77839],[19.38833,51.77841],[19.38845,51.77843],[19.38855,51.77843],[19.38862,51.77847],[19.38878,51.7785],[19.3891,51.77859],[19.39173,51.77922],[19.39407,51.77965],[19.3968,51.78014],[19.39857,51.77923],[19.39903,51.77916],[19.39914,51.77897],[19.39926,51.77871],[19.39942,51.77834],[19.39946,51.77802],[19.39939,51.77763],[19.39861,51.77517],[19.39854,51.77467],[19.3988,51.77431],[19.40462,51.7759],[19.40595,51.77577],[19.40646,51.77542],[19.40733,51.77476],[19.4082,51.77457],[19.40852,51.77445],[19.40897,51.77443],[19.41693,51.77286],[19.41763,51.77279],[19.42138,51.76729],[19.42192,51.76743],[19.42199,51.76755],[19.4222,51.76766],[19.4225,51.76778],[19.42305,51.76802],[19.42326,51.76808],[19.42354,51.76814],[19.42363,51.76817],[19.4237,51.7682],[19.42473,51.76846],[19.4249,51.76848],[19.42535,51.76859],[19.42575,51.76871],[19.42588,51.76872],[19.42595,51.76873],[19.42615,51.76876],[19.42641,51.76877],[19.42659,51.76877],[19.42692,51.76873],[19.4271,51.76882],[19.4272,51.76883],[19.42739,51.76884],[19.42752,51.76884],[19.42766,51.76884],[19.42777,51.76884],[19.42794,51.76891],[19.428,51.76892],[19.4284,51.76901],[19.42917,51.76916],[19.42926,51.76918],[19.42933,51.7692],[19.42936,51.7692],[19.42972,51.7692],[19.42982,51.7692],[19.4299,51.7692],[19.42998,51.76918],[19.43114,51.76906],[19.4317,51.76902],[19.43185,51.76907],[19.43194,51.7691],[19.43205,51.76911],[19.43274,51.76937],[19.43293,51.76943],[19.43399,51.76976],[19.436,51.77035],[19.44356,51.77269],[19.44522,51.77288],[19.44522,51.77225],[19.44594,51.7692],[19.44606,51.7692],[19.4476,51.76204],[19.45592,51.74999],[19.45611,51.74958],[19.46135,51.7459],[19.46275,51.73955],[19.46277,51.73934],[19.46246,51.73907],[19.45915,51.73637],[19.46589,51.73441],[19.46999,51.73551],[19.47757,51.73156],[19.47772,51.7316],[19.47788,51.73164],[19.47806,51.73165],[19.47812,51.73165],[19.47824,51.73165],[19.47838,51.73166],[19.47847,51.73166],[19.47869,51.73169],[19.47882,51.73171],[19.47888,51.73171],[19.47896,51.73174],[19.47916,51.73178],[19.47936,51.73183],[19.47974,51.73194],[19.48001,51.732],[19.4801,51.73202],[19.48029,51.73205],[19.48098,51.73212],[19.48105,51.73212],[19.48143,51.73218],[19.48191,51.73221],[19.48225,51.73223],[19.48342,51.73235],[19.48492,51.73244],[19.48583,51.73248],[19.48752,51.7325],[19.48843,51.73252],[19.48866,51.7325],[19.48872,51.7325],[19.48883,51.7325],[19.48893,51.73253],[19.48902,51.73253],[19.48914,51.73256],[19.48923,51.73256],[19.4893,51.73265],[19.4896,51.73272],[19.49034,51.7329],[19.49079,51.73293],[19.49126,51.73295],[19.49162,51.73295],[19.49183,51.73299],[19.49322,51.73304],[19.49336,51.73304],[19.4935,51.73304],[19.49354,51.73304],[19.49361,51.73301],[19.49393,51.73289],[19.49407,51.73281],[19.49421,51.73266],[19.4944,51.73256],[19.49447,51.73255],[19.49453,51.73253],[19.49465,51.7325],[19.49486,51.73248],[19.49524,51.73243],[19.49578,51.73237],[19.49588,51.73236],[19.49592,51.73235],[19.49649,51.73229],[19.49654,51.73229],[19.49691,51.73227],[19.49701,51.73227],[19.49707,51.73227],[19.4971,51.73227],[19.49818,51.73229],[19.49834,51.73229],[19.49916,51.73229],[19.49986,51.73229],[19.5005,51.73227],[19.50059,51.73227],[19.50189,51.73229],[19.50301,51.73238],[19.50319,51.73239],[19.50338,51.73238],[19.50383,51.73232],[19.50394,51.73232],[19.50456,51.73229],[19.50481,51.7337],[19.50491,51.73426],[19.505,51.73473],[19.50508,51.735],[19.50519,51.73599],[19.50709,51.73581],[19.50793,51.73572],[19.50889,51.73572],[19.51201,51.73572],[19.51226,51.73572],[19.51248,51.73572],[19.51278,51.7357],[19.51301,51.73568],[19.51345,51.73563],[19.5141,51.73559],[19.51522,51.73551],[19.5157,51.73546],[19.51582,51.73546],[19.51998,51.73514],[19.52189,51.73496],[19.52217,51.73491],[19.52689,51.73469],[19.52741,51.73442],[19.52783,51.73402],[19.52901,51.73293],[19.52996,51.73205],[19.52996,51.73205],[19.53454,51.72782],[19.53491,51.72759],[19.53503,51.72766],[19.53828,51.72955],[19.54017,51.73061],[19.54366,51.73271],[19.54777,51.73516],[19.55245,51.73786],[19.55932,51.74214],[19.56129,51.74182],[19.56906,51.74043],[19.57205,51.74696],[19.57238,51.74769],[19.57321,51.74947],[19.57376,51.75064],[19.57415,51.75191],[19.57436,51.75197],[19.57441,51.7522],[19.5746,51.75214],[19.57482,51.75209]]},"properties":{"line":"72A","dir":"1","mode":"bus"}},{"type":"Feature","geometry":{"type":"LineString","coordinates":[[19.57473,51.75186],[19.57457,51.75182],[19.57416,51.75191],[19.57436,51.75244],[19.57453,51.75281],[19.57464,51.75296],[19.57488,51.75339],[19.57501,51.7537],[19.57578,51.75352],[19.58774,51.75133],[19.58959,51.75094],[19.58921,51.74925],[19.58896,51.74907],[19.58884,51.74894],[19.58899,51.7487],[19.58799,51.74586],[19.58548,51.74015],[19.58359,51.73583],[19.5835,51.73562],[19.58332,51.73552],[19.58322,51.73545],[19.58308,51.73542],[19.58183,51.73529],[19.57497,51.73431],[19.57523,51.73357],[19.57523,51.73343],[19.57519,51.73338],[19.57513,51.73331],[19.57513,51.73327],[19.57517,51.73321],[19.57523,51.73317],[19.57531,51.73315],[19.57538,51.73315],[19.57548,51.73317],[19.57556,51.73325],[19.57566,51.73328],[19.57586,51.73331],[19.576,51.73338],[19.5761,51.73347],[19.57632,51.73377],[19.5765,51.73402],[19.57646,51.73418],[19.57633,51.73425],[19.57609,51.73425],[19.57571,51.73411],[19.57601,51.73371],[19.57605,51.73365],[19.57608,51.73353],[19.57601,51.73342],[19.57592,51.73339],[19.57573,51.73336],[19.57557,51.73337],[19.57548,51.73339],[19.57541,51.73342],[19.57533,51.73352],[19.5751,51.73435],[19.56328,51.73277],[19.56214,51.73255],[19.5513,51.72947],[19.53818,51.7255],[19.53765,51.72544],[19.5352,51.72739],[19.52972,51.73241],[19.52933,51.7327],[19.52862,51.73336],[19.52831,51.73364],[19.52769,51.7342],[19.52769,51.73423],[19.52768,51.73425],[19.52767,51.73427],[19.52764,51.73428],[19.52762,51.73432],[19.52762,51.73435],[19.5276,51.73437],[19.5276,51.73441],[19.52761,51.73443],[19.52762,51.73443],[19.52762,51.73446],[19.52764,51.73446],[19.52764,51.7345],[19.52768,51.73451],[19.52769,51.73452],[19.52771,51.73453],[19.52775,51.73454],[19.5278,51.73455],[19.52785,51.73455],[19.52901,51.73454],[19.52917,51.73462],[19.52905,51.73482],[19.52831,51.73496],[19.52653,51.73499],[19.52831,51.73496],[19.52653,51.73499],[19.52495,51.73505],[19.52448,51.73507],[19.52404,51.73508],[19.52192,51.73522],[19.52095,51.73527],[19.51839,51.7355],[19.51719,51.73559],[19.51624,51.73568],[19.51586,51.7357],[19.51583,51.73572],[19.51211,51.73597],[19.51118,51.73608],[19.51043,51.73611],[19.51006,51.73613],[19.50976,51.73615],[19.50944,51.73617],[19.50916,51.73617],[19.50875,51.7362],[19.50832,51.7362],[19.50621,51.7362],[19.50561,51.73617],[19.50524,51.73621],[19.50518,51.73612],[19.50518,51.73608],[19.50517,51.73599],[19.50509,51.73534],[19.50466,51.73285],[19.50444,51.73284],[19.50303,51.73241],[19.502,51.73232],[19.50104,51.73232],[19.50046,51.7323],[19.49787,51.73229],[19.49717,51.7323],[19.4969,51.73231],[19.49655,51.73236],[19.49529,51.7325],[19.49491,51.73255],[19.49454,51.73261],[19.49428,51.73268],[19.49421,51.73272],[19.49411,51.73277],[19.49407,51.73281],[19.49393,51.73289],[19.49377,51.733],[19.49358,51.73306],[19.49343,51.73307],[19.49326,51.73307],[19.49276,51.73304],[19.49183,51.73299],[19.49046,51.73292],[19.49001,51.73295],[19.48923,51.73307],[19.48896,51.7331],[19.4887,51.73311],[19.48835,51.73301],[19.48655,51.73253],[19.48486,51.73247],[19.4825,51.73232],[19.47963,51.73193],[19.47904,51.73178],[19.47848,51.73167],[19.47786,51.73166],[19.47741,51.73155],[19.47683,51.73131],[19.47485,51.73062],[19.47002,51.73555],[19.4667,51.73461],[19.46581,51.73445],[19.46071,51.73578],[19.45926,51.73623],[19.463,51.73926],[19.46258,51.74117],[19.46247,51.74117],[19.46231,51.74115],[19.46136,51.74099],[19.45817,51.74074],[19.45726,51.74482],[19.45301,51.74447],[19.4526,51.74454],[19.45217,51.74454],[19.45149,51.7445],[19.45123,51.74506],[19.44998,51.75079],[19.45003,51.75109],[19.44878,51.7573],[19.44891,51.75797],[19.44616,51.76892],[19.44609,51.76918],[19.44545,51.77174],[19.44231,51.77148],[19.43462,51.76893],[19.42959,51.76946],[19.42906,51.77017],[19.42543,51.76886],[19.42467,51.76862],[19.42362,51.76834],[19.4215,51.76758],[19.4212,51.76763],[19.41763,51.77279],[19.41614,51.77312],[19.40965,51.77436],[19.40752,51.77473],[19.40559,51.77591],[19.40467,51.77589],[19.39885,51.77433],[19.39873,51.7746],[19.3987,51.77508],[19.39873,51.77519],[19.39881,51.77551],[19.39891,51.77582],[19.39896,51.77599],[19.39908,51.77638],[19.39918,51.77672],[19.39929,51.77713],[19.39934,51.77735],[19.3994,51.77753],[19.39943,51.77771],[19.39946,51.77784],[19.39947,51.7779],[19.39948,51.77797],[19.39948,51.77807],[19.39947,51.77816],[19.39946,51.77825],[19.39945,51.77833],[19.39945,51.7784],[19.39946,51.77845],[19.39938,51.77877],[19.39914,51.77908],[19.39807,51.77948],[19.39694,51.78013],[19.39082,51.77909],[19.38875,51.77848],[19.3769,51.77706],[19.36736,51.77587],[19.36454,51.77584],[19.35966,51.77598],[19.35466,51.776],[19.34741,51.77552],[19.34713,51.77542],[19.34715,51.77496],[19.3491,51.77501],[19.3492,51.77528],[19.34911,51.7756],[19.34932,51.77554]]},"properties":{"line":"72B","dir":"0","mode":"bus"}},{"type":"Feature","geometry":{"type":"LineString","coordinates":[[19.34954,51.77561],[19.35481,51.77596],[19.35949,51.7759],[19.36786,51.77584],[19.37564,51.7768],[19.38375,51.7778],[19.38409,51.7779],[19.3845,51.77795],[19.38551,51.77807],[19.38563,51.77807],[19.38647,51.77816],[19.38804,51.77839],[19.38833,51.77841],[19.38845,51.77843],[19.38855,51.77843],[19.38862,51.77847],[19.38878,51.7785],[19.3891,51.77859],[19.39173,51.77922],[19.39407,51.77965],[19.3968,51.78014],[19.39857,51.77923],[19.39903,51.77916],[19.39914,51.77897],[19.39926,51.77871],[19.39942,51.77834],[19.39946,51.77802],[19.39939,51.77763],[19.39861,51.77517],[19.39854,51.77467],[19.3988,51.77431],[19.40462,51.7759],[19.40595,51.77577],[19.40646,51.77542],[19.40733,51.77476],[19.4082,51.77457],[19.40852,51.77445],[19.40897,51.77443],[19.41693,51.77286],[19.41763,51.77279],[19.42138,51.76729],[19.42192,51.76743],[19.42199,51.76755],[19.4222,51.76766],[19.4225,51.76778],[19.42305,51.76802],[19.42326,51.76808],[19.42354,51.76814],[19.42363,51.76817],[19.4237,51.7682],[19.42473,51.76846],[19.4249,51.76848],[19.42535,51.76859],[19.42575,51.76871],[19.42588,51.76872],[19.42595,51.76873],[19.42615,51.76876],[19.42641,51.76877],[19.42659,51.76877],[19.42692,51.76873],[19.4271,51.76882],[19.4272,51.76883],[19.42739,51.76884],[19.42752,51.76884],[19.42766,51.76884],[19.42777,51.76884],[19.42794,51.76891],[19.428,51.76892],[19.4284,51.76901],[19.42917,51.76916],[19.42926,51.76918],[19.42933,51.7692],[19.42936,51.7692],[19.42972,51.7692],[19.42982,51.7692],[19.4299,51.7692],[19.42998,51.76918],[19.43114,51.76906],[19.4317,51.76902],[19.43185,51.76907],[19.43194,51.7691],[19.43205,51.76911],[19.43274,51.76937],[19.43293,51.76943],[19.43399,51.76976],[19.436,51.77035],[19.44356,51.77269],[19.44522,51.77288],[19.44522,51.77225],[19.44594,51.7692],[19.44606,51.7692],[19.4476,51.76204],[19.45592,51.74999],[19.45611,51.74958],[19.46135,51.7459],[19.46275,51.73955],[19.46277,51.73934],[19.46246,51.73907],[19.45915,51.73637],[19.46589,51.73441],[19.46999,51.73551],[19.47757,51.73156],[19.47772,51.7316],[19.47788,51.73164],[19.47806,51.73165],[19.47812,51.73165],[19.47824,51.73165],[19.47838,51.73166],[19.47847,51.73166],[19.47869,51.73169],[19.47882,51.73171],[19.47888,51.73171],[19.47896,51.73174],[19.47916,51.73178],[19.47936,51.73183],[19.47974,51.73194],[19.48001,51.732],[19.4801,51.73202],[19.48029,51.73205],[19.48098,51.73212],[19.48105,51.73212],[19.48143,51.73218],[19.48191,51.73221],[19.48225,51.73223],[19.48342,51.73235],[19.48492,51.73244],[19.48583,51.73248],[19.48752,51.7325],[19.48843,51.73252],[19.48866,51.7325],[19.48872,51.7325],[19.48883,51.7325],[19.48893,51.73253],[19.48902,51.73253],[19.48914,51.73256],[19.48923,51.73256],[19.4893,51.73265],[19.4896,51.73272],[19.49034,51.7329],[19.49079,51.73293],[19.49126,51.73295],[19.49162,51.73295],[19.49183,51.73299],[19.49322,51.73304],[19.49336,51.73304],[19.4935,51.73304],[19.49354,51.73304],[19.49361,51.73301],[19.49393,51.73289],[19.49407,51.73281],[19.49421,51.73266],[19.4944,51.73256],[19.49447,51.73255],[19.49453,51.73253],[19.49465,51.7325],[19.49486,51.73248],[19.49524,51.73243],[19.49578,51.73237],[19.49588,51.73236],[19.49592,51.73235],[19.49649,51.73229],[19.49654,51.73229],[19.49691,51.73227],[19.49701,51.73227],[19.49707,51.73227],[19.4971,51.73227],[19.49818,51.73229],[19.49834,51.73229],[19.49916,51.73229],[19.49986,51.73229],[19.5005,51.73227],[19.50059,51.73227],[19.50189,51.73229],[19.50301,51.73238],[19.50319,51.73239],[19.50338,51.73238],[19.50383,51.73232],[19.50394,51.73232],[19.50456,51.73229],[19.50481,51.7337],[19.50491,51.73426],[19.505,51.73473],[19.50508,51.735],[19.50519,51.73599],[19.50709,51.73581],[19.50793,51.73572],[19.50889,51.73572],[19.51201,51.73572],[19.51226,51.73572],[19.51248,51.73572],[19.51278,51.7357],[19.51301,51.73568],[19.51345,51.73563],[19.5141,51.73559],[19.51522,51.73551],[19.5157,51.73546],[19.51582,51.73546],[19.51998,51.73514],[19.52189,51.73496],[19.52217,51.73491],[19.52689,51.73469],[19.52741,51.73442],[19.52783,51.73402],[19.52901,51.73293],[19.52996,51.73205],[19.52996,51.73205],[19.53491,51.72759],[19.53765,51.72544],[19.53913,51.72557],[19.53913,51.72557],[19.56168,51.7323],[19.56938,51.73344],[19.57478,51.73418],[19.57494,51.73414],[19.57503,51.73408],[19.57525,51.73344],[19.57516,51.73336],[19.57513,51.73328],[19.57517,51.73322],[19.57532,51.73315],[19.57548,51.73317],[19.57556,51.73322],[19.5756,51.73327],[19.57592,51.73332],[19.57605,51.73341],[19.57623,51.73364],[19.5765,51.73403],[19.57649,51.73414],[19.57639,51.73422],[19.57627,51.73426],[19.57607,51.73425],[19.57585,51.73417],[19.57575,51.7341],[19.57575,51.73402],[19.57601,51.73368],[19.57609,51.73355],[19.57608,51.73349],[19.57602,51.73342],[19.57586,51.73338],[19.57569,51.73336],[19.57554,51.73337],[19.57539,51.73342],[19.57532,51.73354],[19.57517,51.73412],[19.57531,51.73426],[19.57911,51.7348],[19.58297,51.7353],[19.58326,51.73529],[19.58344,51.73523],[19.58365,51.73526],[19.58378,51.73536],[19.58376,51.73545],[19.58368,51.73553],[19.58669,51.74237],[19.58823,51.74583],[19.58916,51.74853],[19.58926,51.74865],[19.58944,51.74873],[19.58958,51.74883],[19.5896,51.74896],[19.58947,51.7491],[19.58942,51.74923],[19.58978,51.75042],[19.59022,51.75117],[19.58464,51.7522],[19.575,51.75395],[19.57409,51.75189],[19.57429,51.75184],[19.57441,51.7522],[19.5746,51.75214],[19.57482,51.75209]]},"properties":{"line":"72B","dir":"1","mode":"bus"}},{"type":"Feature","geometry":{"type":"LineString","coordinates":[[19.43654,51.77576],[19.43911,51.77665],[19.43859,51.77982],[19.43856,51.78038],[19.43868,51.7805],[19.43913,51.78052],[19.44348,51.78119],[19.4437,51.78125],[19.44391,51.78133],[19.44816,51.7821],[19.44869,51.78213],[19.44921,51.78211],[19.45003,51.78201],[19.45053,51.78194],[19.45076,51.78197],[19.45088,51.78209],[19.44969,51.78563],[19.44928,51.78703],[19.44926,51.78797],[19.44951,51.78954],[19.44963,51.79003],[19.44926,51.79072],[19.44451,51.79763],[19.44311,51.79729],[19.443,51.79729],[19.4429,51.79729],[19.44281,51.7973],[19.44248,51.79732],[19.44191,51.79738],[19.44104,51.79746],[19.44088,51.79748],[19.43565,51.79797],[19.43442,51.79809],[19.43326,51.79822],[19.43302,51.79826],[19.42959,51.79863],[19.42831,51.79876],[19.42638,51.79906],[19.42449,51.79922],[19.42573,51.80307],[19.42598,51.80471],[19.42588,51.80637],[19.42584,51.80698],[19.42576,51.80756],[19.42576,51.8076],[19.42561,51.80873],[19.42561,51.80923],[19.42569,51.81022],[19.42582,51.81115],[19.42585,51.81143],[19.4259,51.81175],[19.42595,51.81182],[19.42598,51.81207],[19.42606,51.81245],[19.4261,51.81253],[19.42617,51.81271],[19.4262,51.81272],[19.42623,51.81277],[19.42625,51.8128],[19.42635,51.81289],[19.42673,51.8132],[19.42683,51.81335],[19.42686,51.81341],[19.42688,51.81342],[19.42689,51.81344],[19.42689,51.81348],[19.42689,51.8135],[19.42689,51.81351],[19.42688,51.81357],[19.42685,51.8136],[19.42682,51.81366],[19.42678,51.81375],[19.42661,51.81395],[19.42645,51.81416],[19.42629,51.8145],[19.42622,51.81459],[19.42617,51.81464],[19.42611,51.81467],[19.42596,51.81475],[19.42588,51.81475],[19.42579,51.81475],[19.42568,51.81474],[19.42551,51.81467],[19.42536,51.81467],[19.42519,51.81465],[19.42513,51.81461],[19.42503,51.81461],[19.42484,51.81458],[19.42476,51.81457],[19.4247,51.81457],[19.42463,51.81457],[19.42455,51.81457],[19.42447,51.81457],[19.42438,51.81458],[19.42429,51.81459],[19.42417,51.81461],[19.42409,51.81464],[19.42399,51.81467],[19.42392,51.81467],[19.42382,51.81473],[19.42376,51.81476],[19.42364,51.81484],[19.4235,51.81493],[19.42336,51.81502],[19.42325,51.81512],[19.42251,51.81574],[19.41923,51.81805],[19.41901,51.81795],[19.41888,51.81783],[19.41889,51.81774]]},"properties":{"line":"73","dir":"0","mode":"bus"}},{"type":"Feature","geometry":{"type":"LineString","coordinates":[[19.41954,51.81731],[19.42002,51.81738],[19.4227,51.8154],[19.42377,51.81473],[19.42447,51.81456],[19.42496,51.81458],[19.42586,51.81475],[19.4261,51.81469],[19.42625,51.81452],[19.42672,51.81377],[19.42657,51.81368],[19.42453,51.81272],[19.42439,51.81257],[19.42436,51.81241],[19.42502,51.81137],[19.42513,51.81011],[19.42573,51.80466],[19.42327,51.79574],[19.42297,51.79467],[19.42248,51.79403],[19.42129,51.79274],[19.42101,51.79216],[19.42603,51.79114],[19.42642,51.79106],[19.42657,51.79106],[19.43011,51.79036],[19.43092,51.7916],[19.43121,51.79203],[19.43289,51.79758],[19.43326,51.79823],[19.43477,51.79804],[19.43616,51.79791],[19.4369,51.79783],[19.44172,51.79735],[19.44288,51.79703],[19.44417,51.79737],[19.44469,51.79653],[19.44573,51.79493],[19.44879,51.79074],[19.44885,51.79005],[19.44903,51.78954],[19.44897,51.78705],[19.44912,51.78636],[19.44916,51.78619],[19.45028,51.78293],[19.45052,51.78217],[19.45048,51.7821],[19.45038,51.78203],[19.44935,51.78215],[19.44845,51.78214],[19.4393,51.78061],[19.43824,51.78059],[19.43888,51.77703],[19.43891,51.77652],[19.43405,51.77516],[19.42745,51.77354],[19.42873,51.7708],[19.4289,51.77022],[19.42898,51.77008],[19.42751,51.76959],[19.4265,51.76928],[19.42607,51.76928],[19.42188,51.77235],[19.42185,51.77252],[19.42209,51.77266]]},"properties":{"line":"73","dir":"1","mode":"bus"}},{"type":"Feature","geometry":{"type":"LineString","coordinates":[[19.41347,51.70087],[19.41356,51.70096],[19.41369,51.70098],[19.41379,51.70104],[19.41396,51.70105],[19.41416,51.70104],[19.41435,51.70102],[19.41457,51.70102],[19.41467,51.70098],[19.41476,51.70129],[19.41484,51.70098],[19.41488,51.70096],[19.41491,51.70095],[19.41496,51.70087],[19.41501,51.70085],[19.41504,51.7008],[19.41506,51.70077],[19.41507,51.70071],[19.41506,51.70059],[19.41458,51.70024],[19.41425,51.70004],[19.41393,51.69987],[19.41365,51.69971],[19.41358,51.69967],[19.41348,51.69963],[19.41338,51.69958],[19.41313,51.69944],[19.41307,51.6995],[19.41299,51.69952],[19.41291,51.69953],[19.41281,51.69954],[19.41273,51.69953],[19.4127,51.69953],[19.41266,51.69952],[19.41257,51.6995],[19.41251,51.69944],[19.41241,51.69944],[19.41236,51.69941],[19.41228,51.69936],[19.41225,51.69933],[19.41221,51.69927],[19.41217,51.69923],[19.41215,51.69918],[19.41215,51.69909],[19.41215,51.69908],[19.41215,51.69904],[19.41218,51.699],[19.41221,51.69896],[19.41224,51.69891],[19.41227,51.69889],[19.41231,51.69886],[19.41236,51.69883],[19.41238,51.69881],[19.41244,51.69879],[19.41247,51.69873],[19.41252,51.69873],[19.41256,51.69873],[19.41259,51.69873],[19.41266,51.69873],[19.41271,51.69872],[19.41273,51.69872],[19.41275,51.69872],[19.41279,51.69872],[19.41281,51.69872],[19.41284,51.69872],[19.41287,51.69872],[19.4129,51.69872],[19.41292,51.69872],[19.41307,51.69873],[19.41316,51.69878],[19.41325,51.69882],[19.41331,51.69888],[19.41338,51.69891],[19.41341,51.699],[19.41344,51.69906],[19.41345,51.69909],[19.41378,51.69929],[19.41403,51.69941],[19.41418,51.69944],[19.41467,51.69978],[19.41528,51.70021],[19.41567,51.70053],[19.41607,51.70087],[19.4163,51.70104],[19.4166,51.70125],[19.41702,51.70156],[19.41719,51.7017],[19.41726,51.70177],[19.41749,51.70201],[19.41757,51.70206],[19.41761,51.7022],[19.41835,51.70277],[19.4185,51.70277],[19.41864,51.703],[19.41882,51.70316],[19.41909,51.70335],[19.41935,51.70355],[19.41946,51.70362],[19.42047,51.70442],[19.4213,51.70513],[19.422,51.70568],[19.4222,51.70585],[19.42246,51.70604],[19.42272,51.70625],[19.42323,51.70654],[19.42359,51.70679],[19.42367,51.70677],[19.42372,51.70688],[19.42425,51.70731],[19.42475,51.70772],[19.42519,51.70815],[19.42547,51.70847],[19.42571,51.70873],[19.42584,51.70884],[19.42645,51.70937],[19.42742,51.71019],[19.42784,51.71051],[19.42824,51.71085],[19.42875,51.71087],[19.42899,51.71064],[19.42906,51.71051],[19.4297,51.70983],[19.43049,51.709],[19.43091,51.70857],[19.43156,51.70788],[19.43189,51.70753],[19.43227,51.70715],[19.43268,51.70672],[19.43321,51.70616],[19.43356,51.70582],[19.43385,51.70555],[19.4334,51.70588],[19.43732,51.70295],[19.43771,51.70304],[19.43826,51.70319],[19.44287,51.70312],[19.44772,51.70309],[19.44966,51.7034],[19.4482,51.70784],[19.4509,51.70819],[19.45107,51.70821],[19.4523,51.70836],[19.45341,51.70848],[19.45367,51.7085],[19.45399,51.70856],[19.45423,51.70859],[19.45447,51.70859],[19.45475,51.70866],[19.45504,51.70868],[19.45521,51.70869],[19.45544,51.70873],[19.45563,51.70877],[19.45701,51.70895],[19.45764,51.70805],[19.4582,51.70712],[19.45889,51.70615],[19.46152,51.70309],[19.46167,51.70312],[19.46764,51.70548],[19.46707,51.70605],[19.46625,51.70683],[19.46574,51.70733],[19.46569,51.70737],[19.46501,51.70805],[19.46492,51.70818],[19.46434,51.70877],[19.46412,51.709],[19.46389,51.70925],[19.46361,51.70957],[19.46351,51.70967],[19.46341,51.70981],[19.4633,51.70992],[19.46321,51.7101],[19.46312,51.71026],[19.46302,51.71043],[19.46294,51.7106],[19.4629,51.71073],[19.46285,51.71082],[19.46249,51.71172],[19.46262,51.71148],[19.46611,51.71165],[19.46652,51.71491],[19.46815,51.71851],[19.47263,51.71661],[19.47421,51.716],[19.47548,51.71553],[19.47548,51.71552],[19.4755,51.71552],[19.4765,51.71514],[19.47837,51.71458],[19.48166,51.71365],[19.48167,51.7136],[19.48342,51.71317],[19.48695,51.7136],[19.48584,51.71579],[19.48529,51.71779],[19.49653,51.7194],[19.49639,51.71938],[19.49523,51.71922],[19.49361,51.71897],[19.49258,51.71884],[19.49248,51.71879],[19.4924,51.71879],[19.49132,51.71866],[19.49108,51.71863],[19.48826,51.71824],[19.4864,51.71798],[19.48599,51.718],[19.48588,51.718],[19.48564,51.718],[19.48557,51.718],[19.48534,51.71798],[19.4852,51.71796],[19.48508,51.71842],[19.48501,51.7186],[19.48486,51.7192],[19.48459,51.72011],[19.48454,51.72023],[19.4845,51.72032],[19.48434,51.72064],[19.48425,51.72075],[19.48403,51.72113],[19.48401,51.72122],[19.48401,51.72124],[19.48379,51.72147],[19.48342,51.72208],[19.48327,51.72234],[19.48309,51.7226],[19.48289,51.72282],[19.48265,51.72307],[19.48257,51.72315],[19.48196,51.72378],[19.48158,51.72415],[19.48107,51.7247],[19.48098,51.7248],[19.48093,51.72485],[19.48103,51.72489],[19.48087,51.72493],[19.48054,51.72532],[19.48047,51.72543],[19.48031,51.72557],[19.48017,51.72575],[19.47965,51.72627],[19.47909,51.72683],[19.47904,51.72689],[19.47872,51.7272],[19.47863,51.72728],[19.47835,51.72757],[19.47682,51.72908],[19.47675,51.72916],[19.4765,51.72936],[19.4759,51.7298],[19.4754,51.73023],[19.47525,51.73032],[19.47524,51.73041],[19.47524,51.73042],[19.47523,51.73043],[19.47523,51.73047],[19.47524,51.73049],[19.47524,51.7305],[19.47525,51.73053],[19.47528,51.73053],[19.47533,51.73058],[19.47675,51.73106],[19.47703,51.73129],[19.47806,51.73165],[19.47844,51.73164],[19.47879,51.73158],[19.47894,51.73153],[19.47952,51.73029],[19.48031,51.72775],[19.48054,51.72733],[19.48713,51.72815],[19.48882,51.72814],[19.49824,51.72792],[19.49697,51.73216],[19.49689,51.7323],[19.49659,51.73242],[19.4953,51.73255],[19.49476,51.73262],[19.49446,51.73268],[19.49411,51.73281],[19.49402,51.73296],[19.49393,51.73314],[19.49396,51.73336],[19.49408,51.7339],[19.49414,51.73444],[19.49533,51.73952],[19.49541,51.73993],[19.49538,51.74084],[19.4952,51.74179],[19.49459,51.74384],[19.49331,51.74807],[19.49699,51.74852],[19.50299,51.74936],[19.50377,51.74947],[19.50688,51.74985],[19.50757,51.74986],[19.50766,51.74984],[19.50854,51.74993],[19.50875,51.74987],[19.50894,51.74979],[19.50907,51.74939],[19.5092,51.74934],[19.50934,51.74931],[19.50969,51.74931],[19.51153,51.74953],[19.51207,51.74972],[19.51233,51.74997],[19.5126,51.75112],[19.51235,51.75148],[19.51153,51.75227],[19.50878,51.76131],[19.50819,51.76322],[19.51114,51.76348],[19.5126,51.76354],[19.51311,51.76373],[19.51518,51.76375],[19.51593,51.76372],[19.51785,51.76371],[19.51817,51.76368],[19.51843,51.76366],[19.51963,51.76366],[19.52171,51.76346],[19.53325,51.76136],[19.5345,51.76104],[19.53578,51.76059],[19.537,51.76027],[19.54003,51.76007],[19.54111,51.75998],[19.54164,51.75991],[19.54194,51.7599],[19.54366,51.75959],[19.54406,51.75951],[19.54609,51.75915],[19.54666,51.75899],[19.54684,51.75888],[19.5482,51.75863],[19.54889,51.75846],[19.5493,51.75834],[19.54957,51.7583],[19.55361,51.75734],[19.55411,51.7585],[19.55409,51.75859],[19.55413,51.75865],[19.55417,51.75875],[19.55492,51.76018],[19.55492,51.76022],[19.55492,51.76024],[19.55492,51.76027],[19.55489,51.7603],[19.55487,51.76033],[19.55482,51.76035],[19.55478,51.76038],[19.55473,51.76039],[19.55467,51.7604],[19.55458,51.76041],[19.55295,51.76057],[19.55277,51.76059],[19.55251,51.76062],[19.55129,51.76075],[19.55118,51.76081],[19.5447,51.76176],[19.54322,51.76209],[19.54329,51.76246],[19.54318,51.76252],[19.5421,51.76267],[19.54189,51.76266]]},"properties":{"line":"75A","dir":"0","mode":"bus"}},{"type":"Feature","geometry":{"type":"LineString","coordinates":[[19.54398,51.76192],[19.54474,51.76175],[19.54583,51.76157],[19.54636,51.76147],[19.54811,51.7612],[19.54845,51.76114],[19.54854,51.76113],[19.54967,51.76096],[19.55052,51.76084],[19.55129,51.76075],[19.55154,51.76071],[19.55153,51.76068],[19.5516,51.76069],[19.55251,51.76062],[19.55277,51.76059],[19.55295,51.76057],[19.55458,51.76041],[19.55467,51.7604],[19.55473,51.76039],[19.55478,51.76038],[19.55481,51.76034],[19.55487,51.76032],[19.55489,51.7603],[19.55492,51.76027],[19.55492,51.76024],[19.55492,51.76022],[19.55492,51.76017],[19.5543,51.75916],[19.55403,51.75851],[19.55388,51.7582],[19.55373,51.75809],[19.55292,51.75826],[19.55219,51.75837],[19.5514,51.75846],[19.55047,51.75856],[19.5502,51.7586],[19.55002,51.75864],[19.54932,51.75872],[19.54676,51.75911],[19.546,51.75918],[19.54198,51.75994],[19.54128,51.76011],[19.53973,51.76057],[19.53796,51.76098],[19.53689,51.76121],[19.53562,51.76131],[19.53447,51.76142],[19.53263,51.76173],[19.53012,51.76217],[19.52877,51.76244],[19.52861,51.76248],[19.51945,51.76411],[19.51582,51.7642],[19.5131,51.76393],[19.50796,51.76355],[19.50817,51.76277],[19.50912,51.7596],[19.51025,51.75575],[19.51136,51.75259],[19.51155,51.75223],[19.5118,51.75199],[19.5106,51.75115],[19.51045,51.75098],[19.51035,51.75057],[19.51023,51.75036],[19.50883,51.75019],[19.50856,51.75007],[19.50439,51.74959],[19.50265,51.74932],[19.50057,51.74896],[19.49323,51.74811],[19.49472,51.74317],[19.49524,51.74142],[19.49533,51.74038],[19.49532,51.7397],[19.49435,51.73563],[19.49434,51.73552],[19.49421,51.73499],[19.4941,51.73453],[19.49401,51.73419],[19.49392,51.73402],[19.49393,51.73373],[19.49382,51.73337],[19.49377,51.73325],[19.49376,51.73317],[19.49372,51.73299],[19.49393,51.73289],[19.49407,51.73281],[19.49421,51.73266],[19.4944,51.73256],[19.49447,51.73255],[19.49453,51.73253],[19.49465,51.7325],[19.49486,51.73248],[19.49524,51.73243],[19.49688,51.73224],[19.49818,51.72796],[19.48858,51.7282],[19.48697,51.7282],[19.47914,51.72717],[19.4773,51.72727],[19.47591,51.72757],[19.4755,51.7279],[19.4755,51.72832],[19.47572,51.72858],[19.4767,51.72896],[19.47991,51.72568],[19.48117,51.72423],[19.48182,51.72361],[19.48284,51.72254],[19.48346,51.72158],[19.48393,51.72075],[19.48402,51.72048],[19.48421,51.7203],[19.48425,51.72019],[19.48432,51.72007],[19.48442,51.71977],[19.48459,51.71915],[19.48491,51.71805],[19.48496,51.71784],[19.4852,51.71782],[19.48548,51.71784],[19.48598,51.7179],[19.48632,51.71793],[19.48729,51.71807],[19.48923,51.71834],[19.49034,51.71852],[19.49044,51.71852],[19.49058,51.71856],[19.49088,51.7186],[19.49123,51.71862],[19.4924,51.71879],[19.49248,51.71879],[19.49258,51.71884],[19.49361,51.71897],[19.49523,51.71922],[19.49587,51.71931],[19.48505,51.71713],[19.48557,51.71575],[19.48626,51.71411],[19.48668,51.7136],[19.4834,51.71309],[19.48134,51.7138],[19.47615,51.71529],[19.476,51.71529],[19.47572,51.71544],[19.47548,51.71553],[19.47421,51.716],[19.47246,51.71671],[19.47237,51.71678],[19.47187,51.71698],[19.4719,51.71701],[19.46901,51.71817],[19.46815,51.71851],[19.46612,51.71406],[19.46599,51.71175],[19.46573,51.71172],[19.46223,51.71176],[19.4632,51.70974],[19.46744,51.70541],[19.46725,51.70532],[19.46152,51.70309],[19.45974,51.70506],[19.45883,51.70643],[19.45701,51.70895],[19.45644,51.70895],[19.45495,51.70868],[19.44712,51.70772],[19.44867,51.70325],[19.4476,51.70309],[19.44109,51.70321],[19.4383,51.70323],[19.43743,51.70298],[19.43666,51.70366],[19.4355,51.70452],[19.43499,51.70486],[19.43447,51.70525],[19.4339,51.70567],[19.43345,51.7061],[19.43302,51.70654],[19.43265,51.70694],[19.43203,51.70758],[19.4317,51.70791],[19.43098,51.70866],[19.4301,51.70958],[19.42952,51.71019],[19.4295,51.71017],[19.42818,51.71124],[19.42625,51.70953],[19.42245,51.70629],[19.42127,51.70543],[19.41974,51.70424],[19.41882,51.70355],[19.41848,51.70327],[19.41733,51.70229],[19.41515,51.70068],[19.41477,51.70035],[19.41425,51.70004],[19.41369,51.69972],[19.41347,51.69972],[19.41317,51.6998],[19.41307,51.69987],[19.41303,51.70059],[19.41312,51.70069]]},"properties":{"line":"75A","dir":"1","mode":"bus"}},{"type":"Feature","geometry":{"type":"LineString","coordinates":[[19.41347,51.70087],[19.41356,51.70096],[19.41369,51.70098],[19.41379,51.70104],[19.41396,51.70105],[19.41416,51.70104],[19.41435,51.70102],[19.41457,51.70102],[19.41467,51.70098],[19.41476,51.70129],[19.41484,51.70098],[19.41488,51.70096],[19.41491,51.70095],[19.41496,51.70087],[19.41501,51.70085],[19.41504,51.7008],[19.41506,51.70077],[19.41507,51.70071],[19.41506,51.70059],[19.41458,51.70024],[19.41425,51.70004],[19.41393,51.69987],[19.41365,51.69971],[19.41358,51.69967],[19.41348,51.69963],[19.41338,51.69958],[19.41313,51.69944],[19.41307,51.6995],[19.41299,51.69952],[19.41291,51.69953],[19.41281,51.69954],[19.41273,51.69953],[19.4127,51.69953],[19.41266,51.69952],[19.41257,51.6995],[19.41251,51.69944],[19.41241,51.69944],[19.41236,51.69941],[19.41228,51.69936],[19.41225,51.69933],[19.41221,51.69927],[19.41217,51.69923],[19.41215,51.69918],[19.41215,51.69909],[19.41215,51.69908],[19.41215,51.69904],[19.41218,51.699],[19.41221,51.69896],[19.41224,51.69891],[19.41227,51.69889],[19.41231,51.69886],[19.41236,51.69883],[19.41238,51.69881],[19.41244,51.69879],[19.41247,51.69873],[19.41252,51.69873],[19.41256,51.69873],[19.41259,51.69873],[19.41266,51.69873],[19.41271,51.69872],[19.41273,51.69872],[19.41275,51.69872],[19.41279,51.69872],[19.41281,51.69872],[19.41284,51.69872],[19.41287,51.69872],[19.4129,51.69872],[19.41292,51.69872],[19.41307,51.69873],[19.41316,51.69878],[19.41325,51.69882],[19.41331,51.69888],[19.41338,51.69891],[19.41341,51.699],[19.41344,51.69906],[19.41345,51.69909],[19.41378,51.69929],[19.41403,51.69941],[19.41418,51.69944],[19.41467,51.69978],[19.41528,51.70021],[19.41567,51.70053],[19.41607,51.70087],[19.4163,51.70104],[19.4166,51.70125],[19.41702,51.70156],[19.41719,51.7017],[19.41726,51.70177],[19.41749,51.70201],[19.41757,51.70206],[19.41761,51.7022],[19.41835,51.70277],[19.4185,51.70277],[19.41864,51.703],[19.41882,51.70316],[19.41909,51.70335],[19.41935,51.70355],[19.41946,51.70362],[19.42047,51.70442],[19.4213,51.70513],[19.422,51.70568],[19.4222,51.70585],[19.42246,51.70604],[19.42272,51.70625],[19.42323,51.70654],[19.42359,51.70679],[19.42367,51.70677],[19.42372,51.70688],[19.42425,51.70731],[19.42475,51.70772],[19.42519,51.70815],[19.42547,51.70847],[19.42571,51.70873],[19.42584,51.70884],[19.42645,51.70937],[19.42742,51.71019],[19.42784,51.71051],[19.42824,51.71085],[19.42875,51.71087],[19.42899,51.71064],[19.42906,51.71051],[19.4297,51.70983],[19.43049,51.709],[19.43091,51.70857],[19.43156,51.70788],[19.43189,51.70753],[19.43227,51.70715],[19.43268,51.70672],[19.43321,51.70616],[19.43356,51.70582],[19.43385,51.70555],[19.4334,51.70588],[19.43732,51.70295],[19.43771,51.70304],[19.43826,51.70319],[19.44287,51.70312],[19.44772,51.70309],[19.44887,51.70321],[19.44963,51.70339],[19.45073,51.70357],[19.45163,51.70376],[19.45278,51.70399],[19.45339,51.70409],[19.45409,51.70424],[19.45468,51.70436],[19.45498,51.70443],[19.45514,51.70447],[19.45535,51.70447],[19.45549,51.70453],[19.45564,51.70454],[19.45641,51.70471],[19.45663,51.70474],[19.45702,51.70481],[19.45703,51.70481],[19.45944,51.70533],[19.46152,51.70309],[19.46167,51.70312],[19.46167,51.70312],[19.46764,51.70548],[19.46707,51.70605],[19.46625,51.70683],[19.46574,51.70733],[19.46569,51.70737],[19.46501,51.70805],[19.46492,51.70818],[19.46434,51.70877],[19.46412,51.709],[19.46389,51.70925],[19.46361,51.70957],[19.46351,51.70967],[19.46341,51.70981],[19.4633,51.70992],[19.46321,51.7101],[19.46312,51.71026],[19.46302,51.71043],[19.46294,51.7106],[19.4629,51.71073],[19.46285,51.71082],[19.46249,51.71172],[19.46262,51.71148],[19.46611,51.71165],[19.46652,51.71491],[19.46815,51.71851],[19.47263,51.71661],[19.47421,51.716],[19.47548,51.71553],[19.47548,51.71552],[19.4755,51.71552],[19.4765,51.71514],[19.47837,51.71458],[19.48166,51.71365],[19.48167,51.7136],[19.48342,51.71317],[19.48695,51.7136],[19.48584,51.71579],[19.48529,51.71779],[19.49653,51.7194],[19.49639,51.71938],[19.49523,51.71922],[19.49361,51.71897],[19.49258,51.71884],[19.49248,51.71879],[19.4924,51.71879],[19.49132,51.71866],[19.49108,51.71863],[19.48826,51.71824],[19.4864,51.71798],[19.48599,51.718],[19.48588,51.718],[19.48564,51.718],[19.48557,51.718],[19.48534,51.71798],[19.4852,51.71796],[19.48508,51.71842],[19.48501,51.7186],[19.48486,51.7192],[19.48459,51.72011],[19.48454,51.72023],[19.4845,51.72032],[19.48434,51.72064],[19.48425,51.72075],[19.48403,51.72113],[19.48401,51.72122],[19.48401,51.72124],[19.48379,51.72147],[19.48342,51.72208],[19.48327,51.72234],[19.48309,51.7226],[19.48289,51.72282],[19.48265,51.72307],[19.48257,51.72315],[19.48196,51.72378],[19.48158,51.72415],[19.48107,51.7247],[19.48098,51.7248],[19.48093,51.72485],[19.48103,51.72489],[19.48087,51.72493],[19.48054,51.72532],[19.48047,51.72543],[19.48031,51.72557],[19.48017,51.72575],[19.47965,51.72627],[19.47909,51.72683],[19.47904,51.72689],[19.47872,51.7272],[19.47863,51.72728],[19.47835,51.72757],[19.47682,51.72908],[19.47675,51.72916],[19.4765,51.72936],[19.4759,51.7298],[19.4754,51.73023],[19.47525,51.73032],[19.47524,51.73041],[19.47524,51.73042],[19.47523,51.73043],[19.47523,51.73047],[19.47524,51.73049],[19.47524,51.7305],[19.47525,51.73053],[19.47528,51.73053],[19.47533,51.73058],[19.47675,51.73106],[19.47703,51.73129],[19.47806,51.73165],[19.47844,51.73164],[19.47879,51.73158],[19.47894,51.73153],[19.47952,51.73029],[19.48031,51.72775],[19.48054,51.72733],[19.48713,51.72815],[19.48882,51.72814],[19.49824,51.72792],[19.49697,51.73216],[19.49689,51.7323],[19.49659,51.73242],[19.4953,51.73255],[19.49476,51.73262],[19.49446,51.73268],[19.49411,51.73281],[19.49402,51.73296],[19.49393,51.73314],[19.49396,51.73336],[19.49408,51.7339],[19.49414,51.73444],[19.49533,51.73952],[19.49541,51.73993],[19.49538,51.74084],[19.4952,51.74179],[19.49459,51.74384],[19.49331,51.74807],[19.49699,51.74852],[19.50299,51.74936],[19.50377,51.74947],[19.50688,51.74985],[19.50757,51.74986],[19.50766,51.74984],[19.50854,51.74993],[19.50875,51.74987],[19.50894,51.74979],[19.50907,51.74939],[19.5092,51.74934],[19.50934,51.74931],[19.50969,51.74931],[19.51153,51.74953],[19.51207,51.74972],[19.51233,51.74997],[19.5126,51.75112],[19.51235,51.75148],[19.51153,51.75227],[19.50878,51.76131],[19.50819,51.76322],[19.51114,51.76348],[19.5126,51.76354],[19.51311,51.76373],[19.51518,51.76375],[19.51593,51.76372],[19.51785,51.76371],[19.51817,51.76368],[19.51843,51.76366],[19.51963,51.76366],[19.52171,51.76346],[19.53325,51.76136],[19.5345,51.76104],[19.53578,51.76059],[19.537,51.76027],[19.54003,51.76007],[19.54111,51.75998],[19.54164,51.75991],[19.54194,51.7599],[19.54366,51.75959],[19.54406,51.75951],[19.54609,51.75915],[19.54666,51.75899],[19.54684,51.75888],[19.5482,51.75863],[19.54889,51.75846],[19.5493,51.75834],[19.54957,51.7583],[19.55361,51.75734],[19.55411,51.7585],[19.55409,51.75859],[19.55413,51.75865],[19.55417,51.75875],[19.55492,51.76018],[19.55492,51.76022],[19.55492,51.76024],[19.55492,51.76027],[19.55489,51.7603],[19.55487,51.76033],[19.55482,51.76035],[19.55478,51.76038],[19.55473,51.76039],[19.55467,51.7604],[19.55458,51.76041],[19.55295,51.76057],[19.55277,51.76059],[19.55251,51.76062],[19.55129,51.76075],[19.55118,51.76081],[19.5447,51.76176],[19.54322,51.76209],[19.54329,51.76246],[19.54318,51.76252],[19.5421,51.76267],[19.54189,51.76266]]},"properties":{"line":"75B","dir":"0","mode":"bus"}},{"type":"Feature","geometry":{"type":"LineString","coordinates":[[19.54398,51.76192],[19.54474,51.76175],[19.54583,51.76157],[19.54636,51.76147],[19.54811,51.7612],[19.54845,51.76114],[19.54854,51.76113],[19.54967,51.76096],[19.55052,51.76084],[19.55129,51.76075],[19.55154,51.76071],[19.55153,51.76068],[19.5516,51.76069],[19.55251,51.76062],[19.55277,51.76059],[19.55295,51.76057],[19.55458,51.76041],[19.55467,51.7604],[19.55473,51.76039],[19.55478,51.76038],[19.55481,51.76034],[19.55487,51.76032],[19.55489,51.7603],[19.55492,51.76027],[19.55492,51.76024],[19.55492,51.76022],[19.55492,51.76017],[19.5543,51.75916],[19.55403,51.75851],[19.55388,51.7582],[19.55373,51.75809],[19.55292,51.75826],[19.55219,51.75837],[19.5514,51.75846],[19.55047,51.75856],[19.5502,51.7586],[19.55002,51.75864],[19.54932,51.75872],[19.54676,51.75911],[19.546,51.75918],[19.54198,51.75994],[19.54128,51.76011],[19.53973,51.76057],[19.53796,51.76098],[19.53689,51.76121],[19.53562,51.76131],[19.53447,51.76142],[19.53263,51.76173],[19.53012,51.76217],[19.52877,51.76244],[19.52861,51.76248],[19.51945,51.76411],[19.51582,51.7642],[19.5131,51.76393],[19.50796,51.76355],[19.50817,51.76277],[19.50912,51.7596],[19.51025,51.75575],[19.51136,51.75259],[19.51155,51.75223],[19.5118,51.75199],[19.5106,51.75115],[19.51045,51.75098],[19.51035,51.75057],[19.51023,51.75036],[19.50883,51.75019],[19.50856,51.75007],[19.50439,51.74959],[19.50265,51.74932],[19.50057,51.74896],[19.49323,51.74811],[19.49472,51.74317],[19.49524,51.74142],[19.49533,51.74038],[19.49532,51.7397],[19.49435,51.73563],[19.49434,51.73552],[19.49421,51.73499],[19.4941,51.73453],[19.49401,51.73419],[19.49392,51.73402],[19.49393,51.73373],[19.49382,51.73337],[19.49377,51.73325],[19.49376,51.73317],[19.49372,51.73299],[19.49393,51.73289],[19.49407,51.73281],[19.49421,51.73266],[19.4944,51.73256],[19.49447,51.73255],[19.49453,51.73253],[19.49465,51.7325],[19.49486,51.73248],[19.49524,51.73243],[19.49688,51.73224],[19.49818,51.72796],[19.48858,51.7282],[19.48697,51.7282],[19.47914,51.72717],[19.4773,51.72727],[19.47591,51.72757],[19.4755,51.7279],[19.4755,51.72832],[19.47572,51.72858],[19.4767,51.72896],[19.47991,51.72568],[19.48117,51.72423],[19.48182,51.72361],[19.48284,51.72254],[19.48346,51.72158],[19.48393,51.72075],[19.48402,51.72048],[19.48421,51.7203],[19.48425,51.72019],[19.48432,51.72007],[19.48442,51.71977],[19.48459,51.71915],[19.48491,51.71805],[19.48496,51.71784],[19.4852,51.71782],[19.48548,51.71784],[19.48598,51.7179],[19.48632,51.71793],[19.48729,51.71807],[19.48923,51.71834],[19.49034,51.71852],[19.49044,51.71852],[19.49058,51.71856],[19.49088,51.7186],[19.49123,51.71862],[19.4924,51.71879],[19.49248,51.71879],[19.49258,51.71884],[19.49361,51.71897],[19.49523,51.71922],[19.49587,51.71931],[19.48505,51.71713],[19.48557,51.71575],[19.48626,51.71411],[19.48668,51.7136],[19.4834,51.71309],[19.48134,51.7138],[19.47615,51.71529],[19.476,51.71529],[19.47572,51.71544],[19.47548,51.71553],[19.47421,51.716],[19.47246,51.71671],[19.47237,51.71678],[19.47187,51.71698],[19.4719,51.71701],[19.46901,51.71817],[19.46815,51.71851],[19.46612,51.71406],[19.46599,51.71175],[19.46573,51.71172],[19.46223,51.71176],[19.4632,51.70974],[19.46744,51.70541],[19.46725,51.70532],[19.46152,51.70309],[19.45944,51.70533],[19.45615,51.7047],[19.45018,51.70347],[19.44797,51.7031],[19.44109,51.70321],[19.4383,51.70323],[19.43743,51.70298],[19.43666,51.70366],[19.4355,51.70452],[19.43499,51.70486],[19.43447,51.70525],[19.4339,51.70567],[19.43345,51.7061],[19.43302,51.70654],[19.43265,51.70694],[19.43203,51.70758],[19.4317,51.70791],[19.43098,51.70866],[19.4301,51.70958],[19.42952,51.71019],[19.4295,51.71017],[19.42818,51.71124],[19.42625,51.70953],[19.42245,51.70629],[19.42127,51.70543],[19.41974,51.70424],[19.41882,51.70355],[19.41848,51.70327],[19.41733,51.70229],[19.41515,51.70068],[19.41477,51.70035],[19.41425,51.70004],[19.41369,51.69972],[19.41347,51.69972],[19.41317,51.6998],[19.41307,51.69987],[19.41303,51.70059],[19.41312,51.70069]]},"properties":{"line":"75B","dir":"1","mode":"bus"}},{"type":"Feature","geometry":{"type":"LineString","coordinates":[[19.38319,51.74774],[19.38316,51.74767],[19.38317,51.74759],[19.38333,51.7474],[19.38337,51.74736],[19.38329,51.74733],[19.38325,51.74731],[19.3829,51.74715],[19.38207,51.7468],[19.38169,51.74663],[19.38153,51.74655],[19.38144,51.74651],[19.38137,51.74645],[19.38131,51.74641],[19.38126,51.74636],[19.38122,51.7463],[19.38121,51.74625],[19.38117,51.74618],[19.38117,51.7461],[19.38117,51.74605],[19.3812,51.746],[19.3813,51.74574],[19.38149,51.74526],[19.38168,51.74478],[19.38192,51.74418],[19.3821,51.74373],[19.38212,51.74367],[19.38213,51.7436],[19.38237,51.74297],[19.38242,51.74288],[19.38266,51.74233],[19.38271,51.74225],[19.38284,51.74198],[19.38286,51.74187],[19.3841,51.74],[19.38406,51.73991],[19.38418,51.73985],[19.38601,51.73732],[19.38739,51.73718],[19.38812,51.73711],[19.38979,51.73716],[19.39086,51.73731],[19.39154,51.73747],[19.39684,51.73897],[19.39727,51.73909],[19.39958,51.73982],[19.40093,51.74035],[19.40153,51.7407],[19.40177,51.74103],[19.40181,51.74131],[19.40156,51.74205],[19.39835,51.74612],[19.40345,51.74768],[19.40425,51.74794],[19.40468,51.74797],[19.4053,51.74802],[19.40637,51.74803],[19.40673,51.74844],[19.40713,51.74881],[19.40758,51.74914],[19.40885,51.75021],[19.40935,51.75068],[19.40987,51.75125],[19.41118,51.75288],[19.41199,51.75414],[19.4131,51.75563],[19.41458,51.75772],[19.41467,51.75783],[19.41472,51.75793],[19.41453,51.75799],[19.41345,51.75834],[19.41306,51.75844],[19.41284,51.75853],[19.41264,51.75864],[19.41231,51.75884],[19.41143,51.75941],[19.41074,51.76],[19.40978,51.76098],[19.4097,51.76106],[19.40964,51.76113],[19.40961,51.7612],[19.4096,51.76121],[19.40946,51.76136],[19.40928,51.76153],[19.40915,51.76163],[19.40898,51.76174],[19.40858,51.76199],[19.40844,51.76207],[19.40782,51.76246],[19.40775,51.7625],[19.40769,51.76254],[19.40683,51.76311],[19.4055,51.76395],[19.40495,51.76443],[19.40419,51.76535],[19.40327,51.76688],[19.40258,51.76812],[19.4022,51.76908],[19.40182,51.76997],[19.40171,51.77024],[19.40111,51.7716],[19.40065,51.77268],[19.4004,51.77301],[19.3995,51.77375],[19.39912,51.77405],[19.39891,51.77422],[19.39886,51.77427],[19.39881,51.77433],[19.39877,51.77438],[19.39874,51.77443],[19.39873,51.77448],[19.3987,51.77508],[19.39873,51.77519],[19.39881,51.77551],[19.39891,51.77582],[19.39896,51.77599],[19.39908,51.77638],[19.39918,51.77672],[19.39929,51.77713],[19.39934,51.77735],[19.3994,51.77753],[19.39943,51.77771],[19.39946,51.77784],[19.39947,51.7779],[19.39948,51.77797],[19.39948,51.77807],[19.39947,51.77816],[19.39946,51.77825],[19.39945,51.77833],[19.39945,51.7784],[19.39946,51.77845],[19.39929,51.77877],[19.39914,51.77908],[19.39819,51.77942],[19.39694,51.78013],[19.39633,51.78068],[19.39566,51.78111],[19.39166,51.78251],[19.3919,51.78391],[19.39195,51.7842],[19.39245,51.78682],[19.39257,51.78712],[19.39253,51.78748],[19.39342,51.79211],[19.39351,51.79237],[19.39361,51.79245],[19.39359,51.79256],[19.39349,51.79263],[19.39326,51.79265],[19.39311,51.79257],[19.39246,51.79254],[19.39217,51.79255],[19.39089,51.79262],[19.39048,51.79266],[19.38694,51.79336],[19.38511,51.79374],[19.38466,51.79387],[19.38463,51.79394],[19.38456,51.79401],[19.3846,51.79424],[19.38498,51.795],[19.38579,51.79639],[19.38587,51.79648],[19.38587,51.79658],[19.38604,51.79702],[19.38629,51.79755],[19.38661,51.7981],[19.38672,51.79827],[19.3869,51.79864],[19.38694,51.79872],[19.387,51.79882],[19.38702,51.79886],[19.38704,51.79891],[19.38707,51.79898],[19.38713,51.79909],[19.38729,51.7994],[19.38798,51.80078],[19.38816,51.80113],[19.38823,51.80134],[19.38828,51.80158],[19.38835,51.80203],[19.38842,51.80225],[19.38849,51.8027],[19.3887,51.8037],[19.38875,51.80397],[19.38909,51.80465],[19.38976,51.80584],[19.39063,51.80723],[19.39068,51.80748],[19.39092,51.80791],[19.39125,51.80851],[19.39149,51.80892],[19.39169,51.80933],[19.39132,51.80942],[19.3907,51.80957],[19.39,51.80974],[19.38929,51.80992],[19.38373,51.81112],[19.38113,51.81157],[19.37999,51.8119],[19.37965,51.81206],[19.3795,51.81214],[19.37869,51.81244],[19.3786,51.81254],[19.37853,51.8128],[19.37871,51.81314],[19.38126,51.81548],[19.38272,51.81671],[19.38221,51.81693]]},"properties":{"line":"76","dir":"0","mode":"bus"}},{"type":"Feature","geometry":{"type":"LineString","coordinates":[[19.38216,51.81698],[19.38271,51.81675],[19.38126,51.81548],[19.37953,51.81397],[19.3785,51.81296],[19.37822,51.81266],[19.37812,51.81261],[19.37809,51.81251],[19.37821,51.81238],[19.37857,51.81235],[19.38029,51.81175],[19.3834,51.8111],[19.3855,51.8107],[19.39052,51.80956],[19.39092,51.80945],[19.39141,51.80934],[19.39153,51.80923],[19.39145,51.80902],[19.39086,51.80794],[19.38966,51.80586],[19.38901,51.80467],[19.38878,51.80425],[19.38869,51.80397],[19.38845,51.80275],[19.38812,51.80113],[19.38773,51.80039],[19.38735,51.80002],[19.38725,51.79978],[19.38718,51.79971],[19.38708,51.79961],[19.38703,51.79955],[19.38698,51.79949],[19.38694,51.79943],[19.38694,51.79942],[19.38684,51.79924],[19.38679,51.79916],[19.38673,51.79905],[19.38669,51.79896],[19.38666,51.79893],[19.38661,51.79882],[19.38657,51.79875],[19.38653,51.79862],[19.38646,51.79832],[19.38638,51.79784],[19.38603,51.79711],[19.38585,51.79685],[19.38571,51.79659],[19.38563,51.79652],[19.38563,51.79644],[19.38464,51.79458],[19.38445,51.79413],[19.38418,51.79391],[19.38417,51.79377],[19.38435,51.7937],[19.38459,51.79374],[19.38502,51.7937],[19.39064,51.79261],[19.39243,51.79252],[19.39313,51.79243],[19.39326,51.79228],[19.39323,51.79204],[19.39321,51.79132],[19.39263,51.78821],[19.39223,51.78656],[19.39166,51.78294],[19.39162,51.78251],[19.39395,51.78177],[19.39464,51.78153],[19.39543,51.78118],[19.39626,51.78075],[19.39694,51.78013],[19.3982,51.77942],[19.39857,51.77923],[19.39903,51.77916],[19.39914,51.77897],[19.39926,51.77871],[19.39942,51.77834],[19.39946,51.77802],[19.39939,51.77763],[19.39861,51.77517],[19.39861,51.77516],[19.39864,51.77504],[19.39863,51.77467],[19.39877,51.77432],[19.39909,51.77405],[19.39978,51.77348],[19.40043,51.77294],[19.40071,51.7725],[19.40186,51.76966],[19.40213,51.76908],[19.40231,51.76873],[19.40252,51.76819],[19.40256,51.76812],[19.4027,51.76788],[19.4028,51.76765],[19.40293,51.76745],[19.40305,51.76724],[19.40351,51.76647],[19.40362,51.76625],[19.40374,51.76605],[19.40391,51.76569],[19.40394,51.76552],[19.40456,51.7646],[19.40767,51.76241],[19.40857,51.76176],[19.40916,51.7615],[19.41138,51.75941],[19.41259,51.75862],[19.41388,51.75806],[19.41466,51.75783],[19.41418,51.75729],[19.41422,51.7572],[19.41251,51.75486],[19.41235,51.75483],[19.41244,51.75476],[19.40956,51.75098],[19.40632,51.74822],[19.40416,51.74794],[19.40339,51.74769],[19.39816,51.74619],[19.40089,51.74252],[19.40161,51.74162],[19.40181,51.74131],[19.40149,51.74065],[19.40004,51.74],[19.39734,51.73917],[19.39734,51.73917],[19.39464,51.73837],[19.39213,51.73767],[19.39067,51.73729],[19.38976,51.73719],[19.3885,51.73713],[19.38717,51.73721],[19.3861,51.73734],[19.38601,51.73732],[19.38563,51.73792],[19.38468,51.73927],[19.3841,51.74008],[19.38407,51.74024],[19.3839,51.74036],[19.38384,51.74045],[19.38384,51.74052],[19.38381,51.74065],[19.38376,51.74079],[19.38366,51.74101],[19.38356,51.74117],[19.38338,51.74144],[19.38317,51.74175],[19.383,51.74207],[19.38277,51.74252],[19.38266,51.74279],[19.38259,51.74297],[19.38253,51.74303],[19.38248,51.74317],[19.38229,51.74342],[19.38216,51.74362],[19.38212,51.74375],[19.38215,51.74376],[19.38192,51.74418],[19.38168,51.74479],[19.38149,51.74526],[19.3813,51.74575],[19.3812,51.746],[19.38119,51.74605],[19.38118,51.74613],[19.38119,51.74618],[19.38121,51.74625],[19.38125,51.74631],[19.3813,51.74638],[19.38131,51.7464],[19.38137,51.74645],[19.38144,51.74651],[19.38153,51.74655],[19.38169,51.74663],[19.38207,51.7468],[19.3829,51.74715],[19.38325,51.74731],[19.38329,51.74733],[19.38336,51.74735],[19.38385,51.74756],[19.38409,51.74766],[19.38438,51.74779],[19.38408,51.74798],[19.3837,51.74803]]},"properties":{"line":"76","dir":"1","mode":"bus"}},{"type":"Feature","geometry":{"type":"LineString","coordinates":[[19.42291,51.72712],[19.42317,51.72721],[19.43024,51.727],[19.43036,51.72702],[19.43039,51.72712],[19.43039,51.72739],[19.43068,51.73084],[19.43072,51.73111],[19.43076,51.73115],[19.43342,51.73113],[19.43349,51.73115],[19.43358,51.73133],[19.43358,51.7316],[19.43386,51.73534],[19.43382,51.7357],[19.43387,51.73606],[19.43395,51.73642],[19.43393,51.73664],[19.43402,51.73671],[19.43527,51.73651],[19.43578,51.73644],[19.43926,51.73635],[19.4423,51.7364],[19.44234,51.73721],[19.4424,51.7388],[19.44245,51.73972],[19.44222,51.7406],[19.44096,51.74412],[19.44027,51.74593],[19.43997,51.74641],[19.43991,51.7465],[19.43982,51.74663],[19.4395,51.74705],[19.43933,51.74725],[19.43821,51.7488],[19.43812,51.74895],[19.43799,51.74913],[19.43755,51.74974],[19.43715,51.75022],[19.43664,51.7511],[19.43654,51.7513],[19.43681,51.7513],[19.44173,51.75173],[19.44199,51.75172],[19.44207,51.75166],[19.44215,51.75154],[19.44221,51.75122],[19.44791,51.75166],[19.44952,51.7518],[19.45503,51.75229],[19.45535,51.75236],[19.45554,51.75238],[19.45597,51.75242],[19.45711,51.75252],[19.45742,51.75254],[19.45748,51.75254],[19.45995,51.75274],[19.45998,51.75274],[19.46001,51.75274],[19.46033,51.75277],[19.46188,51.7529],[19.46437,51.75315],[19.46418,51.75396],[19.46415,51.75407],[19.46405,51.7545],[19.46416,51.75451],[19.46369,51.75633],[19.46886,51.7572],[19.4701,51.75754],[19.47101,51.75562],[19.47415,51.75614],[19.4821,51.75778],[19.47982,51.76747],[19.47525,51.76709],[19.46583,51.76628],[19.46432,51.76945],[19.4669,51.77006],[19.46714,51.77022]]},"properties":{"line":"77","dir":"0","mode":"bus"}},{"type":"Feature","geometry":{"type":"LineString","coordinates":[[19.4727,51.77],[19.47305,51.76858],[19.47447,51.7686],[19.47806,51.76848],[19.47956,51.76841],[19.48116,51.76117],[19.48201,51.75778],[19.47101,51.75562],[19.47117,51.7553],[19.46418,51.75397],[19.46437,51.75315],[19.45648,51.75249],[19.45621,51.75246],[19.45129,51.75206],[19.44931,51.75186],[19.44966,51.75087],[19.44246,51.75022],[19.44274,51.74889],[19.44149,51.7488],[19.44239,51.7446],[19.44219,51.74452],[19.4419,51.74454],[19.44038,51.745],[19.44184,51.7411],[19.44221,51.73898],[19.44204,51.73653],[19.44116,51.73656],[19.4407,51.73652],[19.43955,51.7365],[19.438,51.73655],[19.43394,51.7368],[19.43339,51.73111],[19.4307,51.73118],[19.43036,51.72702],[19.43909,51.72671],[19.44441,51.72657],[19.44519,51.72582],[19.44522,51.72501],[19.44194,51.72256],[19.42338,51.72295],[19.4234,51.72318],[19.42305,51.72462],[19.42305,51.7252],[19.42312,51.72595],[19.42325,51.72722],[19.42226,51.7272]]},"properties":{"line":"77","dir":"1","mode":"bus"}},{"type":"Feature","geometry":{"type":"LineString","coordinates":[[19.40702,51.79433],[19.40684,51.79453],[19.40677,51.79462],[19.40671,51.79471],[19.40665,51.79485],[19.40658,51.79498],[19.40653,51.79512],[19.4065,51.79515],[19.40646,51.79523],[19.40646,51.79527],[19.40637,51.79542],[19.40637,51.79548],[19.40636,51.79552],[19.40636,51.79559],[19.40636,51.79561],[19.40637,51.79563],[19.40637,51.79566],[19.40637,51.79569],[19.40642,51.79572],[19.40645,51.79577],[19.40649,51.79579],[19.40653,51.79584],[19.40658,51.79587],[19.40664,51.7959],[19.40669,51.7959],[19.40672,51.79594],[19.40683,51.79596],[19.40691,51.79597],[19.40696,51.79597],[19.40702,51.79599],[19.40703,51.79599],[19.40712,51.79599],[19.4072,51.79599],[19.40724,51.79597],[19.40738,51.79596],[19.40754,51.79593],[19.40924,51.79561],[19.40916,51.79536],[19.40905,51.79504],[19.40893,51.79495],[19.40888,51.79491],[19.40879,51.79489],[19.40872,51.79487],[19.40861,51.79487],[19.4085,51.79488],[19.40834,51.7949],[19.4079,51.79497],[19.40633,51.79527],[19.40551,51.79545],[19.40467,51.79561],[19.40405,51.79572],[19.40266,51.79601],[19.40144,51.79631],[19.40017,51.7965],[19.39942,51.7966],[19.39834,51.79686],[19.39802,51.79692],[19.39767,51.797],[19.39714,51.79709],[19.39607,51.79732],[19.395,51.79752],[19.39445,51.79764],[19.39426,51.79768],[19.39423,51.79755],[19.39416,51.79747],[19.39416,51.7974],[19.39416,51.79738],[19.39416,51.79683],[19.39416,51.79653],[19.39406,51.79572],[19.39402,51.79554],[19.39397,51.79516],[19.39395,51.7951],[19.39393,51.79502],[19.39391,51.79497],[19.39389,51.79494],[19.39384,51.79491],[19.39379,51.79487],[19.39377,51.79484],[19.39376,51.7948],[19.39379,51.79474],[19.39384,51.79469],[19.39387,51.79464],[19.39375,51.79402],[19.39356,51.79315],[19.39354,51.7931],[19.39351,51.79306],[19.39347,51.793],[19.39342,51.79293],[19.39333,51.79274],[19.39331,51.7927],[19.39328,51.79266],[19.39323,51.79265],[19.3932,51.79264],[19.39316,51.79262],[19.39314,51.7926],[19.39305,51.79258],[19.39267,51.79256],[19.39244,51.79254],[19.39226,51.79255],[19.39089,51.79262],[19.39048,51.79266],[19.38694,51.79336],[19.38484,51.79381],[19.38466,51.79387],[19.38458,51.79396],[19.38444,51.79401],[19.38434,51.794],[19.38426,51.79398],[19.38422,51.79393],[19.38399,51.79391],[19.38384,51.79388],[19.38093,51.79375],[19.38061,51.79375],[19.38041,51.79375],[19.38024,51.79375],[19.37954,51.79378],[19.37915,51.79384],[19.37875,51.7939],[19.3786,51.79391],[19.37576,51.79448],[19.37463,51.79471],[19.37433,51.79481],[19.3743,51.79482],[19.37425,51.79485],[19.37424,51.79487],[19.37424,51.79488],[19.37423,51.7949],[19.37422,51.79491],[19.37421,51.79492],[19.37419,51.79493],[19.37422,51.79499],[19.3754,51.79724],[19.37557,51.7975],[19.37571,51.79771],[19.37573,51.79774],[19.37575,51.79775],[19.37577,51.79776],[19.37578,51.79777],[19.37581,51.79778],[19.37583,51.7978],[19.37584,51.79782],[19.37585,51.79784],[19.37585,51.79786],[19.37585,51.79787],[19.37583,51.79789],[19.37582,51.7979],[19.37578,51.79792],[19.37577,51.79794],[19.37571,51.79815],[19.37567,51.79821],[19.37564,51.7984],[19.37541,51.79971],[19.37561,51.80013],[19.37596,51.80077],[19.37657,51.80123],[19.37547,51.80148],[19.37015,51.80256],[19.37015,51.80256],[19.36851,51.80283],[19.36804,51.80288],[19.36783,51.80294],[19.36761,51.80297],[19.36665,51.80315],[19.36657,51.80315],[19.36609,51.80321],[19.36592,51.80321],[19.36583,51.80321],[19.36569,51.80324],[19.36558,51.80324],[19.3647,51.80342],[19.36306,51.80376],[19.36183,51.80401],[19.36082,51.80421],[19.35998,51.80437],[19.35954,51.80446],[19.35842,51.80466],[19.35816,51.80474],[19.3572,51.80493],[19.35635,51.80516],[19.3552,51.80535],[19.3545,51.80557],[19.35357,51.80608],[19.34805,51.809],[19.34805,51.809],[19.34462,51.81081],[19.344,51.8111],[19.34016,51.81191],[19.34016,51.81191],[19.32916,51.81421],[19.31961,51.81617],[19.31234,51.81765],[19.31234,51.81765],[19.30718,51.81873],[19.30718,51.81873],[19.30411,51.81935],[19.30497,51.82141],[19.30497,51.82141],[19.30758,51.8262]]},"properties":{"line":"78","dir":"0","mode":"bus"}},{"type":"Feature","geometry":{"type":"LineString","coordinates":[[19.30802,51.82702],[19.30518,51.82186],[19.30516,51.82184],[19.30464,51.82094],[19.30452,51.82075],[19.30445,51.82059],[19.3043,51.82032],[19.30414,51.81997],[19.30408,51.81988],[19.30395,51.81964],[19.3038,51.81941],[19.30413,51.81933],[19.30497,51.81916],[19.30567,51.819],[19.30638,51.81887],[19.30881,51.81837],[19.30886,51.81835],[19.30904,51.81832],[19.30947,51.81823],[19.30983,51.81816],[19.31039,51.81803],[19.31068,51.81798],[19.31159,51.81779],[19.31212,51.81765],[19.31297,51.81751],[19.31323,51.81745],[19.31397,51.81731],[19.31468,51.81711],[19.31492,51.8171],[19.3158,51.81691],[19.317,51.81666],[19.33036,51.81378],[19.34039,51.81175],[19.34415,51.81094],[19.3472,51.80931],[19.35459,51.80542],[19.3576,51.80479],[19.3576,51.80479],[19.36907,51.80249],[19.37608,51.80116],[19.37612,51.80114],[19.37606,51.8011],[19.37595,51.80098],[19.37586,51.80086],[19.37582,51.80078],[19.37574,51.80063],[19.37563,51.80042],[19.37554,51.80023],[19.37552,51.80018],[19.37546,51.80008],[19.37539,51.79994],[19.37537,51.79987],[19.37538,51.79981],[19.37537,51.79977],[19.37538,51.79963],[19.37559,51.79831],[19.37562,51.79821],[19.37559,51.79812],[19.37561,51.79797],[19.37559,51.79791],[19.37558,51.79789],[19.37555,51.79787],[19.37555,51.79784],[19.37556,51.79782],[19.37557,51.79778],[19.37553,51.79766],[19.37549,51.79755],[19.37548,51.79749],[19.37538,51.79729],[19.37519,51.79692],[19.37479,51.79618],[19.37456,51.79577],[19.37447,51.79556],[19.37435,51.7953],[19.37431,51.79525],[19.37413,51.79509],[19.37402,51.79501],[19.37399,51.795],[19.3739,51.79499],[19.37385,51.79497],[19.37379,51.79494],[19.37377,51.79491],[19.37374,51.79487],[19.37372,51.79483],[19.37374,51.79479],[19.37378,51.79475],[19.37383,51.79471],[19.3739,51.79469],[19.37396,51.79468],[19.37404,51.79468],[19.37409,51.79469],[19.37414,51.79471],[19.37418,51.79473],[19.37444,51.7947],[19.37468,51.79467],[19.37578,51.79444],[19.37611,51.79437],[19.3786,51.79387],[19.37873,51.79383],[19.37901,51.79376],[19.37934,51.79371],[19.37941,51.7937],[19.37956,51.79368],[19.38004,51.79366],[19.38018,51.79366],[19.38032,51.79367],[19.38047,51.79368],[19.38062,51.79369],[19.3808,51.79372],[19.38342,51.79384],[19.38376,51.79385],[19.38397,51.79382],[19.3842,51.79381],[19.38423,51.79377],[19.38431,51.79373],[19.38438,51.79371],[19.38447,51.79371],[19.38456,51.79373],[19.38462,51.79375],[19.38472,51.79374],[19.38488,51.79373],[19.38501,51.79372],[19.38511,51.79371],[19.38554,51.79361],[19.38576,51.79356],[19.38599,51.79353],[19.38985,51.79276],[19.39036,51.79266],[19.39076,51.7926],[19.39131,51.79257],[19.3923,51.79252],[19.39243,51.79251],[19.39276,51.79246],[19.39299,51.79243],[19.3931,51.79242],[19.39317,51.79238],[19.39323,51.79234],[19.39332,51.79233],[19.39339,51.79233],[19.39346,51.79234],[19.39351,51.79237],[19.39357,51.79241],[19.3936,51.79245],[19.39361,51.79248],[19.3936,51.79253],[19.39356,51.79259],[19.39354,51.79264],[19.39352,51.79269],[19.39356,51.79279],[19.39359,51.79292],[19.39363,51.79317],[19.39387,51.79436],[19.39389,51.79446],[19.39393,51.7945],[19.39398,51.79455],[19.39401,51.79463],[19.39403,51.79466],[19.39408,51.79469],[19.39414,51.79472],[19.39417,51.79477],[19.39418,51.79482],[19.39415,51.79488],[19.3941,51.79492],[19.39408,51.79496],[19.39407,51.79509],[19.39404,51.79517],[19.39404,51.79522],[19.39423,51.79615],[19.39439,51.79731],[19.39461,51.7974],[19.39477,51.7974],[19.39528,51.79729],[19.39796,51.7968],[19.39828,51.79674],[19.39942,51.79651],[19.39951,51.79648],[19.40167,51.79606],[19.40202,51.79599],[19.40233,51.79594],[19.40239,51.7959],[19.40252,51.7959],[19.4027,51.79585],[19.40343,51.79568],[19.40345,51.79563],[19.40547,51.79533],[19.4065,51.79512],[19.40659,51.79511],[19.40731,51.79496],[19.40851,51.79471],[19.40937,51.79452],[19.40956,51.79447],[19.40971,51.79442],[19.40977,51.79437],[19.40978,51.79435],[19.40981,51.79433],[19.40982,51.79428],[19.40982,51.79423],[19.40981,51.79419],[19.40972,51.79406],[19.4097,51.79404],[19.40965,51.79399],[19.40962,51.79392],[19.40954,51.7939],[19.40946,51.79383],[19.40935,51.79381],[19.40922,51.79378],[19.40915,51.79377],[19.40791,51.79362],[19.40771,51.79359],[19.4075,51.79381],[19.4071,51.79425],[19.40719,51.79428]]},"properties":{"line":"78","dir":"1","mode":"bus"}},{"type":"Feature","geometry":{"type":"LineString","coordinates":[[19.38348,51.74239],[19.38289,51.74234],[19.38272,51.74259],[19.38259,51.74295],[19.38237,51.74331],[19.38213,51.74364],[19.38121,51.74612],[19.38141,51.74646],[19.38596,51.74838],[19.39119,51.74984],[19.39229,51.75013],[19.39237,51.75019],[19.39378,51.7506],[19.39397,51.75064],[19.39425,51.75067],[19.39464,51.75083],[19.39614,51.75121],[19.39708,51.75146],[19.39893,51.75196],[19.39961,51.75215],[19.39989,51.75223],[19.40014,51.75226],[19.40036,51.75235],[19.40082,51.75249],[19.40106,51.75254],[19.40162,51.7527],[19.40173,51.75272],[19.40187,51.75274],[19.40208,51.75277],[19.40232,51.75278],[19.40251,51.75278],[19.40265,51.75278],[19.40278,51.75277],[19.40284,51.75277],[19.40341,51.75272],[19.40443,51.75261],[19.40538,51.75254],[19.40546,51.75253],[19.40758,51.75227],[19.40805,51.75229],[19.40813,51.75227],[19.40824,51.75227],[19.40833,51.75225],[19.40841,51.7522],[19.40848,51.75218],[19.40853,51.75214],[19.4086,51.75209],[19.40862,51.75205],[19.40884,51.75184],[19.40907,51.75161],[19.40918,51.75148],[19.40924,51.75146],[19.4093,51.75139],[19.40935,51.75137],[19.40942,51.75131],[19.40946,51.7513],[19.40954,51.75126],[19.40979,51.75118],[19.40993,51.75135],[19.41012,51.75163],[19.41027,51.7518],[19.41059,51.75225],[19.41069,51.75238],[19.41109,51.7529],[19.41118,51.75288],[19.41199,51.75414],[19.4131,51.75563],[19.41458,51.75772],[19.41467,51.75783],[19.41472,51.75793],[19.41453,51.75799],[19.41351,51.75827],[19.41226,51.75882],[19.41059,51.76014],[19.40937,51.76141],[19.40782,51.76246],[19.40825,51.76262],[19.41322,51.76438],[19.42138,51.76729],[19.42588,51.7606],[19.42645,51.76012],[19.42773,51.75946],[19.42952,51.7569],[19.4303,51.75574],[19.43058,51.75522],[19.43058,51.75513],[19.43057,51.75499],[19.43056,51.75494],[19.43054,51.75488],[19.43048,51.75485],[19.43043,51.75482],[19.43038,51.75479],[19.43004,51.75476],[19.42992,51.75476],[19.42979,51.75477],[19.42968,51.7548],[19.42962,51.75484],[19.42955,51.75488],[19.42951,51.75494],[19.42942,51.75508],[19.42944,51.75515],[19.42946,51.75522],[19.42952,51.75528],[19.42959,51.75533],[19.42967,51.75537],[19.42978,51.75539],[19.42998,51.75542],[19.43021,51.75546],[19.43039,51.75547],[19.43093,51.75549],[19.43118,51.75551],[19.43137,51.75551],[19.43153,51.75552],[19.43161,51.75554],[19.43174,51.7556],[19.43197,51.75567],[19.43209,51.7557],[19.43444,51.75597],[19.4346,51.75601],[19.43471,51.75608],[19.4348,51.75617],[19.4348,51.75627],[19.43443,51.75702],[19.43444,51.75717],[19.43437,51.75736],[19.4337,51.75834],[19.43308,51.75927],[19.43263,51.75987],[19.43226,51.7603],[19.43199,51.76057],[19.43161,51.76089],[19.43184,51.76098],[19.43186,51.76101],[19.43208,51.7611],[19.43259,51.76132],[19.43283,51.76135],[19.43301,51.7615],[19.43365,51.76178],[19.43441,51.76208],[19.43609,51.76281],[19.43694,51.76321],[19.43863,51.76391],[19.43884,51.76375],[19.43913,51.76345],[19.43968,51.76296],[19.44034,51.76231],[19.44071,51.76201],[19.44127,51.76147],[19.44144,51.76141],[19.44149,51.76141],[19.44155,51.76141],[19.44159,51.76141],[19.44165,51.76141],[19.4417,51.76141],[19.44181,51.76147],[19.44306,51.7619],[19.44334,51.762],[19.44412,51.76229],[19.44567,51.7629],[19.44691,51.76333],[19.44713,51.76345],[19.44732,51.76348],[19.44766,51.76355],[19.45017,51.76422],[19.45163,51.76472],[19.4524,51.76498],[19.45268,51.76504],[19.45279,51.76507],[19.45305,51.76382],[19.45307,51.76364],[19.45322,51.76303],[19.45335,51.76245],[19.45346,51.76198],[19.45358,51.762],[19.45499,51.76212],[19.45507,51.76212],[19.45514,51.76213],[19.45525,51.76213],[19.45591,51.76219],[19.45606,51.7622],[19.4568,51.76222],[19.46734,51.76313],[19.46998,51.76336],[19.47037,51.76339],[19.47162,51.76348],[19.47199,51.76351],[19.47253,51.76355],[19.47265,51.76355],[19.47472,51.76373],[19.47491,51.76375],[19.47613,51.76387],[19.47661,51.7639],[19.47838,51.76402],[19.48056,51.76422],[19.48037,51.76507],[19.48026,51.76553],[19.48013,51.76599],[19.48002,51.76656],[19.47994,51.76697],[19.47985,51.76742],[19.48156,51.76757],[19.48182,51.76758],[19.4828,51.76769],[19.48276,51.76796],[19.48255,51.76868],[19.48237,51.76956],[19.48261,51.76979],[19.48313,51.76982],[19.484,51.76625],[19.48403,51.76611],[19.48407,51.76594],[19.48407,51.7658],[19.48407,51.76562],[19.48411,51.76505],[19.48414,51.76487],[19.48419,51.76463],[19.48421,51.76451],[19.48447,51.76333],[19.48451,51.76316],[19.48454,51.76294],[19.48454,51.76293],[19.48459,51.76267],[19.48464,51.76228],[19.48476,51.76186],[19.48472,51.76177],[19.48482,51.76168],[19.48485,51.76159],[19.48491,51.7615],[19.48492,51.76147],[19.48494,51.76147],[19.48496,51.76144],[19.485,51.76143],[19.48504,51.76142],[19.48509,51.76142],[19.48517,51.76142],[19.48527,51.76142],[19.48534,51.76142],[19.48539,51.76142],[19.4857,51.76144],[19.4861,51.76147],[19.48886,51.76175],[19.48921,51.76178],[19.49191,51.762],[19.49304,51.76209],[19.49537,51.76226],[19.49702,51.7624],[19.50068,51.76272],[19.5081,51.76328],[19.50859,51.76333],[19.51114,51.76348],[19.5126,51.76354],[19.51311,51.76373],[19.51518,51.76375],[19.51593,51.76372],[19.51785,51.76371],[19.51817,51.76368],[19.51843,51.76366],[19.51963,51.76366],[19.52171,51.76346],[19.52882,51.76217],[19.53329,51.76133],[19.53489,51.76089],[19.53619,51.7605],[19.53587,51.75868],[19.53558,51.75809],[19.53525,51.75729],[19.53481,51.7565],[19.53407,51.75576],[19.53275,51.75456],[19.53137,51.7534],[19.53125,51.75303],[19.53116,51.75296],[19.53086,51.75274],[19.53084,51.7525],[19.53108,51.75232],[19.53149,51.75229],[19.53174,51.75236],[19.532,51.75253],[19.53252,51.7525],[19.53342,51.75238],[19.53668,51.75209],[19.53773,51.75199],[19.53971,51.75166],[19.54094,51.75134],[19.54179,51.75112],[19.5438,51.75047],[19.54592,51.74967],[19.54676,51.74932],[19.54704,51.74913],[19.54747,51.74907],[19.54876,51.74853],[19.54976,51.74814],[19.55042,51.7479],[19.55115,51.74769],[19.55172,51.74754],[19.55251,51.74736],[19.55426,51.747],[19.55436,51.74698],[19.55445,51.74696],[19.55455,51.74691],[19.55459,51.74689],[19.5546,51.74688],[19.55463,51.74686],[19.55464,51.74682],[19.55467,51.74679],[19.55467,51.74677],[19.5547,51.74673],[19.55469,51.74671],[19.55467,51.74665],[19.55467,51.74662],[19.55464,51.74656],[19.55462,51.74653],[19.55455,51.74646],[19.55436,51.74632],[19.55417,51.74617],[19.5534,51.74546],[19.5521,51.74418],[19.55199,51.7441],[19.55176,51.74384],[19.55167,51.74375],[19.55164,51.74373],[19.55161,51.74369],[19.55162,51.74367],[19.55162,51.7436],[19.55162,51.74358],[19.55161,51.74351],[19.5517,51.74348],[19.55181,51.74342],[19.55192,51.7434],[19.5521,51.74331],[19.55239,51.74331],[19.55326,51.74317],[19.55348,51.74312],[19.55359,51.7431],[19.55393,51.74303],[19.55414,51.74297],[19.55449,51.74294],[19.55843,51.74233],[19.56157,51.74177],[19.56259,51.74153],[19.56906,51.74043],[19.57205,51.74696],[19.57238,51.74769],[19.57321,51.74947],[19.57376,51.75064],[19.57415,51.75191],[19.57436,51.75197],[19.57441,51.7522],[19.57449,51.75241],[19.57494,51.75232]]},"properties":{"line":"80A","dir":"0","mode":"bus"}},{"type":"Feature","geometry":{"type":"LineString","coordinates":[[19.57479,51.75184],[19.57409,51.7519],[19.57358,51.75037],[19.57208,51.74727],[19.57149,51.74608],[19.57054,51.74385],[19.56956,51.74173],[19.56936,51.74132],[19.56926,51.74119],[19.56919,51.74108],[19.56905,51.74077],[19.56893,51.74053],[19.56741,51.74075],[19.56704,51.74081],[19.56598,51.74099],[19.56502,51.74115],[19.56438,51.74127],[19.56345,51.74144],[19.55239,51.74331],[19.55211,51.74337],[19.55192,51.7434],[19.55188,51.74342],[19.55183,51.74342],[19.55181,51.74342],[19.55177,51.74346],[19.55173,51.74348],[19.5517,51.74348],[19.55168,51.74351],[19.55164,51.74351],[19.55164,51.74355],[19.55164,51.74356],[19.55162,51.74358],[19.55164,51.74358],[19.55162,51.74369],[19.5537,51.74564],[19.55469,51.74671],[19.55463,51.74691],[19.55117,51.74769],[19.549,51.74847],[19.54711,51.74925],[19.54589,51.74983],[19.54569,51.74995],[19.54548,51.75008],[19.54535,51.75016],[19.54516,51.75022],[19.54488,51.7504],[19.54427,51.75064],[19.54357,51.75091],[19.54254,51.75126],[19.54204,51.75139],[19.54188,51.75146],[19.53499,51.75263],[19.53362,51.7528],[19.53229,51.75272],[19.53189,51.75284],[19.53201,51.75317],[19.53295,51.75434],[19.53436,51.75557],[19.53528,51.7565],[19.53549,51.75684],[19.53606,51.7581],[19.53625,51.75855],[19.53774,51.76105],[19.53644,51.76125],[19.53362,51.76154],[19.51945,51.76411],[19.5166,51.7642],[19.51578,51.76415],[19.51375,51.76387],[19.50184,51.76301],[19.49918,51.76282],[19.49702,51.76265],[19.49605,51.76258],[19.49543,51.76253],[19.49101,51.76212],[19.48848,51.7619],[19.48726,51.76182],[19.4863,51.76175],[19.48552,51.76168],[19.48504,51.76164],[19.48478,51.76274],[19.48489,51.76286],[19.48445,51.76468],[19.4843,51.76655],[19.48434,51.76665],[19.48454,51.76681],[19.48483,51.76689],[19.48547,51.76695],[19.48567,51.76689],[19.48583,51.76692],[19.48588,51.76698],[19.48586,51.76704],[19.4858,51.76709],[19.48566,51.76715],[19.48526,51.76771],[19.4851,51.76814],[19.48507,51.76821],[19.48494,51.76824],[19.48265,51.76831],[19.48276,51.76778],[19.48276,51.76773],[19.47982,51.76747],[19.47525,51.76709],[19.46577,51.76627],[19.46153,51.76586],[19.46122,51.76584],[19.4439,51.76445],[19.44363,51.76438],[19.44163,51.7642],[19.44078,51.76418],[19.44066,51.76411],[19.43933,51.76402],[19.43926,51.76373],[19.43921,51.76339],[19.44128,51.76141],[19.44137,51.76135],[19.44189,51.76085],[19.43854,51.7596],[19.43515,51.75842],[19.43452,51.75819],[19.43442,51.75815],[19.43411,51.75805],[19.43373,51.75789],[19.43368,51.75787],[19.43343,51.7578],[19.43367,51.75741],[19.43387,51.75704],[19.43394,51.75693],[19.43396,51.75686],[19.43395,51.75686],[19.4342,51.75639],[19.43433,51.75621],[19.43399,51.75614],[19.43283,51.75595],[19.42915,51.75578],[19.42885,51.75595],[19.42888,51.75623],[19.42983,51.7565],[19.42896,51.75784],[19.42752,51.7596],[19.42614,51.76042],[19.42121,51.76735],[19.40772,51.7624],[19.40857,51.76176],[19.40916,51.7615],[19.41138,51.75941],[19.41259,51.75862],[19.41388,51.75806],[19.41466,51.75783],[19.41418,51.75729],[19.41422,51.7572],[19.41251,51.75486],[19.41235,51.75483],[19.41244,51.75476],[19.40989,51.7513],[19.40979,51.75118],[19.40954,51.75125],[19.40936,51.75134],[19.40909,51.75152],[19.40857,51.75211],[19.40832,51.75225],[19.40286,51.75274],[19.40243,51.75278],[19.40196,51.75274],[19.40158,51.7527],[19.39914,51.75203],[19.39893,51.75196],[19.398,51.75174],[19.3961,51.75121],[19.39464,51.75083],[19.3941,51.75067],[19.39389,51.75068],[19.39333,51.75048],[19.39179,51.75004],[19.39139,51.74994],[19.39134,51.74995],[19.38578,51.74835],[19.38128,51.74647],[19.38127,51.74581],[19.38237,51.74297],[19.38242,51.74288],[19.38266,51.74233],[19.38297,51.7419],[19.38317,51.74151],[19.38325,51.74149],[19.38338,51.74144],[19.38357,51.74144],[19.3837,51.74144],[19.38382,51.74152],[19.38384,51.74162],[19.38476,51.7422],[19.38479,51.74226],[19.38474,51.74235],[19.38398,51.74239]]},"properties":{"line":"80A","dir":"1","mode":"bus"}},{"type":"Feature","geometry":{"type":"LineString","coordinates":[[19.38348,51.74239],[19.38289,51.74234],[19.38272,51.74259],[19.38259,51.74295],[19.38237,51.74331],[19.38213,51.74364],[19.38121,51.74612],[19.38141,51.74646],[19.38596,51.74838],[19.39119,51.74984],[19.39229,51.75013],[19.39237,51.75019],[19.39378,51.7506],[19.39397,51.75064],[19.39425,51.75067],[19.39464,51.75083],[19.39614,51.75121],[19.39708,51.75146],[19.39893,51.75196],[19.39961,51.75215],[19.39989,51.75223],[19.40014,51.75226],[19.40036,51.75235],[19.40082,51.75249],[19.40106,51.75254],[19.40162,51.7527],[19.40173,51.75272],[19.40187,51.75274],[19.40208,51.75277],[19.40232,51.75278],[19.40251,51.75278],[19.40265,51.75278],[19.40278,51.75277],[19.40284,51.75277],[19.40341,51.75272],[19.40443,51.75261],[19.40538,51.75254],[19.40546,51.75253],[19.40758,51.75227],[19.40805,51.75229],[19.40813,51.75227],[19.40824,51.75227],[19.40833,51.75225],[19.40841,51.7522],[19.40848,51.75218],[19.40853,51.75214],[19.4086,51.75209],[19.40862,51.75205],[19.40884,51.75184],[19.40907,51.75161],[19.40918,51.75148],[19.40924,51.75146],[19.4093,51.75139],[19.40935,51.75137],[19.40942,51.75131],[19.40946,51.7513],[19.40954,51.75126],[19.40979,51.75118],[19.40993,51.75135],[19.41012,51.75163],[19.41027,51.7518],[19.41059,51.75225],[19.41069,51.75238],[19.41109,51.7529],[19.41118,51.75288],[19.41151,51.75349],[19.41198,51.75414],[19.41222,51.75448],[19.41228,51.75459],[19.41251,51.75488],[19.4131,51.75563],[19.41458,51.75772],[19.41466,51.75783],[19.41537,51.75762],[19.41563,51.75755],[19.41585,51.75752],[19.41594,51.75747],[19.41756,51.75711],[19.41998,51.75657],[19.42068,51.75635],[19.42135,51.75626],[19.42194,51.75613],[19.42204,51.75611],[19.42214,51.75609],[19.42274,51.75583],[19.42301,51.75572],[19.42313,51.75566],[19.42339,51.75558],[19.42345,51.75556],[19.42362,51.75558],[19.42372,51.7556],[19.42392,51.75566],[19.42409,51.75569],[19.42429,51.75574],[19.42461,51.75576],[19.42484,51.75578],[19.42523,51.75578],[19.42551,51.75575],[19.42598,51.75569],[19.42611,51.75566],[19.42651,51.7556],[19.42696,51.75551],[19.42814,51.75542],[19.42923,51.75542],[19.43026,51.75542],[19.43112,51.75549],[19.43153,51.75554],[19.43162,51.75555],[19.43184,51.75563],[19.43199,51.75569],[19.43218,51.75573],[19.43265,51.75575],[19.43444,51.75597],[19.4346,51.75601],[19.43471,51.75608],[19.4348,51.75617],[19.4348,51.75627],[19.43443,51.75702],[19.43444,51.75717],[19.43437,51.75736],[19.4337,51.75834],[19.43308,51.75927],[19.43263,51.75987],[19.43226,51.7603],[19.43199,51.76057],[19.43161,51.76089],[19.43184,51.76098],[19.43186,51.76101],[19.43208,51.7611],[19.43259,51.76132],[19.43283,51.76135],[19.43301,51.7615],[19.43365,51.76178],[19.43441,51.76208],[19.43609,51.76281],[19.43694,51.76321],[19.43863,51.76391],[19.43884,51.76375],[19.43913,51.76345],[19.43968,51.76296],[19.44034,51.76231],[19.44071,51.76201],[19.44127,51.76147],[19.44144,51.76141],[19.44149,51.76141],[19.44155,51.76141],[19.44159,51.76141],[19.44165,51.76141],[19.4417,51.76141],[19.44181,51.76147],[19.44306,51.7619],[19.44334,51.762],[19.44412,51.76229],[19.44567,51.7629],[19.44691,51.76333],[19.44713,51.76345],[19.44732,51.76348],[19.44766,51.76355],[19.45017,51.76422],[19.45163,51.76472],[19.4524,51.76498],[19.45268,51.76504],[19.45279,51.76507],[19.45305,51.76382],[19.45307,51.76364],[19.45322,51.76303],[19.45335,51.76245],[19.45346,51.76198],[19.45358,51.762],[19.45499,51.76212],[19.45507,51.76212],[19.45514,51.76213],[19.45525,51.76213],[19.45591,51.76219],[19.45606,51.7622],[19.4568,51.76222],[19.46734,51.76313],[19.46998,51.76336],[19.47037,51.76339],[19.47162,51.76348],[19.47199,51.76351],[19.47253,51.76355],[19.47265,51.76355],[19.47472,51.76373],[19.47491,51.76375],[19.47613,51.76387],[19.47661,51.7639],[19.47838,51.76402],[19.48056,51.76422],[19.48037,51.76507],[19.48026,51.76553],[19.48013,51.76599],[19.48002,51.76656],[19.47994,51.76697],[19.47985,51.76742],[19.48156,51.76757],[19.48182,51.76758],[19.4828,51.76769],[19.48276,51.76796],[19.48255,51.76868],[19.48237,51.76956],[19.48261,51.76979],[19.48313,51.76982],[19.484,51.76625],[19.48403,51.76611],[19.48407,51.76594],[19.48407,51.7658],[19.48407,51.76562],[19.48411,51.76505],[19.48414,51.76487],[19.48419,51.76463],[19.48421,51.76451],[19.48447,51.76333],[19.48451,51.76316],[19.48454,51.76294],[19.48454,51.76293],[19.48459,51.76267],[19.48464,51.76228],[19.48476,51.76186],[19.48472,51.76177],[19.48482,51.76168],[19.48485,51.76159],[19.48491,51.7615],[19.48492,51.76147],[19.48494,51.76147],[19.48496,51.76144],[19.485,51.76143],[19.48504,51.76142],[19.48509,51.76142],[19.48517,51.76142],[19.48527,51.76142],[19.48534,51.76142],[19.48539,51.76142],[19.4857,51.76144],[19.4861,51.76147],[19.48886,51.76175],[19.48921,51.76178],[19.49191,51.762],[19.49304,51.76209],[19.49537,51.76226],[19.49702,51.7624],[19.50068,51.76272],[19.5081,51.76328],[19.50859,51.76333],[19.51114,51.76348],[19.5126,51.76354],[19.51311,51.76373],[19.51518,51.76375],[19.51593,51.76372],[19.51785,51.76371],[19.51817,51.76368],[19.51843,51.76366],[19.51963,51.76366],[19.52171,51.76346],[19.52882,51.76217],[19.53329,51.76133],[19.53489,51.76089],[19.53619,51.7605],[19.53587,51.75868],[19.53558,51.75809],[19.53525,51.75729],[19.53481,51.7565],[19.53407,51.75576],[19.53275,51.75456],[19.53137,51.7534],[19.53125,51.75303],[19.53116,51.75296],[19.53086,51.75274],[19.53084,51.7525],[19.53108,51.75232],[19.53149,51.75229],[19.53174,51.75236],[19.532,51.75253],[19.53252,51.7525],[19.53342,51.75238],[19.53668,51.75209],[19.53773,51.75199],[19.53971,51.75166],[19.54094,51.75134],[19.54179,51.75112],[19.5438,51.75047],[19.54592,51.74967],[19.54676,51.74932],[19.54704,51.74913],[19.54747,51.74907],[19.54876,51.74853],[19.54976,51.74814],[19.55042,51.7479],[19.55115,51.74769],[19.55172,51.74754],[19.55251,51.74736],[19.55426,51.747],[19.55436,51.74698],[19.55445,51.74696],[19.55455,51.74691],[19.55459,51.74689],[19.5546,51.74688],[19.55463,51.74686],[19.55464,51.74682],[19.55467,51.74679],[19.55467,51.74677],[19.5547,51.74673],[19.55469,51.74671],[19.55467,51.74665],[19.55467,51.74662],[19.55464,51.74656],[19.55462,51.74653],[19.55455,51.74646],[19.55436,51.74632],[19.55417,51.74617],[19.5534,51.74546],[19.5521,51.74418],[19.55199,51.7441],[19.55176,51.74384],[19.55167,51.74375],[19.55164,51.74373],[19.55161,51.74369],[19.55162,51.74367],[19.55162,51.7436],[19.55162,51.74358],[19.55161,51.74351],[19.5517,51.74348],[19.55181,51.74342],[19.55192,51.7434],[19.5521,51.74331],[19.55239,51.74331],[19.55326,51.74317],[19.55348,51.74312],[19.55359,51.7431],[19.55393,51.74303],[19.55414,51.74297],[19.55449,51.74294],[19.55843,51.74233],[19.56157,51.74177],[19.56259,51.74153],[19.56906,51.74043],[19.57205,51.74696],[19.57238,51.74769],[19.57321,51.74947],[19.57376,51.75064],[19.57415,51.75191],[19.57436,51.75197],[19.57441,51.7522],[19.57449,51.75241],[19.57494,51.75232]]},"properties":{"line":"80B","dir":"0","mode":"bus"}},{"type":"Feature","geometry":{"type":"LineString","coordinates":[[19.57479,51.75184],[19.57409,51.7519],[19.57358,51.75037],[19.57208,51.74727],[19.57149,51.74608],[19.57054,51.74385],[19.56956,51.74173],[19.56936,51.74132],[19.56926,51.74119],[19.56919,51.74108],[19.56905,51.74077],[19.56893,51.74053],[19.56741,51.74075],[19.56704,51.74081],[19.56598,51.74099],[19.56502,51.74115],[19.56438,51.74127],[19.56345,51.74144],[19.55239,51.74331],[19.55211,51.74337],[19.55192,51.7434],[19.55188,51.74342],[19.55183,51.74342],[19.55181,51.74342],[19.55177,51.74346],[19.55173,51.74348],[19.5517,51.74348],[19.55168,51.74351],[19.55164,51.74351],[19.55164,51.74355],[19.55164,51.74356],[19.55162,51.74358],[19.55164,51.74358],[19.55162,51.74369],[19.5537,51.74564],[19.55469,51.74671],[19.55463,51.74691],[19.55117,51.74769],[19.549,51.74847],[19.54711,51.74925],[19.54589,51.74983],[19.54569,51.74995],[19.54548,51.75008],[19.54535,51.75016],[19.54516,51.75022],[19.54488,51.7504],[19.54427,51.75064],[19.54357,51.75091],[19.54254,51.75126],[19.54204,51.75139],[19.54188,51.75146],[19.53499,51.75263],[19.53362,51.7528],[19.53229,51.75272],[19.53189,51.75284],[19.53201,51.75317],[19.53295,51.75434],[19.53436,51.75557],[19.53528,51.7565],[19.53549,51.75684],[19.53606,51.7581],[19.53625,51.75855],[19.53774,51.76105],[19.53644,51.76125],[19.53362,51.76154],[19.51945,51.76411],[19.5166,51.7642],[19.51578,51.76415],[19.51375,51.76387],[19.50184,51.76301],[19.49918,51.76282],[19.49702,51.76265],[19.49605,51.76258],[19.49543,51.76253],[19.49101,51.76212],[19.48848,51.7619],[19.48726,51.76182],[19.4863,51.76175],[19.48552,51.76168],[19.48504,51.76164],[19.48478,51.76274],[19.48489,51.76286],[19.48445,51.76468],[19.4843,51.76655],[19.48434,51.76665],[19.48454,51.76681],[19.48483,51.76689],[19.48547,51.76695],[19.48567,51.76689],[19.48583,51.76692],[19.48588,51.76698],[19.48586,51.76704],[19.4858,51.76709],[19.48566,51.76715],[19.48526,51.76771],[19.4851,51.76814],[19.48507,51.76821],[19.48494,51.76824],[19.48265,51.76831],[19.48276,51.76778],[19.48276,51.76773],[19.47982,51.76747],[19.47525,51.76709],[19.46577,51.76627],[19.46153,51.76586],[19.46122,51.76584],[19.4439,51.76445],[19.44363,51.76438],[19.44163,51.7642],[19.44078,51.76418],[19.44066,51.76411],[19.43933,51.76402],[19.43926,51.76373],[19.43921,51.76339],[19.44128,51.76141],[19.44137,51.76135],[19.44189,51.76085],[19.43854,51.7596],[19.43515,51.75842],[19.43452,51.75819],[19.43442,51.75815],[19.43411,51.75805],[19.43373,51.75789],[19.43368,51.75787],[19.43343,51.7578],[19.43367,51.75741],[19.43387,51.75704],[19.43394,51.75693],[19.43396,51.75686],[19.43395,51.75686],[19.4342,51.75639],[19.43433,51.75621],[19.43399,51.75614],[19.43283,51.75595],[19.4318,51.75587],[19.43176,51.75585],[19.42982,51.75574],[19.42858,51.75575],[19.42737,51.75578],[19.42655,51.75592],[19.42632,51.75595],[19.42588,51.75602],[19.42558,51.75605],[19.42523,51.75609],[19.42495,51.75612],[19.42456,51.75612],[19.4242,51.75611],[19.42336,51.75597],[19.42255,51.75603],[19.41584,51.75752],[19.41552,51.75765],[19.41472,51.75793],[19.41418,51.75729],[19.41422,51.7572],[19.41251,51.75486],[19.41235,51.75483],[19.41244,51.75476],[19.40989,51.7513],[19.40979,51.75118],[19.40954,51.75125],[19.40936,51.75134],[19.40909,51.75152],[19.40857,51.75211],[19.40832,51.75225],[19.40286,51.75274],[19.40243,51.75278],[19.40196,51.75274],[19.40158,51.7527],[19.39914,51.75203],[19.39893,51.75196],[19.398,51.75174],[19.3961,51.75121],[19.39464,51.75083],[19.3941,51.75067],[19.39389,51.75068],[19.39333,51.75048],[19.39179,51.75004],[19.39139,51.74994],[19.39134,51.74995],[19.38578,51.74835],[19.38128,51.74647],[19.38127,51.74581],[19.38237,51.74297],[19.38242,51.74288],[19.38266,51.74233],[19.38297,51.7419],[19.38317,51.74151],[19.38325,51.74149],[19.38338,51.74144],[19.38357,51.74144],[19.3837,51.74144],[19.38382,51.74152],[19.38384,51.74162],[19.38476,51.7422],[19.38479,51.74226],[19.38474,51.74235],[19.38398,51.74239]]},"properties":{"line":"80B","dir":"1","mode":"bus"}},{"type":"Feature","geometry":{"type":"LineString","coordinates":[[19.51261,51.79199],[19.51263,51.79192],[19.51264,51.79187],[19.51265,51.79183],[19.51267,51.79181],[19.51268,51.79178],[19.51269,51.79176],[19.51269,51.79175],[19.51269,51.79173],[19.51269,51.79171],[19.51269,51.79167],[19.51267,51.79156],[19.51264,51.7914],[19.5126,51.79124],[19.5126,51.79119],[19.51259,51.79113],[19.51258,51.79106],[19.51259,51.79104],[19.51259,51.79102],[19.51255,51.79097],[19.51223,51.79093],[19.51182,51.79084],[19.51146,51.79084],[19.51103,51.79084],[19.51053,51.79091],[19.5103,51.79084],[19.50775,51.79052],[19.5075,51.7905],[19.50737,51.79052],[19.50723,51.79052],[19.50718,51.79052],[19.50713,51.79056],[19.50705,51.79045],[19.50704,51.79059],[19.507,51.79061],[19.5069,51.79067],[19.50682,51.79077],[19.50639,51.79136],[19.50555,51.79255],[19.50521,51.79303],[19.50429,51.79428],[19.50429,51.79428],[19.50403,51.79468],[19.50394,51.7948],[19.50381,51.79497],[19.50357,51.7953],[19.50353,51.79536],[19.5031,51.79588],[19.50299,51.79603],[19.50275,51.79599],[19.50252,51.79595],[19.50133,51.79567],[19.50113,51.79561],[19.49974,51.79525],[19.49933,51.79513],[19.49833,51.79485],[19.49783,51.79472],[19.4974,51.79455],[19.49652,51.79435],[19.49644,51.79433],[19.49547,51.79407],[19.49523,51.79399],[19.49501,51.7939],[19.49434,51.79365],[19.49261,51.79317],[19.48973,51.79239],[19.48942,51.79238],[19.48923,51.79237],[19.48871,51.79237],[19.48839,51.79229],[19.48809,51.79187],[19.48791,51.79169],[19.48773,51.79151],[19.48764,51.7914],[19.48745,51.7913],[19.48729,51.79124],[19.48713,51.79122],[19.48698,51.7912],[19.48683,51.79118],[19.48628,51.79106],[19.48478,51.79066],[19.48467,51.79061],[19.48453,51.79057],[19.48036,51.78948],[19.47972,51.78926],[19.47909,51.7891],[19.47907,51.78917],[19.47907,51.78921],[19.47896,51.78952],[19.47884,51.78987],[19.47872,51.79024],[19.47854,51.79084],[19.47844,51.79113],[19.47825,51.79178],[19.47829,51.79185],[19.47824,51.79208],[19.47824,51.79214],[19.47822,51.79223],[19.47821,51.79229],[19.4782,51.79229],[19.47816,51.79245],[19.47815,51.79248],[19.47822,51.79253],[19.47822,51.79253],[19.47807,51.79274],[19.47788,51.79347],[19.47778,51.79378],[19.47769,51.79401],[19.47763,51.79425],[19.4776,51.79432],[19.47762,51.79432],[19.47666,51.79567],[19.4772,51.80018],[19.46918,51.80059],[19.46914,51.80059],[19.46665,51.80069],[19.46586,51.80071],[19.46538,51.80074],[19.46499,51.80074],[19.46416,51.80078],[19.46324,51.80081],[19.46108,51.80088],[19.4599,51.80094],[19.45814,51.80099],[19.45801,51.80099],[19.45765,51.80103],[19.45751,51.80103],[19.45745,51.80103],[19.45729,51.80101],[19.45704,51.80099],[19.45693,51.80099],[19.45682,51.80099],[19.45658,51.80098],[19.45638,51.80096],[19.4562,51.80091],[19.45601,51.80088],[19.45514,51.80063],[19.45411,51.80036],[19.45306,51.80007],[19.45205,51.79979],[19.45184,51.79973],[19.45141,51.79961],[19.451,51.7995],[19.45048,51.79936],[19.44991,51.79919],[19.44907,51.79894],[19.44616,51.7981],[19.44501,51.79777],[19.44311,51.79729],[19.443,51.79729],[19.4429,51.79729],[19.44281,51.7973],[19.44248,51.79732],[19.44191,51.79738],[19.44104,51.79746],[19.44088,51.79748],[19.43565,51.79797],[19.43442,51.79809],[19.43326,51.79822],[19.43302,51.79826],[19.42959,51.79863],[19.42831,51.79876],[19.42636,51.79899],[19.42542,51.79909],[19.42526,51.79915],[19.42488,51.79919],[19.42448,51.79921],[19.42428,51.79925],[19.42329,51.79937],[19.42267,51.79942],[19.42236,51.79937],[19.42195,51.79943],[19.42164,51.79946],[19.42119,51.79952],[19.42118,51.79952],[19.42118,51.79952],[19.41939,51.7997],[19.41825,51.79982],[19.41819,51.79982],[19.4181,51.79983],[19.41801,51.79984],[19.41795,51.79985],[19.41789,51.79985],[19.41543,51.80011],[19.41395,51.80027],[19.4119,51.80048],[19.41092,51.80057],[19.40903,51.79508],[19.409,51.79499],[19.40884,51.7949],[19.4086,51.79487],[19.40829,51.79487],[19.40633,51.79527],[19.40551,51.79545],[19.40467,51.79561],[19.40405,51.79572],[19.40266,51.79601],[19.40017,51.7965],[19.39834,51.79686],[19.39802,51.79692],[19.39767,51.797],[19.39714,51.79709],[19.39607,51.79732],[19.39483,51.79756],[19.39464,51.79766],[19.39458,51.79771],[19.39455,51.79773],[19.39454,51.79775],[19.39452,51.79777],[19.39448,51.79793],[19.39445,51.79819],[19.39442,51.79828],[19.39448,51.7987],[19.39469,51.79899],[19.39519,51.80196],[19.39553,51.80393],[19.39626,51.8077],[19.39629,51.80812],[19.39401,51.80873],[19.38929,51.80992],[19.38373,51.81112],[19.38113,51.81157],[19.37999,51.8119],[19.37965,51.81206],[19.37943,51.81207],[19.3786,51.81254],[19.37838,51.81245],[19.37802,51.81258],[19.37827,51.8128],[19.37881,51.81331],[19.37932,51.81376],[19.38009,51.81443],[19.38056,51.81486],[19.38122,51.81546],[19.38159,51.81576],[19.3821,51.81619],[19.38213,51.81621],[19.38256,51.81657]]},"properties":{"line":"81A","dir":"0","mode":"bus"}},{"type":"Feature","geometry":{"type":"LineString","coordinates":[[19.38178,51.81693],[19.38216,51.81697],[19.38268,51.81673],[19.3785,51.81296],[19.37822,51.81266],[19.37812,51.81261],[19.37809,51.81251],[19.37821,51.81238],[19.37857,51.81235],[19.38029,51.81175],[19.3834,51.8111],[19.3855,51.8107],[19.39052,51.80956],[19.3907,51.80941],[19.39242,51.80904],[19.39539,51.80824],[19.39603,51.80816],[19.39567,51.80624],[19.39477,51.80126],[19.39461,51.79962],[19.39448,51.7987],[19.39442,51.79828],[19.39436,51.79818],[19.39435,51.7981],[19.39435,51.79808],[19.39433,51.79791],[19.39426,51.79766],[19.39423,51.79755],[19.3944,51.7975],[19.39796,51.7968],[19.39828,51.79674],[19.39942,51.79651],[19.39951,51.79648],[19.40167,51.79606],[19.40202,51.79599],[19.40233,51.79594],[19.40239,51.7959],[19.40252,51.7959],[19.4027,51.79585],[19.40343,51.79568],[19.40345,51.79563],[19.40547,51.79533],[19.4065,51.79512],[19.40659,51.79511],[19.40731,51.79496],[19.40851,51.79471],[19.40937,51.79452],[19.40956,51.79447],[19.40971,51.79442],[19.40977,51.79437],[19.40978,51.79435],[19.40981,51.79433],[19.40982,51.79428],[19.40982,51.79423],[19.40981,51.79419],[19.40972,51.79406],[19.4097,51.79404],[19.40965,51.79399],[19.40962,51.79392],[19.40954,51.7939],[19.40946,51.79383],[19.40935,51.79381],[19.40922,51.79378],[19.40915,51.79377],[19.40791,51.79362],[19.40771,51.79359],[19.4075,51.79381],[19.4071,51.79425],[19.40719,51.79428],[19.40719,51.79428],[19.40703,51.79428],[19.40702,51.79433],[19.40684,51.79453],[19.40677,51.79462],[19.40671,51.79471],[19.40665,51.79485],[19.40658,51.79498],[19.40653,51.79512],[19.4065,51.79515],[19.40646,51.79523],[19.40646,51.79527],[19.40637,51.79542],[19.40637,51.79548],[19.40636,51.79552],[19.40636,51.79559],[19.40636,51.79561],[19.40637,51.79563],[19.40637,51.79566],[19.40637,51.79569],[19.40642,51.79572],[19.40645,51.79577],[19.40649,51.79579],[19.40653,51.79584],[19.40658,51.79587],[19.40664,51.7959],[19.40669,51.7959],[19.40672,51.79594],[19.40674,51.79594],[19.40683,51.79596],[19.40691,51.79597],[19.40696,51.79597],[19.40702,51.79599],[19.40703,51.79599],[19.40712,51.79599],[19.4072,51.79599],[19.40724,51.79597],[19.40738,51.79596],[19.40754,51.79593],[19.40924,51.79561],[19.4093,51.79579],[19.40946,51.79599],[19.40954,51.79651],[19.40959,51.7966],[19.4097,51.79693],[19.40982,51.7973],[19.41003,51.798],[19.41071,51.79993],[19.41095,51.80026],[19.41092,51.80059],[19.41395,51.80027],[19.41542,51.8001],[19.41789,51.79985],[19.41794,51.79985],[19.41801,51.79984],[19.4181,51.79982],[19.41819,51.79982],[19.41825,51.79982],[19.41939,51.7997],[19.42327,51.79924],[19.42409,51.79913],[19.42327,51.79574],[19.42297,51.79467],[19.42248,51.79403],[19.42129,51.79274],[19.42101,51.79216],[19.42603,51.79114],[19.42642,51.79106],[19.42657,51.79106],[19.43011,51.79036],[19.43092,51.7916],[19.43121,51.79203],[19.43289,51.79758],[19.43326,51.79823],[19.43477,51.79804],[19.43616,51.79791],[19.43711,51.79782],[19.43814,51.79773],[19.43879,51.79766],[19.44146,51.79741],[19.44185,51.79733],[19.44236,51.79716],[19.44257,51.79711],[19.44282,51.79709],[19.44304,51.79709],[19.44325,51.79711],[19.44346,51.79716],[19.44431,51.7974],[19.44456,51.79748],[19.44527,51.79765],[19.44578,51.7978],[19.44803,51.79846],[19.45194,51.79957],[19.4524,51.79966],[19.45297,51.79986],[19.45573,51.80064],[19.45618,51.80073],[19.45665,51.80079],[19.45711,51.80084],[19.45751,51.80084],[19.4581,51.80081],[19.45869,51.80079],[19.46107,51.80072],[19.46403,51.80062],[19.46508,51.80058],[19.46585,51.80056],[19.46697,51.8005],[19.46809,51.80045],[19.46922,51.80041],[19.47059,51.80035],[19.47188,51.8003],[19.4722,51.80028],[19.47497,51.80009],[19.47591,51.80009],[19.47635,51.80009],[19.47637,51.80009],[19.47642,51.80008],[19.47669,51.80007],[19.47698,51.80009],[19.47691,51.79985],[19.47688,51.7987],[19.47681,51.79798],[19.47668,51.79685],[19.47666,51.79666],[19.47659,51.79608],[19.47657,51.79599],[19.47656,51.79579],[19.47652,51.79575],[19.47656,51.79559],[19.47656,51.79545],[19.4766,51.79536],[19.47664,51.79527],[19.47669,51.79518],[19.47675,51.79509],[19.47741,51.79418],[19.47811,51.79196],[19.4782,51.79185],[19.47825,51.79178],[19.47844,51.79113],[19.47854,51.79084],[19.47866,51.7905],[19.47872,51.79024],[19.47884,51.78987],[19.47907,51.78921],[19.47907,51.78917],[19.47909,51.7891],[19.48037,51.78944],[19.48453,51.79057],[19.48467,51.79061],[19.48519,51.7907],[19.4852,51.7907],[19.48533,51.79074],[19.48588,51.79084],[19.48592,51.79079],[19.48654,51.79101],[19.4867,51.79104],[19.48678,51.79106],[19.48689,51.79106],[19.48702,51.79106],[19.48713,51.79106],[19.48717,51.79104],[19.48729,51.79103],[19.48746,51.79095],[19.48752,51.791],[19.4877,51.79113],[19.48791,51.79133],[19.48817,51.79157],[19.4882,51.79163],[19.48853,51.79204],[19.48871,51.79211],[19.48886,51.79217],[19.48904,51.79221],[19.48923,51.79226],[19.48942,51.79227],[19.4896,51.79229],[19.48977,51.79229],[19.48994,51.79229],[19.48998,51.79235],[19.49023,51.79239],[19.49055,51.79248],[19.49146,51.79274],[19.49252,51.79306],[19.49264,51.79309],[19.49314,51.79324],[19.49317,51.79326],[19.49331,51.79324],[19.49354,51.79334],[19.49369,51.79334],[19.49383,51.79338],[19.49383,51.79337],[19.49543,51.79383],[19.49611,51.79405],[19.4968,51.79424],[19.49796,51.79456],[19.49916,51.79489],[19.50021,51.79518],[19.50109,51.79543],[19.50157,51.79552],[19.50165,51.79558],[19.50262,51.79579],[19.50275,51.79579],[19.50303,51.79587],[19.50309,51.79589],[19.50353,51.79536],[19.50357,51.7953],[19.50373,51.79507],[19.50373,51.79507],[19.50381,51.79497],[19.50394,51.7948],[19.50403,51.79468],[19.50521,51.79303],[19.50555,51.79255],[19.50629,51.79151],[19.50678,51.79084],[19.50678,51.79084],[19.50682,51.79077],[19.5069,51.79067],[19.50705,51.79045],[19.5075,51.7905],[19.50775,51.79052],[19.5103,51.79084],[19.51053,51.79091],[19.51103,51.79084],[19.51146,51.79084],[19.51182,51.79084],[19.51223,51.79093],[19.51255,51.79097],[19.51259,51.79102],[19.51259,51.79104],[19.51258,51.79106],[19.51259,51.79113],[19.5126,51.79119],[19.5126,51.79124],[19.51264,51.7914],[19.51267,51.79156],[19.51269,51.79167],[19.51269,51.79171],[19.51269,51.79173],[19.51269,51.79175],[19.51269,51.79176],[19.51268,51.79178],[19.51267,51.79181],[19.51265,51.79183],[19.51264,51.79187],[19.51263,51.79192],[19.51261,51.79199]]},"properties":{"line":"81A","dir":"1","mode":"bus"}},{"type":"Feature","geometry":{"type":"LineString","coordinates":[[19.51261,51.79199],[19.51263,51.79192],[19.51264,51.79187],[19.51265,51.79183],[19.51267,51.79181],[19.51268,51.79178],[19.51269,51.79176],[19.51269,51.79175],[19.51269,51.79173],[19.51269,51.79171],[19.51269,51.79167],[19.51267,51.79156],[19.51264,51.7914],[19.5126,51.79124],[19.5126,51.79119],[19.51259,51.79113],[19.51258,51.79106],[19.51259,51.79104],[19.51259,51.79102],[19.51255,51.79097],[19.51223,51.79093],[19.51182,51.79084],[19.51146,51.79084],[19.51103,51.79084],[19.51053,51.79091],[19.5103,51.79084],[19.50775,51.79052],[19.5075,51.7905],[19.50737,51.79052],[19.50723,51.79052],[19.50718,51.79052],[19.50713,51.79056],[19.50705,51.79045],[19.50704,51.79059],[19.507,51.79061],[19.5069,51.79067],[19.50682,51.79077],[19.50639,51.79136],[19.50555,51.79255],[19.50521,51.79303],[19.50429,51.79428],[19.50429,51.79428],[19.50403,51.79468],[19.50394,51.7948],[19.50381,51.79497],[19.50357,51.7953],[19.50353,51.79536],[19.5031,51.79588],[19.50299,51.79603],[19.50275,51.79599],[19.50252,51.79595],[19.50133,51.79567],[19.50113,51.79561],[19.49974,51.79525],[19.49933,51.79513],[19.49833,51.79485],[19.49783,51.79472],[19.4974,51.79455],[19.49652,51.79435],[19.49644,51.79433],[19.49547,51.79407],[19.49523,51.79399],[19.49501,51.7939],[19.49434,51.79365],[19.49261,51.79317],[19.48973,51.79239],[19.48942,51.79238],[19.48923,51.79237],[19.48871,51.79237],[19.48839,51.79229],[19.48809,51.79187],[19.48791,51.79169],[19.48773,51.79151],[19.48764,51.7914],[19.48745,51.7913],[19.48729,51.79124],[19.48713,51.79122],[19.48698,51.7912],[19.48683,51.79118],[19.48628,51.79106],[19.48478,51.79066],[19.48467,51.79061],[19.48453,51.79057],[19.48036,51.78948],[19.47972,51.78926],[19.47909,51.7891],[19.47907,51.78917],[19.47907,51.78921],[19.47896,51.78952],[19.47884,51.78987],[19.47872,51.79024],[19.47854,51.79084],[19.47844,51.79113],[19.47825,51.79178],[19.47829,51.79185],[19.47824,51.79208],[19.47824,51.79214],[19.47822,51.79223],[19.47821,51.79229],[19.4782,51.79229],[19.47816,51.79245],[19.47815,51.79248],[19.47822,51.79253],[19.47822,51.79253],[19.47807,51.79274],[19.47788,51.79347],[19.47778,51.79378],[19.47769,51.79401],[19.47763,51.79425],[19.4776,51.79432],[19.47762,51.79432],[19.47666,51.79567],[19.4772,51.80018],[19.46918,51.80059],[19.46914,51.80059],[19.46665,51.80069],[19.46586,51.80071],[19.46538,51.80074],[19.46499,51.80074],[19.46416,51.80078],[19.46324,51.80081],[19.46108,51.80088],[19.4599,51.80094],[19.45814,51.80099],[19.45801,51.80099],[19.45765,51.80103],[19.45751,51.80103],[19.45745,51.80103],[19.45729,51.80101],[19.45704,51.80099],[19.45693,51.80099],[19.45682,51.80099],[19.45658,51.80098],[19.45638,51.80096],[19.4562,51.80091],[19.45601,51.80088],[19.45514,51.80063],[19.45411,51.80036],[19.45306,51.80007],[19.45205,51.79979],[19.45184,51.79973],[19.45141,51.79961],[19.451,51.7995],[19.45048,51.79936],[19.44991,51.79919],[19.44907,51.79894],[19.44616,51.7981],[19.44501,51.79777],[19.44311,51.79729],[19.443,51.79729],[19.4429,51.79729],[19.44281,51.7973],[19.44248,51.79732],[19.44191,51.79738],[19.44104,51.79746],[19.44088,51.79748],[19.43565,51.79797],[19.43442,51.79809],[19.43326,51.79822],[19.43302,51.79826],[19.42959,51.79863],[19.42831,51.79876],[19.42636,51.79899],[19.42542,51.79909],[19.42526,51.79915],[19.42488,51.79919],[19.42448,51.79921],[19.42428,51.79925],[19.42329,51.79937],[19.42267,51.79942],[19.42236,51.79937],[19.42195,51.79943],[19.42164,51.79946],[19.42119,51.79952],[19.42118,51.79952],[19.42118,51.79952],[19.41939,51.7997],[19.41825,51.79982],[19.41819,51.79982],[19.4181,51.79983],[19.41801,51.79984],[19.41795,51.79985],[19.41789,51.79985],[19.41543,51.80011],[19.41395,51.80027],[19.4119,51.80048],[19.41092,51.80057],[19.40903,51.79508],[19.409,51.79499],[19.40884,51.7949],[19.4086,51.79487],[19.40829,51.79487],[19.40633,51.79527],[19.40551,51.79545],[19.40467,51.79561],[19.40405,51.79572],[19.40266,51.79601],[19.40144,51.79631],[19.40017,51.7965],[19.39942,51.7966],[19.39834,51.79686],[19.39802,51.79692],[19.39767,51.797],[19.39714,51.79709],[19.39607,51.79732],[19.395,51.79752],[19.39445,51.79764],[19.39426,51.79768],[19.39423,51.79755],[19.39416,51.79747],[19.39416,51.7974],[19.39416,51.79738],[19.39416,51.79683],[19.39416,51.79653],[19.39406,51.79572],[19.39402,51.79554],[19.39397,51.79516],[19.39395,51.7951],[19.39393,51.79502],[19.39391,51.79497],[19.39389,51.79494],[19.39384,51.79491],[19.39379,51.79487],[19.39377,51.79484],[19.39376,51.7948],[19.39379,51.79474],[19.39384,51.79469],[19.39387,51.79464],[19.39355,51.79314]]},"properties":{"line":"81B","dir":"0","mode":"bus"}},{"type":"Feature","geometry":{"type":"LineString","coordinates":[[19.39363,51.79317],[19.39387,51.79436],[19.39389,51.79446],[19.39393,51.7945],[19.39398,51.79455],[19.39401,51.79463],[19.39403,51.79466],[19.39408,51.79469],[19.39414,51.79472],[19.39417,51.79477],[19.39418,51.79482],[19.39415,51.79488],[19.3941,51.79492],[19.39408,51.79496],[19.39407,51.79509],[19.39404,51.79517],[19.39404,51.79522],[19.39423,51.79615],[19.39439,51.79731],[19.39461,51.7974],[19.39477,51.7974],[19.39528,51.79729],[19.39796,51.7968],[19.39828,51.79674],[19.39942,51.79651],[19.39951,51.79648],[19.40167,51.79606],[19.40202,51.79599],[19.40233,51.79594],[19.40239,51.7959],[19.40252,51.7959],[19.4027,51.79585],[19.40343,51.79568],[19.40345,51.79563],[19.40547,51.79533],[19.4065,51.79512],[19.40659,51.79511],[19.40731,51.79496],[19.40851,51.79471],[19.40937,51.79452],[19.40956,51.79447],[19.40971,51.79442],[19.40977,51.79437],[19.40978,51.79435],[19.40981,51.79433],[19.40982,51.79428],[19.40982,51.79423],[19.40981,51.79419],[19.40972,51.79406],[19.4097,51.79404],[19.40965,51.79399],[19.40962,51.79392],[19.40954,51.7939],[19.40946,51.79383],[19.40935,51.79381],[19.40922,51.79378],[19.40915,51.79377],[19.40791,51.79362],[19.40771,51.79359],[19.4075,51.79381],[19.4071,51.79425],[19.40719,51.79428],[19.40719,51.79428],[19.40703,51.79428],[19.40702,51.79433],[19.40684,51.79453],[19.40677,51.79462],[19.40671,51.79471],[19.40665,51.79485],[19.40658,51.79498],[19.40653,51.79512],[19.4065,51.79515],[19.40646,51.79523],[19.40646,51.79527],[19.40637,51.79542],[19.40637,51.79548],[19.40636,51.79552],[19.40636,51.79559],[19.40636,51.79561],[19.40637,51.79563],[19.40637,51.79566],[19.40637,51.79569],[19.40642,51.79572],[19.40645,51.79577],[19.40649,51.79579],[19.40653,51.79584],[19.40658,51.79587],[19.40664,51.7959],[19.40669,51.7959],[19.40672,51.79594],[19.40674,51.79594],[19.40683,51.79596],[19.40691,51.79597],[19.40696,51.79597],[19.40702,51.79599],[19.40703,51.79599],[19.40712,51.79599],[19.4072,51.79599],[19.40724,51.79597],[19.40738,51.79596],[19.40754,51.79593],[19.40924,51.79561],[19.4093,51.79579],[19.40946,51.79599],[19.40954,51.79651],[19.40959,51.7966],[19.4097,51.79693],[19.40982,51.7973],[19.41003,51.798],[19.41071,51.79993],[19.41095,51.80026],[19.41092,51.80059],[19.41395,51.80027],[19.41542,51.8001],[19.41789,51.79985],[19.41794,51.79985],[19.41801,51.79984],[19.4181,51.79982],[19.41819,51.79982],[19.41825,51.79982],[19.41939,51.7997],[19.42327,51.79924],[19.42409,51.79913],[19.42327,51.79574],[19.42297,51.79467],[19.42248,51.79403],[19.42129,51.79274],[19.42101,51.79216],[19.42603,51.79114],[19.42642,51.79106],[19.42657,51.79106],[19.43011,51.79036],[19.43092,51.7916],[19.43121,51.79203],[19.43289,51.79758],[19.43326,51.79823],[19.43477,51.79804],[19.43616,51.79791],[19.43711,51.79782],[19.43814,51.79773],[19.43879,51.79766],[19.44146,51.79741],[19.44185,51.79733],[19.44236,51.79716],[19.44257,51.79711],[19.44282,51.79709],[19.44304,51.79709],[19.44325,51.79711],[19.44346,51.79716],[19.44431,51.7974],[19.44456,51.79748],[19.44527,51.79765],[19.44578,51.7978],[19.44803,51.79846],[19.45194,51.79957],[19.4524,51.79966],[19.45297,51.79986],[19.45573,51.80064],[19.45618,51.80073],[19.45665,51.80079],[19.45711,51.80084],[19.45751,51.80084],[19.4581,51.80081],[19.45869,51.80079],[19.46107,51.80072],[19.46403,51.80062],[19.46508,51.80058],[19.46585,51.80056],[19.46697,51.8005],[19.46809,51.80045],[19.46922,51.80041],[19.47059,51.80035],[19.47188,51.8003],[19.4722,51.80028],[19.47497,51.80009],[19.47591,51.80009],[19.47635,51.80009],[19.47637,51.80009],[19.47642,51.80008],[19.47669,51.80007],[19.47698,51.80009],[19.47691,51.79985],[19.47688,51.7987],[19.47681,51.79798],[19.47668,51.79685],[19.47666,51.79666],[19.47659,51.79608],[19.47657,51.79599],[19.47656,51.79579],[19.47652,51.79575],[19.47656,51.79559],[19.47656,51.79545],[19.4766,51.79536],[19.47664,51.79527],[19.47669,51.79518],[19.47675,51.79509],[19.47741,51.79418],[19.47811,51.79196],[19.4782,51.79185],[19.47825,51.79178],[19.47844,51.79113],[19.47854,51.79084],[19.47866,51.7905],[19.47872,51.79024],[19.47884,51.78987],[19.47907,51.78921],[19.47907,51.78917],[19.47909,51.7891],[19.48037,51.78944],[19.48453,51.79057],[19.48467,51.79061],[19.48519,51.7907],[19.4852,51.7907],[19.48533,51.79074],[19.48588,51.79084],[19.48592,51.79079],[19.48654,51.79101],[19.4867,51.79104],[19.48678,51.79106],[19.48689,51.79106],[19.48702,51.79106],[19.48713,51.79106],[19.48717,51.79104],[19.48729,51.79103],[19.48746,51.79095],[19.48752,51.791],[19.4877,51.79113],[19.48791,51.79133],[19.48817,51.79157],[19.4882,51.79163],[19.48853,51.79204],[19.48871,51.79211],[19.48886,51.79217],[19.48904,51.79221],[19.48923,51.79226],[19.48942,51.79227],[19.4896,51.79229],[19.48977,51.79229],[19.48994,51.79229],[19.48998,51.79235],[19.49023,51.79239],[19.49055,51.79248],[19.49146,51.79274],[19.49252,51.79306],[19.49264,51.79309],[19.49314,51.79324],[19.49317,51.79326],[19.49331,51.79324],[19.49354,51.79334],[19.49369,51.79334],[19.49383,51.79338],[19.49383,51.79337],[19.49543,51.79383],[19.49611,51.79405],[19.4968,51.79424],[19.49796,51.79456],[19.49916,51.79489],[19.50021,51.79518],[19.50109,51.79543],[19.50157,51.79552],[19.50165,51.79558],[19.50262,51.79579],[19.50275,51.79579],[19.50303,51.79587],[19.50309,51.79589],[19.50353,51.79536],[19.50357,51.7953],[19.50373,51.79507],[19.50373,51.79507],[19.50381,51.79497],[19.50394,51.7948],[19.50403,51.79468],[19.50521,51.79303],[19.50555,51.79255],[19.50629,51.79151],[19.50678,51.79084],[19.50678,51.79084],[19.50682,51.79077],[19.5069,51.79067],[19.50705,51.79045],[19.5075,51.7905],[19.50775,51.79052],[19.5103,51.79084],[19.51053,51.79091],[19.51103,51.79084],[19.51146,51.79084],[19.51182,51.79084],[19.51223,51.79093],[19.51255,51.79097],[19.51259,51.79102],[19.51259,51.79104],[19.51258,51.79106],[19.51259,51.79113],[19.5126,51.79119],[19.5126,51.79124],[19.51264,51.7914],[19.51267,51.79156],[19.51269,51.79167],[19.51269,51.79171],[19.51269,51.79173],[19.51269,51.79175],[19.51269,51.79176],[19.51268,51.79178],[19.51267,51.79181],[19.51265,51.79183],[19.51264,51.79187],[19.51263,51.79192],[19.51261,51.79199]]},"properties":{"line":"81B","dir":"1","mode":"bus"}},{"type":"Feature","geometry":{"type":"LineString","coordinates":[[19.62722,51.74499],[19.62741,51.74498],[19.62366,51.74814],[19.62362,51.74816],[19.62336,51.748],[19.62179,51.74695],[19.62022,51.74593],[19.62022,51.74593],[19.61792,51.74438],[19.61512,51.74257],[19.61114,51.73998],[19.60852,51.73828],[19.60852,51.73828],[19.60758,51.73756],[19.60675,51.73705],[19.60427,51.73694],[19.59891,51.73701],[19.59169,51.73698],[19.58909,51.73704],[19.58446,51.73785],[19.58355,51.73577],[19.58351,51.73566],[19.58344,51.73556],[19.58335,51.73554],[19.58327,51.73548],[19.58312,51.73545],[19.56334,51.73275],[19.56159,51.7324],[19.55442,51.73899],[19.55863,51.74137],[19.55931,51.7422],[19.55502,51.74288],[19.55416,51.74304],[19.55239,51.74331],[19.55211,51.74337],[19.55192,51.7434],[19.55188,51.74342],[19.55183,51.74342],[19.55181,51.74342],[19.55177,51.74346],[19.55173,51.74348],[19.5517,51.74348],[19.55168,51.74351],[19.55164,51.74351],[19.55164,51.74355],[19.55164,51.74356],[19.55162,51.74358],[19.55164,51.74358],[19.55162,51.74369],[19.5537,51.74564],[19.55469,51.74671],[19.55463,51.74691],[19.55117,51.74769],[19.549,51.74847],[19.54711,51.74926],[19.54651,51.74947],[19.54766,51.75044],[19.54766,51.75044],[19.54832,51.75109],[19.54948,51.75209],[19.54951,51.75211],[19.55035,51.75287],[19.55055,51.75307],[19.55094,51.75341],[19.55104,51.75335],[19.5513,51.75371],[19.55236,51.75467],[19.55245,51.75477],[19.55252,51.75485],[19.55258,51.75493],[19.55265,51.7551],[19.55298,51.75603],[19.5532,51.75657],[19.55326,51.75667],[19.55383,51.75807],[19.55225,51.75837],[19.54932,51.75872],[19.54676,51.75911],[19.546,51.75918],[19.54198,51.75994],[19.54128,51.76011],[19.53776,51.76103],[19.53859,51.76277],[19.54088,51.76247],[19.54319,51.76205]]},"properties":{"line":"82A","dir":"0","mode":"bus"}},{"type":"Feature","geometry":{"type":"LineString","coordinates":[[19.54198,51.76267],[19.54185,51.76265],[19.54151,51.76237],[19.54001,51.76258],[19.53855,51.76281],[19.5377,51.76294],[19.53717,51.76299],[19.53693,51.7624],[19.53691,51.76236],[19.53689,51.76229],[19.53686,51.76222],[19.53685,51.76222],[19.53682,51.76218],[19.53681,51.76211],[19.53678,51.76205],[19.53644,51.76125],[19.53622,51.76051],[19.53736,51.76028],[19.54003,51.76007],[19.54111,51.75998],[19.54164,51.75991],[19.54194,51.7599],[19.54366,51.75959],[19.54406,51.75951],[19.54609,51.75915],[19.54666,51.75899],[19.54684,51.75888],[19.5482,51.75863],[19.54889,51.75846],[19.5493,51.75834],[19.55191,51.75763],[19.55345,51.75736],[19.55314,51.75659],[19.55314,51.75659],[19.55298,51.75603],[19.55265,51.7551],[19.55258,51.75493],[19.55252,51.75485],[19.55245,51.75477],[19.55236,51.75467],[19.5513,51.75371],[19.55063,51.75317],[19.55055,51.75307],[19.55035,51.75287],[19.54651,51.74947],[19.547,51.74923],[19.54747,51.74907],[19.54876,51.74853],[19.54976,51.74814],[19.55042,51.7479],[19.55115,51.74769],[19.55172,51.74754],[19.55251,51.74736],[19.55426,51.747],[19.55436,51.74698],[19.55445,51.74696],[19.55455,51.74691],[19.55459,51.74689],[19.5546,51.74688],[19.55463,51.74686],[19.55464,51.74682],[19.55467,51.74679],[19.55467,51.74677],[19.5547,51.74673],[19.55469,51.74671],[19.55467,51.74665],[19.55467,51.74662],[19.55464,51.74656],[19.55462,51.74653],[19.55455,51.74646],[19.55436,51.74632],[19.55417,51.74617],[19.5534,51.74546],[19.5521,51.74418],[19.55199,51.7441],[19.55176,51.74384],[19.55167,51.74375],[19.55164,51.74373],[19.55161,51.74369],[19.55162,51.74367],[19.55162,51.7436],[19.55162,51.74358],[19.55161,51.74351],[19.5517,51.74348],[19.55181,51.74342],[19.55192,51.7434],[19.5521,51.74331],[19.55239,51.74331],[19.55326,51.74317],[19.55348,51.74312],[19.55359,51.7431],[19.55393,51.74303],[19.55414,51.74297],[19.55649,51.74262],[19.55921,51.74216],[19.55913,51.74197],[19.55905,51.74184],[19.55429,51.73902],[19.56158,51.73228],[19.56243,51.73248],[19.57998,51.73492],[19.58236,51.73522],[19.58323,51.73531],[19.58346,51.73523],[19.58364,51.73525],[19.58377,51.73536],[19.58373,51.73546],[19.58367,51.73559],[19.58461,51.73771],[19.58724,51.73721],[19.59063,51.73693],[19.59766,51.73689],[19.59766,51.73689],[19.59795,51.73696],[19.59908,51.73696],[19.59941,51.73696],[19.60004,51.73696],[19.60031,51.73696],[19.60044,51.73698],[19.60077,51.73696],[19.60164,51.73698],[19.60254,51.73698],[19.6026,51.73696],[19.60302,51.73696],[19.60324,51.73696],[19.60381,51.73696],[19.60418,51.73696],[19.60465,51.73696],[19.60501,51.73698],[19.60559,51.73701],[19.60614,51.73703],[19.60636,51.73705],[19.60654,51.73705],[19.60668,51.73706],[19.60778,51.73702],[19.60774,51.73729],[19.60757,51.73759],[19.61244,51.7407],[19.6129,51.74104],[19.61506,51.74241],[19.61506,51.74241],[19.61643,51.74335],[19.62042,51.74596],[19.62042,51.74596],[19.62313,51.74777],[19.62351,51.74798],[19.62351,51.74798],[19.62366,51.74814],[19.62719,51.74515],[19.62689,51.74498],[19.62684,51.74484]]},"properties":{"line":"82A","dir":"1","mode":"bus"}},{"type":"Feature","geometry":{"type":"LineString","coordinates":[[19.61028,51.69184],[19.61073,51.69197],[19.6145,51.69628],[19.61996,51.70267],[19.62271,51.7064],[19.62718,51.71262],[19.62938,51.71584],[19.63296,51.7211],[19.63346,51.72182],[19.63864,51.72538],[19.63631,51.72676],[19.63244,51.72896],[19.63191,51.72919],[19.62713,51.73205],[19.61865,51.73684],[19.61865,51.73684],[19.61199,51.74051],[19.61114,51.73998],[19.60852,51.73828],[19.60852,51.73828],[19.60758,51.73756],[19.60675,51.73705],[19.60427,51.73694],[19.59891,51.73701],[19.59169,51.73698],[19.58909,51.73704],[19.58446,51.73785],[19.58355,51.73577],[19.58351,51.73566],[19.58344,51.73556],[19.58335,51.73554],[19.58327,51.73548],[19.58312,51.73545],[19.56334,51.73275],[19.56159,51.7324],[19.55442,51.73899],[19.55863,51.74137],[19.55931,51.7422],[19.55502,51.74288],[19.55416,51.74304],[19.55239,51.74331],[19.55211,51.74337],[19.55192,51.7434],[19.55188,51.74342],[19.55183,51.74342],[19.55181,51.74342],[19.55177,51.74346],[19.55173,51.74348],[19.5517,51.74348],[19.55168,51.74351],[19.55164,51.74351],[19.55164,51.74355],[19.55164,51.74356],[19.55162,51.74358],[19.55164,51.74358],[19.55162,51.74369],[19.5537,51.74564],[19.55469,51.74671],[19.55463,51.74691],[19.55117,51.74769],[19.549,51.74847],[19.54711,51.74926],[19.54651,51.74947],[19.54766,51.75044],[19.54766,51.75044],[19.54832,51.75109],[19.54948,51.75209],[19.54951,51.75211],[19.55035,51.75287],[19.55055,51.75307],[19.55094,51.75341],[19.55104,51.75335],[19.5513,51.75371],[19.55236,51.75467],[19.55245,51.75477],[19.55252,51.75485],[19.55258,51.75493],[19.55265,51.7551],[19.55298,51.75603],[19.5532,51.75657],[19.55326,51.75667],[19.55383,51.75807],[19.55225,51.75837],[19.54932,51.75872],[19.54676,51.75911],[19.546,51.75918],[19.54198,51.75994],[19.54128,51.76011],[19.53776,51.76103],[19.53859,51.76277],[19.54088,51.76247],[19.54319,51.76205]]},"properties":{"line":"82B","dir":"0","mode":"bus"}},{"type":"Feature","geometry":{"type":"LineString","coordinates":[[19.54198,51.76267],[19.54185,51.76265],[19.54151,51.76237],[19.54001,51.76258],[19.53855,51.76281],[19.5377,51.76294],[19.53717,51.76299],[19.53693,51.7624],[19.53691,51.76236],[19.53689,51.76229],[19.53686,51.76222],[19.53685,51.76222],[19.53682,51.76218],[19.53681,51.76211],[19.53678,51.76205],[19.53644,51.76125],[19.53622,51.76051],[19.53736,51.76028],[19.54003,51.76007],[19.54111,51.75998],[19.54164,51.75991],[19.54194,51.7599],[19.54366,51.75959],[19.54406,51.75951],[19.54609,51.75915],[19.54666,51.75899],[19.54684,51.75888],[19.5482,51.75863],[19.54889,51.75846],[19.5493,51.75834],[19.55191,51.75763],[19.55345,51.75736],[19.55314,51.75659],[19.55314,51.75659],[19.55298,51.75603],[19.55265,51.7551],[19.55258,51.75493],[19.55252,51.75485],[19.55245,51.75477],[19.55236,51.75467],[19.5513,51.75371],[19.55063,51.75317],[19.55055,51.75307],[19.55035,51.75287],[19.54651,51.74947],[19.547,51.74923],[19.54747,51.74907],[19.54876,51.74853],[19.54976,51.74814],[19.55042,51.7479],[19.55115,51.74769],[19.55172,51.74754],[19.55251,51.74736],[19.55426,51.747],[19.55436,51.74698],[19.55445,51.74696],[19.55455,51.74691],[19.55459,51.74689],[19.5546,51.74688],[19.55463,51.74686],[19.55464,51.74682],[19.55467,51.74679],[19.55467,51.74677],[19.5547,51.74673],[19.55469,51.74671],[19.55467,51.74665],[19.55467,51.74662],[19.55464,51.74656],[19.55462,51.74653],[19.55455,51.74646],[19.55436,51.74632],[19.55417,51.74617],[19.5534,51.74546],[19.5521,51.74418],[19.55199,51.7441],[19.55176,51.74384],[19.55167,51.74375],[19.55164,51.74373],[19.55161,51.74369],[19.55162,51.74367],[19.55162,51.7436],[19.55162,51.74358],[19.55161,51.74351],[19.5517,51.74348],[19.55181,51.74342],[19.55192,51.7434],[19.5521,51.74331],[19.55239,51.74331],[19.55326,51.74317],[19.55348,51.74312],[19.55359,51.7431],[19.55393,51.74303],[19.55414,51.74297],[19.55649,51.74262],[19.55921,51.74216],[19.55913,51.74197],[19.55905,51.74184],[19.55429,51.73902],[19.56158,51.73228],[19.56243,51.73248],[19.57998,51.73492],[19.58236,51.73522],[19.58323,51.73531],[19.58346,51.73523],[19.58364,51.73525],[19.58377,51.73536],[19.58373,51.73546],[19.58367,51.73559],[19.58461,51.73771],[19.58724,51.73721],[19.59063,51.73693],[19.59766,51.73689],[19.59766,51.73689],[19.59795,51.73696],[19.59908,51.73696],[19.59941,51.73696],[19.60004,51.73696],[19.60031,51.73696],[19.60044,51.73698],[19.60077,51.73696],[19.60164,51.73698],[19.60254,51.73698],[19.6026,51.73696],[19.60302,51.73696],[19.60324,51.73696],[19.60381,51.73696],[19.60418,51.73696],[19.60465,51.73696],[19.60501,51.73698],[19.60559,51.73701],[19.60614,51.73703],[19.60636,51.73705],[19.60654,51.73705],[19.60668,51.73706],[19.60778,51.73702],[19.60774,51.73729],[19.60757,51.73759],[19.61198,51.74046],[19.61281,51.74006],[19.61302,51.73993],[19.61305,51.73993],[19.61311,51.73989],[19.61324,51.73982],[19.61527,51.73866],[19.61598,51.73827],[19.61665,51.73786],[19.61703,51.73767],[19.61808,51.73707],[19.61911,51.73649],[19.61984,51.73608],[19.62053,51.7357],[19.62125,51.73527],[19.62308,51.73426],[19.62385,51.73383],[19.62437,51.73354],[19.62443,51.73349],[19.62445,51.73349],[19.62499,51.73318],[19.62565,51.73281],[19.62662,51.73227],[19.62866,51.73106],[19.62891,51.73095],[19.62896,51.73093],[19.62925,51.73076],[19.63101,51.72973],[19.63188,51.72924],[19.6326,51.72883],[19.63266,51.72878],[19.63269,51.72872],[19.63588,51.72694],[19.63597,51.72691],[19.63685,51.7264],[19.63702,51.72633],[19.63763,51.72595],[19.63864,51.72538],[19.63793,51.72492],[19.63777,51.72485],[19.63777,51.72485],[19.63347,51.72192],[19.63257,51.72064],[19.62893,51.71537],[19.62678,51.71221],[19.6239,51.70813],[19.61977,51.70258],[19.61429,51.69619],[19.61055,51.69173]]},"properties":{"line":"82B","dir":"1","mode":"bus"}},{"type":"Feature","geometry":{"type":"LineString","coordinates":[[19.48582,51.76731],[19.48628,51.76724],[19.48632,51.76719],[19.48623,51.76707],[19.48581,51.76706],[19.48562,51.76712],[19.4852,51.76766],[19.48513,51.76811],[19.485,51.76821],[19.48351,51.76826],[19.48264,51.76832],[19.48276,51.76778],[19.47982,51.76747],[19.47525,51.76709],[19.46577,51.76627],[19.46153,51.76586],[19.46122,51.76584],[19.44611,51.76912],[19.446,51.76969],[19.43566,51.76875],[19.43414,51.76892],[19.42959,51.76946],[19.42906,51.77017],[19.42543,51.76886],[19.42467,51.76862],[19.42362,51.76834],[19.4215,51.76758],[19.4212,51.76763],[19.42098,51.7681],[19.42075,51.76823],[19.41752,51.77314],[19.41563,51.77611],[19.41546,51.77629],[19.4147,51.77753],[19.41463,51.77763],[19.41458,51.7777],[19.41449,51.7778],[19.41378,51.77792],[19.41345,51.77798],[19.41317,51.77804],[19.41273,51.77812],[19.41223,51.77821],[19.41209,51.77823],[19.41196,51.77825],[19.41169,51.77829],[19.41161,51.7783],[19.41158,51.77831],[19.41153,51.77832],[19.41151,51.77832],[19.41142,51.77831],[19.41138,51.77835],[19.41134,51.77835],[19.41125,51.7784],[19.41123,51.77843],[19.41118,51.77843],[19.41111,51.77852],[19.41105,51.77857],[19.41052,51.77897],[19.41046,51.77904],[19.40999,51.7794],[19.40997,51.77942],[19.40977,51.77958],[19.40951,51.77975],[19.40936,51.77984],[19.40942,51.77987],[19.40904,51.78002],[19.40881,51.78013],[19.40837,51.78008],[19.40739,51.77994],[19.407,51.77987],[19.4059,51.77975],[19.40566,51.77972],[19.4055,51.77967],[19.40543,51.77967],[19.40541,51.77967],[19.40537,51.77967],[19.40531,51.77967],[19.40524,51.77967],[19.40508,51.77967],[19.40453,51.77967],[19.40445,51.77967],[19.40414,51.77967],[19.40361,51.77965],[19.40313,51.77965],[19.40309,51.77965],[19.40262,51.77965],[19.40252,51.77965],[19.40246,51.77965],[19.40239,51.77965],[19.40233,51.77963],[19.40218,51.7796],[19.40199,51.77957],[19.40189,51.77955],[19.40111,51.77942],[19.40053,51.77933],[19.40052,51.77936],[19.39921,51.77913],[19.39694,51.78013],[19.39601,51.78083],[19.3949,51.78155],[19.39166,51.78251],[19.3919,51.78391],[19.39195,51.7842],[19.39245,51.78682],[19.39257,51.78712],[19.39253,51.78748],[19.39342,51.79211],[19.39351,51.79237],[19.39361,51.79245],[19.39359,51.79256],[19.39349,51.79263],[19.39326,51.79265],[19.39311,51.79257],[19.39246,51.79254],[19.39217,51.79255],[19.39089,51.79262],[19.39048,51.79266],[19.38694,51.79336],[19.38484,51.79381],[19.38466,51.79387],[19.38458,51.79396],[19.38444,51.79401],[19.38434,51.794],[19.38426,51.79398],[19.38422,51.79393],[19.38399,51.79391],[19.38384,51.79388],[19.38093,51.79375],[19.38061,51.79375],[19.38041,51.79375],[19.38024,51.79375],[19.37954,51.79378],[19.37915,51.79384],[19.37875,51.7939],[19.3786,51.79391],[19.37576,51.79448],[19.37463,51.79471],[19.37433,51.79481],[19.3743,51.79482],[19.37425,51.79485],[19.37424,51.79487],[19.37424,51.79488],[19.37423,51.7949],[19.37422,51.79491],[19.37421,51.79492],[19.37419,51.79493],[19.37422,51.79499],[19.3754,51.79724],[19.37559,51.79732],[19.37559,51.79763],[19.37561,51.79773],[19.37574,51.79777],[19.37567,51.79801],[19.37558,51.79864],[19.3754,51.79952],[19.3754,51.79964],[19.3754,51.79975],[19.37543,51.79984],[19.37548,51.79999],[19.37556,51.80009],[19.37565,51.80028],[19.37587,51.80069],[19.37596,51.80077],[19.37604,51.80081],[19.3761,51.80088],[19.37615,51.80088],[19.37623,51.80099],[19.37627,51.80104],[19.37639,51.80108],[19.37652,51.80123],[19.37702,51.80167],[19.37714,51.8018],[19.37947,51.80588],[19.38083,51.80718],[19.3809,51.80744],[19.38074,51.8077],[19.37958,51.8085],[19.37894,51.80894],[19.37831,51.80939],[19.3779,51.8097],[19.37755,51.80994],[19.37686,51.81047],[19.37667,51.81056],[19.3766,51.81056],[19.37656,51.81049],[19.37647,51.81041],[19.37646,51.81033],[19.37648,51.81025],[19.37656,51.8102],[19.37666,51.81017]]},"properties":{"line":"83","dir":"0","mode":"bus"}},{"type":"Feature","geometry":{"type":"LineString","coordinates":[[19.37709,51.81019],[19.38066,51.80764],[19.38081,51.80742],[19.38075,51.80722],[19.37947,51.80597],[19.37714,51.80193],[19.37678,51.80167],[19.3763,51.80129],[19.37574,51.80063],[19.37563,51.80042],[19.37554,51.80023],[19.37552,51.80018],[19.37546,51.80008],[19.37539,51.79994],[19.37537,51.79987],[19.37538,51.79981],[19.37537,51.79977],[19.37538,51.79963],[19.37559,51.79831],[19.37562,51.79821],[19.37559,51.79812],[19.37561,51.79797],[19.37559,51.79791],[19.37558,51.79789],[19.37555,51.79787],[19.37555,51.79784],[19.37556,51.79782],[19.37557,51.79778],[19.37553,51.79766],[19.37549,51.79755],[19.37548,51.79749],[19.37538,51.79729],[19.37519,51.79692],[19.37479,51.79618],[19.37456,51.79577],[19.37447,51.79556],[19.37435,51.7953],[19.37431,51.79525],[19.37413,51.79509],[19.37402,51.79501],[19.37399,51.795],[19.3739,51.79499],[19.37385,51.79497],[19.37379,51.79494],[19.37377,51.79491],[19.37374,51.79487],[19.37372,51.79483],[19.37374,51.79479],[19.37378,51.79475],[19.37383,51.79471],[19.3739,51.79469],[19.37396,51.79468],[19.37404,51.79468],[19.37409,51.79469],[19.37414,51.79471],[19.37418,51.79473],[19.37444,51.7947],[19.37468,51.79467],[19.37578,51.79444],[19.37611,51.79437],[19.3786,51.79387],[19.37873,51.79383],[19.37901,51.79376],[19.37934,51.79371],[19.37941,51.7937],[19.37956,51.79368],[19.38004,51.79366],[19.38018,51.79366],[19.38032,51.79367],[19.38047,51.79368],[19.38062,51.79369],[19.3808,51.79372],[19.38342,51.79384],[19.38376,51.79385],[19.38397,51.79382],[19.3842,51.79381],[19.38423,51.79377],[19.38431,51.79373],[19.38438,51.79371],[19.38447,51.79371],[19.38456,51.79373],[19.38462,51.79375],[19.38472,51.79374],[19.38488,51.79373],[19.38501,51.79372],[19.38511,51.79371],[19.38554,51.79361],[19.39064,51.79261],[19.39243,51.79252],[19.39313,51.79243],[19.39326,51.79228],[19.39323,51.79204],[19.39321,51.79132],[19.39263,51.78821],[19.39223,51.78656],[19.39166,51.78294],[19.39162,51.78251],[19.39395,51.78177],[19.39464,51.78153],[19.39543,51.78118],[19.39626,51.78075],[19.39694,51.78013],[19.3982,51.77942],[19.39857,51.77923],[19.39903,51.77916],[19.39914,51.77897],[19.39926,51.77871],[19.39942,51.77834],[19.39946,51.77802],[19.39939,51.77763],[19.39861,51.77517],[19.39859,51.77462],[19.39882,51.77432],[19.40468,51.7759],[19.40529,51.77608],[19.41123,51.77821],[19.4115,51.77827],[19.4129,51.77807],[19.41438,51.77781],[19.41512,51.77669],[19.41716,51.77334],[19.42138,51.76729],[19.42192,51.76743],[19.42199,51.76755],[19.4222,51.76766],[19.4225,51.76778],[19.42305,51.76802],[19.42326,51.76808],[19.42354,51.76814],[19.42363,51.76817],[19.4237,51.7682],[19.42473,51.76846],[19.4249,51.76848],[19.42535,51.76859],[19.42575,51.76871],[19.42588,51.76872],[19.42595,51.76873],[19.42615,51.76876],[19.42641,51.76877],[19.42659,51.76877],[19.42774,51.76884],[19.42954,51.7692],[19.43534,51.76865],[19.4372,51.76871],[19.44044,51.76906],[19.44069,51.76918],[19.44836,51.76987],[19.44897,51.76988],[19.45015,51.76422],[19.45163,51.76472],[19.4524,51.76498],[19.45268,51.76504],[19.45279,51.76507],[19.45305,51.76382],[19.45307,51.76364],[19.45322,51.76303],[19.45335,51.76245],[19.45346,51.76198],[19.45358,51.762],[19.45499,51.76212],[19.45507,51.76212],[19.45514,51.76213],[19.45525,51.76213],[19.45591,51.76219],[19.45606,51.7622],[19.4568,51.76222],[19.46734,51.76313],[19.46998,51.76336],[19.47037,51.76339],[19.47162,51.76348],[19.47199,51.76351],[19.47253,51.76355],[19.47265,51.76355],[19.47472,51.76373],[19.47491,51.76375],[19.47613,51.76387],[19.47661,51.7639],[19.47838,51.76402],[19.48056,51.76422],[19.48037,51.76507],[19.48026,51.76553],[19.48013,51.76599],[19.48002,51.76656],[19.47994,51.76697],[19.47985,51.76742],[19.48156,51.76757],[19.48182,51.76758],[19.4828,51.7677],[19.48274,51.76797],[19.48283,51.76808],[19.48292,51.76814],[19.483,51.76816],[19.48312,51.76816],[19.48337,51.76814],[19.4845,51.76806],[19.48477,51.76806],[19.48497,51.76802],[19.48553,51.7671],[19.48548,51.76697],[19.48561,51.76689],[19.48576,51.7669],[19.48591,51.76699],[19.48633,51.7671],[19.48648,51.76718],[19.48655,51.76764],[19.48651,51.76774],[19.48637,51.76782],[19.48574,51.76789],[19.4856,51.76783],[19.48558,51.76778],[19.48563,51.7677],[19.48567,51.76763]]},"properties":{"line":"83","dir":"1","mode":"bus"}},{"type":"Feature","geometry":{"type":"LineString","coordinates":[[19.32595,51.80746],[19.32586,51.80774],[19.32641,51.80775],[19.3266,51.80777],[19.32735,51.80779],[19.32813,51.80779],[19.32835,51.80777],[19.32849,51.8077],[19.32857,51.80763],[19.32861,51.80754],[19.32867,51.80721],[19.32874,51.80711],[19.32885,51.80704],[19.32895,51.80702],[19.32935,51.80701],[19.33275,51.80708],[19.33766,51.80716],[19.33802,51.80719],[19.33824,51.80726],[19.34049,51.81142],[19.34058,51.81161],[19.34066,51.81175],[19.34415,51.81094],[19.3472,51.80931],[19.35459,51.80542],[19.3576,51.80479],[19.3576,51.80479],[19.36907,51.80249],[19.37608,51.80116],[19.37612,51.80114],[19.37606,51.8011],[19.37595,51.80098],[19.37586,51.80086],[19.37582,51.80078],[19.37574,51.80063],[19.37563,51.80042],[19.37554,51.80023],[19.37552,51.80018],[19.37546,51.80008],[19.37539,51.79994],[19.37537,51.79987],[19.37538,51.79981],[19.37537,51.79977],[19.37538,51.79963],[19.37559,51.79831],[19.37562,51.79821],[19.37559,51.79812],[19.37561,51.79797],[19.37559,51.79791],[19.37558,51.79789],[19.37555,51.79787],[19.37555,51.79784],[19.37556,51.79782],[19.37557,51.79778],[19.37553,51.79766],[19.37549,51.79755],[19.37548,51.79749],[19.37538,51.79729],[19.37524,51.79727],[19.37501,51.79658],[19.37434,51.79525],[19.37402,51.79498],[19.37389,51.79497],[19.37377,51.79489],[19.37366,51.79485],[19.37191,51.79491],[19.37137,51.79493],[19.37086,51.79489],[19.3707,51.79489],[19.37049,51.79487],[19.37029,51.79484],[19.36959,51.79474],[19.36911,51.79467],[19.36785,51.79451],[19.36751,51.79446],[19.36728,51.79445],[19.36696,51.79445],[19.36657,51.79448],[19.36578,51.79463],[19.36548,51.79469],[19.36436,51.79492],[19.36376,51.79504],[19.36212,51.79538],[19.3616,51.79548],[19.36142,51.79552]]},"properties":{"line":"84A","dir":"0","mode":"bus"}},{"type":"Feature","geometry":{"type":"LineString","coordinates":[[19.36649,51.79447],[19.36765,51.79444],[19.36977,51.79473],[19.37075,51.79485],[19.37183,51.79485],[19.37368,51.7948],[19.37376,51.79478],[19.37383,51.79473],[19.37397,51.7947],[19.37407,51.79471],[19.37413,51.79473],[19.37418,51.79478],[19.37419,51.79483],[19.37419,51.79488],[19.37417,51.79495],[19.37534,51.79706],[19.37557,51.7975],[19.37571,51.79771],[19.37573,51.79774],[19.37575,51.79775],[19.37577,51.79776],[19.37578,51.79777],[19.37581,51.79778],[19.37583,51.7978],[19.37584,51.79782],[19.37585,51.79784],[19.37585,51.79786],[19.37585,51.79787],[19.37583,51.79789],[19.37582,51.7979],[19.37578,51.79792],[19.37577,51.79794],[19.37571,51.79815],[19.37567,51.79821],[19.37564,51.7984],[19.37541,51.79971],[19.37561,51.80013],[19.37596,51.80077],[19.37657,51.80123],[19.37547,51.80148],[19.37015,51.80256],[19.37015,51.80256],[19.36851,51.80283],[19.36804,51.80288],[19.36783,51.80294],[19.36761,51.80297],[19.36665,51.80315],[19.36657,51.80315],[19.36609,51.80321],[19.36592,51.80321],[19.36583,51.80321],[19.36569,51.80324],[19.36558,51.80324],[19.3647,51.80342],[19.36306,51.80376],[19.36183,51.80401],[19.36082,51.80421],[19.35998,51.80437],[19.35954,51.80446],[19.35842,51.80466],[19.35816,51.80474],[19.3572,51.80493],[19.35635,51.80516],[19.3552,51.80535],[19.3545,51.80557],[19.35357,51.80608],[19.34805,51.809],[19.34805,51.809],[19.34424,51.81095],[19.34066,51.81175],[19.33831,51.80734],[19.33817,51.80725],[19.33793,51.80719],[19.33322,51.80708],[19.33252,51.80708],[19.32909,51.80701],[19.32885,51.80705],[19.32876,51.80709],[19.3287,51.80716],[19.32866,51.80731],[19.32857,51.80762],[19.32845,51.80772],[19.32825,51.80778],[19.32806,51.80779],[19.32586,51.80774],[19.32589,51.8077],[19.32597,51.80746]]},"properties":{"line":"84A","dir":"1","mode":"bus"}},{"type":"Feature","geometry":{"type":"LineString","coordinates":[[19.31966,51.80823],[19.32057,51.80836],[19.31932,51.81066],[19.31924,51.81109],[19.31924,51.81109],[19.31889,51.8115],[19.31877,51.81195],[19.3192,51.81278],[19.32092,51.81583],[19.33037,51.81379],[19.33036,51.81378],[19.34039,51.81175],[19.34415,51.81094],[19.3472,51.80931],[19.35459,51.80542],[19.3576,51.80479],[19.3576,51.80479],[19.36907,51.80249],[19.37608,51.80116],[19.37612,51.80114],[19.37606,51.8011],[19.37595,51.80098],[19.37586,51.80086],[19.37582,51.80078],[19.37574,51.80063],[19.37563,51.80042],[19.37554,51.80023],[19.37552,51.80018],[19.37546,51.80008],[19.37539,51.79994],[19.37537,51.79987],[19.37538,51.79981],[19.37537,51.79977],[19.37538,51.79963],[19.37559,51.79831],[19.37562,51.79821],[19.37559,51.79812],[19.37561,51.79797],[19.37559,51.79791],[19.37558,51.79789],[19.37555,51.79787],[19.37555,51.79784],[19.37556,51.79782],[19.37557,51.79778],[19.37553,51.79766],[19.37549,51.79755],[19.37548,51.79749],[19.37538,51.79729],[19.37524,51.79727],[19.37501,51.79658],[19.37434,51.79525],[19.37402,51.79498],[19.37389,51.79497],[19.37377,51.79489],[19.37366,51.79485],[19.37191,51.79491],[19.37137,51.79493],[19.37086,51.79489],[19.3707,51.79489],[19.37049,51.79487],[19.37029,51.79484],[19.36959,51.79474],[19.36911,51.79467],[19.36785,51.79451],[19.36751,51.79446],[19.36728,51.79445],[19.36696,51.79445],[19.36657,51.79448],[19.36578,51.79463],[19.36548,51.79469],[19.36436,51.79492],[19.36376,51.79504],[19.36212,51.79538],[19.3616,51.79548],[19.36142,51.79552]]},"properties":{"line":"84B","dir":"0","mode":"bus"}},{"type":"Feature","geometry":{"type":"LineString","coordinates":[[19.36649,51.79447],[19.36765,51.79444],[19.36977,51.79473],[19.37075,51.79485],[19.37183,51.79485],[19.37368,51.7948],[19.37376,51.79478],[19.37383,51.79473],[19.37397,51.7947],[19.37407,51.79471],[19.37413,51.79473],[19.37418,51.79478],[19.37419,51.79483],[19.37419,51.79488],[19.37417,51.79495],[19.37534,51.79706],[19.37557,51.7975],[19.37571,51.79771],[19.37573,51.79774],[19.37575,51.79775],[19.37577,51.79776],[19.37578,51.79777],[19.37581,51.79778],[19.37583,51.7978],[19.37584,51.79782],[19.37585,51.79784],[19.37585,51.79786],[19.37585,51.79787],[19.37583,51.79789],[19.37582,51.7979],[19.37578,51.79792],[19.37577,51.79794],[19.37571,51.79815],[19.37567,51.79821],[19.37564,51.7984],[19.37541,51.79971],[19.37561,51.80013],[19.37596,51.80077],[19.37657,51.80123],[19.37547,51.80148],[19.37015,51.80256],[19.37015,51.80256],[19.36851,51.80283],[19.36804,51.80288],[19.36783,51.80294],[19.36761,51.80297],[19.36665,51.80315],[19.36657,51.80315],[19.36609,51.80321],[19.36592,51.80321],[19.36583,51.80321],[19.36569,51.80324],[19.36558,51.80324],[19.3647,51.80342],[19.36306,51.80376],[19.36183,51.80401],[19.36082,51.80421],[19.35998,51.80437],[19.35954,51.80446],[19.35842,51.80466],[19.35816,51.80474],[19.3572,51.80493],[19.35635,51.80516],[19.3552,51.80535],[19.3545,51.80557],[19.35357,51.80608],[19.34805,51.809],[19.34805,51.809],[19.34462,51.81081],[19.344,51.8111],[19.34016,51.81191],[19.34016,51.81191],[19.32916,51.81421],[19.32664,51.8147],[19.32089,51.8159],[19.31873,51.81221],[19.31866,51.81174],[19.32022,51.80888],[19.32051,51.80838],[19.31966,51.80823]]},"properties":{"line":"84B","dir":"1","mode":"bus"}},{"type":"Feature","geometry":{"type":"LineString","coordinates":[[19.42529,51.79147],[19.42526,51.7913],[19.4256,51.79121],[19.42603,51.79114],[19.42642,51.79106],[19.42657,51.79106],[19.43011,51.79036],[19.43092,51.7916],[19.43121,51.79203],[19.43289,51.79758],[19.43326,51.79823],[19.43477,51.79804],[19.43616,51.79791],[19.43711,51.79782],[19.43814,51.79773],[19.43879,51.79766],[19.44146,51.79741],[19.44185,51.79733],[19.44236,51.79716],[19.44257,51.79711],[19.44282,51.79709],[19.44304,51.79709],[19.44325,51.79711],[19.44346,51.79716],[19.44431,51.7974],[19.44456,51.79748],[19.44527,51.79765],[19.44578,51.7978],[19.44803,51.79846],[19.45194,51.79957],[19.4524,51.79966],[19.45297,51.79986],[19.45573,51.80064],[19.45618,51.80073],[19.45665,51.80079],[19.45711,51.80084],[19.45751,51.80084],[19.4581,51.80081],[19.46099,51.80069],[19.45937,51.78851],[19.46019,51.78465],[19.46358,51.7853],[19.46439,51.78534],[19.46684,51.78586],[19.46763,51.78602],[19.4676,51.7859],[19.46755,51.78559],[19.46755,51.78549],[19.46756,51.78507],[19.46752,51.78479],[19.4675,51.78466],[19.46753,51.78457],[19.46773,51.78445],[19.46817,51.78428],[19.47683,51.78121],[19.47691,51.78086],[19.46818,51.78009],[19.46931,51.77473],[19.46924,51.77437],[19.46904,51.77393],[19.46897,51.77356],[19.46953,51.77184]]},"properties":{"line":"85A","dir":"0","mode":"bus"}},{"type":"Feature","geometry":{"type":"LineString","coordinates":[[19.46099,51.80069],[19.45937,51.78851],[19.46019,51.78465],[19.46358,51.7853],[19.46439,51.78534],[19.46684,51.78586],[19.46763,51.78602],[19.4676,51.7859],[19.46755,51.78559],[19.46755,51.78549],[19.46756,51.78507],[19.46752,51.78479],[19.4675,51.78466],[19.46753,51.78457],[19.46773,51.78445],[19.46817,51.78428],[19.47683,51.78121],[19.47691,51.78086],[19.46818,51.78009],[19.46931,51.77473],[19.46924,51.77437],[19.46904,51.77393],[19.46897,51.77356],[19.46953,51.77184]]},"properties":{"line":"85A","dir":"1","mode":"bus"}},{"type":"Feature","geometry":{"type":"LineString","coordinates":[[19.46848,51.77035],[19.46812,51.77033],[19.46765,51.77028],[19.46745,51.77026],[19.46716,51.77021],[19.46703,51.77017],[19.46696,51.77009],[19.46683,51.77001],[19.46434,51.76959],[19.46346,51.77108],[19.46625,51.77136],[19.46683,51.77155],[19.46966,51.77185],[19.46904,51.77357],[19.46904,51.7739],[19.4693,51.77442],[19.46833,51.78007],[19.47689,51.78086],[19.47683,51.78126],[19.46797,51.7844],[19.46759,51.78462],[19.46765,51.78539],[19.46765,51.78613],[19.4663,51.78581],[19.46446,51.7854],[19.46345,51.78533],[19.46255,51.78516],[19.46099,51.78495],[19.4606,51.7849],[19.46034,51.78488],[19.4601,51.78542],[19.45964,51.78755],[19.45946,51.78847],[19.46106,51.80072],[19.46585,51.80056],[19.46608,51.80307],[19.46628,51.8043],[19.46624,51.80446],[19.46609,51.80455],[19.46831,51.80545],[19.47152,51.80686],[19.47214,51.80706],[19.47252,51.80729],[19.4727,51.80742],[19.47281,51.80995],[19.47293,51.81018],[19.47289,51.81047],[19.47313,51.8129],[19.47327,51.81317],[19.47324,51.81362],[19.47404,51.82087],[19.47458,51.82105],[19.47451,51.82123]]},"properties":{"line":"85B","dir":"0","mode":"bus"}},{"type":"Feature","geometry":{"type":"LineString","coordinates":[[19.47431,51.82132],[19.4742,51.82132],[19.47403,51.82132],[19.47403,51.82123],[19.47256,51.80776],[19.47258,51.80758],[19.47266,51.80742],[19.47238,51.80723],[19.47205,51.80706],[19.47171,51.80697],[19.4715,51.80691],[19.46609,51.80455],[19.46617,51.80441],[19.46587,51.80072],[19.45766,51.80102],[19.45751,51.80083],[19.46099,51.80069],[19.45937,51.78851],[19.46019,51.78465],[19.46358,51.7853],[19.46439,51.78534],[19.46684,51.78586],[19.46763,51.78602],[19.4676,51.7859],[19.46755,51.78559],[19.46755,51.78549],[19.46756,51.78507],[19.46752,51.78479],[19.4675,51.78466],[19.46753,51.78457],[19.46773,51.78445],[19.46817,51.78428],[19.47683,51.78121],[19.47691,51.78086],[19.46818,51.78009],[19.46931,51.77473],[19.46924,51.77437],[19.46904,51.77393],[19.46897,51.77356],[19.46953,51.77184]]},"properties":{"line":"85B","dir":"1","mode":"bus"}},{"type":"Feature","geometry":{"type":"LineString","coordinates":[[19.38329,51.74733],[19.38325,51.74731],[19.3829,51.74715],[19.38207,51.7468],[19.38169,51.74663],[19.38153,51.74655],[19.38144,51.74651],[19.38137,51.74645],[19.38131,51.74637],[19.3813,51.74637],[19.38125,51.74628],[19.38117,51.74618],[19.38117,51.7461],[19.38117,51.74605],[19.3812,51.746],[19.3813,51.74574],[19.38149,51.74526],[19.38168,51.74478],[19.3819,51.74417],[19.38205,51.74369],[19.38213,51.7436],[19.38219,51.74337],[19.38237,51.74297],[19.38242,51.74288],[19.38263,51.74233],[19.38268,51.74221],[19.38288,51.7418],[19.3841,51.74],[19.38415,51.7399],[19.38463,51.73926],[19.38615,51.73705],[19.38619,51.73696],[19.38644,51.73659],[19.38652,51.73647],[19.38655,51.73633],[19.38719,51.73637],[19.38904,51.73651],[19.39119,51.73686],[19.39123,51.73683],[19.3913,51.73689],[19.39227,51.73716],[19.39421,51.73767],[19.39617,51.73828],[19.3965,51.73836],[19.39801,51.7388],[19.3981,51.7388],[19.39816,51.73885],[19.39919,51.73917],[19.39974,51.7393],[19.40027,51.73954],[19.40204,51.74026],[19.4036,51.74077],[19.40499,51.74113],[19.40626,51.74134],[19.40637,51.74132],[19.4065,51.7414],[19.40693,51.74144],[19.40791,51.74158],[19.40813,51.7416],[19.40916,51.7417],[19.40965,51.7418],[19.40994,51.74185],[19.412,51.7424],[19.41232,51.7425],[19.41348,51.74283],[19.4136,51.74285],[19.41383,51.74287],[19.4141,51.74288],[19.41463,51.74295],[19.41496,51.74297],[19.4152,51.74303],[19.41536,51.74303],[19.41555,51.74311],[19.4166,51.74363],[19.41705,51.74394],[19.41713,51.744],[19.41722,51.74403],[19.41763,51.74438],[19.41786,51.74454],[19.41814,51.74473],[19.41841,51.74486],[19.41861,51.74501],[19.41878,51.74509],[19.41894,51.74517],[19.4198,51.74545],[19.42021,51.74555],[19.41997,51.74597],[19.41968,51.74645],[19.41956,51.74673],[19.41967,51.74673],[19.41939,51.74713],[19.41918,51.74763],[19.41913,51.74769],[19.41906,51.74793],[19.41894,51.74817],[19.41876,51.74867],[19.41869,51.74884],[19.41864,51.74898],[19.41863,51.74907],[19.41861,51.74919],[19.41861,51.74932],[19.41863,51.74944],[19.41869,51.7497],[19.41875,51.74983],[19.41885,51.74999],[19.41906,51.75027],[19.41917,51.7504],[19.4192,51.7504],[19.41985,51.75131],[19.42053,51.75232],[19.42119,51.75325],[19.42135,51.75344],[19.42164,51.75371],[19.42176,51.75384],[19.42229,51.75477],[19.42251,51.75494],[19.42278,51.75519],[19.42292,51.75528],[19.42305,51.75537],[19.42329,51.75547],[19.42332,51.75548],[19.4235,51.75555],[19.42362,51.75558],[19.42372,51.7556],[19.42392,51.75566],[19.42409,51.75569],[19.42429,51.75574],[19.42461,51.75576],[19.42484,51.75578],[19.42523,51.75578],[19.42551,51.75575],[19.42598,51.75569],[19.42611,51.75566],[19.42651,51.7556],[19.42673,51.75558],[19.42696,51.75551],[19.42814,51.75542],[19.42923,51.75542],[19.43026,51.75542],[19.43112,51.75549],[19.43153,51.75554],[19.43162,51.75555],[19.43184,51.75563],[19.43199,51.75569],[19.43218,51.75573],[19.43265,51.75575],[19.43444,51.75597],[19.4346,51.75601],[19.43471,51.75608],[19.4348,51.75617],[19.4348,51.75627],[19.44409,51.76065],[19.446,51.76141],[19.44652,51.76159],[19.44747,51.76194],[19.44767,51.76218],[19.446,51.76965],[19.44897,51.76992],[19.44813,51.77409],[19.45783,51.77494],[19.45849,51.77499],[19.46282,51.77536],[19.47475,51.77641],[19.47725,51.7766],[19.47769,51.77642],[19.4768,51.77579],[19.4768,51.77578],[19.47674,51.77566],[19.47531,51.77429],[19.4742,51.77333],[19.47295,51.77232],[19.47274,51.77205],[19.47259,51.77169],[19.47253,51.77116],[19.47269,51.77028],[19.47253,51.77016]]},"properties":{"line":"86","dir":"0","mode":"bus"}},{"type":"Feature","geometry":{"type":"LineString","coordinates":[[19.46848,51.77035],[19.46812,51.77033],[19.46765,51.77028],[19.46745,51.77026],[19.46716,51.77021],[19.46703,51.77017],[19.46696,51.77009],[19.46683,51.77001],[19.46561,51.76979],[19.46556,51.76977],[19.46549,51.76978],[19.46539,51.76979],[19.46529,51.76981],[19.46521,51.76981],[19.46514,51.76981],[19.46489,51.76981],[19.46483,51.76981],[19.46474,51.76979],[19.46431,51.76971],[19.46426,51.7697],[19.4642,51.76971],[19.46415,51.76971],[19.46407,51.76974],[19.46403,51.76976],[19.46339,51.77103],[19.46339,51.77108],[19.46343,51.77109],[19.46591,51.77131],[19.46615,51.77133],[19.46641,51.77138],[19.46651,51.77144],[19.46669,51.77157],[19.46623,51.77353],[19.46624,51.77357],[19.46625,51.77362],[19.44851,51.77202],[19.44893,51.76997],[19.44587,51.76969],[19.4475,51.76236],[19.44757,51.76221],[19.44757,51.76217],[19.4476,51.76204],[19.44715,51.76186],[19.446,51.76141],[19.44319,51.76026],[19.4431,51.76032],[19.44258,51.76006],[19.44007,51.75906],[19.43472,51.75721],[19.43442,51.7573],[19.43392,51.75797],[19.43344,51.75781],[19.43375,51.75727],[19.43396,51.75686],[19.43395,51.75686],[19.4342,51.75639],[19.43433,51.75621],[19.43399,51.75614],[19.43283,51.75595],[19.4318,51.75587],[19.43176,51.75585],[19.42982,51.75574],[19.42858,51.75575],[19.42737,51.75578],[19.42655,51.75592],[19.42625,51.75597],[19.42542,51.75609],[19.42513,51.75612],[19.42467,51.75614],[19.42458,51.75614],[19.42439,51.75612],[19.4242,51.75611],[19.42391,51.75605],[19.42382,51.75603],[19.42371,51.756],[19.42361,51.75597],[19.42341,51.7559],[19.42336,51.75587],[19.4232,51.75578],[19.42301,51.75572],[19.42296,51.75566],[19.42279,51.75558],[19.42266,51.75547],[19.42245,51.75527],[19.42214,51.75488],[19.42138,51.75386],[19.4212,51.75389],[19.42115,51.75352],[19.4209,51.75326],[19.41968,51.75155],[19.41955,51.75137],[19.41938,51.75112],[19.41889,51.75049],[19.41866,51.75019],[19.41861,51.75011],[19.41857,51.75004],[19.41831,51.74966],[19.41819,51.74941],[19.41814,51.74925],[19.4181,51.74907],[19.4181,51.74889],[19.41813,51.74869],[19.41816,51.74858],[19.41832,51.74828],[19.41857,51.74763],[19.41864,51.74756],[19.41882,51.747],[19.419,51.74659],[19.41928,51.74602],[19.41931,51.74586],[19.41931,51.74572],[19.41921,51.74559],[19.41799,51.74482],[19.41696,51.7443],[19.41594,51.74402],[19.41525,51.74375],[19.41473,51.74348],[19.4141,51.7431],[19.41179,51.74243],[19.41112,51.74213],[19.41073,51.74202],[19.41043,51.74195],[19.40994,51.74185],[19.40965,51.7418],[19.40937,51.74177],[19.40916,51.74173],[19.40893,51.74171],[19.40784,51.74162],[19.40699,51.74153],[19.40656,51.7415],[19.40636,51.74144],[19.40605,51.74142],[19.40559,51.74133],[19.40531,51.74128],[19.40515,51.74125],[19.40485,51.74115],[19.40424,51.74099],[19.40406,51.74095],[19.40402,51.74099],[19.40358,51.74081],[19.40299,51.74063],[19.40245,51.74045],[19.4021,51.74034],[19.40107,51.73993],[19.40102,51.73991],[19.40041,51.73964],[19.39979,51.7394],[19.39951,51.7393],[19.39908,51.73919],[19.39783,51.7388],[19.39745,51.73872],[19.39722,51.73864],[19.39642,51.73839],[19.39613,51.7383],[19.39416,51.73774],[19.39226,51.73716],[19.39142,51.73696],[19.39082,51.73678],[19.39049,51.73675],[19.39046,51.73678],[19.39023,51.73669],[19.38984,51.73664],[19.38976,51.73663],[19.38944,51.73674],[19.38929,51.73678],[19.38923,51.73685],[19.38913,51.73689],[19.38903,51.73696],[19.38894,51.73703],[19.3888,51.73712],[19.38832,51.73713],[19.38814,51.73714],[19.38802,51.73714],[19.38784,51.73716],[19.38717,51.73721],[19.3861,51.73734],[19.38601,51.73732],[19.38563,51.73792],[19.38468,51.73927],[19.3841,51.74008],[19.38407,51.74024],[19.3839,51.74036],[19.38384,51.74045],[19.38384,51.74052],[19.38381,51.74065],[19.38376,51.74079],[19.38366,51.74101],[19.38356,51.74117],[19.38338,51.74144],[19.38317,51.74175],[19.383,51.74207],[19.38277,51.74252],[19.38266,51.74279],[19.38259,51.74297],[19.38253,51.74303],[19.38248,51.74317],[19.38229,51.74342],[19.38216,51.74362],[19.38212,51.74375],[19.38203,51.74403],[19.38192,51.74418],[19.38168,51.74478],[19.38149,51.74526],[19.3813,51.74574],[19.3812,51.746],[19.38117,51.7461],[19.3813,51.74637],[19.38137,51.74645],[19.38144,51.74651],[19.38153,51.74655],[19.38169,51.74663],[19.38205,51.74678],[19.38291,51.74713],[19.38338,51.74733]]},"properties":{"line":"86","dir":"1","mode":"bus"}},{"type":"Feature","geometry":{"type":"LineString","coordinates":[[19.49944,51.78961],[19.49932,51.7894],[19.49887,51.78935],[19.49808,51.78924],[19.49767,51.78917],[19.49761,51.78917],[19.49532,51.78895],[19.49373,51.78873],[19.49224,51.78846],[19.49214,51.78847],[19.49199,51.78805],[19.49196,51.78784],[19.49111,51.78337],[19.49045,51.78344],[19.48977,51.78337],[19.48864,51.78323],[19.48928,51.78046],[19.4896,51.77884],[19.48973,51.77817],[19.48168,51.77907],[19.48163,51.77915],[19.48172,51.77947],[19.48154,51.77982],[19.47793,51.78092],[19.46818,51.78009],[19.46872,51.77801],[19.46234,51.77747],[19.46214,51.77747],[19.46188,51.77741],[19.46183,51.77766],[19.46164,51.77848],[19.4614,51.77963],[19.45191,51.77877],[19.45089,51.78192],[19.44853,51.78214],[19.44827,51.78213],[19.4479,51.78207],[19.44564,51.78165],[19.44487,51.78153],[19.44423,51.78142],[19.4393,51.78061],[19.43824,51.78059],[19.43888,51.77703],[19.43891,51.77652],[19.43405,51.77516],[19.42781,51.77364],[19.4276,51.77368],[19.42747,51.77377],[19.42726,51.77439],[19.42744,51.77726],[19.42696,51.78075],[19.42625,51.78255],[19.42642,51.78451],[19.42649,51.78563],[19.4267,51.78609],[19.42748,51.78703],[19.42818,51.78793],[19.42664,51.78833],[19.42623,51.78844],[19.42574,51.78854],[19.42563,51.78859],[19.42504,51.78872],[19.42447,51.78889],[19.42409,51.78899],[19.42354,51.78913],[19.42335,51.78922],[19.42083,51.78989],[19.42105,51.7862],[19.42016,51.78619]]},"properties":{"line":"87A","dir":"0","mode":"bus"}},{"type":"Feature","geometry":{"type":"LineString","coordinates":[[19.41827,51.78661],[19.41935,51.78872],[19.4197,51.7894],[19.41994,51.78989],[19.41998,51.79006],[19.42126,51.78969],[19.42329,51.78917],[19.42354,51.78913],[19.42409,51.78899],[19.42447,51.78889],[19.42504,51.78872],[19.42563,51.78859],[19.42574,51.78854],[19.42623,51.78844],[19.42664,51.78833],[19.42702,51.78823],[19.42771,51.78802],[19.42818,51.78793],[19.42651,51.78566],[19.42625,51.78253],[19.42673,51.78117],[19.42739,51.77775],[19.42739,51.77641],[19.42748,51.77347],[19.43654,51.77576],[19.4421,51.77774],[19.44277,51.77793],[19.44325,51.77797],[19.44407,51.77793],[19.45042,51.77847],[19.45103,51.77846],[19.45155,51.77852],[19.45173,51.77798],[19.45187,51.77717],[19.452,51.7766],[19.45201,51.77656],[19.45201,51.77654],[19.45202,51.77653],[19.45202,51.7765],[19.45245,51.77449],[19.45257,51.77449],[19.45261,51.77449],[19.4527,51.77449],[19.45783,51.77494],[19.45849,51.77499],[19.46243,51.77533],[19.46198,51.77708],[19.46169,51.77833],[19.46151,51.77906],[19.46153,51.77947],[19.47793,51.78092],[19.48157,51.77977],[19.48122,51.77948],[19.48107,51.7792],[19.48111,51.77882],[19.48171,51.77893],[19.48539,51.77859],[19.48557,51.77858],[19.48768,51.77835],[19.48876,51.77823],[19.48978,51.77816],[19.48865,51.78321],[19.48921,51.78328],[19.4905,51.78341],[19.49115,51.78337],[19.49129,51.78374],[19.49217,51.78802],[19.49214,51.78847],[19.49376,51.78877],[19.49529,51.78885],[19.49932,51.7894]]},"properties":{"line":"87A","dir":"1","mode":"bus"}},{"type":"Feature","geometry":{"type":"LineString","coordinates":[[19.50927,51.78264],[19.50956,51.78264],[19.5095,51.78225],[19.50312,51.78276],[19.50257,51.78282],[19.50227,51.78284],[19.50186,51.78275],[19.50125,51.78284],[19.50045,51.78296],[19.49926,51.78293],[19.49586,51.78272],[19.49481,51.78282],[19.49434,51.78289],[19.4913,51.78336],[19.49092,51.78345],[19.49052,51.78348],[19.48864,51.78323],[19.48928,51.78046],[19.4896,51.77884],[19.48973,51.77817],[19.48168,51.77907],[19.48163,51.77915],[19.48172,51.77947],[19.48154,51.77982],[19.47793,51.78092],[19.46818,51.78009],[19.46872,51.77801],[19.46234,51.77747],[19.46214,51.77747],[19.46188,51.77741],[19.46183,51.77766],[19.46164,51.77848],[19.4614,51.77963],[19.45191,51.77877],[19.45089,51.78192],[19.44853,51.78214],[19.44827,51.78213],[19.4479,51.78207],[19.44564,51.78165],[19.44487,51.78153],[19.44423,51.78142],[19.4393,51.78061],[19.43824,51.78059],[19.43888,51.77703],[19.43891,51.77652],[19.43405,51.77516],[19.42781,51.77364],[19.4276,51.77368],[19.42747,51.77377],[19.42726,51.77439],[19.42744,51.77726],[19.42696,51.78075],[19.42625,51.78255],[19.42642,51.78451],[19.42649,51.78563],[19.4267,51.78609],[19.42748,51.78703],[19.42818,51.78793],[19.42664,51.78833],[19.42623,51.78844],[19.42574,51.78854],[19.42563,51.78859],[19.42504,51.78872],[19.42447,51.78889],[19.42409,51.78899],[19.42354,51.78913],[19.42335,51.78922],[19.42083,51.78989],[19.42105,51.7862],[19.42016,51.78619]]},"properties":{"line":"87B","dir":"0","mode":"bus"}},{"type":"Feature","geometry":{"type":"LineString","coordinates":[[19.41827,51.78661],[19.41935,51.78872],[19.4197,51.7894],[19.41994,51.78989],[19.41998,51.79006],[19.42126,51.78969],[19.42329,51.78917],[19.42354,51.78913],[19.42409,51.78899],[19.42447,51.78889],[19.42504,51.78872],[19.42563,51.78859],[19.42574,51.78854],[19.42623,51.78844],[19.42664,51.78833],[19.42702,51.78823],[19.42771,51.78802],[19.42818,51.78793],[19.42651,51.78566],[19.42625,51.78253],[19.42673,51.78117],[19.42739,51.77775],[19.42739,51.77641],[19.42748,51.77347],[19.43654,51.77576],[19.4421,51.77774],[19.44277,51.77793],[19.44325,51.77797],[19.44407,51.77793],[19.45042,51.77847],[19.45103,51.77846],[19.45155,51.77852],[19.45173,51.77798],[19.45187,51.77717],[19.452,51.7766],[19.45201,51.77656],[19.45201,51.77654],[19.45202,51.77653],[19.45202,51.7765],[19.45245,51.77449],[19.45257,51.77449],[19.45261,51.77449],[19.4527,51.77449],[19.45783,51.77494],[19.45849,51.77499],[19.46243,51.77533],[19.46198,51.77708],[19.46169,51.77833],[19.46151,51.77906],[19.46153,51.77947],[19.47793,51.78092],[19.48157,51.77977],[19.48122,51.77948],[19.48107,51.7792],[19.48111,51.77882],[19.48171,51.77893],[19.48539,51.77859],[19.48557,51.77858],[19.48768,51.77835],[19.48876,51.77823],[19.48978,51.77816],[19.48868,51.78317],[19.49046,51.78338],[19.49317,51.78299],[19.49503,51.78273],[19.49546,51.78268],[19.49559,51.78268],[19.49576,51.78268],[19.49737,51.78278],[19.49875,51.78285],[19.49885,51.78285],[19.49928,51.78287],[19.4999,51.78291],[19.50003,51.78291],[19.50016,51.78291],[19.50029,51.78291],[19.50073,51.78288],[19.50099,51.78287],[19.50122,51.78282],[19.50194,51.78273],[19.50223,51.78273],[19.50228,51.78273],[19.50275,51.78273],[19.50296,51.78273],[19.50951,51.78219]]},"properties":{"line":"87B","dir":"1","mode":"bus"}},{"type":"Feature","geometry":{"type":"LineString","coordinates":[[19.47162,51.77004],[19.47234,51.77003],[19.47272,51.77003],[19.47286,51.77009],[19.47296,51.77022],[19.47282,51.77043],[19.47269,51.77078],[19.47266,51.77108],[19.47266,51.77143],[19.47271,51.77167],[19.47277,51.77179],[19.47294,51.77202],[19.4731,51.77217],[19.47361,51.77258],[19.47409,51.77296],[19.47675,51.77542],[19.47685,51.77553],[19.47753,51.77611],[19.47757,51.77615],[19.47785,51.77638],[19.47816,51.77663],[19.47869,51.77699],[19.47913,51.77735],[19.47976,51.77792],[19.48031,51.77843],[19.48046,51.77859],[19.48055,51.77868],[19.48058,51.7787],[19.4806,51.7787],[19.48063,51.77874],[19.48068,51.77876],[19.48072,51.77877],[19.48073,51.77878],[19.48079,51.77879],[19.48111,51.77882],[19.48158,51.77892],[19.48157,51.77897],[19.48158,51.77904],[19.48159,51.77909],[19.4816,51.77913],[19.48168,51.77939],[19.4817,51.77942],[19.48178,51.77958],[19.48182,51.77965],[19.48187,51.77974],[19.48191,51.77981],[19.482,51.77987],[19.48203,51.77992],[19.48217,51.78005],[19.48238,51.78027],[19.48254,51.78038],[19.48265,51.78055],[19.48273,51.78066],[19.48281,51.7808],[19.48282,51.7808],[19.48284,51.78093],[19.48294,51.78108],[19.48298,51.78119],[19.48304,51.78129],[19.48311,51.78173],[19.48309,51.78192],[19.4831,51.78201],[19.48313,51.78268],[19.48313,51.78327],[19.4832,51.78366],[19.48323,51.78451],[19.4833,51.78531],[19.48332,51.78555],[19.48332,51.78557],[19.48337,51.78573],[19.48342,51.78591],[19.4835,51.78609],[19.48358,51.78631],[19.48367,51.78646],[19.48379,51.78667],[19.48398,51.78691],[19.4841,51.78707],[19.48423,51.78722],[19.4845,51.78754],[19.48618,51.78944],[19.48833,51.79176],[19.48853,51.79204],[19.48922,51.79226],[19.48988,51.79229],[19.49543,51.79383],[19.49611,51.79405],[19.4968,51.79424],[19.49916,51.79489],[19.50021,51.79518],[19.50109,51.79543],[19.50157,51.79552],[19.50165,51.79558],[19.50262,51.79579],[19.50275,51.79579],[19.50303,51.79587],[19.50309,51.79589],[19.50335,51.79594],[19.50376,51.79599],[19.50404,51.79604],[19.50441,51.79608],[19.50519,51.79615],[19.50635,51.79622],[19.5065,51.79622],[19.50697,51.79626],[19.50713,51.79622],[19.50716,51.79622],[19.5072,51.79622],[19.50724,51.7962],[19.5073,51.7962],[19.50735,51.7962],[19.50748,51.7962],[19.50772,51.7962],[19.50844,51.79622],[19.50938,51.79622],[19.51133,51.79633],[19.51185,51.79633],[19.51291,51.79642],[19.51297,51.79642],[19.51304,51.79642],[19.5131,51.79642],[19.51325,51.79647],[19.51359,51.79649],[19.51423,51.79651],[19.51476,51.79653],[19.51491,51.79653],[19.51511,51.79653],[19.51551,51.79656],[19.51582,51.79656],[19.51624,51.79658],[19.51639,51.79659],[19.51645,51.79659],[19.5165,51.7966],[19.51658,51.7966],[19.51667,51.79665],[19.51673,51.79666],[19.51678,51.79668],[19.51685,51.79668],[19.51694,51.79674],[19.51701,51.79676],[19.51782,51.79678],[19.5187,51.79682],[19.51922,51.79684],[19.51955,51.79684],[19.51985,51.79683],[19.52014,51.79682],[19.52048,51.7968],[19.52061,51.79678],[19.5211,51.79676],[19.52223,51.79668],[19.52253,51.79667],[19.52419,51.79657],[19.52448,51.79655],[19.52473,51.79653],[19.52494,51.79651],[19.52527,51.79648],[19.52569,51.79644],[19.52579,51.79643],[19.52621,51.79639],[19.5263,51.79639],[19.5265,51.79637],[19.52705,51.79632],[19.52789,51.79626],[19.52785,51.7964],[19.52788,51.7965],[19.528,51.79695],[19.52811,51.79729],[19.52832,51.79787],[19.52914,51.79999],[19.52967,51.80134],[19.52993,51.80188],[19.53006,51.80199],[19.53012,51.80201],[19.53018,51.802],[19.53034,51.80201],[19.53043,51.80208],[19.53042,51.80218],[19.53033,51.80224],[19.53028,51.80229],[19.5303,51.80243],[19.5306,51.80373],[19.53158,51.80686],[19.53164,51.80685],[19.53178,51.80687],[19.53332,51.80698],[19.5352,51.80724],[19.53537,51.80728],[19.5356,51.80733],[19.53555,51.80748],[19.53472,51.8093],[19.53462,51.80951],[19.53444,51.80987],[19.53378,51.81205],[19.53362,51.81396],[19.53359,51.81453],[19.53357,51.81463],[19.53346,51.81471]]},"properties":{"line":"88A","dir":"0","mode":"bus"}},{"type":"Feature","geometry":{"type":"LineString","coordinates":[[19.53321,51.81471],[19.53312,51.81467],[19.53306,51.81461],[19.53306,51.81454],[19.53306,51.81447],[19.53309,51.81442],[19.53332,51.81434],[19.53348,51.81429],[19.5336,51.8143],[19.53357,51.81421],[19.53374,51.81228],[19.53378,51.81197],[19.53413,51.8107],[19.53437,51.80988],[19.53446,51.80979],[19.53451,51.80967],[19.53456,51.80956],[19.53471,51.80925],[19.53489,51.80889],[19.53543,51.80773],[19.53553,51.80751],[19.53553,51.80748],[19.53554,51.80745],[19.53553,51.80741],[19.5356,51.80733],[19.53549,51.80735],[19.53546,51.80733],[19.53543,51.80731],[19.53539,51.8073],[19.53535,51.80729],[19.53531,51.80727],[19.53521,51.80726],[19.53436,51.80713],[19.53372,51.80704],[19.53353,51.80702],[19.53332,51.80699],[19.53301,51.80696],[19.5324,51.80692],[19.5322,51.80691],[19.53212,51.8069],[19.53171,51.80688],[19.53158,51.80686],[19.53154,51.80682],[19.53149,51.80675],[19.53081,51.80447],[19.53072,51.80429],[19.53048,51.8034],[19.53027,51.80239],[19.53023,51.80227],[19.53018,51.80225],[19.53006,51.8022],[19.53002,51.80214],[19.53003,51.80209],[19.53005,51.80204],[19.53,51.80196],[19.5299,51.80187],[19.5298,51.80173],[19.52964,51.80142],[19.52912,51.79996],[19.52832,51.79787],[19.52811,51.79729],[19.528,51.79695],[19.52788,51.7965],[19.52785,51.7964],[19.52789,51.79626],[19.52705,51.79632],[19.5265,51.79637],[19.5263,51.79639],[19.52621,51.79639],[19.52579,51.79643],[19.52569,51.79644],[19.52527,51.79648],[19.52494,51.79651],[19.52473,51.79653],[19.52448,51.79655],[19.52419,51.79657],[19.52409,51.79658],[19.52371,51.7966],[19.52329,51.79662],[19.52328,51.79662],[19.52309,51.79663],[19.5231,51.79668],[19.52272,51.79666],[19.52255,51.79666],[19.52223,51.79668],[19.52169,51.79668],[19.5211,51.79676],[19.52061,51.79678],[19.52048,51.7968],[19.52014,51.79682],[19.51985,51.79683],[19.51955,51.79684],[19.51922,51.79684],[19.5187,51.79682],[19.51782,51.79678],[19.51701,51.79676],[19.51659,51.79675],[19.51612,51.79673],[19.51569,51.79668],[19.5153,51.79668],[19.51509,51.79668],[19.5149,51.79669],[19.51398,51.79665],[19.51312,51.7966],[19.51128,51.79656],[19.51023,51.79653],[19.50966,51.79651],[19.50866,51.79647],[19.50791,51.79642],[19.50662,51.79639],[19.50579,51.79637],[19.50504,51.79631],[19.50468,51.79622],[19.50429,51.79622],[19.50353,51.79611],[19.50299,51.79603],[19.50275,51.79599],[19.50252,51.79595],[19.50196,51.79579],[19.50178,51.79577],[19.50133,51.79567],[19.50113,51.79561],[19.49974,51.79525],[19.49933,51.79513],[19.49833,51.79485],[19.49783,51.79472],[19.4974,51.79455],[19.49652,51.79435],[19.49644,51.79433],[19.49547,51.79407],[19.49523,51.79399],[19.49501,51.7939],[19.49434,51.79365],[19.49261,51.79317],[19.49145,51.79278],[19.4895,51.79235],[19.48834,51.79218],[19.48773,51.79151],[19.48636,51.79007],[19.4843,51.78759],[19.48356,51.78662],[19.48329,51.78613],[19.4832,51.78581],[19.48313,51.78558],[19.4831,51.7854],[19.48292,51.78273],[19.4828,51.7812],[19.48248,51.78071],[19.48201,51.7803],[19.48157,51.77977],[19.4814,51.7796],[19.48128,51.77951],[19.48122,51.77948],[19.48112,51.77942],[19.48106,51.77938],[19.48096,51.77929],[19.48072,51.77904],[19.48069,51.77901],[19.48066,51.77897],[19.47931,51.77776],[19.4789,51.77735],[19.47869,51.77718],[19.47842,51.77698],[19.47835,51.77689],[19.47773,51.77644],[19.47741,51.77623],[19.4768,51.77578],[19.47674,51.77566],[19.47531,51.77429],[19.4742,51.77333],[19.47312,51.7725],[19.47297,51.77232],[19.47286,51.77217]]},"properties":{"line":"88A","dir":"1","mode":"bus"}},{"type":"Feature","geometry":{"type":"LineString","coordinates":[[19.47162,51.77004],[19.47234,51.77003],[19.47272,51.77003],[19.47286,51.77009],[19.47296,51.77022],[19.47282,51.77043],[19.47269,51.77078],[19.47266,51.77108],[19.47266,51.77143],[19.47271,51.77167],[19.47277,51.77179],[19.47294,51.77202],[19.4731,51.77217],[19.47361,51.77258],[19.47409,51.77296],[19.47675,51.77542],[19.47685,51.77553],[19.47753,51.77611],[19.47757,51.77615],[19.47785,51.77638],[19.47816,51.77663],[19.47869,51.77699],[19.47913,51.77735],[19.47976,51.77792],[19.48031,51.77843],[19.48046,51.77859],[19.48055,51.77868],[19.48058,51.7787],[19.4806,51.7787],[19.48063,51.77874],[19.48068,51.77876],[19.48072,51.77877],[19.48073,51.77878],[19.48079,51.77879],[19.48111,51.77882],[19.48158,51.77892],[19.48157,51.77897],[19.48158,51.77904],[19.48159,51.77909],[19.4816,51.77913],[19.48168,51.77939],[19.4817,51.77942],[19.48178,51.77958],[19.48182,51.77965],[19.48187,51.77974],[19.48191,51.77981],[19.482,51.77987],[19.48203,51.77992],[19.48217,51.78005],[19.48238,51.78027],[19.48254,51.78038],[19.48265,51.78055],[19.48273,51.78066],[19.48281,51.7808],[19.48282,51.7808],[19.48284,51.78093],[19.48294,51.78108],[19.48298,51.78119],[19.48304,51.78129],[19.48311,51.78173],[19.48309,51.78192],[19.4831,51.78201],[19.48313,51.78268],[19.48313,51.78327],[19.4832,51.78366],[19.48323,51.78451],[19.4833,51.78531],[19.48332,51.78555],[19.48332,51.78557],[19.48337,51.78573],[19.48342,51.78591],[19.4835,51.78609],[19.48358,51.78631],[19.48367,51.78646],[19.48379,51.78667],[19.48398,51.78691],[19.4841,51.78707],[19.48423,51.78722],[19.4845,51.78754],[19.48618,51.78944],[19.48833,51.79176],[19.48853,51.79204],[19.48922,51.79226],[19.48988,51.79229],[19.49543,51.79383],[19.49611,51.79405],[19.4968,51.79424],[19.49916,51.79489],[19.50021,51.79518],[19.50109,51.79543],[19.50157,51.79552],[19.50165,51.79558],[19.50262,51.79579],[19.50275,51.79579],[19.50303,51.79587],[19.50309,51.79589],[19.50335,51.79594],[19.50376,51.79599],[19.50404,51.79604],[19.50441,51.79608],[19.50519,51.79615],[19.50635,51.79622],[19.5065,51.79622],[19.50697,51.79626],[19.50713,51.79622],[19.50716,51.79622],[19.5072,51.79622],[19.50724,51.7962],[19.5073,51.7962],[19.50735,51.7962],[19.50748,51.7962],[19.50772,51.7962],[19.50844,51.79622],[19.50938,51.79622],[19.51133,51.79633],[19.51185,51.79633],[19.51291,51.79642],[19.51297,51.79642],[19.51304,51.79642],[19.5131,51.79642],[19.51325,51.79647],[19.51359,51.79649],[19.51423,51.79651],[19.51476,51.79653],[19.51491,51.79653],[19.51511,51.79653],[19.51551,51.79656],[19.51582,51.79656],[19.51624,51.79658],[19.51639,51.79659],[19.51645,51.79659],[19.5165,51.7966],[19.51658,51.7966],[19.51667,51.79665],[19.51673,51.79666],[19.51678,51.79668],[19.51685,51.79668],[19.51694,51.79674],[19.51701,51.79676],[19.51782,51.79678],[19.5187,51.79682],[19.51922,51.79684],[19.51955,51.79684],[19.51985,51.79683],[19.52014,51.79682],[19.52048,51.7968],[19.52061,51.79678],[19.5211,51.79676],[19.52223,51.79668],[19.52251,51.79666],[19.52409,51.79658],[19.52419,51.79657],[19.52448,51.79653],[19.52473,51.79653],[19.52494,51.79651],[19.52525,51.79648],[19.52569,51.79642],[19.52578,51.79642],[19.52621,51.79639],[19.5263,51.79639],[19.52649,51.79637],[19.52705,51.79632],[19.5278,51.79622],[19.52792,51.79622],[19.52818,51.79622],[19.52872,51.7962],[19.52881,51.7962],[19.52921,51.79615],[19.52971,51.79615],[19.53009,51.79615],[19.53014,51.79615],[19.53076,51.79612],[19.53256,51.79605],[19.5334,51.79599],[19.53406,51.79599],[19.53405,51.7959],[19.53466,51.79596],[19.53468,51.79603],[19.53469,51.79608],[19.535,51.797],[19.53502,51.79705],[19.5351,51.79736],[19.53526,51.79783],[19.53531,51.79804],[19.5354,51.79827],[19.53553,51.79844],[19.53559,51.79853],[19.53576,51.7987],[19.536,51.79891],[19.53644,51.79925],[19.53647,51.79923],[19.53656,51.79937],[19.53689,51.79964],[19.538,51.80064],[19.53831,51.8009],[19.5392,51.80169],[19.53968,51.80208],[19.53991,51.80227],[19.54038,51.80261],[19.54207,51.80383],[19.54262,51.80423],[19.54278,51.80436],[19.54298,51.80453],[19.54323,51.80477],[19.54345,51.80501],[19.54379,51.80538],[19.54412,51.80574],[19.5444,51.80605],[19.54492,51.80661],[19.54514,51.80684],[19.54524,51.80692],[19.54531,51.80701],[19.54545,51.80714],[19.54563,51.8073],[19.54569,51.80727],[19.54575,51.80737],[19.54591,51.80752],[19.54774,51.809],[19.54859,51.80966],[19.54872,51.80975],[19.54994,51.81063],[19.54999,51.81067],[19.55012,51.81076],[19.55017,51.81075],[19.55037,51.811],[19.5507,51.81131],[19.55096,51.81162],[19.5511,51.81175],[19.55125,51.8119],[19.55139,51.81201],[19.55151,51.81209],[19.5517,51.81223],[19.55196,51.8124],[19.55211,51.81245],[19.5522,51.81248],[19.55229,51.81251],[19.55239,51.81253],[19.55257,51.81254],[19.5528,51.81256],[19.55389,51.81259],[19.55399,51.81255],[19.55422,51.8126],[19.55455,51.81261],[19.55478,51.81262],[19.55487,51.81262],[19.55498,51.81263],[19.55508,51.81265],[19.55517,51.81265],[19.55524,51.81268],[19.5553,51.8127],[19.55539,51.81272],[19.55548,51.81277],[19.55566,51.81286],[19.55623,51.81323],[19.55693,51.81369],[19.55771,51.81418],[19.55865,51.81477],[19.56068,51.8161],[19.56102,51.81634],[19.56136,51.81658],[19.56149,51.81666],[19.56157,51.81674],[19.56178,51.81693],[19.56191,51.81711],[19.56195,51.81716],[19.56199,51.81721],[19.56202,51.81728],[19.56206,51.81738],[19.56208,51.81743],[19.56215,51.8178],[19.56224,51.81851],[19.56243,51.82],[19.56252,51.82079],[19.56253,51.82105],[19.56265,51.82207],[19.5628,51.82321],[19.56283,51.82342],[19.56285,51.82342],[19.56287,51.82378],[19.56289,51.82397],[19.56305,51.82508],[19.56308,51.82537],[19.56317,51.82627],[19.56323,51.82679],[19.5633,51.8272],[19.56462,51.8272],[19.56505,51.82718],[19.56505,51.82716],[19.56599,51.82718],[19.56632,51.82718],[19.56649,51.82718],[19.56663,51.8272],[19.56706,51.82727],[19.56872,51.82759],[19.56898,51.82763],[19.56938,51.8277],[19.56938,51.82768],[19.56968,51.82776],[19.57004,51.82758],[19.57217,51.82666],[19.57519,51.82492],[19.57406,51.8257],[19.57406,51.8257],[19.57451,51.82563],[19.57454,51.82561],[19.57612,51.82491],[19.578,51.82405],[19.57866,51.82375],[19.57923,51.8235],[19.57949,51.82339],[19.57969,51.82331],[19.57989,51.82325],[19.58016,51.82317],[19.58096,51.82295],[19.58163,51.82275],[19.58213,51.8226],[19.58289,51.82236],[19.58324,51.82226],[19.58343,51.8222],[19.58345,51.82219],[19.58352,51.82218],[19.58358,51.82217],[19.58364,51.82216],[19.58369,51.82217],[19.58374,51.82218],[19.58385,51.8222],[19.58393,51.82222],[19.58395,51.82222],[19.58405,51.82222],[19.58409,51.82222],[19.58412,51.82222],[19.5842,51.82221],[19.58423,51.82221],[19.58419,51.82213],[19.58419,51.82212],[19.5852,51.82202],[19.58629,51.82183],[19.58683,51.82175],[19.58705,51.82172],[19.58755,51.82164],[19.58876,51.82148],[19.58918,51.82141],[19.58942,51.82137],[19.58955,51.82134],[19.58995,51.82125],[19.61141,51.81642],[19.62018,51.81302],[19.62668,51.82069],[19.62668,51.82069],[19.62667,51.82079],[19.62676,51.82091],[19.62726,51.82149],[19.62745,51.82172],[19.62757,51.82187],[19.62765,51.822],[19.62771,51.82207],[19.62774,51.82216],[19.62774,51.82221],[19.62778,51.82229],[19.6278,51.82247],[19.62781,51.82281],[19.62781,51.82346],[19.62782,51.82423],[19.62782,51.82485],[19.62783,51.82523],[19.62785,51.82523],[19.62785,51.82523],[19.62779,51.82715],[19.63064,51.83225],[19.63066,51.8324],[19.63085,51.83278],[19.6311,51.83323],[19.63137,51.83377],[19.63158,51.83417],[19.63178,51.83455],[19.63206,51.83506],[19.63253,51.836],[19.63285,51.83659],[19.63299,51.83687],[19.6331,51.83712],[19.63331,51.83751],[19.63345,51.83779],[19.63353,51.83794],[19.63357,51.83809],[19.6336,51.8382],[19.63364,51.83834],[19.63364,51.83852],[19.63357,51.83886],[19.63346,51.8393],[19.63332,51.83984],[19.63326,51.84007],[19.63308,51.84054],[19.63295,51.84099],[19.63285,51.84133],[19.63276,51.84157],[19.63277,51.84157],[19.63478,51.84986],[19.63633,51.85273],[19.63875,51.85486],[19.63887,51.85481]]},"properties":{"line":"88B","dir":"0","mode":"bus"}},{"type":"Feature","geometry":{"type":"LineString","coordinates":[[19.63881,51.85486],[19.63654,51.85299],[19.63451,51.84971],[19.63277,51.8414],[19.63373,51.83826],[19.63041,51.83198],[19.62793,51.82709],[19.62775,51.8249],[19.62775,51.8249],[19.62784,51.82225],[19.62569,51.8197],[19.62569,51.8197],[19.62561,51.81952],[19.62518,51.81901],[19.62492,51.81871],[19.62456,51.81828],[19.62451,51.81822],[19.62398,51.81757],[19.62336,51.81684],[19.62189,51.81508],[19.62179,51.81497],[19.62106,51.81409],[19.62076,51.81373],[19.62017,51.81308],[19.61151,51.8165],[19.5886,51.82146],[19.58414,51.82216],[19.58364,51.82219],[19.57949,51.82335],[19.57612,51.82491],[19.5758,51.82465],[19.57519,51.82488],[19.57548,51.82518],[19.574,51.82575],[19.56968,51.82776],[19.56918,51.82768],[19.5671,51.82725],[19.56538,51.82722],[19.5633,51.8272],[19.56316,51.82578],[19.5627,51.82292],[19.56243,51.81931],[19.56219,51.81756],[19.56176,51.81685],[19.55521,51.81254],[19.55389,51.81259],[19.5529,51.81259],[19.55186,51.81237],[19.54967,51.81052],[19.54967,51.81052],[19.54548,51.80723],[19.54423,51.80571],[19.54148,51.80343],[19.53605,51.79903],[19.53343,51.79602],[19.53256,51.79605],[19.53076,51.79612],[19.53014,51.79615],[19.53009,51.79615],[19.52927,51.7962],[19.52705,51.79632],[19.52649,51.79637],[19.5263,51.79639],[19.52423,51.79659],[19.52373,51.79661],[19.5231,51.79668],[19.52272,51.79666],[19.52255,51.79666],[19.52223,51.79668],[19.52169,51.79668],[19.5211,51.79676],[19.52061,51.79678],[19.52048,51.7968],[19.52014,51.79682],[19.51985,51.79683],[19.51955,51.79684],[19.51922,51.79684],[19.5187,51.79682],[19.51782,51.79678],[19.51701,51.79676],[19.51659,51.79675],[19.51612,51.79673],[19.51569,51.79668],[19.5153,51.79668],[19.51509,51.79668],[19.5149,51.79669],[19.51398,51.79665],[19.51312,51.7966],[19.51128,51.79656],[19.51023,51.79653],[19.50966,51.79651],[19.50866,51.79647],[19.50791,51.79642],[19.50662,51.79639],[19.50579,51.79637],[19.50504,51.79631],[19.50468,51.79622],[19.50429,51.79622],[19.50353,51.79611],[19.50299,51.79603],[19.50275,51.79599],[19.50252,51.79595],[19.50196,51.79579],[19.50178,51.79577],[19.50133,51.79567],[19.50113,51.79561],[19.49974,51.79525],[19.49933,51.79513],[19.49833,51.79485],[19.49783,51.79472],[19.4974,51.79455],[19.49652,51.79435],[19.49644,51.79433],[19.49547,51.79407],[19.49523,51.79399],[19.49501,51.7939],[19.49434,51.79365],[19.49261,51.79317],[19.49145,51.79278],[19.4895,51.79235],[19.48834,51.79218],[19.48773,51.79151],[19.48636,51.79007],[19.4843,51.78759],[19.48356,51.78662],[19.48329,51.78613],[19.4832,51.78581],[19.48313,51.78558],[19.4831,51.7854],[19.48292,51.78273],[19.4828,51.7812],[19.48248,51.78071],[19.48201,51.7803],[19.48157,51.77977],[19.4814,51.7796],[19.48128,51.77951],[19.48122,51.77948],[19.48112,51.77942],[19.48106,51.77938],[19.48096,51.77929],[19.48072,51.77904],[19.48069,51.77901],[19.48066,51.77897],[19.47931,51.77776],[19.4789,51.77735],[19.47869,51.77718],[19.47842,51.77698],[19.47835,51.77689],[19.47773,51.77644],[19.47741,51.77623],[19.4768,51.77578],[19.47674,51.77566],[19.47531,51.77429],[19.4742,51.77333],[19.47312,51.7725],[19.47297,51.77232],[19.47286,51.77217]]},"properties":{"line":"88B","dir":"1","mode":"bus"}},{"type":"Feature","geometry":{"type":"LineString","coordinates":[[19.47162,51.77004],[19.47234,51.77003],[19.47272,51.77003],[19.47286,51.77009],[19.47296,51.77022],[19.47282,51.77043],[19.47269,51.77078],[19.47266,51.77108],[19.47266,51.77143],[19.47271,51.77167],[19.47277,51.77179],[19.47294,51.77202],[19.4731,51.77217],[19.47361,51.77258],[19.47409,51.77296],[19.47675,51.77542],[19.47685,51.77553],[19.47753,51.77611],[19.47757,51.77615],[19.47785,51.77638],[19.47816,51.77663],[19.47869,51.77699],[19.47913,51.77735],[19.47976,51.77792],[19.48031,51.77843],[19.48046,51.77859],[19.48055,51.77868],[19.48058,51.7787],[19.4806,51.7787],[19.48063,51.77874],[19.48068,51.77876],[19.48072,51.77877],[19.48073,51.77878],[19.48079,51.77879],[19.48111,51.77882],[19.48158,51.77892],[19.48157,51.77897],[19.48158,51.77904],[19.48159,51.77909],[19.4816,51.77913],[19.48168,51.77939],[19.4817,51.77942],[19.48178,51.77958],[19.48182,51.77965],[19.48187,51.77974],[19.48191,51.77981],[19.482,51.77987],[19.48203,51.77992],[19.48217,51.78005],[19.48238,51.78027],[19.48254,51.78038],[19.48265,51.78055],[19.48273,51.78066],[19.48281,51.7808],[19.48282,51.7808],[19.48284,51.78093],[19.48294,51.78108],[19.48298,51.78119],[19.48304,51.78129],[19.48311,51.78173],[19.48309,51.78192],[19.4831,51.78201],[19.48313,51.78268],[19.48313,51.78327],[19.4832,51.78366],[19.48323,51.78451],[19.4833,51.78531],[19.48332,51.78555],[19.48332,51.78557],[19.48337,51.78573],[19.48342,51.78591],[19.4835,51.78609],[19.48358,51.78631],[19.48367,51.78646],[19.48379,51.78667],[19.48398,51.78691],[19.4841,51.78707],[19.48423,51.78722],[19.4845,51.78754],[19.48618,51.78944],[19.48833,51.79176],[19.48853,51.79204],[19.48922,51.79226],[19.48988,51.79229],[19.49543,51.79383],[19.49611,51.79405],[19.4968,51.79424],[19.49916,51.79489],[19.50021,51.79518],[19.50109,51.79543],[19.50157,51.79552],[19.50165,51.79558],[19.50262,51.79579],[19.50275,51.79579],[19.50303,51.79587],[19.50309,51.79589],[19.50335,51.79594],[19.50376,51.79599],[19.50404,51.79604],[19.50441,51.79608],[19.50519,51.79615],[19.50635,51.79622],[19.5065,51.79622],[19.50697,51.79626],[19.50713,51.79622],[19.50716,51.79622],[19.5072,51.79622],[19.50724,51.7962],[19.5073,51.7962],[19.50735,51.7962],[19.50748,51.7962],[19.50772,51.7962],[19.50844,51.79622],[19.50938,51.79622],[19.51133,51.79633],[19.51185,51.79633],[19.51291,51.79642],[19.51297,51.79642],[19.51304,51.79642],[19.5131,51.79642],[19.51325,51.79647],[19.51359,51.79649],[19.51423,51.79651],[19.51476,51.79653],[19.51491,51.79653],[19.51511,51.79653],[19.51551,51.79656],[19.51582,51.79656],[19.51624,51.79658],[19.51639,51.79659],[19.51645,51.79659],[19.5165,51.7966],[19.51658,51.7966],[19.51667,51.79665],[19.51673,51.79666],[19.51678,51.79668],[19.51685,51.79668],[19.51694,51.79674],[19.51701,51.79676],[19.51782,51.79678],[19.5187,51.79682],[19.51922,51.79684],[19.51955,51.79684],[19.51985,51.79683],[19.52014,51.79682],[19.52048,51.7968],[19.52061,51.79678],[19.5211,51.79676],[19.52223,51.79668],[19.52251,51.79666],[19.52409,51.79658],[19.52419,51.79657],[19.52448,51.79653],[19.52473,51.79653],[19.52494,51.79651],[19.52525,51.79648],[19.52569,51.79642],[19.52578,51.79642],[19.52621,51.79639],[19.5263,51.79639],[19.52649,51.79637],[19.52705,51.79632],[19.5278,51.79622],[19.52792,51.79622],[19.52818,51.79622],[19.52872,51.7962],[19.52881,51.7962],[19.52921,51.79615],[19.52971,51.79615],[19.53009,51.79615],[19.53014,51.79615],[19.53076,51.79612],[19.53256,51.79605],[19.5334,51.79599],[19.53406,51.79599],[19.53405,51.7959],[19.53466,51.79596],[19.53468,51.79603],[19.53469,51.79608],[19.535,51.797],[19.53502,51.79705],[19.5351,51.79736],[19.53526,51.79783],[19.53531,51.79804],[19.5354,51.79827],[19.53553,51.79844],[19.53559,51.79853],[19.53576,51.7987],[19.536,51.79891],[19.53644,51.79925],[19.53647,51.79923],[19.53656,51.79937],[19.53689,51.79964],[19.538,51.80064],[19.53831,51.8009],[19.5392,51.80169],[19.53968,51.80208],[19.53991,51.80227],[19.54038,51.80261],[19.54207,51.80383],[19.54262,51.80423],[19.54278,51.80436],[19.54298,51.80453],[19.54323,51.80477],[19.54345,51.80501],[19.54379,51.80538],[19.54412,51.80574],[19.5444,51.80605],[19.54492,51.80661],[19.54514,51.80684],[19.54524,51.80692],[19.54531,51.80701],[19.54545,51.80714],[19.54563,51.8073],[19.54569,51.80727],[19.54575,51.80737],[19.54591,51.80752],[19.54774,51.809],[19.54859,51.80966],[19.54872,51.80975],[19.54994,51.81063],[19.54999,51.81067],[19.55012,51.81076],[19.55017,51.81075],[19.55037,51.811],[19.5507,51.81131],[19.55096,51.81162],[19.5511,51.81175],[19.55125,51.8119],[19.55139,51.81201],[19.55151,51.81209],[19.5517,51.81223],[19.55196,51.8124],[19.55211,51.81245],[19.5522,51.81248],[19.55229,51.81251],[19.55239,51.81253],[19.55257,51.81254],[19.5528,51.81256],[19.55389,51.81259],[19.55399,51.81255],[19.55422,51.8126],[19.55455,51.81261],[19.55478,51.81262],[19.55487,51.81262],[19.55498,51.81263],[19.55508,51.81265],[19.55517,51.81265],[19.55524,51.81268],[19.5553,51.8127],[19.55539,51.81272],[19.55548,51.81277],[19.55566,51.81286],[19.55623,51.81323],[19.55693,51.81369],[19.55771,51.81418],[19.55865,51.81477],[19.56068,51.8161],[19.56102,51.81634],[19.56136,51.81658],[19.56149,51.81666],[19.56157,51.81674],[19.56178,51.81693],[19.56191,51.81711],[19.56195,51.81716],[19.56199,51.81721],[19.56202,51.81728],[19.56206,51.81738],[19.56208,51.81743],[19.56215,51.8178],[19.56224,51.81851],[19.56243,51.82],[19.56252,51.82079],[19.56253,51.82105],[19.56265,51.82207],[19.5628,51.82321],[19.56283,51.82342],[19.56285,51.82342],[19.56287,51.82378],[19.56289,51.82397],[19.56305,51.82508],[19.56308,51.82537],[19.56317,51.82627],[19.56323,51.82679],[19.5633,51.8272],[19.56462,51.8272],[19.56505,51.82718],[19.56505,51.82716],[19.56599,51.82718],[19.56632,51.82718],[19.56649,51.82718],[19.56663,51.8272],[19.56706,51.82727],[19.56872,51.82759],[19.56898,51.82763],[19.56938,51.8277],[19.56938,51.82767],[19.57802,51.82936],[19.58268,51.83028],[19.58917,51.83354],[19.59362,51.83592],[19.60334,51.83977],[19.60399,51.83446],[19.60576,51.8341],[19.60697,51.83429],[19.61713,51.83636],[19.6269,51.8367],[19.63298,51.83687],[19.63362,51.83849],[19.63478,51.84986],[19.63633,51.85273],[19.63875,51.85486],[19.63887,51.85481]]},"properties":{"line":"88C","dir":"0","mode":"bus"}},{"type":"Feature","geometry":{"type":"LineString","coordinates":[[19.63881,51.85486],[19.63654,51.85299],[19.63451,51.84971],[19.63277,51.84141],[19.63372,51.83844],[19.63298,51.83687],[19.62657,51.8367],[19.62657,51.8367],[19.61667,51.83634],[19.61667,51.83634],[19.60757,51.83451],[19.60757,51.83451],[19.60604,51.83412],[19.60494,51.83443],[19.604,51.83447],[19.60334,51.83978],[19.60197,51.8394],[19.60197,51.8394],[19.59397,51.83617],[19.59397,51.83617],[19.58972,51.83388],[19.58972,51.83388],[19.58214,51.83019],[19.58214,51.83019],[19.58204,51.83014],[19.58135,51.83],[19.58066,51.82987],[19.58042,51.82982],[19.57882,51.82952],[19.57802,51.82936],[19.57665,51.8291],[19.57645,51.82906],[19.57524,51.82882],[19.57481,51.82874],[19.57407,51.82859],[19.57359,51.8285],[19.57173,51.82815],[19.57115,51.82804],[19.57086,51.82798],[19.57086,51.82799],[19.57086,51.82799],[19.56918,51.82769],[19.56918,51.82768],[19.5671,51.82725],[19.56538,51.82722],[19.5633,51.8272],[19.56316,51.82578],[19.5627,51.82292],[19.56243,51.81931],[19.56219,51.81756],[19.56176,51.81685],[19.55521,51.81254],[19.55389,51.81259],[19.5529,51.81259],[19.55186,51.81237],[19.54967,51.81052],[19.54967,51.81052],[19.54548,51.80723],[19.54423,51.80571],[19.54148,51.80343],[19.53605,51.79903],[19.53343,51.79602],[19.53256,51.79605],[19.53076,51.79612],[19.53014,51.79615],[19.53009,51.79615],[19.52927,51.7962],[19.52705,51.79632],[19.52649,51.79637],[19.5263,51.79639],[19.52423,51.79659],[19.52373,51.79661],[19.5231,51.79668],[19.52272,51.79666],[19.52255,51.79666],[19.52223,51.79668],[19.52169,51.79668],[19.5211,51.79676],[19.52061,51.79678],[19.52048,51.7968],[19.52014,51.79682],[19.51985,51.79683],[19.51955,51.79684],[19.51922,51.79684],[19.5187,51.79682],[19.51782,51.79678],[19.51701,51.79676],[19.51659,51.79675],[19.51612,51.79673],[19.51569,51.79668],[19.5153,51.79668],[19.51509,51.79668],[19.5149,51.79669],[19.51398,51.79665],[19.51312,51.7966],[19.51128,51.79656],[19.51023,51.79653],[19.50966,51.79651],[19.50866,51.79647],[19.50791,51.79642],[19.50662,51.79639],[19.50579,51.79637],[19.50504,51.79631],[19.50468,51.79622],[19.50429,51.79622],[19.50353,51.79611],[19.50299,51.79603],[19.50275,51.79599],[19.50252,51.79595],[19.50196,51.79579],[19.50178,51.79577],[19.50133,51.79567],[19.50113,51.79561],[19.49974,51.79525],[19.49933,51.79513],[19.49833,51.79485],[19.49783,51.79472],[19.4974,51.79455],[19.49652,51.79435],[19.49644,51.79433],[19.49547,51.79407],[19.49523,51.79399],[19.49501,51.7939],[19.49434,51.79365],[19.49261,51.79317],[19.49145,51.79278],[19.4895,51.79235],[19.48834,51.79218],[19.48773,51.79151],[19.48636,51.79007],[19.4843,51.78759],[19.48356,51.78662],[19.48329,51.78613],[19.4832,51.78581],[19.48313,51.78558],[19.4831,51.7854],[19.48292,51.78273],[19.4828,51.7812],[19.48248,51.78071],[19.48201,51.7803],[19.48157,51.77977],[19.4814,51.7796],[19.48128,51.77951],[19.48122,51.77948],[19.48112,51.77942],[19.48106,51.77938],[19.48096,51.77929],[19.48072,51.77904],[19.48069,51.77901],[19.48066,51.77897],[19.47931,51.77776],[19.4789,51.77735],[19.47869,51.77718],[19.47842,51.77698],[19.47835,51.77689],[19.47773,51.77644],[19.47741,51.77623],[19.4768,51.77578],[19.47674,51.77566],[19.47531,51.77429],[19.4742,51.77333],[19.47312,51.7725],[19.47297,51.77232],[19.47286,51.77217]]},"properties":{"line":"88C","dir":"1","mode":"bus"}},{"type":"Feature","geometry":{"type":"LineString","coordinates":[[19.47162,51.77004],[19.47234,51.77003],[19.47272,51.77003],[19.47286,51.77009],[19.47296,51.77022],[19.47282,51.77043],[19.47269,51.77078],[19.47266,51.77108],[19.47266,51.77143],[19.47271,51.77167],[19.47277,51.77179],[19.47294,51.77202],[19.4731,51.77217],[19.47361,51.77258],[19.47409,51.77296],[19.47675,51.77542],[19.47685,51.77553],[19.47753,51.77611],[19.47757,51.77615],[19.47785,51.77638],[19.47816,51.77663],[19.47869,51.77699],[19.47913,51.77735],[19.47976,51.77792],[19.48031,51.77843],[19.48046,51.77859],[19.48055,51.77868],[19.48058,51.7787],[19.4806,51.7787],[19.48063,51.77874],[19.48068,51.77876],[19.48072,51.77877],[19.48073,51.77878],[19.48079,51.77879],[19.48111,51.77882],[19.48158,51.77892],[19.48157,51.77897],[19.48158,51.77904],[19.48159,51.77909],[19.4816,51.77913],[19.48168,51.77939],[19.4817,51.77942],[19.48178,51.77958],[19.48182,51.77965],[19.48187,51.77974],[19.48191,51.77981],[19.482,51.77987],[19.48203,51.77992],[19.48217,51.78005],[19.48238,51.78027],[19.48254,51.78038],[19.48265,51.78055],[19.48273,51.78066],[19.48281,51.7808],[19.48282,51.7808],[19.48284,51.78093],[19.48294,51.78108],[19.48298,51.78119],[19.48304,51.78129],[19.48311,51.78173],[19.48309,51.78192],[19.4831,51.78201],[19.48313,51.78268],[19.48313,51.78327],[19.4832,51.78366],[19.48323,51.78451],[19.4833,51.78531],[19.48332,51.78555],[19.48332,51.78557],[19.48337,51.78573],[19.48342,51.78591],[19.4835,51.78609],[19.48358,51.78631],[19.48367,51.78646],[19.48379,51.78667],[19.48398,51.78691],[19.4841,51.78707],[19.48423,51.78722],[19.4845,51.78754],[19.48618,51.78944],[19.48833,51.79176],[19.48853,51.79204],[19.48922,51.79226],[19.48988,51.79229],[19.49543,51.79383],[19.49611,51.79405],[19.4968,51.79424],[19.49916,51.79489],[19.50021,51.79518],[19.50109,51.79543],[19.50157,51.79552],[19.50165,51.79558],[19.50262,51.79579],[19.50275,51.79579],[19.50303,51.79587],[19.50309,51.79589],[19.50335,51.79594],[19.50376,51.79599],[19.50404,51.79604],[19.50441,51.79608],[19.50519,51.79615],[19.50635,51.79622],[19.5065,51.79622],[19.50697,51.79626],[19.50713,51.79622],[19.50716,51.79622],[19.5072,51.79622],[19.50724,51.7962],[19.5073,51.7962],[19.50735,51.7962],[19.50748,51.7962],[19.50772,51.7962],[19.50844,51.79622],[19.50938,51.79622],[19.51133,51.79633],[19.51185,51.79633],[19.51291,51.79642],[19.51297,51.79642],[19.51304,51.79642],[19.5131,51.79642],[19.51325,51.79647],[19.51359,51.79649],[19.51423,51.79651],[19.51476,51.79653],[19.51491,51.79653],[19.51511,51.79653],[19.51551,51.79656],[19.51582,51.79656],[19.51624,51.79658],[19.51639,51.79659],[19.51645,51.79659],[19.5165,51.7966],[19.51658,51.7966],[19.51667,51.79665],[19.51673,51.79666],[19.51678,51.79668],[19.51685,51.79668],[19.51694,51.79674],[19.51701,51.79676],[19.51782,51.79678],[19.5187,51.79682],[19.51922,51.79684],[19.51955,51.79684],[19.51985,51.79683],[19.52014,51.79682],[19.52048,51.7968],[19.52061,51.79678],[19.5211,51.79676],[19.52223,51.79668],[19.52251,51.79666],[19.52409,51.79658],[19.52419,51.79657],[19.52448,51.79653],[19.52473,51.79653],[19.52494,51.79651],[19.52525,51.79648],[19.52569,51.79642],[19.52578,51.79642],[19.52621,51.79639],[19.5263,51.79639],[19.52649,51.79637],[19.52705,51.79632],[19.5278,51.79622],[19.52792,51.79622],[19.52818,51.79622],[19.52872,51.7962],[19.52881,51.7962],[19.52921,51.79615],[19.52971,51.79615],[19.53009,51.79615],[19.53014,51.79615],[19.53076,51.79612],[19.53256,51.79605],[19.5334,51.79599],[19.53406,51.79599],[19.53405,51.7959],[19.53466,51.79596],[19.53468,51.79603],[19.53469,51.79608],[19.535,51.797],[19.53502,51.79705],[19.5351,51.79736],[19.53526,51.79783],[19.53531,51.79804],[19.5354,51.79827],[19.53553,51.79844],[19.53559,51.79853],[19.53576,51.7987],[19.536,51.79891],[19.53644,51.79925],[19.53647,51.79923],[19.53656,51.79937],[19.53689,51.79964],[19.538,51.80064],[19.53831,51.8009],[19.5392,51.80169],[19.53968,51.80208],[19.53991,51.80227],[19.54038,51.80261],[19.54207,51.80383],[19.54262,51.80423],[19.54278,51.80436],[19.54298,51.80453],[19.54323,51.80477],[19.54345,51.80501],[19.54379,51.80538],[19.54412,51.80574],[19.5444,51.80605],[19.54492,51.80661],[19.54514,51.80684],[19.54524,51.80692],[19.54531,51.80701],[19.54545,51.80714],[19.54563,51.8073],[19.54569,51.80727],[19.54575,51.80737],[19.54591,51.80752],[19.54774,51.809],[19.54859,51.80966],[19.54872,51.80975],[19.54994,51.81063],[19.54999,51.81067],[19.55012,51.81076],[19.55017,51.81075],[19.55037,51.811],[19.5507,51.81131],[19.55096,51.81162],[19.5511,51.81175],[19.55125,51.8119],[19.55139,51.81201],[19.55151,51.81209],[19.5517,51.81223],[19.55196,51.8124],[19.55211,51.81245],[19.5522,51.81248],[19.55229,51.81251],[19.55239,51.81253],[19.55257,51.81254],[19.5528,51.81256],[19.55389,51.81259],[19.55399,51.81255],[19.55422,51.8126],[19.55455,51.81261],[19.55478,51.81262],[19.55487,51.81262],[19.55498,51.81263],[19.55508,51.81265],[19.55517,51.81265],[19.55524,51.81268],[19.5553,51.8127],[19.55539,51.81272],[19.55548,51.81277],[19.55566,51.81286],[19.55623,51.81323],[19.55693,51.81369],[19.55771,51.81418],[19.55865,51.81477],[19.56068,51.8161],[19.56102,51.81634],[19.56136,51.81658],[19.56149,51.81666],[19.56157,51.81674],[19.56178,51.81693],[19.56191,51.81711],[19.56195,51.81716],[19.56199,51.81721],[19.56202,51.81728],[19.56206,51.81738],[19.56208,51.81743],[19.56215,51.8178],[19.56224,51.81851],[19.56243,51.82],[19.56252,51.82079],[19.56253,51.82105],[19.56265,51.82207],[19.5628,51.82321],[19.56283,51.82342],[19.56285,51.82342],[19.56287,51.82378],[19.56289,51.82397],[19.56305,51.82508],[19.56308,51.82537],[19.56317,51.82627],[19.56323,51.82679],[19.5633,51.8272],[19.56462,51.8272],[19.56505,51.82718],[19.56505,51.82716],[19.56599,51.82718],[19.56632,51.82718],[19.56649,51.82718],[19.56663,51.8272],[19.56706,51.82727],[19.56872,51.82759],[19.56898,51.82763],[19.56938,51.8277]]},"properties":{"line":"88D","dir":"0","mode":"bus"}},{"type":"Feature","geometry":{"type":"LineString","coordinates":[[19.57519,51.82488],[19.57548,51.82518],[19.574,51.82575],[19.56968,51.82776],[19.56918,51.82768],[19.5671,51.82725],[19.56538,51.82722],[19.5633,51.8272],[19.56316,51.82578],[19.5627,51.82292],[19.56243,51.81931],[19.56219,51.81756],[19.56176,51.81685],[19.55521,51.81254],[19.55389,51.81259],[19.5529,51.81259],[19.55186,51.81237],[19.54967,51.81052],[19.54967,51.81052],[19.54548,51.80723],[19.54423,51.80571],[19.54148,51.80343],[19.53605,51.79903],[19.53343,51.79602],[19.53256,51.79605],[19.53076,51.79612],[19.53014,51.79615],[19.53009,51.79615],[19.52927,51.7962],[19.52705,51.79632],[19.52649,51.79637],[19.5263,51.79639],[19.52423,51.79659],[19.52373,51.79661],[19.5231,51.79668],[19.52272,51.79666],[19.52255,51.79666],[19.52223,51.79668],[19.52169,51.79668],[19.5211,51.79676],[19.52061,51.79678],[19.52048,51.7968],[19.52014,51.79682],[19.51985,51.79683],[19.51955,51.79684],[19.51922,51.79684],[19.5187,51.79682],[19.51782,51.79678],[19.51701,51.79676],[19.51659,51.79675],[19.51612,51.79673],[19.51569,51.79668],[19.5153,51.79668],[19.51509,51.79668],[19.5149,51.79669],[19.51398,51.79665],[19.51312,51.7966],[19.51128,51.79656],[19.51023,51.79653],[19.50966,51.79651],[19.50866,51.79647],[19.50791,51.79642],[19.50662,51.79639],[19.50579,51.79637],[19.50504,51.79631],[19.50468,51.79622],[19.50429,51.79622],[19.50353,51.79611],[19.50299,51.79603],[19.50275,51.79599],[19.50252,51.79595],[19.50196,51.79579],[19.50178,51.79577],[19.50133,51.79567],[19.50113,51.79561],[19.49974,51.79525],[19.49933,51.79513],[19.49833,51.79485],[19.49783,51.79472],[19.4974,51.79455],[19.49652,51.79435],[19.49644,51.79433],[19.49547,51.79407],[19.49523,51.79399],[19.49501,51.7939],[19.49434,51.79365],[19.49261,51.79317],[19.49145,51.79278],[19.4895,51.79235],[19.48834,51.79218],[19.48773,51.79151],[19.48636,51.79007],[19.4843,51.78759],[19.48356,51.78662],[19.48329,51.78613],[19.4832,51.78581],[19.48313,51.78558],[19.4831,51.7854],[19.48292,51.78273],[19.4828,51.7812],[19.48248,51.78071],[19.48201,51.7803],[19.48157,51.77977],[19.4814,51.7796],[19.48128,51.77951],[19.48122,51.77948],[19.48112,51.77942],[19.48106,51.77938],[19.48096,51.77929],[19.48072,51.77904],[19.48069,51.77901],[19.48066,51.77897],[19.47931,51.77776],[19.4789,51.77735],[19.47869,51.77718],[19.47842,51.77698],[19.47835,51.77689],[19.47773,51.77644],[19.47741,51.77623],[19.4768,51.77578],[19.47674,51.77566],[19.47531,51.77429],[19.4742,51.77333],[19.47312,51.7725],[19.47297,51.77232],[19.47286,51.77217]]},"properties":{"line":"88D","dir":"1","mode":"bus"}},{"type":"Feature","geometry":{"type":"LineString","coordinates":[[19.38162,51.81702],[19.38196,51.81689],[19.3822,51.81693],[19.3827,51.81671],[19.37854,51.81308],[19.37812,51.81277],[19.3785,51.81296],[19.37822,51.81266],[19.37812,51.81261],[19.37809,51.81251],[19.37821,51.81238],[19.37857,51.81235],[19.38029,51.81175],[19.3834,51.8111],[19.3855,51.8107],[19.39052,51.80956],[19.3907,51.80941],[19.39242,51.80904],[19.39539,51.80824],[19.39603,51.80816],[19.39567,51.80624],[19.39477,51.80126],[19.39461,51.79962],[19.39448,51.7987],[19.39442,51.79828],[19.39436,51.79818],[19.39435,51.7981],[19.39435,51.79808],[19.39433,51.79791],[19.39426,51.79766],[19.39423,51.79755],[19.3944,51.7975],[19.39796,51.7968],[19.39828,51.79674],[19.39942,51.79651],[19.39951,51.79648],[19.40167,51.79606],[19.40202,51.79599],[19.40233,51.79594],[19.40239,51.7959],[19.40252,51.7959],[19.4027,51.79585],[19.40343,51.79568],[19.40345,51.79563],[19.40547,51.79533],[19.4065,51.79512],[19.40659,51.79511],[19.40731,51.79496],[19.40851,51.79471],[19.40937,51.79452],[19.40956,51.79447],[19.40971,51.79442],[19.40977,51.79437],[19.40978,51.79435],[19.40981,51.79433],[19.40982,51.79428],[19.40982,51.79423],[19.40981,51.79419],[19.40972,51.79406],[19.4097,51.79404],[19.40965,51.79399],[19.40962,51.79392],[19.40954,51.7939],[19.40946,51.79383],[19.40935,51.79381],[19.40922,51.79378],[19.40915,51.79377],[19.40791,51.79362],[19.40771,51.79359],[19.4075,51.79381],[19.4071,51.79425],[19.40719,51.79428],[19.40719,51.79428],[19.40703,51.79428],[19.40702,51.79433],[19.40684,51.79453],[19.40677,51.79462],[19.40671,51.79471],[19.40665,51.79485],[19.40658,51.79498],[19.40653,51.79512],[19.4065,51.79515],[19.40646,51.79523],[19.40646,51.79527],[19.40637,51.79542],[19.40637,51.79548],[19.40636,51.79552],[19.40636,51.79559],[19.40636,51.79561],[19.40637,51.79563],[19.40637,51.79566],[19.40637,51.79569],[19.40642,51.79572],[19.40645,51.79577],[19.40649,51.79579],[19.40653,51.79584],[19.40658,51.79587],[19.40664,51.7959],[19.40669,51.7959],[19.40672,51.79594],[19.40674,51.79594],[19.40683,51.79596],[19.40691,51.79597],[19.40696,51.79597],[19.40702,51.79599],[19.40703,51.79599],[19.40712,51.79599],[19.4072,51.79599],[19.40724,51.79597],[19.40738,51.79596],[19.40754,51.79593],[19.40924,51.79561],[19.4093,51.79579],[19.40946,51.79599],[19.40954,51.79651],[19.40959,51.7966],[19.4097,51.79693],[19.40982,51.7973],[19.41003,51.798],[19.41071,51.79993],[19.41095,51.80026],[19.41092,51.80056],[19.41114,51.80124],[19.41151,51.80232],[19.41153,51.80252],[19.41158,51.80267],[19.41158,51.80276],[19.41158,51.80288],[19.41158,51.80333],[19.41161,51.80467],[19.41161,51.80484],[19.41174,51.80602],[19.41231,51.80597],[19.41458,51.80563],[19.4148,51.8056],[19.4151,51.80556],[19.41622,51.80537],[19.41843,51.80502],[19.41907,51.80491],[19.42134,51.80447],[19.42598,51.80471],[19.42588,51.80637],[19.42584,51.80698],[19.42576,51.80756],[19.42576,51.8076],[19.42561,51.80873],[19.42561,51.80923],[19.42569,51.81022],[19.42582,51.81115],[19.42585,51.81143],[19.4259,51.81175],[19.42595,51.81182],[19.42598,51.81207],[19.42606,51.81245],[19.4261,51.81253],[19.42617,51.81271],[19.4262,51.81272],[19.42623,51.81277],[19.42625,51.8128],[19.42635,51.81289],[19.42673,51.8132],[19.42683,51.81335],[19.42686,51.81341],[19.42688,51.81342],[19.42689,51.81344],[19.42689,51.81348],[19.42689,51.8135],[19.42689,51.81351],[19.42688,51.81357],[19.42685,51.8136],[19.42682,51.81366],[19.42678,51.81375],[19.42661,51.81395],[19.42645,51.81416],[19.42629,51.8145],[19.42622,51.81459],[19.42617,51.81464],[19.42611,51.81467],[19.42596,51.81475],[19.42588,51.81475],[19.42579,51.81475],[19.42568,51.81474],[19.42551,51.81467],[19.42536,51.81467],[19.42519,51.81465],[19.42513,51.81461],[19.42503,51.81461],[19.42484,51.81458],[19.42476,51.81457],[19.4247,51.81457],[19.42463,51.81457],[19.42455,51.81457],[19.42447,51.81457],[19.42438,51.81458],[19.42429,51.81459],[19.42417,51.81461],[19.42409,51.81464],[19.42399,51.81467],[19.42392,51.81467],[19.42382,51.81473],[19.42376,51.81476],[19.42364,51.81484],[19.4235,51.81493],[19.42336,51.81502],[19.42325,51.81512],[19.42251,51.81574],[19.41988,51.81774],[19.41819,51.81889],[19.41665,51.82135],[19.41655,51.82181],[19.4167,51.82215],[19.41816,51.82544],[19.4181,51.82634],[19.41789,51.82687],[19.42626,51.82901],[19.42655,51.82853],[19.4303,51.8223],[19.43902,51.82445],[19.44192,51.82521],[19.44238,51.82525],[19.44272,51.82523],[19.44302,51.82511],[19.44639,51.82337],[19.44754,51.82268],[19.4481,51.82184],[19.44832,51.82159],[19.44888,51.82075],[19.44846,51.81916],[19.44832,51.81895],[19.4483,51.81833],[19.44821,51.81815],[19.4469,51.8181],[19.44575,51.81796],[19.44418,51.81758],[19.44255,51.82022]]},"properties":{"line":"89","dir":"0","mode":"bus"}},{"type":"Feature","geometry":{"type":"LineString","coordinates":[[19.44255,51.82022],[19.43995,51.82363],[19.43894,51.82446],[19.43855,51.82437],[19.43855,51.82437],[19.43221,51.82289],[19.43222,51.82289],[19.43049,51.82234],[19.42633,51.82905],[19.4256,51.82902],[19.42558,51.82902],[19.41857,51.82718],[19.41789,51.82687],[19.41808,51.82629],[19.41813,51.82593],[19.41805,51.82545],[19.41786,51.82479],[19.41771,51.82452],[19.41748,51.82397],[19.41714,51.82328],[19.41687,51.82265],[19.4166,51.82211],[19.4165,51.82168],[19.4165,51.82149],[19.41666,51.82112],[19.41664,51.82093],[19.41664,51.82093],[19.41688,51.82078],[19.41785,51.81939],[19.41835,51.8187],[19.41894,51.81825],[19.4192,51.81803],[19.4189,51.81781],[19.41908,51.81761],[19.41954,51.81731],[19.42002,51.81738],[19.4227,51.8154],[19.42377,51.81473],[19.42447,51.81456],[19.42496,51.81458],[19.42586,51.81475],[19.4261,51.81469],[19.42625,51.81452],[19.42672,51.81377],[19.42657,51.81368],[19.42453,51.81272],[19.42439,51.81257],[19.42436,51.81241],[19.42502,51.81137],[19.42513,51.81011],[19.42565,51.80588],[19.4257,51.80472],[19.42316,51.80448],[19.4217,51.80442],[19.42035,51.80473],[19.41174,51.80602],[19.41169,51.80556],[19.41161,51.80484],[19.41161,51.80466],[19.41158,51.80333],[19.41158,51.80288],[19.41158,51.80276],[19.41158,51.80267],[19.41153,51.80252],[19.41151,51.80232],[19.40903,51.79508],[19.409,51.79499],[19.40884,51.7949],[19.4086,51.79487],[19.40829,51.79487],[19.40633,51.79527],[19.40551,51.79545],[19.40467,51.79561],[19.40405,51.79572],[19.40266,51.79601],[19.40017,51.7965],[19.39834,51.79686],[19.39802,51.79692],[19.39767,51.797],[19.39714,51.79709],[19.39607,51.79732],[19.39483,51.79756],[19.39464,51.79766],[19.39458,51.79771],[19.39455,51.79773],[19.39454,51.79775],[19.39452,51.79777],[19.39448,51.79793],[19.39445,51.79819],[19.39442,51.79828],[19.39448,51.7987],[19.39469,51.79899],[19.39519,51.80196],[19.39553,51.80393],[19.39626,51.8077],[19.39629,51.80812],[19.39401,51.80873],[19.38929,51.80992],[19.38373,51.81112],[19.38113,51.81157],[19.37999,51.8119],[19.37965,51.81206],[19.3795,51.81214],[19.3786,51.81254],[19.37854,51.8129],[19.38129,51.81541],[19.38273,51.81674],[19.38147,51.81729],[19.38122,51.81731],[19.3811,51.8172],[19.38115,51.81706],[19.3814,51.81693]]},"properties":{"line":"89","dir":"1","mode":"bus"}},{"type":"Feature","geometry":{"type":"LineString","coordinates":[[19.57488,51.75181],[19.57477,51.75182],[19.57431,51.75191],[19.57501,51.7537],[19.58308,51.75217],[19.58658,51.75157],[19.58926,51.751],[19.59046,51.75082],[19.59213,51.75071],[19.59307,51.75059],[19.59437,51.75032],[19.60607,51.74376],[19.60748,51.74303],[19.60827,51.74259],[19.60919,51.74207],[19.60997,51.74162],[19.61013,51.74153],[19.61092,51.7411],[19.61199,51.74051],[19.61281,51.74006],[19.61302,51.73993],[19.61305,51.73993],[19.61311,51.73989],[19.61324,51.73982],[19.61527,51.73866],[19.61598,51.73827],[19.61665,51.73786],[19.61703,51.73767],[19.61709,51.7375],[19.62487,51.73325],[19.62407,51.73325],[19.6232,51.73319],[19.62239,51.7334],[19.62158,51.73349],[19.61921,51.73347],[19.61683,51.73346],[19.61635,51.73322],[19.6155,51.73256],[19.61504,51.73196],[19.61213,51.73061],[19.61175,51.73016],[19.61098,51.72937],[19.60973,51.72811],[19.60823,51.72675],[19.60752,51.72635],[19.60732,51.72633],[19.60716,51.72619],[19.60688,51.72613],[19.60644,51.72609],[19.60555,51.72582],[19.60459,51.72495],[19.60067,51.72648],[19.59916,51.72701],[19.59929,51.72744],[19.5947,51.72942],[19.5962,51.7295],[19.59612,51.72964]]},"properties":{"line":"90","dir":"0","mode":"bus"}},{"type":"Feature","geometry":{"type":"LineString","coordinates":[[19.59611,51.72965],[19.59621,51.72964],[19.59631,51.72961],[19.59627,51.72946],[19.59591,51.72947],[19.59509,51.72943],[19.5947,51.72942],[19.59677,51.72841],[19.5993,51.72739],[19.5993,51.7273],[19.59921,51.72717],[19.5992,51.72708],[19.59988,51.72675],[19.59995,51.72672],[19.59995,51.72672],[19.60465,51.72494],[19.60493,51.72521],[19.60495,51.72523],[19.60495,51.72523],[19.60557,51.72583],[19.60596,51.72595],[19.60669,51.7261],[19.60707,51.72614],[19.6072,51.72615],[19.60729,51.72611],[19.60739,51.7261],[19.60757,51.72614],[19.60763,51.72622],[19.60761,51.72631],[19.60766,51.72637],[19.60789,51.72653],[19.60799,51.72661],[19.61151,51.72998],[19.61187,51.73047],[19.61225,51.73077],[19.61432,51.73167],[19.61456,51.73178],[19.61476,51.73186],[19.61488,51.73194],[19.61498,51.732],[19.61505,51.73203],[19.61511,51.73209],[19.61514,51.7321],[19.61515,51.73212],[19.61518,51.73212],[19.61527,51.73229],[19.61542,51.73247],[19.61548,51.73253],[19.61557,51.73263],[19.61578,51.73277],[19.6162,51.73311],[19.61645,51.73328],[19.61661,51.73338],[19.61671,51.73344],[19.61682,51.73347],[19.61699,51.73349],[19.61711,51.73349],[19.61728,51.73353],[19.61812,51.73353],[19.62028,51.73349],[19.6213,51.73349],[19.62168,51.73349],[19.62196,51.73347],[19.62226,51.73344],[19.62239,51.7334],[19.62263,51.73335],[19.62287,51.73328],[19.62297,51.73322],[19.62308,51.73322],[19.62321,51.7332],[19.6233,51.7332],[19.6235,51.73319],[19.62358,51.73319],[19.62456,51.73315],[19.62477,51.73329],[19.61865,51.73684],[19.61199,51.74051],[19.59425,51.75044],[19.59021,51.75116],[19.58464,51.7522],[19.575,51.75395],[19.57409,51.75189],[19.57429,51.75184],[19.5746,51.75241],[19.57516,51.7523]]},"properties":{"line":"90","dir":"1","mode":"bus"}},{"type":"Feature","geometry":{"type":"LineString","coordinates":[[19.57488,51.75181],[19.57477,51.75182],[19.57431,51.75191],[19.57501,51.7537],[19.58308,51.75217],[19.58914,51.75094],[19.59016,51.75085],[19.59022,51.75117],[19.59038,51.75157],[19.59115,51.75256],[19.5927,51.75338],[19.59274,51.75344],[19.60297,51.75864],[19.60717,51.76083],[19.60784,51.76119],[19.60892,51.76035],[19.60935,51.76],[19.60951,51.75992],[19.60981,51.7598],[19.60994,51.75974],[19.61007,51.75964],[19.61185,51.75812],[19.6164,51.75416],[19.62342,51.74824],[19.6237,51.74814],[19.63065,51.75274],[19.63108,51.75306],[19.63157,51.7571],[19.63209,51.7614],[19.63173,51.76183],[19.6244,51.76742],[19.62206,51.76921],[19.6192,51.77139],[19.61353,51.77572],[19.61327,51.77593],[19.61073,51.77786],[19.60971,51.77839],[19.60839,51.77878],[19.60695,51.77936],[19.60584,51.7801],[19.60549,51.78065],[19.60534,51.7814],[19.60532,51.78147],[19.60531,51.78153],[19.60522,51.78174],[19.60514,51.78189],[19.60513,51.78198],[19.60509,51.78205],[19.60471,51.78246],[19.60338,51.78349],[19.5964,51.78879],[19.58987,51.79375],[19.58974,51.79382],[19.58974,51.79386],[19.58978,51.79389],[19.59021,51.79412],[19.59028,51.79416],[19.59029,51.7942],[19.59016,51.79424]]},"properties":{"line":"91A","dir":"0","mode":"bus"}},{"type":"Feature","geometry":{"type":"LineString","coordinates":[[19.59007,51.79429],[19.58972,51.79426],[19.58972,51.79416],[19.58969,51.79401],[19.58968,51.79385],[19.58978,51.79384],[19.5898,51.79379],[19.58982,51.79378],[19.58983,51.79375],[19.58996,51.79365],[19.59031,51.79338],[19.59115,51.79275],[19.59106,51.79271],[19.59138,51.79256],[19.59655,51.78851],[19.60284,51.78374],[19.60495,51.78223],[19.60537,51.78093],[19.60579,51.78008],[19.60752,51.77908],[19.60949,51.77841],[19.61124,51.7776],[19.61291,51.77603],[19.61348,51.77571],[19.61897,51.77145],[19.62208,51.76906],[19.62431,51.76733],[19.62474,51.76706],[19.63145,51.7619],[19.63174,51.76178],[19.63199,51.76159],[19.63207,51.76154],[19.63217,51.7615],[19.63212,51.76143],[19.63209,51.76142],[19.63205,51.76137],[19.63202,51.76129],[19.63198,51.76115],[19.63195,51.76098],[19.63195,51.76096],[19.63194,51.76085],[19.63191,51.76058],[19.63188,51.7603],[19.63181,51.75979],[19.63175,51.75925],[19.63168,51.75887],[19.63163,51.75819],[19.63158,51.7577],[19.63154,51.7573],[19.63152,51.75707],[19.6315,51.75684],[19.6314,51.75684],[19.63101,51.75298],[19.63002,51.75242],[19.62376,51.74808],[19.62289,51.74881],[19.61653,51.75422],[19.61018,51.75963],[19.60991,51.75981],[19.60944,51.76001],[19.60785,51.76123],[19.60744,51.76106],[19.60061,51.75757],[19.60046,51.75745],[19.59825,51.7563],[19.59775,51.75605],[19.59685,51.7556],[19.59637,51.75534],[19.59414,51.75418],[19.59237,51.7533],[19.59115,51.75259],[19.59044,51.75169],[19.58983,51.75124],[19.58464,51.7522],[19.575,51.75395],[19.57409,51.75189],[19.57429,51.75184],[19.5746,51.75241],[19.57516,51.7523]]},"properties":{"line":"91A","dir":"1","mode":"bus"}},{"type":"Feature","geometry":{"type":"LineString","coordinates":[[19.57488,51.75181],[19.57477,51.75182],[19.57431,51.75191],[19.57501,51.7537],[19.58308,51.75217],[19.58914,51.75094],[19.59016,51.75085],[19.59022,51.75117],[19.59038,51.75157],[19.59115,51.75256],[19.5927,51.75338],[19.59274,51.75344],[19.60297,51.75864],[19.60717,51.76083],[19.60784,51.76119],[19.60892,51.76035],[19.60935,51.76],[19.60951,51.75992],[19.60981,51.7598],[19.60994,51.75974],[19.61007,51.75964],[19.61185,51.75812],[19.6164,51.75416],[19.62342,51.74824],[19.6237,51.74814],[19.63065,51.75274],[19.63108,51.75306],[19.63157,51.7571],[19.63209,51.7614],[19.63173,51.76183],[19.6244,51.76742],[19.62206,51.76921],[19.6192,51.77139],[19.61353,51.77572],[19.61327,51.77593],[19.61073,51.77786],[19.60971,51.77839],[19.60839,51.77878],[19.60695,51.77936],[19.60584,51.7801],[19.60549,51.78065],[19.60534,51.7814],[19.60532,51.78147],[19.60531,51.78153],[19.60522,51.78174],[19.60514,51.78189],[19.60513,51.78198],[19.60509,51.78205],[19.60471,51.78246],[19.60338,51.78349],[19.5964,51.78879],[19.59004,51.79365],[19.58984,51.79376],[19.58982,51.79378],[19.58981,51.79379],[19.58978,51.79385],[19.58968,51.79385],[19.58969,51.79401],[19.58972,51.79416],[19.58973,51.79425],[19.58976,51.79458],[19.58983,51.79458],[19.5898,51.79491],[19.58996,51.79623],[19.59011,51.79776],[19.59022,51.79896],[19.59025,51.7993],[19.5903,51.79997],[19.59038,51.80058],[19.59042,51.80101],[19.59049,51.80161],[19.59068,51.8016],[19.59054,51.80201],[19.5906,51.80265],[19.5907,51.80361],[19.59075,51.80408],[19.59078,51.80442],[19.59081,51.80477],[19.59084,51.80505],[19.5909,51.80561],[19.59092,51.80573],[19.59098,51.80635],[19.59102,51.80635],[19.59181,51.81422],[19.5919,51.81422],[19.59186,51.8147],[19.59194,51.81531],[19.59198,51.81567],[19.59209,51.81569],[19.59215,51.81571],[19.59218,51.81571],[19.59219,51.81572],[19.59222,51.81572],[19.5923,51.81572],[19.5924,51.81571],[19.59272,51.81567],[19.59377,51.81555],[19.5954,51.81534],[19.59554,51.81533],[19.5956,51.81533],[19.59566,51.81533],[19.5957,51.81534],[19.59574,51.81535],[19.59578,51.81536],[19.59581,51.81538],[19.59585,51.8154],[19.59587,51.81542],[19.5959,51.81545],[19.59592,51.81549],[19.59594,51.81554],[19.59605,51.81619],[19.59615,51.81672],[19.59623,51.81713],[19.59629,51.81742],[19.59631,51.81749],[19.59631,51.81757],[19.59633,51.81779],[19.59636,51.8181],[19.59646,51.8185],[19.59659,51.81902],[19.59663,51.81926],[19.59668,51.81943],[19.59671,51.81951],[19.59675,51.8195],[19.59688,51.81967],[19.5939,51.82035],[19.5886,51.82146],[19.58414,51.82216],[19.58364,51.82219],[19.57949,51.82335],[19.57612,51.82491],[19.5758,51.82465]]},"properties":{"line":"91B","dir":"0","mode":"bus"}},{"type":"Feature","geometry":{"type":"LineString","coordinates":[[19.574,51.82575],[19.58419,51.82212],[19.5852,51.82202],[19.58629,51.82183],[19.58683,51.82175],[19.58705,51.82172],[19.58755,51.82164],[19.58876,51.82148],[19.58918,51.82141],[19.58942,51.82137],[19.58955,51.82134],[19.58995,51.82125],[19.58993,51.82124],[19.59076,51.82108],[19.5932,51.82051],[19.59481,51.82015],[19.59637,51.81979],[19.59677,51.81969],[19.59673,51.81959],[19.59671,51.81959],[19.59673,51.81958],[19.59668,51.81943],[19.59663,51.81925],[19.59659,51.81901],[19.59646,51.8185],[19.59635,51.8181],[19.59633,51.81779],[19.59631,51.81756],[19.59631,51.81748],[19.59629,51.81741],[19.59623,51.81712],[19.59615,51.81671],[19.59605,51.81619],[19.59594,51.81553],[19.59592,51.81549],[19.59589,51.81545],[19.59587,51.81542],[19.59585,51.8154],[19.59581,51.81538],[19.59578,51.81536],[19.59574,51.81534],[19.5957,51.81533],[19.59566,51.81533],[19.5956,51.81533],[19.59554,51.81533],[19.5954,51.81533],[19.59377,51.81554],[19.59272,51.81567],[19.5924,51.8157],[19.5923,51.81572],[19.59222,51.81572],[19.59219,51.81572],[19.59218,51.8157],[19.59215,51.8157],[19.59208,51.81568],[19.59198,51.81567],[19.59194,51.81531],[19.59186,51.81469],[19.59176,51.81373],[19.59167,51.81373],[19.59097,51.8062],[19.59089,51.8062],[19.59092,51.80572],[19.5909,51.80561],[19.59084,51.80504],[19.59081,51.80476],[19.59078,51.80441],[19.59075,51.80408],[19.59069,51.8036],[19.5906,51.80265],[19.59054,51.802],[19.5905,51.80169],[19.59041,51.80169],[19.59041,51.80169],[19.59042,51.801],[19.59038,51.80057],[19.5903,51.79997],[19.59025,51.7993],[19.59022,51.79895],[19.59011,51.79775],[19.58996,51.79622],[19.58979,51.79491],[19.58975,51.79444],[19.58966,51.79444],[19.58966,51.79444],[19.58972,51.79425],[19.58972,51.79416],[19.58969,51.79401],[19.58968,51.79384],[19.58978,51.79384],[19.5898,51.79379],[19.58982,51.79378],[19.58984,51.79375],[19.58996,51.79365],[19.59032,51.79338],[19.59116,51.79275],[19.59106,51.79271],[19.59138,51.79256],[19.59655,51.78851],[19.60284,51.78374],[19.60495,51.78223],[19.60537,51.78093],[19.60579,51.78008],[19.60752,51.77908],[19.60949,51.77841],[19.61124,51.7776],[19.61291,51.77603],[19.61348,51.77571],[19.61897,51.77145],[19.62208,51.76906],[19.62431,51.76733],[19.62474,51.76706],[19.63145,51.7619],[19.63174,51.76178],[19.63199,51.76159],[19.63207,51.76154],[19.63217,51.7615],[19.63212,51.76143],[19.63209,51.76142],[19.63205,51.76137],[19.63202,51.76129],[19.63198,51.76115],[19.63195,51.76098],[19.63195,51.76096],[19.63194,51.76085],[19.63191,51.76058],[19.63188,51.7603],[19.63181,51.75979],[19.63175,51.75925],[19.63168,51.75887],[19.63163,51.75819],[19.63158,51.7577],[19.63154,51.7573],[19.63152,51.75707],[19.6315,51.75684],[19.6314,51.75684],[19.63101,51.75298],[19.63002,51.75242],[19.62376,51.74808],[19.62289,51.74881],[19.61653,51.75422],[19.61018,51.75963],[19.60991,51.75981],[19.60944,51.76001],[19.60785,51.76123],[19.60744,51.76106],[19.60061,51.75757],[19.60046,51.75745],[19.59825,51.7563],[19.59775,51.75605],[19.59685,51.7556],[19.59637,51.75534],[19.59414,51.75418],[19.59237,51.7533],[19.59115,51.75259],[19.59044,51.75169],[19.58983,51.75124],[19.58464,51.7522],[19.575,51.75395],[19.57409,51.75189],[19.57429,51.75184],[19.5746,51.75241],[19.57516,51.7523]]},"properties":{"line":"91B","dir":"1","mode":"bus"}},{"type":"Feature","geometry":{"type":"LineString","coordinates":[[19.57488,51.75181],[19.57477,51.75182],[19.57431,51.75191],[19.57501,51.7537],[19.58308,51.75217],[19.58914,51.75094],[19.59016,51.75085],[19.59022,51.75117],[19.59038,51.75157],[19.59115,51.75256],[19.5927,51.75338],[19.59274,51.75344],[19.60297,51.75864],[19.60717,51.76083],[19.60784,51.76119],[19.60892,51.76035],[19.60935,51.76],[19.60951,51.75992],[19.60981,51.7598],[19.60994,51.75974],[19.61007,51.75964],[19.61185,51.75812],[19.6164,51.75416],[19.62342,51.74824],[19.6237,51.74814],[19.63065,51.75274],[19.63108,51.75306],[19.63157,51.7571],[19.63209,51.7614],[19.63173,51.76183],[19.6244,51.76742],[19.62206,51.76921],[19.6192,51.77139],[19.61353,51.77572],[19.61327,51.77593],[19.61073,51.77786],[19.60971,51.77839],[19.60839,51.77878],[19.60695,51.77936],[19.60584,51.7801],[19.60549,51.78065],[19.60534,51.7814],[19.60532,51.78147],[19.60531,51.78153],[19.60522,51.78174],[19.60514,51.78189],[19.60513,51.78198],[19.60509,51.78205],[19.60471,51.78246],[19.60338,51.78349],[19.5964,51.78879],[19.59004,51.79365],[19.58976,51.79383],[19.59082,51.79437],[19.60045,51.79925],[19.60045,51.79925],[19.60967,51.80391],[19.60967,51.80391],[19.61473,51.80646],[19.61847,51.81086],[19.62668,51.82069],[19.62668,51.82069],[19.62667,51.82079],[19.62676,51.82091],[19.62726,51.82149],[19.62745,51.82172],[19.62757,51.82187],[19.62765,51.822],[19.62771,51.82207],[19.62774,51.82216],[19.62774,51.82221],[19.62778,51.82229],[19.6278,51.82247],[19.62781,51.82281],[19.62781,51.82346],[19.62782,51.82423],[19.62782,51.82485],[19.62783,51.82523],[19.62785,51.82523],[19.62785,51.82523],[19.62779,51.82715],[19.63064,51.83225],[19.63066,51.8324],[19.63085,51.83278],[19.6311,51.83323],[19.63137,51.83377],[19.63158,51.83417],[19.63178,51.83455],[19.63206,51.83506],[19.63253,51.836],[19.63285,51.83659],[19.63299,51.83687],[19.6331,51.83712],[19.63331,51.83751],[19.63345,51.83779],[19.63353,51.83794],[19.63357,51.83809],[19.6336,51.8382],[19.63364,51.83834],[19.63364,51.83852],[19.63357,51.83886],[19.63346,51.8393],[19.63332,51.83984],[19.63326,51.84007],[19.63308,51.84054],[19.63295,51.84099],[19.63285,51.84133],[19.63276,51.84157],[19.63277,51.84157],[19.63478,51.84986],[19.63633,51.85273],[19.63875,51.85486],[19.63887,51.85481]]},"properties":{"line":"91C","dir":"0","mode":"bus"}},{"type":"Feature","geometry":{"type":"LineString","coordinates":[[19.63881,51.85486],[19.63654,51.85299],[19.63451,51.84971],[19.63277,51.8414],[19.63373,51.83826],[19.63041,51.83198],[19.62793,51.82709],[19.62775,51.8249],[19.62775,51.8249],[19.62784,51.82225],[19.62569,51.8197],[19.62569,51.8197],[19.62561,51.81952],[19.62518,51.81901],[19.62492,51.81871],[19.62456,51.81828],[19.62451,51.81822],[19.62398,51.81757],[19.62336,51.81684],[19.62189,51.81508],[19.62179,51.81497],[19.62106,51.81409],[19.62076,51.81373],[19.61463,51.80654],[19.60949,51.80393],[19.60949,51.80393],[19.60035,51.79931],[19.59965,51.7989],[19.59906,51.79862],[19.59892,51.79854],[19.59745,51.7978],[19.59726,51.79771],[19.59483,51.79648],[19.5926,51.79535],[19.59213,51.7951],[19.59048,51.79427],[19.59031,51.79419],[19.59028,51.79421],[19.59026,51.79421],[19.59025,51.79422],[19.59023,51.79422],[19.59006,51.79423],[19.59007,51.79429],[19.58972,51.79426],[19.58972,51.79416],[19.58969,51.79401],[19.58968,51.79385],[19.58978,51.79384],[19.5898,51.79379],[19.58982,51.79378],[19.58983,51.79375],[19.58996,51.79365],[19.59031,51.79338],[19.59115,51.79275],[19.59106,51.79271],[19.59138,51.79256],[19.59655,51.78851],[19.60284,51.78374],[19.60495,51.78223],[19.60537,51.78093],[19.60579,51.78008],[19.60752,51.77908],[19.60949,51.77841],[19.61124,51.7776],[19.61291,51.77603],[19.61348,51.77571],[19.61897,51.77145],[19.62208,51.76906],[19.62431,51.76733],[19.62474,51.76706],[19.63145,51.7619],[19.63174,51.76178],[19.63199,51.76159],[19.63207,51.76154],[19.63217,51.7615],[19.63212,51.76143],[19.63209,51.76142],[19.63205,51.76137],[19.63202,51.76129],[19.63198,51.76115],[19.63195,51.76098],[19.63195,51.76096],[19.63194,51.76085],[19.63191,51.76058],[19.63188,51.7603],[19.63181,51.75979],[19.63175,51.75925],[19.63168,51.75887],[19.63163,51.75819],[19.63158,51.7577],[19.63154,51.7573],[19.63152,51.75707],[19.6315,51.75684],[19.6314,51.75684],[19.63101,51.75298],[19.63002,51.75242],[19.62376,51.74808],[19.62289,51.74881],[19.61653,51.75422],[19.61018,51.75963],[19.60991,51.75981],[19.60944,51.76001],[19.60785,51.76123],[19.60744,51.76106],[19.60061,51.75757],[19.60046,51.75745],[19.59825,51.7563],[19.59775,51.75605],[19.59685,51.7556],[19.59637,51.75534],[19.59414,51.75418],[19.59237,51.7533],[19.59115,51.75259],[19.59044,51.75169],[19.58983,51.75124],[19.58464,51.7522],[19.575,51.75395],[19.57409,51.75189],[19.57429,51.75184],[19.5746,51.75241],[19.57516,51.7523]]},"properties":{"line":"91C","dir":"1","mode":"bus"}},{"type":"Feature","geometry":{"type":"LineString","coordinates":[[19.61943,51.70213],[19.61968,51.70237],[19.61552,51.70294],[19.6132,51.70364],[19.61089,51.70464],[19.60887,51.70531],[19.60738,51.70573],[19.60465,51.70643],[19.60253,51.70794],[19.59897,51.70931],[19.5964,51.70976],[19.59402,51.71007],[19.59328,51.71017],[19.59264,51.71028],[19.59194,51.71037],[19.59171,51.71042],[19.59166,51.71043],[19.59112,51.71055],[19.59074,51.71063],[19.58839,51.71118],[19.58739,51.71141],[19.58635,51.71166],[19.58457,51.71205],[19.58458,51.71206],[19.58417,51.71217],[19.58341,51.71235],[19.58289,51.71244],[19.58251,51.71253],[19.58222,51.71262],[19.58171,51.71274],[19.58114,51.71287],[19.57814,51.71358],[19.57724,51.71379],[19.5767,51.71392],[19.57658,51.71395],[19.576,51.71406],[19.57545,51.71422],[19.57522,51.71428],[19.57519,51.71428],[19.57426,51.71449],[19.57348,51.71469],[19.56346,51.71638],[19.55733,51.71561],[19.55614,51.71501],[19.55266,51.71253],[19.54329,51.71134],[19.54323,51.71152],[19.54326,51.71169],[19.54348,51.71172],[19.54389,51.71181],[19.54159,51.71683],[19.541,51.71797],[19.54052,51.71897],[19.54005,51.71996],[19.53906,51.72208],[19.53897,51.72218],[19.53887,51.72228],[19.53891,51.7224],[19.53886,51.72249],[19.53878,51.72254],[19.53876,51.72281],[19.53867,51.72309],[19.53776,51.72503],[19.5378,51.72511],[19.53787,51.72523],[19.53784,51.72532],[19.53773,51.72542],[19.53747,51.72544],[19.53719,51.72552],[19.5352,51.72739],[19.52972,51.73241],[19.52933,51.7327],[19.52862,51.73336],[19.52831,51.73364],[19.52769,51.7342],[19.52769,51.73423],[19.52768,51.73425],[19.52767,51.73427],[19.52764,51.73428],[19.52762,51.73432],[19.52762,51.73435],[19.5276,51.73437],[19.5276,51.73441],[19.52761,51.73443],[19.52762,51.73443],[19.52762,51.73446],[19.52764,51.73446],[19.52764,51.7345],[19.52768,51.73451],[19.52769,51.73452],[19.52771,51.73453],[19.52775,51.73454],[19.5278,51.73455],[19.52785,51.73455],[19.52901,51.73454],[19.52917,51.73462],[19.52905,51.73482],[19.52831,51.73496],[19.52653,51.73499],[19.52831,51.73496],[19.52653,51.73499],[19.52495,51.73505],[19.52448,51.73507],[19.52404,51.73508],[19.52192,51.73522],[19.52095,51.73527],[19.51839,51.7355],[19.51719,51.73559],[19.51624,51.73568],[19.51586,51.7357],[19.51583,51.73572],[19.51211,51.73597],[19.51118,51.73608],[19.51044,51.73617],[19.505,51.73622],[19.50452,51.73633],[19.50452,51.7363],[19.49466,51.73714],[19.48889,51.73763],[19.4788,51.73848],[19.47861,51.74065],[19.47698,51.74367],[19.46426,51.74133],[19.46502,51.74042],[19.46277,51.74034]]},"properties":{"line":"92A","dir":"0","mode":"bus"}},{"type":"Feature","geometry":{"type":"LineString","coordinates":[[19.46277,51.7403],[19.46237,51.74239],[19.4631,51.74242],[19.46421,51.7413],[19.4643,51.74133],[19.47691,51.74364],[19.47609,51.74543],[19.48457,51.74704],[19.48557,51.74719],[19.48781,51.74743],[19.49251,51.74795],[19.49327,51.74803],[19.49472,51.74317],[19.49524,51.74142],[19.49533,51.74038],[19.49532,51.7397],[19.49464,51.73776],[19.49461,51.73694],[19.49803,51.73658],[19.49937,51.73651],[19.50209,51.73626],[19.50279,51.73617],[19.50362,51.73608],[19.50744,51.73579],[19.51032,51.73572],[19.51201,51.73572],[19.51226,51.73572],[19.51248,51.73572],[19.51278,51.7357],[19.51301,51.73568],[19.51345,51.73563],[19.5141,51.73559],[19.51522,51.73551],[19.5157,51.73546],[19.51582,51.73546],[19.51998,51.73514],[19.52189,51.73496],[19.52217,51.73491],[19.52689,51.73469],[19.52741,51.73442],[19.52783,51.73402],[19.52901,51.73293],[19.52996,51.73205],[19.52996,51.73205],[19.53454,51.72782],[19.53487,51.72761],[19.53569,51.72682],[19.53697,51.72567],[19.537,51.72559],[19.53709,51.72552],[19.53713,51.72549],[19.53722,51.7254],[19.53736,51.7253],[19.53736,51.72528],[19.5374,51.7252],[19.53742,51.72519],[19.53743,51.72518],[19.53751,51.72514],[19.53753,51.72513],[19.53754,51.72513],[19.53755,51.72513],[19.53756,51.72512],[19.53759,51.72512],[19.5376,51.72512],[19.53761,51.72512],[19.53763,51.72505],[19.53766,51.72496],[19.53772,51.72487],[19.53775,51.72478],[19.53775,51.72474],[19.53775,51.72472],[19.53817,51.72388],[19.5385,51.72304],[19.53855,51.72252],[19.53838,51.72245],[19.53837,51.72236],[19.53846,51.72225],[19.53867,51.72217],[19.53905,51.72199],[19.53967,51.72057],[19.54182,51.71608],[19.54388,51.7118],[19.54337,51.71172],[19.54323,51.71163],[19.54329,51.71134],[19.54885,51.71205],[19.55145,51.71235],[19.55226,51.71248],[19.55256,51.71253],[19.55265,51.71253],[19.55273,51.71257],[19.55277,51.71259],[19.55284,51.71262],[19.55286,51.71262],[19.55291,51.71266],[19.55305,51.71276],[19.55313,51.71281],[19.55333,51.71293],[19.5534,51.71298],[19.55375,51.71324],[19.55414,51.71353],[19.55449,51.71376],[19.55492,51.71406],[19.5553,51.71431],[19.55555,51.71449],[19.55583,51.71469],[19.55609,51.71485],[19.55614,51.71485],[19.55714,51.71553],[19.55894,51.71582],[19.56372,51.71634],[19.56553,51.71653],[19.57411,51.71449],[19.58561,51.71178],[19.59174,51.71037],[19.59734,51.70955],[19.5992,51.70922],[19.60201,51.70806],[19.60375,51.70669],[19.60488,51.70625],[19.60622,51.70597],[19.60662,51.70586],[19.60813,51.70553],[19.60876,51.70537],[19.60926,51.70519],[19.60973,51.70501],[19.6101,51.70487],[19.61051,51.7047],[19.61095,51.70452],[19.61132,51.70436],[19.61159,51.70426],[19.61155,51.70421],[19.61168,51.70421],[19.61204,51.70407],[19.61245,51.70391],[19.61271,51.70381],[19.61277,51.70376],[19.61299,51.70372],[19.6132,51.70364],[19.61334,51.70357],[19.61366,51.70349],[19.6147,51.70318],[19.61489,51.70312],[19.61561,51.70291],[19.61661,51.70277],[19.6167,51.70276],[19.61836,51.70258],[19.61925,51.70244],[19.61921,51.70234],[19.61925,51.70232],[19.61925,51.7023],[19.61926,51.70227],[19.61927,51.70224],[19.61929,51.70222],[19.6193,51.7022]]},"properties":{"line":"92A","dir":"1","mode":"bus"}},{"type":"Feature","geometry":{"type":"LineString","coordinates":[[19.61943,51.70213],[19.61968,51.70237],[19.61552,51.70294],[19.6132,51.70364],[19.61089,51.70464],[19.60887,51.70531],[19.60738,51.70573],[19.60465,51.70643],[19.60253,51.70794],[19.59897,51.70931],[19.5964,51.70976],[19.59402,51.71007],[19.59328,51.71017],[19.59264,51.71028],[19.59194,51.71037],[19.59171,51.71042],[19.59166,51.71043],[19.59112,51.71055],[19.59074,51.71063],[19.58839,51.71118],[19.58739,51.71141],[19.58635,51.71166],[19.58457,51.71205],[19.58458,51.71206],[19.58417,51.71217],[19.58341,51.71235],[19.58289,51.71244],[19.58251,51.71253],[19.58222,51.71262],[19.58171,51.71274],[19.58114,51.71287],[19.57814,51.71358],[19.57724,51.71379],[19.5767,51.71392],[19.57658,51.71395],[19.576,51.71406],[19.57545,51.71422],[19.57522,51.71428],[19.57519,51.71428],[19.57426,51.71449],[19.57348,51.71469],[19.56346,51.71638],[19.55733,51.71561],[19.55614,51.71501],[19.55266,51.71253],[19.54329,51.71134],[19.54323,51.71152],[19.54326,51.71169],[19.54348,51.71172],[19.54389,51.71181],[19.54159,51.71683],[19.541,51.71797],[19.54052,51.71897],[19.54005,51.71996],[19.53887,51.72219],[19.53898,51.72237],[19.5401,51.72244],[19.54474,51.72337],[19.54568,51.7235],[19.5482,51.72357],[19.55249,51.72379],[19.55245,51.72351],[19.55234,51.72291],[19.55301,51.72145],[19.54866,51.72041],[19.54883,51.72009],[19.54916,51.71877],[19.54961,51.71887],[19.54877,51.72034],[19.55316,51.72139],[19.55246,51.72298],[19.55269,51.72393],[19.54976,51.72385],[19.55011,51.7233],[19.55066,51.72336],[19.55057,51.72378],[19.54992,51.72372],[19.54929,51.72369],[19.54818,51.72363],[19.53981,51.72254],[19.53878,51.72248],[19.53776,51.72503],[19.5378,51.72511],[19.53787,51.72523],[19.53784,51.72532],[19.53773,51.72542],[19.53747,51.72544],[19.53719,51.72552],[19.5352,51.72739],[19.52972,51.73241],[19.52933,51.7327],[19.52862,51.73336],[19.52831,51.73364],[19.52769,51.7342],[19.52769,51.73423],[19.52768,51.73425],[19.52767,51.73427],[19.52764,51.73428],[19.52762,51.73432],[19.52762,51.73435],[19.5276,51.73437],[19.5276,51.73441],[19.52761,51.73443],[19.52762,51.73443],[19.52762,51.73446],[19.52764,51.73446],[19.52764,51.7345],[19.52768,51.73451],[19.52769,51.73452],[19.52771,51.73453],[19.52775,51.73454],[19.5278,51.73455],[19.52785,51.73455],[19.52901,51.73454],[19.52917,51.73462],[19.52905,51.73482],[19.52831,51.73496],[19.52653,51.73499],[19.52831,51.73496],[19.52653,51.73499],[19.52495,51.73505],[19.52448,51.73507],[19.52404,51.73508],[19.52192,51.73522],[19.52095,51.73527],[19.51839,51.7355],[19.51719,51.73559],[19.51624,51.73568],[19.51586,51.7357],[19.51583,51.73572],[19.51211,51.73597],[19.51118,51.73608],[19.51044,51.73617],[19.505,51.73622],[19.50452,51.73633],[19.50452,51.7363],[19.49466,51.73714],[19.48889,51.73763],[19.4788,51.73848],[19.47861,51.74065],[19.47698,51.74367],[19.46426,51.74133],[19.46502,51.74042],[19.46277,51.74034]]},"properties":{"line":"92B","dir":"0","mode":"bus"}},{"type":"Feature","geometry":{"type":"LineString","coordinates":[[19.46277,51.7403],[19.46237,51.74239],[19.4631,51.74242],[19.46421,51.7413],[19.4643,51.74133],[19.47691,51.74364],[19.47609,51.74543],[19.48457,51.74704],[19.48557,51.74719],[19.48781,51.74743],[19.49251,51.74795],[19.49327,51.74803],[19.49472,51.74317],[19.49524,51.74142],[19.49533,51.74038],[19.49532,51.7397],[19.49464,51.73776],[19.49461,51.73694],[19.49803,51.73658],[19.49937,51.73651],[19.50209,51.73626],[19.50279,51.73617],[19.50362,51.73608],[19.50744,51.73579],[19.51032,51.73572],[19.51201,51.73572],[19.51226,51.73572],[19.51248,51.73572],[19.51278,51.7357],[19.51301,51.73568],[19.51345,51.73563],[19.5141,51.73559],[19.51522,51.73551],[19.5157,51.73546],[19.51582,51.73546],[19.51998,51.73514],[19.52189,51.73496],[19.52217,51.73491],[19.52689,51.73469],[19.52741,51.73442],[19.52783,51.73402],[19.52901,51.73293],[19.52996,51.73205],[19.52996,51.73205],[19.53454,51.72782],[19.53487,51.72761],[19.53569,51.72682],[19.53697,51.72567],[19.537,51.72559],[19.53709,51.72552],[19.53713,51.72549],[19.53722,51.7254],[19.53736,51.7253],[19.53736,51.72528],[19.5374,51.7252],[19.53742,51.72519],[19.53743,51.72518],[19.53751,51.72514],[19.53753,51.72513],[19.53754,51.72513],[19.53755,51.72513],[19.53756,51.72512],[19.53759,51.72512],[19.5376,51.72512],[19.53761,51.72512],[19.53763,51.72505],[19.53766,51.72496],[19.53772,51.72487],[19.53775,51.72478],[19.53775,51.72474],[19.53775,51.72472],[19.53781,51.72462],[19.53788,51.72442],[19.53797,51.72432],[19.538,51.72421],[19.53827,51.72363],[19.53828,51.72352],[19.53832,51.72335],[19.53853,51.72295],[19.53858,51.72289],[19.53862,51.72268],[19.53839,51.72246],[19.53832,51.72228],[19.53862,51.72218],[19.53892,51.72233],[19.54008,51.72246],[19.54151,51.72281],[19.54265,51.72308],[19.54318,51.72318],[19.54359,51.72327],[19.54447,51.7234],[19.54523,51.72349],[19.54995,51.72367],[19.55011,51.72334],[19.55028,51.72335],[19.55064,51.72336],[19.55058,51.72369],[19.55245,51.72381],[19.55246,51.72352],[19.55228,51.72297],[19.55303,51.72147],[19.54862,51.72041],[19.54879,51.7201],[19.54916,51.71877],[19.54961,51.71887],[19.54877,51.72034],[19.55316,51.72139],[19.55243,51.72305],[19.55267,51.72392],[19.54989,51.72381],[19.54196,51.72304],[19.53982,51.72246],[19.53904,51.7225],[19.53869,51.72255],[19.53842,51.72259],[19.5382,51.72246],[19.53825,51.72225],[19.53849,51.72209],[19.53883,51.72208],[19.53967,51.72057],[19.54182,51.71608],[19.54388,51.7118],[19.54337,51.71172],[19.54323,51.71163],[19.54329,51.71134],[19.54885,51.71205],[19.55145,51.71235],[19.55226,51.71248],[19.55256,51.71253],[19.55265,51.71253],[19.55273,51.71257],[19.55277,51.71259],[19.55284,51.71262],[19.55286,51.71262],[19.55291,51.71266],[19.55305,51.71276],[19.55313,51.71281],[19.55333,51.71293],[19.5534,51.71298],[19.55375,51.71324],[19.55414,51.71353],[19.55449,51.71376],[19.55492,51.71406],[19.5553,51.71431],[19.55555,51.71449],[19.55583,51.71469],[19.55609,51.71485],[19.55614,51.71485],[19.55714,51.71553],[19.55894,51.71582],[19.56372,51.71634],[19.56553,51.71653],[19.57411,51.71449],[19.58561,51.71178],[19.59174,51.71037],[19.59734,51.70955],[19.5992,51.70922],[19.60201,51.70806],[19.60375,51.70669],[19.60488,51.70625],[19.60622,51.70597],[19.60662,51.70586],[19.60813,51.70553],[19.60876,51.70537],[19.60926,51.70519],[19.60973,51.70501],[19.6101,51.70487],[19.61051,51.7047],[19.61095,51.70452],[19.61132,51.70436],[19.61159,51.70426],[19.61155,51.70421],[19.61168,51.70421],[19.61204,51.70407],[19.61245,51.70391],[19.61271,51.70381],[19.61277,51.70376],[19.61299,51.70372],[19.6132,51.70364],[19.61334,51.70357],[19.61366,51.70349],[19.6147,51.70318],[19.61489,51.70312],[19.61561,51.70291],[19.61661,51.70277],[19.6167,51.70276],[19.61836,51.70258],[19.61925,51.70244],[19.61921,51.70234],[19.61925,51.70232],[19.61925,51.7023],[19.61926,51.70227],[19.61927,51.70224],[19.61929,51.70222],[19.6193,51.7022]]},"properties":{"line":"92B","dir":"1","mode":"bus"}},{"type":"Feature","geometry":{"type":"LineString","coordinates":[[19.43103,51.75667],[19.43111,51.75655],[19.43122,51.75645],[19.43142,51.75639],[19.43153,51.75637],[19.4316,51.7563],[19.43167,51.75627],[19.43176,51.75623],[19.4318,51.75623],[19.43188,51.75623],[19.43195,51.75623],[19.43221,51.75629],[19.43227,51.75632],[19.43234,51.75636],[19.43239,51.75639],[19.4324,51.7564],[19.43241,51.75644],[19.43241,51.75647],[19.43241,51.7565],[19.4324,51.7565],[19.43234,51.75659],[19.43234,51.75664],[19.43233,51.75669],[19.43234,51.75675],[19.43237,51.75682],[19.4325,51.75695],[19.43303,51.75747],[19.4333,51.75772],[19.43343,51.7578],[19.43367,51.75741],[19.43387,51.75704],[19.43394,51.75693],[19.43385,51.75694],[19.43396,51.75686],[19.4342,51.75645],[19.43434,51.75619],[19.43442,51.75601],[19.43446,51.75597],[19.43447,51.75596],[19.43448,51.75593],[19.43455,51.75582],[19.43462,51.75569],[19.43469,51.75555],[19.43487,51.75519],[19.43492,51.75513],[19.43497,51.75506],[19.43503,51.75494],[19.43511,51.75474],[19.43512,51.7547],[19.43523,51.75433],[19.4354,51.75379],[19.43558,51.75325],[19.43565,51.75298],[19.43569,51.7529],[19.43573,51.75283],[19.43589,51.75259],[19.43592,51.75242],[19.43593,51.75232],[19.43608,51.75184],[19.43614,51.75161],[19.43628,51.7513],[19.4364,51.75103],[19.43649,51.75085],[19.43657,51.75067],[19.43687,51.75021],[19.43702,51.75001],[19.4371,51.74993],[19.43728,51.74968],[19.43786,51.74896],[19.4379,51.74889],[19.43798,51.7488],[19.43821,51.74847],[19.43927,51.74704],[19.43963,51.74653],[19.43976,51.74628],[19.43994,51.7457],[19.44012,51.74564],[19.44112,51.74304],[19.44202,51.74055],[19.44221,51.73943],[19.44221,51.73839],[19.44201,51.73587],[19.44199,51.73569],[19.44191,51.73437],[19.44183,51.73313],[19.4418,51.7325],[19.44179,51.73241],[19.4416,51.73212],[19.44172,51.73202],[19.44193,51.7312],[19.4422,51.7307],[19.44315,51.72973],[19.44471,51.72879],[19.4483,51.72627],[19.4483,51.72627],[19.45155,51.72369],[19.45381,51.72176],[19.45507,51.72046],[19.45698,51.71749],[19.45773,51.71664],[19.46097,51.71364],[19.46227,51.7117],[19.46493,51.7117],[19.4659,51.71164],[19.46591,51.71142],[19.46591,51.71135],[19.46589,51.71115],[19.46584,51.71109],[19.46588,51.71103],[19.46586,51.71065],[19.4659,51.71039],[19.46637,51.70992],[19.46652,51.70976],[19.46675,51.70955],[19.46715,51.70913],[19.46718,51.7091],[19.46805,51.70823],[19.46817,51.7081],[19.46996,51.70624],[19.4675,51.70535],[19.4677,51.70508],[19.47156,51.70122],[19.47193,51.7008],[19.47289,51.70035],[19.47371,51.70022],[19.47557,51.70008],[19.47711,51.69995],[19.47875,51.69963],[19.47969,51.69963],[19.48004,51.70044],[19.4812,51.70199],[19.48342,51.70452],[19.48761,51.70851],[19.48814,51.7094],[19.48683,51.70943],[19.48593,51.70938],[19.48492,51.70937],[19.48469,51.70842],[19.48461,51.70787],[19.48407,51.70723],[19.48281,51.70591],[19.48245,51.70553],[19.48241,51.70553],[19.48155,51.70461],[19.48104,51.7041],[19.48051,51.70395],[19.48022,51.70381],[19.4803,51.70355],[19.48061,51.70347],[19.48088,51.70356]]},"properties":{"line":"93","dir":"0","mode":"bus"}},{"type":"Feature","geometry":{"type":"LineString","coordinates":[[19.48051,51.70347],[19.48029,51.70391],[19.48059,51.70397],[19.48115,51.70417],[19.48213,51.7051],[19.4844,51.70748],[19.48472,51.70823],[19.48492,51.70937],[19.48553,51.70936],[19.48562,51.70927],[19.48649,51.70937],[19.48688,51.70931],[19.48723,51.70902],[19.4867,51.70848],[19.48008,51.70111],[19.47955,51.70036],[19.47936,51.70013],[19.47916,51.70005],[19.47892,51.70005],[19.47728,51.70042],[19.47334,51.70042],[19.47266,51.7006],[19.47187,51.70116],[19.4677,51.70542],[19.46793,51.70544],[19.46996,51.70624],[19.46591,51.71046],[19.46612,51.71174],[19.46247,51.71188],[19.45713,51.71763],[19.45698,51.71782],[19.4569,51.71798],[19.45672,51.71824],[19.45654,51.71852],[19.45632,51.71891],[19.45601,51.71943],[19.45573,51.71991],[19.45567,51.72027],[19.45544,51.72067],[19.45513,51.72102],[19.45474,51.72146],[19.45427,51.7219],[19.45384,51.72225],[19.45305,51.72288],[19.45229,51.7235],[19.45095,51.7246],[19.45044,51.72504],[19.45011,51.7253],[19.44957,51.72577],[19.44838,51.72672],[19.44804,51.72703],[19.44793,51.72709],[19.44787,51.72713],[19.44775,51.7272],[19.44745,51.72743],[19.44717,51.72761],[19.44712,51.72757],[19.44663,51.72791],[19.44578,51.72842],[19.44485,51.72892],[19.44455,51.72907],[19.44391,51.72946],[19.44334,51.7298],[19.44293,51.73016],[19.44262,51.73047],[19.44227,51.73099],[19.44212,51.73133],[19.44199,51.73175],[19.44196,51.73205],[19.44198,51.73253],[19.44215,51.73275],[19.44202,51.73299],[19.44212,51.73437],[19.44215,51.73491],[19.44218,51.73509],[19.4422,51.73527],[19.44222,51.73561],[19.44229,51.73608],[19.44229,51.73704],[19.4424,51.7388],[19.44245,51.73972],[19.44222,51.7406],[19.44096,51.74412],[19.44027,51.74593],[19.43997,51.74641],[19.43991,51.7465],[19.43982,51.74663],[19.4395,51.74705],[19.43933,51.74725],[19.43821,51.7488],[19.43812,51.74895],[19.43799,51.74913],[19.43797,51.74929],[19.43762,51.74958],[19.43714,51.75022],[19.43702,51.7504],[19.43675,51.75085],[19.43659,51.7511],[19.4364,51.75157],[19.43625,51.75203],[19.43614,51.75235],[19.43612,51.75247],[19.43599,51.75287],[19.43569,51.75398],[19.43554,51.75451],[19.43545,51.75477],[19.43494,51.756],[19.43479,51.75632],[19.43452,51.75675],[19.43414,51.75741],[19.43377,51.75797],[19.43343,51.7578],[19.4333,51.75772],[19.43327,51.75766],[19.43302,51.75747],[19.43268,51.75726],[19.43259,51.75707],[19.43253,51.75701],[19.4325,51.75695],[19.43237,51.75682],[19.43234,51.75675],[19.43233,51.75669],[19.43234,51.75664],[19.43234,51.75659],[19.4324,51.7565],[19.43241,51.7565],[19.43241,51.75647],[19.43241,51.75644],[19.4324,51.7564],[19.43239,51.75639],[19.43234,51.75636],[19.43227,51.75632],[19.43221,51.75629],[19.43209,51.75627],[19.43195,51.75623],[19.43188,51.75623],[19.4318,51.75623],[19.43176,51.75623],[19.4317,51.75626],[19.43167,51.75627],[19.43164,51.75629],[19.4316,51.7563],[19.43153,51.75637],[19.43146,51.75644],[19.43152,51.75648],[19.43153,51.7565],[19.43156,51.7565],[19.43158,51.7565],[19.43159,51.75655],[19.4316,51.75657],[19.4316,51.75659],[19.43159,51.75662],[19.43159,51.75665],[19.43159,51.75666],[19.43158,51.75669],[19.43157,51.75671],[19.43156,51.75673],[19.43153,51.75675],[19.43114,51.7572],[19.43113,51.7572],[19.43111,51.7572],[19.4311,51.75725],[19.43108,51.75725],[19.43106,51.75726],[19.43104,51.75727],[19.43101,51.75727],[19.431,51.75727],[19.43098,51.75727],[19.43093,51.75727],[19.43089,51.75726],[19.43086,51.75725],[19.43085,51.7572],[19.43084,51.7572],[19.43083,51.7572],[19.43083,51.75717],[19.43084,51.75716],[19.43085,51.75712],[19.43086,51.75709],[19.43099,51.75684],[19.43106,51.75668]]},"properties":{"line":"93","dir":"1","mode":"bus"}},{"type":"Feature","geometry":{"type":"LineString","coordinates":[[19.21157,51.75488],[19.21214,51.75467],[19.21094,51.75377],[19.21422,51.7525],[19.21581,51.75256],[19.2173,51.75283],[19.21864,51.75319],[19.22052,51.75447],[19.2209,51.75502],[19.22114,51.75567],[19.22187,51.75816],[19.22221,51.75834],[19.24144,51.75896],[19.25287,51.75937],[19.25287,51.75937],[19.26486,51.75959],[19.27991,51.75671],[19.27991,51.75671],[19.28106,51.75648],[19.28125,51.75644],[19.28254,51.75618],[19.28403,51.75588],[19.28544,51.7556],[19.2855,51.75558],[19.28551,51.7556],[19.28551,51.7556],[19.29263,51.75414],[19.29263,51.75414],[19.29888,51.7529],[19.29888,51.7529],[19.30594,51.75148],[19.30594,51.75148],[19.31309,51.7501],[19.31344,51.75],[19.31852,51.74895],[19.3195,51.74876],[19.3241,51.74785],[19.32422,51.74784],[19.32548,51.7476],[19.32322,51.74339],[19.32682,51.74257],[19.33283,51.74141],[19.33354,51.74066],[19.33354,51.74066],[19.34931,51.72747],[19.34913,51.7274],[19.34964,51.72693],[19.34984,51.72703],[19.35063,51.72632],[19.35068,51.72627],[19.35091,51.72607],[19.35093,51.72607],[19.351,51.72601],[19.35106,51.72596],[19.35106,51.72593],[19.35108,51.72589],[19.35112,51.72585],[19.35116,51.72581],[19.35125,51.72579],[19.35132,51.72579],[19.35141,51.72581],[19.35147,51.72583],[19.35152,51.72588],[19.35154,51.72593],[19.35153,51.72599],[19.35155,51.72605],[19.35157,51.72612],[19.35162,51.72615],[19.35166,51.72619],[19.35183,51.72627],[19.35187,51.7263],[19.3519,51.72632],[19.35193,51.72637],[19.35194,51.72639],[19.35193,51.72644],[19.35193,51.72648],[19.35194,51.72651],[19.35197,51.72659],[19.35204,51.72668],[19.35208,51.72672],[19.35215,51.72682],[19.35251,51.72711],[19.35326,51.72788],[19.35364,51.72816],[19.35381,51.72818],[19.35403,51.72825],[19.35406,51.7284],[19.35439,51.72857],[19.35492,51.72879],[19.35819,51.73023],[19.35851,51.73049],[19.35869,51.73055],[19.35874,51.7306],[19.35999,51.73067],[19.36808,51.73273],[19.36808,51.73272],[19.36836,51.73286],[19.37498,51.73455],[19.37498,51.73455],[19.37737,51.73532],[19.37937,51.73579],[19.37937,51.73579],[19.38108,51.73617],[19.38205,51.73623],[19.38545,51.73629],[19.38613,51.73634],[19.38657,51.73634],[19.38669,51.73637],[19.3865,51.73664],[19.38599,51.73734],[19.38575,51.73767],[19.3856,51.73792],[19.3852,51.73849],[19.38507,51.73866],[19.38468,51.73927],[19.38458,51.73937],[19.3841,51.74008],[19.384,51.7402],[19.38407,51.74024],[19.38353,51.7412],[19.38369,51.74146],[19.3841,51.74175],[19.38476,51.7422],[19.38479,51.74226],[19.38474,51.74235],[19.38398,51.74239]]},"properties":{"line":"94","dir":"0","mode":"bus"}},{"type":"Feature","geometry":{"type":"LineString","coordinates":[[19.38265,51.74236],[19.38299,51.74172],[19.38507,51.73866],[19.3852,51.73849],[19.3856,51.73792],[19.38575,51.73767],[19.38599,51.73734],[19.38652,51.73647],[19.38657,51.73639],[19.38572,51.73636],[19.38131,51.73628],[19.37922,51.7359],[19.37583,51.73491],[19.37525,51.73471],[19.37352,51.73425],[19.37339,51.73419],[19.37064,51.73349],[19.37046,51.73344],[19.36924,51.73311],[19.3685,51.73291],[19.3591,51.73048],[19.35459,51.72869],[19.3526,51.72727],[19.35247,51.72716],[19.35213,51.72683],[19.35198,51.72677],[19.35181,51.72662],[19.35174,51.72656],[19.35164,51.72654],[19.35157,51.72653],[19.35151,51.7265],[19.35146,51.72643],[19.35146,51.72636],[19.35145,51.72632],[19.35141,51.72625],[19.35138,51.72618],[19.35135,51.72602],[19.35125,51.72611],[19.35118,51.72611],[19.35106,51.72613],[19.35094,51.7262],[19.35084,51.72625],[19.35071,51.72633],[19.34931,51.72747],[19.34915,51.7274],[19.34965,51.72695],[19.34988,51.72705],[19.34271,51.73333],[19.34168,51.73388],[19.33845,51.73676],[19.33344,51.74096],[19.33283,51.74141],[19.3286,51.74235],[19.32322,51.74339],[19.32548,51.7476],[19.32456,51.74785],[19.32444,51.74784],[19.31973,51.74877],[19.30574,51.75157],[19.29896,51.75295],[19.29896,51.75295],[19.29256,51.75422],[19.29256,51.75422],[19.28528,51.75566],[19.28528,51.75566],[19.27962,51.75677],[19.27962,51.75677],[19.2648,51.7596],[19.25261,51.7594],[19.25261,51.7594],[19.24104,51.759],[19.22212,51.75837],[19.22107,51.75911],[19.21867,51.75982],[19.21712,51.76125],[19.21443,51.76262],[19.20721,51.7681],[19.20577,51.76812],[19.20573,51.76823],[19.20557,51.76859],[19.20527,51.76855],[19.20416,51.76854],[19.20405,51.76822],[19.20443,51.76814],[19.20615,51.76802],[19.20721,51.76803],[19.21432,51.76251],[19.21852,51.75972],[19.22061,51.75916],[19.22192,51.75828],[19.22174,51.75801],[19.22084,51.75488],[19.22031,51.75426],[19.21865,51.75317],[19.21781,51.75289],[19.21646,51.75263],[19.21427,51.75249],[19.21101,51.75376],[19.21271,51.75513],[19.21203,51.75539]]},"properties":{"line":"94","dir":"1","mode":"bus"}},{"type":"Feature","geometry":{"type":"LineString","coordinates":[[19.36649,51.79447],[19.36765,51.79444],[19.36977,51.79473],[19.36999,51.79473],[19.37104,51.79489],[19.37253,51.79482],[19.37332,51.79483],[19.37376,51.79478],[19.37379,51.79471],[19.37407,51.79464],[19.37418,51.79473],[19.37463,51.79464],[19.37578,51.79444],[19.37611,51.79437],[19.3786,51.79387],[19.37873,51.79383],[19.37901,51.79376],[19.37934,51.79371],[19.37941,51.7937],[19.37956,51.79368],[19.38004,51.79366],[19.38018,51.79366],[19.38032,51.79367],[19.38047,51.79368],[19.38062,51.79369],[19.3808,51.79372],[19.38342,51.79384],[19.38376,51.79385],[19.38397,51.79382],[19.3842,51.79381],[19.38423,51.79377],[19.38431,51.79373],[19.38438,51.79371],[19.38447,51.79371],[19.38456,51.79373],[19.38462,51.79375],[19.38472,51.79374],[19.38488,51.79373],[19.38501,51.79372],[19.38511,51.79371],[19.38554,51.79361],[19.38576,51.79356],[19.38599,51.79353],[19.38985,51.79276],[19.39036,51.79266],[19.39076,51.7926],[19.39131,51.79257],[19.3923,51.79252],[19.39243,51.79251],[19.39276,51.79246],[19.39299,51.79243],[19.3931,51.79242],[19.39317,51.79238],[19.39323,51.79234],[19.39332,51.79233],[19.39339,51.79233],[19.39346,51.79234],[19.39351,51.79237],[19.39357,51.79241],[19.3936,51.79245],[19.39361,51.79248],[19.3936,51.79253],[19.39356,51.79259],[19.39354,51.79264],[19.39352,51.79269],[19.39356,51.79279],[19.39359,51.79292],[19.39363,51.79317],[19.39387,51.79436],[19.39389,51.79446],[19.39393,51.7945],[19.39398,51.79455],[19.39401,51.79463],[19.39403,51.79466],[19.39408,51.79469],[19.39414,51.79472],[19.39417,51.79477],[19.39418,51.79482],[19.39415,51.79488],[19.3941,51.79492],[19.39408,51.79496],[19.39407,51.79509],[19.39404,51.79517],[19.39404,51.79522],[19.39423,51.79615],[19.39439,51.79731],[19.39461,51.7974],[19.39477,51.7974],[19.39528,51.79729],[19.39796,51.7968],[19.39828,51.79674],[19.39942,51.79651],[19.39951,51.79648],[19.40167,51.79606],[19.40202,51.79599],[19.40233,51.79594],[19.40239,51.7959],[19.40252,51.7959],[19.4027,51.79585],[19.40343,51.79568],[19.40346,51.79563],[19.40406,51.79559],[19.40547,51.79533],[19.40651,51.79512],[19.40659,51.79511],[19.40731,51.79496],[19.40851,51.79471],[19.40984,51.79442],[19.41017,51.79435],[19.41022,51.79434],[19.41069,51.79426],[19.41088,51.79425],[19.41087,51.79418],[19.41087,51.79418],[19.42101,51.79216],[19.42075,51.79077],[19.42082,51.79015],[19.42089,51.7898],[19.42231,51.78944],[19.42329,51.78917],[19.42354,51.78913],[19.42409,51.78899],[19.42447,51.78889],[19.42504,51.78872],[19.42563,51.78859],[19.42574,51.78854],[19.42623,51.78844],[19.42664,51.78833],[19.42702,51.78823],[19.42818,51.78793],[19.42935,51.78755],[19.42998,51.78734],[19.43111,51.78699],[19.43159,51.78683],[19.43195,51.78672],[19.43225,51.78662],[19.43232,51.78658],[19.43302,51.78636],[19.43321,51.78631],[19.43371,51.78613],[19.43441,51.78592],[19.43447,51.78592],[19.43483,51.78582],[19.43527,51.78572],[19.43565,51.78563],[19.43602,51.78556],[19.43665,51.78541],[19.4368,51.7854],[19.43696,51.78537],[19.43734,51.78529],[19.43755,51.78523],[19.43759,51.78523],[19.43833,51.78503],[19.43856,51.78503],[19.43896,51.78494],[19.43962,51.78478],[19.44085,51.7846],[19.44107,51.78457],[19.44203,51.7844],[19.4424,51.78433],[19.4429,51.78424],[19.44311,51.78422],[19.44338,51.78417],[19.44378,51.78411],[19.44416,51.78402],[19.44427,51.784],[19.44451,51.78397],[19.44483,51.78393],[19.44515,51.78388],[19.44666,51.78361],[19.44866,51.78321],[19.4501,51.78291],[19.45019,51.78291],[19.45028,51.78293],[19.45031,51.78279],[19.45057,51.78198],[19.45091,51.78083],[19.45099,51.78057],[19.45123,51.78003],[19.45161,51.77857],[19.45173,51.77798],[19.45187,51.77717],[19.452,51.7766],[19.45201,51.77656],[19.45201,51.77654],[19.45202,51.77653],[19.45202,51.7765],[19.45245,51.77449],[19.45257,51.77449],[19.45261,51.77449],[19.4527,51.77449],[19.45783,51.77494],[19.45849,51.77499],[19.46282,51.77536],[19.46903,51.77589],[19.46931,51.77473],[19.46924,51.77437],[19.46904,51.77393],[19.46897,51.77356],[19.46953,51.77184],[19.4736,51.7722],[19.47483,51.7723],[19.48116,51.77286],[19.4819,51.77285],[19.48261,51.77292],[19.48284,51.77159],[19.48304,51.77077],[19.48346,51.76866],[19.4835,51.76844],[19.48354,51.76828],[19.48356,51.76814],[19.48364,51.76778],[19.48365,51.76774],[19.48367,51.76764],[19.4837,51.76749],[19.48478,51.76163],[19.48629,51.76022],[19.48696,51.75952],[19.48713,51.75932],[19.48738,51.759],[19.48772,51.75855],[19.48838,51.75752],[19.48879,51.75684],[19.48895,51.75651],[19.48904,51.75629],[19.48914,51.75597],[19.48921,51.7556],[19.4893,51.75254],[19.48933,51.75199],[19.48935,51.75146],[19.48933,51.74999],[19.48933,51.74939],[19.48935,51.74913],[19.48946,51.74873],[19.48954,51.74833],[19.48976,51.74765],[19.49251,51.74795],[19.4932,51.74804],[19.49578,51.74838],[19.49718,51.74853],[19.50299,51.74936],[19.50377,51.74947],[19.5071,51.74987],[19.51542,51.75083],[19.52087,51.75173],[19.52207,51.75186],[19.5226,51.75191],[19.52312,51.75193],[19.52628,51.75224],[19.52985,51.75242],[19.53034,51.75251],[19.53079,51.75252],[19.53099,51.75243],[19.53128,51.75232],[19.5316,51.75232],[19.53179,51.75238],[19.53206,51.75252],[19.53244,51.75253],[19.53342,51.75238],[19.53668,51.75209],[19.53773,51.75199],[19.53971,51.75166],[19.54094,51.75134],[19.54179,51.75112],[19.5438,51.75047],[19.54592,51.74967],[19.54676,51.74932],[19.54704,51.74913],[19.54747,51.74907],[19.54876,51.74853],[19.54976,51.74814],[19.55042,51.7479],[19.55115,51.74769],[19.55172,51.74754],[19.55251,51.74736],[19.55426,51.747],[19.55436,51.74698],[19.55445,51.74696],[19.55455,51.74691],[19.55459,51.74689],[19.5546,51.74688],[19.55463,51.74686],[19.55464,51.74682],[19.55467,51.74679],[19.55467,51.74677],[19.5547,51.74673],[19.55469,51.74671],[19.55467,51.74665],[19.55467,51.74662],[19.55464,51.74656],[19.55462,51.74653],[19.55455,51.74646],[19.55436,51.74632],[19.55417,51.74617],[19.5534,51.74546],[19.5521,51.74418],[19.55199,51.7441],[19.55176,51.74384],[19.55167,51.74375],[19.55164,51.74373],[19.55161,51.74369],[19.55162,51.74367],[19.55162,51.7436],[19.55162,51.74358],[19.55161,51.74351],[19.5517,51.74348],[19.55181,51.74342],[19.55192,51.7434],[19.5521,51.74331],[19.55239,51.74331],[19.55326,51.74317],[19.55348,51.74312],[19.55359,51.7431],[19.55393,51.74303],[19.55414,51.74297],[19.55449,51.74294],[19.55843,51.74233],[19.56157,51.74177],[19.56259,51.74153],[19.56906,51.74043],[19.57205,51.74696],[19.57238,51.74769],[19.57321,51.74947],[19.57376,51.75064],[19.57415,51.75191],[19.57436,51.75197],[19.57441,51.7522],[19.57449,51.75241],[19.57494,51.75232]]},"properties":{"line":"96","dir":"0","mode":"bus"}},{"type":"Feature","geometry":{"type":"LineString","coordinates":[[19.57479,51.75184],[19.57409,51.7519],[19.57358,51.75037],[19.57208,51.74727],[19.57149,51.74608],[19.57054,51.74385],[19.56956,51.74173],[19.56936,51.74132],[19.56926,51.74119],[19.56919,51.74108],[19.56905,51.74077],[19.56893,51.74053],[19.56741,51.74075],[19.56704,51.74081],[19.56598,51.74099],[19.56502,51.74115],[19.56438,51.74127],[19.56345,51.74144],[19.55239,51.74331],[19.55211,51.74337],[19.55192,51.7434],[19.55188,51.74342],[19.55183,51.74342],[19.55181,51.74342],[19.55177,51.74346],[19.55173,51.74348],[19.5517,51.74348],[19.55168,51.74351],[19.55164,51.74351],[19.55164,51.74355],[19.55164,51.74356],[19.55162,51.74358],[19.55164,51.74358],[19.55162,51.74369],[19.5537,51.74564],[19.55469,51.74671],[19.55463,51.74691],[19.55117,51.74769],[19.549,51.74847],[19.54711,51.74925],[19.54589,51.74983],[19.54569,51.74995],[19.54548,51.75008],[19.54535,51.75016],[19.54516,51.75022],[19.54488,51.7504],[19.54427,51.75064],[19.54357,51.75091],[19.54254,51.75126],[19.54204,51.75139],[19.54188,51.75146],[19.53499,51.75263],[19.53362,51.7528],[19.5332,51.75274],[19.53253,51.75272],[19.53189,51.75284],[19.5316,51.75297],[19.53118,51.75299],[19.53088,51.75286],[19.53046,51.7528],[19.52996,51.7528],[19.52926,51.75283],[19.52611,51.75243],[19.52297,51.75208],[19.52279,51.752],[19.52087,51.75177],[19.51494,51.75081],[19.50439,51.74959],[19.50265,51.74932],[19.50057,51.74896],[19.49318,51.74808],[19.48997,51.74773],[19.48945,51.74913],[19.48942,51.75131],[19.48929,51.75477],[19.48924,51.75537],[19.48923,51.75572],[19.48917,51.75605],[19.48907,51.7564],[19.48886,51.75684],[19.48804,51.75818],[19.48764,51.75877],[19.48745,51.75902],[19.48723,51.75927],[19.4867,51.75984],[19.48623,51.76032],[19.48548,51.76106],[19.48529,51.76123],[19.4852,51.76133],[19.4851,51.76141],[19.48507,51.7615],[19.48499,51.76159],[19.48492,51.76199],[19.48485,51.76282],[19.48487,51.76306],[19.48402,51.76765],[19.48402,51.76767],[19.484,51.76778],[19.48398,51.76783],[19.48388,51.76823],[19.48388,51.76839],[19.48388,51.76844],[19.48375,51.76898],[19.48358,51.76956],[19.48332,51.77071],[19.48331,51.77082],[19.48284,51.77297],[19.48284,51.77302],[19.48278,51.77332],[19.48275,51.77346],[19.4827,51.77365],[19.48265,51.77386],[19.48263,51.77395],[19.48256,51.77427],[19.48255,51.77429],[19.48234,51.77492],[19.4815,51.77489],[19.47833,51.77465],[19.47784,51.77464],[19.47687,51.77454],[19.47542,51.77441],[19.47267,51.77417],[19.47253,51.77415],[19.47012,51.77395],[19.46961,51.7739],[19.46699,51.77368],[19.46629,51.77359],[19.46456,51.77346],[19.46291,51.7733],[19.46286,51.7733],[19.45311,51.77249],[19.45285,51.77377],[19.45257,51.7751],[19.45054,51.78296],[19.44412,51.78406],[19.43991,51.78479],[19.43802,51.78517],[19.43643,51.78554],[19.43602,51.78556],[19.43565,51.78563],[19.43527,51.78572],[19.43483,51.78582],[19.43447,51.78592],[19.43441,51.78592],[19.43371,51.78613],[19.43321,51.78631],[19.43302,51.78636],[19.43232,51.78658],[19.43225,51.78662],[19.43195,51.78672],[19.43159,51.78683],[19.43111,51.78699],[19.42998,51.78734],[19.42935,51.78755],[19.42818,51.78793],[19.42664,51.78833],[19.42623,51.78844],[19.42574,51.78854],[19.42563,51.78859],[19.42504,51.78872],[19.42447,51.78889],[19.42409,51.78899],[19.42354,51.78913],[19.42335,51.78922],[19.42127,51.78979],[19.42125,51.7907],[19.42203,51.79243],[19.42126,51.79263],[19.41911,51.79271],[19.41801,51.79292],[19.41102,51.79427],[19.40909,51.79469],[19.40633,51.79527],[19.40551,51.79545],[19.40467,51.79561],[19.40405,51.79572],[19.40266,51.79601],[19.40144,51.79631],[19.40017,51.7965],[19.39942,51.7966],[19.39834,51.79686],[19.39802,51.79692],[19.39767,51.797],[19.39714,51.79709],[19.39607,51.79732],[19.395,51.79752],[19.39445,51.79764],[19.39426,51.79768],[19.39423,51.79755],[19.39416,51.79747],[19.39416,51.7974],[19.39416,51.79738],[19.39416,51.79683],[19.39416,51.79653],[19.39406,51.79572],[19.39402,51.79554],[19.39397,51.79516],[19.39395,51.7951],[19.39393,51.79502],[19.39391,51.79497],[19.39389,51.79494],[19.39384,51.79491],[19.39379,51.79487],[19.39377,51.79484],[19.39376,51.7948],[19.39379,51.79474],[19.39384,51.79469],[19.39387,51.79464],[19.39375,51.79402],[19.39356,51.79315],[19.39354,51.7931],[19.39351,51.79306],[19.39347,51.793],[19.39342,51.79293],[19.39333,51.79274],[19.39331,51.7927],[19.39328,51.79266],[19.39323,51.79265],[19.3932,51.79264],[19.39316,51.79262],[19.39314,51.7926],[19.39305,51.79258],[19.39267,51.79256],[19.39244,51.79254],[19.39226,51.79255],[19.39089,51.79262],[19.39048,51.79266],[19.38694,51.79336],[19.38484,51.79381],[19.38466,51.79387],[19.38458,51.79396],[19.38444,51.79401],[19.38434,51.794],[19.38426,51.79398],[19.38422,51.79393],[19.38399,51.79391],[19.38384,51.79388],[19.38093,51.79375],[19.38061,51.79375],[19.38041,51.79375],[19.38024,51.79375],[19.37954,51.79378],[19.37915,51.79384],[19.37875,51.7939],[19.3786,51.79391],[19.37576,51.79448],[19.37442,51.79476],[19.37422,51.79484],[19.37412,51.79494],[19.3739,51.79494],[19.37362,51.79487],[19.37137,51.79493],[19.37086,51.79489],[19.3707,51.79489],[19.37049,51.79487],[19.37029,51.79484],[19.36959,51.79474],[19.36911,51.79467],[19.36785,51.79451],[19.36751,51.79446],[19.36728,51.79445],[19.36696,51.79445],[19.36657,51.79448],[19.36578,51.79463],[19.36548,51.79469],[19.36436,51.79492],[19.36376,51.79504],[19.36212,51.79538],[19.3616,51.79548],[19.36142,51.79552]]},"properties":{"line":"96","dir":"1","mode":"bus"}},{"type":"Feature","geometry":{"type":"LineString","coordinates":[[19.43143,51.7463],[19.43145,51.74632],[19.42914,51.74644],[19.42859,51.74637],[19.42805,51.74626],[19.42785,51.7461],[19.4277,51.74591],[19.42766,51.74536],[19.42748,51.74357],[19.42728,51.74322],[19.42652,51.74321],[19.42645,51.74324],[19.42638,51.7432],[19.42401,51.74312],[19.42304,51.74312],[19.4228,51.74313],[19.42232,51.74325],[19.4218,51.74343],[19.42161,51.74363],[19.42048,51.7451],[19.42047,51.74537],[19.42058,51.74555],[19.42092,51.74574],[19.42129,51.74576],[19.4217,51.74561],[19.42222,51.74508],[19.4258,51.74663],[19.42882,51.74862],[19.42915,51.74896],[19.42959,51.74938],[19.43012,51.74996],[19.43053,51.75049],[19.43093,51.75121],[19.4311,51.75161],[19.43124,51.7522],[19.43128,51.75263],[19.43118,51.75344],[19.43105,51.75406],[19.43078,51.75479],[19.43074,51.75485],[19.43033,51.75479],[19.43012,51.75477],[19.42998,51.75476],[19.42984,51.75476],[19.42973,51.75479],[19.42959,51.75486],[19.42954,51.75493],[19.42948,51.75504],[19.42946,51.7551],[19.42946,51.75515],[19.42949,51.75522],[19.42955,51.75529],[19.42965,51.75534],[19.42978,51.75539],[19.43005,51.75542],[19.43039,51.75542],[19.4309,51.75549],[19.43132,51.75551],[19.43153,51.75551],[19.43161,51.75555],[19.43203,51.75569],[19.43444,51.75597],[19.4346,51.75601],[19.43471,51.75608],[19.4348,51.75617],[19.4348,51.75627],[19.43443,51.75702],[19.43444,51.75717],[19.43437,51.75736],[19.4337,51.75834],[19.43246,51.76008],[19.43207,51.7605],[19.43173,51.76078],[19.43067,51.76187],[19.42941,51.76347],[19.42819,51.7652],[19.42664,51.76742],[19.42617,51.76871],[19.42585,51.76928],[19.42566,51.76949],[19.42789,51.77001],[19.42804,51.76978],[19.42668,51.76928],[19.42654,51.76923],[19.4263,51.76914],[19.42605,51.76906],[19.42601,51.76904],[19.4258,51.76896],[19.42481,51.76865],[19.42439,51.76852],[19.42363,51.76832],[19.42362,51.76832],[19.42344,51.76826],[19.42321,51.76819],[19.42303,51.76814],[19.42284,51.76808],[19.42173,51.7676],[19.42162,51.76757],[19.42152,51.76751],[19.4213,51.76739],[19.42129,51.76737],[19.42126,51.76733],[19.42125,51.76731],[19.42115,51.76722],[19.42094,51.76714],[19.4209,51.76712],[19.42047,51.76697],[19.42008,51.76683],[19.41913,51.7665],[19.41786,51.76605],[19.41641,51.76553],[19.41632,51.76551],[19.41608,51.76543],[19.41592,51.76535],[19.4159,51.76535],[19.41528,51.76514],[19.41345,51.76447],[19.41344,51.76447],[19.41303,51.76433],[19.41238,51.76411],[19.41228,51.76407],[19.41218,51.76402],[19.41184,51.76391],[19.41048,51.76343],[19.40902,51.7629],[19.40863,51.76273],[19.40811,51.76254],[19.40782,51.76246],[19.40775,51.7625],[19.40769,51.76254],[19.40683,51.76311],[19.4055,51.76395],[19.40495,51.76443],[19.40419,51.76535],[19.40327,51.76688],[19.40258,51.76812],[19.4022,51.76908],[19.40182,51.76997],[19.40171,51.77024],[19.40111,51.7716],[19.40065,51.77268],[19.4004,51.77301],[19.3995,51.77375],[19.39912,51.77405],[19.39891,51.77422],[19.39886,51.77427],[19.39881,51.77433],[19.39877,51.77438],[19.39874,51.77443],[19.39873,51.77448],[19.3987,51.77508],[19.39873,51.77519],[19.39881,51.77551],[19.39891,51.77582],[19.39896,51.77599],[19.39908,51.77638],[19.39918,51.77672],[19.39929,51.77713],[19.39934,51.77735],[19.3994,51.77753],[19.39943,51.77771],[19.39946,51.77784],[19.39947,51.7779],[19.39948,51.77797],[19.39948,51.77807],[19.39947,51.77816],[19.39946,51.77825],[19.39945,51.77833],[19.39945,51.7784],[19.39946,51.77845],[19.39938,51.77877],[19.39914,51.77908],[19.39807,51.77948],[19.39694,51.78013],[19.38862,51.77847],[19.38487,51.77902],[19.38446,51.77908],[19.38423,51.77911],[19.38347,51.77924],[19.383,51.77929],[19.38219,51.77942],[19.382,51.77946],[19.38171,51.77949],[19.38066,51.77965],[19.38042,51.7797],[19.37938,51.77985],[19.37864,51.77999],[19.37409,51.78069],[19.37212,51.78098],[19.37008,51.78129],[19.36863,51.78151],[19.36779,51.78163],[19.36667,51.78178],[19.3655,51.78196],[19.36458,51.7821],[19.36383,51.78223],[19.3637,51.78224],[19.3636,51.78225],[19.36349,51.78225],[19.3634,51.78223],[19.36337,51.78219],[19.36334,51.78219],[19.3633,51.78217],[19.36321,51.78208],[19.36317,51.78206],[19.36311,51.78201],[19.36301,51.78201],[19.36296,51.78201],[19.36285,51.78201],[19.36231,51.78208],[19.34753,51.78313],[19.35424,51.78985],[19.35436,51.78991],[19.35438,51.78998],[19.35435,51.79003],[19.35419,51.79006],[19.3541,51.79003],[19.354,51.78996],[19.35278,51.79],[19.35212,51.79004],[19.35181,51.79005],[19.35033,51.79014],[19.34931,51.79022],[19.34856,51.79027],[19.34772,51.79032],[19.34654,51.79039],[19.34552,51.79043],[19.34456,51.79048],[19.34347,51.79052],[19.34308,51.79052],[19.34244,51.79052],[19.34177,51.7905],[19.34021,51.79043],[19.33955,51.79041],[19.33946,51.79039],[19.33852,51.79034],[19.33709,51.79029],[19.3364,51.79025],[19.33571,51.79022],[19.3352,51.7902],[19.3343,51.79016],[19.33186,51.79005],[19.33142,51.79004],[19.33093,51.79002],[19.33033,51.79],[19.32976,51.78997],[19.32903,51.78993],[19.32816,51.78989],[19.327,51.78984],[19.32518,51.78975],[19.32436,51.78971],[19.32361,51.78968],[19.32175,51.78959],[19.32159,51.78959],[19.32131,51.78957],[19.321,51.78955],[19.32091,51.78955],[19.32088,51.78955],[19.32085,51.78957],[19.32084,51.78958],[19.32083,51.7896],[19.32081,51.78969],[19.32082,51.78979],[19.32079,51.78996],[19.32088,51.79059],[19.32142,51.79315],[19.32163,51.79419],[19.32253,51.79841],[19.32262,51.79882],[19.3232,51.80134],[19.32329,51.80154],[19.32344,51.80166],[19.3236,51.80178],[19.32379,51.80178],[19.32392,51.80181],[19.32407,51.80191],[19.32405,51.80211],[19.32389,51.8022],[19.32379,51.80233],[19.32373,51.80263],[19.31893,51.81129],[19.31881,51.81153],[19.31876,51.81166],[19.31876,51.81177],[19.31875,51.81188],[19.31876,51.81193],[19.31878,51.81198],[19.31898,51.81239],[19.31907,51.8124],[19.31915,51.81244],[19.31919,51.8125],[19.31919,51.81257],[19.31916,51.81261],[19.31908,51.81264],[19.31899,51.81266],[19.31888,51.81263],[19.31879,51.81266],[19.31843,51.8128],[19.31819,51.81285],[19.31797,51.81288],[19.31737,51.81301],[19.31552,51.8134],[19.31513,51.81348],[19.31449,51.81362],[19.3141,51.8137],[19.31358,51.81381],[19.31343,51.81384],[19.31318,51.81389],[19.31281,51.81396],[19.31224,51.81409],[19.31119,51.8143],[19.31051,51.81445],[19.31043,51.81447],[19.30962,51.81463],[19.30893,51.81478],[19.3077,51.81503],[19.30708,51.81516],[19.30697,51.81519],[19.30697,51.81519],[19.30636,51.81531],[19.30592,51.81541],[19.30568,51.81545],[19.30489,51.81562],[19.30464,51.81567],[19.30387,51.81584],[19.30355,51.81591],[19.30298,51.81603],[19.30234,51.81617],[19.30205,51.81622],[19.30191,51.81627],[19.29777,51.81714],[19.29755,51.81719],[19.29567,51.81759],[19.29648,51.81908],[19.29717,51.82028],[19.29742,51.82074],[19.29745,51.8208],[19.29748,51.82085],[19.29777,51.82141],[19.29785,51.82157],[19.29812,51.8221],[19.2988,51.82335],[19.29946,51.82455],[19.29953,51.82454],[19.3002,51.8244],[19.30144,51.82414],[19.30289,51.82384],[19.30286,51.82382],[19.303,51.82381],[19.30327,51.82376],[19.30386,51.82363],[19.30591,51.82319],[19.306,51.82334],[19.30624,51.82377],[19.30636,51.824],[19.30724,51.82559],[19.30758,51.8262],[19.30708,51.82629],[19.30698,51.8263],[19.30679,51.82632],[19.30661,51.82634],[19.30603,51.82644],[19.30614,51.82672],[19.30621,51.82685],[19.30643,51.82732]]},"properties":{"line":"97A","dir":"0","mode":"bus"}},{"type":"Feature","geometry":{"type":"LineString","coordinates":[[19.30802,51.82703],[19.30802,51.82699],[19.308,51.82694],[19.30798,51.8269],[19.30798,51.82687],[19.30798,51.82685],[19.30798,51.82683],[19.30798,51.8268],[19.30798,51.82678],[19.30793,51.82675],[19.3079,51.82673],[19.30787,51.82669],[19.30783,51.82665],[19.30778,51.82658],[19.30758,51.8262],[19.30724,51.82559],[19.30636,51.824],[19.30624,51.82377],[19.306,51.82334],[19.30591,51.82319],[19.30386,51.82363],[19.30327,51.82376],[19.303,51.82381],[19.30144,51.82414],[19.3002,51.8244],[19.29953,51.82454],[19.29946,51.82455],[19.2988,51.82335],[19.29833,51.82247],[19.29833,51.82247],[19.29812,51.8221],[19.29785,51.82157],[19.29777,51.82141],[19.29745,51.8208],[19.29742,51.82074],[19.29942,51.82033],[19.30042,51.82012],[19.30274,51.81965],[19.30345,51.81948],[19.3038,51.81941],[19.30413,51.81934],[19.30498,51.81916],[19.30567,51.81902],[19.3064,51.81887],[19.30881,51.81837],[19.30886,51.81835],[19.30904,51.81832],[19.30947,51.81823],[19.30983,51.81816],[19.31039,51.81803],[19.31068,51.81798],[19.31159,51.81779],[19.31212,51.81765],[19.31297,51.81751],[19.31323,51.81745],[19.31397,51.81731],[19.31468,51.81711],[19.31492,51.8171],[19.3158,51.81691],[19.317,51.81666],[19.3174,51.81658],[19.31816,51.81642],[19.31944,51.81616],[19.3195,51.81614],[19.31985,51.81608],[19.32009,51.81603],[19.32085,51.81587],[19.32078,51.81575],[19.32048,51.81516],[19.32013,51.81456],[19.3196,51.81366],[19.31956,51.8136],[19.31947,51.81351],[19.31908,51.81278],[19.31898,51.81265],[19.31886,51.81263],[19.31881,51.81258],[19.3188,51.81253],[19.31881,51.81247],[19.31884,51.81239],[19.31878,51.8122],[19.31877,51.81208],[19.31875,51.81198],[19.31872,51.81193],[19.31872,51.81189],[19.31872,51.81178],[19.31876,51.81166],[19.31881,51.81153],[19.31893,51.81129],[19.31908,51.81101],[19.31916,51.81087],[19.32009,51.80923],[19.32022,51.80898],[19.32057,51.80838],[19.32066,51.80823],[19.32078,51.80801],[19.32088,51.80781],[19.322,51.80577],[19.32266,51.80461],[19.32293,51.80407],[19.3231,51.80378],[19.32351,51.80306],[19.3236,51.80287],[19.32367,51.80258],[19.32366,51.80239],[19.3236,51.80223],[19.32345,51.80213],[19.32337,51.80206],[19.32334,51.802],[19.32332,51.80194],[19.32337,51.80187],[19.32334,51.80176],[19.32321,51.80159],[19.32313,51.80137],[19.3231,51.80118],[19.32253,51.79842],[19.32163,51.79419],[19.32142,51.79316],[19.3209,51.79059],[19.32078,51.78997],[19.32077,51.78979],[19.32076,51.78969],[19.32076,51.78958],[19.32075,51.78958],[19.32074,51.78958],[19.32073,51.78958],[19.32072,51.78958],[19.32069,51.78958],[19.32069,51.78957],[19.32068,51.78957],[19.32067,51.78957],[19.32066,51.78956],[19.32065,51.78957],[19.32064,51.78955],[19.32063,51.78955],[19.32062,51.78954],[19.3206,51.78954],[19.3206,51.78953],[19.32059,51.78952],[19.32059,51.78951],[19.32058,51.78951],[19.32057,51.7895],[19.32057,51.78949],[19.32057,51.78948],[19.32056,51.78947],[19.32056,51.78946],[19.32056,51.78945],[19.32056,51.78944],[19.32056,51.78943],[19.32057,51.78942],[19.32057,51.78941],[19.32058,51.7894],[19.32058,51.78939],[19.32059,51.78939],[19.3206,51.78938],[19.3206,51.78937],[19.32062,51.78936],[19.32063,51.78936],[19.32064,51.78935],[19.32065,51.78935],[19.32066,51.78934],[19.32067,51.78934],[19.32068,51.78934],[19.32069,51.78933],[19.32069,51.78933],[19.32072,51.78933],[19.32073,51.78932],[19.32075,51.78932],[19.32076,51.78932],[19.32077,51.78932],[19.32078,51.78932],[19.32078,51.78932],[19.32081,51.78932],[19.32082,51.78933],[19.32083,51.78933],[19.32084,51.78933],[19.32085,51.78933],[19.32087,51.78934],[19.32088,51.78934],[19.3209,51.78935],[19.32091,51.78935],[19.32092,51.78936],[19.32093,51.78937],[19.32094,51.78938],[19.32095,51.78938],[19.32095,51.78939],[19.32096,51.78939],[19.32096,51.7894],[19.32097,51.78941],[19.32097,51.78942],[19.32097,51.78943],[19.32097,51.78944],[19.32097,51.78945],[19.32097,51.78946],[19.32097,51.78947],[19.32097,51.78948],[19.32097,51.78949],[19.32132,51.78955],[19.3216,51.78957],[19.32165,51.78957],[19.32165,51.78957],[19.32262,51.78962],[19.32363,51.78966],[19.32435,51.7897],[19.32513,51.78974],[19.32698,51.78982],[19.32813,51.78987],[19.32899,51.78992],[19.32975,51.78995],[19.33031,51.78998],[19.33092,51.79],[19.33212,51.79005],[19.33327,51.79011],[19.3343,51.79016],[19.33471,51.79018],[19.3352,51.7902],[19.33571,51.79022],[19.3364,51.79026],[19.33709,51.79029],[19.33852,51.79035],[19.33946,51.7904],[19.33955,51.79041],[19.34021,51.79045],[19.34177,51.79051],[19.34244,51.79052],[19.3429,51.79052],[19.34318,51.79052],[19.34458,51.79048],[19.34553,51.79043],[19.34654,51.79039],[19.34772,51.79032],[19.34856,51.79027],[19.34931,51.79022],[19.35033,51.79016],[19.35113,51.79011],[19.35181,51.79006],[19.35212,51.79004],[19.35274,51.79],[19.354,51.78992],[19.35409,51.7899],[19.35413,51.78986],[19.3541,51.7898],[19.35255,51.78822],[19.34938,51.78509],[19.34741,51.78311],[19.35087,51.78289],[19.35322,51.78274],[19.3571,51.7825],[19.358,51.78243],[19.36104,51.78217],[19.36152,51.78214],[19.36152,51.78214],[19.36231,51.78208],[19.36285,51.78201],[19.36296,51.78201],[19.36301,51.78201],[19.36311,51.78201],[19.36317,51.78206],[19.36321,51.78208],[19.3633,51.78217],[19.36334,51.78219],[19.36337,51.7822],[19.3634,51.78223],[19.36349,51.78225],[19.3636,51.78225],[19.3637,51.78224],[19.36383,51.78223],[19.36458,51.7821],[19.3655,51.78196],[19.36667,51.78178],[19.36779,51.78163],[19.36933,51.78138],[19.37002,51.78128],[19.37022,51.78124],[19.37209,51.78095],[19.37322,51.78077],[19.37405,51.78066],[19.37571,51.78039],[19.37676,51.78023],[19.37688,51.78021],[19.37803,51.78005],[19.37803,51.78005],[19.37838,51.78],[19.37934,51.77985],[19.38038,51.77967],[19.38066,51.77965],[19.38171,51.77949],[19.38201,51.77942],[19.38215,51.77942],[19.383,51.77929],[19.38342,51.77922],[19.38384,51.77915],[19.38852,51.77844],[19.39173,51.77922],[19.39407,51.77965],[19.3968,51.78014],[19.39857,51.77923],[19.39903,51.77916],[19.39914,51.77897],[19.39926,51.77871],[19.39942,51.77834],[19.39946,51.77802],[19.39939,51.77763],[19.39861,51.77517],[19.39861,51.77516],[19.39864,51.77504],[19.39863,51.77467],[19.39877,51.77432],[19.39909,51.77405],[19.39978,51.77348],[19.40043,51.77294],[19.40071,51.7725],[19.40186,51.76966],[19.40213,51.76908],[19.40231,51.76873],[19.40252,51.76819],[19.40256,51.76812],[19.4027,51.76788],[19.4028,51.76765],[19.40293,51.76745],[19.40305,51.76724],[19.40351,51.76647],[19.40362,51.76625],[19.40374,51.76605],[19.40391,51.76569],[19.40485,51.76432],[19.40496,51.76423],[19.40505,51.76415],[19.40521,51.76402],[19.40537,51.76389],[19.40543,51.76383],[19.40552,51.76375],[19.40566,51.76368],[19.40578,51.7636],[19.40595,51.76348],[19.40626,51.76328],[19.40645,51.76318],[19.40756,51.76249],[19.40759,51.76246],[19.40767,51.76241],[19.40785,51.76245],[19.40811,51.76254],[19.40862,51.76273],[19.40902,51.7629],[19.41048,51.76343],[19.41184,51.76391],[19.41218,51.76402],[19.4134,51.76441],[19.41528,51.76514],[19.41592,51.76535],[19.41608,51.76543],[19.41632,51.76551],[19.41641,51.76553],[19.41786,51.76605],[19.41913,51.7665],[19.42007,51.76683],[19.42047,51.76697],[19.4209,51.76712],[19.42115,51.76722],[19.42129,51.76724],[19.42138,51.76728],[19.42169,51.7674],[19.42185,51.76748],[19.42192,51.76743],[19.42307,51.768],[19.42574,51.76869],[19.42617,51.76769],[19.42625,51.76756],[19.42651,51.7671],[19.42668,51.76683],[19.42692,51.76649],[19.42765,51.76544],[19.42766,51.76535],[19.42782,51.76517],[19.42811,51.76479],[19.42852,51.76418],[19.42864,51.76402],[19.42915,51.7633],[19.42917,51.76328],[19.42962,51.76265],[19.42976,51.76247],[19.43005,51.76208],[19.43056,51.76157],[19.43152,51.76059],[19.43152,51.76053],[19.43152,51.7605],[19.43152,51.76044],[19.43156,51.76044],[19.43167,51.76026],[19.43199,51.75987],[19.43208,51.75972],[19.43242,51.75925],[19.43261,51.75898],[19.43301,51.7584],[19.43314,51.75824],[19.43343,51.7578],[19.43367,51.75741],[19.43374,51.75723],[19.43384,51.75705],[19.43396,51.75686],[19.43395,51.75686],[19.4342,51.75639],[19.43433,51.75621],[19.43399,51.75614],[19.43283,51.75595],[19.4318,51.75587],[19.43171,51.75584],[19.43087,51.75578],[19.42951,51.75576],[19.42902,51.75585],[19.42888,51.75592],[19.42885,51.75601],[19.4289,51.75617],[19.42912,51.7563],[19.4295,51.75641],[19.42974,51.75637],[19.4299,51.75628],[19.43033,51.75576],[19.43054,51.75539],[19.43063,51.7552],[19.43078,51.75486],[19.43093,51.75449],[19.43099,51.7543],[19.43101,51.75416],[19.43114,51.75378],[19.4312,51.75344],[19.43123,51.75326],[19.43128,51.75292],[19.43129,51.75269],[19.43128,51.75245],[19.43124,51.7522],[19.4312,51.75196],[19.4311,51.75161],[19.43104,51.75146],[19.43096,51.75121],[19.43087,51.75107],[19.43072,51.75076],[19.43052,51.75046],[19.43023,51.75004],[19.43011,51.74994],[19.4301,51.74991],[19.42997,51.74977],[19.4295,51.74925],[19.42907,51.74889],[19.42883,51.74868],[19.42852,51.74841],[19.42822,51.7482],[19.42807,51.74808],[19.42772,51.74781],[19.42733,51.74756],[19.42641,51.747],[19.42561,51.74656],[19.42486,51.74619],[19.4242,51.74588],[19.42376,51.74568],[19.42336,51.74553],[19.42317,51.74547],[19.42303,51.74546],[19.42284,51.74541],[19.42273,51.74539],[19.4226,51.74539],[19.42241,51.7454],[19.4223,51.74544],[19.42216,51.7455],[19.42204,51.74556],[19.42188,51.74563],[19.42176,51.7457],[19.42164,51.74575],[19.42148,51.74581],[19.42137,51.74583],[19.4212,51.74584],[19.42105,51.74584],[19.4206,51.74581],[19.42044,51.74581],[19.42029,51.74583],[19.42017,51.74589],[19.41998,51.746],[19.41988,51.74608],[19.4197,51.74645],[19.41949,51.74678],[19.41927,51.74735],[19.41895,51.74808],[19.41885,51.74817],[19.41874,51.74824],[19.41864,51.74826],[19.41855,51.74826],[19.41835,51.74824],[19.41835,51.74817],[19.41883,51.74694],[19.41902,51.74655],[19.4191,51.74636],[19.41927,51.74601],[19.41974,51.74554],[19.41978,51.74547],[19.41978,51.74545],[19.42,51.74522],[19.42023,51.74498],[19.42035,51.74483],[19.42054,51.74464],[19.42054,51.74459],[19.42058,51.74459],[19.42073,51.74438],[19.4208,51.7443],[19.4209,51.74414],[19.421,51.74401],[19.42108,51.74387],[19.4211,51.74375],[19.42119,51.74363],[19.42124,51.74351],[19.42129,51.74331],[19.42133,51.74317],[19.42135,51.74303],[19.42139,51.74272],[19.42143,51.74252],[19.4215,51.74245],[19.42155,51.74241],[19.42163,51.74233],[19.42171,51.74233],[19.42176,51.74232],[19.42185,51.74231],[19.42195,51.7423],[19.42204,51.74232],[19.42217,51.74233],[19.42223,51.7424],[19.42227,51.74243],[19.4223,51.74247],[19.42231,51.74252],[19.42231,51.74259],[19.4223,51.74259],[19.42223,51.74274],[19.42212,51.74293],[19.42231,51.74303],[19.42247,51.74303],[19.4226,51.74303],[19.42291,51.74303],[19.4231,51.74303],[19.42668,51.74317],[19.42672,51.74317],[19.42678,51.74317],[19.42698,51.74319],[19.42709,51.7432],[19.42727,51.74321],[19.42738,51.74331],[19.42743,51.74338],[19.42744,51.74342],[19.42747,51.74342],[19.42752,51.74365],[19.4276,51.74472],[19.42766,51.74574],[19.42773,51.7459],[19.42776,51.74599],[19.4278,51.74605],[19.42786,51.7461],[19.42795,51.74619],[19.42808,51.74626],[19.42819,51.74628],[19.42838,51.74634],[19.42859,51.74637],[19.42884,51.74641],[19.42906,51.74642],[19.42925,51.74642],[19.42955,51.74641],[19.43019,51.74637],[19.43053,51.74635],[19.43065,51.74635],[19.43072,51.74634],[19.43143,51.7463]]},"properties":{"line":"97A","dir":"1","mode":"bus"}},{"type":"Feature","geometry":{"type":"LineString","coordinates":[[19.43143,51.7463],[19.43145,51.74632],[19.42914,51.74644],[19.42859,51.74637],[19.42805,51.74626],[19.42785,51.7461],[19.4277,51.74591],[19.42766,51.74536],[19.42748,51.74357],[19.42728,51.74322],[19.42652,51.74321],[19.42645,51.74324],[19.42638,51.7432],[19.42401,51.74312],[19.42304,51.74312],[19.4228,51.74313],[19.42232,51.74325],[19.4218,51.74343],[19.42161,51.74363],[19.42048,51.7451],[19.42047,51.74537],[19.42058,51.74555],[19.42092,51.74574],[19.42129,51.74576],[19.4217,51.74561],[19.42222,51.74508],[19.4258,51.74663],[19.42882,51.74862],[19.42915,51.74896],[19.42959,51.74938],[19.43012,51.74996],[19.43053,51.75049],[19.43093,51.75121],[19.4311,51.75161],[19.43124,51.7522],[19.43128,51.75263],[19.43118,51.75344],[19.43105,51.75406],[19.43078,51.75479],[19.43074,51.75485],[19.43033,51.75479],[19.43012,51.75477],[19.42998,51.75476],[19.42984,51.75476],[19.42973,51.75479],[19.42959,51.75486],[19.42954,51.75493],[19.42948,51.75504],[19.42946,51.7551],[19.42946,51.75515],[19.42949,51.75522],[19.42955,51.75529],[19.42965,51.75534],[19.42978,51.75539],[19.43005,51.75542],[19.43039,51.75542],[19.4309,51.75549],[19.43132,51.75551],[19.43153,51.75551],[19.43161,51.75555],[19.43203,51.75569],[19.43444,51.75597],[19.4346,51.75601],[19.43471,51.75608],[19.4348,51.75617],[19.4348,51.75627],[19.43443,51.75702],[19.43444,51.75717],[19.43437,51.75736],[19.4337,51.75834],[19.43246,51.76008],[19.43207,51.7605],[19.43173,51.76078],[19.43067,51.76187],[19.42941,51.76347],[19.42819,51.7652],[19.42664,51.76742],[19.42617,51.76871],[19.42585,51.76928],[19.42566,51.76949],[19.42789,51.77001],[19.42804,51.76978],[19.42668,51.76928],[19.42654,51.76923],[19.4263,51.76914],[19.42605,51.76906],[19.42601,51.76904],[19.4258,51.76896],[19.42481,51.76865],[19.42439,51.76852],[19.42363,51.76832],[19.42362,51.76832],[19.42344,51.76826],[19.42321,51.76819],[19.42303,51.76814],[19.42284,51.76808],[19.42173,51.7676],[19.42162,51.76757],[19.42152,51.76751],[19.4213,51.76739],[19.42129,51.76737],[19.42126,51.76733],[19.42125,51.76731],[19.42115,51.76722],[19.42094,51.76714],[19.4209,51.76712],[19.42047,51.76697],[19.42008,51.76683],[19.41913,51.7665],[19.41786,51.76605],[19.41641,51.76553],[19.41632,51.76551],[19.41608,51.76543],[19.41592,51.76535],[19.4159,51.76535],[19.41528,51.76514],[19.41345,51.76447],[19.41344,51.76447],[19.41303,51.76433],[19.41238,51.76411],[19.41228,51.76407],[19.41218,51.76402],[19.41184,51.76391],[19.41048,51.76343],[19.40902,51.7629],[19.40863,51.76273],[19.40811,51.76254],[19.40782,51.76246],[19.40775,51.7625],[19.40769,51.76254],[19.40683,51.76311],[19.4055,51.76395],[19.40495,51.76443],[19.40419,51.76535],[19.40327,51.76688],[19.40258,51.76812],[19.4022,51.76908],[19.40182,51.76997],[19.40171,51.77024],[19.40111,51.7716],[19.40065,51.77268],[19.4004,51.77301],[19.3995,51.77375],[19.39912,51.77405],[19.39891,51.77422],[19.39886,51.77427],[19.39881,51.77433],[19.39877,51.77438],[19.39874,51.77443],[19.39873,51.77448],[19.3987,51.77508],[19.39873,51.77519],[19.39881,51.77551],[19.39891,51.77582],[19.39896,51.77599],[19.39908,51.77638],[19.39918,51.77672],[19.39929,51.77713],[19.39934,51.77735],[19.3994,51.77753],[19.39943,51.77771],[19.39946,51.77784],[19.39947,51.7779],[19.39948,51.77797],[19.39948,51.77807],[19.39947,51.77816],[19.39946,51.77825],[19.39945,51.77833],[19.39945,51.7784],[19.39946,51.77845],[19.39938,51.77877],[19.39914,51.77908],[19.39807,51.77948],[19.39694,51.78013],[19.38862,51.77847],[19.38487,51.77902],[19.38446,51.77908],[19.38423,51.77911],[19.38347,51.77924],[19.383,51.77929],[19.38219,51.77942],[19.382,51.77946],[19.38171,51.77949],[19.38066,51.77965],[19.38042,51.7797],[19.37938,51.77985],[19.37864,51.77999],[19.37409,51.78069],[19.37212,51.78098],[19.37008,51.78129],[19.36863,51.78151],[19.36779,51.78163],[19.36667,51.78178],[19.3655,51.78196],[19.36458,51.7821],[19.36383,51.78223],[19.3637,51.78224],[19.3636,51.78225],[19.36349,51.78225],[19.3634,51.78223],[19.36337,51.78219],[19.36334,51.78219],[19.3633,51.78217],[19.36321,51.78208],[19.36317,51.78206],[19.36311,51.78201],[19.36301,51.78201],[19.36296,51.78201],[19.36285,51.78201],[19.36231,51.78208],[19.35536,51.78262],[19.34907,51.78301],[19.34793,51.78306],[19.34743,51.78313],[19.33808,51.77407],[19.33791,51.77415],[19.33782,51.77426],[19.33764,51.77455],[19.33728,51.77475],[19.32921,51.77435],[19.32688,51.77426],[19.31943,51.7741],[19.31581,51.77418],[19.31548,51.77444]]},"properties":{"line":"97B","dir":"0","mode":"bus"}},{"type":"Feature","geometry":{"type":"LineString","coordinates":[[19.31513,51.77433],[19.31515,51.77419],[19.31916,51.77406],[19.32785,51.77424],[19.33725,51.77468],[19.33761,51.77445],[19.33783,51.77411],[19.33804,51.77404],[19.34743,51.78306],[19.35087,51.78289],[19.35322,51.78274],[19.3571,51.7825],[19.358,51.78243],[19.36104,51.78217],[19.36152,51.78214],[19.36152,51.78214],[19.36231,51.78208],[19.36285,51.78201],[19.36296,51.78201],[19.36301,51.78201],[19.36311,51.78201],[19.36317,51.78206],[19.36321,51.78208],[19.3633,51.78217],[19.36334,51.78219],[19.36337,51.7822],[19.3634,51.78223],[19.36349,51.78225],[19.3636,51.78225],[19.3637,51.78224],[19.36383,51.78223],[19.36458,51.7821],[19.3655,51.78196],[19.36667,51.78178],[19.36779,51.78163],[19.36933,51.78138],[19.37002,51.78128],[19.37022,51.78124],[19.37209,51.78095],[19.37322,51.78077],[19.37405,51.78066],[19.37571,51.78039],[19.37676,51.78023],[19.37688,51.78021],[19.37803,51.78005],[19.37803,51.78005],[19.37838,51.78],[19.37934,51.77985],[19.38038,51.77967],[19.38066,51.77965],[19.38171,51.77949],[19.38201,51.77942],[19.38215,51.77942],[19.383,51.77929],[19.38342,51.77922],[19.38384,51.77915],[19.38852,51.77844],[19.39173,51.77922],[19.39407,51.77965],[19.3968,51.78014],[19.39857,51.77923],[19.39903,51.77916],[19.39914,51.77897],[19.39926,51.77871],[19.39942,51.77834],[19.39946,51.77802],[19.39939,51.77763],[19.39861,51.77517],[19.39861,51.77516],[19.39864,51.77504],[19.39863,51.77467],[19.39877,51.77432],[19.39909,51.77405],[19.39978,51.77348],[19.40043,51.77294],[19.40071,51.7725],[19.40186,51.76966],[19.40213,51.76908],[19.40231,51.76873],[19.40252,51.76819],[19.40256,51.76812],[19.4027,51.76788],[19.4028,51.76765],[19.40293,51.76745],[19.40305,51.76724],[19.40351,51.76647],[19.40362,51.76625],[19.40374,51.76605],[19.40391,51.76569],[19.40485,51.76432],[19.40496,51.76423],[19.40505,51.76415],[19.40521,51.76402],[19.40537,51.76389],[19.40543,51.76383],[19.40552,51.76375],[19.40566,51.76368],[19.40578,51.7636],[19.40595,51.76348],[19.40626,51.76328],[19.40645,51.76318],[19.40756,51.76249],[19.40759,51.76246],[19.40767,51.76241],[19.40785,51.76245],[19.40811,51.76254],[19.40862,51.76273],[19.40902,51.7629],[19.41048,51.76343],[19.41184,51.76391],[19.41218,51.76402],[19.4134,51.76441],[19.41528,51.76514],[19.41592,51.76535],[19.41608,51.76543],[19.41632,51.76551],[19.41641,51.76553],[19.41786,51.76605],[19.41913,51.7665],[19.42007,51.76683],[19.42047,51.76697],[19.4209,51.76712],[19.42115,51.76722],[19.42129,51.76724],[19.42138,51.76728],[19.42169,51.7674],[19.42185,51.76748],[19.42192,51.76743],[19.42307,51.768],[19.42574,51.76869],[19.42617,51.76769],[19.42625,51.76756],[19.42651,51.7671],[19.42668,51.76683],[19.42692,51.76649],[19.42765,51.76544],[19.42766,51.76535],[19.42782,51.76517],[19.42811,51.76479],[19.42852,51.76418],[19.42864,51.76402],[19.42915,51.7633],[19.42917,51.76328],[19.42962,51.76265],[19.42976,51.76247],[19.43005,51.76208],[19.43056,51.76157],[19.43152,51.76059],[19.43152,51.76053],[19.43152,51.7605],[19.43152,51.76044],[19.43156,51.76044],[19.43167,51.76026],[19.43199,51.75987],[19.43208,51.75972],[19.43242,51.75925],[19.43261,51.75898],[19.43301,51.7584],[19.43314,51.75824],[19.43343,51.7578],[19.43367,51.75741],[19.43374,51.75723],[19.43384,51.75705],[19.43396,51.75686],[19.43395,51.75686],[19.4342,51.75639],[19.43433,51.75621],[19.43399,51.75614],[19.43283,51.75595],[19.4318,51.75587],[19.43171,51.75584],[19.43087,51.75578],[19.42951,51.75576],[19.42902,51.75585],[19.42888,51.75592],[19.42885,51.75601],[19.4289,51.75617],[19.42912,51.7563],[19.4295,51.75641],[19.42974,51.75637],[19.4299,51.75628],[19.43033,51.75576],[19.43054,51.75539],[19.43063,51.7552],[19.43078,51.75486],[19.43093,51.75449],[19.43099,51.7543],[19.43101,51.75416],[19.43114,51.75378],[19.4312,51.75344],[19.43123,51.75326],[19.43128,51.75292],[19.43129,51.75269],[19.43128,51.75245],[19.43124,51.7522],[19.4312,51.75196],[19.4311,51.75161],[19.43104,51.75146],[19.43096,51.75121],[19.43087,51.75107],[19.43072,51.75076],[19.43052,51.75046],[19.43023,51.75004],[19.43011,51.74994],[19.4301,51.74991],[19.42997,51.74977],[19.4295,51.74925],[19.42907,51.74889],[19.42883,51.74868],[19.42852,51.74841],[19.42822,51.7482],[19.42807,51.74808],[19.42772,51.74781],[19.42733,51.74756],[19.42641,51.747],[19.42561,51.74656],[19.42486,51.74619],[19.4242,51.74588],[19.42376,51.74568],[19.42336,51.74553],[19.42317,51.74547],[19.42303,51.74546],[19.42284,51.74541],[19.42273,51.74539],[19.4226,51.74539],[19.42241,51.7454],[19.4223,51.74544],[19.42216,51.7455],[19.42204,51.74556],[19.42188,51.74563],[19.42176,51.7457],[19.42164,51.74575],[19.42148,51.74581],[19.42137,51.74583],[19.4212,51.74584],[19.42105,51.74584],[19.4206,51.74581],[19.42044,51.74581],[19.42029,51.74583],[19.42017,51.74589],[19.41998,51.746],[19.41988,51.74608],[19.4197,51.74645],[19.41949,51.74678],[19.41927,51.74735],[19.41895,51.74808],[19.41885,51.74817],[19.41874,51.74824],[19.41864,51.74826],[19.41855,51.74826],[19.41835,51.74824],[19.41835,51.74817],[19.41883,51.74694],[19.41902,51.74655],[19.4191,51.74636],[19.41927,51.74601],[19.41974,51.74554],[19.41978,51.74547],[19.41978,51.74545],[19.42,51.74522],[19.42023,51.74498],[19.42035,51.74483],[19.42054,51.74464],[19.42054,51.74459],[19.42058,51.74459],[19.42073,51.74438],[19.4208,51.7443],[19.4209,51.74414],[19.421,51.74401],[19.42108,51.74387],[19.4211,51.74375],[19.42119,51.74363],[19.42124,51.74351],[19.42129,51.74331],[19.42133,51.74317],[19.42135,51.74303],[19.42139,51.74272],[19.42143,51.74252],[19.4215,51.74245],[19.42155,51.74241],[19.42163,51.74233],[19.42171,51.74233],[19.42176,51.74232],[19.42185,51.74231],[19.42195,51.7423],[19.42204,51.74232],[19.42217,51.74233],[19.42223,51.7424],[19.42227,51.74243],[19.4223,51.74247],[19.42231,51.74252],[19.42231,51.74259],[19.4223,51.74259],[19.42223,51.74274],[19.42212,51.74293],[19.42231,51.74303],[19.42247,51.74303],[19.4226,51.74303],[19.42291,51.74303],[19.4231,51.74303],[19.42668,51.74317],[19.42672,51.74317],[19.42678,51.74317],[19.42698,51.74319],[19.42709,51.7432],[19.42727,51.74321],[19.42738,51.74331],[19.42743,51.74338],[19.42744,51.74342],[19.42747,51.74342],[19.42752,51.74365],[19.4276,51.74472],[19.42766,51.74574],[19.42773,51.7459],[19.42776,51.74599],[19.4278,51.74605],[19.42786,51.7461],[19.42795,51.74619],[19.42808,51.74626],[19.42819,51.74628],[19.42838,51.74634],[19.42859,51.74637],[19.42884,51.74641],[19.42906,51.74642],[19.42925,51.74642],[19.42955,51.74641],[19.43019,51.74637],[19.43053,51.74635],[19.43065,51.74635],[19.43072,51.74634],[19.43143,51.7463]]},"properties":{"line":"97B","dir":"1","mode":"bus"}},{"type":"Feature","geometry":{"type":"LineString","coordinates":[[19.38293,51.74232],[19.38291,51.74267],[19.38121,51.74612],[19.38141,51.74646],[19.38596,51.74838],[19.39119,51.74984],[19.39229,51.75013],[19.39379,51.75057],[19.39457,51.75065],[19.39496,51.75059],[19.39513,51.75056],[19.39524,51.75049],[19.39545,51.7504],[19.39557,51.7503],[19.39567,51.75026],[19.39577,51.75017],[19.39589,51.75002],[19.39598,51.74991],[19.39607,51.74977],[19.3962,51.74956],[19.39623,51.7495],[19.39638,51.74925],[19.39647,51.74907],[19.39825,51.74614],[19.40345,51.74768],[19.40425,51.74794],[19.40468,51.74797],[19.4053,51.74802],[19.40637,51.74803],[19.40673,51.74844],[19.40713,51.74881],[19.40758,51.74914],[19.40885,51.75021],[19.40935,51.75068],[19.40987,51.75125],[19.41118,51.75288],[19.41151,51.75349],[19.41198,51.75414],[19.41222,51.75448],[19.41228,51.75459],[19.41251,51.75488],[19.4131,51.75563],[19.41458,51.75772],[19.41466,51.75783],[19.41537,51.75762],[19.41563,51.75755],[19.41585,51.75752],[19.41594,51.75747],[19.41756,51.75711],[19.41998,51.75657],[19.42068,51.75635],[19.42135,51.75626],[19.42194,51.75613],[19.42204,51.75611],[19.42214,51.75609],[19.42274,51.75583],[19.42301,51.75572],[19.42313,51.75566],[19.42339,51.75558],[19.42345,51.75556],[19.42362,51.75558],[19.42372,51.7556],[19.42392,51.75566],[19.42409,51.75569],[19.42429,51.75574],[19.42461,51.75576],[19.42484,51.75578],[19.42523,51.75578],[19.42551,51.75575],[19.42598,51.75569],[19.42611,51.75566],[19.42651,51.7556],[19.42696,51.75551],[19.42814,51.75542],[19.42923,51.75542],[19.43026,51.75542],[19.43112,51.75549],[19.43153,51.75554],[19.43162,51.75555],[19.43184,51.75563],[19.43199,51.75569],[19.43218,51.75573],[19.43265,51.75575],[19.43444,51.75597],[19.4346,51.75601],[19.43471,51.75608],[19.4348,51.75617],[19.4348,51.75627],[19.43443,51.75702],[19.43444,51.75717],[19.43437,51.75736],[19.4337,51.75834],[19.43308,51.75927],[19.43263,51.75987],[19.43226,51.7603],[19.43199,51.76057],[19.43161,51.76089],[19.43184,51.76098],[19.43186,51.76101],[19.43208,51.7611],[19.43259,51.76132],[19.43283,51.76135],[19.43293,51.76141],[19.43776,51.76353],[19.43874,51.7639],[19.43933,51.76402],[19.43945,51.76416],[19.43941,51.76465],[19.43925,51.76589],[19.43827,51.77011],[19.43462,51.76893],[19.42982,51.76938],[19.42946,51.76964],[19.42904,51.77048],[19.42885,51.7706],[19.42867,51.77098],[19.42837,51.77159],[19.42827,51.77179],[19.42807,51.77217],[19.42801,51.7723],[19.42786,51.77259],[19.42772,51.77295],[19.4276,51.77323],[19.42752,51.77346],[19.42751,51.7735],[19.42748,51.77357],[19.42739,51.77382],[19.42726,51.77439],[19.42744,51.77726],[19.42696,51.78075],[19.42625,51.78255],[19.42668,51.78613],[19.4301,51.79035],[19.43121,51.79205],[19.43289,51.79758],[19.43326,51.79823],[19.43477,51.79804],[19.43616,51.79791],[19.44178,51.79736],[19.44278,51.79705],[19.44371,51.79725],[19.44461,51.7975],[19.44208,51.80095],[19.44117,51.80304],[19.43978,51.80628],[19.43919,51.80637],[19.43799,51.80662],[19.43401,51.80742],[19.42894,51.80846],[19.42559,51.80911],[19.42569,51.81022],[19.42582,51.81115],[19.42585,51.81143],[19.4259,51.81175],[19.42595,51.81182],[19.42598,51.81207],[19.42606,51.81245],[19.4261,51.81253],[19.42617,51.81271],[19.4262,51.81272],[19.42623,51.81277],[19.42625,51.8128],[19.42635,51.81289],[19.42673,51.8132],[19.42683,51.81335],[19.42686,51.81341],[19.42688,51.81342],[19.42689,51.81344],[19.42689,51.81348],[19.42689,51.8135],[19.42689,51.81351],[19.42688,51.81357],[19.42685,51.8136],[19.42682,51.81366],[19.42678,51.81375],[19.42661,51.81395],[19.42645,51.81416],[19.42629,51.8145],[19.42622,51.81459],[19.42617,51.81464],[19.42611,51.81467],[19.42596,51.81475],[19.42588,51.81475],[19.42579,51.81475],[19.42568,51.81474],[19.42551,51.81467],[19.42536,51.81467],[19.42519,51.81465],[19.42513,51.81461],[19.42503,51.81461],[19.42484,51.81458],[19.42476,51.81457],[19.4247,51.81457],[19.42463,51.81457],[19.42455,51.81457],[19.42447,51.81457],[19.42438,51.81458],[19.42429,51.81459],[19.42417,51.81461],[19.42409,51.81464],[19.42399,51.81467],[19.42392,51.81467],[19.42382,51.81473],[19.42376,51.81476],[19.42364,51.81484],[19.4235,51.81493],[19.42336,51.81502],[19.42325,51.81512],[19.42251,51.81574],[19.41919,51.81805],[19.41901,51.81789],[19.41902,51.8178],[19.41923,51.81763]]},"properties":{"line":"99","dir":"0","mode":"bus"}},{"type":"Feature","geometry":{"type":"LineString","coordinates":[[19.41965,51.81739],[19.41982,51.8174],[19.42005,51.81746],[19.4227,51.8154],[19.4227,51.8154],[19.42377,51.81473],[19.42447,51.81456],[19.42496,51.81458],[19.42586,51.81475],[19.4261,51.81469],[19.42625,51.81452],[19.42672,51.81377],[19.42657,51.81368],[19.42453,51.81272],[19.42439,51.81257],[19.42436,51.81241],[19.42502,51.81137],[19.42513,51.81011],[19.4253,51.80964],[19.42533,51.8095],[19.42533,51.80908],[19.42558,51.80904],[19.42611,51.80896],[19.42667,51.80884],[19.42726,51.80869],[19.42885,51.80839],[19.42884,51.80833],[19.43524,51.80709],[19.43971,51.80626],[19.44194,51.80102],[19.44231,51.80046],[19.44228,51.80012],[19.44323,51.79873],[19.44406,51.79754],[19.44311,51.79729],[19.443,51.79729],[19.4429,51.79729],[19.44281,51.7973],[19.44248,51.79732],[19.44191,51.79738],[19.44104,51.79746],[19.44088,51.79748],[19.43565,51.79797],[19.43442,51.79809],[19.43326,51.79822],[19.43302,51.79826],[19.42959,51.79863],[19.42831,51.79876],[19.42417,51.79922],[19.42312,51.79487],[19.42102,51.79209],[19.42586,51.79113],[19.4301,51.79035],[19.4297,51.78971],[19.4266,51.78611],[19.42625,51.78253],[19.42673,51.78117],[19.42739,51.77775],[19.42739,51.77641],[19.42717,51.77458],[19.42751,51.7735],[19.4288,51.77073],[19.42898,51.77016],[19.42898,51.77008],[19.42903,51.77001],[19.42927,51.76964],[19.4295,51.76938],[19.42955,51.76929],[19.42959,51.76929],[19.42972,51.7692],[19.42982,51.7692],[19.4299,51.7692],[19.42998,51.76918],[19.43114,51.76906],[19.4317,51.76902],[19.43185,51.76907],[19.43194,51.7691],[19.43205,51.76911],[19.43274,51.76937],[19.43293,51.76943],[19.43399,51.76976],[19.43805,51.77102],[19.43856,51.76835],[19.4394,51.76444],[19.4394,51.7642],[19.43929,51.76391],[19.43921,51.76339],[19.44137,51.76135],[19.44189,51.76085],[19.43854,51.7596],[19.43515,51.75842],[19.43452,51.75819],[19.43442,51.75815],[19.43411,51.75805],[19.43373,51.75789],[19.43368,51.75787],[19.43343,51.7578],[19.43367,51.75741],[19.43387,51.75704],[19.43394,51.75693],[19.43396,51.75686],[19.43395,51.75686],[19.4342,51.75639],[19.43433,51.75621],[19.43399,51.75614],[19.43283,51.75595],[19.4318,51.75587],[19.43176,51.75585],[19.42982,51.75574],[19.42858,51.75575],[19.42737,51.75578],[19.42655,51.75592],[19.42632,51.75595],[19.42588,51.75602],[19.42558,51.75605],[19.42523,51.75609],[19.42495,51.75612],[19.42456,51.75612],[19.4242,51.75611],[19.42336,51.75597],[19.42255,51.75603],[19.41584,51.75752],[19.41552,51.75765],[19.41472,51.75793],[19.41418,51.75729],[19.41422,51.7572],[19.41251,51.75486],[19.41235,51.75483],[19.41244,51.75476],[19.40956,51.75098],[19.40632,51.74822],[19.40416,51.74794],[19.40339,51.74769],[19.3983,51.74622],[19.39767,51.74711],[19.3974,51.74754],[19.39726,51.74777],[19.39669,51.74869],[19.39647,51.74907],[19.39638,51.74925],[19.39623,51.7495],[19.3962,51.74956],[19.3961,51.7497],[19.39598,51.74991],[19.39589,51.75002],[19.39577,51.75017],[19.39567,51.75026],[19.39557,51.7503],[19.39545,51.7504],[19.39524,51.75049],[19.39513,51.75056],[19.39496,51.75059],[19.39462,51.75065],[19.3941,51.75067],[19.39389,51.75068],[19.39333,51.75048],[19.39134,51.74995],[19.38578,51.74835],[19.38128,51.74647],[19.38127,51.74581],[19.38237,51.74297],[19.38242,51.74288],[19.38266,51.74233],[19.38297,51.7419],[19.38317,51.74151],[19.38325,51.74149],[19.38338,51.74144],[19.38357,51.74144],[19.3837,51.74144],[19.38382,51.74152],[19.38384,51.74162],[19.38481,51.74223],[19.38474,51.74233]]},"properties":{"line":"99","dir":"1","mode":"bus"}},{"type":"Feature","geometry":{"type":"LineString","coordinates":[[19.45553,51.7727],[19.45313,51.77249],[19.45187,51.77865],[19.45102,51.77856],[19.44719,51.77825],[19.44428,51.77796],[19.44307,51.77802],[19.44245,51.7779],[19.43897,51.7766],[19.43405,51.77516],[19.42745,51.77354],[19.42873,51.7708],[19.42908,51.77009],[19.42561,51.76892],[19.42617,51.76769],[19.42625,51.76756],[19.42651,51.7671],[19.42668,51.76683],[19.42692,51.76649],[19.42765,51.76544],[19.42766,51.76535],[19.42782,51.76517],[19.42811,51.76479],[19.42852,51.76418],[19.42864,51.76402],[19.42915,51.7633],[19.42917,51.76328],[19.42962,51.76265],[19.42976,51.76247],[19.43005,51.76208],[19.43056,51.76157],[19.43152,51.76059],[19.43152,51.76053],[19.43152,51.7605],[19.43152,51.76044],[19.43156,51.76044],[19.43167,51.76026],[19.43199,51.75987],[19.43208,51.75972],[19.43242,51.75925],[19.43261,51.75898],[19.43301,51.7584],[19.43314,51.75824],[19.43343,51.7578],[19.43367,51.75741],[19.43374,51.75723],[19.43384,51.75705],[19.43396,51.75686],[19.43395,51.75686],[19.4342,51.75639],[19.43433,51.75621],[19.43399,51.75614],[19.43283,51.75595],[19.4318,51.75587],[19.43176,51.75585],[19.42982,51.75574],[19.42858,51.75575],[19.42737,51.75578],[19.42655,51.75592],[19.42632,51.75595],[19.42588,51.75602],[19.42558,51.75605],[19.42523,51.75609],[19.42495,51.75612],[19.42456,51.75612],[19.4242,51.75611],[19.42336,51.75597],[19.42255,51.75603],[19.42291,51.75598],[19.41998,51.75657],[19.41756,51.75711],[19.4167,51.75729],[19.41585,51.75752],[19.41569,51.75762],[19.41526,51.75774],[19.41505,51.75783],[19.41491,51.75787],[19.41472,51.75793],[19.41453,51.75799],[19.41351,51.75827],[19.41226,51.75882],[19.41059,51.76014],[19.40937,51.76141],[19.40782,51.76246],[19.40825,51.76262]]},"properties":{"line":"100","dir":"0","mode":"bus"}},{"type":"Feature","geometry":{"type":"LineString","coordinates":[[19.4134,51.76441],[19.41528,51.76514],[19.41592,51.76535],[19.41608,51.76543],[19.41632,51.76551],[19.41641,51.76553],[19.41786,51.76605],[19.41913,51.7665],[19.42007,51.76683],[19.42047,51.76697],[19.4209,51.76712],[19.42115,51.76722],[19.42129,51.76724],[19.42138,51.76728],[19.42169,51.7674],[19.42185,51.76748],[19.42192,51.76743],[19.42199,51.76755],[19.4222,51.76766],[19.4225,51.76778],[19.42305,51.76802],[19.42326,51.76808],[19.42354,51.76814],[19.42363,51.76817],[19.4237,51.7682],[19.42473,51.76846],[19.4249,51.76848],[19.42535,51.76859],[19.42575,51.76871],[19.42588,51.76872],[19.42595,51.76873],[19.42615,51.76876],[19.42641,51.76877],[19.42659,51.76877],[19.4294,51.76919],[19.43161,51.76899],[19.43202,51.76913],[19.42977,51.7694],[19.42944,51.76967],[19.42758,51.77348],[19.43654,51.77576],[19.4421,51.77774],[19.44277,51.77793],[19.44325,51.77797],[19.44407,51.77793],[19.45042,51.77847],[19.45103,51.77846],[19.45155,51.77852],[19.45173,51.77798],[19.45187,51.77717],[19.452,51.7766],[19.45201,51.77656],[19.45201,51.77654],[19.45202,51.77653],[19.45202,51.7765],[19.45245,51.77449],[19.45257,51.77449],[19.45261,51.77449],[19.4527,51.77449],[19.45511,51.7747]]},"properties":{"line":"100","dir":"1","mode":"bus"}},{"type":"Feature","geometry":{"type":"LineString","coordinates":[[19.45517,51.77471],[19.4623,51.77533],[19.46418,51.76953],[19.46691,51.77002],[19.46709,51.77012],[19.46755,51.7702],[19.46929,51.77016],[19.47276,51.76998],[19.47306,51.76851],[19.47306,51.76691],[19.47082,51.76674],[19.4693,51.76662],[19.46891,51.76806],[19.46885,51.76812],[19.46874,51.76813],[19.46737,51.76788],[19.46744,51.76764],[19.46712,51.76737],[19.46684,51.76719],[19.46622,51.76714],[19.46552,51.76703],[19.46553,51.7667],[19.46572,51.76632],[19.46455,51.76621],[19.46286,51.76605],[19.46174,51.76594],[19.46153,51.76591],[19.46161,51.76548],[19.46342,51.75716],[19.46415,51.75407],[19.46418,51.75396],[19.46437,51.75315],[19.4599,51.75279],[19.46089,51.74851],[19.47229,51.75131],[19.47267,51.75148],[19.47842,51.75292],[19.48404,51.75437],[19.48209,51.75731],[19.48203,51.75776],[19.47364,51.75619],[19.4729,51.75955]]},"properties":{"line":"101","dir":"0","mode":"bus"}},{"type":"Feature","geometry":{"type":"LineString","coordinates":[[19.47585,51.75981],[19.47687,51.75993],[19.47674,51.76075],[19.479,51.76087],[19.4806,51.76099],[19.48131,51.76109],[19.47982,51.76747],[19.47525,51.76709],[19.47082,51.76674],[19.4693,51.76662],[19.46891,51.76806],[19.46885,51.76812],[19.46874,51.76813],[19.46728,51.76787],[19.46694,51.76772],[19.46705,51.76751],[19.46724,51.76702],[19.46695,51.76697],[19.46688,51.76708],[19.46674,51.76718],[19.46642,51.76717],[19.4654,51.76703],[19.46449,51.76896],[19.46427,51.7694],[19.46431,51.76947],[19.46456,51.76957],[19.46717,51.7702],[19.46671,51.77136],[19.46619,51.77365],[19.45834,51.77293],[19.45563,51.77271]]},"properties":{"line":"101","dir":"1","mode":"bus"}},{"type":"Feature","geometry":{"type":"LineString","coordinates":[[19.53726,51.76239],[19.53693,51.76243],[19.53672,51.76188],[19.53643,51.7611],[19.53633,51.76087],[19.53626,51.76062],[19.53624,51.76052],[19.53643,51.76043],[19.53736,51.76028],[19.53797,51.76021],[19.53851,51.76017],[19.54003,51.76007],[19.54111,51.75998],[19.54164,51.75991],[19.54194,51.7599],[19.54366,51.75959],[19.54406,51.75951],[19.54609,51.75915],[19.54666,51.75899],[19.54684,51.75888],[19.5482,51.75863],[19.54889,51.75846],[19.5493,51.75834],[19.54973,51.75823],[19.55095,51.75788],[19.55168,51.75768],[19.55235,51.75753],[19.55336,51.75735],[19.55435,51.75722],[19.55481,51.75719],[19.5557,51.75711],[19.55634,51.75704],[19.5568,51.75698],[19.55705,51.75693],[19.5573,51.7569],[19.55762,51.75683],[19.55793,51.75675],[19.55861,51.75659],[19.55949,51.75638],[19.56084,51.75618],[19.56199,51.75605],[19.56276,51.75592],[19.56533,51.75546],[19.56566,51.7554],[19.56604,51.75533],[19.56617,51.75531],[19.56616,51.75521],[19.58308,51.75217],[19.58658,51.75157],[19.58926,51.751],[19.59046,51.75082],[19.59213,51.75071],[19.59307,51.75059],[19.59437,51.75032],[19.60607,51.74376],[19.60748,51.74303],[19.60827,51.74259],[19.60919,51.74207],[19.60997,51.74162],[19.61013,51.74153],[19.61092,51.7411],[19.61199,51.74051],[19.61281,51.74006],[19.61302,51.73993],[19.61305,51.73993],[19.61311,51.73989],[19.61324,51.73982],[19.61527,51.73866],[19.61598,51.73827],[19.61665,51.73786],[19.61703,51.73767],[19.61808,51.73707],[19.61911,51.73649],[19.61984,51.73608],[19.62053,51.7357],[19.62125,51.73527],[19.62308,51.73426],[19.62385,51.73383],[19.62437,51.73354],[19.62443,51.73349],[19.62445,51.73349],[19.62499,51.73318],[19.62565,51.73281],[19.62662,51.73227],[19.62866,51.73106],[19.62891,51.73095],[19.62896,51.73093],[19.62925,51.73076],[19.63101,51.72973],[19.63188,51.72924],[19.6326,51.72883],[19.63266,51.72878],[19.63864,51.72538],[19.64192,51.72757],[19.64624,51.73624],[19.64661,51.73643],[19.6462,51.73661],[19.64547,51.73676],[19.64186,51.73736],[19.63847,51.73803],[19.63543,51.73861],[19.63448,51.73702],[19.6345,51.73694],[19.63459,51.73691],[19.63469,51.737],[19.63475,51.73705],[19.63479,51.73716]]},"properties":{"line":"201","dir":"0","mode":"bus"}},{"type":"Feature","geometry":{"type":"LineString","coordinates":[[19.63469,51.73736],[19.63543,51.73861],[19.63783,51.73812],[19.64173,51.73736],[19.6429,51.73716],[19.64585,51.73666],[19.64626,51.73657],[19.64624,51.73652],[19.64661,51.73643],[19.64622,51.73624],[19.64592,51.73572],[19.64472,51.7334],[19.64182,51.72761],[19.63864,51.72538],[19.63631,51.72676],[19.63244,51.72896],[19.63191,51.72919],[19.62713,51.73205],[19.61865,51.73684],[19.61199,51.74051],[19.59425,51.75044],[19.59021,51.75116],[19.58464,51.7522],[19.575,51.75395],[19.56543,51.75569],[19.56462,51.75593],[19.55892,51.75695],[19.55745,51.75715],[19.55723,51.75719],[19.55692,51.75725],[19.55662,51.75729],[19.55633,51.75739],[19.55599,51.75747],[19.5553,51.75765],[19.5547,51.75784],[19.55414,51.75799],[19.55389,51.75806],[19.55373,51.75809],[19.55292,51.75826],[19.55219,51.75837],[19.5514,51.75845],[19.54932,51.75872],[19.54676,51.75911],[19.546,51.75918],[19.54198,51.75994],[19.54128,51.76011],[19.53959,51.76055],[19.53911,51.76068],[19.53813,51.76096],[19.53776,51.76103],[19.53782,51.7611],[19.53808,51.76164],[19.53812,51.76182],[19.53808,51.76191],[19.53802,51.76211],[19.53799,51.76222],[19.53793,51.76226]]},"properties":{"line":"201","dir":"1","mode":"bus"}},{"type":"Feature","geometry":{"type":"LineString","coordinates":[[19.53726,51.76239],[19.53693,51.76243],[19.53672,51.76188],[19.53643,51.7611],[19.53633,51.76087],[19.53626,51.76062],[19.53624,51.76052],[19.53643,51.76043],[19.53736,51.76028],[19.53797,51.76021],[19.53851,51.76017],[19.54003,51.76007],[19.54111,51.75998],[19.54164,51.75991],[19.54194,51.7599],[19.54366,51.75959],[19.54406,51.75951],[19.54609,51.75915],[19.54666,51.75899],[19.54684,51.75888],[19.5482,51.75863],[19.54889,51.75846],[19.5493,51.75834],[19.54973,51.75823],[19.55095,51.75788],[19.55168,51.75768],[19.55235,51.75753],[19.55336,51.75735],[19.55435,51.75722],[19.55481,51.75719],[19.5557,51.75711],[19.55634,51.75704],[19.5568,51.75698],[19.55705,51.75693],[19.5573,51.7569],[19.55762,51.75683],[19.55793,51.75675],[19.55861,51.75659],[19.55949,51.75638],[19.56084,51.75618],[19.56199,51.75605],[19.56276,51.75592],[19.56533,51.75546],[19.56566,51.7554],[19.56604,51.75533],[19.56617,51.75531],[19.56616,51.75521],[19.58308,51.75217],[19.58658,51.75157],[19.58926,51.751],[19.59046,51.75082],[19.59213,51.75071],[19.59307,51.75059],[19.59437,51.75032],[19.60607,51.74376],[19.60748,51.74303],[19.60827,51.74259],[19.60919,51.74207],[19.60997,51.74162],[19.61013,51.74153],[19.61092,51.7411],[19.61199,51.74051],[19.61281,51.74006],[19.61302,51.73993],[19.61305,51.73993],[19.61311,51.73989],[19.61324,51.73982],[19.61527,51.73866],[19.61598,51.73827],[19.61665,51.73786],[19.61703,51.73767],[19.61808,51.73707],[19.61911,51.73649],[19.61984,51.73608],[19.62053,51.7357],[19.62125,51.73527],[19.62308,51.73426],[19.62385,51.73383],[19.62437,51.73354],[19.62443,51.73349],[19.62445,51.73349],[19.62499,51.73318],[19.62565,51.73281],[19.62662,51.73227],[19.62866,51.73106],[19.62891,51.73095],[19.62896,51.73093],[19.62925,51.73076],[19.63101,51.72973],[19.63188,51.72924],[19.6326,51.72883],[19.63266,51.72878],[19.64426,51.72216],[19.64464,51.72182],[19.64886,51.71628],[19.64956,51.71647],[19.65397,51.71075],[19.65327,51.71053],[19.64857,51.71681],[19.64476,51.72182],[19.64457,51.72203],[19.64426,51.72227],[19.6536,51.72335],[19.65669,51.72381],[19.65815,51.72422],[19.66078,51.72532],[19.67026,51.73022],[19.67047,51.73024],[19.67072,51.73017],[19.6725,51.72925],[19.67297,51.72903],[19.68024,51.72649],[19.68635,51.73135],[19.68659,51.73169],[19.68649,51.73213],[19.67802,51.74633],[19.67813,51.74663],[19.67795,51.74668]]},"properties":{"line":"202","dir":"0","mode":"bus"}},{"type":"Feature","geometry":{"type":"LineString","coordinates":[[19.67773,51.74656],[19.67805,51.74629],[19.68656,51.73188],[19.68657,51.73172],[19.68652,51.73158],[19.68025,51.72653],[19.6727,51.72915],[19.67087,51.73014],[19.67055,51.73025],[19.6703,51.73027],[19.6696,51.72994],[19.66003,51.72496],[19.65624,51.72374],[19.64401,51.72231],[19.64449,51.72197],[19.64886,51.71628],[19.64956,51.71647],[19.65397,51.71075],[19.65327,51.71053],[19.64857,51.71681],[19.64479,51.72184],[19.64425,51.72229],[19.63244,51.72896],[19.63191,51.72919],[19.62713,51.73205],[19.61865,51.73684],[19.61199,51.74051],[19.59425,51.75044],[19.59021,51.75116],[19.58464,51.7522],[19.575,51.75395],[19.56543,51.75569],[19.56462,51.75593],[19.55892,51.75695],[19.55745,51.75715],[19.55723,51.75719],[19.55692,51.75725],[19.55662,51.75729],[19.55633,51.75739],[19.55599,51.75747],[19.5553,51.75765],[19.5547,51.75784],[19.55414,51.75799],[19.55389,51.75806],[19.55373,51.75809],[19.55292,51.75826],[19.55219,51.75837],[19.5514,51.75845],[19.54932,51.75872],[19.54676,51.75911],[19.546,51.75918],[19.54198,51.75994],[19.54128,51.76011],[19.53959,51.76055],[19.53911,51.76068],[19.53813,51.76096],[19.53776,51.76103],[19.53782,51.7611],[19.53808,51.76164],[19.53812,51.76182],[19.53808,51.76191],[19.53802,51.76211],[19.53799,51.76222],[19.53793,51.76226]]},"properties":{"line":"202","dir":"1","mode":"bus"}},{"type":"Feature","geometry":{"type":"LineString","coordinates":[[19.43142,51.74628],[19.43196,51.74628],[19.43234,51.74624],[19.43282,51.74614],[19.43342,51.74595],[19.43396,51.74574],[19.43428,51.74563],[19.43446,51.74553],[19.43452,51.74543],[19.43457,51.74526],[19.4345,51.74432],[19.43438,51.74269],[19.43434,51.74216],[19.43431,51.7418],[19.43427,51.7413],[19.43394,51.7368],[19.43558,51.73647],[19.43593,51.73644],[19.43626,51.73644],[19.43657,51.73644],[19.43675,51.73644],[19.43724,51.73642],[19.43743,51.73642],[19.4379,51.73642],[19.43877,51.7364],[19.43982,51.7364],[19.44072,51.73639],[19.44095,51.7364],[19.44203,51.7364],[19.44231,51.7364],[19.44273,51.73639],[19.44385,51.7364],[19.45238,51.73633],[19.45244,51.73593],[19.45253,51.73572],[19.45261,51.73543],[19.45261,51.73536],[19.45263,51.73462],[19.45267,51.73383],[19.45266,51.73317],[19.45261,51.7331],[19.45263,51.73293],[19.45263,51.7327],[19.45261,51.73235],[19.45261,51.73226],[19.45261,51.73223],[19.45254,51.73209],[19.45245,51.73194],[19.45235,51.73177],[19.45232,51.73171],[19.45226,51.73164],[19.45225,51.7316],[19.45224,51.7316],[19.45223,51.73157],[19.45223,51.73155],[19.45221,51.73149],[19.45217,51.73142],[19.45217,51.73138],[19.45221,51.73133],[19.45222,51.73128],[19.45224,51.73123],[19.45226,51.73115],[19.4523,51.73113],[19.45231,51.73106],[19.45234,51.73106],[19.45235,51.73105],[19.45238,51.73102],[19.4524,51.73099],[19.45244,51.73097],[19.45247,51.73095],[19.4525,51.73093],[19.45252,51.73092],[19.45254,51.73088],[19.45257,51.73088],[19.45259,51.73088],[19.45261,51.73088],[19.45261,51.73087],[19.45267,51.73086],[19.4527,51.73086],[19.45272,51.73085],[19.45275,51.73085],[19.45277,51.73085],[19.45279,51.73085],[19.45282,51.73084],[19.45287,51.73084],[19.45289,51.73085],[19.45292,51.73085],[19.45298,51.73085],[19.45301,51.73086],[19.45304,51.73086],[19.45306,51.73087],[19.45309,51.73088],[19.4531,51.73088],[19.4532,51.73088],[19.45334,51.73088],[19.45341,51.73088],[19.45348,51.73088],[19.45357,51.73088],[19.4537,51.73086],[19.45391,51.73079],[19.45544,51.72998],[19.45627,51.72953],[19.45641,51.72946],[19.45701,51.72907],[19.45721,51.72898],[19.45733,51.72892],[19.4575,51.72883],[19.45751,51.72883],[19.45768,51.72878],[19.45803,51.72862],[19.46008,51.72761],[19.46084,51.7272],[19.46127,51.72703],[19.46143,51.72694],[19.46153,51.72691],[19.46164,51.72685],[19.46183,51.72682],[19.46252,51.72663],[19.46286,51.72654],[19.46317,51.7264],[19.46331,51.72631],[19.46355,51.72613],[19.4637,51.72613],[19.46398,51.72618],[19.46411,51.72621],[19.46416,51.72622],[19.46436,51.7263],[19.46446,51.72633],[19.46455,51.7264],[19.46459,51.72645],[19.46469,51.72655],[19.46481,51.72666],[19.46493,51.72674],[19.46516,51.72685],[19.46529,51.72691],[19.46723,51.72763],[19.46861,51.72811],[19.46882,51.72821],[19.46979,51.72856],[19.47059,51.72889],[19.47062,51.72887],[19.47065,51.72889],[19.47363,51.73003],[19.47403,51.73014],[19.47441,51.73029],[19.47483,51.73039],[19.47488,51.73041],[19.4749,51.73042],[19.47497,51.73043],[19.47501,51.73047],[19.4751,51.7305],[19.47533,51.73058],[19.47597,51.73083],[19.47757,51.73156],[19.47772,51.7316],[19.47788,51.73164],[19.47806,51.73165],[19.47812,51.73165],[19.47824,51.73165],[19.47838,51.73166],[19.47847,51.73166],[19.47869,51.73169],[19.47882,51.73171],[19.47888,51.73171],[19.47896,51.73174],[19.47916,51.73178],[19.47936,51.73183],[19.47974,51.73194],[19.48001,51.732],[19.4801,51.73202],[19.48029,51.73205],[19.48098,51.73212],[19.48105,51.73212],[19.48143,51.73218],[19.48191,51.73221],[19.48225,51.73223],[19.48342,51.73235],[19.48492,51.73244],[19.48583,51.73248],[19.48752,51.7325],[19.48843,51.73252],[19.48866,51.7325],[19.48872,51.7325],[19.48883,51.7325],[19.48893,51.73253],[19.48902,51.73253],[19.48914,51.73256],[19.48923,51.73256],[19.4893,51.73265],[19.4896,51.73272],[19.49034,51.7329],[19.49079,51.73293],[19.49126,51.73295],[19.49162,51.73295],[19.49183,51.73299],[19.4936,51.73305],[19.49387,51.73304],[19.49937,51.73651],[19.50209,51.73626],[19.50279,51.73617],[19.50362,51.73608],[19.50517,51.73599],[19.50628,51.73589],[19.50729,51.7357],[19.51015,51.73554],[19.51017,51.73561],[19.51026,51.73592],[19.51033,51.73621],[19.51031,51.73632],[19.51016,51.73659],[19.50964,51.7366]]},"properties":{"line":"F1","dir":"0","mode":"bus"}},{"type":"Feature","geometry":{"type":"LineString","coordinates":[[19.51833,51.71286],[19.52072,51.71337],[19.5243,51.71419],[19.52627,51.71461],[19.52767,51.71494],[19.52943,51.71535],[19.53123,51.71578],[19.53259,51.71612],[19.53278,51.71614],[19.53296,51.71616],[19.53311,51.71618],[19.53318,51.71618],[19.53321,51.71617],[19.53325,51.71616],[19.53329,51.71615],[19.53334,51.71614],[19.5334,51.71614],[19.53346,51.71615],[19.5335,51.71617],[19.53353,51.71618],[19.53356,51.7162],[19.53359,51.71622],[19.53361,51.71625],[19.53362,51.71628],[19.53362,51.71631],[19.53362,51.71634],[19.53361,51.71636],[19.53359,51.71638],[19.53356,51.71641],[19.53352,51.71644],[19.53347,51.71646],[19.5334,51.71647],[19.53334,51.71649],[19.5333,51.71651],[19.53328,51.71652],[19.53318,51.71666],[19.53309,51.71669],[19.53299,51.71684],[19.53287,51.71703],[19.53043,51.72092],[19.53033,51.72109],[19.5303,51.72122],[19.53043,51.72126],[19.53061,51.72135],[19.53079,51.72143],[19.53126,51.72153],[19.53186,51.72165],[19.53552,51.72214],[19.53754,51.72244],[19.53771,51.72244],[19.53792,51.72244],[19.5381,51.7224],[19.53825,51.72238],[19.53832,51.72236],[19.53837,51.72231],[19.53847,51.72223],[19.53854,51.72223],[19.53862,51.72223],[19.53869,51.72224],[19.53877,51.72226],[19.53887,51.7223],[19.53888,51.72236],[19.53888,51.72242],[19.53887,51.72247],[19.53883,51.72252],[19.53878,51.72261],[19.53877,51.72286],[19.53776,51.72503],[19.5378,51.72511],[19.53787,51.72523],[19.53784,51.72532],[19.53773,51.72542],[19.53747,51.72544],[19.53719,51.72552],[19.5352,51.72739],[19.52972,51.73241],[19.52933,51.7327],[19.52862,51.73336],[19.52831,51.73364],[19.52769,51.7342],[19.52769,51.73423],[19.52768,51.73425],[19.52767,51.73427],[19.52764,51.73428],[19.52762,51.73432],[19.52762,51.73435],[19.5276,51.73437],[19.5276,51.73441],[19.52761,51.73443],[19.52762,51.73443],[19.52762,51.73446],[19.52764,51.73446],[19.52764,51.7345],[19.52768,51.73451],[19.52769,51.73452],[19.52771,51.73453],[19.52775,51.73454],[19.5278,51.73455],[19.52785,51.73455],[19.52901,51.73454],[19.52917,51.73462],[19.52905,51.73482],[19.52831,51.73496],[19.52653,51.73499],[19.52831,51.73496],[19.52653,51.73499],[19.52495,51.73505],[19.52448,51.73507],[19.52404,51.73508],[19.52192,51.73522],[19.52095,51.73527],[19.51839,51.7355],[19.51719,51.73559],[19.51624,51.73568],[19.51586,51.7357],[19.51583,51.73572],[19.51211,51.73597],[19.51118,51.73608],[19.51044,51.73617],[19.505,51.73622],[19.50452,51.73633],[19.50452,51.7363],[19.49465,51.73712],[19.49435,51.73563],[19.49434,51.73552],[19.49421,51.73499],[19.4941,51.73453],[19.49401,51.73419],[19.49393,51.73373],[19.49377,51.73328],[19.49368,51.73317],[19.4936,51.73313],[19.49276,51.73304],[19.49183,51.73299],[19.491,51.73295],[19.49046,51.73292],[19.49001,51.73295],[19.48923,51.73307],[19.48896,51.7331],[19.4887,51.73311],[19.48835,51.73301],[19.48655,51.73253],[19.48486,51.73247],[19.4825,51.73232],[19.47963,51.73193],[19.47904,51.73178],[19.47848,51.73167],[19.47786,51.73166],[19.47741,51.73155],[19.47683,51.73131],[19.47513,51.7307],[19.47485,51.73061],[19.47474,51.73058],[19.47392,51.73029],[19.47352,51.73013],[19.47145,51.72936],[19.47091,51.72917],[19.46989,51.72878],[19.46613,51.72737],[19.4653,51.72707],[19.46515,51.72701],[19.46483,51.72691],[19.46446,51.72685],[19.46427,51.72684],[19.46356,51.72676],[19.46324,51.72676],[19.46301,51.72679],[19.46276,51.72685],[19.46224,51.72694],[19.46211,51.72698],[19.46193,51.72703],[19.46171,51.72709],[19.46154,51.72712],[19.4613,51.7272],[19.46102,51.72734],[19.45897,51.72835],[19.45807,51.72881],[19.45702,51.72942],[19.45686,51.7295],[19.45655,51.72961],[19.45623,51.72977],[19.45554,51.73012],[19.45526,51.73025],[19.45493,51.73043],[19.45461,51.73061],[19.45447,51.73068],[19.45439,51.73076],[19.45429,51.7308],[19.45423,51.73084],[19.45411,51.73088],[19.45401,51.73095],[19.4539,51.73102],[19.45385,51.73105],[19.45381,51.73106],[19.45376,51.73113],[19.45375,51.73115],[19.45373,51.73122],[19.45371,51.73128],[19.45367,51.73133],[19.45369,51.73139],[19.45371,51.73142],[19.45371,51.73148],[19.45371,51.73149],[19.45371,51.73151],[19.45371,51.73155],[19.4537,51.73157],[19.4537,51.7316],[19.45367,51.73164],[19.45367,51.73167],[19.45366,51.73169],[19.45363,51.73171],[19.45357,51.73176],[19.45354,51.73178],[19.45351,51.73183],[19.45348,51.73183],[19.45343,51.73183],[19.45338,51.73192],[19.45328,51.73194],[19.45324,51.73194],[19.45319,51.73196],[19.45315,51.73196],[19.45301,51.73209],[19.45297,51.73212],[19.45292,51.7322],[19.45292,51.73226],[19.45292,51.73239],[19.45292,51.73271],[19.45292,51.73301],[19.45292,51.73301],[19.45289,51.73391],[19.45288,51.73455],[19.45289,51.73464],[19.45288,51.73497],[19.45287,51.73527],[19.45287,51.73536],[19.45289,51.7355],[19.45289,51.73554],[19.45291,51.73572],[19.45297,51.73611],[19.45297,51.73631],[19.45296,51.7364],[19.45275,51.73639],[19.4527,51.73639],[19.45247,51.73639],[19.45205,51.7364],[19.45177,51.73642],[19.4495,51.73641],[19.44935,51.73645],[19.44866,51.7365],[19.44751,51.73652],[19.44654,51.73652],[19.4407,51.73652],[19.43955,51.7365],[19.438,51.73655],[19.43425,51.73685],[19.43421,51.73693],[19.43405,51.737],[19.43396,51.73719],[19.43458,51.74528],[19.43442,51.74556],[19.43396,51.74578],[19.4333,51.74601],[19.43249,51.74622],[19.43143,51.7463]]},"properties":{"line":"F1","dir":"1","mode":"bus"}},{"type":"Feature","geometry":{"type":"LineString","coordinates":[[19.43143,51.7463],[19.43145,51.74632],[19.42914,51.74644],[19.42859,51.74637],[19.42805,51.74626],[19.42785,51.7461],[19.4277,51.74591],[19.42766,51.74536],[19.42748,51.74357],[19.42728,51.74322],[19.42652,51.74321],[19.42645,51.74324],[19.42638,51.7432],[19.42401,51.74312],[19.41179,51.74243],[19.41112,51.74213],[19.41073,51.74202],[19.41043,51.74195],[19.40994,51.74185],[19.40965,51.7418],[19.40937,51.74177],[19.40916,51.74173],[19.40893,51.74171],[19.40784,51.74162],[19.40699,51.74153],[19.40656,51.7415],[19.40636,51.74144],[19.40605,51.74142],[19.40559,51.74133],[19.40531,51.74128],[19.40515,51.74125],[19.40485,51.74115],[19.40424,51.74099],[19.40406,51.74095],[19.40402,51.74099],[19.40358,51.74081],[19.40299,51.74063],[19.40245,51.74045],[19.4021,51.74034],[19.40107,51.73993],[19.40102,51.73991],[19.40041,51.73964],[19.39979,51.7394],[19.39951,51.7393],[19.39908,51.73919],[19.39783,51.7388],[19.39745,51.73872],[19.39722,51.73864],[19.39642,51.73839],[19.39613,51.7383],[19.39416,51.73774],[19.39226,51.73716],[19.39142,51.73696],[19.39082,51.73678],[19.39049,51.73675],[19.39046,51.73678],[19.39023,51.73669],[19.38984,51.73664],[19.38976,51.73663],[19.38944,51.73674],[19.38929,51.73678],[19.38923,51.73685],[19.38913,51.73689],[19.38903,51.73696],[19.38894,51.73703],[19.3888,51.73712],[19.38832,51.73713],[19.38814,51.73714],[19.38802,51.73714],[19.38784,51.73716],[19.38717,51.73721],[19.3861,51.73734],[19.38601,51.73732],[19.38563,51.73792],[19.38468,51.73927],[19.3841,51.74008],[19.38407,51.74024],[19.38353,51.7412],[19.38369,51.74146],[19.3841,51.74175],[19.38476,51.7422],[19.38479,51.74226],[19.38474,51.74235],[19.38398,51.74239]]},"properties":{"line":"G1","dir":"0","mode":"bus"}},{"type":"Feature","geometry":{"type":"LineString","coordinates":[[19.36742,51.74092],[19.36721,51.7408],[19.36761,51.73907],[19.36761,51.73907],[19.36847,51.73658],[19.3666,51.73627],[19.3666,51.73627],[19.36571,51.73603],[19.36714,51.73256],[19.3681,51.73273],[19.36808,51.73272],[19.36836,51.73286],[19.37498,51.73455],[19.37498,51.73455],[19.37737,51.73532],[19.37937,51.73579],[19.37937,51.73579],[19.38108,51.73617],[19.38205,51.73623],[19.38545,51.73629],[19.38613,51.73634],[19.38657,51.73634],[19.38669,51.73637],[19.3865,51.73664],[19.38599,51.73734],[19.38575,51.73767],[19.3856,51.73792],[19.3852,51.73849],[19.38507,51.73866],[19.38468,51.73927],[19.38458,51.73937],[19.3841,51.74008],[19.384,51.7402],[19.38407,51.74024],[19.38353,51.7412],[19.38369,51.74146],[19.3841,51.74175],[19.38476,51.7422],[19.38479,51.74226],[19.38474,51.74235],[19.38398,51.74239]]},"properties":{"line":"G1","dir":"1","mode":"bus"}},{"type":"Feature","geometry":{"type":"LineString","coordinates":[[19.38265,51.74236],[19.38299,51.74172],[19.38507,51.73866],[19.3852,51.73849],[19.3856,51.73792],[19.38575,51.73767],[19.38599,51.73734],[19.38652,51.73647],[19.38657,51.73639],[19.38572,51.73636],[19.38131,51.73628],[19.37922,51.7359],[19.37583,51.73493],[19.36712,51.73254],[19.3671,51.73277],[19.3671,51.73277],[19.36572,51.73602],[19.3675,51.73637],[19.3675,51.73637],[19.36852,51.73657],[19.36755,51.74002],[19.36755,51.74002],[19.36731,51.74067],[19.36689,51.74214],[19.36656,51.74293],[19.36624,51.74322],[19.36561,51.74352],[19.36429,51.74399],[19.36369,51.74437],[19.36319,51.74527],[19.36306,51.74619],[19.36306,51.74619],[19.36295,51.74662],[19.36052,51.74667],[19.36052,51.74667],[19.35977,51.74666],[19.36066,51.74306]]},"properties":{"line":"G2","dir":"0","mode":"bus"}},{"type":"Feature","geometry":{"type":"LineString","coordinates":[[19.36066,51.74306],[19.36091,51.74223],[19.35348,51.74136],[19.35348,51.74136],[19.35141,51.74101],[19.35074,51.74396],[19.35074,51.74396],[19.35068,51.74418],[19.35769,51.74508],[19.36008,51.74538],[19.36066,51.74306],[19.36066,51.74306],[19.36132,51.74092],[19.36224,51.74098],[19.36224,51.74098],[19.36701,51.74152],[19.36761,51.73907],[19.36761,51.73907],[19.36847,51.73658],[19.3666,51.73627],[19.3666,51.73627],[19.36571,51.73603],[19.36714,51.73256],[19.3681,51.73273],[19.36808,51.73272],[19.36836,51.73286],[19.37498,51.73455],[19.37498,51.73455],[19.37737,51.73532],[19.37937,51.73579],[19.37937,51.73579],[19.38108,51.73617],[19.38205,51.73623],[19.38545,51.73629],[19.38613,51.73634],[19.38657,51.73634],[19.38669,51.73637],[19.3865,51.73664],[19.38599,51.73734],[19.38575,51.73767],[19.3856,51.73792],[19.3852,51.73849],[19.38507,51.73866],[19.38468,51.73927],[19.38458,51.73937],[19.3841,51.74008],[19.384,51.7402],[19.38407,51.74024],[19.38353,51.7412],[19.38369,51.74146],[19.3841,51.74175],[19.38476,51.7422],[19.38479,51.74226],[19.38474,51.74235],[19.38398,51.74239]]},"properties":{"line":"G2","dir":"1","mode":"bus"}},{"type":"Feature","geometry":{"type":"LineString","coordinates":[[19.48069,51.72595],[19.48084,51.72557],[19.4802,51.72536],[19.48117,51.72423],[19.48182,51.72361],[19.48284,51.72254],[19.48346,51.72158],[19.48393,51.72075],[19.48402,51.72048],[19.48425,51.7201],[19.48496,51.71784],[19.48505,51.71713],[19.48557,51.71575],[19.48626,51.71411],[19.48759,51.71172],[19.48783,51.711],[19.48795,51.71042],[19.4878,51.70972],[19.4867,51.70848],[19.48008,51.70111],[19.47955,51.70036],[19.47936,51.70013],[19.47916,51.70005],[19.47892,51.70005],[19.47728,51.70042],[19.47334,51.70042],[19.47266,51.7006],[19.47187,51.70116],[19.4677,51.70542],[19.46986,51.70614],[19.4753,51.70085],[19.47551,51.70093],[19.47557,51.70107],[19.47541,51.70112],[19.46994,51.7063],[19.46725,51.70532],[19.46152,51.70309],[19.46427,51.70032],[19.46778,51.69697],[19.46786,51.69694],[19.46799,51.69691],[19.4682,51.69695],[19.46924,51.69729],[19.47388,51.69909],[19.47334,51.69938]]},"properties":{"line":"H","dir":"0","mode":"bus"}},{"type":"Feature","geometry":{"type":"LineString","coordinates":[[19.48077,51.72591],[19.48084,51.72577],[19.48077,51.72558],[19.48044,51.72544],[19.47909,51.72683],[19.47904,51.72689],[19.47872,51.72721],[19.47864,51.72728],[19.47835,51.72757],[19.47684,51.72908],[19.47675,51.72916],[19.4765,51.72936],[19.4759,51.72982],[19.4754,51.73023],[19.47526,51.73034],[19.4751,51.7305],[19.47494,51.73063],[19.47488,51.73062],[19.47487,51.73061],[19.47474,51.73058],[19.47392,51.73029],[19.47366,51.7302],[19.47145,51.72936],[19.47091,51.72917],[19.46989,51.72878],[19.46613,51.72737],[19.4653,51.72707],[19.46515,51.72701],[19.46483,51.72691],[19.46446,51.72685],[19.46427,51.72684],[19.46356,51.72676],[19.46324,51.72676],[19.46301,51.72679],[19.46276,51.72685],[19.46224,51.72694],[19.46211,51.72698],[19.46193,51.72703],[19.46171,51.72709],[19.46154,51.72712],[19.4613,51.7272],[19.46102,51.72734],[19.45897,51.72835],[19.45807,51.72881],[19.45702,51.72942],[19.45686,51.7295],[19.45655,51.72961],[19.45623,51.72977],[19.45554,51.73012],[19.45526,51.73025],[19.45493,51.73043],[19.45461,51.73061],[19.45447,51.73068],[19.45439,51.73076],[19.45429,51.7308],[19.45423,51.73084],[19.45411,51.73088],[19.45401,51.73095],[19.4539,51.73102],[19.45385,51.73105],[19.45381,51.73106],[19.45376,51.73113],[19.45375,51.73115],[19.45373,51.73122],[19.45371,51.73128],[19.45367,51.73133],[19.45369,51.73139],[19.45371,51.73142],[19.45371,51.73148],[19.45371,51.73149],[19.45371,51.73151],[19.45371,51.73155],[19.4537,51.73157],[19.4537,51.7316],[19.45367,51.73164],[19.45367,51.73167],[19.45366,51.73169],[19.45363,51.73171],[19.45357,51.73176],[19.45354,51.73178],[19.45351,51.73183],[19.45348,51.73183],[19.45343,51.73183],[19.45338,51.73192],[19.45328,51.73194],[19.45324,51.73194],[19.45319,51.73196],[19.45315,51.73196],[19.45301,51.73209],[19.45297,51.73212],[19.45292,51.7322],[19.45292,51.73226],[19.45292,51.73239],[19.45292,51.73271],[19.45292,51.73301],[19.45292,51.73301],[19.45289,51.73391],[19.45288,51.73455],[19.45289,51.73464],[19.45288,51.73497],[19.45287,51.73527],[19.45287,51.73536],[19.45289,51.7355],[19.45289,51.73554],[19.45291,51.73572],[19.45297,51.73611],[19.45297,51.73631],[19.45296,51.7364],[19.45275,51.73639],[19.4527,51.73639],[19.45247,51.73639],[19.45205,51.7364],[19.45177,51.73642],[19.4495,51.73641],[19.44935,51.73645],[19.44866,51.7365],[19.44751,51.73652],[19.44654,51.73652],[19.4407,51.73652],[19.43955,51.7365],[19.438,51.73655],[19.43425,51.73685],[19.43421,51.73693],[19.43405,51.737],[19.43396,51.73719],[19.43458,51.74528],[19.43442,51.74556],[19.43396,51.74578],[19.4333,51.74601],[19.43249,51.74622],[19.43143,51.7463]]},"properties":{"line":"H","dir":"1","mode":"bus"}},{"type":"Feature","geometry":{"type":"LineString","coordinates":[[19.57505,51.75175],[19.57416,51.75184],[19.5741,51.75184],[19.57406,51.75174],[19.57406,51.75173],[19.57385,51.75099],[19.57381,51.75088],[19.57367,51.75059],[19.57358,51.75037],[19.57346,51.75013],[19.57298,51.74907],[19.57282,51.74875],[19.57264,51.74878],[19.57208,51.74727],[19.57149,51.74608],[19.57054,51.74385],[19.56956,51.74173],[19.56936,51.74132],[19.56926,51.74119],[19.56919,51.74108],[19.56905,51.74077],[19.56893,51.74053],[19.56741,51.74075],[19.56704,51.74081],[19.56598,51.74099],[19.56502,51.74115],[19.56438,51.74127],[19.56345,51.74144],[19.55239,51.74331],[19.55211,51.74337],[19.55192,51.7434],[19.55188,51.74342],[19.55183,51.74342],[19.55181,51.74342],[19.55177,51.74346],[19.55173,51.74348],[19.5517,51.74348],[19.55168,51.74351],[19.55164,51.74351],[19.55164,51.74355],[19.55164,51.74356],[19.55162,51.74358],[19.55164,51.74358],[19.55162,51.74369],[19.5537,51.74564],[19.55469,51.74671],[19.55463,51.74691],[19.55117,51.74769],[19.549,51.74847],[19.54711,51.74925],[19.54589,51.74983],[19.54569,51.74995],[19.54548,51.75008],[19.54535,51.75016],[19.54516,51.75022],[19.54488,51.7504],[19.54427,51.75064],[19.54357,51.75091],[19.54254,51.75126],[19.54204,51.75139],[19.54188,51.75146],[19.53499,51.75263],[19.53362,51.7528],[19.53229,51.75272],[19.53189,51.75284],[19.53201,51.75317],[19.53295,51.75434],[19.53436,51.75557],[19.53528,51.7565],[19.53549,51.75684],[19.53606,51.7581],[19.53625,51.75855],[19.53737,51.7603],[19.53776,51.76103],[19.53807,51.76164],[19.53858,51.76278],[19.54014,51.76256],[19.54318,51.76205],[19.54332,51.76238],[19.54329,51.76245],[19.54322,51.7625],[19.54203,51.76267],[19.54191,51.76266],[19.54181,51.7626],[19.54151,51.76237],[19.54007,51.76261],[19.53717,51.76301],[19.53653,51.76147],[19.53644,51.76125],[19.53586,51.76131],[19.5354,51.76133],[19.53483,51.76139],[19.53397,51.76149],[19.53351,51.76156],[19.53285,51.76168],[19.53057,51.7621],[19.51945,51.76411],[19.5166,51.7642],[19.51578,51.76415],[19.51375,51.76387],[19.50184,51.76301],[19.49918,51.76282],[19.49702,51.76265],[19.49605,51.76258],[19.49543,51.76253],[19.49101,51.76212],[19.48848,51.7619],[19.48761,51.76192],[19.48731,51.76182],[19.48711,51.76181],[19.48652,51.76177],[19.48603,51.76174],[19.48522,51.76167],[19.48508,51.76166],[19.48502,51.76165],[19.485,51.76164],[19.48497,51.76164],[19.48478,51.7616],[19.4847,51.7616],[19.4845,51.76158],[19.4842,51.76154],[19.48403,51.76152],[19.48313,51.76145],[19.48252,51.76141],[19.48226,51.76139],[19.48188,51.76136],[19.48163,51.76134],[19.48123,51.76129],[19.48098,51.76125],[19.48088,51.76124],[19.48042,51.76119],[19.47943,51.76111],[19.47899,51.76108],[19.47859,51.76106],[19.47821,51.76103],[19.47769,51.76101],[19.47671,51.76098],[19.47628,51.76096],[19.47526,51.76092],[19.47475,51.76089],[19.47419,51.76084],[19.47345,51.76077],[19.47316,51.76075],[19.47307,51.76074],[19.47219,51.76067],[19.47197,51.76066],[19.4706,51.76054],[19.47036,51.76051],[19.46997,51.76048],[19.46871,51.76037],[19.46783,51.76032],[19.46741,51.76026],[19.46735,51.76034],[19.45848,51.75952],[19.45586,51.75928],[19.45386,51.76843],[19.45367,51.76941],[19.45336,51.76937],[19.45354,51.76849],[19.44938,51.76813],[19.44897,51.76992],[19.44875,51.77104],[19.44854,51.77202],[19.44841,51.77262],[19.44828,51.77307],[19.44811,51.77407],[19.4523,51.77451],[19.45263,51.77457],[19.45054,51.78296],[19.44412,51.78406],[19.43991,51.78479],[19.43802,51.78517],[19.43456,51.78594],[19.4282,51.78793],[19.4301,51.79035],[19.42327,51.79184],[19.42204,51.79244],[19.42123,51.7926],[19.41932,51.79268],[19.41801,51.79292],[19.41102,51.79427],[19.40909,51.79469],[19.40633,51.79527],[19.40551,51.79545],[19.40467,51.79561],[19.40405,51.79572],[19.40266,51.79601],[19.40144,51.79631],[19.40017,51.7965],[19.39942,51.7966],[19.39834,51.79686],[19.39802,51.79692],[19.39767,51.797],[19.39714,51.79709],[19.39607,51.79732],[19.395,51.79752],[19.39445,51.79764],[19.39426,51.79768],[19.39423,51.79755],[19.39416,51.79747],[19.39416,51.7974],[19.39416,51.79738],[19.39416,51.79683],[19.39416,51.79653],[19.39406,51.79572],[19.39402,51.79554],[19.39397,51.79516],[19.39395,51.7951],[19.39393,51.79502],[19.39391,51.79497],[19.39389,51.79494],[19.39384,51.79491],[19.39379,51.79487],[19.39377,51.79484],[19.39376,51.7948],[19.39379,51.79474],[19.39384,51.79469],[19.39387,51.79464],[19.39375,51.79402],[19.39356,51.79315],[19.39354,51.7931],[19.39351,51.79306],[19.39347,51.793],[19.39342,51.79293],[19.39333,51.79274],[19.39331,51.7927],[19.39328,51.79266],[19.39323,51.79265],[19.3932,51.79264],[19.39316,51.79262],[19.39314,51.7926],[19.39305,51.79258],[19.39267,51.79256],[19.39244,51.79254],[19.39226,51.79255],[19.39089,51.79262],[19.39048,51.79266],[19.38694,51.79336],[19.38484,51.79381],[19.38466,51.79387],[19.38458,51.79396],[19.38444,51.79401],[19.38434,51.794],[19.38426,51.79398],[19.38422,51.79393],[19.38399,51.79391],[19.38384,51.79388],[19.38093,51.79375],[19.38061,51.79375],[19.38041,51.79375],[19.38024,51.79375],[19.37954,51.79378],[19.37915,51.79384],[19.37875,51.7939],[19.3786,51.79391],[19.37576,51.79448],[19.37463,51.79471],[19.37433,51.79481],[19.3743,51.79482],[19.37425,51.79485],[19.37424,51.79487],[19.37424,51.79488],[19.37423,51.7949],[19.37422,51.79491],[19.37421,51.79492],[19.37419,51.79493],[19.37422,51.79499],[19.3754,51.79724],[19.37557,51.7975],[19.37571,51.79771],[19.37573,51.79774],[19.37575,51.79775],[19.37577,51.79776],[19.37578,51.79777],[19.37581,51.79778],[19.37583,51.7978],[19.37584,51.79782],[19.37585,51.79784],[19.37585,51.79786],[19.37585,51.79787],[19.37583,51.79789],[19.37582,51.7979],[19.37578,51.79792],[19.37577,51.79794],[19.37571,51.79815],[19.37567,51.79821],[19.37564,51.7984],[19.37541,51.79971],[19.37561,51.80013],[19.37596,51.80077],[19.37657,51.80123],[19.37547,51.80148],[19.37015,51.80256],[19.37015,51.80256],[19.36851,51.80283],[19.36804,51.80288],[19.36783,51.80294],[19.36761,51.80297],[19.36665,51.80315],[19.36657,51.80315],[19.36609,51.80321],[19.36592,51.80321],[19.36583,51.80321],[19.36569,51.80324],[19.36558,51.80324],[19.3647,51.80342],[19.36306,51.80376],[19.36183,51.80401],[19.36082,51.80421],[19.35998,51.80437],[19.35954,51.80446],[19.35842,51.80466],[19.35816,51.80474],[19.3572,51.80493],[19.35635,51.80516],[19.3552,51.80535],[19.3545,51.80557],[19.35357,51.80608],[19.34805,51.809],[19.34805,51.809],[19.34462,51.81081],[19.344,51.8111],[19.34016,51.81191],[19.34016,51.81191],[19.32916,51.81421],[19.31961,51.81617],[19.31234,51.81765],[19.31234,51.81765],[19.30718,51.81873],[19.30718,51.81873],[19.30411,51.81935],[19.30497,51.82141],[19.30497,51.82141],[19.30758,51.8262]]},"properties":{"line":"N1A","dir":"0","mode":"bus"}},{"type":"Feature","geometry":{"type":"LineString","coordinates":[[19.30802,51.82702],[19.30518,51.82186],[19.30516,51.82184],[19.30464,51.82094],[19.30452,51.82075],[19.30445,51.82059],[19.3043,51.82032],[19.30414,51.81997],[19.30408,51.81988],[19.30395,51.81964],[19.3038,51.81941],[19.30413,51.81933],[19.30497,51.81916],[19.30567,51.819],[19.30638,51.81887],[19.30881,51.81837],[19.30886,51.81835],[19.30904,51.81832],[19.30947,51.81823],[19.30983,51.81816],[19.31039,51.81803],[19.31068,51.81798],[19.31159,51.81779],[19.31212,51.81765],[19.31297,51.81751],[19.31323,51.81745],[19.31397,51.81731],[19.31468,51.81711],[19.31492,51.8171],[19.3158,51.81691],[19.317,51.81666],[19.33036,51.81378],[19.34039,51.81175],[19.34415,51.81094],[19.3472,51.80931],[19.35459,51.80542],[19.3576,51.80479],[19.3576,51.80479],[19.36907,51.80249],[19.37608,51.80116],[19.37612,51.80114],[19.37606,51.8011],[19.37595,51.80098],[19.37586,51.80086],[19.37582,51.80078],[19.37574,51.80063],[19.37563,51.80042],[19.37554,51.80023],[19.37552,51.80018],[19.37546,51.80008],[19.37539,51.79994],[19.37537,51.79987],[19.37538,51.79981],[19.37537,51.79977],[19.37538,51.79963],[19.37559,51.79831],[19.37562,51.79821],[19.37559,51.79812],[19.37561,51.79797],[19.37559,51.79791],[19.37558,51.79789],[19.37555,51.79787],[19.37555,51.79784],[19.37556,51.79782],[19.37557,51.79778],[19.37553,51.79766],[19.37549,51.79755],[19.37548,51.79749],[19.37538,51.79729],[19.37519,51.79692],[19.37479,51.79618],[19.37456,51.79577],[19.37447,51.79556],[19.37435,51.7953],[19.37431,51.79525],[19.37413,51.79509],[19.37402,51.79501],[19.37399,51.795],[19.3739,51.79499],[19.37385,51.79497],[19.37379,51.79494],[19.37377,51.79491],[19.37374,51.79487],[19.37372,51.79483],[19.37374,51.79479],[19.37378,51.79475],[19.37383,51.79471],[19.3739,51.79469],[19.37396,51.79468],[19.37404,51.79468],[19.37409,51.79469],[19.37414,51.79471],[19.37418,51.79473],[19.37444,51.7947],[19.37468,51.79467],[19.37578,51.79444],[19.37611,51.79437],[19.3786,51.79387],[19.37873,51.79383],[19.37901,51.79376],[19.37934,51.79371],[19.37941,51.7937],[19.37956,51.79368],[19.38004,51.79366],[19.38018,51.79366],[19.38032,51.79367],[19.38047,51.79368],[19.38062,51.79369],[19.3808,51.79372],[19.38342,51.79384],[19.38376,51.79385],[19.38397,51.79382],[19.3842,51.79381],[19.38423,51.79377],[19.38431,51.79373],[19.38438,51.79371],[19.38447,51.79371],[19.38456,51.79373],[19.38462,51.79375],[19.38472,51.79374],[19.38488,51.79373],[19.38501,51.79372],[19.38511,51.79371],[19.38554,51.79361],[19.38576,51.79356],[19.38599,51.79353],[19.38985,51.79276],[19.39036,51.79266],[19.39076,51.7926],[19.39131,51.79257],[19.3923,51.79252],[19.39243,51.79251],[19.39276,51.79246],[19.39299,51.79243],[19.3931,51.79242],[19.39317,51.79238],[19.39323,51.79234],[19.39332,51.79233],[19.39339,51.79233],[19.39346,51.79234],[19.39351,51.79237],[19.39357,51.79241],[19.3936,51.79245],[19.39361,51.79248],[19.3936,51.79253],[19.39356,51.79259],[19.39354,51.79264],[19.39352,51.79269],[19.39356,51.79279],[19.39359,51.79292],[19.39363,51.79317],[19.39387,51.79436],[19.39389,51.79446],[19.39393,51.7945],[19.39398,51.79455],[19.39401,51.79463],[19.39403,51.79466],[19.39408,51.79469],[19.39414,51.79472],[19.39417,51.79477],[19.39418,51.79482],[19.39415,51.79488],[19.3941,51.79492],[19.39408,51.79496],[19.39407,51.79509],[19.39404,51.79517],[19.39404,51.79522],[19.39423,51.79615],[19.39439,51.79731],[19.39461,51.7974],[19.39477,51.7974],[19.39528,51.79729],[19.39796,51.7968],[19.39828,51.79674],[19.39942,51.79651],[19.39951,51.79648],[19.40167,51.79606],[19.40202,51.79599],[19.40233,51.79594],[19.40239,51.7959],[19.40252,51.7959],[19.4027,51.79585],[19.40343,51.79568],[19.40346,51.79563],[19.40406,51.79559],[19.40547,51.79533],[19.40651,51.79512],[19.40659,51.79511],[19.40731,51.79496],[19.40851,51.79471],[19.40984,51.79442],[19.41017,51.79435],[19.41022,51.79434],[19.41069,51.79426],[19.41088,51.79425],[19.41087,51.79418],[19.41087,51.79418],[19.42073,51.79219],[19.42586,51.79113],[19.4301,51.79035],[19.4297,51.78971],[19.42815,51.78791],[19.43432,51.78593],[19.43896,51.78494],[19.43962,51.7848],[19.44085,51.7846],[19.44107,51.78457],[19.44203,51.7844],[19.4424,51.78433],[19.4429,51.78424],[19.44311,51.78422],[19.44338,51.78417],[19.44378,51.78411],[19.44416,51.78402],[19.44427,51.784],[19.44451,51.78397],[19.44483,51.78393],[19.44515,51.78388],[19.44666,51.78361],[19.44874,51.78324],[19.45028,51.78293],[19.45045,51.78246],[19.45044,51.78241],[19.45085,51.78098],[19.45099,51.78057],[19.45123,51.78003],[19.45161,51.77857],[19.45288,51.77244],[19.45119,51.77228],[19.45207,51.76837],[19.45356,51.76849],[19.45432,51.76532],[19.45276,51.76517],[19.45419,51.75879],[19.45532,51.7589],[19.46884,51.76011],[19.48886,51.76175],[19.48921,51.76178],[19.49191,51.762],[19.49304,51.76209],[19.49537,51.76226],[19.49702,51.7624],[19.50068,51.76272],[19.5081,51.76328],[19.50859,51.76333],[19.51114,51.76348],[19.5126,51.76354],[19.51311,51.76373],[19.51518,51.76375],[19.51593,51.76372],[19.51785,51.76371],[19.51817,51.76368],[19.51843,51.76366],[19.51963,51.76366],[19.52171,51.76346],[19.52865,51.76218],[19.53043,51.76186],[19.53303,51.7614],[19.5335,51.7613],[19.53384,51.76123],[19.53408,51.76114],[19.53461,51.76101],[19.53532,51.76075],[19.53572,51.76062],[19.53594,51.76056],[19.53619,51.76051],[19.53677,51.7604],[19.53681,51.76039],[19.53682,51.76039],[19.53736,51.76028],[19.53747,51.76049],[19.53756,51.76067],[19.53756,51.76068],[19.5376,51.76071],[19.53764,51.76078],[19.53776,51.76103],[19.53788,51.76123],[19.53807,51.76164],[19.53858,51.76278],[19.54014,51.76256],[19.54318,51.76205],[19.54332,51.76238],[19.54329,51.76245],[19.54322,51.7625],[19.54203,51.76267],[19.54191,51.76266],[19.54181,51.7626],[19.54151,51.76237],[19.54007,51.76261],[19.53717,51.76301],[19.53653,51.76147],[19.53644,51.76125],[19.53631,51.76094],[19.53631,51.76093],[19.5363,51.76089],[19.53624,51.76077],[19.53619,51.7605],[19.53616,51.76039],[19.53615,51.7603],[19.53615,51.76026],[19.53613,51.76011],[19.53606,51.75952],[19.53602,51.75927],[19.53601,51.75914],[19.53597,51.75898],[19.53586,51.75862],[19.53578,51.75842],[19.53558,51.75809],[19.53525,51.75729],[19.53481,51.7565],[19.53407,51.75576],[19.53275,51.75456],[19.53137,51.7534],[19.53125,51.75303],[19.53116,51.75296],[19.53086,51.75274],[19.53084,51.7525],[19.53108,51.75232],[19.53149,51.75229],[19.53174,51.75236],[19.532,51.75253],[19.53252,51.7525],[19.53342,51.75238],[19.53668,51.75209],[19.53773,51.75199],[19.53971,51.75166],[19.54094,51.75134],[19.54179,51.75112],[19.5438,51.75047],[19.54592,51.74967],[19.54676,51.74932],[19.54704,51.74913],[19.54747,51.74907],[19.54876,51.74853],[19.54976,51.74814],[19.55042,51.7479],[19.55115,51.74769],[19.55172,51.74754],[19.55251,51.74736],[19.55426,51.747],[19.55436,51.74698],[19.55445,51.74696],[19.55455,51.74691],[19.55459,51.74689],[19.5546,51.74688],[19.55463,51.74686],[19.55464,51.74682],[19.55467,51.74679],[19.55467,51.74677],[19.5547,51.74673],[19.55469,51.74671],[19.55467,51.74665],[19.55467,51.74662],[19.55464,51.74656],[19.55462,51.74653],[19.55455,51.74646],[19.55436,51.74632],[19.55417,51.74617],[19.5534,51.74546],[19.5521,51.74418],[19.55199,51.7441],[19.55176,51.74384],[19.55167,51.74375],[19.55164,51.74373],[19.55161,51.74369],[19.55162,51.74367],[19.55162,51.7436],[19.55162,51.74358],[19.55161,51.74351],[19.5517,51.74348],[19.55181,51.74342],[19.55192,51.7434],[19.5521,51.74331],[19.55239,51.74331],[19.55326,51.74317],[19.55348,51.74312],[19.55359,51.7431],[19.55393,51.74303],[19.55414,51.74297],[19.55449,51.74294],[19.55843,51.74233],[19.56157,51.74177],[19.56259,51.74153],[19.56906,51.74043],[19.57205,51.74696],[19.57238,51.74769],[19.57321,51.74947],[19.57376,51.75064],[19.57415,51.75191],[19.57436,51.75197],[19.5746,51.75241],[19.57516,51.7523]]},"properties":{"line":"N1A","dir":"1","mode":"bus"}},{"type":"Feature","geometry":{"type":"LineString","coordinates":[[19.57505,51.75175],[19.57416,51.75184],[19.5741,51.75184],[19.57406,51.75174],[19.57406,51.75173],[19.57385,51.75099],[19.57381,51.75088],[19.57367,51.75059],[19.57358,51.75037],[19.57346,51.75013],[19.57298,51.74907],[19.57282,51.74875],[19.57264,51.74878],[19.57208,51.74727],[19.57149,51.74608],[19.57054,51.74385],[19.56956,51.74173],[19.56936,51.74132],[19.56926,51.74119],[19.56919,51.74108],[19.56905,51.74077],[19.56893,51.74053],[19.56741,51.74075],[19.56704,51.74081],[19.56598,51.74099],[19.56502,51.74115],[19.56438,51.74127],[19.56345,51.74144],[19.55239,51.74331],[19.55211,51.74337],[19.55192,51.7434],[19.55188,51.74342],[19.55183,51.74342],[19.55181,51.74342],[19.55177,51.74346],[19.55173,51.74348],[19.5517,51.74348],[19.55168,51.74351],[19.55164,51.74351],[19.55164,51.74355],[19.55164,51.74356],[19.55162,51.74358],[19.55164,51.74358],[19.55162,51.74369],[19.5537,51.74564],[19.55469,51.74671],[19.55463,51.74691],[19.55117,51.74769],[19.549,51.74847],[19.54711,51.74925],[19.54589,51.74983],[19.54569,51.74995],[19.54548,51.75008],[19.54535,51.75016],[19.54516,51.75022],[19.54488,51.7504],[19.54427,51.75064],[19.54357,51.75091],[19.54254,51.75126],[19.54204,51.75139],[19.54188,51.75146],[19.53499,51.75263],[19.53362,51.7528],[19.53229,51.75272],[19.53189,51.75284],[19.53201,51.75317],[19.53295,51.75434],[19.53436,51.75557],[19.53528,51.7565],[19.53549,51.75684],[19.53606,51.7581],[19.53625,51.75855],[19.53737,51.7603],[19.53776,51.76103],[19.53807,51.76164],[19.53858,51.76278],[19.54014,51.76256],[19.54318,51.76205],[19.54332,51.76238],[19.54329,51.76245],[19.54322,51.7625],[19.54203,51.76267],[19.54191,51.76266],[19.54181,51.7626],[19.54151,51.76237],[19.54007,51.76261],[19.53717,51.76301],[19.53653,51.76147],[19.53644,51.76125],[19.53586,51.76131],[19.5354,51.76133],[19.53483,51.76139],[19.53397,51.76149],[19.53351,51.76156],[19.53285,51.76168],[19.53057,51.7621],[19.51945,51.76411],[19.5166,51.7642],[19.51578,51.76415],[19.51375,51.76387],[19.50184,51.76301],[19.49918,51.76282],[19.49702,51.76265],[19.49605,51.76258],[19.49543,51.76253],[19.49101,51.76212],[19.48848,51.7619],[19.48761,51.76192],[19.48731,51.76182],[19.48711,51.76181],[19.48652,51.76177],[19.48603,51.76174],[19.48522,51.76167],[19.48508,51.76166],[19.48502,51.76165],[19.485,51.76164],[19.48497,51.76164],[19.48478,51.7616],[19.4847,51.7616],[19.4845,51.76158],[19.4842,51.76154],[19.48403,51.76152],[19.48313,51.76145],[19.48252,51.76141],[19.48226,51.76139],[19.48188,51.76136],[19.48163,51.76134],[19.48123,51.76129],[19.48098,51.76125],[19.48088,51.76124],[19.48042,51.76119],[19.47943,51.76111],[19.47899,51.76108],[19.47859,51.76106],[19.47821,51.76103],[19.47769,51.76101],[19.47671,51.76098],[19.47628,51.76096],[19.47526,51.76092],[19.47475,51.76089],[19.47419,51.76084],[19.47345,51.76077],[19.47316,51.76075],[19.47307,51.76074],[19.47219,51.76067],[19.47197,51.76066],[19.4706,51.76054],[19.47036,51.76051],[19.46997,51.76048],[19.46871,51.76037],[19.46783,51.76032],[19.46741,51.76026],[19.46735,51.76034],[19.45848,51.75952],[19.45586,51.75928],[19.45386,51.76843],[19.45367,51.76941],[19.45336,51.76937],[19.45354,51.76849],[19.44938,51.76813],[19.44897,51.76992],[19.44875,51.77104],[19.44854,51.77202],[19.44841,51.77262],[19.44828,51.77307],[19.44811,51.77407],[19.4523,51.77451],[19.45263,51.77457],[19.45054,51.78296],[19.44412,51.78406],[19.43991,51.78479],[19.43802,51.78517],[19.43456,51.78594],[19.4282,51.78793],[19.4301,51.79035],[19.42327,51.79184],[19.42204,51.79244],[19.42123,51.7926],[19.41932,51.79268],[19.41801,51.79292],[19.41102,51.79427],[19.40909,51.79469],[19.40633,51.79527],[19.40551,51.79545],[19.40467,51.79561],[19.40405,51.79572],[19.40266,51.79601],[19.40144,51.79631],[19.40017,51.7965],[19.39942,51.7966],[19.39834,51.79686],[19.39802,51.79692],[19.39767,51.797],[19.39714,51.79709],[19.39607,51.79732],[19.395,51.79752],[19.39445,51.79764],[19.39426,51.79768],[19.39423,51.79755],[19.39416,51.79747],[19.39416,51.7974],[19.39416,51.79738],[19.39416,51.79683],[19.39416,51.79653],[19.39406,51.79572],[19.39402,51.79554],[19.39397,51.79516],[19.39395,51.7951],[19.39393,51.79502],[19.39391,51.79497],[19.39389,51.79494],[19.39384,51.79491],[19.39379,51.79487],[19.39377,51.79484],[19.39376,51.7948],[19.39379,51.79474],[19.39384,51.79469],[19.39387,51.79464],[19.39375,51.79402],[19.39356,51.79315],[19.39354,51.7931],[19.39351,51.79306],[19.39347,51.793],[19.39342,51.79293],[19.39333,51.79274],[19.39331,51.7927],[19.39328,51.79266],[19.39323,51.79265],[19.3932,51.79264],[19.39316,51.79262],[19.39314,51.7926],[19.39305,51.79258],[19.39267,51.79256],[19.39244,51.79254],[19.39226,51.79255],[19.39089,51.79262],[19.39048,51.79266],[19.38694,51.79336],[19.38484,51.79381],[19.38466,51.79387],[19.38458,51.79396],[19.38444,51.79401],[19.38434,51.794],[19.38426,51.79398],[19.38422,51.79393],[19.38399,51.79391],[19.38384,51.79388],[19.38093,51.79375],[19.38061,51.79375],[19.38041,51.79375],[19.38024,51.79375],[19.37954,51.79378],[19.37915,51.79384],[19.37875,51.7939],[19.3786,51.79391],[19.37576,51.79448],[19.37442,51.79476],[19.37422,51.79484],[19.37412,51.79494],[19.3739,51.79494],[19.37362,51.79487],[19.37137,51.79493],[19.37086,51.79489],[19.3707,51.79489],[19.37049,51.79487],[19.37029,51.79484],[19.36959,51.79474],[19.36911,51.79467],[19.36785,51.79451],[19.36751,51.79446],[19.36728,51.79445],[19.36696,51.79445],[19.36657,51.79448],[19.36578,51.79463],[19.36548,51.79469],[19.36436,51.79492],[19.36376,51.79504],[19.36212,51.79538],[19.3616,51.79548],[19.36142,51.79552]]},"properties":{"line":"N1B","dir":"0","mode":"bus"}},{"type":"Feature","geometry":{"type":"LineString","coordinates":[[19.36649,51.79447],[19.36765,51.79444],[19.36977,51.79473],[19.36999,51.79473],[19.37104,51.79489],[19.37253,51.79482],[19.37332,51.79483],[19.37376,51.79478],[19.37379,51.79471],[19.37407,51.79464],[19.37418,51.79473],[19.37463,51.79464],[19.37578,51.79444],[19.37611,51.79437],[19.3786,51.79387],[19.37873,51.79383],[19.37901,51.79376],[19.37934,51.79371],[19.37941,51.7937],[19.37956,51.79368],[19.38004,51.79366],[19.38018,51.79366],[19.38032,51.79367],[19.38047,51.79368],[19.38062,51.79369],[19.3808,51.79372],[19.38342,51.79384],[19.38376,51.79385],[19.38397,51.79382],[19.3842,51.79381],[19.38423,51.79377],[19.38431,51.79373],[19.38438,51.79371],[19.38447,51.79371],[19.38456,51.79373],[19.38462,51.79375],[19.38472,51.79374],[19.38488,51.79373],[19.38501,51.79372],[19.38511,51.79371],[19.38554,51.79361],[19.38576,51.79356],[19.38599,51.79353],[19.38985,51.79276],[19.39036,51.79266],[19.39076,51.7926],[19.39131,51.79257],[19.3923,51.79252],[19.39243,51.79251],[19.39276,51.79246],[19.39299,51.79243],[19.3931,51.79242],[19.39317,51.79238],[19.39323,51.79234],[19.39332,51.79233],[19.39339,51.79233],[19.39346,51.79234],[19.39351,51.79237],[19.39357,51.79241],[19.3936,51.79245],[19.39361,51.79248],[19.3936,51.79253],[19.39356,51.79259],[19.39354,51.79264],[19.39352,51.79269],[19.39356,51.79279],[19.39359,51.79292],[19.39363,51.79317],[19.39387,51.79436],[19.39389,51.79446],[19.39393,51.7945],[19.39398,51.79455],[19.39401,51.79463],[19.39403,51.79466],[19.39408,51.79469],[19.39414,51.79472],[19.39417,51.79477],[19.39418,51.79482],[19.39415,51.79488],[19.3941,51.79492],[19.39408,51.79496],[19.39407,51.79509],[19.39404,51.79517],[19.39404,51.79522],[19.39423,51.79615],[19.39439,51.79731],[19.39461,51.7974],[19.39477,51.7974],[19.39528,51.79729],[19.39796,51.7968],[19.39828,51.79674],[19.39942,51.79651],[19.39951,51.79648],[19.40167,51.79606],[19.40202,51.79599],[19.40233,51.79594],[19.40239,51.7959],[19.40252,51.7959],[19.4027,51.79585],[19.40343,51.79568],[19.40346,51.79563],[19.40406,51.79559],[19.40547,51.79533],[19.40651,51.79512],[19.40659,51.79511],[19.40731,51.79496],[19.40851,51.79471],[19.40984,51.79442],[19.41017,51.79435],[19.41022,51.79434],[19.41069,51.79426],[19.41088,51.79425],[19.41087,51.79418],[19.41087,51.79418],[19.42073,51.79219],[19.42586,51.79113],[19.4301,51.79035],[19.4297,51.78971],[19.42815,51.78791],[19.43432,51.78593],[19.43896,51.78494],[19.43962,51.7848],[19.44085,51.7846],[19.44107,51.78457],[19.44203,51.7844],[19.4424,51.78433],[19.4429,51.78424],[19.44311,51.78422],[19.44338,51.78417],[19.44378,51.78411],[19.44416,51.78402],[19.44427,51.784],[19.44451,51.78397],[19.44483,51.78393],[19.44515,51.78388],[19.44666,51.78361],[19.44874,51.78324],[19.45028,51.78293],[19.45045,51.78246],[19.45044,51.78241],[19.45085,51.78098],[19.45099,51.78057],[19.45123,51.78003],[19.45161,51.77857],[19.45288,51.77244],[19.45119,51.77228],[19.45207,51.76837],[19.45356,51.76849],[19.45432,51.76532],[19.45276,51.76517],[19.45419,51.75879],[19.45532,51.7589],[19.46884,51.76011],[19.48886,51.76175],[19.48921,51.76178],[19.49191,51.762],[19.49304,51.76209],[19.49537,51.76226],[19.49702,51.7624],[19.50068,51.76272],[19.5081,51.76328],[19.50859,51.76333],[19.51114,51.76348],[19.5126,51.76354],[19.51311,51.76373],[19.51518,51.76375],[19.51593,51.76372],[19.51785,51.76371],[19.51817,51.76368],[19.51843,51.76366],[19.51963,51.76366],[19.52171,51.76346],[19.52865,51.76218],[19.53043,51.76186],[19.53303,51.7614],[19.5335,51.7613],[19.53384,51.76123],[19.53408,51.76114],[19.53461,51.76101],[19.53532,51.76075],[19.53572,51.76062],[19.53594,51.76056],[19.53619,51.76051],[19.53677,51.7604],[19.53681,51.76039],[19.53682,51.76039],[19.53736,51.76028],[19.53747,51.76049],[19.53756,51.76067],[19.53756,51.76068],[19.5376,51.76071],[19.53764,51.76078],[19.53776,51.76103],[19.53788,51.76123],[19.53807,51.76164],[19.53858,51.76278],[19.54014,51.76256],[19.54318,51.76205],[19.54332,51.76238],[19.54329,51.76245],[19.54322,51.7625],[19.54203,51.76267],[19.54191,51.76266],[19.54181,51.7626],[19.54151,51.76237],[19.54007,51.76261],[19.53717,51.76301],[19.53653,51.76147],[19.53644,51.76125],[19.53631,51.76094],[19.53631,51.76093],[19.5363,51.76089],[19.53624,51.76077],[19.53619,51.7605],[19.53616,51.76039],[19.53615,51.7603],[19.53615,51.76026],[19.53613,51.76011],[19.53606,51.75952],[19.53602,51.75927],[19.53601,51.75914],[19.53597,51.75898],[19.53586,51.75862],[19.53578,51.75842],[19.53558,51.75809],[19.53525,51.75729],[19.53481,51.7565],[19.53407,51.75576],[19.53275,51.75456],[19.53137,51.7534],[19.53125,51.75303],[19.53116,51.75296],[19.53086,51.75274],[19.53084,51.7525],[19.53108,51.75232],[19.53149,51.75229],[19.53174,51.75236],[19.532,51.75253],[19.53252,51.7525],[19.53342,51.75238],[19.53668,51.75209],[19.53773,51.75199],[19.53971,51.75166],[19.54094,51.75134],[19.54179,51.75112],[19.5438,51.75047],[19.54592,51.74967],[19.54676,51.74932],[19.54704,51.74913],[19.54747,51.74907],[19.54876,51.74853],[19.54976,51.74814],[19.55042,51.7479],[19.55115,51.74769],[19.55172,51.74754],[19.55251,51.74736],[19.55426,51.747],[19.55436,51.74698],[19.55445,51.74696],[19.55455,51.74691],[19.55459,51.74689],[19.5546,51.74688],[19.55463,51.74686],[19.55464,51.74682],[19.55467,51.74679],[19.55467,51.74677],[19.5547,51.74673],[19.55469,51.74671],[19.55467,51.74665],[19.55467,51.74662],[19.55464,51.74656],[19.55462,51.74653],[19.55455,51.74646],[19.55436,51.74632],[19.55417,51.74617],[19.5534,51.74546],[19.5521,51.74418],[19.55199,51.7441],[19.55176,51.74384],[19.55167,51.74375],[19.55164,51.74373],[19.55161,51.74369],[19.55162,51.74367],[19.55162,51.7436],[19.55162,51.74358],[19.55161,51.74351],[19.5517,51.74348],[19.55181,51.74342],[19.55192,51.7434],[19.5521,51.74331],[19.55239,51.74331],[19.55326,51.74317],[19.55348,51.74312],[19.55359,51.7431],[19.55393,51.74303],[19.55414,51.74297],[19.55449,51.74294],[19.55843,51.74233],[19.56157,51.74177],[19.56259,51.74153],[19.56906,51.74043],[19.57205,51.74696],[19.57238,51.74769],[19.57321,51.74947],[19.57376,51.75064],[19.57415,51.75191],[19.57436,51.75197],[19.5746,51.75241],[19.57516,51.7523]]},"properties":{"line":"N1B","dir":"1","mode":"bus"}},{"type":"Feature","geometry":{"type":"LineString","coordinates":[[19.38293,51.74232],[19.38291,51.74267],[19.38121,51.74612],[19.38141,51.74646],[19.38596,51.74838],[19.39119,51.74984],[19.39229,51.75013],[19.39379,51.75057],[19.39457,51.75065],[19.39496,51.75059],[19.39513,51.75056],[19.39524,51.75049],[19.39545,51.7504],[19.39557,51.7503],[19.39567,51.75026],[19.39577,51.75017],[19.39589,51.75002],[19.39598,51.74991],[19.39607,51.74977],[19.3962,51.74956],[19.39623,51.7495],[19.39638,51.74925],[19.39647,51.74907],[19.39825,51.74614],[19.40345,51.74768],[19.40425,51.74794],[19.40468,51.74797],[19.4053,51.74802],[19.41481,51.74733],[19.41514,51.74731],[19.41644,51.74718],[19.41782,51.74709],[19.41782,51.74708],[19.41883,51.74702],[19.41936,51.74596],[19.4198,51.74544],[19.42007,51.74575],[19.41967,51.74673],[19.41939,51.74713],[19.41918,51.74763],[19.41913,51.74769],[19.41906,51.74793],[19.41894,51.74817],[19.41876,51.74867],[19.41869,51.74884],[19.41864,51.74898],[19.41863,51.74907],[19.41861,51.74919],[19.41861,51.74932],[19.41863,51.74944],[19.41869,51.7497],[19.41875,51.74983],[19.41885,51.74999],[19.41906,51.75027],[19.41917,51.7504],[19.4192,51.7504],[19.41985,51.75131],[19.42053,51.75232],[19.42119,51.75325],[19.42135,51.75344],[19.42164,51.75371],[19.42176,51.75384],[19.42229,51.75477],[19.42251,51.75494],[19.42278,51.75519],[19.42292,51.75528],[19.42305,51.75537],[19.42329,51.75547],[19.42332,51.75548],[19.4235,51.75555],[19.42362,51.75558],[19.42372,51.7556],[19.42392,51.75566],[19.42409,51.75569],[19.42429,51.75574],[19.42461,51.75576],[19.42484,51.75578],[19.42523,51.75578],[19.42551,51.75575],[19.42598,51.75569],[19.42611,51.75566],[19.42651,51.7556],[19.42673,51.75558],[19.42696,51.75551],[19.42814,51.75542],[19.42923,51.75542],[19.43026,51.75542],[19.43112,51.75549],[19.43153,51.75554],[19.43162,51.75555],[19.43184,51.75563],[19.43199,51.75569],[19.43218,51.75573],[19.43265,51.75575],[19.43444,51.75597],[19.4346,51.75601],[19.43471,51.75608],[19.4348,51.75617],[19.4348,51.75627],[19.44409,51.76065],[19.446,51.76141],[19.44652,51.76159],[19.44766,51.76206],[19.44741,51.7635],[19.4527,51.76504],[19.45456,51.76521],[19.45386,51.76843],[19.45367,51.76941],[19.45336,51.76937],[19.45354,51.76849],[19.44938,51.76813],[19.44897,51.76992],[19.44875,51.77104],[19.44854,51.77202],[19.44841,51.77262],[19.44828,51.77307],[19.44811,51.77407],[19.4523,51.77451],[19.45263,51.77457],[19.44969,51.78563],[19.44944,51.78664],[19.44978,51.78691],[19.45217,51.78666],[19.45429,51.78668],[19.45442,51.79031],[19.45554,51.79523],[19.45557,51.79531],[19.45582,51.79634],[19.45593,51.79707],[19.45596,51.79779],[19.45609,51.79829],[19.4575,51.80096],[19.4591,51.80453],[19.4591,51.80453],[19.45925,51.80556],[19.45908,51.80655],[19.45808,51.80799],[19.45782,51.80842],[19.45751,51.80865],[19.45722,51.80895],[19.45708,51.80914],[19.45686,51.80938],[19.45675,51.8095],[19.45666,51.80963],[19.45654,51.80977],[19.45647,51.80986],[19.45637,51.81004],[19.4562,51.81029],[19.45598,51.8107],[19.45585,51.8109],[19.45573,51.81108],[19.45567,51.81121],[19.45563,51.81133],[19.4556,51.81143],[19.45558,51.81153],[19.45554,51.81164],[19.45552,51.81182],[19.45548,51.81208],[19.45544,51.81218],[19.45557,51.81226],[19.45538,51.81317],[19.45572,51.81467],[19.45539,51.81538],[19.45468,51.8163],[19.45285,51.81738],[19.4512,51.81772],[19.44866,51.81815],[19.44793,51.81817],[19.44695,51.81813],[19.44559,51.81797],[19.44367,51.81753],[19.44096,51.81674],[19.43836,51.81613],[19.43643,51.81585],[19.4347,51.81594],[19.43048,51.82229],[19.43883,51.82436],[19.43852,51.82479]]},"properties":{"line":"N2","dir":"0","mode":"bus"}},{"type":"Feature","geometry":{"type":"LineString","coordinates":[[19.43771,51.82493],[19.43761,51.82512],[19.43762,51.8252],[19.43777,51.82529],[19.43796,51.82531],[19.43812,51.82526],[19.43878,51.82445],[19.43549,51.82356],[19.43264,51.82287],[19.4302,51.8223],[19.43344,51.81702],[19.43403,51.81535],[19.43573,51.81556],[19.43636,51.81566],[19.43875,51.81594],[19.44428,51.81744],[19.44653,51.81792],[19.44841,51.81798],[19.45081,51.81761],[19.45255,51.81729],[19.45367,51.81675],[19.45456,51.81621],[19.45567,51.81456],[19.45517,51.81312],[19.45521,51.81218],[19.45544,51.81137],[19.4562,51.81],[19.45625,51.81],[19.45793,51.80794],[19.45817,51.80757],[19.45873,51.80691],[19.45906,51.80601],[19.45911,51.80523],[19.45888,51.80457],[19.45849,51.80302],[19.45742,51.80122],[19.45617,51.79871],[19.4561,51.79846],[19.45598,51.79804],[19.45593,51.79781],[19.45588,51.79752],[19.4558,51.7973],[19.45577,51.79712],[19.45581,51.79668],[19.45566,51.79584],[19.45559,51.79556],[19.45553,51.79539],[19.4555,51.79526],[19.45432,51.7894],[19.45432,51.7889],[19.45432,51.78854],[19.4543,51.78753],[19.45373,51.78755],[19.45273,51.78751],[19.45224,51.7875],[19.45166,51.78752],[19.45178,51.7873],[19.45178,51.78728],[19.45179,51.78719],[19.45179,51.78717],[19.45179,51.78712],[19.45179,51.7871],[19.45178,51.78709],[19.45177,51.78707],[19.45173,51.78703],[19.4517,51.787],[19.45169,51.78699],[19.4516,51.78691],[19.4515,51.78691],[19.45138,51.78689],[19.4512,51.78685],[19.45107,51.78685],[19.45092,51.78685],[19.45053,51.78689],[19.45028,51.78691],[19.45014,51.78691],[19.44942,51.78701],[19.44911,51.7871],[19.44909,51.7871],[19.44897,51.7871],[19.44897,51.78709],[19.44916,51.78647],[19.4492,51.78638],[19.44912,51.78636],[19.44916,51.78619],[19.45028,51.78293],[19.45044,51.78241],[19.45085,51.78098],[19.45099,51.78057],[19.45123,51.78003],[19.45161,51.77857],[19.45288,51.77244],[19.45119,51.77228],[19.45207,51.76837],[19.45356,51.76849],[19.45432,51.76534],[19.44948,51.76496],[19.44702,51.76469],[19.4475,51.76236],[19.44757,51.76221],[19.44757,51.76217],[19.4476,51.76204],[19.44715,51.76186],[19.446,51.76141],[19.44319,51.76026],[19.4431,51.76032],[19.44258,51.76006],[19.44007,51.75906],[19.43472,51.75721],[19.43442,51.7573],[19.43392,51.75797],[19.43344,51.75781],[19.43375,51.75727],[19.43396,51.75686],[19.43395,51.75686],[19.4342,51.75639],[19.43433,51.75621],[19.43399,51.75614],[19.43283,51.75595],[19.4318,51.75587],[19.43176,51.75585],[19.42982,51.75574],[19.42858,51.75575],[19.42737,51.75578],[19.42655,51.75592],[19.42625,51.75597],[19.42542,51.75609],[19.42513,51.75612],[19.42467,51.75614],[19.42458,51.75614],[19.42439,51.75612],[19.4242,51.75611],[19.42391,51.75605],[19.42382,51.75603],[19.42371,51.756],[19.42361,51.75597],[19.42341,51.7559],[19.42336,51.75587],[19.4232,51.75578],[19.42301,51.75572],[19.42296,51.75566],[19.42279,51.75558],[19.42266,51.75547],[19.42245,51.75527],[19.42214,51.75488],[19.42138,51.75386],[19.4212,51.75389],[19.42115,51.75352],[19.4209,51.75326],[19.41968,51.75155],[19.41955,51.75137],[19.41938,51.75112],[19.41889,51.75049],[19.4188,51.75049],[19.41816,51.74932],[19.41819,51.74858],[19.41803,51.74838],[19.41547,51.74761],[19.41486,51.74755],[19.41268,51.74778],[19.40416,51.74794],[19.40339,51.74769],[19.3983,51.74622],[19.39767,51.74711],[19.3974,51.74754],[19.39726,51.74777],[19.39669,51.74869],[19.39647,51.74907],[19.39638,51.74925],[19.39623,51.7495],[19.3962,51.74956],[19.3961,51.7497],[19.39598,51.74991],[19.39589,51.75002],[19.39577,51.75017],[19.39567,51.75026],[19.39557,51.7503],[19.39545,51.7504],[19.39524,51.75049],[19.39513,51.75056],[19.39496,51.75059],[19.39462,51.75065],[19.3941,51.75067],[19.39389,51.75068],[19.39333,51.75048],[19.39134,51.74995],[19.38578,51.74835],[19.38128,51.74647],[19.38127,51.74581],[19.38237,51.74297],[19.38242,51.74288],[19.38266,51.74233],[19.38297,51.7419],[19.38317,51.74151],[19.38325,51.74149],[19.38338,51.74144],[19.38357,51.74144],[19.3837,51.74144],[19.38382,51.74152],[19.38384,51.74162],[19.38481,51.74223],[19.38474,51.74233]]},"properties":{"line":"N2","dir":"1","mode":"bus"}},{"type":"Feature","geometry":{"type":"LineString","coordinates":[[19.4805,51.70345],[19.4803,51.70394],[19.47981,51.70393],[19.47927,51.70402],[19.47792,51.70453],[19.47653,51.70508],[19.47608,51.70525],[19.47584,51.70537],[19.47569,51.70546],[19.47553,51.70559],[19.47542,51.70573],[19.47538,51.70585],[19.47534,51.70591],[19.47533,51.70597],[19.47532,51.70611],[19.47532,51.70616],[19.47533,51.70622],[19.47534,51.70634],[19.47538,51.70643],[19.4754,51.70643],[19.4755,51.70661],[19.47562,51.70669],[19.47572,51.70686],[19.47578,51.70688],[19.47594,51.70705],[19.47607,51.70712],[19.47891,51.70985],[19.4857,51.70934],[19.48668,51.70931],[19.48707,51.70931],[19.48808,51.7093],[19.48833,51.71052],[19.48801,51.71161],[19.48695,51.7136],[19.48584,51.71579],[19.48529,51.71779],[19.49653,51.7194],[19.49639,51.71938],[19.49523,51.71922],[19.49361,51.71897],[19.49258,51.71884],[19.49248,51.71879],[19.4924,51.71879],[19.49132,51.71866],[19.49108,51.71863],[19.48826,51.71824],[19.4864,51.71798],[19.48599,51.718],[19.48588,51.718],[19.48564,51.718],[19.48557,51.718],[19.48534,51.71798],[19.4852,51.71796],[19.48508,51.71842],[19.48501,51.7186],[19.48486,51.7192],[19.48459,51.72011],[19.48454,51.72023],[19.4845,51.72032],[19.48434,51.72064],[19.48425,51.72075],[19.48403,51.72113],[19.48401,51.72122],[19.48401,51.72124],[19.48379,51.72147],[19.48342,51.72208],[19.48327,51.72234],[19.48309,51.7226],[19.48289,51.72282],[19.48265,51.72307],[19.48257,51.72315],[19.48196,51.72378],[19.48158,51.72415],[19.48107,51.7247],[19.48098,51.7248],[19.48093,51.72485],[19.47689,51.729],[19.47586,51.72864],[19.47546,51.72822],[19.47565,51.72772],[19.47679,51.72735],[19.47807,51.72721],[19.47908,51.72717],[19.48056,51.72732],[19.47002,51.73555],[19.4667,51.73461],[19.46581,51.73445],[19.46071,51.73578],[19.45926,51.73623],[19.46262,51.74038],[19.46272,51.73993],[19.46281,51.73951],[19.46352,51.73964],[19.46502,51.7397],[19.46569,51.73975],[19.46709,51.73843],[19.46931,51.73886],[19.47016,51.73897],[19.47131,51.73904],[19.47225,51.73905],[19.47315,51.73896],[19.47868,51.73843],[19.47852,51.74044],[19.47835,51.74086],[19.47306,51.75162],[19.47178,51.75134],[19.47167,51.75126],[19.46475,51.74956],[19.46405,51.74933],[19.46376,51.75082],[19.46384,51.75139],[19.46426,51.75205],[19.46446,51.75249],[19.46445,51.75292],[19.46416,51.75451],[19.46299,51.75974],[19.46228,51.76269],[19.46192,51.76443],[19.46159,51.76591],[19.45447,51.76534],[19.45386,51.76843],[19.45367,51.76941],[19.45336,51.76937],[19.45354,51.76849],[19.44938,51.76813],[19.44853,51.77205],[19.44804,51.77205],[19.44231,51.77148],[19.43462,51.76893],[19.42982,51.76938],[19.42946,51.76964],[19.42904,51.77048],[19.42885,51.7706],[19.42867,51.77098],[19.42837,51.77159],[19.42827,51.77179],[19.42807,51.77217],[19.42801,51.7723],[19.42786,51.77259],[19.42772,51.77295],[19.4276,51.77323],[19.42752,51.77346],[19.42751,51.7735],[19.42748,51.77357],[19.42739,51.77382],[19.42726,51.77439],[19.42744,51.77726],[19.42696,51.78075],[19.42683,51.78091],[19.42678,51.78102],[19.42673,51.78114],[19.42567,51.78102],[19.42439,51.7808],[19.42368,51.78068],[19.42293,51.78055],[19.4226,51.78048],[19.42195,51.7803],[19.42164,51.78021],[19.42151,51.78019],[19.42146,51.78017],[19.42134,51.78014],[19.42098,51.78005],[19.42005,51.7798],[19.41978,51.77975],[19.41903,51.77951],[19.41885,51.77945],[19.41871,51.77936],[19.41834,51.77913],[19.41801,51.77893],[19.41771,51.77879],[19.41754,51.7787],[19.41731,51.77859],[19.41575,51.77816],[19.41492,51.77796],[19.41448,51.77777],[19.41458,51.7777],[19.41463,51.77763],[19.4147,51.77753],[19.4152,51.77671],[19.41512,51.77669],[19.41763,51.77279],[19.41614,51.77312],[19.40965,51.77436],[19.40752,51.77473],[19.40559,51.77591],[19.40467,51.77589],[19.39885,51.77433],[19.39873,51.7746],[19.3987,51.77508],[19.39873,51.77519],[19.39881,51.77551],[19.39891,51.77582],[19.39896,51.77599],[19.39908,51.77638],[19.39918,51.77672],[19.39929,51.77713],[19.39934,51.77735],[19.3994,51.77753],[19.39943,51.77771],[19.39946,51.77784],[19.39947,51.7779],[19.39948,51.77797],[19.39948,51.77807],[19.39947,51.77816],[19.39946,51.77825],[19.39945,51.77833],[19.39945,51.7784],[19.39946,51.77845],[19.39929,51.77877],[19.39914,51.77908],[19.39819,51.77942],[19.39694,51.78013],[19.39633,51.78068],[19.39566,51.78111],[19.39166,51.78251],[19.3919,51.78391],[19.39195,51.7842],[19.39245,51.78682],[19.39257,51.78712],[19.39253,51.78748],[19.39342,51.79211],[19.39351,51.79237],[19.39361,51.79245],[19.39359,51.79256],[19.39349,51.79263],[19.39326,51.79265],[19.39311,51.79257],[19.39246,51.79254],[19.39217,51.79255],[19.39089,51.79262],[19.39048,51.79266],[19.38694,51.79336],[19.38484,51.79381],[19.38466,51.79387],[19.38458,51.79396],[19.38444,51.79401],[19.38434,51.794],[19.38426,51.79398],[19.38422,51.79393],[19.38399,51.79391],[19.38384,51.79388],[19.38093,51.79375],[19.38061,51.79375],[19.38041,51.79375],[19.38024,51.79375],[19.37954,51.79378],[19.37915,51.79384],[19.37875,51.7939],[19.3786,51.79391],[19.37576,51.79448],[19.37442,51.79476],[19.37422,51.79484],[19.37412,51.79494],[19.3739,51.79494],[19.37362,51.79487],[19.37137,51.79493],[19.37086,51.79489],[19.3707,51.79489],[19.37049,51.79487],[19.37029,51.79484],[19.36959,51.79474],[19.36911,51.79467],[19.36785,51.79451],[19.36751,51.79446],[19.36728,51.79445],[19.36696,51.79445],[19.36657,51.79448],[19.36578,51.79463],[19.36548,51.79469],[19.36436,51.79492],[19.36376,51.79504],[19.36212,51.79538],[19.3616,51.79548],[19.36142,51.79552]]},"properties":{"line":"N3A","dir":"0","mode":"bus"}},{"type":"Feature","geometry":{"type":"LineString","coordinates":[[19.36649,51.79447],[19.36765,51.79444],[19.36977,51.79473],[19.36999,51.79473],[19.37104,51.79489],[19.37253,51.79482],[19.37332,51.79483],[19.37376,51.79478],[19.37379,51.79471],[19.37407,51.79464],[19.37418,51.79473],[19.37463,51.79464],[19.37578,51.79444],[19.37611,51.79437],[19.3786,51.79387],[19.37873,51.79383],[19.37901,51.79376],[19.37934,51.79371],[19.37941,51.7937],[19.37956,51.79368],[19.38004,51.79366],[19.38018,51.79366],[19.38032,51.79367],[19.38047,51.79368],[19.38062,51.79369],[19.3808,51.79372],[19.38342,51.79384],[19.38376,51.79385],[19.38397,51.79382],[19.3842,51.79381],[19.38423,51.79377],[19.38431,51.79373],[19.38438,51.79371],[19.38447,51.79371],[19.38456,51.79373],[19.38462,51.79375],[19.38472,51.79374],[19.38488,51.79373],[19.38501,51.79372],[19.38511,51.79371],[19.38554,51.79361],[19.39064,51.79261],[19.39243,51.79252],[19.39313,51.79243],[19.39326,51.79228],[19.39323,51.79204],[19.39321,51.79132],[19.39263,51.78821],[19.39223,51.78656],[19.39166,51.78294],[19.39162,51.78251],[19.39395,51.78177],[19.39464,51.78153],[19.39543,51.78118],[19.39626,51.78075],[19.39694,51.78013],[19.3982,51.77942],[19.39857,51.77923],[19.39903,51.77916],[19.39914,51.77897],[19.39926,51.77871],[19.39942,51.77834],[19.39946,51.77802],[19.39939,51.77763],[19.39861,51.77517],[19.39854,51.77467],[19.3988,51.77431],[19.40462,51.7759],[19.40595,51.77577],[19.40646,51.77542],[19.40733,51.77476],[19.4082,51.77457],[19.40852,51.77445],[19.40897,51.77443],[19.41693,51.77286],[19.41763,51.77279],[19.41563,51.77611],[19.41546,51.77629],[19.4147,51.77753],[19.41463,51.77763],[19.41458,51.7777],[19.41448,51.77777],[19.41492,51.77796],[19.41575,51.77816],[19.41731,51.77859],[19.41754,51.7787],[19.41771,51.77879],[19.41801,51.77893],[19.41834,51.77913],[19.41871,51.77936],[19.41885,51.77945],[19.41903,51.77951],[19.41978,51.77975],[19.42005,51.7798],[19.42098,51.78005],[19.42134,51.78014],[19.42146,51.78017],[19.42151,51.78019],[19.42164,51.78021],[19.42195,51.7803],[19.4226,51.78048],[19.42293,51.78055],[19.42368,51.78068],[19.42439,51.7808],[19.42567,51.78102],[19.42673,51.78114],[19.42678,51.78102],[19.42683,51.78091],[19.42688,51.78068],[19.42739,51.77775],[19.42739,51.77641],[19.42717,51.77458],[19.42751,51.7735],[19.4288,51.77073],[19.42898,51.77016],[19.42898,51.77008],[19.42903,51.77001],[19.42927,51.76964],[19.4295,51.76938],[19.42955,51.76929],[19.42959,51.76929],[19.42972,51.7692],[19.42982,51.7692],[19.4299,51.7692],[19.42998,51.76918],[19.43114,51.76906],[19.4317,51.76902],[19.43185,51.76907],[19.43194,51.7691],[19.43205,51.76911],[19.43274,51.76937],[19.43293,51.76943],[19.43399,51.76976],[19.44348,51.77269],[19.44523,51.77289],[19.44508,51.77382],[19.44803,51.77405],[19.44822,51.77312],[19.4486,51.77149],[19.44877,51.77071],[19.44934,51.76813],[19.45357,51.76853],[19.45501,51.7621],[19.4568,51.76222],[19.46226,51.76271],[19.46342,51.75716],[19.46384,51.75482],[19.46474,51.75169],[19.46436,51.7516],[19.46385,51.7515],[19.4637,51.75081],[19.46388,51.75022],[19.46393,51.75003],[19.46405,51.74933],[19.46849,51.7504],[19.47175,51.75126],[19.47472,51.74805],[19.4783,51.74074],[19.4786,51.73851],[19.47193,51.73911],[19.46995,51.739],[19.46713,51.73849],[19.46423,51.74134],[19.46254,51.74117],[19.46275,51.73955],[19.46277,51.73934],[19.46246,51.73907],[19.45915,51.73637],[19.46589,51.73441],[19.46999,51.73551],[19.47497,51.73045],[19.47914,51.72717],[19.4773,51.72727],[19.47591,51.72757],[19.4755,51.7279],[19.4755,51.72832],[19.47572,51.72858],[19.4767,51.72896],[19.47991,51.72568],[19.48117,51.72423],[19.48182,51.72361],[19.48284,51.72254],[19.48346,51.72158],[19.48393,51.72075],[19.48402,51.72048],[19.48421,51.7203],[19.48425,51.72019],[19.48432,51.72007],[19.48442,51.71977],[19.48459,51.71915],[19.48491,51.71805],[19.48496,51.71784],[19.4852,51.71782],[19.48548,51.71784],[19.48598,51.7179],[19.48632,51.71793],[19.48729,51.71807],[19.48923,51.71834],[19.49034,51.71852],[19.49044,51.71852],[19.49058,51.71856],[19.49088,51.7186],[19.49123,51.71862],[19.4924,51.71879],[19.49248,51.71879],[19.49258,51.71884],[19.49361,51.71897],[19.49523,51.71922],[19.49587,51.71931],[19.48505,51.71713],[19.48557,51.71575],[19.48626,51.71411],[19.48688,51.71311],[19.4877,51.71151],[19.48787,51.71095],[19.48792,51.71037],[19.48764,51.70942],[19.48712,51.70945],[19.48707,51.70943],[19.48453,51.70938],[19.48238,51.70943],[19.47891,51.70985],[19.47572,51.70693],[19.47528,51.70622],[19.47534,51.70571],[19.47619,51.70519],[19.47861,51.7042],[19.47943,51.70393],[19.48022,51.70392],[19.4805,51.70338],[19.4806,51.70289],[19.48095,51.70279],[19.48117,51.70287],[19.48131,51.70299],[19.48134,51.70306]]},"properties":{"line":"N3A","dir":"1","mode":"bus"}},{"type":"Feature","geometry":{"type":"LineString","coordinates":[[19.4805,51.70345],[19.4803,51.70394],[19.47981,51.70393],[19.47927,51.70402],[19.47792,51.70453],[19.47653,51.70508],[19.47608,51.70525],[19.47584,51.70537],[19.47569,51.70546],[19.47553,51.70559],[19.47542,51.70573],[19.47538,51.70585],[19.47534,51.70591],[19.47533,51.70597],[19.47532,51.70611],[19.47532,51.70616],[19.47533,51.70622],[19.47534,51.70634],[19.47538,51.70643],[19.4754,51.70643],[19.4755,51.70661],[19.47562,51.70669],[19.47572,51.70686],[19.47578,51.70688],[19.47594,51.70705],[19.47607,51.70712],[19.47608,51.70715],[19.47634,51.70738],[19.47891,51.70985],[19.47762,51.7101],[19.47713,51.71024],[19.4771,51.71025],[19.4771,51.71025],[19.47562,51.71052],[19.47431,51.71088],[19.47429,51.71089],[19.47275,51.71127],[19.47132,51.71147],[19.4661,51.71178],[19.4662,51.71398],[19.46652,51.71491],[19.46813,51.71844],[19.47228,51.71676],[19.47821,51.71905],[19.47891,51.7184],[19.4806,51.71786],[19.48182,51.71755],[19.48216,51.71759],[19.48439,51.71791],[19.48489,51.71794],[19.48519,51.71796],[19.48486,51.7192],[19.48459,51.72011],[19.48454,51.72023],[19.4845,51.72032],[19.48434,51.72064],[19.48425,51.72075],[19.48403,51.72113],[19.48401,51.72122],[19.48401,51.72124],[19.48379,51.72147],[19.48342,51.72208],[19.48327,51.72234],[19.48309,51.7226],[19.48289,51.72282],[19.48265,51.72307],[19.48257,51.72315],[19.48196,51.72378],[19.48158,51.72415],[19.48107,51.7247],[19.48098,51.7248],[19.48093,51.72485],[19.47689,51.729],[19.47586,51.72864],[19.47546,51.72822],[19.47565,51.72772],[19.47679,51.72735],[19.47807,51.72721],[19.47908,51.72717],[19.48056,51.72732],[19.47002,51.73555],[19.4667,51.73461],[19.46581,51.73445],[19.46071,51.73578],[19.45926,51.73623],[19.46262,51.74038],[19.46272,51.73993],[19.46281,51.73951],[19.46352,51.73964],[19.46502,51.7397],[19.46569,51.73975],[19.46709,51.73843],[19.46931,51.73886],[19.47016,51.73897],[19.47131,51.73904],[19.47225,51.73905],[19.47315,51.73896],[19.47868,51.73843],[19.47852,51.74044],[19.47835,51.74086],[19.47306,51.75162],[19.47178,51.75134],[19.47167,51.75126],[19.46475,51.74956],[19.46405,51.74933],[19.46376,51.75082],[19.46384,51.75139],[19.46426,51.75205],[19.46446,51.75249],[19.46445,51.75292],[19.46416,51.75451],[19.46299,51.75974],[19.46228,51.76269],[19.46192,51.76443],[19.46159,51.76591],[19.45447,51.76534],[19.45386,51.76843],[19.45367,51.76941],[19.45336,51.76937],[19.45354,51.76849],[19.44938,51.76813],[19.44853,51.77205],[19.44804,51.77205],[19.44231,51.77148],[19.43462,51.76893],[19.42982,51.76938],[19.42946,51.76964],[19.42904,51.77048],[19.42885,51.7706],[19.42867,51.77098],[19.42837,51.77159],[19.42827,51.77179],[19.42807,51.77217],[19.42801,51.7723],[19.42786,51.77259],[19.42772,51.77295],[19.4276,51.77323],[19.42752,51.77346],[19.42751,51.7735],[19.42748,51.77357],[19.42739,51.77382],[19.42726,51.77439],[19.42744,51.77726],[19.42696,51.78075],[19.42683,51.78091],[19.42678,51.78102],[19.42673,51.78114],[19.42567,51.78102],[19.42439,51.7808],[19.42368,51.78068],[19.42293,51.78055],[19.4226,51.78048],[19.42195,51.7803],[19.42164,51.78021],[19.42151,51.78019],[19.42146,51.78017],[19.42134,51.78014],[19.42098,51.78005],[19.42005,51.7798],[19.41978,51.77975],[19.41903,51.77951],[19.41885,51.77945],[19.41871,51.77936],[19.41834,51.77913],[19.41801,51.77893],[19.41771,51.77879],[19.41754,51.7787],[19.41731,51.77859],[19.41575,51.77816],[19.41492,51.77796],[19.41448,51.77777],[19.41458,51.7777],[19.41463,51.77763],[19.4147,51.77753],[19.4152,51.77671],[19.41512,51.77669],[19.41763,51.77279],[19.41614,51.77312],[19.40965,51.77436],[19.40752,51.77473],[19.40559,51.77591],[19.40467,51.77589],[19.39885,51.77433],[19.39873,51.7746],[19.3987,51.77508],[19.39873,51.77519],[19.39881,51.77551],[19.39891,51.77582],[19.39896,51.77599],[19.39908,51.77638],[19.39918,51.77672],[19.39929,51.77713],[19.39934,51.77735],[19.3994,51.77753],[19.39943,51.77771],[19.39946,51.77784],[19.39947,51.7779],[19.39948,51.77797],[19.39948,51.77807],[19.39947,51.77816],[19.39946,51.77825],[19.39945,51.77833],[19.39945,51.7784],[19.39946,51.77845],[19.39929,51.77877],[19.39914,51.77908],[19.39819,51.77942],[19.39694,51.78013],[19.39633,51.78068],[19.39566,51.78111],[19.39166,51.78251],[19.3919,51.78391],[19.39195,51.7842],[19.39245,51.78682],[19.39257,51.78712],[19.39253,51.78748],[19.39342,51.79211],[19.39351,51.79237],[19.39361,51.79245],[19.39359,51.79256],[19.39349,51.79263],[19.39326,51.79265],[19.39311,51.79257],[19.39246,51.79254],[19.39217,51.79255],[19.39089,51.79262],[19.39048,51.79266],[19.38694,51.79336],[19.38484,51.79381],[19.38466,51.79387],[19.38458,51.79396],[19.38444,51.79401],[19.38434,51.794],[19.38426,51.79398],[19.38422,51.79393],[19.38399,51.79391],[19.38384,51.79388],[19.38093,51.79375],[19.38061,51.79375],[19.38041,51.79375],[19.38024,51.79375],[19.37954,51.79378],[19.37915,51.79384],[19.37875,51.7939],[19.3786,51.79391],[19.37576,51.79448],[19.37442,51.79476],[19.37422,51.79484],[19.37412,51.79494],[19.3739,51.79494],[19.37362,51.79487],[19.37137,51.79493],[19.37086,51.79489],[19.3707,51.79489],[19.37049,51.79487],[19.37029,51.79484],[19.36959,51.79474],[19.36911,51.79467],[19.36785,51.79451],[19.36751,51.79446],[19.36728,51.79445],[19.36696,51.79445],[19.36657,51.79448],[19.36578,51.79463],[19.36548,51.79469],[19.36436,51.79492],[19.36376,51.79504],[19.36212,51.79538],[19.3616,51.79548],[19.36142,51.79552]]},"properties":{"line":"N3B","dir":"0","mode":"bus"}},{"type":"Feature","geometry":{"type":"LineString","coordinates":[[19.36649,51.79447],[19.36765,51.79444],[19.36977,51.79473],[19.36999,51.79473],[19.37104,51.79489],[19.37253,51.79482],[19.37332,51.79483],[19.37376,51.79478],[19.37379,51.79471],[19.37407,51.79464],[19.37418,51.79473],[19.37463,51.79464],[19.37578,51.79444],[19.37611,51.79437],[19.3786,51.79387],[19.37873,51.79383],[19.37901,51.79376],[19.37934,51.79371],[19.37941,51.7937],[19.37956,51.79368],[19.38004,51.79366],[19.38018,51.79366],[19.38032,51.79367],[19.38047,51.79368],[19.38062,51.79369],[19.3808,51.79372],[19.38342,51.79384],[19.38376,51.79385],[19.38397,51.79382],[19.3842,51.79381],[19.38423,51.79377],[19.38431,51.79373],[19.38438,51.79371],[19.38447,51.79371],[19.38456,51.79373],[19.38462,51.79375],[19.38472,51.79374],[19.38488,51.79373],[19.38501,51.79372],[19.38511,51.79371],[19.38554,51.79361],[19.39064,51.79261],[19.39243,51.79252],[19.39313,51.79243],[19.39326,51.79228],[19.39323,51.79204],[19.39321,51.79132],[19.39263,51.78821],[19.39223,51.78656],[19.39166,51.78294],[19.39162,51.78251],[19.39395,51.78177],[19.39464,51.78153],[19.39543,51.78118],[19.39626,51.78075],[19.39694,51.78013],[19.3982,51.77942],[19.39857,51.77923],[19.39903,51.77916],[19.39914,51.77897],[19.39926,51.77871],[19.39942,51.77834],[19.39946,51.77802],[19.39939,51.77763],[19.39861,51.77517],[19.39854,51.77467],[19.3988,51.77431],[19.40462,51.7759],[19.40595,51.77577],[19.40646,51.77542],[19.40733,51.77476],[19.4082,51.77457],[19.40852,51.77445],[19.40897,51.77443],[19.41693,51.77286],[19.41763,51.77279],[19.41563,51.77611],[19.41546,51.77629],[19.4147,51.77753],[19.41463,51.77763],[19.41458,51.7777],[19.41448,51.77777],[19.41492,51.77796],[19.41575,51.77816],[19.41731,51.77859],[19.41754,51.7787],[19.41771,51.77879],[19.41801,51.77893],[19.41834,51.77913],[19.41871,51.77936],[19.41885,51.77945],[19.41903,51.77951],[19.41978,51.77975],[19.42005,51.7798],[19.42098,51.78005],[19.42134,51.78014],[19.42146,51.78017],[19.42151,51.78019],[19.42164,51.78021],[19.42195,51.7803],[19.4226,51.78048],[19.42293,51.78055],[19.42368,51.78068],[19.42439,51.7808],[19.42567,51.78102],[19.42673,51.78114],[19.42678,51.78102],[19.42683,51.78091],[19.42688,51.78068],[19.42739,51.77775],[19.42739,51.77641],[19.42717,51.77458],[19.42751,51.7735],[19.4288,51.77073],[19.42898,51.77016],[19.42898,51.77008],[19.42903,51.77001],[19.42927,51.76964],[19.4295,51.76938],[19.42955,51.76929],[19.42959,51.76929],[19.42972,51.7692],[19.42982,51.7692],[19.4299,51.7692],[19.42998,51.76918],[19.43114,51.76906],[19.4317,51.76902],[19.43185,51.76907],[19.43194,51.7691],[19.43205,51.76911],[19.43274,51.76937],[19.43293,51.76943],[19.43399,51.76976],[19.44348,51.77269],[19.44523,51.77289],[19.44508,51.77382],[19.44803,51.77405],[19.44822,51.77312],[19.4486,51.77149],[19.44877,51.77071],[19.44934,51.76813],[19.45357,51.76853],[19.45501,51.7621],[19.4568,51.76222],[19.46226,51.76271],[19.46342,51.75716],[19.46384,51.75482],[19.46474,51.75169],[19.46436,51.7516],[19.46385,51.7515],[19.4637,51.75081],[19.46388,51.75022],[19.46393,51.75003],[19.46405,51.74933],[19.46849,51.7504],[19.47175,51.75126],[19.47472,51.74805],[19.4783,51.74074],[19.4786,51.73851],[19.47193,51.73911],[19.46995,51.739],[19.46713,51.73849],[19.46423,51.74134],[19.46254,51.74117],[19.46275,51.73955],[19.46277,51.73934],[19.46246,51.73907],[19.45915,51.73637],[19.46589,51.73441],[19.46999,51.73551],[19.47497,51.73045],[19.47914,51.72717],[19.4773,51.72727],[19.47591,51.72757],[19.4755,51.7279],[19.4755,51.72832],[19.47572,51.72858],[19.4767,51.72896],[19.47991,51.72568],[19.48117,51.72423],[19.48182,51.72361],[19.48284,51.72254],[19.48346,51.72158],[19.48393,51.72075],[19.48402,51.72048],[19.48421,51.7203],[19.48425,51.72019],[19.48432,51.72007],[19.48442,51.71977],[19.48459,51.71915],[19.48491,51.71805],[19.48492,51.71797],[19.4847,51.71791],[19.48461,51.71791],[19.48451,51.71791],[19.48432,51.71791],[19.48411,51.71788],[19.48379,51.71782],[19.48366,51.71782],[19.48312,51.71779],[19.48297,51.71775],[19.48191,51.71761],[19.48164,51.71767],[19.48066,51.71792],[19.47824,51.71908],[19.47239,51.71682],[19.4719,51.71701],[19.46901,51.71817],[19.46815,51.71851],[19.46599,51.71163],[19.46655,51.71165],[19.46717,51.71168],[19.46754,51.71168],[19.46813,51.71167],[19.46867,51.71165],[19.46893,51.71164],[19.46922,51.71163],[19.46976,51.71161],[19.47032,51.71156],[19.47083,51.71151],[19.47175,51.7114],[19.4725,51.71129],[19.47252,51.71129],[19.47289,51.71121],[19.47285,51.71114],[19.47805,51.70997],[19.47891,51.70985],[19.47572,51.70693],[19.47572,51.70693],[19.47528,51.70622],[19.47534,51.70571],[19.47619,51.70519],[19.47861,51.7042],[19.47943,51.70393],[19.48022,51.70392],[19.4805,51.70338],[19.4806,51.70289],[19.48095,51.70279],[19.48117,51.70287],[19.48131,51.70299],[19.48134,51.70306]]},"properties":{"line":"N3B","dir":"1","mode":"bus"}},{"type":"Feature","geometry":{"type":"LineString","coordinates":[[19.41347,51.70087],[19.41356,51.70096],[19.41369,51.70098],[19.41379,51.70104],[19.41396,51.70105],[19.41416,51.70104],[19.41435,51.70102],[19.41457,51.70102],[19.41467,51.70098],[19.41476,51.70129],[19.41484,51.70098],[19.41488,51.70096],[19.41491,51.70095],[19.41496,51.70087],[19.41501,51.70085],[19.41504,51.7008],[19.41506,51.70077],[19.41507,51.70071],[19.41506,51.70059],[19.41458,51.70024],[19.41425,51.70004],[19.41393,51.69987],[19.41365,51.69971],[19.41358,51.69967],[19.41348,51.69963],[19.41338,51.69958],[19.41313,51.69944],[19.41307,51.6995],[19.41299,51.69952],[19.41291,51.69953],[19.41281,51.69954],[19.41273,51.69953],[19.4127,51.69953],[19.41266,51.69952],[19.41257,51.6995],[19.41251,51.69944],[19.41241,51.69944],[19.41236,51.69941],[19.41228,51.69936],[19.41225,51.69933],[19.41221,51.69927],[19.41217,51.69923],[19.41215,51.69918],[19.41215,51.69909],[19.41215,51.69908],[19.41215,51.69904],[19.41218,51.699],[19.41221,51.69896],[19.41224,51.69891],[19.41227,51.69889],[19.41231,51.69886],[19.41236,51.69883],[19.41238,51.69881],[19.41244,51.69879],[19.41247,51.69873],[19.41252,51.69873],[19.41256,51.69873],[19.41259,51.69873],[19.41266,51.69873],[19.41271,51.69872],[19.41273,51.69872],[19.41275,51.69872],[19.41279,51.69872],[19.41281,51.69872],[19.41284,51.69872],[19.41287,51.69872],[19.4129,51.69872],[19.41292,51.69872],[19.41307,51.69873],[19.41316,51.69878],[19.41325,51.69882],[19.41331,51.69888],[19.41338,51.69891],[19.41341,51.699],[19.41344,51.69906],[19.41345,51.69909],[19.41378,51.69929],[19.41403,51.69941],[19.41418,51.69944],[19.41467,51.69978],[19.41528,51.70021],[19.41567,51.70053],[19.41607,51.70087],[19.4163,51.70104],[19.4166,51.70125],[19.41702,51.70156],[19.41719,51.7017],[19.41726,51.70177],[19.41749,51.70201],[19.41757,51.70206],[19.41761,51.7022],[19.41835,51.70277],[19.4185,51.70277],[19.41864,51.703],[19.41882,51.70316],[19.41909,51.70335],[19.41935,51.70355],[19.41946,51.70362],[19.42047,51.70442],[19.4213,51.70513],[19.422,51.70568],[19.4222,51.70585],[19.42246,51.70604],[19.42272,51.70625],[19.42323,51.70654],[19.42359,51.70679],[19.42367,51.70677],[19.42372,51.70688],[19.42425,51.70731],[19.42475,51.70772],[19.42519,51.70815],[19.42547,51.70847],[19.42571,51.70873],[19.42584,51.70884],[19.42645,51.70937],[19.42742,51.71019],[19.42784,51.71051],[19.42852,51.71109],[19.42899,51.71147],[19.43021,51.71244],[19.43077,51.71293],[19.43138,51.71341],[19.43225,51.71413],[19.43335,51.71504],[19.43437,51.71586],[19.43572,51.71699],[19.43655,51.71767],[19.43734,51.71831],[19.4378,51.71863],[19.43821,51.71904],[19.43907,51.71973],[19.43987,51.72041],[19.44131,51.72158],[19.44232,51.72241],[19.44344,51.72327],[19.44494,51.72453],[19.44569,51.7251],[19.44665,51.72583],[19.4469,51.72602],[19.44732,51.7264],[19.44799,51.72699],[19.44828,51.72723],[19.44856,51.72747],[19.45005,51.72871],[19.45095,51.72944],[19.45245,51.73061],[19.4526,51.7307],[19.45273,51.73077],[19.45292,51.73085],[19.45309,51.73088],[19.45324,51.73094],[19.45348,51.7311],[19.45367,51.73133],[19.45371,51.73147],[19.45373,51.73161],[19.4538,51.73175],[19.45385,51.73183],[19.45398,51.73194],[19.45413,51.73206],[19.45449,51.73237],[19.463,51.73926],[19.46258,51.74117],[19.46247,51.74117],[19.46231,51.74115],[19.46136,51.74099],[19.45817,51.74074],[19.45726,51.74482],[19.45301,51.74447],[19.4526,51.74454],[19.45217,51.74454],[19.45149,51.7445],[19.45123,51.74506],[19.44998,51.75079],[19.45003,51.75109],[19.44878,51.7573],[19.44891,51.75797],[19.44762,51.76253],[19.44738,51.76347],[19.45017,51.76422],[19.4527,51.76504],[19.45456,51.76521],[19.45386,51.76843],[19.45367,51.76941],[19.45336,51.76937],[19.45354,51.76849],[19.44938,51.76813],[19.44897,51.76992],[19.44875,51.77104],[19.44854,51.77202],[19.44841,51.77262],[19.44813,51.77409],[19.45783,51.77494],[19.45849,51.77499],[19.46282,51.77536],[19.46911,51.77594],[19.46909,51.77609],[19.46908,51.77617],[19.46906,51.77634],[19.46902,51.77651],[19.46891,51.77706],[19.46891,51.77707],[19.46887,51.77716],[19.46833,51.78007],[19.47284,51.78044],[19.47793,51.78092],[19.48162,51.77976],[19.48201,51.77989],[19.4827,51.78054],[19.4832,51.78146],[19.48313,51.78265],[19.49082,51.7834],[19.49317,51.78299],[19.49503,51.78273],[19.49546,51.78268],[19.49559,51.78268],[19.49576,51.78268],[19.49737,51.78278],[19.49875,51.78285],[19.49885,51.78285],[19.49928,51.78287],[19.4999,51.78291],[19.50003,51.78291],[19.50016,51.78291],[19.50029,51.78291],[19.50073,51.78288],[19.50099,51.78287],[19.50122,51.78282],[19.50194,51.78273],[19.50223,51.78273],[19.50228,51.78273],[19.50275,51.78273],[19.50296,51.78273],[19.5111,51.78209],[19.5154,51.78236],[19.51652,51.78261],[19.52016,51.78332],[19.52043,51.78336],[19.52073,51.78336],[19.52129,51.78328],[19.52235,51.78318],[19.52362,51.78307],[19.52504,51.78291],[19.52567,51.78286],[19.52559,51.78244],[19.52588,51.78165],[19.52723,51.77893],[19.52743,51.77895],[19.52767,51.77888],[19.52797,51.77876],[19.52657,51.77442],[19.53446,51.77355],[19.53612,51.77342],[19.53992,51.77304],[19.54374,51.77266],[19.54397,51.77404],[19.54382,51.77407],[19.54382,51.77427],[19.54362,51.77433],[19.54335,51.77423]]},"properties":{"line":"N4A","dir":"0","mode":"bus"}},{"type":"Feature","geometry":{"type":"LineString","coordinates":[[19.54301,51.77411],[19.53875,51.77439],[19.53784,51.77467],[19.53721,51.77501],[19.52798,51.77873],[19.52783,51.77886],[19.52751,51.77898],[19.52729,51.77909],[19.52591,51.78171],[19.52588,51.78178],[19.52586,51.7819],[19.52564,51.78234],[19.52562,51.78244],[19.5257,51.78288],[19.52067,51.78339],[19.51894,51.78309],[19.51777,51.78285],[19.51661,51.78261],[19.51511,51.78234],[19.51322,51.78216],[19.51125,51.78214],[19.50312,51.78276],[19.50257,51.78282],[19.50227,51.78284],[19.50186,51.78275],[19.50125,51.78284],[19.50045,51.78296],[19.49926,51.78293],[19.49586,51.78272],[19.49481,51.78282],[19.49434,51.78289],[19.4913,51.78336],[19.49092,51.78345],[19.49052,51.78348],[19.48504,51.7828],[19.48299,51.78281],[19.48286,51.78183],[19.48276,51.7815],[19.48264,51.78108],[19.4825,51.78076],[19.48157,51.77977],[19.4795,51.78046],[19.47793,51.78092],[19.46818,51.78009],[19.4693,51.77439],[19.46902,51.77385],[19.46699,51.77368],[19.46629,51.77359],[19.46456,51.77346],[19.46291,51.7733],[19.46286,51.7733],[19.45119,51.77228],[19.45207,51.76837],[19.45356,51.76849],[19.45432,51.76534],[19.44948,51.76496],[19.44702,51.76469],[19.4476,51.76204],[19.45592,51.74999],[19.45611,51.74958],[19.45699,51.74581],[19.45807,51.74069],[19.46127,51.74096],[19.46235,51.74113],[19.46245,51.7411],[19.46277,51.73971],[19.4628,51.73954],[19.46277,51.7394],[19.45849,51.73585],[19.45447,51.73264],[19.45411,51.73247],[19.45391,51.73218],[19.45372,51.73203],[19.45357,51.73196],[19.45329,51.73194],[19.45313,51.73196],[19.45288,51.73196],[19.45259,51.7319],[19.45234,51.73178],[19.45226,51.73164],[19.45221,51.73149],[19.45224,51.73123],[19.45226,51.73111],[19.45226,51.73095],[19.45217,51.73078],[19.45204,51.73058],[19.45179,51.73034],[19.45126,51.72994],[19.4508,51.72959],[19.44991,51.72892],[19.44951,51.72859],[19.449,51.72824],[19.44872,51.72802],[19.44855,51.7279],[19.448,51.72746],[19.44743,51.7269],[19.44701,51.72648],[19.44659,51.72609],[19.44614,51.7257],[19.44578,51.72544],[19.44546,51.72519],[19.44511,51.72494],[19.44435,51.72442],[19.44375,51.724],[19.4432,51.7236],[19.4429,51.72334],[19.44262,51.72313],[19.44194,51.72254],[19.44163,51.72228],[19.44126,51.72198],[19.43995,51.72086],[19.4391,51.72019],[19.43863,51.71978],[19.4379,51.71919],[19.43747,51.71885],[19.43739,51.71877],[19.43302,51.71518],[19.43337,51.71503],[19.43396,51.71548],[19.43566,51.71694],[19.436,51.71627],[19.43668,51.71404],[19.43711,51.71276],[19.43723,51.71235],[19.4375,51.71154],[19.43774,51.71082],[19.43798,51.7101],[19.43794,51.71009],[19.43992,51.70321],[19.43819,51.70321],[19.43743,51.70298],[19.43666,51.70366],[19.4355,51.70452],[19.43499,51.70486],[19.43447,51.70525],[19.4339,51.70567],[19.43345,51.7061],[19.43302,51.70654],[19.43265,51.70694],[19.43203,51.70758],[19.4317,51.70791],[19.43098,51.70866],[19.4301,51.70958],[19.42952,51.71019],[19.4295,51.71017],[19.42818,51.71124],[19.42625,51.70953],[19.42245,51.70629],[19.42127,51.70543],[19.41974,51.70424],[19.41882,51.70355],[19.41848,51.70327],[19.41733,51.70229],[19.41515,51.70068],[19.41477,51.70035],[19.41425,51.70004],[19.41369,51.69972],[19.41347,51.69972],[19.41317,51.6998],[19.41307,51.69987],[19.41303,51.70059],[19.41312,51.70069]]},"properties":{"line":"N4A","dir":"1","mode":"bus"}},{"type":"Feature","geometry":{"type":"LineString","coordinates":[[19.32546,51.66038],[19.32566,51.66036],[19.3257,51.66036],[19.32576,51.66032],[19.3259,51.66021],[19.32603,51.6601],[19.32329,51.65902],[19.32336,51.65899],[19.32338,51.65897],[19.32346,51.6589],[19.3235,51.65887],[19.32356,51.65881],[19.32359,51.65878],[19.32369,51.65863],[19.32376,51.65854],[19.3237,51.65852],[19.3237,51.65852],[19.32611,51.6553],[19.32665,51.6555],[19.33334,51.65897],[19.33833,51.66099],[19.34064,51.66086],[19.34114,51.66487],[19.34322,51.6648],[19.35466,51.66424],[19.35453,51.66356],[19.35457,51.66302],[19.35444,51.6619],[19.35423,51.66023],[19.35423,51.66017],[19.35423,51.66012],[19.35425,51.66003],[19.35429,51.65992],[19.35436,51.65979],[19.35467,51.65942],[19.35459,51.6594],[19.35626,51.65738],[19.3575,51.65728],[19.35757,51.65725],[19.36743,51.65665],[19.37399,51.6562],[19.37399,51.65621],[19.37477,51.65625],[19.37325,51.65155],[19.37452,51.65152],[19.37819,51.65168],[19.38303,51.65187],[19.38603,51.65208],[19.38714,51.6524],[19.38766,51.65234],[19.3877,51.65274],[19.38862,51.65431],[19.38901,51.65656],[19.38892,51.65627],[19.38967,51.66084],[19.4185,51.70277],[19.41864,51.703],[19.41882,51.70316],[19.41909,51.70335],[19.41935,51.70355],[19.41946,51.70362],[19.42047,51.70442],[19.4213,51.70513],[19.422,51.70568],[19.4222,51.70585],[19.42246,51.70604],[19.42272,51.70625],[19.42323,51.70654],[19.42359,51.70679],[19.42367,51.70677],[19.42372,51.70688],[19.42425,51.70731],[19.42475,51.70772],[19.42519,51.70815],[19.42547,51.70847],[19.42571,51.70873],[19.42584,51.70884],[19.42645,51.70937],[19.42742,51.71019],[19.42784,51.71051],[19.42852,51.71109],[19.42899,51.71147],[19.43021,51.71244],[19.43077,51.71293],[19.43138,51.71341],[19.43225,51.71413],[19.43335,51.71504],[19.43437,51.71586],[19.43572,51.71699],[19.43655,51.71767],[19.43734,51.71831],[19.4378,51.71863],[19.43821,51.71904],[19.43907,51.71973],[19.43987,51.72041],[19.44131,51.72158],[19.44232,51.72241],[19.44344,51.72327],[19.44494,51.72453],[19.44569,51.7251],[19.44665,51.72583],[19.4469,51.72602],[19.44732,51.7264],[19.44799,51.72699],[19.44828,51.72723],[19.44856,51.72747],[19.45005,51.72871],[19.45095,51.72944],[19.45245,51.73061],[19.4526,51.7307],[19.45273,51.73077],[19.45292,51.73085],[19.45309,51.73088],[19.45324,51.73094],[19.45348,51.7311],[19.45367,51.73133],[19.45371,51.73147],[19.45373,51.73161],[19.4538,51.73175],[19.45385,51.73183],[19.45398,51.73194],[19.45413,51.73206],[19.45449,51.73237],[19.463,51.73926],[19.46258,51.74117],[19.46247,51.74117],[19.46231,51.74115],[19.46136,51.74099],[19.45817,51.74074],[19.45726,51.74482],[19.45301,51.74447],[19.4526,51.74454],[19.45217,51.74454],[19.45149,51.7445],[19.45123,51.74506],[19.44998,51.75079],[19.45003,51.75109],[19.44878,51.7573],[19.44891,51.75797],[19.44762,51.76253],[19.44738,51.76347],[19.45017,51.76422],[19.4527,51.76504],[19.45456,51.76521],[19.45386,51.76843],[19.45367,51.76941],[19.45336,51.76937],[19.45354,51.76849],[19.44938,51.76813],[19.44897,51.76992],[19.44875,51.77104],[19.44854,51.77202],[19.44841,51.77262],[19.44813,51.77409],[19.45783,51.77494],[19.45849,51.77499],[19.46282,51.77536],[19.46911,51.77594],[19.46909,51.77609],[19.46908,51.77617],[19.46906,51.77634],[19.46902,51.77651],[19.46891,51.77706],[19.46891,51.77707],[19.46887,51.77716],[19.46833,51.78007],[19.47284,51.78044],[19.47793,51.78092],[19.48162,51.77976],[19.48201,51.77989],[19.4827,51.78054],[19.4832,51.78146],[19.48313,51.78265],[19.49082,51.7834],[19.49317,51.78299],[19.49503,51.78273],[19.49546,51.78268],[19.49559,51.78268],[19.49576,51.78268],[19.49737,51.78278],[19.49875,51.78285],[19.49885,51.78285],[19.49928,51.78287],[19.4999,51.78291],[19.50003,51.78291],[19.50016,51.78291],[19.50029,51.78291],[19.50073,51.78288],[19.50099,51.78287],[19.50122,51.78282],[19.50194,51.78273],[19.50223,51.78273],[19.50228,51.78273],[19.50275,51.78273],[19.50296,51.78273],[19.5111,51.78209],[19.5154,51.78236],[19.51652,51.78261],[19.52016,51.78332],[19.52043,51.78336],[19.52073,51.78336],[19.52129,51.78328],[19.52235,51.78318],[19.52362,51.78307],[19.52504,51.78291],[19.52567,51.78286],[19.52559,51.78244],[19.52588,51.78165],[19.52723,51.77893],[19.52743,51.77895],[19.52767,51.77888],[19.52797,51.77876],[19.52657,51.77442],[19.53446,51.77355],[19.53612,51.77342],[19.53992,51.77304],[19.54374,51.77266],[19.54397,51.77404],[19.54382,51.77407],[19.54382,51.77427],[19.54362,51.77433],[19.54335,51.77423]]},"properties":{"line":"N4B","dir":"0","mode":"bus"}},{"type":"Feature","geometry":{"type":"LineString","coordinates":[[19.54301,51.77411],[19.53875,51.77439],[19.53784,51.77467],[19.53721,51.77501],[19.52798,51.77873],[19.52783,51.77886],[19.52751,51.77898],[19.52729,51.77909],[19.52591,51.78171],[19.52588,51.78178],[19.52586,51.7819],[19.52564,51.78234],[19.52562,51.78244],[19.5257,51.78288],[19.52067,51.78339],[19.51894,51.78309],[19.51777,51.78285],[19.51661,51.78261],[19.51511,51.78234],[19.51322,51.78216],[19.51125,51.78214],[19.50312,51.78276],[19.50257,51.78282],[19.50227,51.78284],[19.50186,51.78275],[19.50125,51.78284],[19.50045,51.78296],[19.49926,51.78293],[19.49586,51.78272],[19.49481,51.78282],[19.49434,51.78289],[19.4913,51.78336],[19.49092,51.78345],[19.49052,51.78348],[19.48504,51.7828],[19.48299,51.78281],[19.48286,51.78183],[19.48276,51.7815],[19.48264,51.78108],[19.4825,51.78076],[19.48157,51.77977],[19.4795,51.78046],[19.47793,51.78092],[19.46818,51.78009],[19.4693,51.77439],[19.46902,51.77385],[19.46699,51.77368],[19.46629,51.77359],[19.46456,51.77346],[19.46291,51.7733],[19.46286,51.7733],[19.45119,51.77228],[19.45207,51.76837],[19.45356,51.76849],[19.45432,51.76534],[19.44948,51.76496],[19.44702,51.76469],[19.4476,51.76204],[19.45592,51.74999],[19.45611,51.74958],[19.45699,51.74581],[19.45807,51.74069],[19.46127,51.74096],[19.46235,51.74113],[19.46245,51.7411],[19.46277,51.73971],[19.4628,51.73954],[19.46277,51.7394],[19.45849,51.73585],[19.45447,51.73264],[19.45411,51.73247],[19.45391,51.73218],[19.45372,51.73203],[19.45357,51.73196],[19.45329,51.73194],[19.45313,51.73196],[19.45288,51.73196],[19.45259,51.7319],[19.45234,51.73178],[19.45226,51.73164],[19.45221,51.73149],[19.45224,51.73123],[19.45226,51.73111],[19.45226,51.73095],[19.45217,51.73078],[19.45204,51.73058],[19.45179,51.73034],[19.45126,51.72994],[19.4508,51.72959],[19.44991,51.72892],[19.44951,51.72859],[19.449,51.72824],[19.44872,51.72802],[19.44855,51.7279],[19.448,51.72746],[19.44743,51.7269],[19.44701,51.72648],[19.44659,51.72609],[19.44614,51.7257],[19.44578,51.72544],[19.44546,51.72519],[19.44511,51.72494],[19.44435,51.72442],[19.44375,51.724],[19.4432,51.7236],[19.4429,51.72334],[19.44262,51.72313],[19.44194,51.72254],[19.44163,51.72228],[19.44126,51.72198],[19.43995,51.72086],[19.4391,51.72019],[19.43863,51.71978],[19.4379,51.71919],[19.43747,51.71885],[19.43739,51.71877],[19.43302,51.71518],[19.43337,51.71503],[19.43396,51.71548],[19.43566,51.71694],[19.436,51.71627],[19.43668,51.71404],[19.43711,51.71276],[19.43723,51.71235],[19.4375,51.71154],[19.43774,51.71082],[19.43798,51.7101],[19.43794,51.71009],[19.43992,51.70321],[19.43819,51.70321],[19.43743,51.70298],[19.43666,51.70366],[19.4355,51.70452],[19.43499,51.70486],[19.43447,51.70525],[19.4339,51.70567],[19.43345,51.7061],[19.43302,51.70654],[19.43265,51.70694],[19.43203,51.70758],[19.4317,51.70791],[19.43098,51.70866],[19.4301,51.70958],[19.42952,51.71019],[19.4295,51.71017],[19.42818,51.71124],[19.42625,51.70953],[19.42245,51.70629],[19.42127,51.70543],[19.41974,51.70424],[19.41882,51.70355],[19.41848,51.70327],[19.41733,51.70229],[19.41515,51.70068],[19.41477,51.70035],[19.41425,51.70004],[19.41369,51.69972],[19.41347,51.69972],[19.41317,51.6998],[19.41307,51.69987],[19.41303,51.70059],[19.41312,51.70069],[19.3891,51.65735],[19.38869,51.6551],[19.38854,51.65403],[19.38766,51.65287],[19.38732,51.6525],[19.3875,51.65229],[19.38718,51.65241],[19.38591,51.65209],[19.38204,51.65196],[19.37716,51.65177],[19.37325,51.65155],[19.37351,51.65197],[19.37431,51.65458],[19.37477,51.65625],[19.37324,51.65638],[19.36789,51.65672],[19.35766,51.65734],[19.35626,51.65738],[19.35445,51.65988],[19.35438,51.66002],[19.35451,51.66011],[19.35452,51.66024],[19.35435,51.66036],[19.35476,51.66428],[19.35368,51.66435],[19.34119,51.66494],[19.34109,51.66472],[19.34063,51.66088],[19.3384,51.66099],[19.33207,51.65849],[19.32611,51.6553],[19.32424,51.65796],[19.32329,51.65902],[19.32622,51.66018],[19.3258,51.66057],[19.3255,51.66053]]},"properties":{"line":"N4B","dir":"1","mode":"bus"}},{"type":"Feature","geometry":{"type":"LineString","coordinates":[[19.57482,51.75179],[19.57415,51.75191],[19.57426,51.75224],[19.57453,51.75281],[19.57458,51.7529],[19.57469,51.75303],[19.57497,51.75359],[19.57516,51.75393],[19.56543,51.75569],[19.56462,51.75593],[19.55892,51.75695],[19.55745,51.75715],[19.55723,51.75719],[19.55692,51.75725],[19.55662,51.75729],[19.55633,51.75739],[19.55599,51.75747],[19.5553,51.75765],[19.5547,51.75784],[19.55414,51.75799],[19.55389,51.75806],[19.55373,51.75809],[19.55292,51.75826],[19.55219,51.75837],[19.5514,51.75845],[19.54932,51.75872],[19.54676,51.75911],[19.546,51.75918],[19.54198,51.75994],[19.54128,51.76011],[19.53973,51.76057],[19.53938,51.76062],[19.53831,51.76086],[19.53776,51.76103],[19.53681,51.76117],[19.53644,51.76125],[19.53638,51.76118],[19.53619,51.7605],[19.53612,51.76018],[19.53606,51.75962],[19.53587,51.7587],[19.53568,51.75844],[19.53558,51.75809],[19.53525,51.75729],[19.53481,51.7565],[19.53407,51.75576],[19.53275,51.75456],[19.53145,51.75355],[19.53116,51.75296],[19.53066,51.75281],[19.53006,51.75279],[19.52872,51.75287],[19.52611,51.75243],[19.52297,51.75208],[19.52279,51.752],[19.52087,51.75177],[19.51494,51.75081],[19.50439,51.74959],[19.50265,51.74932],[19.50057,51.74896],[19.49318,51.74808],[19.49054,51.74777],[19.48589,51.74722],[19.48104,51.74637],[19.47838,51.74588],[19.47593,51.7455],[19.4767,51.74369],[19.46427,51.74138],[19.46501,51.74052],[19.46273,51.74033],[19.46258,51.74117],[19.46247,51.74117],[19.46231,51.74115],[19.46136,51.74099],[19.45817,51.74074],[19.45774,51.74285],[19.45626,51.7495],[19.4556,51.75208],[19.45554,51.75238],[19.45746,51.75255],[19.4573,51.75333],[19.4566,51.75591],[19.45592,51.75897],[19.45567,51.76006],[19.45386,51.76843],[19.45367,51.76941],[19.45336,51.76937],[19.45354,51.76849],[19.44938,51.76813],[19.44897,51.76992],[19.44875,51.77104],[19.44854,51.77202],[19.44841,51.77262],[19.44828,51.77307],[19.44811,51.77407],[19.4523,51.77451],[19.45263,51.77457],[19.44969,51.78563],[19.44928,51.78703],[19.44926,51.78797],[19.44951,51.78954],[19.44963,51.79003],[19.44926,51.79072],[19.44451,51.79763],[19.44311,51.79729],[19.443,51.79729],[19.4429,51.79729],[19.44281,51.7973],[19.44248,51.79732],[19.44191,51.79738],[19.44104,51.79746],[19.44088,51.79748],[19.43565,51.79797],[19.43442,51.79809],[19.43326,51.79822],[19.43302,51.79826],[19.42959,51.79863],[19.42831,51.79876],[19.42638,51.79906],[19.42449,51.79922],[19.42573,51.80307],[19.42598,51.80471],[19.42588,51.80637],[19.42584,51.80698],[19.42576,51.80756],[19.42576,51.8076],[19.42561,51.80873],[19.42561,51.80923],[19.42569,51.81022],[19.42582,51.81115],[19.42585,51.81143],[19.4259,51.81175],[19.42595,51.81182],[19.42598,51.81207],[19.42606,51.81245],[19.4261,51.81253],[19.42617,51.81271],[19.4262,51.81272],[19.42623,51.81277],[19.42625,51.8128],[19.42635,51.81289],[19.42673,51.8132],[19.42683,51.81335],[19.42686,51.81341],[19.42688,51.81342],[19.42689,51.81344],[19.42689,51.81348],[19.42689,51.8135],[19.42689,51.81351],[19.42688,51.81357],[19.42685,51.8136],[19.42682,51.81366],[19.42678,51.81375],[19.42661,51.81395],[19.42645,51.81416],[19.42629,51.8145],[19.42622,51.81459],[19.42617,51.81464],[19.42611,51.81467],[19.42596,51.81475],[19.42588,51.81475],[19.42579,51.81475],[19.42568,51.81474],[19.42551,51.81467],[19.42536,51.81467],[19.42519,51.81465],[19.42513,51.81461],[19.42503,51.81461],[19.42484,51.81458],[19.42476,51.81457],[19.4247,51.81457],[19.42463,51.81457],[19.42455,51.81457],[19.42447,51.81457],[19.42438,51.81458],[19.42429,51.81459],[19.42417,51.81461],[19.42409,51.81464],[19.42399,51.81467],[19.42392,51.81467],[19.42382,51.81473],[19.42376,51.81476],[19.42364,51.81484],[19.4235,51.81493],[19.42336,51.81502],[19.42325,51.81512],[19.42251,51.81574],[19.41923,51.81805],[19.41901,51.81795],[19.41888,51.81783],[19.41889,51.81774]]},"properties":{"line":"N5A","dir":"0","mode":"bus"}},{"type":"Feature","geometry":{"type":"LineString","coordinates":[[19.41954,51.81731],[19.42002,51.81738],[19.4227,51.8154],[19.42377,51.81473],[19.42447,51.81456],[19.42496,51.81458],[19.42586,51.81475],[19.4261,51.81469],[19.42625,51.81452],[19.42672,51.81377],[19.42657,51.81368],[19.42453,51.81272],[19.42439,51.81257],[19.42436,51.81241],[19.42502,51.81137],[19.42513,51.81011],[19.42573,51.80466],[19.42327,51.79574],[19.42297,51.79467],[19.42248,51.79403],[19.42129,51.79274],[19.42101,51.79216],[19.42603,51.79114],[19.42642,51.79106],[19.42657,51.79106],[19.43011,51.79036],[19.43092,51.7916],[19.43121,51.79203],[19.43289,51.79758],[19.43326,51.79823],[19.43477,51.79804],[19.43616,51.79791],[19.4369,51.79783],[19.44172,51.79735],[19.44288,51.79703],[19.44417,51.79737],[19.44469,51.79653],[19.44573,51.79493],[19.44879,51.79074],[19.44885,51.79005],[19.44903,51.78954],[19.44897,51.78705],[19.44912,51.78636],[19.44916,51.78619],[19.45028,51.78293],[19.45044,51.78241],[19.45085,51.78098],[19.45099,51.78057],[19.45123,51.78003],[19.45161,51.77857],[19.45288,51.77244],[19.45119,51.77228],[19.45207,51.76837],[19.45356,51.76849],[19.45573,51.75854],[19.45634,51.75575],[19.45645,51.75525],[19.45691,51.75307],[19.45703,51.75295],[19.45712,51.75253],[19.45629,51.7525],[19.45554,51.75238],[19.45592,51.74999],[19.45611,51.74958],[19.45699,51.74581],[19.45807,51.74069],[19.46127,51.74096],[19.46235,51.74113],[19.46245,51.7411],[19.46259,51.74028],[19.46496,51.7405],[19.46427,51.74133],[19.47691,51.74364],[19.47609,51.74543],[19.48457,51.74704],[19.48557,51.74719],[19.48781,51.74743],[19.49251,51.74795],[19.4932,51.74804],[19.49578,51.74838],[19.49718,51.74853],[19.50299,51.74936],[19.50377,51.74947],[19.5071,51.74987],[19.51542,51.75083],[19.52087,51.75173],[19.52207,51.75186],[19.5226,51.75191],[19.52312,51.75193],[19.52628,51.75224],[19.52984,51.75241],[19.53029,51.75247],[19.53075,51.75247],[19.53099,51.75243],[19.53108,51.75234],[19.53133,51.75229],[19.53159,51.75231],[19.53175,51.75236],[19.53187,51.75243],[19.53197,51.75256],[19.53197,51.7527],[19.53191,51.75283],[19.53182,51.75295],[19.53187,51.75308],[19.53221,51.75338],[19.53244,51.75371],[19.53295,51.75434],[19.53436,51.75557],[19.53528,51.7565],[19.53549,51.75684],[19.53606,51.7581],[19.53625,51.75855],[19.5365,51.75882],[19.53654,51.75906],[19.53668,51.75929],[19.53696,51.75972],[19.53717,51.76003],[19.53736,51.76028],[19.53761,51.76026],[19.53787,51.76023],[19.53798,51.76021],[19.53819,51.76017],[19.53854,51.76015],[19.53868,51.76013],[19.53886,51.76012],[19.54003,51.76007],[19.54111,51.75998],[19.54164,51.75991],[19.54194,51.7599],[19.54366,51.75959],[19.54406,51.75951],[19.54609,51.75915],[19.54666,51.75899],[19.54684,51.75888],[19.5482,51.75863],[19.54889,51.75846],[19.5493,51.75834],[19.54973,51.75823],[19.55095,51.75788],[19.55168,51.75768],[19.55235,51.75753],[19.55336,51.75735],[19.55435,51.75722],[19.55481,51.75719],[19.5557,51.75711],[19.55634,51.75704],[19.5568,51.75698],[19.55705,51.75693],[19.5573,51.7569],[19.55762,51.75683],[19.55793,51.75675],[19.55861,51.75659],[19.55949,51.75638],[19.56084,51.75618],[19.56199,51.75605],[19.56276,51.75592],[19.56533,51.75546],[19.56566,51.7554],[19.56604,51.75533],[19.56617,51.75531],[19.57487,51.75372],[19.57431,51.75238],[19.57416,51.75206],[19.5741,51.75191],[19.5742,51.75191],[19.57441,51.7522],[19.5746,51.75241],[19.57516,51.7523]]},"properties":{"line":"N5A","dir":"1","mode":"bus"}},{"type":"Feature","geometry":{"type":"LineString","coordinates":[[19.63704,51.72654],[19.63686,51.72643],[19.63244,51.72896],[19.63191,51.72919],[19.62713,51.73205],[19.61865,51.73684],[19.61865,51.73684],[19.61199,51.74051],[19.61114,51.73998],[19.60852,51.73828],[19.60852,51.73828],[19.60758,51.73756],[19.60675,51.73705],[19.60427,51.73694],[19.59891,51.73701],[19.59169,51.73698],[19.58909,51.73704],[19.58475,51.73784],[19.58669,51.74237],[19.58823,51.74583],[19.58916,51.74853],[19.58926,51.74865],[19.58944,51.74873],[19.58958,51.74883],[19.5896,51.74896],[19.58947,51.7491],[19.58942,51.74923],[19.58978,51.75042],[19.59022,51.75117],[19.58464,51.7522],[19.57499,51.75393],[19.57471,51.7534],[19.57454,51.75299],[19.57454,51.75291],[19.57433,51.75247],[19.57508,51.75232],[19.5751,51.75228],[19.57511,51.75224],[19.57482,51.75179],[19.57415,51.75191],[19.57426,51.75224],[19.57453,51.75281],[19.57458,51.7529],[19.57469,51.75303],[19.57497,51.75359],[19.57516,51.75393],[19.56543,51.75569],[19.56462,51.75593],[19.55892,51.75695],[19.55745,51.75715],[19.55723,51.75719],[19.55692,51.75725],[19.55662,51.75729],[19.55633,51.75739],[19.55599,51.75747],[19.5553,51.75765],[19.5547,51.75784],[19.55414,51.75799],[19.55389,51.75806],[19.55373,51.75809],[19.55292,51.75826],[19.55219,51.75837],[19.5514,51.75845],[19.54932,51.75872],[19.54676,51.75911],[19.546,51.75918],[19.54198,51.75994],[19.54128,51.76011],[19.53973,51.76057],[19.53938,51.76062],[19.53831,51.76086],[19.53776,51.76103],[19.53681,51.76117],[19.53644,51.76125],[19.53638,51.76118],[19.53619,51.7605],[19.53612,51.76018],[19.53606,51.75962],[19.53587,51.7587],[19.53568,51.75844],[19.53558,51.75809],[19.53525,51.75729],[19.53481,51.7565],[19.53407,51.75576],[19.53275,51.75456],[19.53145,51.75355],[19.53116,51.75296],[19.53066,51.75281],[19.53006,51.75279],[19.52872,51.75287],[19.52611,51.75243],[19.52297,51.75208],[19.52279,51.752],[19.52087,51.75177],[19.51494,51.75081],[19.50439,51.74959],[19.50265,51.74932],[19.50057,51.74896],[19.49318,51.74808],[19.49054,51.74777],[19.48589,51.74722],[19.48104,51.74637],[19.47838,51.74588],[19.47593,51.7455],[19.4767,51.74369],[19.46427,51.74138],[19.46501,51.74052],[19.46273,51.74033],[19.46258,51.74117],[19.46247,51.74117],[19.46231,51.74115],[19.46136,51.74099],[19.45817,51.74074],[19.45774,51.74285],[19.45626,51.7495],[19.4556,51.75208],[19.45554,51.75238],[19.45746,51.75255],[19.4573,51.75333],[19.4566,51.75591],[19.45592,51.75897],[19.45567,51.76006],[19.45386,51.76843],[19.45367,51.76941],[19.45336,51.76937],[19.45354,51.76849],[19.44938,51.76813],[19.44897,51.76992],[19.44875,51.77104],[19.44854,51.77202],[19.44841,51.77262],[19.44828,51.77307],[19.44811,51.77407],[19.4523,51.77451],[19.45263,51.77457],[19.44969,51.78563],[19.44928,51.78703],[19.44926,51.78797],[19.44951,51.78954],[19.44963,51.79003],[19.44926,51.79072],[19.44451,51.79763],[19.44311,51.79729],[19.443,51.79729],[19.4429,51.79729],[19.44281,51.7973],[19.44248,51.79732],[19.44191,51.79738],[19.44104,51.79746],[19.44088,51.79748],[19.43565,51.79797],[19.43442,51.79809],[19.43326,51.79822],[19.43302,51.79826],[19.42959,51.79863],[19.42831,51.79876],[19.42638,51.79906],[19.42449,51.79922],[19.42573,51.80307],[19.42598,51.80471],[19.42588,51.80637],[19.42584,51.80698],[19.42576,51.80756],[19.42576,51.8076],[19.42561,51.80873],[19.42561,51.80923],[19.42569,51.81022],[19.42582,51.81115],[19.42585,51.81143],[19.4259,51.81175],[19.42595,51.81182],[19.42598,51.81207],[19.42606,51.81245],[19.4261,51.81253],[19.42617,51.81271],[19.4262,51.81272],[19.42623,51.81277],[19.42625,51.8128],[19.42635,51.81289],[19.42673,51.8132],[19.42683,51.81335],[19.42686,51.81341],[19.42688,51.81342],[19.42689,51.81344],[19.42689,51.81348],[19.42689,51.8135],[19.42689,51.81351],[19.42688,51.81357],[19.42685,51.8136],[19.42682,51.81366],[19.42678,51.81375],[19.42661,51.81395],[19.42645,51.81416],[19.42629,51.8145],[19.42622,51.81459],[19.42617,51.81464],[19.42611,51.81467],[19.42596,51.81475],[19.42588,51.81475],[19.42579,51.81475],[19.42568,51.81474],[19.42551,51.81467],[19.42536,51.81467],[19.42519,51.81465],[19.42513,51.81461],[19.42503,51.81461],[19.42484,51.81458],[19.42476,51.81457],[19.4247,51.81457],[19.42463,51.81457],[19.42455,51.81457],[19.42447,51.81457],[19.42438,51.81458],[19.42429,51.81459],[19.42417,51.81461],[19.42409,51.81464],[19.42399,51.81467],[19.42392,51.81467],[19.42382,51.81473],[19.42376,51.81476],[19.42364,51.81484],[19.4235,51.81493],[19.42336,51.81502],[19.42325,51.81512],[19.42251,51.81574],[19.41923,51.81805],[19.41901,51.81795],[19.41888,51.81783],[19.41889,51.81774]]},"properties":{"line":"N5B","dir":"0","mode":"bus"}},{"type":"Feature","geometry":{"type":"LineString","coordinates":[[19.41954,51.81731],[19.42002,51.81738],[19.4227,51.8154],[19.42377,51.81473],[19.42447,51.81456],[19.42496,51.81458],[19.42586,51.81475],[19.4261,51.81469],[19.42625,51.81452],[19.42672,51.81377],[19.42657,51.81368],[19.42453,51.81272],[19.42439,51.81257],[19.42436,51.81241],[19.42502,51.81137],[19.42513,51.81011],[19.42573,51.80466],[19.42327,51.79574],[19.42297,51.79467],[19.42248,51.79403],[19.42129,51.79274],[19.42101,51.79216],[19.42603,51.79114],[19.42642,51.79106],[19.42657,51.79106],[19.43011,51.79036],[19.43092,51.7916],[19.43121,51.79203],[19.43289,51.79758],[19.43326,51.79823],[19.43477,51.79804],[19.43616,51.79791],[19.4369,51.79783],[19.44172,51.79735],[19.44288,51.79703],[19.44417,51.79737],[19.44469,51.79653],[19.44573,51.79493],[19.44879,51.79074],[19.44885,51.79005],[19.44903,51.78954],[19.44897,51.78705],[19.44912,51.78636],[19.44916,51.78619],[19.45028,51.78293],[19.45044,51.78241],[19.45085,51.78098],[19.45099,51.78057],[19.45123,51.78003],[19.45161,51.77857],[19.45288,51.77244],[19.45119,51.77228],[19.45207,51.76837],[19.45356,51.76849],[19.45573,51.75854],[19.45634,51.75575],[19.45645,51.75525],[19.45691,51.75307],[19.45703,51.75295],[19.45712,51.75253],[19.45629,51.7525],[19.45554,51.75238],[19.45592,51.74999],[19.45611,51.74958],[19.45699,51.74581],[19.45807,51.74069],[19.46127,51.74096],[19.46235,51.74113],[19.46245,51.7411],[19.46259,51.74028],[19.46496,51.7405],[19.46427,51.74133],[19.47691,51.74364],[19.47609,51.74543],[19.48457,51.74704],[19.48557,51.74719],[19.48781,51.74743],[19.49251,51.74795],[19.4932,51.74804],[19.49578,51.74838],[19.49718,51.74853],[19.50299,51.74936],[19.50377,51.74947],[19.5071,51.74987],[19.51542,51.75083],[19.52087,51.75173],[19.52207,51.75186],[19.5226,51.75191],[19.52312,51.75193],[19.52628,51.75224],[19.52984,51.75241],[19.53029,51.75247],[19.53075,51.75247],[19.53099,51.75243],[19.53108,51.75234],[19.53133,51.75229],[19.53159,51.75231],[19.53175,51.75236],[19.53187,51.75243],[19.53197,51.75256],[19.53197,51.7527],[19.53191,51.75283],[19.53182,51.75295],[19.53187,51.75308],[19.53221,51.75338],[19.53244,51.75371],[19.53295,51.75434],[19.53436,51.75557],[19.53528,51.7565],[19.53549,51.75684],[19.53606,51.7581],[19.53625,51.75855],[19.5365,51.75882],[19.53654,51.75906],[19.53668,51.75929],[19.53696,51.75972],[19.53717,51.76003],[19.53736,51.76028],[19.53761,51.76026],[19.53787,51.76023],[19.53798,51.76021],[19.53819,51.76017],[19.53854,51.76015],[19.53868,51.76013],[19.53886,51.76012],[19.54003,51.76007],[19.54111,51.75998],[19.54164,51.75991],[19.54194,51.7599],[19.54366,51.75959],[19.54406,51.75951],[19.54609,51.75915],[19.54666,51.75899],[19.54684,51.75888],[19.5482,51.75863],[19.54889,51.75846],[19.5493,51.75834],[19.54973,51.75823],[19.55095,51.75788],[19.55168,51.75768],[19.55235,51.75753],[19.55336,51.75735],[19.55435,51.75722],[19.55481,51.75719],[19.5557,51.75711],[19.55634,51.75704],[19.5568,51.75698],[19.55705,51.75693],[19.5573,51.7569],[19.55762,51.75683],[19.55793,51.75675],[19.55861,51.75659],[19.55949,51.75638],[19.56084,51.75618],[19.56199,51.75605],[19.56276,51.75592],[19.56533,51.75546],[19.56566,51.7554],[19.56604,51.75533],[19.56617,51.75531],[19.57482,51.75371],[19.57432,51.75246],[19.57505,51.75233],[19.57473,51.75186],[19.57457,51.75182],[19.57416,51.75191],[19.57436,51.75244],[19.57453,51.75281],[19.57464,51.75296],[19.57488,51.75339],[19.57501,51.7537],[19.57578,51.75352],[19.58774,51.75133],[19.58959,51.75094],[19.58724,51.73721],[19.59063,51.73693],[19.59766,51.73689],[19.59766,51.73689],[19.59795,51.73696],[19.59908,51.73696],[19.59941,51.73696],[19.60004,51.73696],[19.60031,51.73696],[19.60044,51.73698],[19.60077,51.73696],[19.60164,51.73698],[19.60254,51.73698],[19.6026,51.73696],[19.60302,51.73696],[19.60324,51.73696],[19.60381,51.73696],[19.60418,51.73696],[19.60465,51.73696],[19.60501,51.73698],[19.60559,51.73701],[19.60614,51.73703],[19.60636,51.73705],[19.60654,51.73705],[19.60668,51.73706],[19.60778,51.73702],[19.60774,51.73729],[19.60757,51.73759],[19.61198,51.74046],[19.61281,51.74006],[19.61302,51.73993],[19.61305,51.73993],[19.61311,51.73989],[19.61324,51.73982],[19.61527,51.73866],[19.61598,51.73827],[19.61665,51.73786],[19.61703,51.73767],[19.61808,51.73707],[19.61911,51.73649],[19.61984,51.73608],[19.62053,51.7357],[19.62125,51.73527],[19.62308,51.73426],[19.62385,51.73383],[19.62437,51.73354],[19.62443,51.73349],[19.62445,51.73349],[19.62499,51.73318],[19.62565,51.73281],[19.62662,51.73227],[19.62866,51.73106],[19.62891,51.73095],[19.62896,51.73093],[19.62925,51.73076],[19.63101,51.72973],[19.63188,51.72924],[19.6326,51.72883],[19.63266,51.72878],[19.63273,51.72874],[19.63487,51.72754],[19.63588,51.72694],[19.63597,51.72691],[19.63685,51.7264],[19.63702,51.72633]]},"properties":{"line":"N5B","dir":"1","mode":"bus"}},{"type":"Feature","geometry":{"type":"LineString","coordinates":[[19.50745,51.73633],[19.50602,51.73619],[19.50561,51.73617],[19.50518,51.73622],[19.50452,51.7363],[19.49465,51.73712],[19.49435,51.73563],[19.49434,51.73552],[19.49421,51.73499],[19.4941,51.73453],[19.49401,51.73419],[19.49393,51.73373],[19.49377,51.73328],[19.49368,51.73317],[19.4936,51.73313],[19.49276,51.73304],[19.49183,51.73299],[19.491,51.73295],[19.49046,51.73292],[19.49001,51.73295],[19.48923,51.73307],[19.48896,51.7331],[19.4887,51.73311],[19.48835,51.73301],[19.48655,51.73253],[19.48486,51.73247],[19.4825,51.73232],[19.47963,51.73193],[19.47904,51.73178],[19.47848,51.73167],[19.47786,51.73166],[19.47741,51.73155],[19.47683,51.73131],[19.47513,51.7307],[19.47485,51.73061],[19.47474,51.73058],[19.47392,51.73029],[19.47352,51.73013],[19.47145,51.72936],[19.47091,51.72917],[19.46989,51.72878],[19.46613,51.72737],[19.4653,51.72707],[19.46515,51.72701],[19.46483,51.72691],[19.46446,51.72685],[19.46427,51.72684],[19.46356,51.72676],[19.46324,51.72676],[19.46301,51.72679],[19.46276,51.72685],[19.46224,51.72694],[19.46211,51.72698],[19.46193,51.72703],[19.46171,51.72709],[19.46154,51.72712],[19.4613,51.7272],[19.46102,51.72734],[19.45897,51.72835],[19.45807,51.72881],[19.45702,51.72942],[19.45623,51.72977],[19.45554,51.73012],[19.45526,51.73025],[19.45493,51.73043],[19.45461,51.73061],[19.45447,51.73068],[19.45439,51.73076],[19.45429,51.7308],[19.45423,51.73084],[19.45411,51.73088],[19.45401,51.73095],[19.4539,51.73102],[19.45385,51.73105],[19.45381,51.73106],[19.45376,51.73113],[19.45375,51.73115],[19.45373,51.73122],[19.45371,51.73128],[19.45369,51.73139],[19.45371,51.73142],[19.45371,51.73148],[19.45371,51.73149],[19.45371,51.73151],[19.45371,51.73155],[19.4537,51.73157],[19.4537,51.7316],[19.4538,51.73175],[19.45385,51.73183],[19.45398,51.73194],[19.45409,51.73205],[19.45419,51.73212],[19.45449,51.73237],[19.463,51.73926],[19.46257,51.74107],[19.46247,51.74144],[19.46216,51.74288],[19.46206,51.74331],[19.46189,51.74409],[19.46182,51.74441],[19.46171,51.7449],[19.46163,51.74525],[19.46155,51.74554],[19.46149,51.74593],[19.46141,51.74628],[19.46122,51.74711],[19.46107,51.74783],[19.46101,51.74804],[19.46096,51.74832],[19.46076,51.74923],[19.46061,51.74984],[19.46048,51.75053],[19.46031,51.75131],[19.46014,51.75199],[19.45999,51.7527],[19.45977,51.75367],[19.45963,51.75436],[19.45854,51.75949],[19.45583,51.7593],[19.45578,51.75967],[19.45386,51.76843],[19.45367,51.76941],[19.45336,51.76937],[19.45354,51.76849],[19.44938,51.76813],[19.44897,51.76992],[19.44875,51.77104],[19.44854,51.77202],[19.44841,51.77262],[19.44828,51.77307],[19.44811,51.77407],[19.4523,51.77451],[19.45263,51.77457],[19.44969,51.78563],[19.45423,51.7835],[19.45479,51.7836],[19.45647,51.78383],[19.45895,51.7844],[19.45966,51.78466],[19.46012,51.78479],[19.46152,51.78496],[19.46237,51.7851],[19.46358,51.78531],[19.46439,51.78533],[19.46771,51.78606],[19.46768,51.78636],[19.46775,51.78659],[19.46784,51.78674],[19.46793,51.78854],[19.4679,51.7889],[19.4679,51.78954],[19.4679,51.79007],[19.46788,51.79025],[19.46786,51.79034],[19.46778,51.79056],[19.46778,51.79061],[19.46777,51.79067],[19.46778,51.79068],[19.4678,51.79072],[19.46786,51.79077],[19.46794,51.79079],[19.46805,51.79079],[19.46828,51.79079],[19.46844,51.79079],[19.46908,51.79077],[19.46966,51.79072],[19.47065,51.79067],[19.47093,51.79065],[19.47111,51.79061],[19.47205,51.79058],[19.47214,51.79057],[19.47237,51.79056],[19.47354,51.79047],[19.4736,51.79047],[19.47381,51.79043],[19.47502,51.79034],[19.47516,51.79034],[19.47565,51.79032],[19.47656,51.79024],[19.47869,51.79049],[19.47822,51.79253],[19.47807,51.79274],[19.47788,51.79347],[19.47778,51.79378],[19.47769,51.79401],[19.47763,51.79425],[19.4776,51.79432],[19.47762,51.79432],[19.47666,51.79567],[19.4772,51.80018],[19.46586,51.80071],[19.46568,51.79925],[19.46544,51.7968],[19.46542,51.79447],[19.46548,51.79298],[19.46596,51.79315],[19.46608,51.79317],[19.46624,51.7932],[19.46631,51.79329],[19.46624,51.79335],[19.46613,51.79338],[19.46548,51.79298],[19.46549,51.79545],[19.46547,51.79639],[19.46594,51.80075],[19.46515,51.80073],[19.46499,51.80074],[19.46416,51.80078],[19.46324,51.80081],[19.46108,51.80088],[19.4599,51.80094]]},"properties":{"line":"N6","dir":"0","mode":"bus"}},{"type":"Feature","geometry":{"type":"LineString","coordinates":[[19.45953,51.80077],[19.4658,51.80054],[19.46568,51.79925],[19.46544,51.7968],[19.46542,51.79447],[19.46548,51.79298],[19.46596,51.79315],[19.46608,51.79317],[19.46624,51.7932],[19.46631,51.79329],[19.46624,51.79335],[19.46613,51.79338],[19.46548,51.79298],[19.46549,51.79545],[19.46547,51.79639],[19.46559,51.79653],[19.46549,51.79665],[19.46585,51.80056],[19.46604,51.80054],[19.46697,51.8005],[19.46809,51.80045],[19.46922,51.80041],[19.47059,51.80035],[19.47188,51.8003],[19.4722,51.80028],[19.47497,51.80009],[19.47591,51.80009],[19.47635,51.80009],[19.47637,51.80009],[19.47642,51.80008],[19.47669,51.80007],[19.47698,51.80009],[19.47691,51.79985],[19.47688,51.7987],[19.47681,51.79798],[19.47668,51.79685],[19.47666,51.79666],[19.47659,51.79608],[19.47657,51.79599],[19.47656,51.79579],[19.47652,51.79575],[19.47656,51.79559],[19.47656,51.79545],[19.4766,51.79536],[19.47664,51.79527],[19.47669,51.79518],[19.47675,51.79509],[19.47741,51.79418],[19.47851,51.7905],[19.47603,51.79032],[19.47449,51.79047],[19.47381,51.79043],[19.4736,51.79047],[19.47354,51.79047],[19.47237,51.79056],[19.47214,51.79057],[19.47205,51.79058],[19.47111,51.79061],[19.47093,51.79065],[19.47065,51.79067],[19.46966,51.79072],[19.46908,51.79077],[19.46844,51.79079],[19.46828,51.79079],[19.46805,51.79079],[19.46794,51.79079],[19.46786,51.79077],[19.4678,51.79072],[19.46778,51.79068],[19.46777,51.79067],[19.46778,51.79061],[19.46778,51.79056],[19.46786,51.79034],[19.46788,51.79025],[19.4679,51.79007],[19.4679,51.78954],[19.4679,51.78926],[19.46781,51.78926],[19.46787,51.78628],[19.46446,51.7854],[19.46345,51.78533],[19.46255,51.78516],[19.46085,51.78484],[19.46022,51.78468],[19.45993,51.7861],[19.45962,51.78754],[19.45393,51.77947],[19.45398,51.77926],[19.45404,51.77902],[19.45405,51.77899],[19.45301,51.77891],[19.45211,51.77883],[19.45159,51.77862],[19.45165,51.77821],[19.45288,51.77244],[19.45119,51.77228],[19.45207,51.76837],[19.45356,51.76849],[19.45432,51.76532],[19.45276,51.76517],[19.45419,51.75879],[19.45845,51.75915],[19.45924,51.75592],[19.45929,51.75566],[19.45947,51.75485],[19.45979,51.75342],[19.45982,51.75327],[19.45976,51.75301],[19.45994,51.75266],[19.46,51.75243],[19.46026,51.75131],[19.4605,51.75017],[19.46048,51.7497],[19.46066,51.7495],[19.46087,51.74851],[19.46102,51.7478],[19.46115,51.74717],[19.46123,51.74681],[19.46127,51.74647],[19.46135,51.74625],[19.46197,51.74351],[19.46257,51.74086],[19.46277,51.73971],[19.4628,51.73954],[19.46277,51.7394],[19.45849,51.73585],[19.45447,51.73264],[19.45411,51.73247],[19.45334,51.73196],[19.45271,51.732],[19.45235,51.73178],[19.45224,51.73142],[19.45231,51.73106],[19.45266,51.7308],[19.45323,51.73088],[19.45362,51.73085],[19.4539,51.73074],[19.45442,51.73043],[19.45751,51.72883],[19.45768,51.72878],[19.45803,51.72862],[19.46008,51.72761],[19.46084,51.7272],[19.46127,51.72703],[19.46143,51.72694],[19.46153,51.72691],[19.46164,51.72685],[19.46183,51.72682],[19.46252,51.72663],[19.46286,51.72654],[19.46317,51.7264],[19.46331,51.72631],[19.46355,51.72613],[19.4637,51.72613],[19.46398,51.72618],[19.46411,51.72621],[19.46416,51.72622],[19.46436,51.7263],[19.46446,51.72633],[19.46455,51.7264],[19.46459,51.72645],[19.46469,51.72655],[19.46481,51.72666],[19.46493,51.72674],[19.46516,51.72685],[19.46529,51.72691],[19.46723,51.72763],[19.46861,51.72811],[19.46882,51.72821],[19.46979,51.72856],[19.47059,51.72889],[19.47062,51.72887],[19.47065,51.72889],[19.47363,51.73003],[19.47403,51.73014],[19.47441,51.73029],[19.47483,51.73039],[19.47488,51.73041],[19.4749,51.73042],[19.47497,51.73043],[19.47501,51.73047],[19.4751,51.7305],[19.47533,51.73058],[19.47597,51.73083],[19.47757,51.73156],[19.47772,51.7316],[19.47788,51.73164],[19.47806,51.73165],[19.47812,51.73165],[19.47824,51.73165],[19.47838,51.73166],[19.47847,51.73166],[19.47869,51.73169],[19.47882,51.73171],[19.47888,51.73171],[19.47896,51.73174],[19.47916,51.73178],[19.47936,51.73183],[19.47974,51.73194],[19.48001,51.732],[19.4801,51.73202],[19.48029,51.73205],[19.48098,51.73212],[19.48105,51.73212],[19.48143,51.73218],[19.48191,51.73221],[19.48225,51.73223],[19.48342,51.73235],[19.48492,51.73244],[19.48583,51.73248],[19.48752,51.7325],[19.48843,51.73252],[19.48866,51.7325],[19.48872,51.7325],[19.48883,51.7325],[19.48893,51.73253],[19.48902,51.73253],[19.48914,51.73256],[19.48923,51.73256],[19.4893,51.73265],[19.4896,51.73272],[19.49034,51.7329],[19.49079,51.73293],[19.49126,51.73295],[19.49162,51.73295],[19.49183,51.73299],[19.4936,51.73305],[19.49387,51.73304],[19.49937,51.73651],[19.50209,51.73626],[19.50279,51.73617],[19.50362,51.73608],[19.50517,51.73599],[19.50628,51.73589],[19.50729,51.7357],[19.51015,51.73554],[19.51017,51.73561],[19.51026,51.73592],[19.51033,51.73621],[19.51031,51.73632],[19.51016,51.73659],[19.50964,51.7366]]},"properties":{"line":"N6","dir":"1","mode":"bus"}},{"type":"Feature","geometry":{"type":"LineString","coordinates":[[19.38265,51.74236],[19.38299,51.74172],[19.38406,51.73991],[19.38418,51.73985],[19.38601,51.73732],[19.38739,51.73718],[19.38812,51.73711],[19.38871,51.73712],[19.38926,51.73681],[19.3898,51.73661],[19.39123,51.73683],[19.3913,51.73689],[19.39227,51.73716],[19.39421,51.73767],[19.39617,51.73828],[19.3965,51.73836],[19.39801,51.7388],[19.3981,51.7388],[19.39816,51.73885],[19.39919,51.73917],[19.39974,51.7393],[19.40027,51.73954],[19.40204,51.74026],[19.4036,51.74077],[19.40499,51.74113],[19.40626,51.74134],[19.40637,51.74132],[19.4065,51.7414],[19.40693,51.74144],[19.40791,51.74158],[19.40813,51.7416],[19.40916,51.7417],[19.40965,51.7418],[19.40994,51.74185],[19.41081,51.74203],[19.41226,51.74248],[19.41363,51.74283],[19.41528,51.74303],[19.4161,51.74328],[19.4163,51.74339],[19.41648,51.74348],[19.4166,51.7436],[19.41735,51.74418],[19.41791,51.74457],[19.41856,51.74495],[19.41922,51.74526],[19.41968,51.74521],[19.42002,51.74511],[19.42036,51.74485],[19.4208,51.74423],[19.4212,51.74358],[19.42142,51.74256],[19.4216,51.74238],[19.42182,51.74233],[19.42211,51.74235],[19.42228,51.74245],[19.42228,51.74271],[19.42207,51.74295],[19.42245,51.74303],[19.4227,51.74303],[19.4231,51.74303],[19.42668,51.74317],[19.42672,51.74317],[19.42678,51.74317],[19.42698,51.74319],[19.42709,51.7432],[19.42727,51.74321],[19.42738,51.74331],[19.42743,51.74338],[19.42744,51.74342],[19.42747,51.74342],[19.42752,51.74365],[19.4276,51.74472],[19.42766,51.74574],[19.42773,51.7459],[19.42776,51.74599],[19.4278,51.74605],[19.42786,51.7461],[19.42795,51.74619],[19.42808,51.74626],[19.42819,51.74628],[19.42838,51.74634],[19.42859,51.74637],[19.42884,51.74641],[19.42906,51.74642],[19.42925,51.74642],[19.42955,51.74641],[19.43019,51.74637],[19.43053,51.74635],[19.43065,51.74635],[19.43068,51.74628],[19.43293,51.7461],[19.43423,51.74564],[19.4346,51.74502],[19.43431,51.7418],[19.43324,51.74178],[19.42621,51.74144],[19.42607,51.74142],[19.42598,51.74141],[19.42587,51.74137],[19.4258,51.74133],[19.42575,51.74129],[19.42568,51.74122],[19.42564,51.74115],[19.42561,51.74108],[19.42558,51.74096],[19.42557,51.74072],[19.42551,51.74018],[19.42543,51.73962],[19.42518,51.73813],[19.4253,51.73791],[19.42523,51.73773],[19.42588,51.73752],[19.4263,51.73739],[19.42645,51.73734],[19.42655,51.73732],[19.42678,51.73723],[19.42734,51.73721],[19.42757,51.73721],[19.42936,51.73705],[19.43096,51.73698],[19.43223,51.73689],[19.43315,51.73683],[19.43381,51.73679],[19.43389,51.73675],[19.43399,51.73671],[19.43413,51.73672],[19.43419,51.73675],[19.4345,51.73663],[19.43465,51.7366],[19.43487,51.73657],[19.43515,51.73653],[19.4354,51.73651],[19.43565,51.73647],[19.43593,51.73644],[19.43626,51.73644],[19.43657,51.73644],[19.43675,51.73644],[19.43724,51.73642],[19.43743,51.73642],[19.4379,51.73642],[19.43877,51.7364],[19.43982,51.7364],[19.44072,51.73639],[19.44095,51.7364],[19.44203,51.7364],[19.44231,51.7364],[19.44273,51.73639],[19.44385,51.7364],[19.45238,51.73633],[19.45257,51.73462],[19.4542,51.73469],[19.45618,51.73428],[19.45623,51.73407],[19.45411,51.73247],[19.45391,51.73218],[19.4538,51.73209],[19.45373,51.73203],[19.45365,51.732],[19.45356,51.73196],[19.45338,51.73192],[19.45329,51.73194],[19.45324,51.73194],[19.45319,51.73196],[19.45315,51.73196],[19.45301,51.73209],[19.45297,51.73212],[19.45292,51.7322],[19.45292,51.73226],[19.45292,51.73239],[19.45292,51.73271],[19.45292,51.73301],[19.45292,51.73301],[19.45296,51.7364],[19.45291,51.73689],[19.45285,51.73714],[19.45279,51.73821],[19.45258,51.73969],[19.45238,51.74024],[19.45226,51.74065],[19.45156,51.74363],[19.45123,51.74506],[19.44998,51.75079],[19.45003,51.75109],[19.4499,51.75128],[19.44976,51.75191],[19.45136,51.75203],[19.45177,51.75207],[19.45288,51.75216],[19.45313,51.75218],[19.45467,51.75229],[19.45507,51.75226],[19.45747,51.75256],[19.45737,51.75326],[19.4573,51.75333],[19.4566,51.75591],[19.45592,51.75897],[19.45567,51.76006],[19.45386,51.76843],[19.45367,51.76941],[19.45336,51.76937],[19.45354,51.76849],[19.44938,51.76813],[19.44897,51.76992],[19.44875,51.77104],[19.44854,51.77202],[19.44841,51.77262],[19.44813,51.77409],[19.45783,51.77494],[19.45849,51.77499],[19.4623,51.77533],[19.46418,51.76953],[19.46699,51.77001],[19.46711,51.77007],[19.46717,51.7701],[19.46717,51.77021],[19.46711,51.77028],[19.4667,51.77137],[19.4667,51.77143],[19.46668,51.77154],[19.46684,51.77154],[19.46837,51.77172],[19.46948,51.77185],[19.4736,51.7722],[19.47483,51.7723],[19.49449,51.77396],[19.49742,51.77466],[19.49814,51.77527],[19.4986,51.77606],[19.49899,51.77734],[19.49421,51.77775],[19.49324,51.77783],[19.48986,51.77814],[19.48919,51.77821],[19.48792,51.77835],[19.48738,51.77841],[19.48335,51.77885],[19.48299,51.77886],[19.48292,51.77889],[19.48286,51.7789],[19.48244,51.77897],[19.48192,51.77903],[19.4818,51.77905],[19.48173,51.77907],[19.48163,51.77915],[19.48168,51.77939],[19.4817,51.77943],[19.48178,51.77958],[19.48182,51.77965],[19.48187,51.77974],[19.48191,51.77981],[19.482,51.77987],[19.48203,51.77992],[19.48217,51.78005],[19.48238,51.78027],[19.48254,51.78041],[19.48265,51.78055],[19.48273,51.78066],[19.48281,51.7808],[19.48282,51.78081],[19.48286,51.78093],[19.48294,51.78108],[19.48298,51.78119],[19.48304,51.78131],[19.48307,51.78142],[19.48308,51.78147],[19.48311,51.78173],[19.48309,51.78192],[19.4831,51.78201],[19.48313,51.78268],[19.48313,51.78327],[19.4832,51.78366],[19.48323,51.78451],[19.4833,51.78531],[19.48332,51.78555],[19.48332,51.78557],[19.48337,51.78573],[19.48342,51.78591],[19.4835,51.78609],[19.48358,51.78631],[19.48367,51.78646],[19.48379,51.78667],[19.48398,51.78691],[19.4841,51.78707],[19.48423,51.78722],[19.4845,51.78754],[19.48618,51.78944],[19.48833,51.79176],[19.48853,51.79204],[19.48922,51.79226],[19.48988,51.79229],[19.49543,51.79383],[19.49611,51.79405],[19.4968,51.79424],[19.49916,51.79489],[19.50021,51.79518],[19.50109,51.79543],[19.50157,51.79552],[19.50165,51.79558],[19.50262,51.79579],[19.50275,51.79579],[19.50303,51.79587],[19.50309,51.79589],[19.50335,51.79594],[19.50376,51.79599],[19.50404,51.79604],[19.50441,51.79608],[19.50519,51.79615],[19.50635,51.79622],[19.5065,51.79622],[19.50697,51.79626],[19.50713,51.79622],[19.50716,51.79622],[19.5072,51.79622],[19.50724,51.7962],[19.5073,51.7962],[19.50735,51.7962],[19.50748,51.7962],[19.50772,51.7962],[19.50844,51.79622],[19.50938,51.79622],[19.51133,51.79633],[19.51185,51.79633],[19.51291,51.79642],[19.51297,51.79642],[19.51304,51.79642],[19.5131,51.79642],[19.51325,51.79647],[19.51359,51.79649],[19.51423,51.79651],[19.51476,51.79653],[19.51491,51.79653],[19.51511,51.79653],[19.51551,51.79656],[19.51582,51.79656],[19.51624,51.79658],[19.51639,51.79659],[19.51645,51.79659],[19.5165,51.7966],[19.51658,51.7966],[19.51667,51.79665],[19.51673,51.79666],[19.51678,51.79668],[19.51685,51.79668],[19.51694,51.79674],[19.51701,51.79676],[19.51782,51.79678],[19.5187,51.79682],[19.51922,51.79684],[19.51955,51.79684],[19.51985,51.79683],[19.52014,51.79682],[19.52048,51.7968],[19.52061,51.79678],[19.5211,51.79676],[19.52223,51.79668],[19.52251,51.79666],[19.52409,51.79658],[19.52419,51.79657],[19.52448,51.79653],[19.52473,51.79653],[19.52494,51.79651],[19.52525,51.79648],[19.52569,51.79642],[19.52578,51.79642],[19.52621,51.79639],[19.5263,51.79639],[19.52649,51.79637],[19.52705,51.79632],[19.5278,51.79622],[19.52792,51.79622],[19.52818,51.79622],[19.52872,51.7962],[19.52881,51.7962],[19.52921,51.79615],[19.52971,51.79615],[19.53009,51.79615],[19.53014,51.79615],[19.53076,51.79612],[19.53256,51.79605],[19.5334,51.79599],[19.53406,51.79599],[19.53465,51.79596],[19.53687,51.79596],[19.54046,51.79597],[19.54619,51.79599],[19.54695,51.79599],[19.54723,51.79599],[19.54915,51.79599],[19.54936,51.79599],[19.55036,51.79597],[19.55292,51.79597],[19.55758,51.7959],[19.56511,51.79542],[19.56599,51.79534],[19.56603,51.79534],[19.56602,51.79527],[19.56913,51.79515],[19.57003,51.79509],[19.57093,51.79504],[19.57273,51.79491],[19.57374,51.79486],[19.57527,51.79476],[19.57526,51.79469],[19.57618,51.79471],[19.57877,51.79455],[19.57895,51.79453],[19.5828,51.79428],[19.58286,51.79428],[19.58872,51.7939],[19.58895,51.79379],[19.58908,51.79372],[19.58911,51.79371]]},"properties":{"line":"N7A","dir":"0","mode":"bus"}},{"type":"Feature","geometry":{"type":"LineString","coordinates":[[19.58908,51.7937],[19.58913,51.7937],[19.58921,51.79365],[19.58927,51.79365],[19.58933,51.79365],[19.58939,51.79363],[19.58965,51.79364],[19.58996,51.79365],[19.58983,51.79375],[19.58982,51.79378],[19.58979,51.79379],[19.58978,51.79383],[19.58968,51.79385],[19.58927,51.79387],[19.58913,51.79387],[19.58871,51.7939],[19.58286,51.79428],[19.5828,51.79428],[19.57895,51.79453],[19.57876,51.79455],[19.57618,51.79471],[19.57374,51.79486],[19.57338,51.79488],[19.57339,51.79495],[19.57273,51.79491],[19.57093,51.79504],[19.57003,51.79509],[19.56913,51.79515],[19.56599,51.79534],[19.56511,51.79542],[19.56417,51.79548],[19.56417,51.79552],[19.5574,51.79588],[19.55292,51.79597],[19.55036,51.79597],[19.54915,51.79599],[19.54842,51.79599],[19.54842,51.79606],[19.54723,51.79599],[19.54693,51.79599],[19.54619,51.79599],[19.54046,51.79597],[19.53687,51.79596],[19.53562,51.79596],[19.53343,51.79602],[19.53256,51.79605],[19.53076,51.79612],[19.53014,51.79615],[19.53009,51.79615],[19.52927,51.7962],[19.52705,51.79632],[19.52649,51.79637],[19.5263,51.79639],[19.52423,51.79659],[19.52373,51.79661],[19.5231,51.79668],[19.52272,51.79666],[19.52255,51.79666],[19.52223,51.79668],[19.52169,51.79668],[19.5211,51.79676],[19.52061,51.79678],[19.52048,51.7968],[19.52014,51.79682],[19.51985,51.79683],[19.51955,51.79684],[19.51922,51.79684],[19.5187,51.79682],[19.51782,51.79678],[19.51701,51.79676],[19.51659,51.79675],[19.51612,51.79673],[19.51569,51.79668],[19.5153,51.79668],[19.51509,51.79668],[19.5149,51.79669],[19.51398,51.79665],[19.51312,51.7966],[19.51128,51.79656],[19.51023,51.79653],[19.50966,51.79651],[19.50866,51.79647],[19.50791,51.79642],[19.50662,51.79639],[19.50579,51.79637],[19.50504,51.79631],[19.50468,51.79622],[19.50429,51.79622],[19.50353,51.79611],[19.50299,51.79603],[19.50275,51.79599],[19.50252,51.79595],[19.50196,51.79579],[19.50178,51.79577],[19.50133,51.79567],[19.50113,51.79561],[19.49974,51.79525],[19.49933,51.79513],[19.49833,51.79485],[19.49783,51.79472],[19.4974,51.79455],[19.49652,51.79435],[19.49644,51.79433],[19.49547,51.79407],[19.49523,51.79399],[19.49501,51.7939],[19.49434,51.79365],[19.49261,51.79317],[19.49145,51.79278],[19.4895,51.79235],[19.48834,51.79218],[19.48773,51.79151],[19.48636,51.79007],[19.4843,51.78759],[19.48393,51.78734],[19.48329,51.78614],[19.48304,51.78534],[19.48289,51.78219],[19.48286,51.78153],[19.48265,51.78091],[19.48229,51.78044],[19.48157,51.77977],[19.48122,51.77948],[19.48111,51.77882],[19.48158,51.77892],[19.48241,51.77888],[19.48539,51.77859],[19.48557,51.77858],[19.48768,51.77835],[19.48876,51.77823],[19.48977,51.77812],[19.49383,51.77774],[19.49583,51.77762],[19.49667,51.77751],[19.49899,51.77734],[19.49853,51.77606],[19.49815,51.77533],[19.49789,51.77508],[19.49775,51.77483],[19.49667,51.77454],[19.49443,51.77407],[19.49179,51.77383],[19.48929,51.77363],[19.4844,51.77317],[19.48284,51.77308],[19.48232,51.77497],[19.47587,51.77447],[19.47544,51.77441],[19.47533,51.77429],[19.47422,51.77332],[19.47312,51.7725],[19.47297,51.77232],[19.47286,51.77217],[19.46686,51.77158],[19.46672,51.77155],[19.4667,51.77146],[19.46716,51.7703],[19.46721,51.77028],[19.46726,51.77026],[19.46727,51.77024],[19.46724,51.77022],[19.46715,51.77021],[19.46705,51.77017],[19.46699,51.77013],[19.46696,51.77009],[19.4669,51.77004],[19.46684,51.77001],[19.46561,51.76979],[19.46556,51.76977],[19.46549,51.76978],[19.46539,51.76979],[19.46529,51.76981],[19.46521,51.76981],[19.46514,51.76981],[19.46489,51.76981],[19.46483,51.76981],[19.46474,51.76979],[19.46431,51.76971],[19.46426,51.7697],[19.4642,51.76971],[19.46415,51.76971],[19.46407,51.76974],[19.46403,51.76976],[19.46339,51.77103],[19.46339,51.77108],[19.46343,51.77109],[19.46591,51.77131],[19.46615,51.77133],[19.46641,51.77138],[19.46651,51.77144],[19.46669,51.77157],[19.46623,51.77353],[19.46624,51.77357],[19.46625,51.77362],[19.45119,51.77228],[19.45207,51.76837],[19.45356,51.76849],[19.45573,51.75854],[19.45634,51.75575],[19.45645,51.75525],[19.45691,51.75307],[19.45703,51.75295],[19.45712,51.75253],[19.45621,51.75246],[19.45129,51.75206],[19.44931,51.75186],[19.45102,51.74418],[19.45117,51.74375],[19.45137,51.74303],[19.45222,51.73909],[19.45234,51.73886],[19.45257,51.73766],[19.45257,51.73462],[19.4542,51.73469],[19.45618,51.73428],[19.45623,51.73407],[19.45411,51.73247],[19.45391,51.73218],[19.4538,51.73209],[19.45373,51.73203],[19.45365,51.732],[19.45356,51.73196],[19.45338,51.73192],[19.45329,51.73194],[19.45324,51.73194],[19.45319,51.73196],[19.45315,51.73196],[19.45301,51.73209],[19.45297,51.73212],[19.45292,51.7322],[19.45292,51.73226],[19.45292,51.73239],[19.45292,51.73271],[19.45292,51.73301],[19.45292,51.73301],[19.45292,51.73301],[19.45289,51.73391],[19.45288,51.73455],[19.45289,51.73464],[19.45288,51.73497],[19.45287,51.73527],[19.45287,51.73536],[19.45289,51.7355],[19.45289,51.73554],[19.45291,51.73572],[19.45297,51.73611],[19.45297,51.73631],[19.45296,51.7364],[19.45275,51.73639],[19.4527,51.73639],[19.45247,51.73639],[19.45205,51.7364],[19.45177,51.73642],[19.4495,51.73641],[19.44935,51.73645],[19.44866,51.7365],[19.44751,51.73652],[19.44654,51.73652],[19.4407,51.73652],[19.43955,51.7365],[19.438,51.73655],[19.43425,51.73685],[19.43421,51.73693],[19.43405,51.737],[19.43396,51.73719],[19.43428,51.74153],[19.43428,51.7418],[19.43433,51.74214],[19.43438,51.74259],[19.43442,51.74329],[19.4345,51.74411],[19.43456,51.74498],[19.43459,51.74522],[19.43459,51.74527],[19.43459,51.74531],[19.43458,51.74535],[19.43456,51.74536],[19.43453,51.74538],[19.4345,51.74547],[19.43444,51.7455],[19.4344,51.74554],[19.43432,51.74556],[19.43415,51.74565],[19.43406,51.74572],[19.43396,51.74574],[19.43377,51.74581],[19.43342,51.74593],[19.43273,51.74617],[19.43259,51.74619],[19.43237,51.74625],[19.43221,51.74627],[19.43207,51.74628],[19.43151,51.74636],[19.42914,51.74644],[19.42859,51.74637],[19.42805,51.74626],[19.42785,51.7461],[19.4277,51.74591],[19.42766,51.74536],[19.42748,51.74357],[19.42728,51.74322],[19.42652,51.74321],[19.42645,51.74324],[19.42638,51.7432],[19.42401,51.74312],[19.42304,51.74309],[19.42251,51.74319],[19.42205,51.74333],[19.4216,51.74358],[19.42072,51.7447],[19.42034,51.7453],[19.41979,51.74625],[19.41935,51.74723],[19.41891,51.74822],[19.41867,51.7483],[19.41829,51.74827],[19.41928,51.74602],[19.41931,51.74586],[19.41931,51.74572],[19.41921,51.74559],[19.41799,51.74482],[19.41696,51.7443],[19.41594,51.74402],[19.41525,51.74375],[19.41473,51.74348],[19.4141,51.7431],[19.41179,51.74243],[19.41112,51.74213],[19.41073,51.74202],[19.41043,51.74195],[19.40994,51.74185],[19.40965,51.7418],[19.40937,51.74177],[19.40916,51.74173],[19.40893,51.74171],[19.40784,51.74162],[19.40699,51.74153],[19.40656,51.7415],[19.40636,51.74144],[19.40605,51.74142],[19.40559,51.74133],[19.40531,51.74128],[19.40515,51.74125],[19.40485,51.74115],[19.40424,51.74099],[19.40406,51.74095],[19.40402,51.74099],[19.40358,51.74081],[19.40299,51.74063],[19.40245,51.74045],[19.4021,51.74034],[19.40107,51.73993],[19.40102,51.73991],[19.40041,51.73964],[19.39979,51.7394],[19.39951,51.7393],[19.39908,51.73919],[19.39783,51.7388],[19.39745,51.73872],[19.39722,51.73864],[19.39642,51.73839],[19.39613,51.7383],[19.39416,51.73774],[19.39226,51.73716],[19.39142,51.73696],[19.39082,51.73678],[19.39049,51.73675],[19.39046,51.73678],[19.39023,51.73669],[19.38984,51.73664],[19.38976,51.73663],[19.38944,51.73674],[19.38929,51.73678],[19.38923,51.73685],[19.38913,51.73689],[19.38903,51.73696],[19.38894,51.73703],[19.3888,51.73712],[19.38832,51.73713],[19.38814,51.73714],[19.38802,51.73714],[19.38784,51.73716],[19.38717,51.73721],[19.3861,51.73734],[19.38601,51.73732],[19.38563,51.73792],[19.38468,51.73927],[19.3841,51.74008],[19.38407,51.74024],[19.38353,51.7412],[19.38369,51.74146],[19.3841,51.74175],[19.38476,51.7422],[19.38479,51.74226],[19.38474,51.74235],[19.38398,51.74239]]},"properties":{"line":"N7A","dir":"1","mode":"bus"}},{"type":"Feature","geometry":{"type":"LineString","coordinates":[[19.38265,51.74236],[19.38299,51.74172],[19.38406,51.73991],[19.38418,51.73985],[19.38601,51.73732],[19.38739,51.73718],[19.38812,51.73711],[19.38871,51.73712],[19.38926,51.73681],[19.3898,51.73661],[19.39123,51.73683],[19.3913,51.73689],[19.39227,51.73716],[19.39421,51.73767],[19.39617,51.73828],[19.3965,51.73836],[19.39801,51.7388],[19.3981,51.7388],[19.39816,51.73885],[19.39919,51.73917],[19.39974,51.7393],[19.40027,51.73954],[19.40204,51.74026],[19.4036,51.74077],[19.40499,51.74113],[19.40626,51.74134],[19.40637,51.74132],[19.4065,51.7414],[19.40693,51.74144],[19.40791,51.74158],[19.40813,51.7416],[19.40916,51.7417],[19.40965,51.7418],[19.40994,51.74185],[19.41081,51.74203],[19.41226,51.74248],[19.41363,51.74283],[19.41528,51.74303],[19.4161,51.74328],[19.4163,51.74339],[19.41648,51.74348],[19.4166,51.7436],[19.41735,51.74418],[19.41791,51.74457],[19.41856,51.74495],[19.41922,51.74526],[19.41968,51.74521],[19.42002,51.74511],[19.42036,51.74485],[19.4208,51.74423],[19.4212,51.74358],[19.42142,51.74256],[19.4216,51.74238],[19.42182,51.74233],[19.42211,51.74235],[19.42228,51.74245],[19.42228,51.74271],[19.42207,51.74295],[19.42245,51.74303],[19.4227,51.74303],[19.4231,51.74303],[19.42668,51.74317],[19.42672,51.74317],[19.42678,51.74317],[19.42698,51.74319],[19.42709,51.7432],[19.42727,51.74321],[19.42738,51.74331],[19.42743,51.74338],[19.42744,51.74342],[19.42747,51.74342],[19.42752,51.74365],[19.4276,51.74472],[19.42766,51.74574],[19.42773,51.7459],[19.42776,51.74599],[19.4278,51.74605],[19.42786,51.7461],[19.42795,51.74619],[19.42808,51.74626],[19.42819,51.74628],[19.42838,51.74634],[19.42859,51.74637],[19.42884,51.74641],[19.42906,51.74642],[19.42925,51.74642],[19.42955,51.74641],[19.43019,51.74637],[19.43053,51.74635],[19.43065,51.74635],[19.43068,51.74628],[19.43293,51.7461],[19.43423,51.74564],[19.4346,51.74502],[19.43431,51.7418],[19.43324,51.74178],[19.42621,51.74144],[19.42607,51.74142],[19.42598,51.74141],[19.42587,51.74137],[19.4258,51.74133],[19.42575,51.74129],[19.42568,51.74122],[19.42564,51.74115],[19.42561,51.74108],[19.42558,51.74096],[19.42557,51.74072],[19.42551,51.74018],[19.42543,51.73962],[19.42518,51.73813],[19.4253,51.73791],[19.42523,51.73773],[19.42588,51.73752],[19.4263,51.73739],[19.42645,51.73734],[19.42655,51.73732],[19.42678,51.73723],[19.42734,51.73721],[19.42757,51.73721],[19.42936,51.73705],[19.43096,51.73698],[19.43223,51.73689],[19.43315,51.73683],[19.43381,51.73679],[19.43389,51.73675],[19.43399,51.73671],[19.43413,51.73672],[19.43419,51.73675],[19.4345,51.73663],[19.43465,51.7366],[19.43487,51.73657],[19.43515,51.73653],[19.4354,51.73651],[19.43565,51.73647],[19.43593,51.73644],[19.43626,51.73644],[19.43657,51.73644],[19.43675,51.73644],[19.43724,51.73642],[19.43743,51.73642],[19.4379,51.73642],[19.43877,51.7364],[19.43982,51.7364],[19.44072,51.73639],[19.44095,51.7364],[19.44203,51.7364],[19.44231,51.7364],[19.44273,51.73639],[19.44385,51.7364],[19.45238,51.73633],[19.45257,51.73462],[19.4542,51.73469],[19.45618,51.73428],[19.45623,51.73407],[19.45411,51.73247],[19.45391,51.73218],[19.4538,51.73209],[19.45373,51.73203],[19.45365,51.732],[19.45356,51.73196],[19.45338,51.73192],[19.45329,51.73194],[19.45324,51.73194],[19.45319,51.73196],[19.45315,51.73196],[19.45301,51.73209],[19.45297,51.73212],[19.45292,51.7322],[19.45292,51.73226],[19.45292,51.73239],[19.45292,51.73271],[19.45292,51.73301],[19.45292,51.73301],[19.45296,51.7364],[19.45291,51.73689],[19.45285,51.73714],[19.45279,51.73821],[19.45258,51.73969],[19.45238,51.74024],[19.45226,51.74065],[19.45156,51.74363],[19.45123,51.74506],[19.44998,51.75079],[19.45003,51.75109],[19.4499,51.75128],[19.44976,51.75191],[19.45136,51.75203],[19.45177,51.75207],[19.45288,51.75216],[19.45313,51.75218],[19.45467,51.75229],[19.45507,51.75226],[19.45747,51.75256],[19.45737,51.75326],[19.4573,51.75333],[19.4566,51.75591],[19.45592,51.75897],[19.45567,51.76006],[19.45386,51.76843],[19.45367,51.76941],[19.45336,51.76937],[19.45354,51.76849],[19.44938,51.76813],[19.44897,51.76992],[19.44875,51.77104],[19.44854,51.77202],[19.44841,51.77262],[19.44813,51.77409],[19.45783,51.77494],[19.45849,51.77499],[19.4623,51.77533],[19.46418,51.76953],[19.46699,51.77001],[19.46711,51.77007],[19.46717,51.7701],[19.46717,51.77021],[19.46711,51.77028],[19.4667,51.77137],[19.4667,51.77143],[19.46668,51.77154],[19.46684,51.77154],[19.46837,51.77172],[19.46948,51.77185],[19.4736,51.7722],[19.47483,51.7723],[19.49449,51.77396],[19.49742,51.77466],[19.49814,51.77527],[19.4986,51.77606],[19.49899,51.77734],[19.49421,51.77775],[19.49324,51.77783],[19.48986,51.77814],[19.48919,51.77821],[19.48792,51.77835],[19.48738,51.77841],[19.48335,51.77885],[19.48299,51.77886],[19.48292,51.77889],[19.48286,51.7789],[19.48244,51.77897],[19.48192,51.77903],[19.4818,51.77905],[19.48173,51.77907],[19.48163,51.77915],[19.48168,51.77939],[19.4817,51.77943],[19.48178,51.77958],[19.48182,51.77965],[19.48187,51.77974],[19.48191,51.77981],[19.482,51.77987],[19.48203,51.77992],[19.48217,51.78005],[19.48238,51.78027],[19.48254,51.78041],[19.48265,51.78055],[19.48273,51.78066],[19.48281,51.7808],[19.48282,51.78081],[19.48286,51.78093],[19.48294,51.78108],[19.48298,51.78119],[19.48304,51.78131],[19.48307,51.78142],[19.48308,51.78147],[19.48311,51.78173],[19.48309,51.78192],[19.4831,51.78201],[19.48313,51.78268],[19.48313,51.78327],[19.4832,51.78366],[19.48323,51.78451],[19.4833,51.78531],[19.48332,51.78555],[19.48332,51.78557],[19.48337,51.78573],[19.48342,51.78591],[19.4835,51.78609],[19.48358,51.78631],[19.48367,51.78646],[19.48379,51.78667],[19.48398,51.78691],[19.4841,51.78707],[19.48423,51.78722],[19.4845,51.78754],[19.48618,51.78944],[19.48833,51.79176],[19.48853,51.79204],[19.48922,51.79226],[19.48988,51.79229],[19.49543,51.79383],[19.49611,51.79405],[19.4968,51.79424],[19.49916,51.79489],[19.50021,51.79518],[19.50109,51.79543],[19.50157,51.79552],[19.50165,51.79558],[19.50262,51.79579],[19.50275,51.79579],[19.50303,51.79587],[19.50309,51.79589],[19.50335,51.79594],[19.50376,51.79599],[19.50404,51.79604],[19.50441,51.79608],[19.50519,51.79615],[19.50635,51.79622],[19.5065,51.79622],[19.50697,51.79626],[19.50713,51.79622],[19.50716,51.79622],[19.5072,51.79622],[19.50724,51.7962],[19.5073,51.7962],[19.50735,51.7962],[19.50748,51.7962],[19.50772,51.7962],[19.50844,51.79622],[19.50938,51.79622],[19.51133,51.79633],[19.51185,51.79633],[19.51291,51.79642],[19.51297,51.79642],[19.51304,51.79642],[19.5131,51.79642],[19.51325,51.79647],[19.51359,51.79649],[19.51423,51.79651],[19.51476,51.79653],[19.51491,51.79653],[19.51511,51.79653],[19.51551,51.79656],[19.51582,51.79656],[19.51624,51.79658],[19.51639,51.79659],[19.51645,51.79659],[19.5165,51.7966],[19.51658,51.7966],[19.51667,51.79665],[19.51673,51.79666],[19.51678,51.79668],[19.51685,51.79668],[19.51694,51.79674],[19.51701,51.79676],[19.51782,51.79678],[19.5187,51.79682],[19.51922,51.79684],[19.51955,51.79684],[19.51985,51.79683],[19.52014,51.79682],[19.52048,51.7968],[19.52061,51.79678],[19.5211,51.79676],[19.52223,51.79668],[19.52353,51.79653],[19.5237,51.7966],[19.52409,51.79658],[19.52419,51.79657],[19.52448,51.79653],[19.52473,51.79654],[19.52471,51.79642],[19.52446,51.79527],[19.52415,51.79397],[19.52415,51.79392],[19.52414,51.79383],[19.5241,51.79365],[19.52398,51.79315],[19.52387,51.79272],[19.52384,51.79255],[19.52384,51.79254],[19.52384,51.79245],[19.52384,51.79239],[19.52374,51.79239],[19.52384,51.79239],[19.52387,51.79238],[19.5239,51.79229],[19.52394,51.79229],[19.52396,51.79226],[19.52405,51.79217],[19.52429,51.79216],[19.52424,51.792],[19.52427,51.79196],[19.5243,51.79192],[19.5243,51.79187],[19.5243,51.79182],[19.52428,51.79169],[19.52423,51.79144],[19.52415,51.79112],[19.52395,51.78994],[19.52392,51.7898],[19.52383,51.78926],[19.52377,51.78899],[19.5237,51.78869],[19.52367,51.78851],[19.52359,51.78809],[19.52347,51.78776],[19.52339,51.78745],[19.52283,51.78683],[19.52272,51.78539],[19.52235,51.7832],[19.52061,51.78339],[19.51988,51.78325],[19.51894,51.78309],[19.51777,51.78285],[19.51661,51.78261],[19.51511,51.78234],[19.51511,51.78233],[19.51189,51.78202],[19.5095,51.78225]]},"properties":{"line":"N7B","dir":"0","mode":"bus"}},{"type":"Feature","geometry":{"type":"LineString","coordinates":[[19.50963,51.78317],[19.5095,51.78223],[19.51154,51.78205],[19.5154,51.78236],[19.51652,51.78261],[19.52016,51.78332],[19.52043,51.78336],[19.52073,51.78336],[19.52108,51.78329],[19.52235,51.7832],[19.52269,51.78525],[19.52287,51.7867],[19.52318,51.78724],[19.52344,51.7874],[19.52368,51.78789],[19.52359,51.78809],[19.52367,51.78851],[19.5237,51.78869],[19.52377,51.78899],[19.52383,51.78926],[19.52392,51.7898],[19.52395,51.78994],[19.52415,51.79112],[19.52423,51.79144],[19.52428,51.79169],[19.5243,51.79182],[19.5243,51.79187],[19.52437,51.79199],[19.52424,51.792],[19.5242,51.79205],[19.52405,51.79217],[19.52396,51.79226],[19.52394,51.79229],[19.5239,51.79229],[19.52387,51.79238],[19.52384,51.79239],[19.52384,51.79245],[19.52384,51.79254],[19.52384,51.79255],[19.52387,51.79272],[19.52398,51.79315],[19.5241,51.79365],[19.52414,51.79383],[19.52415,51.79392],[19.52415,51.79397],[19.52446,51.79527],[19.52471,51.79642],[19.52473,51.79654],[19.52448,51.79653],[19.52419,51.79657],[19.52409,51.79658],[19.5237,51.7966],[19.52329,51.7966],[19.52328,51.7966],[19.52309,51.7966],[19.5231,51.79668],[19.52272,51.79666],[19.52255,51.79666],[19.52223,51.79668],[19.52169,51.79668],[19.5211,51.79676],[19.52061,51.79678],[19.52048,51.7968],[19.52014,51.79682],[19.51985,51.79683],[19.51955,51.79684],[19.51922,51.79684],[19.5187,51.79682],[19.51782,51.79678],[19.51701,51.79676],[19.51659,51.79675],[19.51612,51.79673],[19.51569,51.79668],[19.5153,51.79668],[19.51509,51.79668],[19.5149,51.79669],[19.51398,51.79665],[19.51312,51.7966],[19.51128,51.79656],[19.51023,51.79653],[19.50966,51.79651],[19.50866,51.79647],[19.50791,51.79642],[19.50662,51.79639],[19.50579,51.79637],[19.50504,51.79631],[19.50468,51.79622],[19.50429,51.79622],[19.50353,51.79611],[19.50299,51.79603],[19.50275,51.79599],[19.50252,51.79595],[19.50196,51.79579],[19.50178,51.79577],[19.50133,51.79567],[19.50113,51.79561],[19.49974,51.79525],[19.49933,51.79513],[19.49833,51.79485],[19.49783,51.79472],[19.4974,51.79455],[19.49652,51.79435],[19.49644,51.79433],[19.49547,51.79407],[19.49523,51.79399],[19.49501,51.7939],[19.49434,51.79365],[19.49261,51.79317],[19.49145,51.79278],[19.4895,51.79235],[19.48834,51.79218],[19.48773,51.79151],[19.48636,51.79007],[19.4843,51.78759],[19.48393,51.78734],[19.48329,51.78614],[19.48304,51.78534],[19.48289,51.78219],[19.48286,51.78153],[19.48265,51.78091],[19.48229,51.78044],[19.48157,51.77977],[19.48122,51.77948],[19.48111,51.77882],[19.48158,51.77892],[19.48241,51.77888],[19.48539,51.77859],[19.48557,51.77858],[19.48768,51.77835],[19.48876,51.77823],[19.48977,51.77812],[19.49383,51.77774],[19.49583,51.77762],[19.49667,51.77751],[19.49899,51.77734],[19.49853,51.77606],[19.49815,51.77533],[19.49789,51.77508],[19.49775,51.77483],[19.49667,51.77454],[19.49443,51.77407],[19.49179,51.77383],[19.48929,51.77363],[19.4844,51.77317],[19.48284,51.77308],[19.48232,51.77497],[19.47587,51.77447],[19.47544,51.77441],[19.47533,51.77429],[19.47422,51.77332],[19.47312,51.7725],[19.47297,51.77232],[19.47286,51.77217],[19.46686,51.77158],[19.46672,51.77155],[19.4667,51.77146],[19.46716,51.7703],[19.46721,51.77028],[19.46726,51.77026],[19.46727,51.77024],[19.46724,51.77022],[19.46715,51.77021],[19.46705,51.77017],[19.46699,51.77013],[19.46696,51.77009],[19.4669,51.77004],[19.46684,51.77001],[19.46561,51.76979],[19.46556,51.76977],[19.46549,51.76978],[19.46539,51.76979],[19.46529,51.76981],[19.46521,51.76981],[19.46514,51.76981],[19.46489,51.76981],[19.46483,51.76981],[19.46474,51.76979],[19.46431,51.76971],[19.46426,51.7697],[19.4642,51.76971],[19.46415,51.76971],[19.46407,51.76974],[19.46403,51.76976],[19.46339,51.77103],[19.46339,51.77108],[19.46343,51.77109],[19.46591,51.77131],[19.46615,51.77133],[19.46641,51.77138],[19.46651,51.77144],[19.46669,51.77157],[19.46623,51.77353],[19.46624,51.77357],[19.46625,51.77362],[19.45119,51.77228],[19.45207,51.76837],[19.45356,51.76849],[19.45573,51.75854],[19.45634,51.75575],[19.45645,51.75525],[19.45691,51.75307],[19.45703,51.75295],[19.45712,51.75253],[19.45621,51.75246],[19.45129,51.75206],[19.44931,51.75186],[19.45102,51.74418],[19.45117,51.74375],[19.45137,51.74303],[19.45222,51.73909],[19.45234,51.73886],[19.45257,51.73766],[19.45257,51.73462],[19.4542,51.73469],[19.45618,51.73428],[19.45623,51.73407],[19.45411,51.73247],[19.45391,51.73218],[19.4538,51.73209],[19.45373,51.73203],[19.45365,51.732],[19.45356,51.73196],[19.45338,51.73192],[19.45329,51.73194],[19.45324,51.73194],[19.45319,51.73196],[19.45315,51.73196],[19.45301,51.73209],[19.45297,51.73212],[19.45292,51.7322],[19.45292,51.73226],[19.45292,51.73239],[19.45292,51.73271],[19.45292,51.73301],[19.45292,51.73301],[19.45292,51.73301],[19.45289,51.73391],[19.45288,51.73455],[19.45289,51.73464],[19.45288,51.73497],[19.45287,51.73527],[19.45287,51.73536],[19.45289,51.7355],[19.45289,51.73554],[19.45291,51.73572],[19.45297,51.73611],[19.45297,51.73631],[19.45296,51.7364],[19.45275,51.73639],[19.4527,51.73639],[19.45247,51.73639],[19.45205,51.7364],[19.45177,51.73642],[19.4495,51.73641],[19.44935,51.73645],[19.44866,51.7365],[19.44751,51.73652],[19.44654,51.73652],[19.4407,51.73652],[19.43955,51.7365],[19.438,51.73655],[19.43425,51.73685],[19.43421,51.73693],[19.43405,51.737],[19.43396,51.73719],[19.43428,51.74153],[19.43428,51.7418],[19.43433,51.74214],[19.43438,51.74259],[19.43442,51.74329],[19.4345,51.74411],[19.43456,51.74498],[19.43459,51.74522],[19.43459,51.74527],[19.43459,51.74531],[19.43458,51.74535],[19.43456,51.74536],[19.43453,51.74538],[19.4345,51.74547],[19.43444,51.7455],[19.4344,51.74554],[19.43432,51.74556],[19.43415,51.74565],[19.43406,51.74572],[19.43396,51.74574],[19.43377,51.74581],[19.43342,51.74593],[19.43273,51.74617],[19.43259,51.74619],[19.43237,51.74625],[19.43221,51.74627],[19.43207,51.74628],[19.43151,51.74636],[19.42914,51.74644],[19.42859,51.74637],[19.42805,51.74626],[19.42785,51.7461],[19.4277,51.74591],[19.42766,51.74536],[19.42748,51.74357],[19.42728,51.74322],[19.42652,51.74321],[19.42645,51.74324],[19.42638,51.7432],[19.42401,51.74312],[19.42304,51.74309],[19.42251,51.74319],[19.42205,51.74333],[19.4216,51.74358],[19.42072,51.7447],[19.42034,51.7453],[19.41979,51.74625],[19.41935,51.74723],[19.41891,51.74822],[19.41867,51.7483],[19.41829,51.74827],[19.41928,51.74602],[19.41931,51.74586],[19.41931,51.74572],[19.41921,51.74559],[19.41799,51.74482],[19.41696,51.7443],[19.41594,51.74402],[19.41525,51.74375],[19.41473,51.74348],[19.4141,51.7431],[19.41179,51.74243],[19.41112,51.74213],[19.41073,51.74202],[19.41043,51.74195],[19.40994,51.74185],[19.40965,51.7418],[19.40937,51.74177],[19.40916,51.74173],[19.40893,51.74171],[19.40784,51.74162],[19.40699,51.74153],[19.40656,51.7415],[19.40636,51.74144],[19.40605,51.74142],[19.40559,51.74133],[19.40531,51.74128],[19.40515,51.74125],[19.40485,51.74115],[19.40424,51.74099],[19.40406,51.74095],[19.40402,51.74099],[19.40358,51.74081],[19.40299,51.74063],[19.40245,51.74045],[19.4021,51.74034],[19.40107,51.73993],[19.40102,51.73991],[19.40041,51.73964],[19.39979,51.7394],[19.39951,51.7393],[19.39908,51.73919],[19.39783,51.7388],[19.39745,51.73872],[19.39722,51.73864],[19.39642,51.73839],[19.39613,51.7383],[19.39416,51.73774],[19.39226,51.73716],[19.39142,51.73696],[19.39082,51.73678],[19.39049,51.73675],[19.39046,51.73678],[19.39023,51.73669],[19.38984,51.73664],[19.38976,51.73663],[19.38944,51.73674],[19.38929,51.73678],[19.38923,51.73685],[19.38913,51.73689],[19.38903,51.73696],[19.38894,51.73703],[19.3888,51.73712],[19.38832,51.73713],[19.38814,51.73714],[19.38802,51.73714],[19.38784,51.73716],[19.38717,51.73721],[19.3861,51.73734],[19.38601,51.73732],[19.38563,51.73792],[19.38468,51.73927],[19.3841,51.74008],[19.38407,51.74024],[19.38353,51.7412],[19.38369,51.74146],[19.3841,51.74175],[19.38476,51.7422],[19.38479,51.74226],[19.38474,51.74235],[19.38398,51.74239]]},"properties":{"line":"N7B","dir":"1","mode":"bus"}},{"type":"Feature","geometry":{"type":"LineString","coordinates":[[19.51833,51.71286],[19.52072,51.71337],[19.5243,51.71419],[19.52627,51.71461],[19.52767,51.71494],[19.52943,51.71535],[19.53123,51.71578],[19.53259,51.71612],[19.53278,51.71614],[19.53296,51.71616],[19.53311,51.71618],[19.53318,51.71618],[19.53321,51.71617],[19.53325,51.71616],[19.53329,51.71615],[19.53334,51.71614],[19.5334,51.71614],[19.53346,51.71615],[19.5335,51.71617],[19.53353,51.71618],[19.53356,51.7162],[19.53359,51.71622],[19.53361,51.71625],[19.53362,51.71628],[19.53362,51.71631],[19.53362,51.71634],[19.53361,51.71636],[19.53359,51.71638],[19.53356,51.71641],[19.53352,51.71644],[19.53347,51.71646],[19.5334,51.71647],[19.53334,51.71649],[19.5333,51.71651],[19.53328,51.71652],[19.53318,51.71666],[19.53309,51.71669],[19.53299,51.71684],[19.53287,51.71703],[19.52831,51.73496],[19.52653,51.73499],[19.52495,51.73505],[19.52448,51.73507],[19.52404,51.73508],[19.52192,51.73522],[19.52095,51.73527],[19.51839,51.7355],[19.51719,51.73559],[19.51624,51.73568],[19.51586,51.7357],[19.51583,51.73572],[19.51211,51.73597],[19.51118,51.73608],[19.51043,51.73611],[19.51006,51.73613],[19.50976,51.73615],[19.50944,51.73617],[19.50916,51.73617],[19.50875,51.7362],[19.50832,51.7362],[19.50621,51.7362],[19.50561,51.73617],[19.50524,51.73621],[19.50518,51.73612],[19.50518,51.73608],[19.50517,51.73599],[19.50509,51.73534],[19.50466,51.73285],[19.50444,51.73284],[19.50303,51.73241],[19.502,51.73232],[19.50104,51.73232],[19.50046,51.7323],[19.49533,51.73952],[19.49541,51.73993],[19.49538,51.74084],[19.4952,51.74179],[19.49459,51.74384],[19.49327,51.74807],[19.49006,51.74771],[19.48987,51.7478],[19.48976,51.74799],[19.48938,51.74921],[19.4894,51.75049],[19.48942,51.75143],[19.48937,51.75178],[19.48911,51.7518],[19.48845,51.75174],[19.48586,51.75131],[19.47982,51.76747],[19.47338,51.76694],[19.47326,51.76695],[19.47317,51.76716],[19.47319,51.76888],[19.47297,51.77012],[19.4722,51.77016],[19.46841,51.77035],[19.46788,51.77032],[19.46753,51.77026],[19.46727,51.77016],[19.46552,51.76978],[19.46527,51.76982],[19.46493,51.76982],[19.46432,51.76971],[19.46408,51.76961],[19.46443,51.76898],[19.46086,51.76909],[19.46151,51.76594],[19.45447,51.76534]]},"properties":{"line":"N8","dir":"0","mode":"bus"}},{"type":"Feature","geometry":{"type":"LineString","coordinates":[[19.45386,51.76843],[19.45367,51.76941],[19.45336,51.76937],[19.45354,51.76849],[19.44938,51.76813],[19.44897,51.76992],[19.44875,51.77104],[19.44854,51.77202],[19.44841,51.77262],[19.44813,51.77409],[19.45783,51.77494],[19.45849,51.77499],[19.4623,51.77533],[19.46418,51.76953],[19.48191,51.75783],[19.48436,51.75352],[19.48454,51.75336],[19.48586,51.75131],[19.48609,51.75129],[19.48783,51.75154],[19.48836,51.75162],[19.4888,51.75165],[19.48935,51.75167],[19.48933,51.74999],[19.48933,51.74939],[19.48935,51.74913],[19.48946,51.74873],[19.48954,51.74833],[19.48976,51.74765],[19.49251,51.74795],[19.49327,51.74803],[19.49472,51.74317],[19.49524,51.74142],[19.49533,51.74038],[19.49532,51.7397],[19.49435,51.73563],[19.49434,51.73552],[19.49421,51.73499],[19.4941,51.73453],[19.49401,51.73419],[19.49392,51.73402],[19.49393,51.73373],[19.49382,51.73337],[19.49377,51.73325],[19.49376,51.73317],[19.49372,51.73299],[19.49393,51.73289],[19.49407,51.73281],[19.49421,51.73266],[19.4944,51.73256],[19.49447,51.73255],[19.49453,51.73253],[19.49465,51.7325],[19.49486,51.73248],[19.49524,51.73243],[19.49592,51.73235],[19.49649,51.73229],[19.49654,51.73229],[19.49691,51.73227],[19.49701,51.73227],[19.49707,51.73227],[19.4971,51.73227],[19.49818,51.73229],[19.49834,51.73229],[19.49916,51.73229],[19.49986,51.73229],[19.5005,51.73227],[19.50059,51.73227],[19.50189,51.73229],[19.50301,51.73238],[19.50319,51.73239],[19.50338,51.73238],[19.50383,51.73232],[19.50394,51.73232],[19.50456,51.73229],[19.50481,51.7337],[19.50491,51.73426],[19.505,51.73473],[19.50508,51.735],[19.50519,51.73599],[19.50709,51.73581],[19.50793,51.73572],[19.50889,51.73572],[19.51201,51.73572],[19.51226,51.73572],[19.51248,51.73572],[19.51278,51.7357],[19.51301,51.73568],[19.51345,51.73563],[19.5141,51.73559],[19.51522,51.73551],[19.5157,51.73546],[19.51582,51.73546],[19.51998,51.73514],[19.52189,51.73496],[19.52702,51.73467],[19.53704,51.72554],[19.53725,51.7254],[19.5374,51.72512],[19.5376,51.725],[19.53784,51.72454],[19.53823,51.72367],[19.53854,51.72283],[19.53853,51.7226],[19.53843,51.72247],[19.53793,51.7225],[19.53756,51.72249],[19.5323,51.72174],[19.53029,51.72137],[19.52987,51.72139],[19.52976,51.72125],[19.53005,51.72108],[19.53253,51.71751],[19.53306,51.7167],[19.53306,51.71667],[19.53306,51.71662],[19.53309,51.71657],[19.53312,51.71653],[19.53314,51.71649],[19.53315,51.71645],[19.53315,51.71642],[19.53313,51.71639],[19.53311,51.71637],[19.53309,51.71634],[19.53309,51.71631],[19.53306,51.71628],[19.53294,51.71624],[19.53276,51.71619],[19.53264,51.71615],[19.53212,51.71603],[19.53114,51.71581],[19.52911,51.71534],[19.52494,51.71432],[19.52343,51.71402],[19.51903,51.713],[19.51765,51.71279]]},"properties":{"line":"N8","dir":"1","mode":"bus"}},{"type":"Feature","geometry":{"type":"LineString","coordinates":[[19.31344,51.75],[19.31852,51.74895],[19.3195,51.74876],[19.3241,51.74785],[19.38291,51.75369],[19.38487,51.75436],[19.38523,51.75447],[19.38567,51.75453],[19.386,51.75454],[19.38613,51.75449],[19.38631,51.75448],[19.38645,51.75454],[19.38652,51.75467],[19.38654,51.75474],[19.38657,51.7548],[19.38666,51.75487],[19.38689,51.75503],[19.38721,51.7552],[19.4134,51.76441],[19.41528,51.76514],[19.41592,51.76535],[19.41608,51.76543],[19.41632,51.76551],[19.41641,51.76553],[19.41786,51.76605],[19.41913,51.7665],[19.42007,51.76683],[19.42047,51.76697],[19.4209,51.76712],[19.42115,51.76722],[19.42129,51.76724],[19.42138,51.76728],[19.42169,51.7674],[19.42185,51.76748],[19.42192,51.76743],[19.42199,51.76755],[19.4222,51.76766],[19.4225,51.76778],[19.42305,51.76802],[19.42326,51.76808],[19.42354,51.76814],[19.42363,51.76817],[19.4237,51.7682],[19.42473,51.76846],[19.4249,51.76848],[19.42535,51.76859],[19.42575,51.76871],[19.42588,51.76872],[19.42595,51.76873],[19.42615,51.76876],[19.42641,51.76877],[19.42659,51.76877],[19.42774,51.76884],[19.42954,51.7692],[19.43534,51.76865],[19.4372,51.76871],[19.44044,51.76906],[19.44069,51.76918],[19.44836,51.76987],[19.44893,51.76991],[19.44935,51.76815],[19.45349,51.7685]]},"properties":{"line":"N9","dir":"0","mode":"bus"}},{"type":"Feature","geometry":{"type":"LineString","coordinates":[[19.45432,51.76534],[19.4439,51.76445],[19.44363,51.76438],[19.44163,51.7642],[19.43999,51.76409],[19.43952,51.76426],[19.43855,51.769],[19.43566,51.76875],[19.43414,51.76892],[19.42959,51.76946],[19.42906,51.77017],[19.38717,51.75523],[19.38685,51.75511],[19.3867,51.75502],[19.38646,51.75488],[19.38638,51.75484],[19.38635,51.75482],[19.38626,51.75483],[19.38614,51.75482],[19.38603,51.75478],[19.38594,51.75474],[19.38587,51.7547],[19.3857,51.75463],[19.38547,51.75458],[19.3853,51.75455],[19.38482,51.75439],[19.38428,51.7542],[19.38355,51.75394],[19.38324,51.75384],[19.38205,51.7536],[19.38169,51.75353],[19.35809,51.74886],[19.35739,51.74876],[19.35091,51.74821],[19.35058,51.74818],[19.35026,51.74816],[19.34958,51.74811],[19.3319,51.74666],[19.3308,51.74656],[19.32444,51.74784],[19.31973,51.74877],[19.31344,51.75]]},"properties":{"line":"N9","dir":"1","mode":"bus"}},{"type":"Feature","geometry":{"type":"LineString","coordinates":[[19.5382,51.76184],[19.53858,51.7628],[19.5415,51.76236],[19.54398,51.76192],[19.54474,51.76175],[19.54583,51.76157],[19.54636,51.76147],[19.54811,51.7612],[19.54845,51.76114],[19.54854,51.76113],[19.54967,51.76096],[19.55052,51.76084],[19.55129,51.76075],[19.55154,51.76071],[19.55153,51.76068],[19.5516,51.76069],[19.55251,51.76062],[19.55277,51.76059],[19.55295,51.76057],[19.55458,51.76041],[19.55467,51.7604],[19.55473,51.76039],[19.55478,51.76038],[19.55481,51.76034],[19.55487,51.76032],[19.55489,51.7603],[19.55492,51.76027],[19.55492,51.76024],[19.55492,51.76022],[19.55492,51.76017],[19.5543,51.75916],[19.55403,51.75851],[19.55388,51.7582],[19.55373,51.75809],[19.55292,51.75826],[19.55219,51.75837],[19.5514,51.75846],[19.55047,51.75856],[19.5502,51.7586],[19.55002,51.75864],[19.54932,51.75872],[19.54676,51.75911],[19.546,51.75918],[19.54062,51.76026],[19.53778,51.76105],[19.53641,51.76125],[19.53558,51.75809],[19.53525,51.75729],[19.53481,51.7565],[19.53407,51.75576],[19.53275,51.75456],[19.53156,51.75379],[19.53116,51.75296],[19.53085,51.75155],[19.53102,51.75013],[19.53116,51.74788],[19.53158,51.74446],[19.53169,51.74117],[19.53206,51.73876],[19.5316,51.73572],[19.53144,51.73517],[19.53136,51.73491],[19.53126,51.73486],[19.53121,51.73482],[19.53118,51.73481],[19.53113,51.7348],[19.53109,51.73478],[19.53105,51.73477],[19.531,51.73477],[19.53096,51.73477],[19.53081,51.73477],[19.53065,51.73477],[19.53036,51.73477],[19.53029,51.73477],[19.53024,51.73476],[19.5302,51.73476],[19.53014,51.73474],[19.53009,51.73474],[19.52983,51.73479],[19.52905,51.73482],[19.52831,51.73496],[19.52495,51.73505],[19.52448,51.73507],[19.52409,51.73508],[19.52404,51.73508],[19.52403,51.73482],[19.52409,51.73464],[19.52414,51.7344],[19.52421,51.73432],[19.52418,51.73419],[19.52411,51.73405],[19.52405,51.73383],[19.52396,51.73371],[19.52399,51.73075],[19.52399,51.73075],[19.52399,51.72901],[19.52363,51.72883],[19.52068,51.7287],[19.51823,51.72887],[19.51195,51.72931],[19.51247,51.73138],[19.51319,51.73461],[19.51329,51.73468],[19.51344,51.73472],[19.51499,51.73463],[19.51527,51.73573],[19.5086,51.7362],[19.50521,51.7362],[19.50376,51.73631]]},"properties":{"line":"W","dir":"0","mode":"bus"}},{"type":"Feature","geometry":{"type":"LineString","coordinates":[[19.50362,51.73608],[19.50744,51.73579],[19.51032,51.73572],[19.51032,51.73572],[19.51068,51.73572],[19.5109,51.73573],[19.51113,51.73573],[19.51179,51.73572],[19.51201,51.73572],[19.51226,51.73572],[19.51248,51.73572],[19.51278,51.7357],[19.51301,51.73568],[19.51345,51.73563],[19.5141,51.73559],[19.51523,51.73551],[19.51499,51.73463],[19.51326,51.73471],[19.51314,51.73462],[19.51208,51.73025],[19.51195,51.72931],[19.5179,51.72881],[19.52077,51.72865],[19.52354,51.72878],[19.52401,51.72901],[19.52419,51.73016],[19.52414,51.73387],[19.5244,51.73443],[19.52442,51.7345],[19.52443,51.73456],[19.52445,51.73462],[19.52445,51.73464],[19.52442,51.73481],[19.52495,51.73478],[19.52646,51.73472],[19.52687,51.73469],[19.52809,51.73462],[19.52896,51.73454],[19.52933,51.73448],[19.52961,51.73443],[19.52966,51.73442],[19.53247,51.73376],[19.53224,51.73554],[19.53228,51.73671],[19.53243,51.73682],[19.53263,51.73691],[19.53306,51.73695],[19.53361,51.73693],[19.53596,51.73704],[19.53667,51.73718],[19.53726,51.73737],[19.53753,51.73752],[19.53776,51.73773],[19.53791,51.73795],[19.53789,51.73885],[19.53778,51.74054],[19.53212,51.74043],[19.53221,51.74137],[19.53156,51.74838],[19.53131,51.75018],[19.53163,51.75234],[19.53282,51.75402],[19.53295,51.75434],[19.53436,51.75557],[19.53528,51.7565],[19.53549,51.75684],[19.53606,51.7581],[19.53625,51.75855],[19.5365,51.75882],[19.53654,51.75906],[19.53668,51.75929],[19.53696,51.75972],[19.53717,51.76003],[19.53736,51.76028],[19.53761,51.76026],[19.53787,51.76023],[19.53798,51.76021],[19.53819,51.76017],[19.53854,51.76015],[19.53868,51.76013],[19.53886,51.76012],[19.54003,51.76007],[19.54111,51.75998],[19.54164,51.75991],[19.54194,51.7599],[19.54366,51.75959],[19.54406,51.75951],[19.54609,51.75915],[19.54666,51.75899],[19.54684,51.75888],[19.5482,51.75863],[19.54889,51.75846],[19.5493,51.75834],[19.54957,51.7583],[19.55361,51.75734],[19.55411,51.7585],[19.55409,51.75859],[19.55413,51.75865],[19.55417,51.75875],[19.55492,51.76018],[19.55492,51.76022],[19.55492,51.76024],[19.55492,51.76027],[19.55489,51.7603],[19.55487,51.76033],[19.55482,51.76035],[19.55478,51.76038],[19.55473,51.76039],[19.55467,51.7604],[19.55458,51.76041],[19.55295,51.76057],[19.55277,51.76059],[19.55251,51.76062],[19.55129,51.76075],[19.55118,51.76081],[19.55118,51.76081],[19.55052,51.76084],[19.54967,51.76096],[19.54854,51.76113],[19.54845,51.76114],[19.54811,51.7612],[19.54636,51.76147],[19.54583,51.76157],[19.54474,51.76175],[19.54398,51.76192],[19.54357,51.762],[19.5432,51.76205],[19.54253,51.76219],[19.54228,51.76228],[19.5415,51.76236],[19.53717,51.76299],[19.5369,51.76231]]},"properties":{"line":"W","dir":"1","mode":"bus"}},{"type":"Feature","geometry":{"type":"LineString","coordinates":[[19.47328,51.80784],[19.46267,51.80307],[19.45987,51.80187],[19.45926,51.80176],[19.45933,51.80151],[19.45932,51.80127]]},"properties":{"line":"Z3","dir":"0","mode":"bus"}},{"type":"Feature","geometry":{"type":"LineString","coordinates":[[19.45947,51.80115],[19.45954,51.80108],[19.45954,51.80094],[19.45858,51.80105],[19.45805,51.80108],[19.45794,51.80111],[19.45787,51.80119],[19.45785,51.80125],[19.45786,51.80134],[19.45803,51.80172],[19.45808,51.80185],[19.45817,51.80183],[19.45825,51.80181],[19.45876,51.80174],[19.4591,51.80172],[19.45924,51.80174],[19.45935,51.80177],[19.45987,51.80188],[19.46267,51.80307],[19.46296,51.8032],[19.46398,51.80364],[19.46613,51.80456],[19.46674,51.80482],[19.4675,51.80516],[19.47152,51.80688],[19.47199,51.80701],[19.47222,51.8071],[19.47244,51.80723],[19.47272,51.80742],[19.4801,51.81058],[19.48693,51.81349],[19.48683,51.81371],[19.48655,51.81373],[19.48636,51.81362]]},"properties":{"line":"Z3","dir":"1","mode":"bus"}},{"type":"Feature","geometry":{"type":"LineString","coordinates":[[19.51261,51.79199],[19.51263,51.79192],[19.51264,51.79187],[19.51265,51.79183],[19.51267,51.79181],[19.51268,51.79178],[19.51269,51.79176],[19.51269,51.79175],[19.51269,51.79173],[19.51269,51.79171],[19.51269,51.79167],[19.51267,51.79156],[19.51264,51.7914],[19.5126,51.79124],[19.5126,51.79119],[19.51259,51.79113],[19.51258,51.79106],[19.51259,51.79104],[19.51259,51.79102],[19.51255,51.79097],[19.51223,51.79093],[19.51182,51.79084],[19.51146,51.79084],[19.51103,51.79084],[19.51053,51.79091],[19.5103,51.79084],[19.50775,51.79052],[19.5075,51.7905],[19.50737,51.79052],[19.50723,51.79052],[19.50718,51.79052],[19.50713,51.79056],[19.50705,51.79045],[19.50704,51.79059],[19.507,51.79061],[19.5069,51.79067],[19.50682,51.79077],[19.50639,51.79136],[19.50555,51.79255],[19.50521,51.79303],[19.50429,51.79428],[19.50429,51.79428],[19.50403,51.79468],[19.50394,51.7948],[19.50381,51.79497],[19.50357,51.7953],[19.50353,51.79536],[19.5031,51.79588],[19.50299,51.79603],[19.50275,51.79599],[19.50252,51.79595],[19.50133,51.79567],[19.50113,51.79561],[19.49974,51.79525],[19.49933,51.79513],[19.49833,51.79485],[19.49783,51.79472],[19.4974,51.79455],[19.49652,51.79435],[19.49644,51.79433],[19.49547,51.79407],[19.49523,51.79399],[19.49501,51.7939],[19.49434,51.79365],[19.49261,51.79317],[19.48973,51.79239],[19.48942,51.79238],[19.48923,51.79237],[19.48871,51.79237],[19.48839,51.79229],[19.48809,51.79187],[19.48791,51.79169],[19.48773,51.79151],[19.48764,51.7914],[19.48745,51.7913],[19.48729,51.79124],[19.48713,51.79122],[19.48698,51.7912],[19.48683,51.79118],[19.4858,51.79091],[19.479,51.78912],[19.47225,51.78724],[19.47165,51.78708],[19.46971,51.78667],[19.46768,51.78613],[19.46624,51.78579],[19.46446,51.7854],[19.46345,51.78533],[19.46255,51.78516],[19.46085,51.78484],[19.46022,51.78468],[19.45993,51.7861],[19.45962,51.78754],[19.45404,51.77903],[19.45192,51.77881]]},"properties":{"line":"Z6","dir":"0","mode":"bus"}},{"type":"Feature","geometry":{"type":"LineString","coordinates":[[19.45104,51.78149],[19.4506,51.78291],[19.45326,51.78317],[19.4532,51.78346],[19.45423,51.7835],[19.45479,51.7836],[19.45647,51.78383],[19.45895,51.7844],[19.45966,51.78466],[19.46012,51.78479],[19.46152,51.78496],[19.46237,51.7851],[19.46358,51.78531],[19.46439,51.78533],[19.48037,51.78944],[19.48453,51.79057],[19.48467,51.79061],[19.48519,51.7907],[19.4852,51.7907],[19.48533,51.79074],[19.48588,51.79084],[19.48592,51.79079],[19.48654,51.79101],[19.4867,51.79104],[19.48678,51.79106],[19.48689,51.79106],[19.48702,51.79106],[19.48713,51.79106],[19.48717,51.79104],[19.48729,51.79103],[19.48746,51.79095],[19.48752,51.791],[19.4877,51.79113],[19.48791,51.79133],[19.48817,51.79157],[19.4882,51.79163],[19.48853,51.79204],[19.48871,51.79211],[19.48886,51.79217],[19.48904,51.79221],[19.48923,51.79226],[19.48942,51.79227],[19.4896,51.79229],[19.48977,51.79229],[19.48994,51.79229],[19.48998,51.79235],[19.49023,51.79239],[19.49055,51.79248],[19.49146,51.79274],[19.49252,51.79306],[19.49264,51.79309],[19.49314,51.79324],[19.49317,51.79326],[19.49331,51.79324],[19.49354,51.79334],[19.49369,51.79334],[19.49383,51.79338],[19.49383,51.79337],[19.49543,51.79383],[19.49611,51.79405],[19.4968,51.79424],[19.49796,51.79456],[19.49916,51.79489],[19.50021,51.79518],[19.50109,51.79543],[19.50157,51.79552],[19.50165,51.79558],[19.50262,51.79579],[19.50275,51.79579],[19.50303,51.79587],[19.50309,51.79589],[19.50353,51.79536],[19.50357,51.7953],[19.50373,51.79507],[19.50373,51.79507],[19.50381,51.79497],[19.50394,51.7948],[19.50403,51.79468],[19.50521,51.79303],[19.50555,51.79255],[19.50629,51.79151],[19.50678,51.79084],[19.50678,51.79084],[19.50682,51.79077],[19.5069,51.79067],[19.50705,51.79045],[19.5075,51.7905],[19.50775,51.79052],[19.5103,51.79084],[19.51053,51.79091],[19.51103,51.79084],[19.51146,51.79084],[19.51182,51.79084],[19.51223,51.79093],[19.51255,51.79097],[19.51259,51.79102],[19.51259,51.79104],[19.51258,51.79106],[19.51259,51.79113],[19.5126,51.79119],[19.5126,51.79124],[19.51264,51.7914],[19.51267,51.79156],[19.51269,51.79167],[19.51269,51.79171],[19.51269,51.79173],[19.51269,51.79175],[19.51269,51.79176],[19.51268,51.79178],[19.51267,51.79181],[19.51265,51.79183],[19.51264,51.79187],[19.51263,51.79192],[19.51261,51.79199]]},"properties":{"line":"Z6","dir":"1","mode":"bus"}},{"type":"Feature","geometry":{"type":"LineString","coordinates":[[19.46277,51.7403],[19.46257,51.74107],[19.46247,51.74144],[19.46216,51.74288],[19.46206,51.74331],[19.46189,51.74409],[19.46182,51.74441],[19.46171,51.7449],[19.46163,51.74525],[19.46155,51.74554],[19.46149,51.74593],[19.46141,51.74628],[19.46122,51.74711],[19.46107,51.74783],[19.46101,51.74804],[19.46096,51.74832],[19.46076,51.74923],[19.46061,51.74984],[19.46048,51.75053],[19.46031,51.75131],[19.46014,51.75199],[19.45999,51.7527],[19.45977,51.75367],[19.45963,51.75436],[19.4593,51.75597],[19.45667,51.75579],[19.45595,51.759]]},"properties":{"line":"Z11","dir":"0","mode":"bus"}},{"type":"Feature","geometry":{"type":"LineString","coordinates":[[19.45852,51.75915],[19.45924,51.75592],[19.45929,51.75566],[19.45947,51.75485],[19.45979,51.75342],[19.45982,51.75327],[19.45976,51.75301],[19.45994,51.75266],[19.46,51.75243],[19.46026,51.75131],[19.4605,51.75017],[19.46048,51.7497],[19.46066,51.7495],[19.46087,51.74851],[19.46102,51.7478],[19.46115,51.74717],[19.46123,51.74681],[19.46127,51.74647],[19.46135,51.74625],[19.46197,51.74351],[19.46257,51.74086],[19.46266,51.74034]]},"properties":{"line":"Z11","dir":"1","mode":"bus"}},{"type":"Feature","geometry":{"type":"LineString","coordinates":[[19.42774,51.76884],[19.42954,51.7692],[19.43534,51.76865],[19.4372,51.76871],[19.44044,51.76906],[19.44069,51.76918],[19.44836,51.76987],[19.44897,51.76992],[19.44813,51.77409],[19.45783,51.77494],[19.45849,51.77499],[19.46282,51.77536],[19.46903,51.77589],[19.4693,51.77439],[19.46902,51.77385],[19.46624,51.77363],[19.46662,51.77177],[19.46666,51.77159],[19.46716,51.77025],[19.46696,51.77009],[19.46676,51.77004],[19.46431,51.76952],[19.46417,51.76955],[19.46339,51.77108],[19.4658,51.77132],[19.46644,51.77141],[19.46671,51.77154],[19.46886,51.77177],[19.4736,51.7722],[19.47483,51.7723],[19.48116,51.77286],[19.4819,51.77285],[19.48261,51.77292],[19.48284,51.77159],[19.48304,51.77077],[19.48346,51.76866],[19.4835,51.76844],[19.48354,51.76828],[19.48356,51.76814],[19.48364,51.76778],[19.48365,51.76774],[19.48367,51.76764],[19.4837,51.76749],[19.484,51.76625],[19.48403,51.76611],[19.48407,51.76594],[19.48407,51.7658],[19.48407,51.76562],[19.48411,51.76505],[19.48414,51.76487],[19.48419,51.76463],[19.48421,51.76451],[19.48447,51.76333],[19.48451,51.76316],[19.48454,51.76294],[19.48454,51.76293],[19.48459,51.76267],[19.48464,51.76228],[19.48476,51.76186],[19.48472,51.76177],[19.48482,51.76168],[19.48485,51.76159],[19.48491,51.7615],[19.48492,51.76147],[19.48494,51.76147],[19.48496,51.76144],[19.485,51.76143],[19.48504,51.76142],[19.48509,51.76142],[19.48517,51.76142],[19.48527,51.76142],[19.48534,51.76142],[19.48539,51.76142],[19.4857,51.76144],[19.4861,51.76147],[19.49703,51.76242],[19.49691,51.76266],[19.49101,51.76212],[19.48848,51.7619],[19.48651,51.76178],[19.48644,51.76226],[19.48651,51.76263],[19.48674,51.76318],[19.48687,51.76386],[19.48679,51.76473],[19.4867,51.76536],[19.48654,51.76574],[19.48619,51.76626],[19.48592,51.76665],[19.4859,51.76677],[19.48583,51.76691],[19.48586,51.76698],[19.48595,51.76701],[19.48613,51.76703],[19.4863,51.76709],[19.48645,51.76715],[19.48651,51.76724],[19.48652,51.76732],[19.48655,51.76741],[19.48656,51.76753],[19.48657,51.76763],[19.48655,51.7677],[19.48648,51.76777],[19.48638,51.76782],[19.48623,51.76784],[19.48581,51.76788],[19.48569,51.76788],[19.48562,51.76785],[19.48555,51.76775],[19.48557,51.76769],[19.48566,51.76766],[19.48572,51.7676]]},"properties":{"line":"Z13","dir":"0","mode":"bus"}},{"type":"Feature","geometry":{"type":"LineString","coordinates":[[19.48593,51.76732],[19.486,51.76731],[19.48629,51.76729],[19.48632,51.76721],[19.48628,51.76712],[19.48622,51.76707],[19.48605,51.76709],[19.48586,51.76707],[19.48577,51.76711],[19.4857,51.76713],[19.48562,51.76712],[19.48551,51.76707],[19.48549,51.767],[19.48554,51.76693],[19.48564,51.7669],[19.48576,51.7668],[19.48618,51.76619],[19.48648,51.76574],[19.48666,51.76532],[19.48679,51.76422],[19.48679,51.76374],[19.48675,51.76333],[19.48646,51.76258],[19.48646,51.76199],[19.48651,51.76181],[19.48651,51.76176],[19.48584,51.76171],[19.48522,51.76167],[19.48499,51.76166],[19.48485,51.76282],[19.48487,51.76306],[19.48402,51.76765],[19.48402,51.76767],[19.484,51.76778],[19.48398,51.76783],[19.48388,51.76823],[19.48388,51.76839],[19.48388,51.76844],[19.48375,51.76898],[19.48358,51.76956],[19.48332,51.77071],[19.48331,51.77082],[19.48284,51.77297],[19.48284,51.77302],[19.48278,51.77332],[19.48275,51.77346],[19.4827,51.77365],[19.48265,51.77386],[19.48263,51.77395],[19.48256,51.77427],[19.48255,51.77429],[19.48234,51.77492],[19.4815,51.77489],[19.47833,51.77465],[19.47587,51.77447],[19.47544,51.77441],[19.47533,51.77429],[19.47422,51.77332],[19.47312,51.7725],[19.47297,51.77232],[19.47286,51.77217],[19.46702,51.77162],[19.46683,51.77155],[19.46357,51.77126],[19.46333,51.77124],[19.46347,51.77084],[19.46411,51.76955],[19.46432,51.76955],[19.46456,51.76956],[19.46717,51.7702],[19.46671,51.77136],[19.46619,51.77365],[19.44851,51.77202],[19.44887,51.76996],[19.43566,51.76875],[19.43414,51.76892],[19.43202,51.76914],[19.43131,51.76891],[19.42664,51.76744],[19.42617,51.76873]]},"properties":{"line":"Z13","dir":"1","mode":"bus"}},{"type":"Feature","geometry":{"type":"LineString","coordinates":[[19.31344,51.75],[19.31852,51.74895],[19.3195,51.74876],[19.3241,51.74785],[19.38291,51.75369],[19.38487,51.75436],[19.38523,51.75447],[19.38567,51.75453],[19.386,51.75454],[19.38613,51.75449],[19.38631,51.75448],[19.38645,51.75454],[19.38652,51.75467],[19.38654,51.75474],[19.38657,51.7548],[19.38666,51.75487],[19.38689,51.75503],[19.38721,51.7552],[19.40752,51.76229],[19.4134,51.76441],[19.4134,51.76441],[19.41528,51.76514],[19.41592,51.76535],[19.41608,51.76543],[19.41632,51.76551],[19.41641,51.76553],[19.41786,51.76605],[19.41913,51.7665],[19.42007,51.76683],[19.42047,51.76697],[19.4209,51.76712],[19.42115,51.76722],[19.42129,51.76724],[19.42138,51.76728],[19.42169,51.7674],[19.42185,51.76748],[19.42227,51.76766],[19.42298,51.76796],[19.42362,51.7682],[19.42414,51.76834],[19.42474,51.76849],[19.42529,51.76864],[19.42561,51.76871],[19.42612,51.76885],[19.42602,51.76907],[19.42587,51.76929],[19.42569,51.76949],[19.42618,51.7696],[19.42683,51.76975]]},"properties":{"line":"Z43","dir":"0","mode":"bus"}},{"type":"Feature","geometry":{"type":"LineString","coordinates":[[19.42483,51.76864],[19.42301,51.76812],[19.42179,51.76765],[19.42096,51.76717],[19.4121,51.76406],[19.38717,51.75523],[19.38685,51.75511],[19.3867,51.75502],[19.38646,51.75488],[19.38638,51.75484],[19.38635,51.75482],[19.38626,51.75483],[19.38614,51.75482],[19.38603,51.75478],[19.38594,51.75474],[19.38587,51.7547],[19.3857,51.75463],[19.38547,51.75458],[19.3853,51.75455],[19.38482,51.75439],[19.38428,51.7542],[19.38355,51.75394],[19.38324,51.75384],[19.38205,51.7536],[19.38169,51.75353],[19.35809,51.74886],[19.35739,51.74876],[19.35091,51.74821],[19.35058,51.74818],[19.35026,51.74816],[19.34958,51.74811],[19.3319,51.74666],[19.3308,51.74656],[19.32444,51.74784],[19.31973,51.74877],[19.31344,51.75]]},"properties":{"line":"Z43","dir":"1","mode":"bus"}},{"type":"Feature","geometry":{"type":"LineString","coordinates":[[19.47861,51.74056],[19.47852,51.7408],[19.47791,51.74198],[19.47781,51.74218],[19.47503,51.74768],[19.47429,51.74907],[19.47398,51.7497],[19.47387,51.74992],[19.47383,51.75028],[19.47368,51.75067],[19.47244,51.75317],[19.47223,51.75359],[19.47204,51.75379],[19.47188,51.75395],[19.47178,51.75407],[19.47172,51.75416],[19.47165,51.75433],[19.47159,51.75443],[19.4715,51.75461],[19.47143,51.75476],[19.47138,51.75486],[19.47125,51.75515],[19.47103,51.7556],[19.47092,51.75578],[19.47081,51.75605],[19.47073,51.75619],[19.47051,51.75664],[19.47033,51.75702],[19.47027,51.75712],[19.47023,51.7572],[19.47015,51.75741],[19.47007,51.75756],[19.46985,51.75806],[19.46949,51.75882],[19.46905,51.75972],[19.469,51.75981],[19.46878,51.76023],[19.46855,51.76071],[19.46806,51.76172],[19.46761,51.76263],[19.46753,51.76277],[19.46629,51.76526],[19.46591,51.76605],[19.46556,51.76676],[19.46546,51.76702],[19.46539,51.76733],[19.4653,51.7676],[19.46343,51.77121],[19.46243,51.7751],[19.46203,51.7768],[19.46203,51.77699],[19.46198,51.77708],[19.46169,51.77833],[19.46151,51.77906],[19.45452,51.77897],[19.45373,51.77888],[19.45211,51.77874],[19.45173,51.7787],[19.45171,51.77864],[19.45183,51.77798],[19.4519,51.77766],[19.45199,51.77705],[19.44825,51.77622],[19.44766,51.77617],[19.44731,51.77612],[19.44717,51.77611],[19.44654,51.77606],[19.44637,51.77605],[19.44623,51.77603],[19.44614,51.77601],[19.44606,51.77599],[19.44541,51.77578],[19.4441,51.77533],[19.44358,51.77515],[19.44354,51.77513],[19.44353,51.77514],[19.44346,51.77509],[19.44313,51.77517],[19.44231,51.77522],[19.44216,51.77524],[19.44217,51.77528],[19.44076,51.77536],[19.44035,51.77539],[19.43818,51.77558],[19.43714,51.77567]]},"properties":{"line":"1","dir":"0","mode":"tram"}},{"type":"Feature","geometry":{"type":"LineString","coordinates":[[19.43761,51.77563],[19.44035,51.77539],[19.44076,51.77536],[19.44297,51.77511],[19.44346,51.77509],[19.44354,51.77513],[19.4441,51.77533],[19.44541,51.77578],[19.44606,51.77599],[19.44614,51.77601],[19.44623,51.77603],[19.44637,51.77605],[19.44654,51.77606],[19.44705,51.77606],[19.44731,51.77611],[19.44766,51.77617],[19.45104,51.77645],[19.45203,51.77652],[19.45161,51.7787],[19.45412,51.77888],[19.45679,51.77913],[19.46002,51.77942],[19.46182,51.77753],[19.46231,51.77533],[19.46247,51.77467],[19.46256,51.77439],[19.46315,51.77182],[19.46493,51.76831],[19.46521,51.76765],[19.4653,51.76742],[19.46542,51.76697],[19.46555,51.76671],[19.46599,51.76578],[19.46639,51.76498],[19.46696,51.7638],[19.46735,51.76303],[19.46803,51.76166],[19.46834,51.76101],[19.46884,51.76011],[19.47012,51.75747],[19.47026,51.75704],[19.47117,51.7553],[19.47138,51.75486],[19.47143,51.75476],[19.4715,51.75461],[19.47159,51.75443],[19.47165,51.75433],[19.47172,51.75416],[19.47178,51.75407],[19.47187,51.75395],[19.47199,51.75379],[19.47222,51.75352],[19.47244,51.75307],[19.47305,51.75182],[19.47374,51.75046],[19.47384,51.74999],[19.47469,51.74817],[19.47472,51.74805],[19.47582,51.74583],[19.47674,51.7443],[19.47754,51.74257],[19.47839,51.74088],[19.4785,51.74063],[19.47855,51.74029],[19.47875,51.7388],[19.47871,51.73827]]},"properties":{"line":"1","dir":"1","mode":"tram"}},{"type":"Feature","geometry":{"type":"LineString","coordinates":[[19.4561,51.75923],[19.45588,51.7593],[19.45572,51.75942],[19.45554,51.76026],[19.45544,51.76069],[19.45534,51.7612],[19.45517,51.76186],[19.45514,51.76205],[19.45514,51.76212],[19.45503,51.76267],[19.45484,51.76353],[19.4547,51.76406],[19.45461,51.76454],[19.45458,51.76471],[19.45446,51.76517],[19.45444,51.76526],[19.45438,51.7655],[19.45426,51.76599],[19.45403,51.76715],[19.45395,51.76745],[19.45354,51.76952],[19.45352,51.76964],[19.45347,51.76991],[19.45339,51.77073],[19.45335,51.77098],[19.45323,51.77141],[19.45317,51.77161],[19.453,51.77249],[19.453,51.77274],[19.45291,51.77296],[19.45276,51.77377],[19.45226,51.77617],[19.45212,51.77671],[19.45195,51.77763],[19.45194,51.77775],[19.45179,51.77835],[19.45176,51.77893],[19.45159,51.77958],[19.4515,51.77985],[19.45099,51.78119],[19.45081,51.78174],[19.45071,51.78214],[19.45015,51.78385],[19.44956,51.78567],[19.44928,51.78667],[19.44909,51.78703],[19.44854,51.78717],[19.44657,51.78737],[19.44271,51.78787],[19.44051,51.78827],[19.43612,51.78917],[19.36884,51.80255],[19.36276,51.80382],[19.36274,51.80378],[19.36274,51.80378],[19.36183,51.80401],[19.36082,51.80421],[19.35998,51.80437],[19.35955,51.80446],[19.35843,51.80467],[19.35816,51.80474],[19.3572,51.80493],[19.35703,51.80459],[19.35703,51.80459],[19.35816,51.80474],[19.35811,51.80466],[19.35808,51.80462],[19.35795,51.80436],[19.35776,51.80439]]},"properties":{"line":"2","dir":"0","mode":"tram"}},{"type":"Feature","geometry":{"type":"LineString","coordinates":[[19.35776,51.80439],[19.35808,51.80462],[19.35811,51.80466],[19.35816,51.80474],[19.35843,51.80467],[19.35955,51.80446],[19.35998,51.80437],[19.36082,51.80421],[19.36183,51.80401],[19.36269,51.80384],[19.36265,51.80375],[19.36265,51.80375],[19.36306,51.80376],[19.3647,51.80343],[19.36559,51.80325],[19.36569,51.80324],[19.36586,51.80319],[19.36595,51.80316],[19.36616,51.80313],[19.36628,51.80312],[19.36653,51.80307],[19.36721,51.80295],[19.36713,51.80279],[19.36774,51.80284],[19.36795,51.80279],[19.36819,51.80274],[19.36903,51.80258],[19.37065,51.80225],[19.37295,51.8018],[19.37454,51.80149],[19.37549,51.80129],[19.3755,51.80128],[19.3754,51.80113],[19.37613,51.80101],[19.40733,51.79483],[19.42183,51.79199],[19.42927,51.79038],[19.43565,51.78922],[19.449,51.78698],[19.45006,51.78363],[19.45065,51.78213],[19.45144,51.77987],[19.4516,51.77927],[19.4517,51.77874],[19.45198,51.77712],[19.45198,51.77696],[19.45221,51.77603],[19.4526,51.77413],[19.45332,51.77086],[19.45338,51.77059],[19.45366,51.76862],[19.45432,51.76555],[19.45451,51.76463],[19.45447,51.76454],[19.45458,51.76444],[19.45466,51.76409],[19.45497,51.76267],[19.455,51.76239],[19.45529,51.76119],[19.45587,51.75849]]},"properties":{"line":"2","dir":"1","mode":"tram"}},{"type":"Feature","geometry":{"type":"LineString","coordinates":[[19.4561,51.75923],[19.45588,51.7593],[19.45572,51.75942],[19.45554,51.76026],[19.45544,51.76069],[19.45534,51.7612],[19.45517,51.76186],[19.45514,51.76205],[19.45514,51.76212],[19.45503,51.76267],[19.45484,51.76353],[19.4547,51.76406],[19.45461,51.76454],[19.45458,51.76471],[19.45446,51.76517],[19.45444,51.76526],[19.45438,51.7655],[19.45426,51.76599],[19.45403,51.76715],[19.45395,51.76745],[19.45354,51.76952],[19.45352,51.76964],[19.45347,51.76991],[19.45339,51.77073],[19.45335,51.77098],[19.45323,51.77141],[19.45317,51.77161],[19.453,51.77249],[19.453,51.77274],[19.45291,51.77296],[19.45276,51.77377],[19.45226,51.77617],[19.45212,51.77671],[19.45195,51.77763],[19.45194,51.77775],[19.45179,51.77835],[19.45176,51.77893],[19.45159,51.77958],[19.4515,51.77985],[19.45099,51.78119],[19.45081,51.78174],[19.45071,51.78214],[19.45015,51.78385],[19.44956,51.78567],[19.44916,51.78691],[19.44911,51.78725],[19.44911,51.78753],[19.44913,51.78833],[19.44919,51.78872],[19.44933,51.78926],[19.44922,51.79033],[19.44928,51.79043],[19.44939,51.79051],[19.44954,51.79057],[19.45007,51.79071],[19.45067,51.79088],[19.45104,51.79097],[19.45141,51.79102],[19.45212,51.79107],[19.45346,51.79113],[19.45433,51.79116],[19.45455,51.7912],[19.45471,51.79128],[19.45478,51.79135],[19.45479,51.79138],[19.45483,51.79143],[19.45491,51.79184],[19.45499,51.79239],[19.45513,51.79299],[19.4552,51.79329],[19.45522,51.79356],[19.45553,51.79516],[19.45554,51.79523],[19.45557,51.79531],[19.45582,51.79634],[19.45593,51.79707],[19.45596,51.79779],[19.45609,51.79829],[19.45645,51.7993],[19.45655,51.79954],[19.45707,51.80034],[19.45751,51.80103]]},"properties":{"line":"3","dir":"0","mode":"tram"}},{"type":"Feature","geometry":{"type":"LineString","coordinates":[[19.4568,51.80013],[19.45617,51.79871],[19.4561,51.79846],[19.45598,51.79804],[19.45593,51.79781],[19.45588,51.79752],[19.4558,51.7973],[19.45577,51.79712],[19.45581,51.79668],[19.45566,51.79584],[19.45559,51.79556],[19.45553,51.79539],[19.4555,51.79526],[19.45544,51.79491],[19.4551,51.79299],[19.45499,51.79242],[19.45486,51.79186],[19.45478,51.79143],[19.45466,51.79128],[19.45399,51.79119],[19.45092,51.79097],[19.45044,51.79085],[19.45007,51.79075],[19.44973,51.79066],[19.44925,51.79049],[19.4491,51.79017],[19.44926,51.7893],[19.44913,51.78871],[19.44907,51.78837],[19.44905,51.78751],[19.45065,51.78213],[19.45144,51.77987],[19.4516,51.77927],[19.4517,51.77874],[19.45198,51.77712],[19.45198,51.77696],[19.45221,51.77603],[19.4526,51.77413],[19.45332,51.77086],[19.45338,51.77059],[19.45366,51.76862],[19.45432,51.76555],[19.45451,51.76463],[19.45447,51.76454],[19.45458,51.76444],[19.45466,51.76409],[19.45497,51.76267],[19.455,51.76239],[19.45529,51.76119],[19.45587,51.75849]]},"properties":{"line":"3","dir":"1","mode":"tram"}},{"type":"Feature","geometry":{"type":"LineString","coordinates":[[19.50882,51.73617],[19.50866,51.73612],[19.50846,51.73606],[19.50831,51.73605],[19.50622,51.73605],[19.50584,51.73606],[19.50508,51.73612],[19.50403,51.73622],[19.50329,51.73628],[19.50277,51.73633],[19.50208,51.73639],[19.50011,51.73656],[19.4996,51.73661],[19.49909,51.73666],[19.49477,51.73703],[19.49402,51.73712],[19.49383,51.73711],[19.49004,51.73744],[19.4894,51.7375],[19.48932,51.73751],[19.48924,51.73754],[19.48915,51.73758],[19.48908,51.73764],[19.48902,51.73772],[19.489,51.73779],[19.489,51.73783],[19.48904,51.73819],[19.48895,51.73991],[19.48894,51.74052],[19.48931,51.74326],[19.48936,51.7436],[19.48983,51.74716],[19.48976,51.74731],[19.48975,51.748],[19.48939,51.74921],[19.48937,51.74956],[19.48939,51.75024],[19.48942,51.75119],[19.48929,51.75477],[19.48924,51.75537],[19.48923,51.75572],[19.48917,51.75605],[19.48907,51.7564],[19.48886,51.75684],[19.48804,51.75818],[19.48764,51.75877],[19.48745,51.75902],[19.48723,51.75927],[19.4867,51.75984],[19.48623,51.76032],[19.48548,51.76106],[19.48529,51.76123],[19.4852,51.76133],[19.4851,51.76141],[19.48507,51.7615],[19.48499,51.76159],[19.48492,51.76199],[19.48473,51.76283],[19.48447,51.76414],[19.4843,51.76495],[19.48425,51.76555],[19.48424,51.76584],[19.484,51.76704],[19.48388,51.76764],[19.48341,51.76983],[19.48313,51.77125],[19.48286,51.77245],[19.48281,51.77276],[19.48278,51.77284],[19.48273,51.7729],[19.4827,51.77292],[19.48266,51.77294],[19.48257,51.77297],[19.48248,51.77299],[19.48235,51.77299],[19.48019,51.7728],[19.47825,51.77263],[19.47678,51.77249],[19.47669,51.77244],[19.47661,51.77231],[19.47671,51.7718],[19.47694,51.77055],[19.4772,51.76958],[19.477,51.76959],[19.47689,51.76956],[19.47647,51.76953],[19.47615,51.76949],[19.47572,51.76947],[19.47534,51.76943],[19.47506,51.76944],[19.47482,51.76953],[19.47471,51.76958],[19.47464,51.76964],[19.47446,51.76976],[19.47428,51.76982],[19.47406,51.76983],[19.47378,51.76987],[19.46811,51.77014],[19.46708,51.77012],[19.46681,51.77009],[19.46502,51.76974],[19.46421,51.76973],[19.46362,51.77095],[19.46337,51.77125],[19.46243,51.7751],[19.46203,51.7768],[19.46203,51.77699],[19.46198,51.77708],[19.46169,51.77833],[19.46151,51.77906],[19.45172,51.77874],[19.45099,51.78119],[19.45081,51.78174],[19.45071,51.78214],[19.45015,51.78385],[19.44956,51.78567],[19.44916,51.78691],[19.44911,51.78725],[19.44911,51.78753],[19.44913,51.78833],[19.44919,51.78872],[19.44933,51.78926],[19.44929,51.79012],[19.44913,51.79061],[19.44895,51.791],[19.44868,51.79142],[19.44803,51.79229],[19.44732,51.79328],[19.44612,51.79493],[19.44547,51.79584],[19.44487,51.79666],[19.44461,51.79705],[19.44461,51.79714],[19.44447,51.79723],[19.44401,51.79792],[19.44365,51.79849],[19.44329,51.79899],[19.44231,51.80024],[19.44198,51.80081],[19.43987,51.80574],[19.43959,51.80642],[19.43953,51.8066],[19.43944,51.80676],[19.43916,51.80739],[19.4391,51.80754],[19.43896,51.80778],[19.43883,51.80805],[19.43843,51.80865],[19.43843,51.80877],[19.43835,51.80885],[19.43809,51.80927],[19.43715,51.81081],[19.43696,51.81112],[19.43652,51.81182],[19.43645,51.81195],[19.43628,51.81225],[19.43582,51.81297],[19.43546,51.8136],[19.43534,51.81378],[19.43516,51.81395],[19.43458,51.81448],[19.43444,51.81464],[19.43393,51.81546],[19.43381,51.81566],[19.43349,51.81666],[19.43335,51.8171],[19.43211,51.81915],[19.4279,51.82615]]},"properties":{"line":"4","dir":"0","mode":"tram"}},{"type":"Feature","geometry":{"type":"LineString","coordinates":[[19.42646,51.82844],[19.42669,51.82807],[19.42739,51.82686],[19.42992,51.82266],[19.43011,51.8224],[19.43037,51.82194],[19.4329,51.81774],[19.43329,51.81709],[19.43344,51.81675],[19.43353,51.8162],[19.43383,51.81549],[19.43417,51.815],[19.43456,51.81443],[19.43494,51.81407],[19.43515,51.81389],[19.43526,51.81378],[19.43539,51.81362],[19.43621,51.81227],[19.43648,51.81178],[19.4371,51.8108],[19.43809,51.80914],[19.43814,51.80902],[19.43861,51.80833],[19.43894,51.8077],[19.4394,51.8067],[19.4394,51.80658],[19.43955,51.80626],[19.43976,51.80583],[19.44043,51.8043],[19.44117,51.80252],[19.44159,51.80158],[19.4421,51.80045],[19.44258,51.79981],[19.44297,51.7993],[19.44339,51.79876],[19.44378,51.79818],[19.44452,51.79702],[19.44466,51.79687],[19.44541,51.79583],[19.44633,51.79455],[19.44698,51.79365],[19.44719,51.79335],[19.44744,51.79302],[19.44772,51.79264],[19.44811,51.79208],[19.44868,51.7913],[19.44888,51.79101],[19.44914,51.79024],[19.44926,51.7893],[19.44913,51.78871],[19.44907,51.78837],[19.44905,51.78751],[19.45065,51.78213],[19.45171,51.77868],[19.45412,51.77888],[19.45679,51.77913],[19.46002,51.77942],[19.46182,51.77753],[19.46231,51.77533],[19.46247,51.77467],[19.46256,51.77439],[19.46315,51.77182],[19.46352,51.77102],[19.46406,51.76993],[19.46413,51.76979],[19.46421,51.76974],[19.46427,51.76969],[19.46449,51.76959],[19.46472,51.76959],[19.46502,51.76965],[19.46511,51.76965],[19.46522,51.76964],[19.46769,51.77007],[19.46896,51.77007],[19.47387,51.76982],[19.4742,51.76981],[19.4744,51.76974],[19.47456,51.76964],[19.47472,51.76954],[19.47486,51.76947],[19.47497,51.76943],[19.47703,51.76956],[19.4772,51.76958],[19.47718,51.76973],[19.47675,51.7718],[19.47666,51.77243],[19.47682,51.77245],[19.47702,51.77249],[19.47905,51.77266],[19.48201,51.77293],[19.4823,51.77296],[19.48242,51.77296],[19.48253,51.77294],[19.4826,51.77291],[19.48266,51.77288],[19.48271,51.77283],[19.48274,51.77278],[19.48276,51.77271],[19.48298,51.77167],[19.48328,51.77021],[19.4838,51.7677],[19.48398,51.7669],[19.48412,51.76623],[19.48422,51.76568],[19.48425,51.7649],[19.48441,51.76417],[19.48487,51.76198],[19.48499,51.76153],[19.4851,51.76139],[19.4852,51.76127],[19.48629,51.76022],[19.48696,51.75952],[19.48713,51.75932],[19.48738,51.759],[19.48772,51.75855],[19.48838,51.75752],[19.48879,51.75684],[19.48895,51.75651],[19.48904,51.75629],[19.48914,51.75597],[19.48921,51.7556],[19.4893,51.75254],[19.48933,51.75199],[19.48935,51.75146],[19.48933,51.74999],[19.48933,51.74939],[19.48935,51.74913],[19.48946,51.74873],[19.48968,51.74803],[19.4897,51.74754],[19.4897,51.74668],[19.48967,51.74638],[19.48957,51.74561],[19.48948,51.7449],[19.48939,51.74422],[19.48926,51.74328],[19.48895,51.74104],[19.48888,51.74035],[19.48894,51.739],[19.48899,51.73835],[19.48894,51.7377],[19.48895,51.73761],[19.48904,51.73756],[19.4891,51.73752],[19.48917,51.7375],[19.48927,51.73748],[19.49128,51.73731],[19.49435,51.73704],[19.49509,51.73695],[19.49547,51.73694],[19.49649,51.73685],[19.49883,51.73664],[19.49994,51.73651],[19.50214,51.73635],[19.50306,51.73624],[19.50402,51.73617],[19.50566,51.73603],[19.50805,51.73599],[19.50825,51.73599],[19.50844,51.73594],[19.50888,51.73577],[19.5094,51.73554],[19.50966,51.73546],[19.50987,51.73549],[19.51005,51.73558],[19.51013,51.73581],[19.51017,51.73617],[19.51017,51.73626],[19.51013,51.73635],[19.50997,51.73644],[19.50979,51.73647],[19.50965,51.73644],[19.50931,51.73638]]},"properties":{"line":"4","dir":"1","mode":"tram"}},{"type":"Feature","geometry":{"type":"LineString","coordinates":[[19.48596,51.71825],[19.48588,51.71817],[19.48576,51.71814],[19.48565,51.71813],[19.48556,51.71813],[19.48545,51.71814],[19.48523,51.71816],[19.48519,51.71817],[19.48513,51.71819],[19.48506,51.71824],[19.48499,51.71834],[19.48481,51.71901],[19.48467,51.71949],[19.48454,51.71994],[19.48445,51.72021],[19.48438,51.72038],[19.48431,51.7205],[19.48403,51.72095],[19.48385,51.72124],[19.48358,51.72163],[19.48313,51.72233],[19.4831,51.72245],[19.48298,51.72262],[19.48284,51.72273],[19.4827,51.72291],[19.48206,51.72355],[19.4814,51.72422],[19.481,51.72462],[19.48087,51.72476],[19.48045,51.72525],[19.48028,51.72549],[19.48013,51.72565],[19.47961,51.72618],[19.47916,51.72664],[19.47765,51.72816],[19.47694,51.72886],[19.47673,51.72908],[19.4765,51.72926],[19.47607,51.72958],[19.47565,51.72989],[19.47542,51.73006],[19.47514,51.73031],[19.4751,51.73034],[19.47501,51.73039],[19.47495,51.73041],[19.47488,51.73042],[19.47482,51.73043],[19.47475,51.73043],[19.47464,51.73043],[19.47453,51.73041],[19.47347,51.73006],[19.47229,51.72962],[19.47146,51.72931],[19.4709,51.7291],[19.47003,51.72878],[19.46922,51.72847],[19.46831,51.72811],[19.46792,51.72798],[19.46577,51.72717],[19.46521,51.72695],[19.46439,51.72666],[19.46405,51.72654],[19.46394,51.7265],[19.4638,51.72649],[19.46366,51.7265],[19.46352,51.72654],[19.46276,51.72671],[19.46229,51.72682],[19.46189,51.72691],[19.46169,51.72699],[19.46132,51.72712],[19.46094,51.7273],[19.45873,51.72841],[19.45811,51.72872],[19.45782,51.72888],[19.45751,51.72904],[19.45732,51.72913],[19.45695,51.72931],[19.45639,51.7296],[19.45573,51.72994],[19.45487,51.73039],[19.45414,51.73078],[19.45379,51.73095],[19.45362,51.73104],[19.45354,51.73115],[19.45369,51.73139],[19.45363,51.73158],[19.45371,51.73178],[19.45404,51.73209],[19.45426,51.73226],[19.45483,51.73274],[19.45526,51.73308],[19.456,51.73366],[19.45746,51.73482],[19.45805,51.73532],[19.46286,51.73927],[19.46293,51.73946],[19.46291,51.73962],[19.46295,51.7397],[19.46305,51.73977],[19.46324,51.7398],[19.46356,51.73981],[19.46437,51.73987],[19.46464,51.73989],[19.46503,51.73986],[19.46554,51.73981],[19.46569,51.73977],[19.46584,51.73968],[19.46709,51.73843],[19.46931,51.73886],[19.47016,51.73897],[19.47131,51.73904],[19.47225,51.73905],[19.47315,51.73896],[19.47868,51.73843],[19.47861,51.74056],[19.47852,51.7408],[19.47791,51.74198],[19.47781,51.74218],[19.47503,51.74768],[19.47429,51.74907],[19.47398,51.7497],[19.47387,51.74992],[19.47383,51.75028],[19.47368,51.75067],[19.47244,51.75317],[19.47223,51.75359],[19.47204,51.75379],[19.47188,51.75395],[19.47178,51.75407],[19.47172,51.75416],[19.47165,51.75433],[19.47159,51.75443],[19.4715,51.75461],[19.47143,51.75476],[19.47138,51.75486],[19.47125,51.75515],[19.47103,51.7556],[19.47092,51.75578],[19.47081,51.75605],[19.47073,51.75619],[19.47051,51.75664],[19.47033,51.75702],[19.47027,51.75712],[19.47023,51.7572],[19.47015,51.75741],[19.47007,51.75756],[19.46985,51.75806],[19.46949,51.75882],[19.46905,51.75972],[19.469,51.75981],[19.46878,51.76023],[19.46855,51.76071],[19.46806,51.76172],[19.46761,51.76263],[19.46753,51.76277],[19.46629,51.76526],[19.46591,51.76605],[19.46556,51.76676],[19.46546,51.76702],[19.46539,51.76733],[19.4653,51.7676],[19.46343,51.77121],[19.46243,51.7751],[19.46203,51.7768],[19.46203,51.77699],[19.46198,51.77708],[19.46169,51.77833],[19.46151,51.77906],[19.45172,51.77874],[19.45099,51.78119],[19.45081,51.78174],[19.45071,51.78214],[19.45015,51.78385],[19.44956,51.78567],[19.44928,51.78667],[19.44909,51.78703],[19.44854,51.78717],[19.44657,51.78737],[19.44271,51.78787],[19.44051,51.78827],[19.43612,51.78917],[19.36844,51.80261],[19.36827,51.80259],[19.36814,51.80257]]},"properties":{"line":"5","dir":"0","mode":"tram"}},{"type":"Feature","geometry":{"type":"LineString","coordinates":[[19.36817,51.8025],[19.36827,51.80253],[19.36851,51.80256],[19.36896,51.80246],[19.37062,51.80212],[19.37285,51.80167],[19.3744,51.80136],[19.3754,51.80113],[19.37613,51.80101],[19.40733,51.79483],[19.42183,51.79199],[19.42927,51.79038],[19.43565,51.78922],[19.449,51.78698],[19.45006,51.78363],[19.45065,51.78213],[19.45171,51.77868],[19.45412,51.77888],[19.45679,51.77913],[19.46002,51.77942],[19.46182,51.77753],[19.46231,51.77533],[19.46247,51.77467],[19.46256,51.77439],[19.46315,51.77182],[19.46493,51.76831],[19.46521,51.76765],[19.4653,51.76742],[19.46542,51.76697],[19.46555,51.76671],[19.46599,51.76578],[19.46639,51.76498],[19.46696,51.7638],[19.46735,51.76303],[19.46803,51.76166],[19.46834,51.76101],[19.46884,51.76011],[19.47012,51.75747],[19.47026,51.75704],[19.47117,51.7553],[19.47138,51.75486],[19.47143,51.75476],[19.4715,51.75461],[19.47159,51.75443],[19.47165,51.75433],[19.47172,51.75416],[19.47178,51.75407],[19.47187,51.75395],[19.47199,51.75379],[19.47222,51.75352],[19.47244,51.75307],[19.47305,51.75182],[19.47374,51.75046],[19.47384,51.74999],[19.47469,51.74817],[19.47472,51.74805],[19.47582,51.74583],[19.47674,51.7443],[19.47843,51.74058],[19.47867,51.73848],[19.47312,51.73909],[19.4716,51.73917],[19.47008,51.73912],[19.46858,51.73884],[19.46704,51.73852],[19.46636,51.73919],[19.4659,51.7397],[19.46572,51.73982],[19.46548,51.73992],[19.46524,51.73998],[19.46318,51.73987],[19.46308,51.73985],[19.463,51.73982],[19.4629,51.73978],[19.46284,51.73971],[19.46285,51.73957],[19.46285,51.73946],[19.46283,51.73936],[19.46273,51.73921],[19.46257,51.7391],[19.46056,51.73744],[19.45958,51.73669],[19.45917,51.73633],[19.45877,51.73599],[19.45374,51.73188],[19.45351,51.73182],[19.45329,51.73194],[19.45271,51.73188],[19.45247,51.73175],[19.45235,51.73159],[19.45235,51.73132],[19.45247,51.73109],[19.45257,51.73099],[19.45287,51.73092],[19.4532,51.73102],[19.45347,51.73104],[19.4538,51.73092],[19.45664,51.72942],[19.45675,51.72933],[19.45692,51.72928],[19.45949,51.72798],[19.46057,51.72744],[19.46136,51.72706],[19.46165,51.72695],[19.46217,51.72681],[19.46268,51.72667],[19.46313,51.72659],[19.46348,51.7265],[19.46371,51.72648],[19.46403,51.72648],[19.4675,51.72778],[19.46834,51.72809],[19.46952,51.72854],[19.46984,51.72866],[19.47175,51.72938],[19.4734,51.72998],[19.47411,51.7302],[19.4745,51.73028],[19.47457,51.73033],[19.47473,51.73038],[19.47487,51.73038],[19.475,51.73035],[19.47519,51.7302],[19.4758,51.72973],[19.47656,51.72915],[19.47685,51.7289],[19.47788,51.72788],[19.47863,51.72711],[19.47943,51.7263],[19.48004,51.7257],[19.48028,51.72542],[19.48051,51.7251],[19.48076,51.72477],[19.48169,51.72385],[19.48288,51.72264],[19.48295,51.72254],[19.48304,51.72239],[19.48328,51.72201],[19.48347,51.72176],[19.48385,51.72113],[19.48404,51.72083],[19.48424,51.7205],[19.48432,51.72037],[19.48438,51.72023],[19.48443,51.72012],[19.48454,51.71977],[19.48473,51.71906],[19.48495,51.71825],[19.48496,51.71784],[19.48562,51.71807]]},"properties":{"line":"5","dir":"1","mode":"tram"}},{"type":"Feature","geometry":{"type":"LineString","coordinates":[[19.55049,51.75843],[19.5492,51.7586],[19.53738,51.76074],[19.53721,51.76075],[19.537,51.76071],[19.53681,51.76055],[19.53597,51.75855],[19.53565,51.75774],[19.53554,51.75747],[19.53532,51.75704],[19.53507,51.75659],[19.53474,51.75621],[19.53452,51.75597],[19.5339,51.75542],[19.53172,51.75326],[19.53155,51.75301],[19.53141,51.75284],[19.53121,51.75272],[19.53095,51.75266],[19.52785,51.75252],[19.52705,51.75245],[19.52612,51.75234],[19.52518,51.75224],[19.52375,51.75208],[19.52147,51.75184],[19.52087,51.75177],[19.51494,51.75081],[19.50439,51.74959],[19.50265,51.74932],[19.50057,51.74896],[19.49318,51.74808],[19.49054,51.74777],[19.48589,51.74722],[19.48104,51.74637],[19.47838,51.74588],[19.47843,51.74058],[19.47867,51.73848],[19.47312,51.73909],[19.4716,51.73917],[19.47008,51.73912],[19.46858,51.73884],[19.46704,51.73852],[19.46636,51.73919],[19.4659,51.7397],[19.46572,51.73982],[19.46548,51.73992],[19.46524,51.73998],[19.46318,51.73987],[19.46308,51.73985],[19.463,51.73982],[19.4629,51.73978],[19.46284,51.73971],[19.46285,51.73957],[19.46285,51.73946],[19.46283,51.73936],[19.46273,51.73921],[19.46257,51.7391],[19.46056,51.73744],[19.45958,51.73669],[19.45917,51.73633],[19.45877,51.73599],[19.45374,51.73188],[19.45351,51.73182],[19.45329,51.73194],[19.45271,51.73188],[19.45247,51.73175],[19.45235,51.73159],[19.45235,51.73132],[19.45247,51.73109],[19.45257,51.73099],[19.45287,51.73092],[19.4532,51.73102],[19.45347,51.73104],[19.4538,51.73092],[19.45664,51.72942],[19.45675,51.72933],[19.45692,51.72928],[19.45949,51.72798],[19.46057,51.72744],[19.46136,51.72706],[19.46165,51.72695],[19.46217,51.72681],[19.46268,51.72667],[19.46313,51.72659],[19.46348,51.7265],[19.46371,51.72648],[19.46403,51.72648],[19.4675,51.72778],[19.46834,51.72809],[19.46952,51.72854],[19.46984,51.72866],[19.47175,51.72938],[19.4734,51.72998],[19.47411,51.7302],[19.4745,51.73028],[19.47457,51.73033],[19.47473,51.73038],[19.47487,51.73038],[19.475,51.73035],[19.47519,51.7302],[19.4758,51.72973],[19.47656,51.72915],[19.47685,51.7289],[19.47788,51.72788],[19.47863,51.72711],[19.47943,51.7263],[19.48004,51.7257],[19.48028,51.72542],[19.48051,51.7251],[19.48076,51.72477],[19.48169,51.72385],[19.48288,51.72264],[19.48295,51.72254],[19.48304,51.72239],[19.48328,51.72201],[19.48347,51.72176],[19.48385,51.72113],[19.48404,51.72083],[19.48424,51.7205],[19.48432,51.72037],[19.48438,51.72023],[19.48443,51.72012],[19.48454,51.71977],[19.48473,51.71906],[19.48495,51.71825],[19.48496,51.71784],[19.48562,51.71807]]},"properties":{"line":"6","dir":"0","mode":"tram"}},{"type":"Feature","geometry":{"type":"LineString","coordinates":[[19.48596,51.71825],[19.48588,51.71817],[19.48576,51.71814],[19.48565,51.71813],[19.48556,51.71813],[19.48545,51.71814],[19.48523,51.71816],[19.48519,51.71817],[19.48513,51.71819],[19.48506,51.71824],[19.48499,51.71834],[19.48481,51.71901],[19.48467,51.71949],[19.48454,51.71994],[19.48445,51.72021],[19.48438,51.72038],[19.48431,51.7205],[19.48403,51.72095],[19.48385,51.72124],[19.48358,51.72163],[19.48313,51.72233],[19.4831,51.72245],[19.48298,51.72262],[19.48284,51.72273],[19.4827,51.72291],[19.48206,51.72355],[19.4814,51.72422],[19.481,51.72462],[19.48087,51.72476],[19.48045,51.72525],[19.48028,51.72549],[19.48013,51.72565],[19.47961,51.72618],[19.47916,51.72664],[19.47765,51.72816],[19.47694,51.72886],[19.47673,51.72908],[19.4765,51.72926],[19.47607,51.72958],[19.47565,51.72989],[19.47542,51.73006],[19.47514,51.73031],[19.4751,51.73034],[19.47501,51.73039],[19.47495,51.73041],[19.47488,51.73042],[19.47482,51.73043],[19.47475,51.73043],[19.47464,51.73043],[19.47453,51.73041],[19.47347,51.73006],[19.47229,51.72962],[19.47146,51.72931],[19.4709,51.7291],[19.47003,51.72878],[19.46922,51.72847],[19.46831,51.72811],[19.46792,51.72798],[19.46577,51.72717],[19.46521,51.72695],[19.46439,51.72666],[19.46405,51.72654],[19.46394,51.7265],[19.4638,51.72649],[19.46366,51.7265],[19.46352,51.72654],[19.46276,51.72671],[19.46229,51.72682],[19.46189,51.72691],[19.46169,51.72699],[19.46132,51.72712],[19.46094,51.7273],[19.45873,51.72841],[19.45811,51.72872],[19.45782,51.72888],[19.45751,51.72904],[19.45732,51.72913],[19.45695,51.72931],[19.45639,51.7296],[19.45573,51.72994],[19.45487,51.73039],[19.45414,51.73078],[19.45379,51.73095],[19.45362,51.73104],[19.45354,51.73115],[19.45369,51.73139],[19.45363,51.73158],[19.45371,51.73178],[19.45404,51.73209],[19.45426,51.73226],[19.45483,51.73274],[19.45526,51.73308],[19.456,51.73366],[19.45746,51.73482],[19.45805,51.73532],[19.46286,51.73927],[19.46293,51.73946],[19.46291,51.73962],[19.46295,51.7397],[19.46305,51.73977],[19.46324,51.7398],[19.46356,51.73981],[19.46437,51.73987],[19.46464,51.73989],[19.46503,51.73986],[19.46554,51.73981],[19.46569,51.73977],[19.46584,51.73968],[19.46709,51.73843],[19.46931,51.73886],[19.47016,51.73897],[19.47131,51.73904],[19.47225,51.73905],[19.47315,51.73896],[19.47868,51.73843],[19.47861,51.74056],[19.47852,51.7408],[19.47791,51.74198],[19.47781,51.74218],[19.47609,51.74543],[19.48457,51.74704],[19.48557,51.74719],[19.48781,51.74743],[19.49251,51.74795],[19.4932,51.74804],[19.49578,51.74838],[19.49718,51.74853],[19.50299,51.74936],[19.50377,51.74947],[19.5071,51.74987],[19.51542,51.75083],[19.52087,51.75173],[19.52207,51.75186],[19.52241,51.75191],[19.52528,51.75223],[19.5276,51.75247],[19.53056,51.7526],[19.53116,51.75268],[19.53146,51.75284],[19.53456,51.75596],[19.53527,51.75677],[19.53584,51.75808],[19.53691,51.76056],[19.53705,51.76067],[19.53721,51.7607],[19.53736,51.76071],[19.54138,51.75999],[19.54988,51.7584],[19.55113,51.7581]]},"properties":{"line":"6","dir":"1","mode":"tram"}},{"type":"Feature","geometry":{"type":"LineString","coordinates":[[19.5203,51.74908],[19.52057,51.74898],[19.52086,51.74898],[19.52113,51.74907],[19.52045,51.7514],[19.52033,51.75157],[19.52023,51.75161],[19.52007,51.75163],[19.51521,51.75084],[19.50439,51.74959],[19.50265,51.74932],[19.50057,51.74896],[19.49318,51.74808],[19.49054,51.74777],[19.48589,51.74722],[19.48104,51.74637],[19.47838,51.74588],[19.47614,51.7455],[19.47503,51.74768],[19.47429,51.74907],[19.47398,51.7497],[19.47387,51.74992],[19.47383,51.75028],[19.47368,51.75067],[19.47244,51.75317],[19.47223,51.75359],[19.47204,51.75379],[19.47188,51.75395],[19.47178,51.75407],[19.47172,51.75416],[19.47165,51.75433],[19.47159,51.75443],[19.4715,51.75461],[19.47143,51.75476],[19.47138,51.75486],[19.47125,51.75515],[19.47103,51.7556],[19.47092,51.75578],[19.47081,51.75605],[19.47073,51.75619],[19.47051,51.75664],[19.47033,51.75702],[19.47027,51.75712],[19.47023,51.7572],[19.47015,51.75741],[19.47007,51.75756],[19.46985,51.75806],[19.46949,51.75882],[19.46905,51.75972],[19.46879,51.76026],[19.46162,51.75962],[19.45926,51.75943],[19.45876,51.75937],[19.4561,51.75923],[19.45588,51.7593],[19.45572,51.75942],[19.45554,51.76026],[19.45544,51.76069],[19.45534,51.7612],[19.45517,51.76186],[19.45514,51.76205],[19.45514,51.76212],[19.45503,51.76267],[19.45484,51.76353],[19.4547,51.76406],[19.45461,51.76454],[19.45458,51.76471],[19.45446,51.76517],[19.45444,51.76526],[19.45438,51.7655],[19.45426,51.76599],[19.45403,51.76715],[19.45395,51.76745],[19.45354,51.76952],[19.45352,51.76964],[19.45347,51.76991],[19.45339,51.77073],[19.45335,51.77098],[19.45323,51.77141],[19.45317,51.77161],[19.453,51.77249],[19.453,51.77274],[19.45291,51.77296],[19.45276,51.77377],[19.4522,51.7764],[19.45215,51.77648],[19.45201,51.77654],[19.44825,51.77622],[19.44825,51.77622],[19.44766,51.77617],[19.44731,51.77612],[19.44717,51.77611],[19.44654,51.77606],[19.44637,51.77605],[19.44623,51.77603],[19.44614,51.77601],[19.44606,51.77599],[19.44541,51.77578],[19.4441,51.77533],[19.44358,51.77515],[19.44354,51.77513],[19.44353,51.77514],[19.44346,51.77509],[19.44313,51.77517],[19.44231,51.77522],[19.44216,51.77524],[19.44217,51.77528],[19.44076,51.77536],[19.44035,51.77539],[19.43818,51.77558],[19.43714,51.77567]]},"properties":{"line":"7","dir":"0","mode":"tram"}},{"type":"Feature","geometry":{"type":"LineString","coordinates":[[19.43761,51.77563],[19.44035,51.77539],[19.44076,51.77536],[19.44297,51.77511],[19.44346,51.77509],[19.44354,51.77513],[19.4441,51.77533],[19.44541,51.77578],[19.44606,51.77599],[19.44614,51.77601],[19.44623,51.77603],[19.44637,51.77605],[19.44654,51.77606],[19.44705,51.77606],[19.44731,51.77611],[19.44766,51.77617],[19.45104,51.77645],[19.45176,51.77652],[19.45201,51.77654],[19.45245,51.77449],[19.4526,51.77413],[19.45332,51.77086],[19.45338,51.77059],[19.45366,51.76862],[19.45432,51.76555],[19.45451,51.76463],[19.45447,51.76454],[19.45458,51.76444],[19.45466,51.76409],[19.45497,51.76267],[19.45571,51.75915],[19.4561,51.75909],[19.45839,51.75932],[19.4638,51.75978],[19.46424,51.75981],[19.46879,51.7602],[19.47117,51.7553],[19.47138,51.75486],[19.47143,51.75476],[19.4715,51.75461],[19.47159,51.75443],[19.47165,51.75433],[19.47172,51.75416],[19.47178,51.75407],[19.47187,51.75395],[19.47199,51.75379],[19.47222,51.75352],[19.47244,51.75307],[19.47305,51.75182],[19.47374,51.75046],[19.47384,51.74999],[19.47469,51.74817],[19.47472,51.74805],[19.47606,51.74544],[19.48457,51.74704],[19.48557,51.74719],[19.48781,51.74743],[19.49251,51.74795],[19.4932,51.74804],[19.49578,51.74838],[19.49718,51.74853],[19.50299,51.74936],[19.50377,51.74947],[19.5071,51.74987],[19.52009,51.75159],[19.52028,51.75153],[19.52054,51.75094],[19.52067,51.75053],[19.52067,51.75043],[19.52063,51.75031],[19.52048,51.75017],[19.52018,51.75],[19.52008,51.74992],[19.52004,51.74981],[19.52007,51.74971]]},"properties":{"line":"7","dir":"1","mode":"tram"}},{"type":"Feature","geometry":{"type":"LineString","coordinates":[[19.36817,51.8025],[19.36827,51.80253],[19.36851,51.80256],[19.36896,51.80246],[19.37062,51.80212],[19.37285,51.80167],[19.3744,51.80136],[19.3754,51.80113],[19.37613,51.80101],[19.40733,51.79483],[19.42078,51.79207],[19.421,51.79198],[19.4211,51.79188],[19.4212,51.79176],[19.4212,51.79162],[19.42101,51.79105],[19.42097,51.79025],[19.42116,51.78567],[19.42116,51.78567],[19.4213,51.78012],[19.4212,51.77769],[19.42045,51.77367],[19.42124,51.77247],[19.4218,51.77215],[19.4218,51.77215],[19.42561,51.76934],[19.42574,51.76869],[19.42604,51.76823],[19.42934,51.76334],[19.43159,51.76067],[19.43343,51.75817],[19.4343,51.75672],[19.43455,51.7564],[19.43484,51.75603],[19.43851,51.75601],[19.44084,51.75618],[19.44914,51.75803],[19.44996,51.75823],[19.45253,51.75873],[19.45493,51.75904],[19.45839,51.75932],[19.4638,51.75978],[19.46424,51.75981],[19.47118,51.76042],[19.47408,51.76066],[19.47474,51.76071],[19.47647,51.76085],[19.4782,51.76089],[19.48173,51.76123],[19.48675,51.76164],[19.49111,51.76201],[19.49189,51.76209],[19.49227,51.76212],[19.49307,51.76218],[19.49496,51.76231],[19.49716,51.76253],[19.49808,51.76258],[19.50013,51.76277],[19.50218,51.76292],[19.50236,51.76294],[19.50449,51.7631],[19.5089,51.76345],[19.50985,51.76353],[19.51152,51.76365],[19.51301,51.76371],[19.5138,51.76373],[19.51513,51.76375],[19.5167,51.76372],[19.51701,51.76373],[19.51749,51.76373],[19.51869,51.76375],[19.51977,51.76373],[19.5211,51.76362],[19.52152,51.76355],[19.52208,51.76348],[19.5231,51.7633],[19.52404,51.7631],[19.52548,51.76285],[19.52599,51.76277],[19.52759,51.76247],[19.52778,51.7624],[19.52799,51.7624],[19.52869,51.76229],[19.53368,51.76138],[19.5365,51.76086],[19.53668,51.76078],[19.53679,51.76068],[19.53681,51.76058],[19.53661,51.75999],[19.53597,51.75855],[19.53565,51.75774],[19.53554,51.75747],[19.53532,51.75704],[19.53507,51.75659],[19.53474,51.75621],[19.53452,51.75597],[19.5339,51.75542],[19.53172,51.75326],[19.53155,51.75301],[19.53141,51.75284],[19.53121,51.75272],[19.53095,51.75266],[19.52785,51.75252],[19.52705,51.75245],[19.52612,51.75234],[19.52518,51.75224],[19.52375,51.75208],[19.52147,51.75184],[19.52117,51.75181],[19.52048,51.75166],[19.52036,51.75155],[19.52054,51.75094],[19.52067,51.75053],[19.52067,51.75043],[19.52063,51.75031],[19.52048,51.75017],[19.52018,51.75],[19.52008,51.74992],[19.52004,51.74981],[19.52007,51.74971]]},"properties":{"line":"8","dir":"0","mode":"tram"}},{"type":"Feature","geometry":{"type":"LineString","coordinates":[[19.5203,51.74908],[19.52057,51.74898],[19.52086,51.74898],[19.52113,51.74907],[19.52042,51.75148],[19.52058,51.75167],[19.52146,51.75181],[19.52241,51.75191],[19.52528,51.75223],[19.5276,51.75247],[19.53056,51.7526],[19.53116,51.75268],[19.53146,51.75284],[19.53456,51.75596],[19.53527,51.75677],[19.53584,51.75808],[19.53699,51.7608],[19.53146,51.76183],[19.52781,51.7625],[19.52644,51.76274],[19.51849,51.76418],[19.5166,51.7642],[19.51578,51.76415],[19.51375,51.76387],[19.50628,51.76328],[19.50235,51.76298],[19.50165,51.76293],[19.49647,51.7625],[19.49323,51.76222],[19.48313,51.76138],[19.48194,51.76128],[19.48045,51.76113],[19.48029,51.76112],[19.47947,51.76104],[19.4791,51.76101],[19.4783,51.76096],[19.47772,51.76093],[19.47674,51.76089],[19.47472,51.76078],[19.47403,51.76071],[19.47344,51.76066],[19.47172,51.76051],[19.4695,51.76032],[19.46872,51.76024],[19.46782,51.76017],[19.46371,51.75981],[19.4628,51.75974],[19.45381,51.75897],[19.45113,51.75854],[19.45019,51.75836],[19.44934,51.75817],[19.4491,51.75813],[19.4416,51.75638],[19.44037,51.75617],[19.43896,51.75603],[19.4368,51.75602],[19.43541,51.75605],[19.43483,51.75613],[19.43434,51.75692],[19.43349,51.75825],[19.43349,51.75825],[19.43303,51.7589],[19.43253,51.75959],[19.43214,51.76011],[19.43167,51.76066],[19.43043,51.76211],[19.43039,51.76213],[19.43034,51.76223],[19.43025,51.76233],[19.43018,51.76244],[19.42999,51.76269],[19.42973,51.76306],[19.42964,51.76317],[19.4295,51.76335],[19.42937,51.76351],[19.42922,51.76373],[19.42819,51.7652],[19.42728,51.7665],[19.42681,51.76716],[19.42672,51.76728],[19.42582,51.7691],[19.42519,51.76973],[19.42142,51.77253],[19.42098,51.77286],[19.42069,51.77327],[19.42055,51.77366],[19.42055,51.77404],[19.42079,51.77472],[19.42132,51.77744],[19.4213,51.77761],[19.42142,51.77835],[19.42152,51.77893],[19.4215,51.78023],[19.42141,51.78226],[19.4213,51.78492],[19.42132,51.78523],[19.42128,51.78536],[19.42129,51.78822],[19.42114,51.7893],[19.42105,51.79113],[19.42132,51.79176],[19.42097,51.79207],[19.36844,51.80261],[19.36827,51.80259],[19.36814,51.80257]]},"properties":{"line":"8","dir":"1","mode":"tram"}},{"type":"Feature","geometry":{"type":"LineString","coordinates":[[19.57663,51.7345],[19.57626,51.73472],[19.57591,51.73473],[19.5728,51.73432],[19.56878,51.73376],[19.56856,51.73378],[19.56838,51.73389],[19.5683,51.73406],[19.56782,51.73532],[19.5675,51.73617],[19.56724,51.73646],[19.56614,51.73726],[19.5661,51.73748],[19.56625,51.73765],[19.56711,51.73817],[19.56792,51.73866],[19.56852,51.73912],[19.569,51.7398],[19.56993,51.74131],[19.56907,51.74048],[19.572,51.74699],[19.57255,51.74749],[19.57463,51.75191],[19.57486,51.75238],[19.57522,51.75314],[19.57514,51.75392],[19.57479,51.75386],[19.55634,51.75719],[19.55332,51.75752],[19.5492,51.7586],[19.53877,51.76051],[19.52783,51.7625],[19.52644,51.76274],[19.51849,51.76418],[19.5166,51.7642],[19.51578,51.76415],[19.51375,51.76387],[19.50628,51.76328],[19.50235,51.76298],[19.50165,51.76293],[19.49647,51.7625],[19.49323,51.76222],[19.49314,51.76222],[19.49299,51.76222],[19.49196,51.76213],[19.49137,51.76207],[19.49058,51.762],[19.48893,51.76185],[19.48738,51.76173],[19.48588,51.76159],[19.48548,51.76157],[19.48519,51.76165],[19.48507,51.76168],[19.48498,51.76174],[19.48488,51.76213],[19.48473,51.76283],[19.48447,51.76414],[19.4843,51.76495],[19.48425,51.76555],[19.48424,51.76584],[19.484,51.76704],[19.48388,51.76764],[19.48341,51.76983],[19.48313,51.77125],[19.48286,51.77245],[19.48281,51.77276],[19.48278,51.77284],[19.48273,51.7729],[19.4827,51.77292],[19.48266,51.77294],[19.48257,51.77297],[19.48248,51.77299],[19.48235,51.77299],[19.48019,51.7728],[19.47825,51.77263],[19.47666,51.77249],[19.47637,51.77247],[19.47514,51.77236],[19.47408,51.77226],[19.47178,51.77206],[19.47124,51.77202],[19.46962,51.77189],[19.46774,51.77168],[19.46684,51.77159],[19.46676,51.77157],[19.46669,51.77154],[19.46661,51.77149],[19.46657,51.77143],[19.46656,51.77139],[19.46656,51.77135],[19.46659,51.77125],[19.46664,51.77111],[19.46674,51.77086],[19.46693,51.77036],[19.46695,51.7703],[19.46694,51.77025],[19.46693,51.77022],[19.4669,51.77017],[19.46686,51.77014],[19.4668,51.77011],[19.46671,51.77008],[19.46624,51.76998]]},"properties":{"line":"9","dir":"0","mode":"tram"}},{"type":"Feature","geometry":{"type":"LineString","coordinates":[[19.46533,51.76981],[19.46475,51.7697],[19.46465,51.76968],[19.46455,51.76968],[19.46445,51.76969],[19.46436,51.76972],[19.46428,51.76976],[19.46418,51.76984],[19.46403,51.77017],[19.4638,51.77062],[19.46366,51.77091],[19.46366,51.77099],[19.46367,51.77105],[19.46374,51.77113],[19.4638,51.77117],[19.4639,51.7712],[19.46615,51.7714],[19.46628,51.77142],[19.46636,51.77143],[19.46662,51.77151],[19.46674,51.77154],[19.46683,51.77156],[19.46765,51.77164],[19.46789,51.77167],[19.46827,51.77172],[19.46878,51.77177],[19.46969,51.77186],[19.4736,51.7722],[19.47483,51.7723],[19.47694,51.77248],[19.4789,51.77266],[19.47998,51.77275],[19.48122,51.77286],[19.4823,51.77296],[19.48242,51.77296],[19.48253,51.77294],[19.4826,51.77291],[19.48266,51.77288],[19.48271,51.77283],[19.48274,51.77278],[19.48276,51.77271],[19.48298,51.77167],[19.48328,51.77021],[19.4838,51.7677],[19.48388,51.76724],[19.48393,51.76712],[19.48416,51.76599],[19.48422,51.76562],[19.48422,51.76517],[19.48427,51.76479],[19.4844,51.76426],[19.48468,51.76291],[19.48478,51.76236],[19.48472,51.76177],[19.48499,51.7615],[19.4864,51.76159],[19.48675,51.76164],[19.49111,51.76201],[19.49189,51.76209],[19.49227,51.76212],[19.49307,51.76218],[19.49496,51.76231],[19.49716,51.76253],[19.49808,51.76258],[19.50013,51.76277],[19.50218,51.76292],[19.50236,51.76294],[19.50449,51.7631],[19.5089,51.76345],[19.50985,51.76353],[19.51152,51.76365],[19.51301,51.76371],[19.5138,51.76373],[19.51513,51.76375],[19.5167,51.76372],[19.51701,51.76373],[19.51749,51.76373],[19.51869,51.76375],[19.51977,51.76373],[19.5211,51.76362],[19.52152,51.76355],[19.52208,51.76348],[19.5231,51.7633],[19.52404,51.7631],[19.52548,51.76285],[19.52599,51.76277],[19.52759,51.76247],[19.52778,51.7624],[19.54138,51.75999],[19.54988,51.7584],[19.55192,51.7578],[19.55377,51.75747],[19.55673,51.75719],[19.56533,51.75546],[19.56619,51.7554],[19.57257,51.75415],[19.57463,51.75376],[19.57487,51.75372],[19.57519,51.75349],[19.57516,51.75315],[19.57482,51.75248],[19.57447,51.75173],[19.57428,51.75125],[19.57414,51.75088],[19.57383,51.75028],[19.57309,51.74872],[19.57244,51.74738],[19.57213,51.74683],[19.57069,51.7437],[19.56981,51.74168],[19.56956,51.7411],[19.56928,51.74051],[19.56922,51.74036],[19.56858,51.73928],[19.56773,51.73859],[19.56625,51.73771],[19.56607,51.73725],[19.56623,51.73707],[19.56735,51.73633],[19.56769,51.73588],[19.56809,51.73468],[19.5683,51.73392],[19.5684,51.7338],[19.56859,51.73371],[19.57445,51.7345],[19.57497,51.73448],[19.57524,51.7342],[19.57594,51.73338],[19.57628,51.73335],[19.57646,51.73344],[19.57656,51.73356],[19.57663,51.73384]]},"properties":{"line":"9","dir":"1","mode":"tram"}},{"type":"Feature","geometry":{"type":"LineString","coordinates":[[19.38457,51.7422],[19.38475,51.74232],[19.38511,51.74241],[19.38563,51.74257],[19.38972,51.74373],[19.39191,51.74435],[19.39225,51.74441],[19.3989,51.74632],[19.40345,51.74768],[19.40425,51.74794],[19.40468,51.74797],[19.4053,51.74802],[19.40625,51.74805],[19.40719,51.74797],[19.41296,51.74754],[19.41397,51.74745],[19.41619,51.74731],[19.41653,51.74727],[19.41688,51.74728],[19.42022,51.74776],[19.42054,51.74781],[19.421,51.7479],[19.42125,51.74802],[19.42157,51.74822],[19.42181,51.74841],[19.42268,51.74911],[19.42315,51.74949],[19.42396,51.75056],[19.4247,51.75152],[19.42541,51.75242],[19.42671,51.75416],[19.42736,51.75494],[19.4277,51.75531],[19.42818,51.75551],[19.42852,51.75557],[19.42903,51.75557],[19.43005,51.75558],[19.43052,51.75558],[19.43086,51.7556],[19.43146,51.75564],[19.43359,51.7558],[19.43455,51.75582],[19.43569,51.75594],[19.43652,51.75591],[19.43728,51.7559],[19.43783,51.7559],[19.43843,51.7559],[19.43902,51.75592],[19.43959,51.75596],[19.44015,51.75602],[19.44068,51.75609],[19.44121,51.75618],[19.44156,51.75626],[19.44165,51.75627],[19.44208,51.75637],[19.44652,51.75741],[19.44763,51.75764],[19.44891,51.75796],[19.44996,51.75823],[19.45253,51.75873],[19.45493,51.75904],[19.45839,51.75932],[19.4638,51.75978],[19.46424,51.75981],[19.47118,51.76042],[19.47408,51.76066],[19.47474,51.76071],[19.47647,51.76085],[19.4782,51.76089],[19.48173,51.76123],[19.48675,51.76164],[19.49111,51.76201],[19.49189,51.76209],[19.49227,51.76212],[19.49307,51.76218],[19.49496,51.76231],[19.49716,51.76253],[19.49808,51.76258],[19.50013,51.76277],[19.50218,51.76292],[19.50236,51.76294],[19.50449,51.7631],[19.5089,51.76345],[19.50985,51.76353],[19.51152,51.76365],[19.51301,51.76371],[19.5138,51.76373],[19.51513,51.76375],[19.5167,51.76372],[19.51701,51.76373],[19.51749,51.76373],[19.51869,51.76375],[19.51977,51.76373],[19.5211,51.76362],[19.52152,51.76355],[19.52208,51.76348],[19.5231,51.7633],[19.52404,51.7631],[19.52548,51.76285],[19.52599,51.76277],[19.52759,51.76247],[19.52778,51.7624],[19.54138,51.75999],[19.54988,51.7584],[19.55113,51.7581]]},"properties":{"line":"10A","dir":"0","mode":"tram"}},{"type":"Feature","geometry":{"type":"LineString","coordinates":[[19.55049,51.75843],[19.5492,51.7586],[19.53877,51.76051],[19.52783,51.7625],[19.52644,51.76274],[19.51849,51.76418],[19.5166,51.7642],[19.51578,51.76415],[19.51375,51.76387],[19.50628,51.76328],[19.50235,51.76298],[19.50165,51.76293],[19.49647,51.7625],[19.49323,51.76222],[19.48313,51.76138],[19.48194,51.76128],[19.48045,51.76113],[19.48029,51.76112],[19.47947,51.76104],[19.4791,51.76101],[19.4783,51.76096],[19.47772,51.76093],[19.47674,51.76089],[19.47472,51.76078],[19.47403,51.76071],[19.47344,51.76066],[19.47172,51.76051],[19.4695,51.76032],[19.46872,51.76024],[19.46782,51.76017],[19.46371,51.75981],[19.4628,51.75974],[19.45381,51.75897],[19.45113,51.75854],[19.45019,51.75836],[19.44934,51.75817],[19.44462,51.75704],[19.44208,51.75648],[19.44096,51.75623],[19.43982,51.75609],[19.43776,51.75601],[19.43488,51.75601],[19.43082,51.75566],[19.42967,51.75563],[19.42883,51.7556],[19.4284,51.75558],[19.42808,51.75551],[19.4278,51.75539],[19.42744,51.75513],[19.42512,51.75231],[19.42406,51.75074],[19.42349,51.74995],[19.42329,51.74977],[19.42314,51.74956],[19.42302,51.74946],[19.42209,51.74869],[19.42174,51.7484],[19.42164,51.74832],[19.42157,51.74826],[19.42143,51.74817],[19.42129,51.74808],[19.4211,51.74798],[19.42052,51.74784],[19.42032,51.74781],[19.4167,51.74733],[19.41337,51.74759],[19.41337,51.74759],[19.40628,51.74818],[19.40416,51.74794],[19.40339,51.74769],[19.39884,51.74637],[19.39219,51.7445],[19.38812,51.74331],[19.38556,51.74259],[19.38454,51.74248],[19.38363,51.74251],[19.38337,51.74249],[19.38319,51.74238],[19.38316,51.74226],[19.38328,51.74195],[19.38345,51.7418],[19.3837,51.7418],[19.38412,51.74195]]},"properties":{"line":"10A","dir":"1","mode":"tram"}},{"type":"Feature","geometry":{"type":"LineString","coordinates":[[19.38457,51.7422],[19.38475,51.74232],[19.38511,51.74241],[19.38563,51.74257],[19.38972,51.74373],[19.39191,51.74435],[19.39225,51.74441],[19.3989,51.74632],[19.40345,51.74768],[19.40425,51.74794],[19.40468,51.74797],[19.4053,51.74802],[19.40625,51.74805],[19.40719,51.74797],[19.41296,51.74754],[19.41397,51.74745],[19.41619,51.74731],[19.41653,51.74727],[19.41688,51.74728],[19.42022,51.74776],[19.42054,51.74781],[19.421,51.7479],[19.42125,51.74802],[19.42157,51.74822],[19.42181,51.74841],[19.42268,51.74911],[19.42315,51.74949],[19.42396,51.75056],[19.4247,51.75152],[19.42541,51.75242],[19.42671,51.75416],[19.42736,51.75494],[19.4277,51.75531],[19.42818,51.75551],[19.42852,51.75557],[19.42903,51.75557],[19.43005,51.75558],[19.43052,51.75558],[19.43086,51.7556],[19.43146,51.75564],[19.43359,51.7558],[19.43455,51.75582],[19.43569,51.75594],[19.43652,51.75591],[19.43728,51.7559],[19.43783,51.7559],[19.43843,51.7559],[19.43902,51.75592],[19.43959,51.75596],[19.44015,51.75602],[19.44068,51.75609],[19.44121,51.75618],[19.44156,51.75626],[19.44165,51.75627],[19.44208,51.75637],[19.44652,51.75741],[19.44763,51.75764],[19.44891,51.75796],[19.44996,51.75823],[19.45253,51.75873],[19.45493,51.75904],[19.45839,51.75932],[19.4638,51.75978],[19.46424,51.75981],[19.47118,51.76042],[19.47408,51.76066],[19.47474,51.76071],[19.47647,51.76085],[19.4782,51.76089],[19.48173,51.76123],[19.48675,51.76164],[19.49111,51.76201],[19.49189,51.76209],[19.49227,51.76212],[19.49307,51.76218],[19.49496,51.76231],[19.49716,51.76253],[19.49808,51.76258],[19.50013,51.76277],[19.50218,51.76292],[19.50236,51.76294],[19.50449,51.7631],[19.5089,51.76345],[19.50985,51.76353],[19.51152,51.76365],[19.51301,51.76371],[19.5138,51.76373],[19.51513,51.76375],[19.5167,51.76372],[19.51701,51.76373],[19.51749,51.76373],[19.51869,51.76375],[19.51977,51.76373],[19.5211,51.76362],[19.52152,51.76355],[19.52208,51.76348],[19.5231,51.7633],[19.52404,51.7631],[19.52548,51.76285],[19.52599,51.76277],[19.52759,51.76247],[19.52778,51.7624],[19.54138,51.75999],[19.54988,51.7584],[19.55192,51.7578],[19.55377,51.75747],[19.55673,51.75719],[19.56533,51.75546],[19.56619,51.7554],[19.57257,51.75415],[19.57463,51.75376],[19.57487,51.75372],[19.57519,51.75349],[19.57516,51.75315],[19.57482,51.75248],[19.57447,51.75173],[19.57428,51.75125],[19.57414,51.75088],[19.57383,51.75028],[19.57309,51.74872],[19.57244,51.74738],[19.57213,51.74683],[19.57069,51.7437],[19.56981,51.74168],[19.56956,51.7411],[19.56928,51.74051],[19.56922,51.74036],[19.56858,51.73928],[19.56773,51.73859],[19.56625,51.73771],[19.56607,51.73725],[19.56623,51.73707],[19.56735,51.73633],[19.56769,51.73588],[19.56809,51.73468],[19.5683,51.73392],[19.5684,51.7338],[19.56859,51.73371],[19.57445,51.7345],[19.57497,51.73448],[19.57524,51.7342],[19.57594,51.73338],[19.57628,51.73335],[19.57646,51.73344],[19.57656,51.73356],[19.57663,51.73384]]},"properties":{"line":"10B","dir":"0","mode":"tram"}},{"type":"Feature","geometry":{"type":"LineString","coordinates":[[19.57663,51.7345],[19.57626,51.73472],[19.57591,51.73473],[19.5728,51.73432],[19.56878,51.73376],[19.56856,51.73378],[19.56838,51.73389],[19.5683,51.73406],[19.56782,51.73532],[19.5675,51.73617],[19.56724,51.73646],[19.56614,51.73726],[19.5661,51.73748],[19.56625,51.73765],[19.56711,51.73817],[19.56792,51.73866],[19.56852,51.73912],[19.569,51.7398],[19.56993,51.74131],[19.56907,51.74048],[19.572,51.74699],[19.57255,51.74749],[19.57463,51.75191],[19.57486,51.75238],[19.57522,51.75314],[19.57514,51.75392],[19.57479,51.75386],[19.55634,51.75719],[19.55332,51.75752],[19.5492,51.7586],[19.53877,51.76051],[19.52783,51.7625],[19.52644,51.76274],[19.51849,51.76418],[19.5166,51.7642],[19.51578,51.76415],[19.51375,51.76387],[19.50628,51.76328],[19.50235,51.76298],[19.50165,51.76293],[19.49647,51.7625],[19.49323,51.76222],[19.48313,51.76138],[19.48194,51.76128],[19.48045,51.76113],[19.48029,51.76112],[19.47947,51.76104],[19.4791,51.76101],[19.4783,51.76096],[19.47772,51.76093],[19.47674,51.76089],[19.47472,51.76078],[19.47403,51.76071],[19.47344,51.76066],[19.47172,51.76051],[19.4695,51.76032],[19.46872,51.76024],[19.46782,51.76017],[19.46371,51.75981],[19.4628,51.75974],[19.45381,51.75897],[19.45113,51.75854],[19.45019,51.75836],[19.44934,51.75817],[19.44462,51.75704],[19.44208,51.75648],[19.44096,51.75623],[19.43982,51.75609],[19.43776,51.75601],[19.43488,51.75601],[19.43082,51.75566],[19.42967,51.75563],[19.42883,51.7556],[19.4284,51.75558],[19.42808,51.75551],[19.4278,51.75539],[19.42744,51.75513],[19.42512,51.75231],[19.42406,51.75074],[19.42349,51.74995],[19.42329,51.74977],[19.42314,51.74956],[19.42302,51.74946],[19.42209,51.74869],[19.42174,51.7484],[19.42164,51.74832],[19.42157,51.74826],[19.42143,51.74817],[19.42129,51.74808],[19.4211,51.74798],[19.42052,51.74784],[19.42032,51.74781],[19.4167,51.74733],[19.41337,51.74759],[19.41337,51.74759],[19.40628,51.74818],[19.40416,51.74794],[19.40339,51.74769],[19.39884,51.74637],[19.39219,51.7445],[19.38812,51.74331],[19.38556,51.74259],[19.38454,51.74248],[19.38363,51.74251],[19.38337,51.74249],[19.38319,51.74238],[19.38316,51.74226],[19.38328,51.74195],[19.38345,51.7418],[19.3837,51.7418],[19.38412,51.74195]]},"properties":{"line":"10B","dir":"1","mode":"tram"}},{"type":"Feature","geometry":{"type":"LineString","coordinates":[[19.4561,51.75923],[19.45588,51.7593],[19.45572,51.75942],[19.45554,51.76026],[19.45544,51.76069],[19.45534,51.7612],[19.45517,51.76186],[19.45514,51.76205],[19.45514,51.76212],[19.45503,51.76267],[19.45484,51.76353],[19.4547,51.76406],[19.45461,51.76454],[19.45458,51.76471],[19.45446,51.76517],[19.45444,51.76526],[19.45438,51.7655],[19.45426,51.76599],[19.45403,51.76715],[19.45395,51.76745],[19.45354,51.76952],[19.45352,51.76964],[19.45347,51.76991],[19.45339,51.77073],[19.45335,51.77098],[19.45323,51.77141],[19.45317,51.77161],[19.453,51.77249],[19.453,51.77274],[19.45291,51.77296],[19.45276,51.77377],[19.45226,51.77617],[19.45212,51.77671],[19.45195,51.77763],[19.45194,51.77775],[19.45179,51.77835],[19.45176,51.77893],[19.45159,51.77958],[19.4515,51.77985],[19.45099,51.78119],[19.45081,51.78174],[19.45071,51.78214],[19.45015,51.78385],[19.44956,51.78567],[19.44916,51.78691],[19.44911,51.78725],[19.44911,51.78753],[19.44913,51.78833],[19.44919,51.78872],[19.44933,51.78926],[19.44929,51.79012],[19.44913,51.79061],[19.44895,51.791],[19.44868,51.79142],[19.44803,51.79229],[19.44732,51.79328],[19.44612,51.79493],[19.44547,51.79584],[19.44487,51.79666],[19.44461,51.79705],[19.44461,51.79714],[19.44447,51.79723],[19.44401,51.79792],[19.44365,51.79849],[19.44329,51.79899],[19.44231,51.80024],[19.44198,51.80081],[19.43987,51.80574],[19.43959,51.80642],[19.43953,51.8066],[19.43944,51.80676],[19.43916,51.80739],[19.4391,51.80754],[19.43896,51.80778],[19.43883,51.80805],[19.43843,51.80865],[19.43843,51.80877],[19.43835,51.80885],[19.43809,51.80927],[19.43715,51.81081],[19.43696,51.81112],[19.43652,51.81182],[19.43645,51.81195],[19.43628,51.81225],[19.43582,51.81297],[19.43546,51.8136],[19.43534,51.81378],[19.43516,51.81395],[19.43458,51.81448],[19.43444,51.81464],[19.43393,51.81546],[19.43381,51.81566],[19.43349,51.81666],[19.43335,51.8171],[19.43211,51.81915],[19.4279,51.82615]]},"properties":{"line":"11","dir":"0","mode":"tram"}},{"type":"Feature","geometry":{"type":"LineString","coordinates":[[19.42646,51.82844],[19.42669,51.82807],[19.42739,51.82686],[19.42992,51.82266],[19.43011,51.8224],[19.43037,51.82194],[19.4329,51.81774],[19.43329,51.81709],[19.43344,51.81675],[19.43353,51.8162],[19.43383,51.81549],[19.43417,51.815],[19.43456,51.81443],[19.43494,51.81407],[19.43515,51.81389],[19.43526,51.81378],[19.43539,51.81362],[19.43621,51.81227],[19.43648,51.81178],[19.4371,51.8108],[19.43809,51.80914],[19.43814,51.80902],[19.43861,51.80833],[19.43894,51.8077],[19.4394,51.8067],[19.4394,51.80658],[19.43955,51.80626],[19.43976,51.80583],[19.44043,51.8043],[19.44117,51.80252],[19.44159,51.80158],[19.4421,51.80045],[19.44258,51.79981],[19.44297,51.7993],[19.44339,51.79876],[19.44378,51.79818],[19.44452,51.79702],[19.44466,51.79687],[19.44541,51.79583],[19.44633,51.79455],[19.44698,51.79365],[19.44719,51.79335],[19.44744,51.79302],[19.44772,51.79264],[19.44811,51.79208],[19.44868,51.7913],[19.44888,51.79101],[19.44914,51.79024],[19.44926,51.7893],[19.44913,51.78871],[19.44907,51.78837],[19.44905,51.78751],[19.45065,51.78213],[19.45144,51.77987],[19.4516,51.77927],[19.4517,51.77874],[19.45198,51.77712],[19.45198,51.77696],[19.45221,51.77603],[19.4526,51.77413],[19.45332,51.77086],[19.45338,51.77059],[19.45366,51.76862],[19.45432,51.76555],[19.45451,51.76463],[19.45447,51.76454],[19.45458,51.76444],[19.45466,51.76409],[19.45497,51.76267],[19.455,51.76239],[19.45529,51.76119],[19.45587,51.75849]]},"properties":{"line":"11","dir":"1","mode":"tram"}},{"type":"Feature","geometry":{"type":"LineString","coordinates":[[19.38457,51.7422],[19.38475,51.74232],[19.38511,51.74241],[19.38563,51.74257],[19.38972,51.74373],[19.39191,51.74435],[19.39225,51.74441],[19.3989,51.74632],[19.40345,51.74768],[19.40425,51.74794],[19.40468,51.74797],[19.4053,51.74802],[19.40625,51.74805],[19.40719,51.74797],[19.41296,51.74754],[19.41397,51.74745],[19.41619,51.74731],[19.41653,51.74727],[19.41688,51.74728],[19.42022,51.74776],[19.42054,51.74781],[19.421,51.7479],[19.42125,51.74802],[19.42157,51.74822],[19.42181,51.74841],[19.42268,51.74911],[19.42315,51.74949],[19.42396,51.75056],[19.4247,51.75152],[19.42541,51.75242],[19.42671,51.75416],[19.42736,51.75494],[19.4277,51.75531],[19.42818,51.75551],[19.42852,51.75557],[19.42903,51.75557],[19.43005,51.75558],[19.43052,51.75558],[19.43086,51.7556],[19.43146,51.75564],[19.43359,51.7558],[19.43455,51.75582],[19.43569,51.75594],[19.43652,51.75591],[19.43728,51.7559],[19.43783,51.7559],[19.43843,51.7559],[19.43902,51.75592],[19.43959,51.75596],[19.44015,51.75602],[19.44068,51.75609],[19.44121,51.75618],[19.44156,51.75626],[19.44165,51.75627],[19.44208,51.75637],[19.44652,51.75741],[19.44763,51.75764],[19.44891,51.75796],[19.44996,51.75823],[19.45253,51.75873],[19.45493,51.75904],[19.45839,51.75932],[19.4638,51.75978],[19.46424,51.75981],[19.46878,51.76022],[19.46871,51.76039],[19.46865,51.76053],[19.46774,51.76236],[19.46753,51.76277],[19.46629,51.76526],[19.46591,51.76605],[19.46556,51.76676],[19.46546,51.76702],[19.46539,51.76733],[19.4653,51.7676],[19.46446,51.76929],[19.46455,51.76946],[19.4654,51.76971],[19.46594,51.76981],[19.46769,51.77007],[19.46896,51.77007],[19.47387,51.76982],[19.4742,51.76981],[19.4744,51.76974],[19.47456,51.76964],[19.47472,51.76954],[19.47486,51.76947],[19.47497,51.76943],[19.47703,51.76956],[19.4772,51.76958],[19.47718,51.76973],[19.47675,51.7718],[19.47666,51.77243],[19.47682,51.77245],[19.47702,51.77249],[19.47905,51.77266],[19.48201,51.77293],[19.48237,51.77296],[19.48288,51.77302],[19.4834,51.77305],[19.48576,51.77327],[19.48685,51.77337],[19.48816,51.77347],[19.48862,51.7735],[19.49005,51.77364],[19.49101,51.77374],[19.49138,51.77377],[19.49308,51.77392],[19.49376,51.77397],[19.49438,51.77412],[19.49477,51.77418],[19.49513,51.77422],[19.49566,51.77435],[19.49661,51.77467],[19.49677,51.7748],[19.49684,51.77492],[19.49683,51.77521],[19.49653,51.77663],[19.49643,51.77716],[19.49644,51.77726],[19.49655,51.77735],[19.4968,51.77738],[19.49773,51.77732],[19.49849,51.77724],[19.49895,51.77718],[19.49909,51.77717],[19.4993,51.77713],[19.49956,51.77707],[19.49983,51.77698],[19.50003,51.77689],[19.50024,51.7768],[19.50061,51.7766],[19.50076,51.77656],[19.5009,51.77653],[19.50104,51.77651],[19.50122,51.77652],[19.50134,51.77654],[19.50146,51.77656],[19.50155,51.77662],[19.50168,51.77671],[19.50199,51.77696],[19.50236,51.77726],[19.50287,51.77768],[19.50364,51.77831],[19.50434,51.77888],[19.50452,51.77902],[19.50484,51.77919],[19.50578,51.77967],[19.50603,51.7798],[19.5062,51.77994],[19.50625,51.78001],[19.50631,51.7801],[19.50637,51.7802],[19.50639,51.78029],[19.5065,51.78053],[19.50656,51.78068],[19.50674,51.78161],[19.50678,51.78192],[19.50683,51.78199],[19.50688,51.78207],[19.50696,51.78213],[19.50704,51.78217],[19.50713,51.78219],[19.50723,51.78221],[19.50735,51.78223],[19.50744,51.78223],[19.5092,51.78211],[19.50941,51.78211],[19.50964,51.78213],[19.50977,51.78213],[19.51166,51.78201],[19.51213,51.78201],[19.51323,51.78206],[19.51446,51.78217],[19.51542,51.78229],[19.51616,51.78244],[19.51926,51.78309],[19.52017,51.78328],[19.52055,51.78336],[19.52067,51.78336],[19.52107,51.78336],[19.52136,51.78334],[19.52184,51.7833],[19.52206,51.7833],[19.52223,51.78328],[19.52451,51.78306],[19.52578,51.78292],[19.52592,51.78291],[19.52719,51.78277],[19.52861,51.78259],[19.52902,51.78253],[19.52937,51.78246]]},"properties":{"line":"12","dir":"0","mode":"tram"}},{"type":"Feature","geometry":{"type":"LineString","coordinates":[[19.5294,51.78246],[19.52898,51.78246],[19.52653,51.78285],[19.52555,51.78295],[19.52517,51.78299],[19.52496,51.78301],[19.52445,51.78306],[19.52339,51.78316],[19.52109,51.7834],[19.52075,51.78342],[19.52014,51.78331],[19.51967,51.78321],[19.51887,51.78304],[19.51848,51.78296],[19.51745,51.78273],[19.51625,51.78246],[19.51485,51.78225],[19.51353,51.7821],[19.51185,51.78203],[19.51011,51.78214],[19.50806,51.78228],[19.50706,51.78229],[19.50669,51.78208],[19.50649,51.78095],[19.50639,51.78057],[19.50634,51.78023],[19.50622,51.78005],[19.50611,51.77993],[19.50593,51.77981],[19.50578,51.77972],[19.50534,51.77949],[19.50498,51.7793],[19.50478,51.7792],[19.50444,51.77902],[19.50428,51.77888],[19.50415,51.77879],[19.50378,51.7785],[19.50331,51.77814],[19.50311,51.77798],[19.50287,51.77775],[19.50259,51.77753],[19.50227,51.77726],[19.50209,51.77712],[19.50183,51.77689],[19.50156,51.77669],[19.50139,51.7766],[19.50115,51.77656],[19.50096,51.77656],[19.50082,51.77656],[19.50065,51.77663],[19.5003,51.7768],[19.50003,51.77689],[19.49963,51.77707],[19.49927,51.77716],[19.49879,51.77724],[19.498,51.77732],[19.49691,51.77744],[19.49667,51.77744],[19.49644,51.77735],[19.49636,51.77722],[19.49643,51.77689],[19.49651,51.77648],[19.49659,51.77607],[19.49667,51.77572],[19.49674,51.77539],[19.49674,51.77485],[19.49667,51.77476],[19.49653,51.77467],[19.49561,51.77438],[19.49523,51.77429],[19.49481,51.77422],[19.49443,51.77415],[19.49397,51.77402],[19.49333,51.77395],[19.49306,51.77393],[19.49079,51.77373],[19.49005,51.77373],[19.48968,51.77364],[19.48685,51.77338],[19.48575,51.77329],[19.48348,51.77305],[19.48313,51.77305],[19.47666,51.77249],[19.47637,51.77247],[19.47514,51.77236],[19.47408,51.77226],[19.47178,51.77206],[19.47124,51.77202],[19.46962,51.77189],[19.46774,51.77168],[19.46684,51.77159],[19.46676,51.77157],[19.46669,51.77154],[19.46661,51.77149],[19.46657,51.77143],[19.46656,51.77139],[19.46656,51.77135],[19.46659,51.77125],[19.46664,51.77111],[19.46674,51.77086],[19.46693,51.77036],[19.46695,51.7703],[19.46694,51.77025],[19.46693,51.77022],[19.4669,51.77017],[19.46686,51.77014],[19.4668,51.77011],[19.46671,51.77008],[19.46624,51.76998],[19.46428,51.76964],[19.46464,51.76891],[19.46493,51.76831],[19.46521,51.76765],[19.4653,51.76742],[19.46542,51.76697],[19.46555,51.76671],[19.46599,51.76578],[19.46639,51.76498],[19.46696,51.7638],[19.46735,51.76303],[19.46803,51.76166],[19.46834,51.76101],[19.46858,51.76044],[19.46853,51.76024],[19.46575,51.75999],[19.4628,51.75974],[19.45381,51.75897],[19.45113,51.75854],[19.45019,51.75836],[19.44934,51.75817],[19.44462,51.75704],[19.44208,51.75648],[19.44096,51.75623],[19.43982,51.75609],[19.43776,51.75601],[19.43488,51.75601],[19.43082,51.75566],[19.42967,51.75563],[19.42883,51.7556],[19.4284,51.75558],[19.42808,51.75551],[19.4278,51.75539],[19.42744,51.75513],[19.42512,51.75231],[19.42406,51.75074],[19.42349,51.74995],[19.42329,51.74977],[19.42314,51.74956],[19.42302,51.74946],[19.42209,51.74869],[19.42174,51.7484],[19.42164,51.74832],[19.42157,51.74826],[19.42143,51.74817],[19.42129,51.74808],[19.4211,51.74798],[19.42052,51.74784],[19.42032,51.74781],[19.4167,51.74733],[19.41337,51.74759],[19.41337,51.74759],[19.40628,51.74818],[19.40416,51.74794],[19.40339,51.74769],[19.39884,51.74637],[19.39219,51.7445],[19.38812,51.74331],[19.38556,51.74259],[19.38454,51.74248],[19.38363,51.74251],[19.38337,51.74249],[19.38319,51.74238],[19.38316,51.74226],[19.38328,51.74195],[19.38345,51.7418],[19.3837,51.7418],[19.38412,51.74195]]},"properties":{"line":"12","dir":"1","mode":"tram"}},{"type":"Feature","geometry":{"type":"LineString","coordinates":[[19.36817,51.8025],[19.36827,51.80253],[19.36851,51.80256],[19.36896,51.80246],[19.37062,51.80212],[19.37285,51.80167],[19.3744,51.80136],[19.3754,51.80113],[19.37613,51.80101],[19.40733,51.79483],[19.42078,51.79207],[19.421,51.79198],[19.4211,51.79188],[19.4212,51.79176],[19.4212,51.79162],[19.42101,51.79105],[19.42097,51.79025],[19.42116,51.78567],[19.42116,51.78567],[19.4213,51.78012],[19.4212,51.77769],[19.42045,51.77367],[19.42124,51.77247],[19.4218,51.77215],[19.4218,51.77215],[19.42561,51.76934],[19.42574,51.76869],[19.42604,51.76823],[19.42934,51.76334],[19.43159,51.76067],[19.43343,51.75817],[19.4343,51.75672],[19.43455,51.7564],[19.43484,51.75603],[19.43851,51.75601],[19.44084,51.75618],[19.44914,51.75803],[19.44996,51.75823],[19.45253,51.75873],[19.45493,51.75904],[19.45839,51.75932],[19.4638,51.75978],[19.46424,51.75981],[19.47118,51.76042],[19.47408,51.76066],[19.47474,51.76071],[19.47647,51.76085],[19.4782,51.76089],[19.48147,51.76118],[19.48485,51.76147],[19.48535,51.76144],[19.48629,51.76022],[19.48696,51.75952],[19.48713,51.75932],[19.48738,51.759],[19.48772,51.75855],[19.48838,51.75752],[19.48879,51.75684],[19.48895,51.75651],[19.48904,51.75629],[19.48914,51.75597],[19.48921,51.7556],[19.4893,51.75254],[19.48933,51.75199],[19.48935,51.75146],[19.48933,51.74999],[19.48933,51.74939],[19.48935,51.74913],[19.48946,51.74873],[19.48968,51.74803],[19.4897,51.74754],[19.4897,51.74668],[19.48967,51.74638],[19.48957,51.74561],[19.48948,51.7449],[19.48939,51.74422],[19.48926,51.74328],[19.48895,51.74104],[19.48888,51.74035],[19.48894,51.739],[19.48899,51.73835],[19.48886,51.73724],[19.48883,51.73709],[19.4888,51.73678],[19.48884,51.73578],[19.48889,51.73398],[19.48893,51.73309],[19.48895,51.7323],[19.4901,51.72893],[19.49023,51.72864],[19.49036,51.7283],[19.49055,51.7282],[19.49079,51.72817],[19.49098,51.72818],[19.49116,51.72823],[19.49125,51.72832],[19.49126,51.72846],[19.49119,51.72855],[19.49105,51.72861],[19.49086,51.72863],[19.49054,51.72865],[19.49037,51.72869],[19.49024,51.72882],[19.49018,51.729]]},"properties":{"line":"13","dir":"0","mode":"tram"}},{"type":"Feature","geometry":{"type":"LineString","coordinates":[[19.48955,51.73072],[19.48908,51.73203],[19.48901,51.73234],[19.48888,51.73572],[19.48885,51.73676],[19.48891,51.73705],[19.48892,51.73722],[19.48895,51.7375],[19.489,51.73788],[19.48904,51.7382],[19.48898,51.73925],[19.48893,51.7401],[19.48896,51.74083],[19.48927,51.74305],[19.48936,51.7436],[19.48983,51.74716],[19.48976,51.74731],[19.48975,51.748],[19.48939,51.74921],[19.48937,51.74956],[19.48939,51.75024],[19.48942,51.75119],[19.48929,51.75477],[19.48924,51.75537],[19.48923,51.75572],[19.48917,51.75605],[19.48907,51.7564],[19.48886,51.75684],[19.48757,51.75887],[19.48694,51.7596],[19.4858,51.76081],[19.48507,51.76148],[19.48444,51.76151],[19.48313,51.76138],[19.48194,51.76128],[19.48045,51.76113],[19.48029,51.76112],[19.47947,51.76104],[19.4791,51.76101],[19.4783,51.76096],[19.47772,51.76093],[19.47674,51.76089],[19.47472,51.76078],[19.47403,51.76071],[19.47344,51.76066],[19.47172,51.76051],[19.4695,51.76032],[19.46872,51.76024],[19.46782,51.76017],[19.46371,51.75981],[19.4628,51.75974],[19.45381,51.75897],[19.45113,51.75854],[19.45019,51.75836],[19.44934,51.75817],[19.4491,51.75813],[19.4416,51.75638],[19.44037,51.75617],[19.43896,51.75603],[19.4368,51.75602],[19.43541,51.75605],[19.43483,51.75613],[19.43434,51.75692],[19.43349,51.75825],[19.43349,51.75825],[19.43303,51.7589],[19.43253,51.75959],[19.43214,51.76011],[19.43167,51.76066],[19.43043,51.76211],[19.43039,51.76213],[19.43034,51.76223],[19.43025,51.76233],[19.43018,51.76244],[19.42999,51.76269],[19.42973,51.76306],[19.42964,51.76317],[19.4295,51.76335],[19.42937,51.76351],[19.42922,51.76373],[19.42819,51.7652],[19.42728,51.7665],[19.42681,51.76716],[19.42672,51.76728],[19.42582,51.7691],[19.42519,51.76973],[19.42142,51.77253],[19.42098,51.77286],[19.42069,51.77327],[19.42055,51.77366],[19.42055,51.77404],[19.42079,51.77472],[19.42132,51.77744],[19.4213,51.77761],[19.42142,51.77835],[19.42152,51.77893],[19.4215,51.78023],[19.42141,51.78226],[19.4213,51.78492],[19.42132,51.78523],[19.42128,51.78536],[19.42129,51.78822],[19.42114,51.7893],[19.42105,51.79113],[19.42132,51.79176],[19.42097,51.79207],[19.36844,51.80261],[19.36827,51.80259],[19.36814,51.80257]]},"properties":{"line":"13","dir":"1","mode":"tram"}},{"type":"Feature","geometry":{"type":"LineString","coordinates":[[19.50882,51.73617],[19.50866,51.73612],[19.50846,51.73606],[19.50831,51.73605],[19.50622,51.73605],[19.50584,51.73606],[19.50508,51.73612],[19.50403,51.73622],[19.50329,51.73628],[19.50277,51.73633],[19.50208,51.73639],[19.50011,51.73656],[19.4996,51.73661],[19.49909,51.73666],[19.49477,51.73703],[19.49402,51.73712],[19.49383,51.73711],[19.49004,51.73744],[19.4894,51.7375],[19.48932,51.73751],[19.48924,51.73754],[19.48915,51.73758],[19.48908,51.73764],[19.48902,51.73772],[19.489,51.73779],[19.489,51.73783],[19.48904,51.73819],[19.48895,51.73991],[19.48894,51.74052],[19.48931,51.74326],[19.48936,51.7436],[19.48983,51.74716],[19.48976,51.74731],[19.48975,51.748],[19.48939,51.74921],[19.48937,51.74956],[19.48939,51.75024],[19.48942,51.75119],[19.48929,51.75477],[19.48924,51.75537],[19.48923,51.75572],[19.48917,51.75605],[19.48907,51.7564],[19.48886,51.75684],[19.48757,51.75887],[19.48694,51.7596],[19.4858,51.76081],[19.48507,51.76148],[19.48444,51.76151],[19.48313,51.76138],[19.48194,51.76128],[19.48045,51.76113],[19.48029,51.76112],[19.47947,51.76104],[19.4791,51.76101],[19.4783,51.76096],[19.47772,51.76093],[19.47674,51.76089],[19.47472,51.76078],[19.47403,51.76071],[19.47344,51.76066],[19.47172,51.76051],[19.4695,51.76032],[19.46872,51.76024],[19.46782,51.76017],[19.46371,51.75981],[19.4628,51.75974],[19.45381,51.75897],[19.45113,51.75854],[19.45019,51.75836],[19.44934,51.75817],[19.44462,51.75704],[19.44208,51.75648],[19.44096,51.75623],[19.43982,51.75609],[19.43776,51.75601],[19.43488,51.75601],[19.43082,51.75566],[19.42967,51.75563],[19.42883,51.7556],[19.4284,51.75558],[19.42808,51.75551],[19.4278,51.75539],[19.42744,51.75513],[19.42512,51.75231],[19.42406,51.75074],[19.42349,51.74995],[19.42329,51.74977],[19.42314,51.74956],[19.42302,51.74946],[19.42209,51.74869],[19.42174,51.7484],[19.42164,51.74832],[19.42157,51.74826],[19.42143,51.74817],[19.42129,51.74808],[19.4211,51.74798],[19.42052,51.74784],[19.42032,51.74781],[19.4167,51.74733],[19.41337,51.74759],[19.41337,51.74759],[19.40628,51.74818],[19.40416,51.74794],[19.40339,51.74769],[19.39884,51.74637],[19.39219,51.7445],[19.38812,51.74331],[19.38556,51.74259],[19.38454,51.74248],[19.38363,51.74251],[19.38337,51.74249],[19.38319,51.74238],[19.38316,51.74226],[19.38328,51.74195],[19.38345,51.7418],[19.3837,51.7418],[19.38412,51.74195]]},"properties":{"line":"14","dir":"0","mode":"tram"}},{"type":"Feature","geometry":{"type":"LineString","coordinates":[[19.38457,51.7422],[19.38475,51.74232],[19.38511,51.74241],[19.38563,51.74257],[19.38972,51.74373],[19.39191,51.74435],[19.39225,51.74441],[19.3989,51.74632],[19.40345,51.74768],[19.40425,51.74794],[19.40468,51.74797],[19.4053,51.74802],[19.40625,51.74805],[19.40719,51.74797],[19.41296,51.74754],[19.41397,51.74745],[19.41619,51.74731],[19.41653,51.74727],[19.41688,51.74728],[19.42022,51.74776],[19.42054,51.74781],[19.421,51.7479],[19.42125,51.74802],[19.42157,51.74822],[19.42181,51.74841],[19.42268,51.74911],[19.42315,51.74949],[19.42396,51.75056],[19.4247,51.75152],[19.42541,51.75242],[19.42671,51.75416],[19.42736,51.75494],[19.4277,51.75531],[19.42818,51.75551],[19.42852,51.75557],[19.42903,51.75557],[19.43005,51.75558],[19.43052,51.75558],[19.43086,51.7556],[19.43146,51.75564],[19.43359,51.7558],[19.43455,51.75582],[19.43569,51.75594],[19.43652,51.75591],[19.43728,51.7559],[19.43783,51.7559],[19.43843,51.7559],[19.43902,51.75592],[19.43959,51.75596],[19.44015,51.75602],[19.44068,51.75609],[19.44121,51.75618],[19.44156,51.75626],[19.44165,51.75627],[19.44208,51.75637],[19.44652,51.75741],[19.44763,51.75764],[19.44891,51.75796],[19.44996,51.75823],[19.45253,51.75873],[19.45493,51.75904],[19.45839,51.75932],[19.4638,51.75978],[19.46424,51.75981],[19.47118,51.76042],[19.47408,51.76066],[19.47474,51.76071],[19.47647,51.76085],[19.4782,51.76089],[19.48147,51.76118],[19.48485,51.76147],[19.48535,51.76144],[19.48629,51.76022],[19.48696,51.75952],[19.48713,51.75932],[19.48738,51.759],[19.48772,51.75855],[19.48838,51.75752],[19.48879,51.75684],[19.48895,51.75651],[19.48904,51.75629],[19.48914,51.75597],[19.48921,51.7556],[19.4893,51.75254],[19.48933,51.75199],[19.48935,51.75146],[19.48933,51.74999],[19.48933,51.74939],[19.48935,51.74913],[19.48946,51.74873],[19.48968,51.74803],[19.4897,51.74754],[19.4897,51.74668],[19.48967,51.74638],[19.48957,51.74561],[19.48948,51.7449],[19.48939,51.74422],[19.48926,51.74328],[19.48895,51.74104],[19.48888,51.74035],[19.48894,51.739],[19.48899,51.73835],[19.48894,51.7377],[19.48895,51.73761],[19.48904,51.73756],[19.4891,51.73752],[19.48917,51.7375],[19.48927,51.73748],[19.49128,51.73731],[19.49435,51.73704],[19.49509,51.73695],[19.49547,51.73694],[19.49649,51.73685],[19.49883,51.73664],[19.49994,51.73651],[19.50214,51.73635],[19.50306,51.73624],[19.50402,51.73617],[19.50566,51.73603],[19.50805,51.73599],[19.50825,51.73599],[19.50844,51.73594],[19.50888,51.73577],[19.5094,51.73554],[19.50966,51.73546],[19.50987,51.73549],[19.51005,51.73558],[19.51013,51.73581],[19.51017,51.73617],[19.51017,51.73626],[19.51013,51.73635],[19.50997,51.73644],[19.50979,51.73647],[19.50965,51.73644],[19.50931,51.73638]]},"properties":{"line":"14","dir":"1","mode":"tram"}},{"type":"Feature","geometry":{"type":"LineString","coordinates":[[19.48596,51.71825],[19.48588,51.71817],[19.48576,51.71814],[19.48565,51.71813],[19.48556,51.71813],[19.48545,51.71814],[19.48523,51.71816],[19.48519,51.71817],[19.48513,51.71819],[19.48506,51.71824],[19.48499,51.71834],[19.48481,51.71901],[19.48467,51.71949],[19.48454,51.71994],[19.48445,51.72021],[19.48438,51.72038],[19.48431,51.7205],[19.48403,51.72095],[19.48385,51.72124],[19.48358,51.72163],[19.48313,51.72233],[19.4831,51.72245],[19.48298,51.72262],[19.48284,51.72273],[19.4827,51.72291],[19.48206,51.72355],[19.4814,51.72422],[19.481,51.72462],[19.48087,51.72476],[19.48045,51.72525],[19.48028,51.72549],[19.48013,51.72565],[19.47961,51.72618],[19.47916,51.72664],[19.47765,51.72816],[19.47694,51.72886],[19.47673,51.72908],[19.4765,51.72926],[19.47607,51.72958],[19.47565,51.72989],[19.47542,51.73006],[19.47514,51.73031],[19.4751,51.73034],[19.47501,51.73039],[19.47495,51.73041],[19.47488,51.73042],[19.47482,51.73043],[19.47475,51.73043],[19.47464,51.73043],[19.47453,51.73041],[19.47347,51.73006],[19.47229,51.72962],[19.47146,51.72931],[19.4709,51.7291],[19.47003,51.72878],[19.46922,51.72847],[19.46831,51.72811],[19.46792,51.72798],[19.46577,51.72717],[19.46521,51.72695],[19.46439,51.72666],[19.46405,51.72654],[19.46394,51.7265],[19.4638,51.72649],[19.46366,51.7265],[19.46352,51.72654],[19.46276,51.72671],[19.46229,51.72682],[19.46189,51.72691],[19.46169,51.72699],[19.46132,51.72712],[19.46094,51.7273],[19.45873,51.72841],[19.45811,51.72872],[19.45782,51.72888],[19.45751,51.72904],[19.45732,51.72913],[19.45695,51.72931],[19.45639,51.7296],[19.45573,51.72994],[19.45487,51.73039],[19.45414,51.73078],[19.45388,51.73095],[19.45369,51.73101],[19.45362,51.73106],[19.45356,51.73113],[19.45353,51.73122],[19.45353,51.73128],[19.45357,51.7314],[19.4536,51.73152],[19.45357,51.7316],[19.45356,51.73166],[19.45351,51.73173],[19.45346,51.73178],[19.45336,51.73184],[19.45323,51.73187],[19.45308,51.73191],[19.453,51.73194],[19.45292,51.73198],[19.45289,51.73201],[19.45286,51.73206],[19.45283,51.73215],[19.45282,51.73286],[19.45281,51.73365],[19.45279,51.73442],[19.45278,51.73513],[19.45277,51.7358],[19.45282,51.73608],[19.45276,51.7363],[19.45275,51.73659],[19.45273,51.73698],[19.45272,51.73767],[19.45271,51.73786],[19.45269,51.7381],[19.45266,51.73827],[19.45261,51.73854],[19.45244,51.73921],[19.4524,51.73962],[19.45229,51.73988],[19.4521,51.74065],[19.45195,51.74131],[19.45166,51.74259],[19.45159,51.74295],[19.45147,51.74351],[19.45141,51.74369],[19.4514,51.74402],[19.45131,51.74414],[19.45113,51.74495],[19.45095,51.74573],[19.45073,51.74673],[19.4501,51.74947],[19.45006,51.74974],[19.44986,51.75064],[19.44972,51.75126],[19.44958,51.75185],[19.44926,51.75352],[19.44894,51.75506],[19.44872,51.75619],[19.44857,51.75695],[19.44858,51.75734],[19.4485,51.75763],[19.44849,51.75774],[19.44841,51.75827],[19.44838,51.7585],[19.44813,51.75927],[19.4481,51.75945],[19.44801,51.75999],[19.44793,51.76021],[19.44787,51.76044],[19.44771,51.76113],[19.44766,51.76137],[19.44759,51.76171],[19.44757,51.76183],[19.44759,51.76192],[19.44766,51.76201],[19.4478,51.7621],[19.44798,51.76215],[19.44855,51.76232],[19.45023,51.76281],[19.45035,51.76287],[19.45038,51.7629],[19.45045,51.76295],[19.45047,51.76299],[19.45048,51.76303],[19.45046,51.76312],[19.45036,51.76345],[19.45028,51.7638],[19.45019,51.76418],[19.45006,51.76484],[19.44996,51.76543],[19.44978,51.76624],[19.44957,51.76722],[19.4494,51.76803],[19.44911,51.76936],[19.44897,51.76992],[19.44875,51.77104],[19.44854,51.77202],[19.44841,51.77262],[19.44831,51.77308],[19.44807,51.77422],[19.44775,51.77572],[19.44766,51.77598],[19.44769,51.77603],[19.44771,51.77607],[19.44774,51.7761],[19.44775,51.77612],[19.44783,51.77615],[19.44789,51.77617],[19.44793,51.77618],[19.448,51.77619],[19.45108,51.77645],[19.45203,51.77652],[19.45161,51.7787],[19.45412,51.77888],[19.45679,51.77913],[19.46002,51.77942],[19.4618,51.77761],[19.46188,51.77741],[19.46221,51.77742],[19.4682,51.77794],[19.4684,51.77792],[19.46871,51.77798],[19.46918,51.77802],[19.47082,51.77816],[19.47121,51.7782],[19.4735,51.7784],[19.47415,51.77843],[19.47447,51.77846],[19.47485,51.77852],[19.47638,51.77865],[19.47927,51.77889],[19.47953,51.77889],[19.48055,51.779],[19.48072,51.77901],[19.48097,51.77903],[19.4812,51.77903],[19.4815,51.77901],[19.48166,51.77899],[19.48182,51.77898],[19.48207,51.77895],[19.48257,51.7789],[19.48539,51.77859],[19.48557,51.77858],[19.48768,51.77835],[19.48876,51.77823],[19.48938,51.77817],[19.49132,51.77797],[19.49162,51.77794],[19.49192,51.7779],[19.49271,51.77775],[19.49393,51.77763],[19.49411,51.77761],[19.49445,51.7776],[19.4953,51.77757],[19.49665,51.77743],[19.49689,51.77741],[19.49773,51.77732],[19.49849,51.77724],[19.49895,51.77718],[19.49909,51.77717],[19.4993,51.77713],[19.49956,51.77707],[19.49983,51.77698],[19.50003,51.77689],[19.50024,51.7768],[19.50061,51.7766],[19.50076,51.77656],[19.5009,51.77653],[19.50104,51.77651],[19.50122,51.77652],[19.50134,51.77654],[19.50146,51.77656],[19.50155,51.77662],[19.50168,51.77671],[19.50199,51.77696],[19.50236,51.77726],[19.50287,51.77768],[19.50364,51.77831],[19.50434,51.77888],[19.50452,51.77902],[19.50484,51.77919],[19.50578,51.77967],[19.50603,51.7798],[19.5062,51.77994],[19.50625,51.78001],[19.50631,51.7801],[19.50637,51.7802],[19.50639,51.78029],[19.5065,51.78053],[19.50656,51.78068],[19.50678,51.78165]]},"properties":{"line":"15","dir":"0","mode":"tram"}},{"type":"Feature","geometry":{"type":"LineString","coordinates":[[19.50649,51.78095],[19.50639,51.78057],[19.50634,51.78023],[19.50622,51.78005],[19.50611,51.77993],[19.50593,51.77981],[19.50578,51.77972],[19.50534,51.77949],[19.50498,51.7793],[19.50478,51.7792],[19.50444,51.77902],[19.50428,51.77888],[19.50415,51.77879],[19.50378,51.7785],[19.50331,51.77814],[19.50311,51.77798],[19.50287,51.77775],[19.50259,51.77753],[19.50227,51.77726],[19.50209,51.77712],[19.50183,51.77689],[19.50156,51.77669],[19.50139,51.7766],[19.50115,51.77656],[19.50096,51.77656],[19.50082,51.77656],[19.50065,51.77663],[19.5003,51.7768],[19.50003,51.77689],[19.49963,51.77707],[19.49927,51.77716],[19.49879,51.77724],[19.498,51.77732],[19.49726,51.7774],[19.49697,51.77742],[19.49599,51.77752],[19.49543,51.77758],[19.49439,51.77762],[19.49381,51.77767],[19.49287,51.77775],[19.49259,51.7778],[19.49214,51.77787],[19.49186,51.77793],[19.49146,51.77798],[19.4906,51.77807],[19.48986,51.77814],[19.48919,51.77821],[19.48792,51.77835],[19.48738,51.77841],[19.48639,51.77852],[19.48557,51.77861],[19.48469,51.7787],[19.48377,51.77879],[19.48167,51.77901],[19.4812,51.77906],[19.48086,51.77921],[19.4785,51.77885],[19.47738,51.77874],[19.47537,51.77859],[19.47482,51.77852],[19.47187,51.77829],[19.46933,51.77805],[19.46885,51.77802],[19.46769,51.77793],[19.46604,51.77778],[19.46512,51.7777],[19.46371,51.77758],[19.46277,51.77751],[19.46234,51.77747],[19.46214,51.77747],[19.46188,51.77741],[19.46183,51.77766],[19.46164,51.77848],[19.45452,51.77897],[19.45373,51.77888],[19.45211,51.77874],[19.45173,51.7787],[19.45171,51.77864],[19.45183,51.77798],[19.4519,51.77766],[19.45199,51.77705],[19.44792,51.7762],[19.44764,51.77617],[19.44765,51.77607],[19.44763,51.77597],[19.44775,51.77557],[19.44775,51.77545],[19.44822,51.77312],[19.4486,51.77149],[19.44877,51.77071],[19.44891,51.77001],[19.449,51.76956],[19.4491,51.7692],[19.4493,51.76823],[19.44956,51.76704],[19.4497,51.76638],[19.44991,51.76535],[19.44986,51.76516],[19.44999,51.76498],[19.45003,51.76477],[19.45022,51.76388],[19.45032,51.76333],[19.45043,51.76303],[19.45043,51.76301],[19.45047,51.7629],[19.45026,51.76285],[19.45001,51.76277],[19.44828,51.76226],[19.44775,51.7621],[19.4476,51.76204],[19.4475,51.7619],[19.44755,51.76167],[19.44756,51.76158],[19.44766,51.76106],[19.44793,51.76008],[19.44806,51.75933],[19.44828,51.75864],[19.44832,51.75845],[19.44837,51.7581],[19.44841,51.75774],[19.4485,51.75712],[19.44855,51.75675],[19.44879,51.75549],[19.44902,51.75447],[19.44916,51.75362],[19.44934,51.7528],[19.44944,51.75227],[19.44931,51.75186],[19.45015,51.74907],[19.45019,51.74889],[19.45032,51.74824],[19.4506,51.74708],[19.45097,51.74544],[19.45111,51.74481],[19.45111,51.74471],[19.45111,51.74471],[19.45113,51.74464],[19.45144,51.74331],[19.45151,51.74303],[19.45225,51.73975],[19.45239,51.73921],[19.45258,51.73839],[19.45261,51.73804],[19.45267,51.73741],[19.45269,51.73667],[19.45261,51.73662],[19.45269,51.73651],[19.45271,51.7354],[19.45273,51.73479],[19.45276,51.73335],[19.45275,51.73253],[19.4527,51.73229],[19.45279,51.73212],[19.45278,51.73201],[19.45272,51.73191],[19.45261,51.73183],[19.45235,51.73177],[19.45235,51.73155],[19.4524,51.73119],[19.4525,51.73103],[19.45271,51.73094],[19.45298,51.73094],[19.45325,51.73102],[19.45342,51.73103],[19.45358,51.73101],[19.45414,51.7307],[19.45507,51.73023],[19.45666,51.72942],[19.45675,51.72933],[19.45692,51.72928],[19.45949,51.72798],[19.46057,51.72744],[19.46136,51.72706],[19.46165,51.72695],[19.46217,51.72681],[19.46268,51.72667],[19.46313,51.72659],[19.46348,51.7265],[19.46371,51.72648],[19.46403,51.72648],[19.4675,51.72778],[19.46834,51.72809],[19.46952,51.72854],[19.46984,51.72866],[19.47175,51.72938],[19.4734,51.72998],[19.47411,51.7302],[19.4745,51.73028],[19.47457,51.73033],[19.47473,51.73038],[19.47487,51.73038],[19.475,51.73035],[19.47519,51.7302],[19.4758,51.72973],[19.47656,51.72915],[19.47685,51.7289],[19.47788,51.72788],[19.47863,51.72711],[19.47943,51.7263],[19.48004,51.7257],[19.48028,51.72542],[19.48051,51.7251],[19.48076,51.72477],[19.48169,51.72385],[19.48288,51.72264],[19.48295,51.72254],[19.48304,51.72239],[19.48328,51.72201],[19.48347,51.72176],[19.48385,51.72113],[19.48404,51.72083],[19.48424,51.7205],[19.48432,51.72037],[19.48438,51.72023],[19.48443,51.72012],[19.48454,51.71977],[19.48473,51.71906],[19.48495,51.71825],[19.48496,51.71784],[19.48562,51.71807]]},"properties":{"line":"15","dir":"1","mode":"tram"}},{"type":"Feature","geometry":{"type":"LineString","coordinates":[[19.41334,51.70071],[19.41321,51.70059],[19.41318,51.70026],[19.41325,51.70008],[19.41374,51.70001],[19.41429,51.70022],[19.41715,51.70239],[19.4197,51.70438],[19.42114,51.70546],[19.42343,51.707],[19.42494,51.70823],[19.42577,51.70929],[19.42604,51.70947],[19.42622,51.70958],[19.42667,51.70979],[19.42685,51.7099],[19.42699,51.71],[19.42739,51.71028],[19.42911,51.71172],[19.43008,51.7125],[19.4338,51.71556],[19.43387,51.71561],[19.43396,51.71566],[19.4364,51.71771],[19.43753,51.71862],[19.43777,51.71883],[19.43809,51.7191],[19.43893,51.71977],[19.43984,51.72052],[19.44117,51.72163],[19.44272,51.72289],[19.44301,51.72312],[19.44404,51.72397],[19.44445,51.72433],[19.445,51.7247],[19.44543,51.72501],[19.44567,51.72518],[19.44607,51.7255],[19.4471,51.72636],[19.44832,51.72743],[19.44857,51.72763],[19.44934,51.72829],[19.45053,51.72925],[19.45128,51.7298],[19.45224,51.73059],[19.4525,51.73076],[19.45292,51.73085],[19.45336,51.73104],[19.45362,51.73142],[19.45357,51.7316],[19.45346,51.73178],[19.45299,51.73192],[19.45282,51.73205],[19.45282,51.73223],[19.45282,51.73304],[19.45281,51.73365],[19.4528,51.73424],[19.45278,51.73506],[19.45276,51.73597],[19.45282,51.73608],[19.45276,51.7363],[19.45275,51.73659],[19.45273,51.73698],[19.45272,51.73767],[19.45271,51.73786],[19.45269,51.7381],[19.45266,51.73827],[19.45261,51.73854],[19.45244,51.73921],[19.4524,51.73962],[19.45229,51.73988],[19.4521,51.74065],[19.45195,51.74131],[19.45166,51.74259],[19.45159,51.74295],[19.45147,51.74351],[19.45141,51.74369],[19.4514,51.74402],[19.45131,51.74414],[19.45113,51.74495],[19.45095,51.74573],[19.45073,51.74673],[19.4501,51.74947],[19.45006,51.74974],[19.44986,51.75064],[19.44972,51.75126],[19.44958,51.75185],[19.44926,51.75352],[19.44894,51.75506],[19.44872,51.75619],[19.44857,51.75695],[19.44858,51.75734],[19.4485,51.75763],[19.44849,51.75774],[19.44841,51.75827],[19.44838,51.7585],[19.44813,51.75927],[19.4481,51.75945],[19.44801,51.75999],[19.44793,51.76021],[19.44787,51.76044],[19.44771,51.76113],[19.44766,51.76137],[19.4476,51.76204],[19.44737,51.76188],[19.44654,51.76163],[19.44587,51.76137],[19.44258,51.76006],[19.44007,51.75906],[19.43708,51.758],[19.43432,51.75706],[19.43349,51.75825],[19.43303,51.7589],[19.43253,51.75959],[19.43214,51.76011],[19.43167,51.76066],[19.43043,51.76211],[19.43039,51.76213],[19.43034,51.76223],[19.43025,51.76233],[19.43018,51.76244],[19.42999,51.76269],[19.42973,51.76306],[19.42964,51.76317],[19.4295,51.76335],[19.42937,51.76351],[19.42922,51.76373],[19.42819,51.7652],[19.42728,51.7665],[19.42681,51.76716],[19.42672,51.76728],[19.42582,51.7691],[19.42519,51.76973],[19.42142,51.77253],[19.42098,51.77286],[19.42069,51.77327],[19.42055,51.77366],[19.42055,51.77404],[19.42079,51.77472],[19.42132,51.77744],[19.4213,51.77761],[19.42142,51.77835],[19.42152,51.77893],[19.4215,51.78023],[19.42141,51.78226],[19.4213,51.78492],[19.42132,51.78523],[19.42128,51.78536],[19.42129,51.78822],[19.42114,51.7893],[19.42105,51.79113],[19.42132,51.79176],[19.42097,51.79207],[19.411,51.7942],[19.40954,51.79439],[19.40909,51.79469],[19.40863,51.79433],[19.4084,51.79438],[19.40808,51.79447],[19.40786,51.79449],[19.40766,51.79443],[19.40753,51.7943],[19.4075,51.79419],[19.40754,51.79408],[19.40771,51.79359],[19.40794,51.79393]]},"properties":{"line":"16","dir":"0","mode":"tram"}},{"type":"Feature","geometry":{"type":"LineString","coordinates":[[19.40865,51.79399],[19.40886,51.79407],[19.40902,51.79417],[19.40921,51.79428],[19.40936,51.79433],[19.40981,51.79423],[19.42078,51.79207],[19.421,51.79198],[19.4211,51.79188],[19.4212,51.79176],[19.4212,51.79162],[19.42101,51.79105],[19.42097,51.79025],[19.42116,51.78567],[19.42116,51.78567],[19.4213,51.78012],[19.4212,51.77769],[19.42045,51.77367],[19.42124,51.77247],[19.4218,51.77215],[19.4218,51.77215],[19.42561,51.76934],[19.42574,51.76869],[19.42604,51.76823],[19.42934,51.76334],[19.43159,51.76067],[19.43343,51.75817],[19.43424,51.757],[19.43672,51.75778],[19.44409,51.76065],[19.446,51.76141],[19.44652,51.76159],[19.44716,51.76187],[19.44738,51.76181],[19.4475,51.76176],[19.44832,51.75845],[19.44837,51.7581],[19.44841,51.75774],[19.4485,51.75712],[19.44855,51.75675],[19.44879,51.75549],[19.44902,51.75447],[19.44916,51.75362],[19.44934,51.7528],[19.44944,51.75227],[19.44931,51.75186],[19.45015,51.74907],[19.45019,51.74889],[19.45032,51.74824],[19.4506,51.74708],[19.45097,51.74544],[19.45111,51.74481],[19.45111,51.74471],[19.45111,51.74471],[19.45113,51.74464],[19.45144,51.74331],[19.45151,51.74303],[19.45225,51.73975],[19.45239,51.73921],[19.45258,51.73839],[19.45261,51.73804],[19.45267,51.73741],[19.45269,51.73667],[19.45261,51.73662],[19.45269,51.73651],[19.45271,51.7354],[19.45273,51.73479],[19.45276,51.73335],[19.45275,51.73253],[19.4527,51.73229],[19.45279,51.73203],[19.45273,51.73193],[19.45235,51.73177],[19.45235,51.73151],[19.45236,51.7313],[19.45247,51.73106],[19.45248,51.73095],[19.45247,51.73086],[19.4524,51.73078],[19.45222,51.73061],[19.4514,51.72996],[19.45104,51.72969],[19.45075,51.72946],[19.44876,51.72784],[19.44838,51.72755],[19.4475,51.7268],[19.44708,51.7264],[19.44684,51.7262],[19.44606,51.72555],[19.4456,51.7252],[19.44522,51.72492],[19.4444,51.72433],[19.44394,51.72398],[19.44306,51.72324],[19.44269,51.723],[19.44241,51.72271],[19.44187,51.72228],[19.44149,51.72201],[19.44126,51.72182],[19.43949,51.72038],[19.4388,51.71977],[19.4375,51.7187],[19.43734,51.71862],[19.43732,51.71852],[19.43602,51.71747],[19.43402,51.71582],[19.43337,51.71529],[19.43223,51.71438],[19.43021,51.71271],[19.42955,51.71217],[19.42923,51.71188],[19.42864,51.7114],[19.42697,51.71002],[19.42676,51.70988],[19.42626,51.70963],[19.4262,51.70961],[19.42602,51.70953],[19.42574,51.70931],[19.42526,51.7087],[19.42491,51.70827],[19.42411,51.70758],[19.42329,51.70696],[19.42294,51.70672],[19.42245,51.70629],[19.4203,51.70489],[19.41907,51.70395],[19.418,51.70311],[19.41767,51.70285],[19.41567,51.70131],[19.41547,51.70114],[19.41523,51.70098],[19.41497,51.70095],[19.41429,51.70098],[19.41404,51.70098],[19.41377,51.70096]]},"properties":{"line":"16","dir":"1","mode":"tram"}},{"type":"Feature","geometry":{"type":"LineString","coordinates":[[19.32323,51.65851],[19.32341,51.65862],[19.32329,51.65902],[19.32358,51.65899],[19.32565,51.65986],[19.32565,51.65986],[19.33215,51.66236],[19.33735,51.66457],[19.33865,51.66496],[19.33987,51.66496],[19.34322,51.6648],[19.35137,51.66443],[19.35685,51.66417],[19.3602,51.66388],[19.36155,51.66387],[19.36381,51.66392],[19.36514,51.66386],[19.3679,51.6639],[19.37051,51.66387],[19.37805,51.66368],[19.38615,51.66344],[19.39173,51.6633],[19.39271,51.66321],[19.39294,51.66392],[19.39727,51.67264],[19.39796,51.67325],[19.39938,51.67633],[19.40283,51.68254],[19.40293,51.68278],[19.40595,51.68887],[19.40918,51.69473],[19.40927,51.69526],[19.4097,51.6957],[19.41223,51.69775],[19.41243,51.69816],[19.41214,51.69885],[19.41195,51.69905],[19.412,51.69935],[19.41232,51.69957],[19.41326,51.69982],[19.41443,51.70023],[19.41715,51.70239],[19.4197,51.70438],[19.42114,51.70546],[19.42343,51.707],[19.42494,51.70823],[19.42577,51.70929],[19.42604,51.70947],[19.42622,51.70958],[19.42667,51.70979],[19.42685,51.7099],[19.42699,51.71],[19.42739,51.71028],[19.42911,51.71172],[19.43008,51.7125],[19.4338,51.71556],[19.43387,51.71561],[19.43396,51.71566],[19.4364,51.71771],[19.43753,51.71862],[19.43777,51.71883],[19.43809,51.7191],[19.43893,51.71977],[19.43984,51.72052],[19.44117,51.72163],[19.44272,51.72289],[19.44301,51.72312],[19.44404,51.72397],[19.44445,51.72433],[19.445,51.7247],[19.44543,51.72501],[19.44567,51.72518],[19.44607,51.7255],[19.4471,51.72636],[19.44832,51.72743],[19.44857,51.72763],[19.44934,51.72829],[19.45053,51.72925],[19.45128,51.7298],[19.45224,51.73059],[19.4524,51.7307],[19.45273,51.73088],[19.45322,51.73103],[19.45339,51.73106],[19.45356,51.73124],[19.45367,51.73178],[19.45536,51.73314],[19.45785,51.73517],[19.45888,51.73599],[19.46286,51.73927],[19.46293,51.73946],[19.46291,51.73962],[19.46295,51.7397],[19.46305,51.73977],[19.46324,51.7398],[19.46356,51.73981],[19.46458,51.73989],[19.46502,51.73986],[19.46521,51.74002],[19.46522,51.74013],[19.46514,51.74022],[19.46497,51.74033]]},"properties":{"line":"41","dir":"0","mode":"tram"}},{"type":"Feature","geometry":{"type":"LineString","coordinates":[[19.46318,51.73987],[19.46308,51.73985],[19.463,51.73982],[19.4629,51.73978],[19.46284,51.73971],[19.46285,51.73957],[19.46285,51.73946],[19.46283,51.73936],[19.46273,51.73921],[19.46257,51.7391],[19.46056,51.73744],[19.45958,51.73669],[19.45917,51.73633],[19.45877,51.73599],[19.45418,51.73227],[19.45373,51.73183],[19.45329,51.73194],[19.45282,51.73192],[19.45238,51.73169],[19.45235,51.73126],[19.45251,51.73094],[19.45223,51.73065],[19.45187,51.73034],[19.45071,51.72943],[19.44841,51.72757],[19.4475,51.7268],[19.44708,51.7264],[19.44684,51.7262],[19.44606,51.72555],[19.4456,51.7252],[19.44522,51.72492],[19.4444,51.72433],[19.44394,51.72398],[19.44306,51.72324],[19.44269,51.723],[19.44241,51.72271],[19.44187,51.72228],[19.44149,51.72201],[19.44126,51.72182],[19.43949,51.72038],[19.4388,51.71977],[19.4375,51.7187],[19.43734,51.71862],[19.43732,51.71852],[19.43602,51.71747],[19.43402,51.71582],[19.43337,51.71529],[19.43223,51.71438],[19.43021,51.71271],[19.42955,51.71217],[19.42923,51.71188],[19.42864,51.7114],[19.42697,51.71002],[19.42676,51.70988],[19.42626,51.70963],[19.4262,51.70961],[19.42602,51.70953],[19.42574,51.70931],[19.42526,51.7087],[19.42491,51.70827],[19.42411,51.70758],[19.42329,51.70696],[19.42294,51.70672],[19.42245,51.70629],[19.4203,51.70489],[19.41907,51.70395],[19.418,51.70311],[19.41767,51.70285],[19.41567,51.70131],[19.41565,51.70131],[19.41469,51.70054],[19.41435,51.70031],[19.41373,51.70005],[19.41197,51.69947],[19.41185,51.69928],[19.41184,51.69909],[19.41224,51.69845],[19.41231,51.69824],[19.41227,51.69796],[19.41209,51.69772],[19.40941,51.69551],[19.40906,51.69505],[19.40906,51.69505],[19.40608,51.6892],[19.40278,51.68298],[19.39786,51.67325],[19.39295,51.66408],[19.39276,51.66377],[19.39271,51.66321],[19.39185,51.66338],[19.39151,51.66333],[19.38998,51.66338],[19.37756,51.66375],[19.37017,51.66394],[19.36029,51.66396],[19.35368,51.66435],[19.3455,51.6648],[19.34165,51.66497],[19.34012,51.66503],[19.3395,51.66499],[19.33869,51.66497],[19.33598,51.66399],[19.33203,51.66235],[19.32653,51.66031],[19.32425,51.65934],[19.32329,51.65902],[19.32256,51.65865],[19.32242,51.65857],[19.32238,51.65846],[19.32241,51.65836],[19.3225,51.65827],[19.32265,51.65822],[19.32289,51.65823],[19.32314,51.65836],[19.32323,51.65851]]},"properties":{"line":"41","dir":"1","mode":"tram"}},{"type":"Feature","geometry":{"type":"LineString","coordinates":[[19.50649,51.78095],[19.50639,51.78057],[19.50634,51.78023],[19.50622,51.78005],[19.50611,51.77993],[19.50593,51.77981],[19.50578,51.77972],[19.50534,51.77949],[19.50498,51.7793],[19.50478,51.7792],[19.50444,51.77902],[19.50428,51.77888],[19.50415,51.77879],[19.50378,51.7785],[19.50331,51.77814],[19.50311,51.77798],[19.50287,51.77775],[19.50259,51.77753],[19.50227,51.77726],[19.50209,51.77712],[19.50183,51.77689],[19.50156,51.77669],[19.50139,51.7766],[19.50115,51.77656],[19.50096,51.77656],[19.50082,51.77656],[19.50065,51.77663],[19.5003,51.7768],[19.50003,51.77689],[19.49963,51.77707],[19.49927,51.77716],[19.49879,51.77724],[19.498,51.77732],[19.49726,51.7774],[19.49697,51.77742],[19.49599,51.77752],[19.49543,51.77758],[19.49439,51.77762],[19.49381,51.77767],[19.49287,51.77775],[19.49259,51.7778],[19.49214,51.77787],[19.49186,51.77793],[19.49146,51.77798],[19.4906,51.77807],[19.48986,51.77814],[19.48919,51.77821],[19.48792,51.77835],[19.48738,51.77841],[19.48639,51.77852],[19.48557,51.77861],[19.48469,51.7787],[19.48377,51.77879],[19.48167,51.77901],[19.4812,51.77906],[19.48086,51.77921],[19.4785,51.77885],[19.47738,51.77874],[19.47537,51.77859],[19.47482,51.77852],[19.47187,51.77829],[19.46933,51.77805],[19.46885,51.77802],[19.46769,51.77793],[19.46604,51.77778],[19.46512,51.7777],[19.46371,51.77758],[19.46277,51.77751],[19.46234,51.77747],[19.46214,51.77747],[19.46188,51.77741],[19.46183,51.77766],[19.46164,51.77848],[19.45172,51.77874],[19.45099,51.78119],[19.45081,51.78174],[19.45071,51.78214],[19.45015,51.78385],[19.44956,51.78567],[19.44916,51.78691],[19.44911,51.78725],[19.44911,51.78753],[19.44913,51.78833],[19.44919,51.78872],[19.44933,51.78926],[19.44929,51.79012],[19.44913,51.79061],[19.44895,51.791],[19.44868,51.79142],[19.44803,51.79229],[19.44732,51.79328],[19.44612,51.79493],[19.44547,51.79584],[19.44487,51.79666],[19.44461,51.79705],[19.44461,51.79714],[19.44447,51.79723],[19.44401,51.79792],[19.44365,51.79849],[19.44329,51.79899],[19.44231,51.80024],[19.44198,51.80081],[19.43987,51.80574],[19.43959,51.80642],[19.43953,51.8066],[19.43944,51.80676],[19.43916,51.80739],[19.4391,51.80754],[19.43896,51.80778],[19.43883,51.80805],[19.43843,51.80865],[19.43843,51.80877],[19.43835,51.80885],[19.43809,51.80927],[19.43715,51.81081],[19.43696,51.81112],[19.43652,51.81182],[19.43645,51.81195],[19.43628,51.81225],[19.43582,51.81297],[19.43546,51.8136],[19.43534,51.81378],[19.43516,51.81395],[19.43458,51.81448],[19.43444,51.81464],[19.43393,51.81546],[19.43381,51.81566],[19.43349,51.81666],[19.43335,51.8171],[19.43211,51.81915],[19.4279,51.82615],[19.42641,51.82862],[19.42271,51.83463],[19.42028,51.83849],[19.41266,51.84674],[19.41258,51.84692],[19.41269,51.84703],[19.4129,51.8471],[19.41336,51.84728],[19.41363,51.84753],[19.41614,51.85386],[19.41615,51.85411],[19.4159,51.85434],[19.4158,51.85454],[19.41593,51.85464]]},"properties":{"line":"45","dir":"0","mode":"tram"}},{"type":"Feature","geometry":{"type":"LineString","coordinates":[[19.41636,51.85452],[19.41632,51.85432],[19.41618,51.85403],[19.4161,51.85383],[19.41339,51.8473],[19.41261,51.84701],[19.4126,51.84673],[19.413,51.84623],[19.42035,51.83832],[19.42082,51.83772],[19.42276,51.83443],[19.42631,51.82858],[19.42669,51.82807],[19.42739,51.82686],[19.42992,51.82266],[19.43011,51.8224],[19.43037,51.82194],[19.4329,51.81774],[19.43329,51.81709],[19.43344,51.81675],[19.43353,51.8162],[19.43383,51.81549],[19.43417,51.815],[19.43456,51.81443],[19.43494,51.81407],[19.43515,51.81389],[19.43526,51.81378],[19.43539,51.81362],[19.43621,51.81227],[19.43648,51.81178],[19.4371,51.8108],[19.43809,51.80914],[19.43814,51.80902],[19.43861,51.80833],[19.43894,51.8077],[19.4394,51.8067],[19.4394,51.80658],[19.43955,51.80626],[19.43976,51.80583],[19.44043,51.8043],[19.44117,51.80252],[19.44159,51.80158],[19.4421,51.80045],[19.44258,51.79981],[19.44297,51.7993],[19.44339,51.79876],[19.44378,51.79818],[19.44452,51.79702],[19.44466,51.79687],[19.44541,51.79583],[19.44633,51.79455],[19.44698,51.79365],[19.44719,51.79335],[19.44744,51.79302],[19.44772,51.79264],[19.44811,51.79208],[19.44868,51.7913],[19.44888,51.79101],[19.44914,51.79024],[19.44926,51.7893],[19.44913,51.78871],[19.44907,51.78837],[19.44905,51.78751],[19.45065,51.78213],[19.45171,51.77868],[19.45412,51.77888],[19.45679,51.77913],[19.46002,51.77942],[19.4618,51.77761],[19.46188,51.77741],[19.46221,51.77742],[19.4682,51.77794],[19.4684,51.77792],[19.46871,51.77798],[19.46918,51.77802],[19.47082,51.77816],[19.47121,51.7782],[19.4735,51.7784],[19.47415,51.77843],[19.47447,51.77846],[19.47485,51.77852],[19.47638,51.77865],[19.47927,51.77889],[19.47953,51.77889],[19.48055,51.779],[19.48072,51.77901],[19.48097,51.77903],[19.4812,51.77903],[19.4815,51.77901],[19.48166,51.77899],[19.48182,51.77898],[19.48207,51.77895],[19.48257,51.7789],[19.48539,51.77859],[19.48557,51.77858],[19.48768,51.77835],[19.48876,51.77823],[19.48938,51.77817],[19.49132,51.77797],[19.49162,51.77794],[19.49192,51.7779],[19.49271,51.77775],[19.49393,51.77763],[19.49411,51.77761],[19.49445,51.7776],[19.4953,51.77757],[19.49665,51.77743],[19.49689,51.77741],[19.49773,51.77732],[19.49849,51.77724],[19.49895,51.77718],[19.49909,51.77717],[19.4993,51.77713],[19.49956,51.77707],[19.49983,51.77698],[19.50003,51.77689],[19.50024,51.7768],[19.50061,51.7766],[19.50076,51.77656],[19.5009,51.77653],[19.50104,51.77651],[19.50122,51.77652],[19.50134,51.77654],[19.50146,51.77656],[19.50155,51.77662],[19.50168,51.77671],[19.50199,51.77696],[19.50236,51.77726],[19.50287,51.77768],[19.50364,51.77831],[19.50434,51.77888],[19.50452,51.77902],[19.50484,51.77919],[19.50578,51.77967],[19.50603,51.7798],[19.5062,51.77994],[19.50625,51.78001],[19.50631,51.7801],[19.50637,51.7802],[19.50639,51.78029],[19.5065,51.78053],[19.50656,51.78068],[19.50678,51.78165]]},"properties":{"line":"45","dir":"1","mode":"tram"}},{"type":"Feature","geometry":{"type":"LineString","coordinates":[[19.49424,51.77408],[19.49005,51.77373],[19.48968,51.77364],[19.48685,51.77338],[19.48575,51.77329],[19.48348,51.77305],[19.48313,51.77305],[19.47666,51.77249],[19.47637,51.77247],[19.47514,51.77236],[19.47408,51.77226],[19.47178,51.77206],[19.47124,51.77202],[19.46962,51.77189],[19.46774,51.77168],[19.46684,51.77159],[19.46676,51.77157],[19.46669,51.77154],[19.46661,51.77149],[19.46657,51.77143],[19.46656,51.77139],[19.46656,51.77135],[19.46659,51.77125],[19.46664,51.77111],[19.46674,51.77086],[19.46693,51.77036],[19.46695,51.7703],[19.46694,51.77025],[19.46693,51.77022],[19.4669,51.77017],[19.46686,51.77014],[19.4668,51.77011],[19.46671,51.77008],[19.46624,51.76998],[19.46428,51.76964],[19.46464,51.76891],[19.46493,51.76831],[19.46521,51.76765],[19.4653,51.76742],[19.46542,51.76697],[19.46555,51.76671],[19.46599,51.76578],[19.46639,51.76498],[19.46696,51.7638],[19.46735,51.76303],[19.46803,51.76166],[19.46834,51.76101],[19.46858,51.76044],[19.46853,51.76024],[19.46575,51.75999],[19.46162,51.75962],[19.45926,51.75943],[19.45876,51.75937],[19.4561,51.75923],[19.45588,51.7593],[19.45572,51.75942],[19.45554,51.76026],[19.45544,51.76069],[19.45534,51.7612],[19.45517,51.76186],[19.45514,51.76205],[19.45514,51.76212],[19.45503,51.76267],[19.45484,51.76353],[19.4547,51.76406],[19.45461,51.76454],[19.45458,51.76471],[19.45446,51.76517],[19.45444,51.76526],[19.45438,51.7655],[19.45426,51.76599],[19.45403,51.76715],[19.45395,51.76745],[19.45354,51.76952],[19.45352,51.76964],[19.45347,51.76991],[19.45339,51.77073],[19.45335,51.77098],[19.45323,51.77141],[19.45317,51.77161],[19.453,51.77249],[19.453,51.77274],[19.45291,51.77296],[19.45276,51.77377],[19.45226,51.77617],[19.4519,51.77867]]},"properties":{"line":"O","dir":"0","mode":"tram"}},{"type":"Feature","geometry":{"type":"LineString","coordinates":[[19.45452,51.77897],[19.45373,51.77888],[19.45211,51.77874],[19.45173,51.7787],[19.45171,51.77864],[19.45183,51.77798],[19.4519,51.77766],[19.45199,51.77705],[19.45198,51.77696],[19.45221,51.77603],[19.4526,51.77413],[19.45332,51.77086],[19.45338,51.77059],[19.45366,51.76862],[19.45432,51.76555],[19.45451,51.76463],[19.45447,51.76454],[19.45458,51.76444],[19.45466,51.76409],[19.45497,51.76267],[19.45571,51.75915],[19.4561,51.75909],[19.45839,51.75932],[19.4638,51.75978],[19.46424,51.75981],[19.46878,51.76022],[19.46871,51.76039],[19.46865,51.76053],[19.46774,51.76236],[19.46753,51.76277],[19.46629,51.76526],[19.46591,51.76605],[19.46556,51.76676],[19.46546,51.76702],[19.46539,51.76733],[19.4653,51.7676],[19.46446,51.76929],[19.46455,51.76946],[19.4654,51.76971],[19.46594,51.76981],[19.46769,51.77007],[19.46896,51.77007],[19.47387,51.76982],[19.4742,51.76981],[19.4744,51.76974],[19.47456,51.76964],[19.47472,51.76954],[19.47486,51.76947],[19.47497,51.76943],[19.47703,51.76956],[19.4772,51.76958],[19.47718,51.76973],[19.47675,51.7718],[19.47666,51.77243],[19.47682,51.77245],[19.47702,51.77249],[19.47905,51.77266],[19.48201,51.77293],[19.48237,51.77296],[19.48288,51.77302],[19.4834,51.77305],[19.48576,51.77327],[19.48685,51.77337],[19.48816,51.77347],[19.48862,51.7735],[19.49005,51.77364],[19.49101,51.77374],[19.49138,51.77377],[19.49308,51.77392],[19.49376,51.77397],[19.49438,51.77412]]},"properties":{"line":"O","dir":"1","mode":"tram"}},{"type":"Feature","geometry":{"type":"LineString","coordinates":[[19.40865,51.79399],[19.40886,51.79407],[19.40902,51.79417],[19.40921,51.79428],[19.40936,51.79433],[19.40981,51.79423],[19.42183,51.79199],[19.42927,51.79038],[19.43565,51.78922],[19.44876,51.78712],[19.44948,51.78697],[19.4509,51.78683],[19.45226,51.78665],[19.45251,51.78623],[19.45317,51.7835],[19.4533,51.78351],[19.45381,51.78352],[19.45601,51.78375],[19.45963,51.78456],[19.47201,51.78729],[19.47201,51.78729],[19.47819,51.78894],[19.47872,51.7891],[19.47997,51.78941],[19.48046,51.78957],[19.48263,51.79014],[19.48579,51.79098],[19.48601,51.79105],[19.48619,51.79113],[19.48646,51.79127],[19.48689,51.79153],[19.48783,51.79222],[19.48798,51.79235],[19.4881,51.7925],[19.4882,51.79266],[19.48828,51.79283],[19.48835,51.79309],[19.48828,51.79355],[19.48736,51.79887],[19.48727,51.79907],[19.48748,51.79796],[19.48757,51.79737],[19.48759,51.79718]]},"properties":{"line":"Z1","dir":"0","mode":"tram"}},{"type":"Feature","geometry":{"type":"LineString","coordinates":[[19.48764,51.79693],[19.48768,51.79663],[19.48826,51.7933],[19.48827,51.7932],[19.48828,51.7931],[19.48826,51.79299],[19.48824,51.79287],[19.48819,51.79276],[19.48811,51.79261],[19.48805,51.79249],[19.48787,51.79231],[19.48777,51.7922],[19.48699,51.79168],[19.48658,51.7914],[19.48641,51.79129],[19.48624,51.7912],[19.48608,51.79112],[19.4859,51.79105],[19.48548,51.79093],[19.48035,51.78958],[19.48003,51.78949],[19.47981,51.78942],[19.47932,51.78929],[19.47544,51.78827],[19.47327,51.7877],[19.4729,51.78763],[19.47202,51.78739],[19.47159,51.78732],[19.47132,51.78721],[19.4684,51.78644],[19.46591,51.78587],[19.46512,51.78568],[19.46407,51.78546],[19.46406,51.78546],[19.46361,51.78532],[19.46107,51.78482],[19.46083,51.7848],[19.45341,51.78354],[19.45325,51.78359],[19.45315,51.78359],[19.45268,51.78583],[19.45261,51.78606],[19.45254,51.7862],[19.45232,51.78663],[19.45179,51.78673],[19.45066,51.78686],[19.44867,51.78718],[19.44718,51.78729],[19.44271,51.78787],[19.44051,51.78827],[19.43612,51.78917],[19.411,51.7942],[19.40954,51.79439],[19.40909,51.79469],[19.40863,51.79433],[19.4084,51.79438],[19.40808,51.79447],[19.40786,51.79449],[19.40766,51.79443],[19.40753,51.7943],[19.4075,51.79419],[19.40754,51.79408],[19.40771,51.79359],[19.40794,51.79393]]},"properties":{"line":"Z1","dir":"1","mode":"tram"}},{"type":"Feature","geometry":{"type":"LineString","coordinates":[[19.50882,51.73617],[19.50866,51.73612],[19.50846,51.73606],[19.50831,51.73605],[19.50622,51.73605],[19.50584,51.73606],[19.50508,51.73612],[19.50403,51.73622],[19.50329,51.73628],[19.50277,51.73633],[19.50208,51.73639],[19.50011,51.73656],[19.4996,51.73661],[19.49909,51.73666],[19.49477,51.73703],[19.49402,51.73712],[19.49383,51.73711],[19.49004,51.73744],[19.48679,51.73772],[19.47999,51.73839],[19.47891,51.73849],[19.47312,51.73909],[19.4716,51.73917],[19.47008,51.73912],[19.46858,51.73884],[19.46704,51.73852],[19.46636,51.73919],[19.4659,51.7397],[19.46572,51.73982],[19.46548,51.73992],[19.46524,51.73998],[19.46318,51.73987],[19.46308,51.73985],[19.463,51.73982],[19.4629,51.73978],[19.46284,51.73971],[19.46285,51.73957],[19.46285,51.73946],[19.46283,51.73936],[19.46273,51.73921],[19.46257,51.7391],[19.46056,51.73744],[19.45958,51.73669],[19.45917,51.73633],[19.45877,51.73599],[19.45418,51.73227],[19.45373,51.73183],[19.45329,51.73194],[19.45282,51.73192],[19.45238,51.73169],[19.45235,51.73126],[19.45251,51.73094],[19.45223,51.73065],[19.45187,51.73034],[19.45071,51.72943],[19.44841,51.72757],[19.4475,51.7268],[19.44708,51.7264],[19.44684,51.7262],[19.44606,51.72555],[19.4456,51.7252],[19.44522,51.72492],[19.4444,51.72433],[19.44394,51.72398],[19.44306,51.72324],[19.44269,51.723],[19.44241,51.72271],[19.44187,51.72228],[19.44149,51.72201],[19.44126,51.72182],[19.43949,51.72038],[19.4388,51.71977],[19.4375,51.7187],[19.43734,51.71862],[19.43732,51.71852],[19.43602,51.71747],[19.43402,51.71582],[19.43337,51.71529],[19.43223,51.71438],[19.43021,51.71271],[19.42955,51.71217],[19.42923,51.71188],[19.42864,51.7114],[19.42697,51.71002],[19.42676,51.70988],[19.42626,51.70963],[19.4262,51.70961],[19.42602,51.70953],[19.42574,51.70931],[19.42526,51.7087],[19.42491,51.70827],[19.42411,51.70758],[19.42329,51.70696],[19.42294,51.70672],[19.42245,51.70629],[19.4203,51.70489],[19.41907,51.70395],[19.418,51.70311],[19.41767,51.70285],[19.41567,51.70131],[19.41547,51.70114],[19.41523,51.70098],[19.41497,51.70095],[19.41429,51.70098],[19.41404,51.70098],[19.41377,51.70096]]},"properties":{"line":"Z2","dir":"0","mode":"tram"}},{"type":"Feature","geometry":{"type":"LineString","coordinates":[[19.41334,51.70071],[19.41321,51.70059],[19.41318,51.70026],[19.41325,51.70008],[19.41374,51.70001],[19.41429,51.70022],[19.41715,51.70239],[19.4197,51.70438],[19.42114,51.70546],[19.42343,51.707],[19.42494,51.70823],[19.42577,51.70929],[19.42604,51.70947],[19.42622,51.70958],[19.42667,51.70979],[19.42685,51.7099],[19.42699,51.71],[19.42739,51.71028],[19.42911,51.71172],[19.43008,51.7125],[19.4338,51.71556],[19.43387,51.71561],[19.43396,51.71566],[19.4364,51.71771],[19.43753,51.71862],[19.43777,51.71883],[19.43809,51.7191],[19.43893,51.71977],[19.43984,51.72052],[19.44117,51.72163],[19.44272,51.72289],[19.44301,51.72312],[19.44404,51.72397],[19.44445,51.72433],[19.445,51.7247],[19.44543,51.72501],[19.44567,51.72518],[19.44607,51.7255],[19.4471,51.72636],[19.44832,51.72743],[19.44857,51.72763],[19.44934,51.72829],[19.45053,51.72925],[19.45128,51.7298],[19.45224,51.73059],[19.4524,51.7307],[19.45273,51.73088],[19.45322,51.73103],[19.45339,51.73106],[19.45356,51.73124],[19.45367,51.73178],[19.45536,51.73314],[19.45785,51.73517],[19.45888,51.73599],[19.46286,51.73927],[19.46293,51.73946],[19.46291,51.73962],[19.46295,51.7397],[19.46305,51.73977],[19.46324,51.7398],[19.46356,51.73981],[19.46437,51.73987],[19.46464,51.73989],[19.46503,51.73986],[19.46554,51.73981],[19.46569,51.73977],[19.46584,51.73968],[19.46709,51.73857],[19.46742,51.73857],[19.46812,51.73873],[19.46963,51.73901],[19.47225,51.73914],[19.47577,51.73872],[19.48081,51.73828],[19.48415,51.73797],[19.48658,51.73774],[19.48698,51.73769],[19.48987,51.73743],[19.49156,51.73729],[19.49414,51.73705],[19.49509,51.73695],[19.49547,51.73694],[19.49649,51.73685],[19.49883,51.73664],[19.49994,51.73651],[19.50214,51.73635],[19.50306,51.73624],[19.50402,51.73617],[19.50566,51.73603],[19.50805,51.73599],[19.50825,51.73599],[19.50844,51.73594],[19.50888,51.73577],[19.5094,51.73554],[19.50966,51.73546],[19.50987,51.73549],[19.51005,51.73558],[19.51013,51.73581],[19.51017,51.73617],[19.51017,51.73626],[19.51013,51.73635],[19.50997,51.73644],[19.50979,51.73647],[19.50965,51.73644],[19.50931,51.73638]]},"properties":{"line":"Z2","dir":"1","mode":"tram"}}]}