{"type":"FeatureCollection","features":[{"type":"Feature","geometry":{"type":"Point","coordinates":[19.432203,51.757246]},"properties":{"lines":"6.","color":"#0059a9","mode":"bus","arr":["6."],"angle":47.7}},{"type":"Feature","geometry":{"type":"Point","coordinates":[19.404729,51.860326]},"properties":{"lines":"6.","color":"#0059a9","mode":"bus","arr":["6."],"angle":-29.5,"mi":1}},{"type":"Feature","geometry":{"type":"Point","coordinates":[19.379098,51.868186]},"properties":{"lines":"6.","color":"#0059a9","mode":"bus","arr":["6."],"angle":-25.6,"side":-1,"mi":1}},{"type":"Feature","geometry":{"type":"Point","coordinates":[19.380618,51.866222]},"properties":{"lines":"6.","color":"#0059a9","mode":"bus","arr":["6."],"angle":-15.1,"mi":2}},{"type":"Feature","geometry":{"type":"Point","coordinates":[19.378534,51.866481]},"properties":{"lines":"6.","color":"#0059a9","mode":"bus","arr":["6."],"angle":8.4,"extra":1,"ei":0}},{"type":"Feature","geometry":{"type":"Point","coordinates":[19.38169,51.868147]},"properties":{"lines":"6.","color":"#0059a9","mode":"bus","arr":["6."],"angle":-82.7,"side":-1}},{"type":"Feature","geometry":{"type":"Point","coordinates":[19.432608,51.757578]},"properties":{"lines":"6.","color":"#0059a9","mode":"bus","arr":["6."],"angle":11.1,"mi":1}},{"type":"Feature","geometry":{"type":"Point","coordinates":[19.432995,51.75745]},"properties":{"lines":"6., 52, 93","color":"#0059a9","mode":"bus","arr":["6.","52","93"],"angle":-56.9}},{"type":"Feature","geometry":{"type":"Point","coordinates":[19.433901,51.757017]},"properties":{"lines":"6., 52, 65A, 65B, 80A, 80B, 86, 93, 97A, 97B, 99, 100, N2","color":"#0059a9","mode":"bus","arr":["6.","52","65A","65B","80A","80B","86","93","97A","97B","99","100","N2"],"angle":71.4,"side":-1}},{"type":"Feature","geometry":{"type":"Point","coordinates":[19.43195,51.755881]},"properties":{"lines":"6., 67, 80A, 80B, 86, 97A, 97B, 99, 100, N2","color":"#0059a9","mode":"bus","arr":["6.","67","80A","80B","86","97A","97B","99","100","N2"],"angle":-6.9}},{"type":"Feature","geometry":{"type":"Point","coordinates":[19.429829,51.755771]},"properties":{"lines":"6., 67, 80A, 80B, 86, 97A, 97B, 99, 100, N2","color":"#0059a9","mode":"bus","arr":["6.","67","80A","80B","86","97A","97B","99","100","N2"],"angle":-2.9,"extra":1,"ei":0}},{"type":"Feature","geometry":{"type":"Point","coordinates":[19.426615,51.755915]},"properties":{"lines":"6., 67, 80B, 86, 99, 100, N2","color":"#0059a9","mode":"bus","arr":["6.","67","80B","86","99","100","N2"],"angle":13}},{"type":"Feature","geometry":{"type":"Point","coordinates":[19.423434,51.75599]},"properties":{"lines":"6., 80B, 99, 100","color":"#0059a9","mode":"bus","arr":["6.","80B","99","100"],"angle":-9.1,"mi":1}},{"type":"Feature","geometry":{"type":"Point","coordinates":[19.418837,51.756823]},"properties":{"lines":"6., 80B, 99, 100","color":"#0059a9","mode":"bus","arr":["6.","80B","99","100"],"angle":19.9}},{"type":"Feature","geometry":{"type":"Point","coordinates":[19.421633,51.756191]},"properties":{"lines":"6., 80B, 99, 100","color":"#0059a9","mode":"bus","arr":["6.","80B","99","100"],"angle":19,"extra":1,"ei":0}},{"type":"Feature","geometry":{"type":"Point","coordinates":[19.415942,51.757534]},"properties":{"lines":"6., 80B, 99, 100","color":"#0059a9","mode":"bus","arr":["6.","80B","99","100"],"angle":30.6,"extra":1,"ei":1}},{"type":"Feature","geometry":{"type":"Point","coordinates":[19.410831,51.759909]},"properties":{"lines":"6., 76, 80A, 100","color":"#0059a9","mode":"bus","arr":["6.","76","80A","100"],"angle":55.9}},{"type":"Feature","geometry":{"type":"Point","coordinates":[19.413368,51.758349]},"properties":{"lines":"6., 76, 80A, 100","color":"#0059a9","mode":"bus","arr":["6.","76","80A","100"],"angle":27.4,"extra":1,"ei":0}},{"type":"Feature","geometry":{"type":"Point","coordinates":[19.409574,51.761234]},"properties":{"lines":"6., 76, 80A, 100","color":"#0059a9","mode":"bus","arr":["6.","76","80A","100"],"angle":60.5,"extra":1,"ei":1}},{"type":"Feature","geometry":{"type":"Point","coordinates":[19.402575,51.76815]},"properties":{"lines":"6., 76, 97A, 97B","color":"#0059a9","mode":"bus","arr":["6.","76","97A","97B"],"angle":74.9}},{"type":"Feature","geometry":{"type":"Point","coordinates":[19.406741,51.763129]},"properties":{"lines":"6., 76, 97A, 97B","color":"#0059a9","mode":"bus","arr":["6.","76","97A","97B"],"angle":45,"extra":1,"ei":0}},{"type":"Feature","geometry":{"type":"Point","coordinates":[19.404802,51.764577]},"properties":{"lines":"6., 76, 97A, 97B","color":"#0059a9","mode":"bus","arr":["6.","76","97A","97B"],"angle":61.8,"extra":1,"ei":1}},{"type":"Feature","geometry":{"type":"Point","coordinates":[19.399756,51.773567]},"properties":{"lines":"6., 76, 97A, 97B","color":"#0059a9","mode":"bus","arr":["6.","76","97A","97B"],"angle":52.3,"extra":1,"ei":0}},{"type":"Feature","geometry":{"type":"Point","coordinates":[19.401005,51.771867]},"properties":{"lines":"6., 76, 97A, 97B","color":"#0059a9","mode":"bus","arr":["6.","76","97A","97B"],"angle":74.3,"extra":1,"ei":1}},{"type":"Feature","geometry":{"type":"Point","coordinates":[19.401781,51.770041]},"properties":{"lines":"6., 76, 97A, 97B","color":"#0059a9","mode":"bus","arr":["6.","76","97A","97B"],"angle":75.4,"extra":1,"ei":2}},{"type":"Feature","geometry":{"type":"Point","coordinates":[19.403562,51.766433]},"properties":{"lines":"6., 76, 97A, 97B","color":"#0059a9","mode":"bus","arr":["6.","76","97A","97B"],"angle":69.9,"extra":1,"ei":3}},{"type":"Feature","geometry":{"type":"Point","coordinates":[19.39909,51.776412]},"properties":{"lines":"6., 72A, 72B, 76, 83, 97A, 97B, N3A, N3B","color":"#0059a9","mode":"bus","arr":["6.","72A","72B","76","83","97A","97B","N3A","N3B"],"angle":-79.8}},{"type":"Feature","geometry":{"type":"Point","coordinates":[19.398759,51.775242]},"properties":{"lines":"6., 72A, 72B, 76, 83, 97A, 97B, N3A, N3B","color":"#0059a9","mode":"bus","arr":["6.","72A","72B","76","83","97A","97B","N3A","N3B"],"angle":-81.3,"extra":1,"ei":0}},{"type":"Feature","geometry":{"type":"Point","coordinates":[19.399336,51.778788]},"properties":{"lines":"6., 72A, 72B, 76, 97A, 97B, N3A, N3B","color":"#0059a9","mode":"bus","arr":["6.","72A","72B","76","97A","97B","N3A","N3B"],"angle":75.2}},{"type":"Feature","geometry":{"type":"Point","coordinates":[19.397874,51.779615]},"properties":{"lines":"6., 72A, 72B, 76, 83, 97A, 97B, N3A, N3B","color":"#0059a9","mode":"bus","arr":["6.","72A","72B","76","83","97A","97B","N3A","N3B"],"angle":39.8,"mi":1}},{"type":"Feature","geometry":{"type":"Point","coordinates":[19.394557,51.781576]},"properties":{"lines":"6., 76, 83, N3A, N3B","color":"#0059a9","mode":"bus","arr":["6.","76","83","N3A","N3B"],"angle":31.7}},{"type":"Feature","geometry":{"type":"Point","coordinates":[19.366625,51.789158]},"properties":{"lines":"6.","color":"#0059a9","mode":"bus","arr":["6."],"angle":5.2,"mi":3}},{"type":"Feature","geometry":{"type":"Point","coordinates":[19.38457,51.784205]},"properties":{"lines":"6.","color":"#0059a9","mode":"bus","arr":["6."],"angle":33.8}},{"type":"Feature","geometry":{"type":"Point","coordinates":[19.390074,51.782794]},"properties":{"lines":"6.","color":"#0059a9","mode":"bus","arr":["6."],"angle":15.4,"extra":1,"ei":0}},{"type":"Feature","geometry":{"type":"Point","coordinates":[19.387148,51.783328]},"properties":{"lines":"6.","color":"#0059a9","mode":"bus","arr":["6."],"angle":21.9,"extra":1,"ei":1}},{"type":"Feature","geometry":{"type":"Point","coordinates":[19.381867,51.785203]},"properties":{"lines":"6.","color":"#0059a9","mode":"bus","arr":["6."],"angle":26.3,"extra":1,"ei":2}},{"type":"Feature","geometry":{"type":"Point","coordinates":[19.379243,51.78616]},"properties":{"lines":"6.","color":"#0059a9","mode":"bus","arr":["6."],"angle":34.7,"extra":1,"ei":3}},{"type":"Feature","geometry":{"type":"Point","coordinates":[19.376583,51.787206]},"properties":{"lines":"6.","color":"#0059a9","mode":"bus","arr":["6."],"angle":22.6,"extra":1,"ei":0}},{"type":"Feature","geometry":{"type":"Point","coordinates":[19.373746,51.787901]},"properties":{"lines":"6.","color":"#0059a9","mode":"bus","arr":["6."],"angle":24,"extra":1,"ei":1}},{"type":"Feature","geometry":{"type":"Point","coordinates":[19.371053,51.788788]},"properties":{"lines":"6.","color":"#0059a9","mode":"bus","arr":["6."],"angle":27.1,"extra":1,"ei":2}},{"type":"Feature","geometry":{"type":"Point","coordinates":[19.361982,51.78943]},"properties":{"lines":"6.","color":"#0059a9","mode":"bus","arr":["6."],"angle":5.9,"extra":1,"ei":3}},{"type":"Feature","geometry":{"type":"Point","coordinates":[19.358944,51.78962]},"properties":{"lines":"6.","color":"#0059a9","mode":"bus","arr":["6."],"angle":5.5,"extra":1,"ei":4}},{"type":"Feature","geometry":{"type":"Point","coordinates":[19.355908,51.789811]},"properties":{"lines":"6.","color":"#0059a9","mode":"bus","arr":["6."],"angle":5.7,"extra":1,"ei":5}},{"type":"Feature","geometry":{"type":"Point","coordinates":[19.38773,51.821074]},"properties":{"lines":"6.","color":"#0059a9","mode":"bus","arr":["6."],"angle":-56}},{"type":"Feature","geometry":{"type":"Point","coordinates":[19.358439,51.79397]},"properties":{"lines":"6.","color":"#0059a9","mode":"bus","arr":["6."],"angle":-57.9}},{"type":"Feature","geometry":{"type":"Point","coordinates":[19.355431,51.791021]},"properties":{"lines":"6.","color":"#0059a9","mode":"bus","arr":["6."],"angle":-54.8,"mi":2}},{"type":"Feature","geometry":{"type":"Point","coordinates":[19.383614,51.817517]},"properties":{"lines":"6.","color":"#0059a9","mode":"bus","arr":["6."],"angle":-54.4,"extra":1,"ei":0}},{"type":"Feature","geometry":{"type":"Point","coordinates":[19.385388,51.819054]},"properties":{"lines":"6.","color":"#0059a9","mode":"bus","arr":["6."],"angle":-54.5,"extra":1,"ei":1}},{"type":"Feature","geometry":{"type":"Point","coordinates":[19.38868,51.82222]},"properties":{"lines":"6.","color":"#0059a9","mode":"bus","arr":["6."],"angle":-67.8,"extra":1,"ei":2}},{"type":"Feature","geometry":{"type":"Point","coordinates":[19.389821,51.823972]},"properties":{"lines":"6.","color":"#0059a9","mode":"bus","arr":["6."],"angle":-68,"extra":1,"ei":3}},{"type":"Feature","geometry":{"type":"Point","coordinates":[19.390965,51.825723]},"properties":{"lines":"6.","color":"#0059a9","mode":"bus","arr":["6."],"angle":-68,"extra":1,"ei":4}},{"type":"Feature","geometry":{"type":"Point","coordinates":[19.361029,51.795604]},"properties":{"lines":"6.","color":"#0059a9","mode":"bus","arr":["6."],"angle":24.4,"mi":1}},{"type":"Feature","geometry":{"type":"Point","coordinates":[19.367359,51.794468]},"properties":{"lines":"6., 84A, 84B, 96, N1B, N3A, N3B","color":"#0059a9","mode":"bus","arr":["6.","84A","84B","96","N1B","N3A","N3B"],"angle":-3.4}},{"type":"Feature","geometry":{"type":"Point","coordinates":[19.363022,51.795189]},"properties":{"lines":"6., 84A, 84B, 96, N1B, N3A, N3B","color":"#0059a9","mode":"bus","arr":["6.","84A","84B","96","N1B","N3A","N3B"],"angle":18.1,"extra":1,"ei":0}},{"type":"Feature","geometry":{"type":"Point","coordinates":[19.371929,51.794873]},"properties":{"lines":"6., 84A, 84B, 96, N1B, N3A, N3B","color":"#0059a9","mode":"bus","arr":["6.","84A","84B","96","N1B","N3A","N3B"],"angle":3,"extra":1,"ei":1}},{"type":"Feature","geometry":{"type":"Point","coordinates":[19.375416,51.79957]},"properties":{"lines":"6., 78, 83, 84A, 84B, N1A","color":"#0059a9","mode":"bus","arr":["6.","78","83","84A","84B","N1A"],"angle":85.5,"mi":1}},{"type":"Feature","geometry":{"type":"Point","coordinates":[19.37493,51.79636]},"properties":{"lines":"6., 78, 83, 84A, 84B, N1A","color":"#0059a9","mode":"bus","arr":["6.","78","83","84A","84B","N1A"],"angle":-71.9}},{"type":"Feature","geometry":{"type":"Point","coordinates":[19.374194,51.795117]},"properties":{"lines":"6., 78, 83, 84A, 84B, N1A","color":"#0059a9","mode":"bus","arr":["6.","78","83","84A","84B","N1A"],"angle":-57.1,"extra":1,"ei":0}},{"type":"Feature","geometry":{"type":"Point","coordinates":[19.381662,51.800182]},"properties":{"lines":"6.","color":"#0059a9","mode":"bus","arr":["6."],"angle":17.9}},{"type":"Feature","geometry":{"type":"Point","coordinates":[19.38534,51.799449]},"properties":{"lines":"6.","color":"#0059a9","mode":"bus","arr":["6."],"angle":17.8,"extra":1,"ei":0}},{"type":"Feature","geometry":{"type":"Point","coordinates":[19.37953,51.800608]},"properties":{"lines":"6.","color":"#0059a9","mode":"bus","arr":["6."],"angle":17.9,"extra":1,"ei":1}},{"type":"Feature","geometry":{"type":"Point","coordinates":[19.376639,51.801212]},"properties":{"lines":"6.","color":"#0059a9","mode":"bus","arr":["6."],"angle":17.9,"extra":1,"ei":2}},{"type":"Feature","geometry":{"type":"Point","coordinates":[19.388836,51.804265]},"properties":{"lines":"6., 76","color":"#0059a9","mode":"bus","arr":["6.","76"],"angle":-73.8}},{"type":"Feature","geometry":{"type":"Point","coordinates":[19.391183,51.808412]},"properties":{"lines":"6., 76","color":"#0059a9","mode":"bus","arr":["6.","76"],"angle":-69.5,"extra":1,"ei":0}},{"type":"Feature","geometry":{"type":"Point","coordinates":[19.39018,51.806629]},"properties":{"lines":"6., 76","color":"#0059a9","mode":"bus","arr":["6.","76"],"angle":-71.1,"extra":1,"ei":1}},{"type":"Feature","geometry":{"type":"Point","coordinates":[19.388556,51.803012]},"properties":{"lines":"6., 76","color":"#0059a9","mode":"bus","arr":["6.","76"],"angle":-83.6,"extra":1,"ei":2}},{"type":"Feature","geometry":{"type":"Point","coordinates":[19.388182,51.801138]},"properties":{"lines":"6., 76","color":"#0059a9","mode":"bus","arr":["6.","76"],"angle":-77.3,"extra":1,"ei":3}},{"type":"Feature","geometry":{"type":"Point","coordinates":[19.386948,51.799442]},"properties":{"lines":"6., 76","color":"#0059a9","mode":"bus","arr":["6.","76"],"angle":-65.8,"extra":1,"ei":4}},{"type":"Feature","geometry":{"type":"Point","coordinates":[19.385314,51.810772]},"properties":{"lines":"6., 76, 81A, 89","color":"#0059a9","mode":"bus","arr":["6.","76","81A","89"],"angle":18.7}},{"type":"Feature","geometry":{"type":"Point","coordinates":[19.390264,51.809645]},"properties":{"lines":"6., 76, 81A, 89","color":"#0059a9","mode":"bus","arr":["6.","76","81A","89"],"angle":20.2,"extra":1,"ei":0}},{"type":"Feature","geometry":{"type":"Point","coordinates":[19.387401,51.810299]},"properties":{"lines":"6., 76, 81A, 89","color":"#0059a9","mode":"bus","arr":["6.","76","81A","89"],"angle":20.2,"extra":1,"ei":1}},{"type":"Feature","geometry":{"type":"Point","coordinates":[19.381594,51.811459]},"properties":{"lines":"6., 76, 81A, 89","color":"#0059a9","mode":"bus","arr":["6.","76","81A","89"],"angle":17.6,"extra":1,"ei":2}},{"type":"Feature","geometry":{"type":"Point","coordinates":[19.378564,51.812875]},"properties":{"lines":"6., 76, 89","color":"#0059a9","mode":"bus","arr":["6.","76","89"],"angle":-81.1,"side":-1}},{"type":"Feature","geometry":{"type":"Point","coordinates":[19.380414,51.814725]},"properties":{"lines":"6., 76, 81A, 89","color":"#0059a9","mode":"bus","arr":["6.","76","81A","89"],"angle":-54.9,"mi":1}},{"type":"Feature","geometry":{"type":"Point","coordinates":[19.381845,51.815978]},"properties":{"lines":"6., 76, 81A, 89","color":"#0059a9","mode":"bus","arr":["6.","76","81A","89"],"angle":-54.8,"extra":1,"ei":0}},{"type":"Feature","geometry":{"type":"Point","coordinates":[19.378404,51.812864]},"properties":{"lines":"6., 76, 81A, 89","color":"#0059a9","mode":"bus","arr":["6.","76","81A","89"],"angle":-59.2,"extra":1,"ei":1}},{"type":"Feature","geometry":{"type":"Point","coordinates":[19.398585,51.837537]},"properties":{"lines":"6.","color":"#0059a9","mode":"bus","arr":["6."],"angle":-68.6}},{"type":"Feature","geometry":{"type":"Point","coordinates":[19.391686,51.82683]},"properties":{"lines":"6.","color":"#0059a9","mode":"bus","arr":["6."],"angle":-68,"extra":1,"ei":0}},{"type":"Feature","geometry":{"type":"Point","coordinates":[19.392824,51.828582]},"properties":{"lines":"6.","color":"#0059a9","mode":"bus","arr":["6."],"angle":-68.3,"extra":1,"ei":1}},{"type":"Feature","geometry":{"type":"Point","coordinates":[19.393953,51.830337]},"properties":{"lines":"6.","color":"#0059a9","mode":"bus","arr":["6."],"angle":-68.4,"extra":1,"ei":2}},{"type":"Feature","geometry":{"type":"Point","coordinates":[19.395078,51.832093]},"properties":{"lines":"6.","color":"#0059a9","mode":"bus","arr":["6."],"angle":-68.3,"extra":1,"ei":3}},{"type":"Feature","geometry":{"type":"Point","coordinates":[19.396199,51.833849]},"properties":{"lines":"6.","color":"#0059a9","mode":"bus","arr":["6."],"angle":-68.8,"extra":1,"ei":4}},{"type":"Feature","geometry":{"type":"Point","coordinates":[19.397332,51.835603]},"properties":{"lines":"6.","color":"#0059a9","mode":"bus","arr":["6."],"angle":-68,"extra":1,"ei":5}},{"type":"Feature","geometry":{"type":"Point","coordinates":[19.399596,51.839111]},"properties":{"lines":"6.","color":"#0059a9","mode":"bus","arr":["6."],"angle":-69.8,"extra":1,"ei":6}},{"type":"Feature","geometry":{"type":"Point","coordinates":[19.400246,51.840953]},"properties":{"lines":"6.","color":"#0059a9","mode":"bus","arr":["6."],"angle":-79.2,"extra":1,"ei":7}},{"type":"Feature","geometry":{"type":"Point","coordinates":[19.400818,51.842808]},"properties":{"lines":"6.","color":"#0059a9","mode":"bus","arr":["6."],"angle":-79.3,"extra":1,"ei":8}},{"type":"Feature","geometry":{"type":"Point","coordinates":[19.401387,51.844663]},"properties":{"lines":"6.","color":"#0059a9","mode":"bus","arr":["6."],"angle":-79.4,"extra":1,"ei":9}},{"type":"Feature","geometry":{"type":"Point","coordinates":[19.401956,51.846519]},"properties":{"lines":"6.","color":"#0059a9","mode":"bus","arr":["6."],"angle":-79.2,"extra":1,"ei":10}},{"type":"Feature","geometry":{"type":"Point","coordinates":[19.40245,51.848382]},"properties":{"lines":"6.","color":"#0059a9","mode":"bus","arr":["6."],"angle":-84.9,"extra":1,"ei":11}},{"type":"Feature","geometry":{"type":"Point","coordinates":[19.405144,51.850991]},"properties":{"lines":"6.","color":"#0059a9","mode":"bus","arr":["6."],"angle":-29.8,"mi":13}},{"type":"Feature","geometry":{"type":"Point","coordinates":[19.408501,51.853826]},"properties":{"lines":"6.","color":"#0059a9","mode":"bus","arr":["6."],"angle":-77.8,"mi":11}},{"type":"Feature","geometry":{"type":"Point","coordinates":[19.412839,51.855247]},"properties":{"lines":"6.","color":"#0059a9","mode":"bus","arr":["6."],"angle":13.5,"mi":12}},{"type":"Feature","geometry":{"type":"Point","coordinates":[19.410665,51.85557]},"properties":{"lines":"6.","color":"#0059a9","mode":"bus","arr":["6."],"angle":13.7,"extra":1,"ei":0}},{"type":"Feature","geometry":{"type":"Point","coordinates":[19.416908,51.86043]},"properties":{"lines":"6., 61","color":"#0059a9","mode":"bus","arr":["6.","61"],"angle":67.2,"mi":4}},{"type":"Feature","geometry":{"type":"Point","coordinates":[19.417238,51.856577]},"properties":{"lines":"6., 61","color":"#0059a9","mode":"bus","arr":["6.","61"],"angle":-76.4,"mi":5}},{"type":"Feature","geometry":{"type":"Point","coordinates":[19.411576,51.861541]},"properties":{"lines":"6., 61","color":"#0059a9","mode":"bus","arr":["6.","61"],"angle":-10.5,"mi":2}},{"type":"Feature","geometry":{"type":"Point","coordinates":[19.414192,51.862049]},"properties":{"lines":"6., 61","color":"#0059a9","mode":"bus","arr":["6.","61"],"angle":-22.6,"extra":1,"ei":0}},{"type":"Feature","geometry":{"type":"Point","coordinates":[19.408319,51.861074]},"properties":{"lines":"6., 61","color":"#0059a9","mode":"bus","arr":["6.","61"],"angle":-18,"extra":1,"ei":1}},{"type":"Feature","geometry":{"type":"Point","coordinates":[19.406627,51.860593]},"properties":{"lines":"6.","color":"#0059a9","mode":"bus","arr":["6."],"angle":-86.3,"mi":5}},{"type":"Feature","geometry":{"type":"Point","coordinates":[19.406668,51.860993]},"properties":{"lines":"6., 61","color":"#0059a9","mode":"bus","arr":["6.","61"],"angle":-86.3,"mi":1}},{"type":"Feature","geometry":{"type":"Point","coordinates":[19.406223,51.861455]},"properties":{"lines":"6.","color":"#0059a9","mode":"bus","arr":["6."],"angle":53.5,"mi":7}},{"type":"Feature","geometry":{"type":"Point","coordinates":[19.405651,51.861289]},"properties":{"lines":"6.","color":"#0059a9","mode":"bus","arr":["6."],"angle":-81.5,"mi":6}},{"type":"Feature","geometry":{"type":"Point","coordinates":[19.402637,51.861264]},"properties":{"lines":"6.","color":"#0059a9","mode":"bus","arr":["6."],"angle":54.8,"mi":8}},{"type":"Feature","geometry":{"type":"Point","coordinates":[19.404082,51.859998]},"properties":{"lines":"6.","color":"#0059a9","mode":"bus","arr":["6."],"angle":55.1,"extra":1,"ei":0}},{"type":"Feature","geometry":{"type":"Point","coordinates":[19.400904,51.863208]},"properties":{"lines":"6.","color":"#0059a9","mode":"bus","arr":["6."],"angle":65.2,"extra":1,"ei":1}},{"type":"Feature","geometry":{"type":"Point","coordinates":[19.405516,51.858782]},"properties":{"lines":"6.","color":"#0059a9","mode":"bus","arr":["6."],"angle":50.2}},{"type":"Feature","geometry":{"type":"Point","coordinates":[19.394358,51.861365]},"properties":{"lines":"6., 61","color":"#0059a9","mode":"bus","arr":["6.","61"],"angle":-47.9}},{"type":"Feature","geometry":{"type":"Point","coordinates":[19.399218,51.86329]},"properties":{"lines":"6., 61","color":"#0059a9","mode":"bus","arr":["6.","61"],"angle":-10.3,"extra":1,"ei":0}},{"type":"Feature","geometry":{"type":"Point","coordinates":[19.396342,51.8627]},"properties":{"lines":"6., 61","color":"#0059a9","mode":"bus","arr":["6.","61"],"angle":-38,"extra":1,"ei":1}},{"type":"Feature","geometry":{"type":"Point","coordinates":[19.392313,51.859869]},"properties":{"lines":"6., 61","color":"#0059a9","mode":"bus","arr":["6.","61"],"angle":-56.3,"extra":1,"ei":2}},{"type":"Feature","geometry":{"type":"Point","coordinates":[19.390907,51.858211]},"properties":{"lines":"6., 61","color":"#0059a9","mode":"bus","arr":["6.","61"],"angle":-78.8,"extra":1,"ei":3}},{"type":"Feature","geometry":{"type":"Point","coordinates":[19.384501,51.857857]},"properties":{"lines":"6., 61","color":"#0059a9","mode":"bus","arr":["6.","61"],"angle":3.9,"mi":3}},{"type":"Feature","geometry":{"type":"Point","coordinates":[19.389179,51.857531]},"properties":{"lines":"6., 61","color":"#0059a9","mode":"bus","arr":["6.","61"],"angle":7.3,"extra":1,"ei":0}},{"type":"Feature","geometry":{"type":"Point","coordinates":[19.380068,51.858084]},"properties":{"lines":"6., 61","color":"#0059a9","mode":"bus","arr":["6.","61"],"angle":4.4,"extra":1,"ei":1}},{"type":"Feature","geometry":{"type":"Point","coordinates":[19.377815,51.862587]},"properties":{"lines":"6., 61","color":"#0059a9","mode":"bus","arr":["6.","61"],"angle":84.6,"mi":7}},{"type":"Feature","geometry":{"type":"Point","coordinates":[19.378351,51.859226]},"properties":{"lines":"6., 61","color":"#0059a9","mode":"bus","arr":["6.","61"],"angle":84.3,"extra":1,"ei":0}},{"type":"Feature","geometry":{"type":"Point","coordinates":[19.378047,51.861105]},"properties":{"lines":"6., 61","color":"#0059a9","mode":"bus","arr":["6.","61"],"angle":84.5,"extra":1,"ei":1}},{"type":"Feature","geometry":{"type":"Point","coordinates":[19.377758,51.86487]},"properties":{"lines":"6., 61","color":"#0059a9","mode":"bus","arr":["6.","61"],"angle":-84,"extra":1,"ei":2}},{"type":"Feature","geometry":{"type":"Point","coordinates":[19.378288,51.866729]},"properties":{"lines":"6., 61","color":"#0059a9","mode":"bus","arr":["6.","61"],"angle":-78.2,"extra":1,"ei":3}},{"type":"Feature","geometry":{"type":"Point","coordinates":[19.378657,51.867827]},"properties":{"lines":"61","color":"#0059a9","mode":"bus","arr":["61"],"angle":-78.3,"mi":3}},{"type":"Feature","geometry":{"type":"Point","coordinates":[19.381353,51.868005]},"properties":{"lines":"6., 61","color":"#0059a9","mode":"bus","arr":["6.","61"],"angle":-77.8,"mi":6}},{"type":"Feature","geometry":{"type":"Point","coordinates":[19.39629,51.860413]},"properties":{"lines":"6.","color":"#0059a9","mode":"bus","arr":["6."],"angle":42.6,"mi":10}},{"type":"Feature","geometry":{"type":"Point","coordinates":[19.39786,51.859538]},"properties":{"lines":"6.","color":"#0059a9","mode":"bus","arr":["6."],"angle":41.4,"extra":1,"ei":0}},{"type":"Feature","geometry":{"type":"Point","coordinates":[19.399451,51.859493]},"properties":{"lines":"6.","color":"#0059a9","mode":"bus","arr":["6."],"angle":-7,"mi":9}},{"type":"Feature","geometry":{"type":"Point","coordinates":[19.402585,51.85956]},"properties":{"lines":"6.","color":"#0059a9","mode":"bus","arr":["6."],"angle":-16,"mi":2}},{"type":"Feature","geometry":{"type":"Point","coordinates":[19.399257,51.778763]},"properties":{"lines":"6., 72A, 72B, 76, 83, N3A, N3B","color":"#0059a9","mode":"bus","arr":["6.","72A","72B","76","83","N3A","N3B"],"angle":66.3,"side":-1}},{"type":"Feature","geometry":{"type":"Point","coordinates":[19.408707,51.761786]},"properties":{"lines":"6., 76, 80A","color":"#0059a9","mode":"bus","arr":["6.","76","80A"],"angle":45.2,"side":-1}},{"type":"Feature","geometry":{"type":"Point","coordinates":[19.413764,51.758116]},"properties":{"lines":"76, 80A","color":"#0059a9","mode":"bus","arr":["76","80A"],"angle":29.7,"side":-1}},{"type":"Feature","geometry":{"type":"Point","coordinates":[19.415327,51.757635]},"properties":{"lines":"6., 80B, 99","color":"#0059a9","mode":"bus","arr":["6.","80B","99"],"angle":24.2,"side":-1,"mi":2}},{"type":"Feature","geometry":{"type":"Point","coordinates":[19.422643,51.755884]},"properties":{"lines":"6., 80B, 99","color":"#0059a9","mode":"bus","arr":["6.","80B","99"],"angle":36,"side":-1}},{"type":"Feature","geometry":{"type":"Point","coordinates":[19.42327,51.755611]},"properties":{"lines":"6., 80B, 99","color":"#0059a9","mode":"bus","arr":["6.","80B","99"],"angle":24.6,"mi":1}},{"type":"Feature","geometry":{"type":"Point","coordinates":[19.426701,51.755571]},"properties":{"lines":"6., 67, 80B, 86, 99, N2","color":"#0059a9","mode":"bus","arr":["6.","67","80B","86","99","N2"],"angle":12}},{"type":"Feature","geometry":{"type":"Point","coordinates":[19.430739,51.755478]},"properties":{"lines":"6., 67, 80A, 80B, 86, 97A, 97B, 99, N2","color":"#0059a9","mode":"bus","arr":["6.","67","80A","80B","86","97A","97B","99","N2"],"angle":-4,"side":-1}},{"type":"Feature","geometry":{"type":"Point","coordinates":[19.431829,51.755631]},"properties":{"lines":"6., 80A, 80B, 86, 97A, 97B, 99, N2","color":"#0059a9","mode":"bus","arr":["6.","80A","80B","86","97A","97B","99","N2"],"angle":-30.7,"side":-1,"mi":1}},{"type":"Feature","geometry":{"type":"Point","coordinates":[19.433631,51.755882]},"properties":{"lines":"6., 80A, 80B, 86, 97A, 97B, 99, N2","color":"#0059a9","mode":"bus","arr":["6.","80A","80B","86","97A","97B","99","N2"],"angle":-9.8}},{"type":"Feature","geometry":{"type":"Point","coordinates":[19.43416,51.757694]},"properties":{"lines":"6., 52, 80A, 80B, 86, 93, 97A, 97B, 99, N2","color":"#0059a9","mode":"bus","arr":["6.","52","80A","80B","86","93","97A","97B","99","N2"],"angle":67.2}},{"type":"Feature","geometry":{"type":"Point","coordinates":[19.433683,51.757915]},"properties":{"lines":"6., 52, 65A, 65B, 80A, 80B, 86, 93, 99, N2","color":"#0059a9","mode":"bus","arr":["6.","52","65A","65B","80A","80B","86","93","99","N2"],"angle":-33.1,"side":-1}},{"type":"Feature","geometry":{"type":"Point","coordinates":[19.493861,51.651976]},"properties":{"lines":"50A, 50B, 56","color":"#0059a9","mode":"bus","arr":["50A","50B","56"],"angle":25.7,"mi":5}},{"type":"Feature","geometry":{"type":"Point","coordinates":[19.49296,51.656997]},"properties":{"lines":"50A, 50B, 56","color":"#0059a9","mode":"bus","arr":["50A","50B","56"],"angle":86.2,"mi":3}},{"type":"Feature","geometry":{"type":"Point","coordinates":[19.491059,51.66125]},"properties":{"lines":"50A, 50B, 56","color":"#0059a9","mode":"bus","arr":["50A","50B","56"],"angle":61.4,"extra":1,"ei":0}},{"type":"Feature","geometry":{"type":"Point","coordinates":[19.492524,51.659598]},"properties":{"lines":"50A, 50B, 56","color":"#0059a9","mode":"bus","arr":["50A","50B","56"],"angle":71.6,"extra":1,"ei":1}},{"type":"Feature","geometry":{"type":"Point","coordinates":[19.493244,51.653957]},"properties":{"lines":"50A, 50B, 56","color":"#0059a9","mode":"bus","arr":["50A","50B","56"],"angle":87,"extra":1,"ei":2}},{"type":"Feature","geometry":{"type":"Point","coordinates":[19.493403,51.652071]},"properties":{"lines":"50A, 50B, 56","color":"#0059a9","mode":"bus","arr":["50A","50B","56"],"angle":86.7,"extra":1,"ei":3,"side":-1}},{"type":"Feature","geometry":{"type":"Point","coordinates":[19.490068,51.662519]},"properties":{"lines":"50A, 50B, 56","color":"#0059a9","mode":"bus","arr":["50A","50B","56"],"angle":63.6}},{"type":"Feature","geometry":{"type":"Point","coordinates":[19.488571,51.664652]},"properties":{"lines":"50A, 50B, 56","color":"#0059a9","mode":"bus","arr":["50A","50B","56"],"angle":78.1,"mi":1}},{"type":"Feature","geometry":{"type":"Point","coordinates":[19.487945,51.666487]},"properties":{"lines":"50A, 50B, 56","color":"#0059a9","mode":"bus","arr":["50A","50B","56"],"angle":-29,"mi":2}},{"type":"Feature","geometry":{"type":"Point","coordinates":[19.480459,51.671587]},"properties":{"lines":"50A, 50B, 56","color":"#0059a9","mode":"bus","arr":["50A","50B","56"],"angle":47.5,"mi":4}},{"type":"Feature","geometry":{"type":"Point","coordinates":[19.485983,51.667855]},"properties":{"lines":"50A, 50B, 56","color":"#0059a9","mode":"bus","arr":["50A","50B","56"],"angle":47.6,"extra":1,"ei":0}},{"type":"Feature","geometry":{"type":"Point","coordinates":[19.483922,51.669248]},"properties":{"lines":"50A, 50B, 56","color":"#0059a9","mode":"bus","arr":["50A","50B","56"],"angle":47.4,"extra":1,"ei":1}},{"type":"Feature","geometry":{"type":"Point","coordinates":[19.481859,51.67064]},"properties":{"lines":"50A, 50B, 56","color":"#0059a9","mode":"bus","arr":["50A","50B","56"],"angle":47.6,"extra":1,"ei":2}},{"type":"Feature","geometry":{"type":"Point","coordinates":[19.477725,51.673419]},"properties":{"lines":"50A, 50B, 56","color":"#0059a9","mode":"bus","arr":["50A","50B","56"],"angle":47.2,"extra":1,"ei":3}},{"type":"Feature","geometry":{"type":"Point","coordinates":[19.475644,51.674801]},"properties":{"lines":"50A, 50B, 56","color":"#0059a9","mode":"bus","arr":["50A","50B","56"],"angle":46.3,"extra":1,"ei":4,"side":-1}},{"type":"Feature","geometry":{"type":"Point","coordinates":[19.463214,51.682363]},"properties":{"lines":"50A, 50B","color":"#0059a9","mode":"bus","arr":["50A","50B"],"angle":44.3}},{"type":"Feature","geometry":{"type":"Point","coordinates":[19.472728,51.676627]},"properties":{"lines":"50A, 50B","color":"#0059a9","mode":"bus","arr":["50A","50B"],"angle":44.3,"extra":1,"ei":0}},{"type":"Feature","geometry":{"type":"Point","coordinates":[19.470544,51.677946]},"properties":{"lines":"50A, 50B","color":"#0059a9","mode":"bus","arr":["50A","50B"],"angle":44.2,"extra":1,"ei":1}},{"type":"Feature","geometry":{"type":"Point","coordinates":[19.468356,51.679263]},"properties":{"lines":"50A, 50B","color":"#0059a9","mode":"bus","arr":["50A","50B"],"angle":44.2,"extra":1,"ei":2}},{"type":"Feature","geometry":{"type":"Point","coordinates":[19.466169,51.680581]},"properties":{"lines":"50A, 50B","color":"#0059a9","mode":"bus","arr":["50A","50B"],"angle":44.3,"extra":1,"ei":3}},{"type":"Feature","geometry":{"type":"Point","coordinates":[19.461798,51.683218]},"properties":{"lines":"50A, 50B","color":"#0059a9","mode":"bus","arr":["50A","50B"],"angle":44.3,"extra":1,"ei":4}},{"type":"Feature","geometry":{"type":"Point","coordinates":[19.459605,51.684531]},"properties":{"lines":"50A, 50B","color":"#0059a9","mode":"bus","arr":["50A","50B"],"angle":44,"extra":1,"ei":5}},{"type":"Feature","geometry":{"type":"Point","coordinates":[19.457414,51.685847]},"properties":{"lines":"50A, 50B","color":"#0059a9","mode":"bus","arr":["50A","50B"],"angle":44.4,"extra":1,"ei":6}},{"type":"Feature","geometry":{"type":"Point","coordinates":[19.455235,51.687169]},"properties":{"lines":"50A, 50B","color":"#0059a9","mode":"bus","arr":["50A","50B"],"angle":44.2,"extra":1,"ei":7}},{"type":"Feature","geometry":{"type":"Point","coordinates":[19.453046,51.688485]},"properties":{"lines":"50A, 50B","color":"#0059a9","mode":"bus","arr":["50A","50B"],"angle":44.2,"extra":1,"ei":8}},{"type":"Feature","geometry":{"type":"Point","coordinates":[19.445498,51.693037]},"properties":{"lines":"50A, 50B","color":"#0059a9","mode":"bus","arr":["50A","50B"],"angle":44.1}},{"type":"Feature","geometry":{"type":"Point","coordinates":[19.440803,51.698336]},"properties":{"lines":"50A, 50B","color":"#0059a9","mode":"bus","arr":["50A","50B"],"angle":14.8,"mi":1}},{"type":"Feature","geometry":{"type":"Point","coordinates":[19.451516,51.689418]},"properties":{"lines":"50A, 50B","color":"#0059a9","mode":"bus","arr":["50A","50B"],"angle":44.5,"extra":1,"ei":0}},{"type":"Feature","geometry":{"type":"Point","coordinates":[19.449327,51.690735]},"properties":{"lines":"50A, 50B","color":"#0059a9","mode":"bus","arr":["50A","50B"],"angle":44.1,"extra":1,"ei":1}},{"type":"Feature","geometry":{"type":"Point","coordinates":[19.447137,51.69205]},"properties":{"lines":"50A, 50B","color":"#0059a9","mode":"bus","arr":["50A","50B"],"angle":44.2,"extra":1,"ei":2}},{"type":"Feature","geometry":{"type":"Point","coordinates":[19.442935,51.694773]},"properties":{"lines":"50A, 50B","color":"#0059a9","mode":"bus","arr":["50A","50B"],"angle":62.8,"extra":1,"ei":3}},{"type":"Feature","geometry":{"type":"Point","coordinates":[19.44186,51.696539]},"properties":{"lines":"50A, 50B","color":"#0059a9","mode":"bus","arr":["50A","50B"],"angle":70.1,"extra":1,"ei":4}},{"type":"Feature","geometry":{"type":"Point","coordinates":[19.438301,51.701504]},"properties":{"lines":"50A, 50B, 68","color":"#0059a9","mode":"bus","arr":["50A","50B","68"],"angle":77.2}},{"type":"Feature","geometry":{"type":"Point","coordinates":[19.437682,51.702696]},"properties":{"lines":"50A, 50B, 68","color":"#0059a9","mode":"bus","arr":["50A","50B","68"],"angle":64,"extra":1,"ei":0}},{"type":"Feature","geometry":{"type":"Point","coordinates":[19.4388,51.700287]},"properties":{"lines":"50A, 50B, 68","color":"#0059a9","mode":"bus","arr":["50A","50B","68"],"angle":57.7,"extra":1,"ei":0,"side":-1}},{"type":"Feature","geometry":{"type":"Point","coordinates":[19.432558,51.707008]},"properties":{"lines":"50A, 50B, 68, 75A, 75B, N4A, N4B","color":"#0059a9","mode":"bus","arr":["50A","50B","68","75A","75B","N4A","N4B"],"angle":59.2}},{"type":"Feature","geometry":{"type":"Point","coordinates":[19.436527,51.703736]},"properties":{"lines":"50A, 50B, 68, 75A, 75B, N4A, N4B","color":"#0059a9","mode":"bus","arr":["50A","50B","68","75A","75B","N4A","N4B"],"angle":49.6,"extra":1,"ei":0}},{"type":"Feature","geometry":{"type":"Point","coordinates":[19.434548,51.705175]},"properties":{"lines":"50A, 50B, 68, 75A, 75B, N4A, N4B","color":"#0059a9","mode":"bus","arr":["50A","50B","68","75A","75B","N4A","N4B"],"angle":49.6,"extra":1,"ei":1}},{"type":"Feature","geometry":{"type":"Point","coordinates":[19.431267,51.708352]},"properties":{"lines":"50A, 50B, 68, 75A, 75B, N4A, N4B","color":"#0059a9","mode":"bus","arr":["50A","50B","68","75A","75B","N4A","N4B"],"angle":59.3,"extra":1,"ei":2}},{"type":"Feature","geometry":{"type":"Point","coordinates":[19.429708,51.709975]},"properties":{"lines":"50A, 50B, 68, 75A, 75B, N4A, N4B","color":"#0059a9","mode":"bus","arr":["50A","50B","68","75A","75B","N4A","N4B"],"angle":59.3,"extra":1,"ei":3}},{"type":"Feature","geometry":{"type":"Point","coordinates":[19.463213,51.739434]},"properties":{"lines":"50A, 50B, 63, 68","color":"#0059a9","mode":"bus","arr":["50A","50B","63","68"],"angle":-45.5,"side":-1}},{"type":"Feature","geometry":{"type":"Point","coordinates":[19.462679,51.739876]},"properties":{"lines":"50A, 50B, 63, 68, 72A, 72B, N3A, N3B, N4A, N4B, N6","color":"#0059a9","mode":"bus","arr":["50A","50B","63","68","72A","72B","N3A","N3B","N4A","N4B","N6"],"angle":82.4,"side":-1}},{"type":"Feature","geometry":{"type":"Point","coordinates":[19.432726,51.706686]},"properties":{"lines":"50A, 50B, 68, 75A, 75B","color":"#0059a9","mode":"bus","arr":["50A","50B","68","75A","75B"],"angle":59.2,"side":-1}},{"type":"Feature","geometry":{"type":"Point","coordinates":[19.42962,51.709918]},"properties":{"lines":"50A, 50B, 68, 75A, 75B","color":"#0059a9","mode":"bus","arr":["50A","50B","68","75A","75B"],"angle":59.3,"extra":1,"ei":0,"side":-1}},{"type":"Feature","geometry":{"type":"Point","coordinates":[19.431179,51.708295]},"properties":{"lines":"50A, 50B, 68, 75A, 75B","color":"#0059a9","mode":"bus","arr":["50A","50B","68","75A","75B"],"angle":59.3,"extra":1,"ei":1,"side":-1}},{"type":"Feature","geometry":{"type":"Point","coordinates":[19.43446,51.705117]},"properties":{"lines":"50A, 50B, 68, 75A, 75B","color":"#0059a9","mode":"bus","arr":["50A","50B","68","75A","75B"],"angle":49.5,"extra":1,"ei":2,"side":-1}},{"type":"Feature","geometry":{"type":"Point","coordinates":[19.43644,51.70368]},"properties":{"lines":"50A, 50B, 68, 75A, 75B","color":"#0059a9","mode":"bus","arr":["50A","50B","68","75A","75B"],"angle":49.8,"extra":1,"ei":3,"side":-1}},{"type":"Feature","geometry":{"type":"Point","coordinates":[19.48715,51.64579]},"properties":{"lines":"50B, 56","color":"#0059a9","mode":"bus","arr":["50B","56"],"angle":86.5,"mi":1}},{"type":"Feature","geometry":{"type":"Point","coordinates":[19.490763,51.644854]},"properties":{"lines":"50B, 56","color":"#0059a9","mode":"bus","arr":["50B","56"],"angle":-2.1}},{"type":"Feature","geometry":{"type":"Point","coordinates":[19.492689,51.643655]},"properties":{"lines":"50B, 56","color":"#0059a9","mode":"bus","arr":["50B","56"],"angle":79.7,"extra":1,"ei":0}},{"type":"Feature","geometry":{"type":"Point","coordinates":[19.487803,51.644769]},"properties":{"lines":"50B, 56","color":"#0059a9","mode":"bus","arr":["50B","56"],"angle":-2.7,"extra":1,"ei":1}},{"type":"Feature","geometry":{"type":"Point","coordinates":[19.493871,51.647504]},"properties":{"lines":"50B, 56","color":"#0059a9","mode":"bus","arr":["50B","56"],"angle":86.2,"mi":3}},{"type":"Feature","geometry":{"type":"Point","coordinates":[19.49354,51.650608]},"properties":{"lines":"50B, 56","color":"#0059a9","mode":"bus","arr":["50B","56"],"angle":86.6,"extra":1,"ei":0}},{"type":"Feature","geometry":{"type":"Point","coordinates":[19.493727,51.648723]},"properties":{"lines":"50B, 56","color":"#0059a9","mode":"bus","arr":["50B","56"],"angle":86,"extra":1,"ei":1}},{"type":"Feature","geometry":{"type":"Point","coordinates":[19.494154,51.644955]},"properties":{"lines":"50B, 56","color":"#0059a9","mode":"bus","arr":["50B","56"],"angle":86.3,"extra":1,"ei":2}},{"type":"Feature","geometry":{"type":"Point","coordinates":[19.486027,51.645398]},"properties":{"lines":"50B, 56","color":"#0059a9","mode":"bus","arr":["50B","56"],"angle":86.5,"mi":2}},{"type":"Feature","geometry":{"type":"Point","coordinates":[19.467912,51.770306]},"properties":{"lines":"51A, 51B, 53A, 53B, 57, 61, 67, 85B, 86, N8","color":"#0059a9","mode":"bus","arr":["51A","51B","53A","53B","57","61","67","85B","86","N8"],"angle":-8.5}},{"type":"Feature","geometry":{"type":"Point","coordinates":[19.466909,51.770047]},"properties":{"lines":"51A, 51B, 53A, 53B, 57, 58A, 58B, 67, 77, 85B, 86, 88A, 88B, 88C, 88D, 101, N7A, N7B, N8, Z13","color":"#0059a9","mode":"bus","arr":["51A","51B","53A","53B","57","58A","58B","67","77","85B","86","88A","88B","88C","88D","101","N7A","N7B","N8","Z13"],"angle":-36.6,"side":-1}},{"type":"Feature","geometry":{"type":"Point","coordinates":[19.476914,51.775605]},"properties":{"lines":"51A, 51B, 53A, 53B, 61, 88A, 88B, 88C, 88D","color":"#0059a9","mode":"bus","arr":["51A","51B","53A","53B","61","88A","88B","88C","88D"],"angle":-55,"side":-1}},{"type":"Feature","geometry":{"type":"Point","coordinates":[19.474009,51.772919]},"properties":{"lines":"51A, 51B, 53A, 53B, 61, 88A, 88B, 88C, 88D","color":"#0059a9","mode":"bus","arr":["51A","51B","53A","53B","61","88A","88B","88C","88D"],"angle":-53.7,"extra":1,"ei":0,"side":-1}},{"type":"Feature","geometry":{"type":"Point","coordinates":[19.475762,51.774465]},"properties":{"lines":"51A, 51B, 53A, 53B, 61, 88A, 88B, 88C, 88D","color":"#0059a9","mode":"bus","arr":["51A","51B","53A","53B","61","88A","88B","88C","88D"],"angle":-57.5,"extra":1,"ei":1,"side":-1}},{"type":"Feature","geometry":{"type":"Point","coordinates":[19.479313,51.77753]},"properties":{"lines":"51A, 51B, 53A, 53B, 61, 88A, 88B, 88C, 88D","color":"#0059a9","mode":"bus","arr":["51A","51B","53A","53B","61","88A","88B","88C","88D"],"angle":-55.2,"extra":1,"ei":2,"side":-1}},{"type":"Feature","geometry":{"type":"Point","coordinates":[19.484063,51.787046]},"properties":{"lines":"51A, 51B, 53A, 53B, 60A, 60B, 60C, 60D, 61, 70, 88A, 88B, 88C, 88D, N7A, N7B","color":"#0059a9","mode":"bus","arr":["51A","51B","53A","53B","60A","60B","60C","60D","61","70","88A","88B","88C","88D","N7A","N7B"],"angle":-63.2,"side":-1}},{"type":"Feature","geometry":{"type":"Point","coordinates":[19.481801,51.779621]},"properties":{"lines":"51A, 51B, 53A, 53B, 60A, 60B, 60C, 60D, 61, 70, 88A, 88B, 88C, 88D, N7A, N7B","color":"#0059a9","mode":"bus","arr":["51A","51B","53A","53B","60A","60B","60C","60D","61","70","88A","88B","88C","88D","N7A","N7B"],"angle":-68.4,"side":-1,"mi":1}},{"type":"Feature","geometry":{"type":"Point","coordinates":[19.483188,51.783597]},"properties":{"lines":"51A, 51B, 53A, 53B, 60A, 60B, 60C, 60D, 61, 70, 88A, 88B, 88C, 88D, N7A, N7B","color":"#0059a9","mode":"bus","arr":["51A","51B","53A","53B","60A","60B","60C","60D","61","70","88A","88B","88C","88D","N7A","N7B"],"angle":-88.9,"extra":1,"ei":0,"side":-1}},{"type":"Feature","geometry":{"type":"Point","coordinates":[19.48331,51.785483]},"properties":{"lines":"51A, 51B, 53A, 53B, 60A, 60B, 60C, 60D, 61, 70, 88A, 88B, 88C, 88D, N7A, N7B","color":"#0059a9","mode":"bus","arr":["51A","51B","53A","53B","60A","60B","60C","60D","61","70","88A","88B","88C","88D","N7A","N7B"],"angle":-83.9,"extra":1,"ei":1,"side":-1}},{"type":"Feature","geometry":{"type":"Point","coordinates":[19.485702,51.788928]},"properties":{"lines":"51A, 51B, 53A, 53B, 60A, 60B, 60C, 60D, 61, 70, 88A, 88B, 88C, 88D, N7A, N7B","color":"#0059a9","mode":"bus","arr":["51A","51B","53A","53B","60A","60B","60C","60D","61","70","88A","88B","88C","88D","N7A","N7B"],"angle":-61.6,"extra":1,"ei":2,"side":-1}},{"type":"Feature","geometry":{"type":"Point","coordinates":[19.487183,51.790579]},"properties":{"lines":"51A, 51B, 53A, 53B, 60A, 60B, 60C, 60D, 61, 70, 88A, 88B, 88C, 88D, N7A, N7B","color":"#0059a9","mode":"bus","arr":["51A","51B","53A","53B","60A","60B","60C","60D","61","70","88A","88B","88C","88D","N7A","N7B"],"angle":-61.5,"extra":1,"ei":3,"side":-1}},{"type":"Feature","geometry":{"type":"Point","coordinates":[19.482954,51.781147]},"properties":{"lines":"51A, 51B, 53A, 53B, 60A, 60B, 60C, 60D, 61, 70, 88A, 88B, 88C, 88D, N4A, N4B, N7A, N7B","color":"#0059a9","mode":"bus","arr":["51A","51B","53A","53B","60A","60B","60C","60D","61","70","88A","88B","88C","88D","N4A","N4B","N7A","N7B"],"angle":-77.2,"side":-1}},{"type":"Feature","geometry":{"type":"Point","coordinates":[19.483117,51.782461]},"properties":{"lines":"51A, 51B, 53A, 53B, 60A, 60B, 60C, 60D, 61, 70, 88A, 88B, 88C, 88D, N4A, N4B, N7A, N7B","color":"#0059a9","mode":"bus","arr":["51A","51B","53A","53B","60A","60B","60C","60D","61","70","88A","88B","88C","88D","N4A","N4B","N7A","N7B"],"angle":-87.6,"extra":1,"ei":0,"side":-1}},{"type":"Feature","geometry":{"type":"Point","coordinates":[19.488038,51.791527]},"properties":{"lines":"51A, 51B, 53A, 53B, 60A, 60B, 60C, 60D, 61, 64A, 64B, 81A, 81B, 88A, 88B, 88C, 88D, N7A, N7B, Z6","color":"#0059a9","mode":"bus","arr":["51A","51B","53A","53B","60A","60B","60C","60D","61","64A","64B","81A","81B","88A","88B","88C","88D","N7A","N7B","Z6"],"angle":-57.8,"side":-1}},{"type":"Feature","geometry":{"type":"Point","coordinates":[19.487859,51.796712]},"properties":{"lines":"51A, 51B, 60A, 60B, 60C, 60D, 61","color":"#0059a9","mode":"bus","arr":["51A","51B","60A","60B","60C","60D","61"],"angle":83.7}},{"type":"Feature","geometry":{"type":"Point","coordinates":[19.488706,51.793274]},"properties":{"lines":"51A, 51B, 60A, 60B, 60C, 60D, 61","color":"#0059a9","mode":"bus","arr":["51A","51B","60A","60B","60C","60D","61"],"angle":84,"extra":1,"ei":0}},{"type":"Feature","geometry":{"type":"Point","coordinates":[19.488372,51.795151]},"properties":{"lines":"51A, 51B, 60A, 60B, 60C, 60D, 61","color":"#0059a9","mode":"bus","arr":["51A","51B","60A","60B","60C","60D","61"],"angle":82.7,"extra":1,"ei":1}},{"type":"Feature","geometry":{"type":"Point","coordinates":[19.487876,51.79891]},"properties":{"lines":"51A, 51B, 60A, 60B, 60C, 60D, 61","color":"#0059a9","mode":"bus","arr":["51A","51B","60A","60B","60C","60D","61"],"angle":-81.7,"extra":1,"ei":2,"side":-1}},{"type":"Feature","geometry":{"type":"Point","coordinates":[19.489286,51.80055]},"properties":{"lines":"51A, 51B, 60A, 60B, 60C, 60D, 61","color":"#0059a9","mode":"bus","arr":["51A","51B","60A","60B","60C","60D","61"],"angle":-45.4,"extra":1,"ei":3,"side":-1}},{"type":"Feature","geometry":{"type":"Point","coordinates":[19.487396,51.822259]},"properties":{"lines":"51A, 51B, 61","color":"#0059a9","mode":"bus","arr":["51A","51B","61"],"angle":-83.3}},{"type":"Feature","geometry":{"type":"Point","coordinates":[19.478764,51.845863]},"properties":{"lines":"51A, 51B, 61","color":"#0059a9","mode":"bus","arr":["51A","51B","61"],"angle":-8.1}},{"type":"Feature","geometry":{"type":"Point","coordinates":[19.488592,51.801532]},"properties":{"lines":"51A, 51B, 61","color":"#0059a9","mode":"bus","arr":["51A","51B","61"],"angle":79.4,"extra":1,"ei":0}},{"type":"Feature","geometry":{"type":"Point","coordinates":[19.487984,51.803383]},"properties":{"lines":"51A, 51B, 61","color":"#0059a9","mode":"bus","arr":["51A","51B","61"],"angle":78.8,"extra":1,"ei":1}},{"type":"Feature","geometry":{"type":"Point","coordinates":[19.487408,51.805238]},"properties":{"lines":"51A, 51B, 61","color":"#0059a9","mode":"bus","arr":["51A","51B","61"],"angle":80.5,"extra":1,"ei":2}},{"type":"Feature","geometry":{"type":"Point","coordinates":[19.487192,51.807119]},"properties":{"lines":"51A, 51B, 61","color":"#0059a9","mode":"bus","arr":["51A","51B","61"],"angle":-89.3,"extra":1,"ei":3}},{"type":"Feature","geometry":{"type":"Point","coordinates":[19.487223,51.809007]},"properties":{"lines":"51A, 51B, 61","color":"#0059a9","mode":"bus","arr":["51A","51B","61"],"angle":-89.4,"extra":1,"ei":4}},{"type":"Feature","geometry":{"type":"Point","coordinates":[19.487258,51.810895]},"properties":{"lines":"51A, 51B, 61","color":"#0059a9","mode":"bus","arr":["51A","51B","61"],"angle":-89.3,"extra":1,"ei":5}},{"type":"Feature","geometry":{"type":"Point","coordinates":[19.487293,51.812784]},"properties":{"lines":"51A, 51B, 61","color":"#0059a9","mode":"bus","arr":["51A","51B","61"],"angle":89.7,"extra":1,"ei":6}},{"type":"Feature","geometry":{"type":"Point","coordinates":[19.486945,51.814658]},"properties":{"lines":"51A, 51B, 61","color":"#0059a9","mode":"bus","arr":["51A","51B","61"],"angle":82,"extra":1,"ei":7}},{"type":"Feature","geometry":{"type":"Point","coordinates":[19.486619,51.816535]},"properties":{"lines":"51A, 51B, 61","color":"#0059a9","mode":"bus","arr":["51A","51B","61"],"angle":85.7,"extra":1,"ei":8}},{"type":"Feature","geometry":{"type":"Point","coordinates":[19.486685,51.818416]},"properties":{"lines":"51A, 51B, 61","color":"#0059a9","mode":"bus","arr":["51A","51B","61"],"angle":-83.5,"extra":1,"ei":9}},{"type":"Feature","geometry":{"type":"Point","coordinates":[19.487031,51.820293]},"properties":{"lines":"51A, 51B, 61","color":"#0059a9","mode":"bus","arr":["51A","51B","61"],"angle":-83.5,"extra":1,"ei":10}},{"type":"Feature","geometry":{"type":"Point","coordinates":[19.487728,51.824045]},"properties":{"lines":"51A, 51B, 61","color":"#0059a9","mode":"bus","arr":["51A","51B","61"],"angle":-83.3,"extra":1,"ei":11}},{"type":"Feature","geometry":{"type":"Point","coordinates":[19.48807,51.825922]},"properties":{"lines":"51A, 51B, 61","color":"#0059a9","mode":"bus","arr":["51A","51B","61"],"angle":-84.3,"extra":1,"ei":12}},{"type":"Feature","geometry":{"type":"Point","coordinates":[19.487403,51.827746]},"properties":{"lines":"51A, 51B, 61","color":"#0059a9","mode":"bus","arr":["51A","51B","61"],"angle":73,"extra":1,"ei":13}},{"type":"Feature","geometry":{"type":"Point","coordinates":[19.486498,51.82955]},"properties":{"lines":"51A, 51B, 61","color":"#0059a9","mode":"bus","arr":["51A","51B","61"],"angle":72.1,"extra":1,"ei":14}},{"type":"Feature","geometry":{"type":"Point","coordinates":[19.485559,51.831346]},"properties":{"lines":"51A, 51B, 61","color":"#0059a9","mode":"bus","arr":["51A","51B","61"],"angle":72.7,"extra":1,"ei":15}},{"type":"Feature","geometry":{"type":"Point","coordinates":[19.484614,51.833142]},"properties":{"lines":"51A, 51B, 61","color":"#0059a9","mode":"bus","arr":["51A","51B","61"],"angle":70.7,"extra":1,"ei":16}},{"type":"Feature","geometry":{"type":"Point","coordinates":[19.483604,51.834924]},"properties":{"lines":"51A, 51B, 61","color":"#0059a9","mode":"bus","arr":["51A","51B","61"],"angle":70.7,"extra":1,"ei":17}},{"type":"Feature","geometry":{"type":"Point","coordinates":[19.482592,51.836706]},"properties":{"lines":"51A, 51B, 61","color":"#0059a9","mode":"bus","arr":["51A","51B","61"],"angle":70.6,"extra":1,"ei":18}},{"type":"Feature","geometry":{"type":"Point","coordinates":[19.481577,51.838487]},"properties":{"lines":"51A, 51B, 61","color":"#0059a9","mode":"bus","arr":["51A","51B","61"],"angle":70.6,"extra":1,"ei":19}},{"type":"Feature","geometry":{"type":"Point","coordinates":[19.480562,51.840268]},"properties":{"lines":"51A, 51B, 61","color":"#0059a9","mode":"bus","arr":["51A","51B","61"],"angle":70.6,"extra":1,"ei":20}},{"type":"Feature","geometry":{"type":"Point","coordinates":[19.479551,51.84205]},"properties":{"lines":"51A, 51B, 61","color":"#0059a9","mode":"bus","arr":["51A","51B","61"],"angle":70.7,"extra":1,"ei":21}},{"type":"Feature","geometry":{"type":"Point","coordinates":[19.479067,51.844062]},"properties":{"lines":"51A, 51B, 61","color":"#0059a9","mode":"bus","arr":["51A","51B","61"],"angle":70.5,"extra":1,"ei":0}},{"type":"Feature","geometry":{"type":"Point","coordinates":[19.477243,51.846753]},"properties":{"lines":"51A, 51B, 61, 66","color":"#0059a9","mode":"bus","arr":["51A","51B","61","66"],"angle":6.2}},{"type":"Feature","geometry":{"type":"Point","coordinates":[19.475252,51.847041]},"properties":{"lines":"51A, 51B, 61, 66","color":"#0059a9","mode":"bus","arr":["51A","51B","61","66"],"angle":6.4,"mi":1}},{"type":"Feature","geometry":{"type":"Point","coordinates":[19.475191,51.846772]},"properties":{"lines":"51A, 51B","color":"#0059a9","mode":"bus","arr":["51A","51B"],"angle":-24,"side":-1}},{"type":"Feature","geometry":{"type":"Point","coordinates":[19.488052,51.791803]},"properties":{"lines":"51A, 51B, 53A, 53B, 53C, 60A, 60B, 60C, 60D, 61, 64A, 64B, 81A, 81B, 88A, 88B, 88C, 88D, N7A, N7B, Z6","color":"#0059a9","mode":"bus","arr":["51A","51B","53A","53B","53C","60A","60B","60C","60D","61","64A","64B","81A","81B","88A","88B","88C","88D","N7A","N7B","Z6"],"angle":-59.6}},{"type":"Feature","geometry":{"type":"Point","coordinates":[19.483802,51.78701]},"properties":{"lines":"51A, 51B, 53A, 53B, 53C, 60A, 60B, 60C, 60D, 61, 70, 88A, 88B, 88C, 88D, N7A, N7B","color":"#0059a9","mode":"bus","arr":["51A","51B","53A","53B","53C","60A","60B","60C","60D","61","70","88A","88B","88C","88D","N7A","N7B"],"angle":-64.3}},{"type":"Feature","geometry":{"type":"Point","coordinates":[19.48639,51.789994]},"properties":{"lines":"51A, 51B, 53A, 53B, 53C, 60A, 60B, 60C, 60D, 61, 70, 88A, 88B, 88C, 88D, N7A, N7B","color":"#0059a9","mode":"bus","arr":["51A","51B","53A","53B","53C","60A","60B","60C","60D","61","70","88A","88B","88C","88D","N7A","N7B"],"angle":-61.9,"extra":1,"ei":0}},{"type":"Feature","geometry":{"type":"Point","coordinates":[19.484944,51.788331]},"properties":{"lines":"51A, 51B, 53A, 53B, 53C, 60A, 60B, 60C, 60D, 61, 70, 88A, 88B, 88C, 88D, N7A, N7B","color":"#0059a9","mode":"bus","arr":["51A","51B","53A","53B","53C","60A","60B","60C","60D","61","70","88A","88B","88C","88D","N7A","N7B"],"angle":-61.7,"extra":1,"ei":1}},{"type":"Feature","geometry":{"type":"Point","coordinates":[19.483046,51.7848]},"properties":{"lines":"51A, 51B, 53A, 53B, 53C, 60A, 60B, 60C, 60D, 61, 70, 88A, 88B, 88C, 88D, N7A, N7B","color":"#0059a9","mode":"bus","arr":["51A","51B","53A","53B","53C","60A","60B","60C","60D","61","70","88A","88B","88C","88D","N7A","N7B"],"angle":-87.7,"extra":1,"ei":2}},{"type":"Feature","geometry":{"type":"Point","coordinates":[19.482927,51.782913]},"properties":{"lines":"51A, 51B, 53A, 53B, 53C, 60A, 60B, 60C, 60D, 61, 70, 88A, 88B, 88C, 88D, N7A, N7B","color":"#0059a9","mode":"bus","arr":["51A","51B","53A","53B","53C","60A","60B","60C","60D","61","70","88A","88B","88C","88D","N7A","N7B"],"angle":-87.7,"extra":1,"ei":3}},{"type":"Feature","geometry":{"type":"Point","coordinates":[19.482745,51.781169]},"properties":{"lines":"51A, 51B, 53A, 53B, 53C, 60A, 60B, 60C, 60D, 61, 70, 88A, 88B, 88C, 88D, N4A, N4B, N7A, N7B","color":"#0059a9","mode":"bus","arr":["51A","51B","53A","53B","53C","60A","60B","60C","60D","61","70","88A","88B","88C","88D","N4A","N4B","N7A","N7B"],"angle":-77.7}},{"type":"Feature","geometry":{"type":"Point","coordinates":[19.48189,51.780052]},"properties":{"lines":"51A, 51B, 53A, 53B, 53C, 60A, 60B, 60C, 60D, 61, 70, 88A, 88B, 88C, 88D, N4A, N4B, N7A, N7B","color":"#0059a9","mode":"bus","arr":["51A","51B","53A","53B","53C","60A","60B","60C","60D","61","70","88A","88B","88C","88D","N4A","N4B","N7A","N7B"],"angle":-54.8,"extra":1,"ei":0}},{"type":"Feature","geometry":{"type":"Point","coordinates":[19.479522,51.777934]},"properties":{"lines":"51A, 51B, 53A, 53B, 53C, 61, 88A, 88B, 88C, 88D","color":"#0059a9","mode":"bus","arr":["51A","51B","53A","53B","53C","61","88A","88B","88C","88D"],"angle":-55.2}},{"type":"Feature","geometry":{"type":"Point","coordinates":[19.476492,51.775448]},"properties":{"lines":"51A, 51B, 53A, 53B, 53C, 61, 86, 88A, 88B, 88C, 88D","color":"#0059a9","mode":"bus","arr":["51A","51B","53A","53B","53C","61","86","88A","88B","88C","88D"],"angle":-56.6}},{"type":"Feature","geometry":{"type":"Point","coordinates":[19.474197,51.773283]},"properties":{"lines":"51A, 51B, 53A, 53B, 53C, 58A, 58B, 61, 86, 88A, 88B, 88C, 88D, N7A, N7B, Z13","color":"#0059a9","mode":"bus","arr":["51A","51B","53A","53B","53C","58A","58B","61","86","88A","88B","88C","88D","N7A","N7B","Z13"],"angle":-53.3}},{"type":"Feature","geometry":{"type":"Point","coordinates":[19.472654,51.77047]},"properties":{"lines":"51A, 51B, 53A, 53B, 53C, 57, 61, 85A, 85B, 86","color":"#0059a9","mode":"bus","arr":["51A","51B","53A","53B","53C","57","61","85A","85B","86"],"angle":83,"side":-1}},{"type":"Feature","geometry":{"type":"Point","coordinates":[19.472602,51.771124]},"properties":{"lines":"51A, 51B, 53A, 53B, 53C, 57, 58A, 58B, 61, 85A, 85B, 86, 88A, 88B, 88C, 88D","color":"#0059a9","mode":"bus","arr":["51A","51B","53A","53B","53C","57","58A","58B","61","85A","85B","86","88A","88B","88C","88D"],"angle":88.2}},{"type":"Feature","geometry":{"type":"Point","coordinates":[19.470586,51.770234]},"properties":{"lines":"51A, 51B, 53A, 53B, 53C, 57, 61, 85A, 85B, 86, N8","color":"#0059a9","mode":"bus","arr":["51A","51B","53A","53B","53C","57","61","85A","85B","86","N8"],"angle":3.9}},{"type":"Feature","geometry":{"type":"Point","coordinates":[19.471468,51.845667]},"properties":{"lines":"51B, 61, 66","color":"#0059a9","mode":"bus","arr":["51B","61","66"],"angle":14.5}},{"type":"Feature","geometry":{"type":"Point","coordinates":[19.473634,51.846116]},"properties":{"lines":"51B, 61, 66","color":"#0059a9","mode":"bus","arr":["51B","61","66"],"angle":-35,"extra":1,"ei":0}},{"type":"Feature","geometry":{"type":"Point","coordinates":[19.468284,51.846773]},"properties":{"lines":"51B, 61, 66","color":"#0059a9","mode":"bus","arr":["51B","61","66"],"angle":8.5,"extra":1,"ei":1}},{"type":"Feature","geometry":{"type":"Point","coordinates":[19.463701,51.847518]},"properties":{"lines":"51B, 61","color":"#0059a9","mode":"bus","arr":["51B","61"],"angle":14.5}},{"type":"Feature","geometry":{"type":"Point","coordinates":[19.466683,51.847039]},"properties":{"lines":"51B, 61","color":"#0059a9","mode":"bus","arr":["51B","61"],"angle":14.5,"extra":1,"ei":0}},{"type":"Feature","geometry":{"type":"Point","coordinates":[19.460773,51.847987]},"properties":{"lines":"51B, 61","color":"#0059a9","mode":"bus","arr":["51B","61"],"angle":14.4,"extra":1,"ei":1}},{"type":"Feature","geometry":{"type":"Point","coordinates":[19.469722,51.852491]},"properties":{"lines":"51B","color":"#0059a9","mode":"bus","arr":["51B"],"angle":-26.9}},{"type":"Feature","geometry":{"type":"Point","coordinates":[19.459833,51.849339]},"properties":{"lines":"51B","color":"#0059a9","mode":"bus","arr":["51B"],"angle":-51.7,"extra":1,"ei":0,"side":-1}},{"type":"Feature","geometry":{"type":"Point","coordinates":[19.479623,51.855615]},"properties":{"lines":"51B","color":"#0059a9","mode":"bus","arr":["51B"],"angle":-27,"extra":1,"ei":0}},{"type":"Feature","geometry":{"type":"Point","coordinates":[19.476906,51.854755]},"properties":{"lines":"51B","color":"#0059a9","mode":"bus","arr":["51B"],"angle":-27.1,"extra":1,"ei":1}},{"type":"Feature","geometry":{"type":"Point","coordinates":[19.474188,51.853895]},"properties":{"lines":"51B","color":"#0059a9","mode":"bus","arr":["51B"],"angle":-27.1,"extra":1,"ei":2}},{"type":"Feature","geometry":{"type":"Point","coordinates":[19.471467,51.853039]},"properties":{"lines":"51B","color":"#0059a9","mode":"bus","arr":["51B"],"angle":-26.9,"extra":1,"ei":3}},{"type":"Feature","geometry":{"type":"Point","coordinates":[19.466024,51.851329]},"properties":{"lines":"51B","color":"#0059a9","mode":"bus","arr":["51B"],"angle":-27.2,"extra":1,"ei":4}},{"type":"Feature","geometry":{"type":"Point","coordinates":[19.463302,51.850474]},"properties":{"lines":"51B","color":"#0059a9","mode":"bus","arr":["51B"],"angle":-26.8,"extra":1,"ei":5}},{"type":"Feature","geometry":{"type":"Point","coordinates":[19.485945,51.857602]},"properties":{"lines":"51B","color":"#0059a9","mode":"bus","arr":["51B"],"angle":-26.9,"mi":1}},{"type":"Feature","geometry":{"type":"Point","coordinates":[19.482343,51.856472]},"properties":{"lines":"51B","color":"#0059a9","mode":"bus","arr":["51B"],"angle":-26.9,"extra":1,"ei":0}},{"type":"Feature","geometry":{"type":"Point","coordinates":[19.487788,51.858181]},"properties":{"lines":"51B","color":"#0059a9","mode":"bus","arr":["51B"],"angle":-26.9,"extra":1,"ei":1}},{"type":"Feature","geometry":{"type":"Point","coordinates":[19.49051,51.859036]},"properties":{"lines":"51B","color":"#0059a9","mode":"bus","arr":["51B"],"angle":-26.8,"extra":1,"ei":2}},{"type":"Feature","geometry":{"type":"Point","coordinates":[19.491122,51.858956]},"properties":{"lines":"51B","color":"#0059a9","mode":"bus","arr":["51B"],"angle":85.6}},{"type":"Feature","geometry":{"type":"Point","coordinates":[19.500146,51.719965]},"properties":{"lines":"52","color":"#0059a9","mode":"bus","arr":["52"],"angle":-12.1}},{"type":"Feature","geometry":{"type":"Point","coordinates":[19.502278,51.720254]},"properties":{"lines":"52","color":"#0059a9","mode":"bus","arr":["52"],"angle":-12.3,"extra":1,"ei":0}},{"type":"Feature","geometry":{"type":"Point","coordinates":[19.491481,51.718684]},"properties":{"lines":"52, 75A, 75B, N3A","color":"#0059a9","mode":"bus","arr":["52","75A","75B","N3A"],"angle":-13}},{"type":"Feature","geometry":{"type":"Point","coordinates":[19.486388,51.717977]},"properties":{"lines":"52, 75A, 75B, N3A","color":"#0059a9","mode":"bus","arr":["52","75A","75B","N3A"],"angle":75.2,"mi":1}},{"type":"Feature","geometry":{"type":"Point","coordinates":[19.495069,51.719197]},"properties":{"lines":"52, 75A, 75B, N3A","color":"#0059a9","mode":"bus","arr":["52","75A","75B","N3A"],"angle":-13,"extra":1,"ei":0}},{"type":"Feature","geometry":{"type":"Point","coordinates":[19.489119,51.718353]},"properties":{"lines":"52, 75A, 75B, N3A","color":"#0059a9","mode":"bus","arr":["52","75A","75B","N3A"],"angle":-12.6,"extra":1,"ei":1}},{"type":"Feature","geometry":{"type":"Point","coordinates":[19.447709,51.72738]},"properties":{"lines":"52","color":"#0059a9","mode":"bus","arr":["52"],"angle":-6.4}},{"type":"Feature","geometry":{"type":"Point","coordinates":[19.442063,51.730995]},"properties":{"lines":"52, 93","color":"#0059a9","mode":"bus","arr":["52","93"],"angle":71.8,"side":-1}},{"type":"Feature","geometry":{"type":"Point","coordinates":[19.435798,51.754138]},"properties":{"lines":"52, 93","color":"#0059a9","mode":"bus","arr":["52","93"],"angle":80.5,"mi":3}},{"type":"Feature","geometry":{"type":"Point","coordinates":[19.446337,51.728107]},"properties":{"lines":"52, 93","color":"#0059a9","mode":"bus","arr":["52","93"],"angle":44.3,"extra":1,"ei":0}},{"type":"Feature","geometry":{"type":"Point","coordinates":[19.444067,51.729367]},"properties":{"lines":"52, 93","color":"#0059a9","mode":"bus","arr":["52","93"],"angle":45.2,"extra":1,"ei":1}},{"type":"Feature","geometry":{"type":"Point","coordinates":[19.442001,51.732758]},"properties":{"lines":"52, 93","color":"#0059a9","mode":"bus","arr":["52","93"],"angle":-87.5,"extra":1,"ei":2,"side":-1}},{"type":"Feature","geometry":{"type":"Point","coordinates":[19.442136,51.734644]},"properties":{"lines":"52, 93","color":"#0059a9","mode":"bus","arr":["52","93"],"angle":-87.4,"extra":1,"ei":3,"side":-1}},{"type":"Feature","geometry":{"type":"Point","coordinates":[19.441004,51.744074]},"properties":{"lines":"52, 65A, 65B, 77, 93","color":"#0059a9","mode":"bus","arr":["52","65A","65B","77","93"],"angle":77.8}},{"type":"Feature","geometry":{"type":"Point","coordinates":[19.442333,51.737352]},"properties":{"lines":"52, 65A, 65B, 77, 93","color":"#0059a9","mode":"bus","arr":["52","65A","65B","77","93"],"angle":-87.6,"extra":1,"ei":0,"side":-1}},{"type":"Feature","geometry":{"type":"Point","coordinates":[19.442434,51.739239]},"properties":{"lines":"52, 65A, 65B, 77, 93","color":"#0059a9","mode":"bus","arr":["52","65A","65B","77","93"],"angle":89,"extra":1,"ei":1}},{"type":"Feature","geometry":{"type":"Point","coordinates":[19.442075,51.741111]},"properties":{"lines":"52, 65A, 65B, 77, 93","color":"#0059a9","mode":"bus","arr":["52","65A","65B","77","93"],"angle":77.9,"extra":1,"ei":2}},{"type":"Feature","geometry":{"type":"Point","coordinates":[19.439814,51.746593]},"properties":{"lines":"52, 65A, 65B, 77, 93","color":"#0059a9","mode":"bus","arr":["52","65A","65B","77","93"],"angle":66.8,"extra":1,"ei":3}},{"type":"Feature","geometry":{"type":"Point","coordinates":[19.438573,51.748318]},"properties":{"lines":"52, 65A, 65B, 77, 93","color":"#0059a9","mode":"bus","arr":["52","65A","65B","77","93"],"angle":65,"extra":1,"ei":4}},{"type":"Feature","geometry":{"type":"Point","coordinates":[19.437287,51.750031]},"properties":{"lines":"52, 65A, 65B, 77, 93","color":"#0059a9","mode":"bus","arr":["52","65A","65B","77","93"],"angle":65.2,"extra":1,"ei":5}},{"type":"Feature","geometry":{"type":"Point","coordinates":[19.441434,51.742248]},"properties":{"lines":"52, 65A, 65B, 77, 93","color":"#0059a9","mode":"bus","arr":["52","65A","65B","77","93"],"angle":77.3,"extra":1,"ei":0,"side":-1}},{"type":"Feature","geometry":{"type":"Point","coordinates":[19.436837,51.750278]},"properties":{"lines":"52, 65A, 65B, 93","color":"#0059a9","mode":"bus","arr":["52","65A","65B","93"],"angle":67.6,"side":-1}},{"type":"Feature","geometry":{"type":"Point","coordinates":[19.436201,51.752218]},"properties":{"lines":"52, 65A, 65B, 93","color":"#0059a9","mode":"bus","arr":["52","65A","65B","93"],"angle":80.2,"extra":1,"ei":0}},{"type":"Feature","geometry":{"type":"Point","coordinates":[19.435013,51.754916]},"properties":{"lines":"52, 65A, 65B, 93","color":"#0059a9","mode":"bus","arr":["52","65A","65B","93"],"angle":74.6,"extra":1,"ei":0,"side":-1}},{"type":"Feature","geometry":{"type":"Point","coordinates":[19.438759,51.747774]},"properties":{"lines":"52, 65A, 65B, 93","color":"#0059a9","mode":"bus","arr":["52","65A","65B","93"],"angle":66.1,"extra":1,"ei":1,"side":-1}},{"type":"Feature","geometry":{"type":"Point","coordinates":[19.43992,51.746029]},"properties":{"lines":"52, 65A, 65B, 93","color":"#0059a9","mode":"bus","arr":["52","65A","65B","93"],"angle":73,"extra":1,"ei":2,"side":-1}},{"type":"Feature","geometry":{"type":"Point","coordinates":[19.435162,51.756065]},"properties":{"lines":"52, 93","color":"#0059a9","mode":"bus","arr":["52","93"],"angle":74.1,"mi":1}},{"type":"Feature","geometry":{"type":"Point","coordinates":[19.431201,51.757141]},"properties":{"lines":"52, 93","color":"#0059a9","mode":"bus","arr":["52","93"],"angle":62.2,"mi":2}},{"type":"Feature","geometry":{"type":"Point","coordinates":[19.432381,51.756391]},"properties":{"lines":"52, 93","color":"#0059a9","mode":"bus","arr":["52","93"],"angle":-62.5}},{"type":"Feature","geometry":{"type":"Point","coordinates":[19.434441,51.756017]},"properties":{"lines":"52, 65A, 65B, 93","color":"#0059a9","mode":"bus","arr":["52","65A","65B","93"],"angle":71.2,"side":-1,"mi":1}},{"type":"Feature","geometry":{"type":"Point","coordinates":[19.464069,51.726207]},"properties":{"lines":"52, 63, 69A, 69B, F1, N6","color":"#0059a9","mode":"bus","arr":["52","63","69A","69B","F1","N6"],"angle":-21.2}},{"type":"Feature","geometry":{"type":"Point","coordinates":[19.495835,51.79397]},"properties":{"lines":"53A, 53B, 64A, 64B, 81A, 81B, 88A, 88B, 88C, 88D, N7A, N7B, Z6","color":"#0059a9","mode":"bus","arr":["53A","53B","64A","64B","81A","81B","88A","88B","88C","88D","N7A","N7B","Z6"],"angle":-24.7,"side":-1}},{"type":"Feature","geometry":{"type":"Point","coordinates":[19.489299,51.792259]},"properties":{"lines":"53A, 53B, 64A, 64B, 81A, 81B, 88A, 88B, 88C, 88D, N7A, N7B, Z6","color":"#0059a9","mode":"bus","arr":["53A","53B","64A","64B","81A","81B","88A","88B","88C","88D","N7A","N7B","Z6"],"angle":-12.1,"side":-1,"mi":2}},{"type":"Feature","geometry":{"type":"Point","coordinates":[19.497877,51.794535]},"properties":{"lines":"53A, 53B, 64A, 64B, 81A, 81B, 88A, 88B, 88C, 88D, N7A, N7B, Z6","color":"#0059a9","mode":"bus","arr":["53A","53B","64A","64B","81A","81B","88A","88B","88C","88D","N7A","N7B","Z6"],"angle":-24.3,"extra":1,"ei":0,"side":-1}},{"type":"Feature","geometry":{"type":"Point","coordinates":[19.49327,51.793266]},"properties":{"lines":"53A, 53B, 53C, 64A, 64B, 81A, 81B, 88A, 88B, 88C, 88D, N7A, N7B, Z6","color":"#0059a9","mode":"bus","arr":["53A","53B","53C","64A","64B","81A","81B","88A","88B","88C","88D","N7A","N7B","Z6"],"angle":-24.2}},{"type":"Feature","geometry":{"type":"Point","coordinates":[19.496434,51.794336]},"properties":{"lines":"53A, 53B, 53C, 64A, 64B, 81A, 81B, 88A, 88B, 88C, 88D, N7A, N7B, Z6","color":"#0059a9","mode":"bus","arr":["53A","53B","53C","64A","64B","81A","81B","88A","88B","88C","88D","N7A","N7B","Z6"],"angle":-24.1,"extra":1,"ei":0}},{"type":"Feature","geometry":{"type":"Point","coordinates":[19.491003,51.792642]},"properties":{"lines":"53A, 53B, 53C, 64A, 64B, 81A, 81B, 88A, 88B, 88C, 88D, N7A, N7B, Z6","color":"#0059a9","mode":"bus","arr":["53A","53B","53C","64A","64B","81A","81B","88A","88B","88C","88D","N7A","N7B","Z6"],"angle":-23.9,"extra":1,"ei":1}},{"type":"Feature","geometry":{"type":"Point","coordinates":[19.500512,51.795269]},"properties":{"lines":"53A, 53B, 64A, 64B, 81A, 81B, 88A, 88B, 88C, 88D, N7A, N7B, Z6","color":"#0059a9","mode":"bus","arr":["53A","53B","64A","64B","81A","81B","88A","88B","88C","88D","N7A","N7B","Z6"],"angle":-24.5,"side":-1,"mi":1}},{"type":"Feature","geometry":{"type":"Point","coordinates":[19.510061,51.796292]},"properties":{"lines":"53A, 53B, 64A, 64B, 88A, 88B, 88C, 88D, N7A, N7B","color":"#0059a9","mode":"bus","arr":["53A","53B","64A","64B","88A","88B","88C","88D","N7A","N7B"],"angle":-3.1,"side":-1}},{"type":"Feature","geometry":{"type":"Point","coordinates":[19.504588,51.796111]},"properties":{"lines":"53A, 53B, 64A, 64B, 88A, 88B, 88C, 88D, N7A, N7B","color":"#0059a9","mode":"bus","arr":["53A","53B","64A","64B","88A","88B","88C","88D","N7A","N7B"],"angle":-10.4,"extra":1,"ei":0,"side":-1}},{"type":"Feature","geometry":{"type":"Point","coordinates":[19.507606,51.796207]},"properties":{"lines":"53A, 53B, 64A, 64B, 88A, 88B, 88C, 88D, N7A, N7B","color":"#0059a9","mode":"bus","arr":["53A","53B","64A","64B","88A","88B","88C","88D","N7A","N7B"],"angle":0.6,"extra":1,"ei":1,"side":-1}},{"type":"Feature","geometry":{"type":"Point","coordinates":[19.513683,51.79649]},"properties":{"lines":"53A, 53B, 64A, 64B, 88A, 88B, 88C, 88D, N7A, N7B","color":"#0059a9","mode":"bus","arr":["53A","53B","64A","64B","88A","88B","88C","88D","N7A","N7B"],"angle":-3.3,"extra":1,"ei":2,"side":-1}},{"type":"Feature","geometry":{"type":"Point","coordinates":[19.516705,51.796665]},"properties":{"lines":"53A, 53B, 64A, 64B, 88A, 88B, 88C, 88D, N7A, N7B","color":"#0059a9","mode":"bus","arr":["53A","53B","64A","64B","88A","88B","88C","88D","N7A","N7B"],"angle":-22.2,"extra":1,"ei":3,"side":-1}},{"type":"Feature","geometry":{"type":"Point","coordinates":[19.519795,51.796831]},"properties":{"lines":"53A, 53B, 53C, 64A, 64B, 88A, 88B, 88C, 88D, N7A, N7B","color":"#0059a9","mode":"bus","arr":["53A","53B","53C","64A","64B","88A","88B","88C","88D","N7A","N7B"],"angle":2.3}},{"type":"Feature","geometry":{"type":"Point","coordinates":[19.523215,51.796625]},"properties":{"lines":"53A, 53B, 53C, 64A, 64B, 88A, 88B, 88C, 88D, N7A, N7B","color":"#0059a9","mode":"bus","arr":["53A","53B","53C","64A","64B","88A","88B","88C","88D","N7A","N7B"],"angle":5.5,"extra":1,"ei":0}},{"type":"Feature","geometry":{"type":"Point","coordinates":[19.517129,51.796765]},"properties":{"lines":"53A, 53B, 53C, 64A, 64B, 88A, 88B, 88C, 88D, N7A, N7B","color":"#0059a9","mode":"bus","arr":["53A","53B","53C","64A","64B","88A","88B","88C","88D","N7A","N7B"],"angle":-3.2,"extra":1,"ei":1}},{"type":"Feature","geometry":{"type":"Point","coordinates":[19.526314,51.796397]},"properties":{"lines":"53A, 53B, 53C, 88A, 88B, 88C, 88D, N7A","color":"#0059a9","mode":"bus","arr":["53A","53B","53C","88A","88B","88C","88D","N7A"],"angle":8}},{"type":"Feature","geometry":{"type":"Point","coordinates":[19.531284,51.796097]},"properties":{"lines":"53A, 53B, 53C, 88B, 88C, 88D, N7A","color":"#0059a9","mode":"bus","arr":["53A","53B","53C","88B","88C","88D","N7A"],"angle":3.9}},{"type":"Feature","geometry":{"type":"Point","coordinates":[19.562233,51.795599]},"properties":{"lines":"53A, 53B, 53C, N7A","color":"#0059a9","mode":"bus","arr":["53A","53B","53C","N7A"],"angle":5.9}},{"type":"Feature","geometry":{"type":"Point","coordinates":[19.536203,51.795959]},"properties":{"lines":"53A, 53B, 53C, N7A","color":"#0059a9","mode":"bus","arr":["53A","53B","53C","N7A"],"angle":-0.1,"extra":1,"ei":0}},{"type":"Feature","geometry":{"type":"Point","coordinates":[19.539256,51.795965]},"properties":{"lines":"53A, 53B, 53C, N7A","color":"#0059a9","mode":"bus","arr":["53A","53B","53C","N7A"],"angle":-0.2,"extra":1,"ei":1}},{"type":"Feature","geometry":{"type":"Point","coordinates":[19.542308,51.795971]},"properties":{"lines":"53A, 53B, 53C, N7A","color":"#0059a9","mode":"bus","arr":["53A","53B","53C","N7A"],"angle":-0.1,"extra":1,"ei":2}},{"type":"Feature","geometry":{"type":"Point","coordinates":[19.54536,51.795988]},"properties":{"lines":"53A, 53B, 53C, N7A","color":"#0059a9","mode":"bus","arr":["53A","53B","53C","N7A"],"angle":-0.1,"extra":1,"ei":3}},{"type":"Feature","geometry":{"type":"Point","coordinates":[19.548413,51.795986]},"properties":{"lines":"53A, 53B, 53C, N7A","color":"#0059a9","mode":"bus","arr":["53A","53B","53C","N7A"],"angle":0,"extra":1,"ei":4}},{"type":"Feature","geometry":{"type":"Point","coordinates":[19.551465,51.795979]},"properties":{"lines":"53A, 53B, 53C, N7A","color":"#0059a9","mode":"bus","arr":["53A","53B","53C","N7A"],"angle":0.2,"extra":1,"ei":5}},{"type":"Feature","geometry":{"type":"Point","coordinates":[19.554518,51.795973]},"properties":{"lines":"53A, 53B, 53C, N7A","color":"#0059a9","mode":"bus","arr":["53A","53B","53C","N7A"],"angle":0.3,"extra":1,"ei":6}},{"type":"Feature","geometry":{"type":"Point","coordinates":[19.557565,51.795899]},"properties":{"lines":"53A, 53B, 53C, N7A","color":"#0059a9","mode":"bus","arr":["53A","53B","53C","N7A"],"angle":6.1,"extra":1,"ei":7}},{"type":"Feature","geometry":{"type":"Point","coordinates":[19.566673,51.795314]},"properties":{"lines":"53A, 53B, 53C, N7A","color":"#0059a9","mode":"bus","arr":["53A","53B","53C","N7A"],"angle":5.7,"extra":1,"ei":8}},{"type":"Feature","geometry":{"type":"Point","coordinates":[19.569709,51.795118]},"properties":{"lines":"53A, 53B, 53C, N7A","color":"#0059a9","mode":"bus","arr":["53A","53B","53C","N7A"],"angle":5.8,"extra":1,"ei":9}},{"type":"Feature","geometry":{"type":"Point","coordinates":[19.572746,51.794924]},"properties":{"lines":"53A, 53B, 53C, N7A","color":"#0059a9","mode":"bus","arr":["53A","53B","53C","N7A"],"angle":5.9,"extra":1,"ei":10}},{"type":"Feature","geometry":{"type":"Point","coordinates":[19.575782,51.79473]},"properties":{"lines":"53A, 53B, 53C, N7A","color":"#0059a9","mode":"bus","arr":["53A","53B","53C","N7A"],"angle":5.8,"extra":1,"ei":11}},{"type":"Feature","geometry":{"type":"Point","coordinates":[19.578819,51.794539]},"properties":{"lines":"53A, 53B, 53C, N7A","color":"#0059a9","mode":"bus","arr":["53A","53B","53C","N7A"],"angle":5.7,"extra":1,"ei":12}},{"type":"Feature","geometry":{"type":"Point","coordinates":[19.581856,51.79435]},"properties":{"lines":"53A, 53B, 53C, N7A","color":"#0059a9","mode":"bus","arr":["53A","53B","53C","N7A"],"angle":5.8,"extra":1,"ei":13}},{"type":"Feature","geometry":{"type":"Point","coordinates":[19.584893,51.794159]},"properties":{"lines":"53A, 53B, 53C, N7A","color":"#0059a9","mode":"bus","arr":["53A","53B","53C","N7A"],"angle":5.8,"extra":1,"ei":14}},{"type":"Feature","geometry":{"type":"Point","coordinates":[19.587929,51.793964]},"properties":{"lines":"53A, 53B, 53C, N7A","color":"#0059a9","mode":"bus","arr":["53A","53B","53C","N7A"],"angle":5.9,"extra":1,"ei":15}},{"type":"Feature","geometry":{"type":"Point","coordinates":[19.589513,51.793641]},"properties":{"lines":"53A, 53C, N7A","color":"#0059a9","mode":"bus","arr":["53A","53C","N7A"],"angle":4.9,"side":-1}},{"type":"Feature","geometry":{"type":"Point","coordinates":[19.61088,51.777683]},"properties":{"lines":"91A, 91B, 91C","color":"#0059a9","mode":"bus","arr":["91A","91B","91C"],"angle":44.1}},{"type":"Feature","geometry":{"type":"Point","coordinates":[19.59095,51.792911]},"properties":{"lines":"91A, 91B, 91C","color":"#0059a9","mode":"bus","arr":["91A","91B","91C"],"angle":51,"extra":1,"ei":0}},{"type":"Feature","geometry":{"type":"Point","coordinates":[19.592875,51.791445]},"properties":{"lines":"91A, 91B, 91C","color":"#0059a9","mode":"bus","arr":["91A","91B","91C"],"angle":51,"extra":1,"ei":1}},{"type":"Feature","geometry":{"type":"Point","coordinates":[19.594796,51.789978]},"properties":{"lines":"91A, 91B, 91C","color":"#0059a9","mode":"bus","arr":["91A","91B","91C"],"angle":51.1,"extra":1,"ei":2}},{"type":"Feature","geometry":{"type":"Point","coordinates":[19.596711,51.788507]},"properties":{"lines":"91A, 91B, 91C","color":"#0059a9","mode":"bus","arr":["91A","91B","91C"],"angle":51.1,"extra":1,"ei":3}},{"type":"Feature","geometry":{"type":"Point","coordinates":[19.598641,51.787044]},"properties":{"lines":"91A, 91B, 91C","color":"#0059a9","mode":"bus","arr":["91A","91B","91C"],"angle":50.7,"extra":1,"ei":4}},{"type":"Feature","geometry":{"type":"Point","coordinates":[19.600574,51.785582]},"properties":{"lines":"91A, 91B, 91C","color":"#0059a9","mode":"bus","arr":["91A","91B","91C"],"angle":50.7,"extra":1,"ei":5}},{"type":"Feature","geometry":{"type":"Point","coordinates":[19.602505,51.78412]},"properties":{"lines":"91A, 91B, 91C","color":"#0059a9","mode":"bus","arr":["91A","91B","91C"],"angle":51,"extra":1,"ei":6}},{"type":"Feature","geometry":{"type":"Point","coordinates":[19.604428,51.782653]},"properties":{"lines":"91A, 91B, 91C","color":"#0059a9","mode":"bus","arr":["91A","91B","91C"],"angle":51.3,"extra":1,"ei":7}},{"type":"Feature","geometry":{"type":"Point","coordinates":[19.605476,51.780929]},"properties":{"lines":"91A, 91B, 91C","color":"#0059a9","mode":"bus","arr":["91A","91B","91C"],"angle":83.5,"extra":1,"ei":8}},{"type":"Feature","geometry":{"type":"Point","coordinates":[19.606982,51.779375]},"properties":{"lines":"91A, 91B, 91C","color":"#0059a9","mode":"bus","arr":["91A","91B","91C"],"angle":34.9,"extra":1,"ei":9}},{"type":"Feature","geometry":{"type":"Point","coordinates":[19.613666,51.775584]},"properties":{"lines":"91A, 91B, 91C","color":"#0059a9","mode":"bus","arr":["91A","91B","91C"],"angle":51,"extra":1,"ei":10}},{"type":"Feature","geometry":{"type":"Point","coordinates":[19.615584,51.774114]},"properties":{"lines":"91A, 91B, 91C","color":"#0059a9","mode":"bus","arr":["91A","91B","91C"],"angle":51,"extra":1,"ei":11}},{"type":"Feature","geometry":{"type":"Point","coordinates":[19.617496,51.772642]},"properties":{"lines":"91A, 91B, 91C","color":"#0059a9","mode":"bus","arr":["91A","91B","91C"],"angle":51.8,"extra":1,"ei":12}},{"type":"Feature","geometry":{"type":"Point","coordinates":[19.619411,51.771172]},"properties":{"lines":"91A, 91B, 91C","color":"#0059a9","mode":"bus","arr":["91A","91B","91C"],"angle":51.4,"extra":1,"ei":13}},{"type":"Feature","geometry":{"type":"Point","coordinates":[19.621322,51.769699]},"properties":{"lines":"91A, 91B, 91C","color":"#0059a9","mode":"bus","arr":["91A","91B","91C"],"angle":50.8,"extra":1,"ei":14}},{"type":"Feature","geometry":{"type":"Point","coordinates":[19.623243,51.768231]},"properties":{"lines":"91A, 91B, 91C","color":"#0059a9","mode":"bus","arr":["91A","91B","91C"],"angle":50.8,"extra":1,"ei":15}},{"type":"Feature","geometry":{"type":"Point","coordinates":[19.625171,51.766767]},"properties":{"lines":"91A, 91B, 91C","color":"#0059a9","mode":"bus","arr":["91A","91B","91C"],"angle":50.9,"extra":1,"ei":16}},{"type":"Feature","geometry":{"type":"Point","coordinates":[19.627095,51.765301]},"properties":{"lines":"91A, 91B, 91C","color":"#0059a9","mode":"bus","arr":["91A","91B","91C"],"angle":50.9,"extra":1,"ei":17}},{"type":"Feature","geometry":{"type":"Point","coordinates":[19.62902,51.763835]},"properties":{"lines":"91A, 91B, 91C","color":"#0059a9","mode":"bus","arr":["91A","91B","91C"],"angle":50.9,"extra":1,"ei":18}},{"type":"Feature","geometry":{"type":"Point","coordinates":[19.630948,51.762371]},"properties":{"lines":"91A, 91B, 91C","color":"#0059a9","mode":"bus","arr":["91A","91B","91C"],"angle":50.7,"extra":1,"ei":19}},{"type":"Feature","geometry":{"type":"Point","coordinates":[19.500407,51.795423]},"properties":{"lines":"53A, 53B, 53C, 64A, 64B, 81A, 81B, 88A, 88B, 88C, 88D, N7A, N7B, Z6","color":"#0059a9","mode":"bus","arr":["53A","53B","53C","64A","64B","81A","81B","88A","88B","88C","88D","N7A","N7B","Z6"],"angle":-23.5,"mi":1}},{"type":"Feature","geometry":{"type":"Point","coordinates":[19.600649,51.793201]},"properties":{"lines":"53B","color":"#0059a9","mode":"bus","arr":["53B"],"angle":5.5,"mi":2}},{"type":"Feature","geometry":{"type":"Point","coordinates":[19.616056,51.792387]},"properties":{"lines":"53B","color":"#0059a9","mode":"bus","arr":["53B"],"angle":-2.5,"mi":1}},{"type":"Feature","geometry":{"type":"Point","coordinates":[19.611636,51.792512]},"properties":{"lines":"53B","color":"#0059a9","mode":"bus","arr":["53B"],"angle":72.9}},{"type":"Feature","geometry":{"type":"Point","coordinates":[19.591195,51.793763]},"properties":{"lines":"53B","color":"#0059a9","mode":"bus","arr":["53B"],"angle":5.6,"extra":1,"ei":0}},{"type":"Feature","geometry":{"type":"Point","coordinates":[19.594234,51.793582]},"properties":{"lines":"53B","color":"#0059a9","mode":"bus","arr":["53B"],"angle":5.5,"extra":1,"ei":1}},{"type":"Feature","geometry":{"type":"Point","coordinates":[19.597272,51.793399]},"properties":{"lines":"53B","color":"#0059a9","mode":"bus","arr":["53B"],"angle":5.8,"extra":1,"ei":2}},{"type":"Feature","geometry":{"type":"Point","coordinates":[19.603348,51.793033]},"properties":{"lines":"53B","color":"#0059a9","mode":"bus","arr":["53B"],"angle":5.8,"extra":1,"ei":3}},{"type":"Feature","geometry":{"type":"Point","coordinates":[19.606385,51.792843]},"properties":{"lines":"53B","color":"#0059a9","mode":"bus","arr":["53B"],"angle":5.8,"extra":1,"ei":4}},{"type":"Feature","geometry":{"type":"Point","coordinates":[19.609422,51.792652]},"properties":{"lines":"53B","color":"#0059a9","mode":"bus","arr":["53B"],"angle":5.8,"extra":1,"ei":5}},{"type":"Feature","geometry":{"type":"Point","coordinates":[19.660537,51.806371]},"properties":{"lines":"53B","color":"#0059a9","mode":"bus","arr":["53B"],"angle":-8.1}},{"type":"Feature","geometry":{"type":"Point","coordinates":[19.619761,51.792774]},"properties":{"lines":"53B","color":"#0059a9","mode":"bus","arr":["53B"],"angle":-16.8,"extra":1,"ei":0}},{"type":"Feature","geometry":{"type":"Point","coordinates":[19.622578,51.793494]},"properties":{"lines":"53B","color":"#0059a9","mode":"bus","arr":["53B"],"angle":-27.9,"extra":1,"ei":1}},{"type":"Feature","geometry":{"type":"Point","coordinates":[19.625217,51.794442]},"properties":{"lines":"53B","color":"#0059a9","mode":"bus","arr":["53B"],"angle":-30.7,"extra":1,"ei":2}},{"type":"Feature","geometry":{"type":"Point","coordinates":[19.627842,51.795406]},"properties":{"lines":"53B","color":"#0059a9","mode":"bus","arr":["53B"],"angle":-30.3,"extra":1,"ei":3}},{"type":"Feature","geometry":{"type":"Point","coordinates":[19.630473,51.796363]},"properties":{"lines":"53B","color":"#0059a9","mode":"bus","arr":["53B"],"angle":-30.5,"extra":1,"ei":4}},{"type":"Feature","geometry":{"type":"Point","coordinates":[19.633116,51.797309]},"properties":{"lines":"53B","color":"#0059a9","mode":"bus","arr":["53B"],"angle":-29.9,"extra":1,"ei":5}},{"type":"Feature","geometry":{"type":"Point","coordinates":[19.635745,51.798268]},"properties":{"lines":"53B","color":"#0059a9","mode":"bus","arr":["53B"],"angle":-30.7,"extra":1,"ei":6}},{"type":"Feature","geometry":{"type":"Point","coordinates":[19.638376,51.799226]},"properties":{"lines":"53B","color":"#0059a9","mode":"bus","arr":["53B"],"angle":-30.4,"extra":1,"ei":7}},{"type":"Feature","geometry":{"type":"Point","coordinates":[19.641009,51.800182]},"properties":{"lines":"53B","color":"#0059a9","mode":"bus","arr":["53B"],"angle":-30,"extra":1,"ei":8}},{"type":"Feature","geometry":{"type":"Point","coordinates":[19.643645,51.801133]},"properties":{"lines":"53B","color":"#0059a9","mode":"bus","arr":["53B"],"angle":-30.3,"extra":1,"ei":9}},{"type":"Feature","geometry":{"type":"Point","coordinates":[19.646278,51.802089]},"properties":{"lines":"53B","color":"#0059a9","mode":"bus","arr":["53B"],"angle":-30.2,"extra":1,"ei":10}},{"type":"Feature","geometry":{"type":"Point","coordinates":[19.648915,51.80304]},"properties":{"lines":"53B","color":"#0059a9","mode":"bus","arr":["53B"],"angle":-30.2,"extra":1,"ei":11}},{"type":"Feature","geometry":{"type":"Point","coordinates":[19.651552,51.803991]},"properties":{"lines":"53B","color":"#0059a9","mode":"bus","arr":["53B"],"angle":-30.2,"extra":1,"ei":12}},{"type":"Feature","geometry":{"type":"Point","coordinates":[19.654188,51.804943]},"properties":{"lines":"53B","color":"#0059a9","mode":"bus","arr":["53B"],"angle":-30.4,"extra":1,"ei":13}},{"type":"Feature","geometry":{"type":"Point","coordinates":[19.656828,51.805892]},"properties":{"lines":"53B","color":"#0059a9","mode":"bus","arr":["53B"],"angle":-26.7,"extra":1,"ei":14}},{"type":"Feature","geometry":{"type":"Point","coordinates":[19.662836,51.806395]},"properties":{"lines":"53B","color":"#0059a9","mode":"bus","arr":["53B"],"angle":0.6,"extra":1,"ei":15}},{"type":"Feature","geometry":{"type":"Point","coordinates":[19.665889,51.806376]},"properties":{"lines":"53B","color":"#0059a9","mode":"bus","arr":["53B"],"angle":0.6,"extra":1,"ei":16}},{"type":"Feature","geometry":{"type":"Point","coordinates":[19.668941,51.806353]},"properties":{"lines":"53B","color":"#0059a9","mode":"bus","arr":["53B"],"angle":1,"extra":1,"ei":17}},{"type":"Feature","geometry":{"type":"Point","coordinates":[19.671992,51.806316]},"properties":{"lines":"53B","color":"#0059a9","mode":"bus","arr":["53B"],"angle":5.5,"extra":1,"ei":18}},{"type":"Feature","geometry":{"type":"Point","coordinates":[19.675009,51.806031]},"properties":{"lines":"53B","color":"#0059a9","mode":"bus","arr":["53B"],"angle":8.5,"extra":1,"ei":19}},{"type":"Feature","geometry":{"type":"Point","coordinates":[19.678028,51.805751]},"properties":{"lines":"53B","color":"#0059a9","mode":"bus","arr":["53B"],"angle":8.3,"extra":1,"ei":20}},{"type":"Feature","geometry":{"type":"Point","coordinates":[19.681049,51.805479]},"properties":{"lines":"53B","color":"#0059a9","mode":"bus","arr":["53B"],"angle":8.4,"extra":1,"ei":21}},{"type":"Feature","geometry":{"type":"Point","coordinates":[19.684068,51.805202]},"properties":{"lines":"53B","color":"#0059a9","mode":"bus","arr":["53B"],"angle":8.5,"extra":1,"ei":22}},{"type":"Feature","geometry":{"type":"Point","coordinates":[19.687087,51.804922]},"properties":{"lines":"53B","color":"#0059a9","mode":"bus","arr":["53B"],"angle":8.6,"extra":1,"ei":23}},{"type":"Feature","geometry":{"type":"Point","coordinates":[19.690106,51.804641]},"properties":{"lines":"53B","color":"#0059a9","mode":"bus","arr":["53B"],"angle":8.5,"extra":1,"ei":24}},{"type":"Feature","geometry":{"type":"Point","coordinates":[19.693124,51.80436]},"properties":{"lines":"53B","color":"#0059a9","mode":"bus","arr":["53B"],"angle":8.4,"extra":1,"ei":25}},{"type":"Feature","geometry":{"type":"Point","coordinates":[19.696145,51.804088]},"properties":{"lines":"53B","color":"#0059a9","mode":"bus","arr":["53B"],"angle":7.9,"extra":1,"ei":26}},{"type":"Feature","geometry":{"type":"Point","coordinates":[19.69918,51.80389]},"properties":{"lines":"53B","color":"#0059a9","mode":"bus","arr":["53B"],"angle":5,"extra":1,"ei":27}},{"type":"Feature","geometry":{"type":"Point","coordinates":[19.702221,51.803724]},"properties":{"lines":"53B","color":"#0059a9","mode":"bus","arr":["53B"],"angle":5,"extra":1,"ei":28}},{"type":"Feature","geometry":{"type":"Point","coordinates":[19.705262,51.80356]},"properties":{"lines":"53B","color":"#0059a9","mode":"bus","arr":["53B"],"angle":5.1,"extra":1,"ei":29}},{"type":"Feature","geometry":{"type":"Point","coordinates":[19.722972,51.802534]},"properties":{"lines":"53B","color":"#0059a9","mode":"bus","arr":["53B"],"angle":5.4}},{"type":"Feature","geometry":{"type":"Point","coordinates":[19.709796,51.803306]},"properties":{"lines":"53B","color":"#0059a9","mode":"bus","arr":["53B"],"angle":5.3,"extra":1,"ei":0}},{"type":"Feature","geometry":{"type":"Point","coordinates":[19.712835,51.80313]},"properties":{"lines":"53B","color":"#0059a9","mode":"bus","arr":["53B"],"angle":5.4,"extra":1,"ei":1}},{"type":"Feature","geometry":{"type":"Point","coordinates":[19.715874,51.80295]},"properties":{"lines":"53B","color":"#0059a9","mode":"bus","arr":["53B"],"angle":5.5,"extra":1,"ei":2}},{"type":"Feature","geometry":{"type":"Point","coordinates":[19.718912,51.802771]},"properties":{"lines":"53B","color":"#0059a9","mode":"bus","arr":["53B"],"angle":5.4,"extra":1,"ei":3}},{"type":"Feature","geometry":{"type":"Point","coordinates":[19.72499,51.802416]},"properties":{"lines":"53B","color":"#0059a9","mode":"bus","arr":["53B"],"angle":5.4,"extra":1,"ei":4}},{"type":"Feature","geometry":{"type":"Point","coordinates":[19.728028,51.802228]},"properties":{"lines":"53B","color":"#0059a9","mode":"bus","arr":["53B"],"angle":5.8,"extra":1,"ei":5}},{"type":"Feature","geometry":{"type":"Point","coordinates":[19.731065,51.802038]},"properties":{"lines":"53B","color":"#0059a9","mode":"bus","arr":["53B"],"angle":5.7,"extra":1,"ei":6}},{"type":"Feature","geometry":{"type":"Point","coordinates":[19.734102,51.801847]},"properties":{"lines":"53B","color":"#0059a9","mode":"bus","arr":["53B"],"angle":6.1,"extra":1,"ei":7}},{"type":"Feature","geometry":{"type":"Point","coordinates":[19.737135,51.801635]},"properties":{"lines":"53B","color":"#0059a9","mode":"bus","arr":["53B"],"angle":6.8,"extra":1,"ei":8}},{"type":"Feature","geometry":{"type":"Point","coordinates":[19.744318,51.801002]},"properties":{"lines":"53B","color":"#0059a9","mode":"bus","arr":["53B"],"angle":7.8,"mi":11}},{"type":"Feature","geometry":{"type":"Point","coordinates":[19.739162,51.80145]},"properties":{"lines":"53B","color":"#0059a9","mode":"bus","arr":["53B"],"angle":6.9,"extra":1,"ei":0}},{"type":"Feature","geometry":{"type":"Point","coordinates":[19.742152,51.801109]},"properties":{"lines":"53B","color":"#0059a9","mode":"bus","arr":["53B"],"angle":5.4,"extra":1,"ei":1}},{"type":"Feature","geometry":{"type":"Point","coordinates":[19.748226,51.800777]},"properties":{"lines":"53B","color":"#0059a9","mode":"bus","arr":["53B"],"angle":6.3,"extra":1,"ei":2}},{"type":"Feature","geometry":{"type":"Point","coordinates":[19.75106,51.800618]},"properties":{"lines":"53B","color":"#0059a9","mode":"bus","arr":["53B"],"angle":-64.4,"mi":4}},{"type":"Feature","geometry":{"type":"Point","coordinates":[19.751732,51.799308]},"properties":{"lines":"53B","color":"#0059a9","mode":"bus","arr":["53B"],"angle":75,"mi":7}},{"type":"Feature","geometry":{"type":"Point","coordinates":[19.753836,51.798795]},"properties":{"lines":"53B","color":"#0059a9","mode":"bus","arr":["53B"],"angle":-16.9,"mi":5}},{"type":"Feature","geometry":{"type":"Point","coordinates":[19.759122,51.799894]},"properties":{"lines":"53B","color":"#0059a9","mode":"bus","arr":["53B"],"angle":-4.1,"mi":6}},{"type":"Feature","geometry":{"type":"Point","coordinates":[19.756764,51.799827]},"properties":{"lines":"53B","color":"#0059a9","mode":"bus","arr":["53B"],"angle":-2.6,"extra":1,"ei":0}},{"type":"Feature","geometry":{"type":"Point","coordinates":[19.762858,51.800045]},"properties":{"lines":"53B","color":"#0059a9","mode":"bus","arr":["53B"],"angle":-3.1,"extra":1,"ei":1}},{"type":"Feature","geometry":{"type":"Point","coordinates":[19.758851,51.801704]},"properties":{"lines":"53B","color":"#0059a9","mode":"bus","arr":["53B"],"angle":-89.9,"mi":3}},{"type":"Feature","geometry":{"type":"Point","coordinates":[19.760616,51.803699]},"properties":{"lines":"53B","color":"#0059a9","mode":"bus","arr":["53B"],"angle":-8.7,"mi":9}},{"type":"Feature","geometry":{"type":"Point","coordinates":[19.762927,51.801981]},"properties":{"lines":"53B","color":"#0059a9","mode":"bus","arr":["53B"],"angle":89.3,"mi":10}},{"type":"Feature","geometry":{"type":"Point","coordinates":[19.756025,51.802852]},"properties":{"lines":"53B","color":"#0059a9","mode":"bus","arr":["53B"],"angle":-86}},{"type":"Feature","geometry":{"type":"Point","coordinates":[19.755796,51.800743]},"properties":{"lines":"53B","color":"#0059a9","mode":"bus","arr":["53B"],"angle":-86.6,"extra":1,"ei":0}},{"type":"Feature","geometry":{"type":"Point","coordinates":[19.75618,51.804512]},"properties":{"lines":"53B","color":"#0059a9","mode":"bus","arr":["53B"],"angle":-86.7,"extra":1,"ei":1}},{"type":"Feature","geometry":{"type":"Point","coordinates":[19.755273,51.805277]},"properties":{"lines":"53B","color":"#0059a9","mode":"bus","arr":["53B"],"angle":-54.8,"mi":8}},{"type":"Feature","geometry":{"type":"Point","coordinates":[19.754146,51.802905]},"properties":{"lines":"53B","color":"#0059a9","mode":"bus","arr":["53B"],"angle":-86.9,"mi":1}},{"type":"Feature","geometry":{"type":"Point","coordinates":[19.75273,51.800936]},"properties":{"lines":"53B","color":"#0059a9","mode":"bus","arr":["53B"],"angle":-16.3,"mi":2}},{"type":"Feature","geometry":{"type":"Point","coordinates":[19.515075,51.796141]},"properties":{"lines":"53C","color":"#0059a9","mode":"bus","arr":["53C"],"angle":75.7,"mi":1}},{"type":"Feature","geometry":{"type":"Point","coordinates":[19.513082,51.794423]},"properties":{"lines":"53C","color":"#0059a9","mode":"bus","arr":["53C"],"angle":-83.4}},{"type":"Feature","geometry":{"type":"Point","coordinates":[19.513723,51.79569]},"properties":{"lines":"53C","color":"#0059a9","mode":"bus","arr":["53C"],"angle":11,"extra":1,"ei":0}},{"type":"Feature","geometry":{"type":"Point","coordinates":[19.512681,51.792294]},"properties":{"lines":"53C","color":"#0059a9","mode":"bus","arr":["53C"],"angle":-83.3,"extra":1,"ei":1}},{"type":"Feature","geometry":{"type":"Point","coordinates":[19.512651,51.79148]},"properties":{"lines":"53C, 81A, 81B, Z6","color":"#0059a9","mode":"bus","arr":["53C","81A","81B","Z6"],"angle":-83.5,"mi":1}},{"type":"Feature","geometry":{"type":"Point","coordinates":[19.50979,51.79081]},"properties":{"lines":"53C, 81A, 81B, Z6","color":"#0059a9","mode":"bus","arr":["53C","81A","81B","Z6"],"angle":-11.9}},{"type":"Feature","geometry":{"type":"Point","coordinates":[19.505054,51.793249]},"properties":{"lines":"53C, 81A, 81B, Z6","color":"#0059a9","mode":"bus","arr":["53C","81A","81B","Z6"],"angle":66,"mi":2}},{"type":"Feature","geometry":{"type":"Point","coordinates":[19.506447,51.791314]},"properties":{"lines":"53C, 81A, 81B, Z6","color":"#0059a9","mode":"bus","arr":["53C","81A","81B","Z6"],"angle":66,"extra":1,"ei":0}},{"type":"Feature","geometry":{"type":"Point","coordinates":[19.503964,51.794765]},"properties":{"lines":"53C, 81A, 81B, Z6","color":"#0059a9","mode":"bus","arr":["53C","81A","81B","Z6"],"angle":66,"extra":1,"ei":1}},{"type":"Feature","geometry":{"type":"Point","coordinates":[19.486086,51.767863]},"properties":{"lines":"54B, 83, Z13","color":"#0059a9","mode":"bus","arr":["54B","83","Z13"],"angle":11.1}},{"type":"Feature","geometry":{"type":"Point","coordinates":[19.486429,51.767141]},"properties":{"lines":"54B, 83, Z13","color":"#0059a9","mode":"bus","arr":["54B","83","Z13"],"angle":-51,"side":-1,"mi":1}},{"type":"Feature","geometry":{"type":"Point","coordinates":[19.48528,51.767653]},"properties":{"lines":"54B, 80A, 80B, 83","color":"#0059a9","mode":"bus","arr":["54B","80A","80B","83"],"angle":71.4,"side":-1,"mi":1}},{"type":"Feature","geometry":{"type":"Point","coordinates":[19.483853,51.76826]},"properties":{"lines":"54B, 80A, 80B, 83","color":"#0059a9","mode":"bus","arr":["54B","80A","80B","83"],"angle":3.2}},{"type":"Feature","geometry":{"type":"Point","coordinates":[19.482456,51.769278]},"properties":{"lines":"54B, 80A, 80B","color":"#0059a9","mode":"bus","arr":["54B","80A","80B"],"angle":82.7}},{"type":"Feature","geometry":{"type":"Point","coordinates":[19.508945,51.749749]},"properties":{"lines":"54B, 75A, 75B","color":"#0059a9","mode":"bus","arr":["54B","75A","75B"],"angle":61.4,"mi":1}},{"type":"Feature","geometry":{"type":"Point","coordinates":[19.510123,51.756577]},"properties":{"lines":"54B, 75A, 75B","color":"#0059a9","mode":"bus","arr":["54B","75A","75B"],"angle":79.5,"mi":2}},{"type":"Feature","geometry":{"type":"Point","coordinates":[19.512265,51.749888]},"properties":{"lines":"54B, 75A, 75B","color":"#0059a9","mode":"bus","arr":["54B","75A","75B"],"angle":-56.7}},{"type":"Feature","geometry":{"type":"Point","coordinates":[19.508398,51.762354]},"properties":{"lines":"54B, 75A, 75B","color":"#0059a9","mode":"bus","arr":["54B","75A","75B"],"angle":79.6,"extra":1,"ei":0}},{"type":"Feature","geometry":{"type":"Point","coordinates":[19.508954,51.760497]},"properties":{"lines":"54B, 75A, 75B","color":"#0059a9","mode":"bus","arr":["54B","75A","75B"],"angle":79.4,"extra":1,"ei":1}},{"type":"Feature","geometry":{"type":"Point","coordinates":[19.509509,51.75864]},"properties":{"lines":"54B, 75A, 75B","color":"#0059a9","mode":"bus","arr":["54B","75A","75B"],"angle":79.6,"extra":1,"ei":2}},{"type":"Feature","geometry":{"type":"Point","coordinates":[19.510688,51.754936]},"properties":{"lines":"54B, 75A, 75B","color":"#0059a9","mode":"bus","arr":["54B","75A","75B"],"angle":79.5,"extra":1,"ei":3}},{"type":"Feature","geometry":{"type":"Point","coordinates":[19.51124,51.753078]},"properties":{"lines":"54B, 75A, 75B","color":"#0059a9","mode":"bus","arr":["54B","75A","75B"],"angle":79.7,"extra":1,"ei":4}},{"type":"Feature","geometry":{"type":"Point","coordinates":[19.511166,51.751502]},"properties":{"lines":"54B, 75A, 75B","color":"#0059a9","mode":"bus","arr":["54B","75A","75B"],"angle":-41,"extra":1,"ei":5}},{"type":"Feature","geometry":{"type":"Point","coordinates":[19.506904,51.767276]},"properties":{"lines":"54B, 64A, 64B","color":"#0059a9","mode":"bus","arr":["54B","64A","64B"],"angle":79.1,"mi":1}},{"type":"Feature","geometry":{"type":"Point","coordinates":[19.505747,51.771003]},"properties":{"lines":"54B, 64A, 64B","color":"#0059a9","mode":"bus","arr":["54B","64A","64B"],"angle":2.1}},{"type":"Feature","geometry":{"type":"Point","coordinates":[19.507764,51.764483]},"properties":{"lines":"54B, 64A, 64B","color":"#0059a9","mode":"bus","arr":["54B","64A","64B"],"angle":79.3,"extra":1,"ei":0}},{"type":"Feature","geometry":{"type":"Point","coordinates":[19.507089,51.771821]},"properties":{"lines":"54B, 58A, 58B, 64A, 64B","color":"#0059a9","mode":"bus","arr":["54B","58A","58B","64A","64B"],"angle":-11.1}},{"type":"Feature","geometry":{"type":"Point","coordinates":[19.512358,51.771529]},"properties":{"lines":"54B, 58B, 64A, 64B","color":"#0059a9","mode":"bus","arr":["54B","58B","64A","64B"],"angle":30.6,"mi":1}},{"type":"Feature","geometry":{"type":"Point","coordinates":[19.509989,51.772035]},"properties":{"lines":"54B, 58B, 64A, 64B","color":"#0059a9","mode":"bus","arr":["54B","58B","64A","64B"],"angle":11.8,"extra":1,"ei":0}},{"type":"Feature","geometry":{"type":"Point","coordinates":[19.515459,51.77043]},"properties":{"lines":"54B, 58B, 64A, 64B","color":"#0059a9","mode":"bus","arr":["54B","58B","64A","64B"],"angle":28,"extra":1,"ei":1}},{"type":"Feature","geometry":{"type":"Point","coordinates":[19.518589,51.772565]},"properties":{"lines":"54B, 58B, 64A, 64B","color":"#0059a9","mode":"bus","arr":["54B","58B","64A","64B"],"angle":-53.4}},{"type":"Feature","geometry":{"type":"Point","coordinates":[19.516787,51.771058]},"properties":{"lines":"54B, 58B, 64A, 64B","color":"#0059a9","mode":"bus","arr":["54B","58B","64A","64B"],"angle":-53.6,"extra":1,"ei":0}},{"type":"Feature","geometry":{"type":"Point","coordinates":[19.520427,51.774091]},"properties":{"lines":"54B, 58B, 64A, 64B","color":"#0059a9","mode":"bus","arr":["54B","58B","64A","64B"],"angle":-51.6,"extra":1,"ei":1}},{"type":"Feature","geometry":{"type":"Point","coordinates":[19.515146,51.775546]},"properties":{"lines":"58A","color":"#0059a9","mode":"bus","arr":["58A"],"angle":12.2,"mi":3}},{"type":"Feature","geometry":{"type":"Point","coordinates":[19.511102,51.775958]},"properties":{"lines":"58A","color":"#0059a9","mode":"bus","arr":["58A"],"angle":11.7,"extra":1,"ei":0}},{"type":"Feature","geometry":{"type":"Point","coordinates":[19.519411,51.775115]},"properties":{"lines":"58A","color":"#0059a9","mode":"bus","arr":["58A"],"angle":8.8,"extra":1,"ei":1}},{"type":"Feature","geometry":{"type":"Point","coordinates":[19.588146,51.779413]},"properties":{"lines":"54B","color":"#0059a9","mode":"bus","arr":["54B"],"angle":-86.3}},{"type":"Feature","geometry":{"type":"Point","coordinates":[19.524164,51.774655]},"properties":{"lines":"54B","color":"#0059a9","mode":"bus","arr":["54B"],"angle":9}},{"type":"Feature","geometry":{"type":"Point","coordinates":[19.522053,51.774876]},"properties":{"lines":"54B","color":"#0059a9","mode":"bus","arr":["54B"],"angle":11.6,"extra":1,"ei":0}},{"type":"Feature","geometry":{"type":"Point","coordinates":[19.572766,51.770452]},"properties":{"lines":"54B","color":"#0059a9","mode":"bus","arr":["54B"],"angle":-15.9,"extra":1,"ei":0}},{"type":"Feature","geometry":{"type":"Point","coordinates":[19.575305,51.771433]},"properties":{"lines":"54B","color":"#0059a9","mode":"bus","arr":["54B"],"angle":-39.9,"extra":1,"ei":1}},{"type":"Feature","geometry":{"type":"Point","coordinates":[19.577644,51.772646]},"properties":{"lines":"54B","color":"#0059a9","mode":"bus","arr":["54B"],"angle":-40.1,"extra":1,"ei":2}},{"type":"Feature","geometry":{"type":"Point","coordinates":[19.579999,51.773847]},"properties":{"lines":"54B","color":"#0059a9","mode":"bus","arr":["54B"],"angle":-39.5,"extra":1,"ei":3}},{"type":"Feature","geometry":{"type":"Point","coordinates":[19.582347,51.775054]},"properties":{"lines":"54B","color":"#0059a9","mode":"bus","arr":["54B"],"angle":-39.6,"extra":1,"ei":4}},{"type":"Feature","geometry":{"type":"Point","coordinates":[19.584701,51.776256]},"properties":{"lines":"54B","color":"#0059a9","mode":"bus","arr":["54B"],"angle":-39.5,"extra":1,"ei":5}},{"type":"Feature","geometry":{"type":"Point","coordinates":[19.587049,51.777463]},"properties":{"lines":"54B","color":"#0059a9","mode":"bus","arr":["54B"],"angle":-40,"extra":1,"ei":6}},{"type":"Feature","geometry":{"type":"Point","coordinates":[19.588314,51.78099]},"properties":{"lines":"54B","color":"#0059a9","mode":"bus","arr":["54B"],"angle":-86.2,"extra":1,"ei":7}},{"type":"Feature","geometry":{"type":"Point","coordinates":[19.588516,51.782874]},"properties":{"lines":"54B","color":"#0059a9","mode":"bus","arr":["54B"],"angle":-86.2,"extra":1,"ei":8}},{"type":"Feature","geometry":{"type":"Point","coordinates":[19.588718,51.784759]},"properties":{"lines":"54B","color":"#0059a9","mode":"bus","arr":["54B"],"angle":-86.1,"extra":1,"ei":9}},{"type":"Feature","geometry":{"type":"Point","coordinates":[19.588921,51.786643]},"properties":{"lines":"54B","color":"#0059a9","mode":"bus","arr":["54B"],"angle":-86.3,"extra":1,"ei":10}},{"type":"Feature","geometry":{"type":"Point","coordinates":[19.589121,51.788527]},"properties":{"lines":"54B","color":"#0059a9","mode":"bus","arr":["54B"],"angle":-86.2,"extra":1,"ei":11}},{"type":"Feature","geometry":{"type":"Point","coordinates":[19.589322,51.790412]},"properties":{"lines":"54B","color":"#0059a9","mode":"bus","arr":["54B"],"angle":-86.3,"extra":1,"ei":12}},{"type":"Feature","geometry":{"type":"Point","coordinates":[19.58952,51.792297]},"properties":{"lines":"54B","color":"#0059a9","mode":"bus","arr":["54B"],"angle":-86.2,"extra":1,"ei":13}},{"type":"Feature","geometry":{"type":"Point","coordinates":[19.535158,51.773553]},"properties":{"lines":"54B, 58A, 58B, N4A, N4B","color":"#0059a9","mode":"bus","arr":["54B","58A","58B","N4A","N4B"],"angle":9.5,"mi":3}},{"type":"Feature","geometry":{"type":"Point","coordinates":[19.528075,51.774265]},"properties":{"lines":"54B, 58A, 58B, N4A, N4B","color":"#0059a9","mode":"bus","arr":["54B","58A","58B","N4A","N4B"],"angle":9.2,"extra":1,"ei":0}},{"type":"Feature","geometry":{"type":"Point","coordinates":[19.531089,51.773963]},"properties":{"lines":"54B, 58A, 58B, N4A, N4B","color":"#0059a9","mode":"bus","arr":["54B","58A","58B","N4A","N4B"],"angle":9.2,"extra":1,"ei":1}},{"type":"Feature","geometry":{"type":"Point","coordinates":[19.537113,51.773351]},"properties":{"lines":"54B, 58A, 58B, N4A, N4B","color":"#0059a9","mode":"bus","arr":["54B","58A","58B","N4A","N4B"],"angle":9.5,"extra":1,"ei":2}},{"type":"Feature","geometry":{"type":"Point","coordinates":[19.540124,51.773039]},"properties":{"lines":"54B, 58A, 58B, N4A, N4B","color":"#0059a9","mode":"bus","arr":["54B","58A","58B","N4A","N4B"],"angle":9.5,"extra":1,"ei":3}},{"type":"Feature","geometry":{"type":"Point","coordinates":[19.543134,51.772728]},"properties":{"lines":"54B, 58A, 58B, N4A, N4B","color":"#0059a9","mode":"bus","arr":["54B","58A","58B","N4A","N4B"],"angle":9.5,"extra":1,"ei":4}},{"type":"Feature","geometry":{"type":"Point","coordinates":[19.543852,51.773351]},"properties":{"lines":"54B, 58A, 58B, N4A, N4B","color":"#0059a9","mode":"bus","arr":["54B","58A","58B","N4A","N4B"],"angle":-83.7,"mi":2}},{"type":"Feature","geometry":{"type":"Point","coordinates":[19.543532,51.774314]},"properties":{"lines":"54B, 58A, 58B, N4A, N4B","color":"#0059a9","mode":"bus","arr":["54B","58A","58B","N4A","N4B"],"angle":-11.4,"mi":1}},{"type":"Feature","geometry":{"type":"Point","coordinates":[19.543328,51.774101]},"properties":{"lines":"54B, 58A, 58B","color":"#0059a9","mode":"bus","arr":["54B","58A","58B"],"angle":5.5,"side":-1}},{"type":"Feature","geometry":{"type":"Point","coordinates":[19.539141,51.774397]},"properties":{"lines":"54B, 58A, 58B, N4A, N4B","color":"#0059a9","mode":"bus","arr":["54B","58A","58B","N4A","N4B"],"angle":6.9}},{"type":"Feature","geometry":{"type":"Point","coordinates":[19.541341,51.774237]},"properties":{"lines":"54B, 58A, 58B, N4A, N4B","color":"#0059a9","mode":"bus","arr":["54B","58A","58B","N4A","N4B"],"angle":6.8,"extra":1,"ei":0}},{"type":"Feature","geometry":{"type":"Point","coordinates":[19.557517,51.771235]},"properties":{"lines":"54B, 58A, 58B","color":"#0059a9","mode":"bus","arr":["54B","58A","58B"],"angle":9.4}},{"type":"Feature","geometry":{"type":"Point","coordinates":[19.545245,51.772507]},"properties":{"lines":"54B, 58A, 58B","color":"#0059a9","mode":"bus","arr":["54B","58A","58B"],"angle":9.5,"extra":1,"ei":0}},{"type":"Feature","geometry":{"type":"Point","coordinates":[19.548256,51.772197]},"properties":{"lines":"54B, 58A, 58B","color":"#0059a9","mode":"bus","arr":["54B","58A","58B"],"angle":9.4,"extra":1,"ei":1}},{"type":"Feature","geometry":{"type":"Point","coordinates":[19.551266,51.771883]},"properties":{"lines":"54B, 58A, 58B","color":"#0059a9","mode":"bus","arr":["54B","58A","58B"],"angle":9.9,"extra":1,"ei":2}},{"type":"Feature","geometry":{"type":"Point","coordinates":[19.554276,51.771568]},"properties":{"lines":"54B, 58A, 58B","color":"#0059a9","mode":"bus","arr":["54B","58A","58B"],"angle":9.5,"extra":1,"ei":3}},{"type":"Feature","geometry":{"type":"Point","coordinates":[19.560298,51.77095]},"properties":{"lines":"54B, 58A, 58B","color":"#0059a9","mode":"bus","arr":["54B","58A","58B"],"angle":9.2,"extra":1,"ei":4}},{"type":"Feature","geometry":{"type":"Point","coordinates":[19.563312,51.770651]},"properties":{"lines":"54B, 58A, 58B","color":"#0059a9","mode":"bus","arr":["54B","58A","58B"],"angle":9.5,"extra":1,"ei":5}},{"type":"Feature","geometry":{"type":"Point","coordinates":[19.566325,51.770349]},"properties":{"lines":"54B, 58A, 58B","color":"#0059a9","mode":"bus","arr":["54B","58A","58B"],"angle":8.1,"extra":1,"ei":6}},{"type":"Feature","geometry":{"type":"Point","coordinates":[19.56934,51.770054]},"properties":{"lines":"54B, 58A, 58B","color":"#0059a9","mode":"bus","arr":["54B","58A","58B"],"angle":6.9,"extra":1,"ei":7}},{"type":"Feature","geometry":{"type":"Point","coordinates":[19.58134,51.800234]},"properties":{"lines":"54B","color":"#0059a9","mode":"bus","arr":["54B"],"angle":51.5}},{"type":"Feature","geometry":{"type":"Point","coordinates":[19.588448,51.794803]},"properties":{"lines":"54B","color":"#0059a9","mode":"bus","arr":["54B"],"angle":51,"extra":1,"ei":0}},{"type":"Feature","geometry":{"type":"Point","coordinates":[19.586532,51.796273]},"properties":{"lines":"54B","color":"#0059a9","mode":"bus","arr":["54B"],"angle":51.1,"extra":1,"ei":1}},{"type":"Feature","geometry":{"type":"Point","coordinates":[19.584606,51.797738]},"properties":{"lines":"54B","color":"#0059a9","mode":"bus","arr":["54B"],"angle":50.6,"extra":1,"ei":2}},{"type":"Feature","geometry":{"type":"Point","coordinates":[19.582677,51.799202]},"properties":{"lines":"54B","color":"#0059a9","mode":"bus","arr":["54B"],"angle":50.9,"extra":1,"ei":3}},{"type":"Feature","geometry":{"type":"Point","coordinates":[19.578858,51.802149]},"properties":{"lines":"54B","color":"#0059a9","mode":"bus","arr":["54B"],"angle":51.1,"extra":1,"ei":4}},{"type":"Feature","geometry":{"type":"Point","coordinates":[19.576938,51.803617]},"properties":{"lines":"54B","color":"#0059a9","mode":"bus","arr":["54B"],"angle":51,"extra":1,"ei":5}},{"type":"Feature","geometry":{"type":"Point","coordinates":[19.575021,51.805086]},"properties":{"lines":"54B","color":"#0059a9","mode":"bus","arr":["54B"],"angle":51,"extra":1,"ei":6}},{"type":"Feature","geometry":{"type":"Point","coordinates":[19.535471,51.774403]},"properties":{"lines":"54B","color":"#0059a9","mode":"bus","arr":["54B"],"angle":-77.2,"mi":1}},{"type":"Feature","geometry":{"type":"Point","coordinates":[19.484767,51.766877]},"properties":{"lines":"54B, 80A, 80B","color":"#0059a9","mode":"bus","arr":["54B","80A","80B"],"angle":-22.2,"mi":1}},{"type":"Feature","geometry":{"type":"Point","coordinates":[19.38389,51.747566]},"properties":{"lines":"55A, 55B, 55C, 69A, 69B, 76, 80A, 80B, 99, N2","color":"#0059a9","mode":"bus","arr":["55A","55B","55C","69A","69B","76","80A","80B","99","N2"],"angle":-34.3}},{"type":"Feature","geometry":{"type":"Point","coordinates":[19.389231,51.749324]},"properties":{"lines":"55A, 55B, 55C, 80A, 80B, 99, N2","color":"#0059a9","mode":"bus","arr":["55A","55B","55C","80A","80B","99","N2"],"angle":-24.6}},{"type":"Feature","geometry":{"type":"Point","coordinates":[19.385658,51.7483]},"properties":{"lines":"55A, 55B, 55C, 80A, 80B, 99, N2","color":"#0059a9","mode":"bus","arr":["55A","55B","55C","80A","80B","99","N2"],"angle":-29.9,"extra":1,"ei":0}},{"type":"Feature","geometry":{"type":"Point","coordinates":[19.391203,51.74988]},"properties":{"lines":"55A, 55B, 55C, 80A, 80B, 99, N2","color":"#0059a9","mode":"bus","arr":["55A","55B","55C","80A","80B","99","N2"],"angle":-24.5,"extra":1,"ei":1}},{"type":"Feature","geometry":{"type":"Point","coordinates":[19.393983,51.750647]},"properties":{"lines":"55A, 55B, 55C, 80A, 80B, 99, N2","color":"#0059a9","mode":"bus","arr":["55A","55B","55C","80A","80B","99","N2"],"angle":-15.7,"extra":1,"ei":2}},{"type":"Feature","geometry":{"type":"Point","coordinates":[19.402098,51.752773]},"properties":{"lines":"55A, 55B, 55C, 80A, 80B","color":"#0059a9","mode":"bus","arr":["55A","55B","55C","80A","80B"],"angle":-8.3}},{"type":"Feature","geometry":{"type":"Point","coordinates":[19.395584,51.751076]},"properties":{"lines":"55A, 55B, 55C, 80A, 80B","color":"#0059a9","mode":"bus","arr":["55A","55B","55C","80A","80B"],"angle":-23.3,"extra":1,"ei":0}},{"type":"Feature","geometry":{"type":"Point","coordinates":[19.398381,51.751832]},"properties":{"lines":"55A, 55B, 55C, 80A, 80B","color":"#0059a9","mode":"bus","arr":["55A","55B","55C","80A","80B"],"angle":-23.1,"extra":1,"ei":1}},{"type":"Feature","geometry":{"type":"Point","coordinates":[19.40416,51.752659]},"properties":{"lines":"55A, 55B, 55C, 80A, 80B","color":"#0059a9","mode":"bus","arr":["55A","55B","55C","80A","80B"],"angle":8.5,"extra":1,"ei":2}},{"type":"Feature","geometry":{"type":"Point","coordinates":[19.407181,51.752386]},"properties":{"lines":"55A, 55B, 55C, 80A, 80B","color":"#0059a9","mode":"bus","arr":["55A","55B","55C","80A","80B"],"angle":8.3,"extra":1,"ei":3}},{"type":"Feature","geometry":{"type":"Point","coordinates":[19.409435,51.751319]},"properties":{"lines":"55A, 55B, 55C, 80A, 80B","color":"#0059a9","mode":"bus","arr":["55A","55B","55C","80A","80B"],"angle":41.7,"extra":1,"ei":4}},{"type":"Feature","geometry":{"type":"Point","coordinates":[19.408638,51.750058]},"properties":{"lines":"55A, 55B, 55C, 76, 99","color":"#0059a9","mode":"bus","arr":["55A","55B","55C","76","99"],"angle":-53.4}},{"type":"Feature","geometry":{"type":"Point","coordinates":[19.407202,51.748948]},"properties":{"lines":"55A, 55B, 55C, 76, 99","color":"#0059a9","mode":"bus","arr":["55A","55B","55C","76","99"],"angle":-33.6,"side":-1,"mi":1}},{"type":"Feature","geometry":{"type":"Point","coordinates":[19.405595,51.744728]},"properties":{"lines":"55A, 55B, 55C","color":"#0059a9","mode":"bus","arr":["55A","55B","55C"],"angle":88.3}},{"type":"Feature","geometry":{"type":"Point","coordinates":[19.405729,51.747173]},"properties":{"lines":"55A, 55B, 55C","color":"#0059a9","mode":"bus","arr":["55A","55B","55C"],"angle":-77.2,"extra":1,"ei":0}},{"type":"Feature","geometry":{"type":"Point","coordinates":[19.40541,51.743409]},"properties":{"lines":"55A, 55B, 55C","color":"#0059a9","mode":"bus","arr":["55A","55B","55C"],"angle":-87.6,"extra":1,"ei":1}},{"type":"Feature","geometry":{"type":"Point","coordinates":[19.40508,51.741534]},"properties":{"lines":"55A, 55B, 55C","color":"#0059a9","mode":"bus","arr":["55A","55B","55C"],"angle":85.3,"extra":1,"ei":2,"side":-1}},{"type":"Feature","geometry":{"type":"Point","coordinates":[19.405635,51.74593]},"properties":{"lines":"55A, 55B, 55C","color":"#0059a9","mode":"bus","arr":["55A","55B","55C"],"angle":-84.4,"extra":1,"ei":0,"side":-1}},{"type":"Feature","geometry":{"type":"Point","coordinates":[19.409591,51.741802]},"properties":{"lines":"55A, 55B, 55C, 69A, 69B, 86, G1, N7A, N7B","color":"#0059a9","mode":"bus","arr":["55A","55B","55C","69A","69B","86","G1","N7A","N7B"],"angle":-14.1}},{"type":"Feature","geometry":{"type":"Point","coordinates":[19.406631,51.741509]},"properties":{"lines":"55A, 55B, 55C, 69A, 69B, 86, G1, N7A, N7B","color":"#0059a9","mode":"bus","arr":["55A","55B","55C","69A","69B","86","G1","N7A","N7B"],"angle":-11.1,"extra":1,"ei":0}},{"type":"Feature","geometry":{"type":"Point","coordinates":[19.412446,51.742541]},"properties":{"lines":"55A, 55B, 55C, 69A, 69B, 86, G1, N7A, N7B","color":"#0059a9","mode":"bus","arr":["55A","55B","55C","69A","69B","86","G1","N7A","N7B"],"angle":-25.9,"extra":1,"ei":1}},{"type":"Feature","geometry":{"type":"Point","coordinates":[19.406634,51.741438]},"properties":{"lines":"55A, 55B, 55C, 69A, 69B, 86, N7A, N7B","color":"#0059a9","mode":"bus","arr":["55A","55B","55C","69A","69B","86","N7A","N7B"],"angle":-12.2,"side":-1,"mi":2}},{"type":"Feature","geometry":{"type":"Point","coordinates":[19.414493,51.743335]},"properties":{"lines":"55A, 55B, 55C, 69A, 69B, 86, N7A, N7B","color":"#0059a9","mode":"bus","arr":["55A","55B","55C","69A","69B","86","N7A","N7B"],"angle":-42.9}},{"type":"Feature","geometry":{"type":"Point","coordinates":[19.417727,51.744674]},"properties":{"lines":"55A, 55B, 55C, 69A, 69B, 86, N7A, N7B","color":"#0059a9","mode":"bus","arr":["55A","55B","55C","69A","69B","86","N7A","N7B"],"angle":-42.4,"mi":1}},{"type":"Feature","geometry":{"type":"Point","coordinates":[19.419144,51.745361]},"properties":{"lines":"55A, 55B, 55C, 69A, 69B","color":"#0059a9","mode":"bus","arr":["55A","55B","55C","69A","69B"],"angle":-26}},{"type":"Feature","geometry":{"type":"Point","coordinates":[19.419513,51.746838]},"properties":{"lines":"55A, 55B, 55C, 65A, 65B, 67, 69A, 69B, 86, 97A, 97B, N2, N7A, N7B","color":"#0059a9","mode":"bus","arr":["55A","55B","55C","65A","65B","67","69A","69B","86","97A","97B","N2","N7A","N7B"],"angle":75.4}},{"type":"Feature","geometry":{"type":"Point","coordinates":[19.419068,51.747915]},"properties":{"lines":"55A, 55B, 55C, 65A, 65B, 67, 69A, 69B, 86, 97A, 97B, N2, N7A, N7B","color":"#0059a9","mode":"bus","arr":["55A","55B","55C","65A","65B","67","69A","69B","86","97A","97B","N2","N7A","N7B"],"angle":75.7,"mi":1}},{"type":"Feature","geometry":{"type":"Point","coordinates":[19.418659,51.748302]},"properties":{"lines":"55A, 55B, 55C, 65A, 65B, 69A, 69B, 97A, 97B, N7A, N7B","color":"#0059a9","mode":"bus","arr":["55A","55B","55C","65A","65B","69A","69B","97A","97B","N7A","N7B"],"angle":11.3}},{"type":"Feature","geometry":{"type":"Point","coordinates":[19.418464,51.747913]},"properties":{"lines":"55A, 55B, 55C, 65A, 65B, 67, 69A, 69B, 86, 97A, 97B, N7A, N7B","color":"#0059a9","mode":"bus","arr":["55A","55B","55C","65A","65B","67","69A","69B","86","97A","97B","N7A","N7B"],"angle":75.7}},{"type":"Feature","geometry":{"type":"Point","coordinates":[19.418723,51.747284]},"properties":{"lines":"55A, 55B, 55C, 65A, 65B, 67, 69A, 69B, 86, 97A, 97B, N7A, N7B","color":"#0059a9","mode":"bus","arr":["55A","55B","55C","65A","65B","67","69A","69B","86","97A","97B","N7A","N7B"],"angle":75.8,"mi":1}},{"type":"Feature","geometry":{"type":"Point","coordinates":[19.41951,51.745773]},"properties":{"lines":"55A, 55B, 55C, 65A, 65B, 67, 69A, 69B, 97A, 97B, N2","color":"#0059a9","mode":"bus","arr":["55A","55B","55C","65A","65B","67","69A","69B","97A","97B","N2"],"angle":62.3}},{"type":"Feature","geometry":{"type":"Point","coordinates":[19.420089,51.745171]},"properties":{"lines":"55A, 55B, 55C, 65A, 65B, 67, 69A, 69B, 97A, 97B","color":"#0059a9","mode":"bus","arr":["55A","55B","55C","65A","65B","67","69A","69B","97A","97B"],"angle":59.4,"side":-1}},{"type":"Feature","geometry":{"type":"Point","coordinates":[19.421103,51.743828]},"properties":{"lines":"55A, 55B, 55C, 65A, 65B, 67, 69A, 69B, 97A, 97B, N7A, N7B","color":"#0059a9","mode":"bus","arr":["55A","55B","55C","65A","65B","67","69A","69B","97A","97B","N7A","N7B"],"angle":72.9,"side":-1}},{"type":"Feature","geometry":{"type":"Point","coordinates":[19.421805,51.74089]},"properties":{"lines":"55A, 55B, 55C, 65A, 65B","color":"#0059a9","mode":"bus","arr":["55A","55B","55C","65A","65B"],"angle":-81.2,"side":-1}},{"type":"Feature","geometry":{"type":"Point","coordinates":[19.422166,51.7421]},"properties":{"lines":"55A, 55B, 55C, 65A, 65B","color":"#0059a9","mode":"bus","arr":["55A","55B","55C","65A","65B"],"angle":-78.8,"extra":1,"ei":0}},{"type":"Feature","geometry":{"type":"Point","coordinates":[19.42332,51.738366]},"properties":{"lines":"55A, 55B, 55C, 65A, 65B","color":"#0059a9","mode":"bus","arr":["55A","55B","55C","65A","65B"],"angle":30.9,"mi":1}},{"type":"Feature","geometry":{"type":"Point","coordinates":[19.429461,51.737087]},"properties":{"lines":"55A, 55B, 55C, 65A, 65B, N7A, N7B","color":"#0059a9","mode":"bus","arr":["55A","55B","55C","65A","65B","N7A","N7B"],"angle":5.9}},{"type":"Feature","geometry":{"type":"Point","coordinates":[19.426603,51.737311]},"properties":{"lines":"55A, 55B, 55C, 65A, 65B, N7A, N7B","color":"#0059a9","mode":"bus","arr":["55A","55B","55C","65A","65B","N7A","N7B"],"angle":18.3,"extra":1,"ei":0}},{"type":"Feature","geometry":{"type":"Point","coordinates":[19.432665,51.736884]},"properties":{"lines":"55A, 55B, 55C, 65A, 65B, N7A, N7B","color":"#0059a9","mode":"bus","arr":["55A","55B","55C","65A","65B","N7A","N7B"],"angle":5.7,"extra":1,"ei":1}},{"type":"Feature","geometry":{"type":"Point","coordinates":[19.4382,51.736418]},"properties":{"lines":"55A, 55B, 55C, 65A, 65B, 69A, 69B, 77, F1, N7A, N7B","color":"#0059a9","mode":"bus","arr":["55A","55B","55C","65A","65B","69A","69B","77","F1","N7A","N7B"],"angle":2.2,"side":-1}},{"type":"Feature","geometry":{"type":"Point","coordinates":[19.435642,51.73648]},"properties":{"lines":"55A, 55B, 55C, 65A, 65B, 69A, 69B, 77, F1, N7A, N7B","color":"#0059a9","mode":"bus","arr":["55A","55B","55C","65A","65B","69A","69B","77","F1","N7A","N7B"],"angle":7,"extra":1,"ei":0,"side":-1}},{"type":"Feature","geometry":{"type":"Point","coordinates":[19.441743,51.736395]},"properties":{"lines":"55A, 55B, 55C, 65A, 65B, 69A, 69B, 77, F1, N7A, N7B","color":"#0059a9","mode":"bus","arr":["55A","55B","55C","65A","65B","69A","69B","77","F1","N7A","N7B"],"angle":-1.2,"extra":1,"ei":1,"side":-1}},{"type":"Feature","geometry":{"type":"Point","coordinates":[19.445901,51.736352]},"properties":{"lines":"55A, 55B, 55C, 69A, 69B, F1, N7A, N7B","color":"#0059a9","mode":"bus","arr":["55A","55B","55C","69A","69B","F1","N7A","N7B"],"angle":0.7,"side":-1}},{"type":"Feature","geometry":{"type":"Point","coordinates":[19.443811,51.736425]},"properties":{"lines":"55A, 55B, 55C, 69A, 69B, F1, N7A, N7B","color":"#0059a9","mode":"bus","arr":["55A","55B","55C","69A","69B","F1","N7A","N7B"],"angle":-0.1,"extra":1,"ei":0,"side":-1}},{"type":"Feature","geometry":{"type":"Point","coordinates":[19.447517,51.736512]},"properties":{"lines":"55A, 55B, 55C, 69A, 69B, F1, H, N7A, N7B","color":"#0059a9","mode":"bus","arr":["55A","55B","55C","69A","69B","F1","H","N7A","N7B"],"angle":0.3}},{"type":"Feature","geometry":{"type":"Point","coordinates":[19.451439,51.736397]},"properties":{"lines":"55A, 55B, 55C, 69A, 69B, F1, H, N7A, N7B","color":"#0059a9","mode":"bus","arr":["55A","55B","55C","69A","69B","F1","H","N7A","N7B"],"angle":0,"extra":1,"ei":0}},{"type":"Feature","geometry":{"type":"Point","coordinates":[19.445358,51.736526]},"properties":{"lines":"55A, 55B, 55C, 69A, 69B, F1, H, N7A, N7B","color":"#0059a9","mode":"bus","arr":["55A","55B","55C","69A","69B","F1","H","N7A","N7B"],"angle":2,"extra":1,"ei":1}},{"type":"Feature","geometry":{"type":"Point","coordinates":[19.442307,51.736545]},"properties":{"lines":"55A, 55B, 55C, 69A, 69B, F1, H, N7A, N7B","color":"#0059a9","mode":"bus","arr":["55A","55B","55C","69A","69B","F1","H","N7A","N7B"],"angle":-2.5,"extra":1,"ei":2}},{"type":"Feature","geometry":{"type":"Point","coordinates":[19.452434,51.752127]},"properties":{"lines":"55A, 55B, 55C, 77, N7A, N7B","color":"#0059a9","mode":"bus","arr":["55A","55B","55C","77","N7A","N7B"],"angle":-7.6}},{"type":"Feature","geometry":{"type":"Point","coordinates":[19.456457,51.752466]},"properties":{"lines":"55A, 55B, 55C, 57, 77, N5A, N5B, N7A, N7B","color":"#0059a9","mode":"bus","arr":["55A","55B","55C","57","77","N5A","N5B","N7A","N7B"],"angle":-8.5}},{"type":"Feature","geometry":{"type":"Point","coordinates":[19.458624,51.752652]},"properties":{"lines":"55A, 55B, 55C, 57, 77","color":"#0059a9","mode":"bus","arr":["55A","55B","55C","57","77"],"angle":-7.6}},{"type":"Feature","geometry":{"type":"Point","coordinates":[19.462168,51.752954]},"properties":{"lines":"55A, 55B, 55C, 57, 77, 101","color":"#0059a9","mode":"bus","arr":["55A","55B","55C","57","77","101"],"angle":-7.8}},{"type":"Feature","geometry":{"type":"Point","coordinates":[19.463867,51.750414]},"properties":{"lines":"55A, 55B, 55C, N3A, N3B","color":"#0059a9","mode":"bus","arr":["55A","55B","55C","N3A","N3B"],"angle":83.4,"mi":2}},{"type":"Feature","geometry":{"type":"Point","coordinates":[19.464538,51.752417]},"properties":{"lines":"55A, 55B, 55C, N3A, N3B","color":"#0059a9","mode":"bus","arr":["55A","55B","55C","N3A","N3B"],"angle":81.9,"mi":1}},{"type":"Feature","geometry":{"type":"Point","coordinates":[19.46431,51.751593]},"properties":{"lines":"55A, 55B, 55C, N3A, N3B","color":"#0059a9","mode":"bus","arr":["55A","55B","55C","N3A","N3B"],"angle":-23.8}},{"type":"Feature","geometry":{"type":"Point","coordinates":[19.468573,51.750462]},"properties":{"lines":"55A, 55B, 55C, 101, N3A, N3B","color":"#0059a9","mode":"bus","arr":["55A","55B","55C","101","N3A","N3B"],"angle":-22.5}},{"type":"Feature","geometry":{"type":"Point","coordinates":[19.465493,51.749688]},"properties":{"lines":"55A, 55B, 55C, 101, N3A, N3B","color":"#0059a9","mode":"bus","arr":["55A","55B","55C","101","N3A","N3B"],"angle":-22.1,"extra":1,"ei":0}},{"type":"Feature","geometry":{"type":"Point","coordinates":[19.471148,51.751112]},"properties":{"lines":"55A, 55B, 55C, 101, N3A, N3B","color":"#0059a9","mode":"bus","arr":["55A","55B","55C","101","N3A","N3B"],"angle":-22.2,"extra":1,"ei":1}},{"type":"Feature","geometry":{"type":"Point","coordinates":[19.478503,51.752975]},"properties":{"lines":"55A, 55B, 55C, 101","color":"#0059a9","mode":"bus","arr":["55A","55B","55C","101"],"angle":-22.3}},{"type":"Feature","geometry":{"type":"Point","coordinates":[19.474477,51.75195]},"properties":{"lines":"55A, 55B, 55C, 101","color":"#0059a9","mode":"bus","arr":["55A","55B","55C","101"],"angle":-22.2,"extra":1,"ei":0}},{"type":"Feature","geometry":{"type":"Point","coordinates":[19.482949,51.754101]},"properties":{"lines":"55A, 55B, 55C, 101","color":"#0059a9","mode":"bus","arr":["55A","55B","55C","101"],"angle":-22.4,"extra":1,"ei":1}},{"type":"Feature","geometry":{"type":"Point","coordinates":[19.484936,51.752836]},"properties":{"lines":"55A, 55B, 55C, N8","color":"#0059a9","mode":"bus","arr":["55A","55B","55C","N8"],"angle":69.7}},{"type":"Feature","geometry":{"type":"Point","coordinates":[19.485618,51.751715]},"properties":{"lines":"55A, 55B, 55C, N8","color":"#0059a9","mode":"bus","arr":["55A","55B","55C","N8"],"angle":67.4,"extra":1,"ei":0}},{"type":"Feature","geometry":{"type":"Point","coordinates":[19.487113,51.751498]},"properties":{"lines":"55A, 55B, 55C, N8","color":"#0059a9","mode":"bus","arr":["55A","55B","55C","N8"],"angle":-13.2,"mi":1}},{"type":"Feature","geometry":{"type":"Point","coordinates":[19.494329,51.744589]},"properties":{"lines":"55A, 55B, 55C, 70, 75A, 75B, 92A, 92B, N8","color":"#0059a9","mode":"bus","arr":["55A","55B","55C","70","75A","75B","92A","92B","N8"],"angle":79.3}},{"type":"Feature","geometry":{"type":"Point","coordinates":[19.493559,51.747132]},"properties":{"lines":"55A, 55B, 55C, 70, 75A, 75B, 92A, 92B, N8","color":"#0059a9","mode":"bus","arr":["55A","55B","55C","70","75A","75B","92A","92B","N8"],"angle":79.2,"extra":1,"ei":0}},{"type":"Feature","geometry":{"type":"Point","coordinates":[19.494687,51.74342]},"properties":{"lines":"55A, 55B, 55C, 70, 75A, 75B, 92A, 92B, N8","color":"#0059a9","mode":"bus","arr":["55A","55B","55C","70","75A","75B","92A","92B","N8"],"angle":78.9,"extra":1,"ei":1}},{"type":"Feature","geometry":{"type":"Point","coordinates":[19.495218,51.741561]},"properties":{"lines":"55A, 55B, 55C, 70, 75A, 75B, 92A, 92B, N8","color":"#0059a9","mode":"bus","arr":["55A","55B","55C","70","75A","75B","92A","92B","N8"],"angle":82.7,"extra":1,"ei":2}},{"type":"Feature","geometry":{"type":"Point","coordinates":[19.495202,51.739107]},"properties":{"lines":"55A, 55B, 55C, 70, 71A, 71B, 75A, 75B, 92A, 92B, N8","color":"#0059a9","mode":"bus","arr":["55A","55B","55C","70","71A","71B","75A","75B","92A","92B","N8"],"angle":-78.4}},{"type":"Feature","geometry":{"type":"Point","coordinates":[19.494206,51.734964]},"properties":{"lines":"55A, 55B, 55C, 70, 71A, 71B, 75A, 75B, F1, N6, N8","color":"#0059a9","mode":"bus","arr":["55A","55B","55C","70","71A","71B","75A","75B","F1","N6","N8"],"angle":-82.6}},{"type":"Feature","geometry":{"type":"Point","coordinates":[19.495156,51.732447]},"properties":{"lines":"55A, 55B, 55C, 69A, 69B, 72A, 72B, 75A, 75B, N8","color":"#0059a9","mode":"bus","arr":["55A","55B","55C","69A","69B","72A","72B","75A","75B","N8"],"angle":10,"side":-1}},{"type":"Feature","geometry":{"type":"Point","coordinates":[19.500054,51.732294]},"properties":{"lines":"55A, 55B, 55C, 69A, 69B, 72A, 72B, N8","color":"#0059a9","mode":"bus","arr":["55A","55B","55C","69A","69B","72A","72B","N8"],"angle":-0.6,"mi":1}},{"type":"Feature","geometry":{"type":"Point","coordinates":[19.503323,51.732453]},"properties":{"lines":"55A, 55B, 55C, 69A, 69B, 72A, 72B, N8","color":"#0059a9","mode":"bus","arr":["55A","55B","55C","69A","69B","72A","72B","N8"],"angle":-57.1,"side":-1}},{"type":"Feature","geometry":{"type":"Point","coordinates":[19.504901,51.734249]},"properties":{"lines":"55A, 55B, 55C, 69A, 69B, 71A, 71B, 72A, 72B, N8","color":"#0059a9","mode":"bus","arr":["55A","55B","55C","69A","69B","71A","71B","72A","72B","N8"],"angle":-83.9}},{"type":"Feature","geometry":{"type":"Point","coordinates":[19.509332,51.735362]},"properties":{"lines":"55A, F1, N6","color":"#0059a9","mode":"bus","arr":["55A","F1","N6"],"angle":13.8,"side":-1}},{"type":"Feature","geometry":{"type":"Point","coordinates":[19.506709,51.736256]},"properties":{"lines":"55A, N6","color":"#0059a9","mode":"bus","arr":["55A","N6"],"angle":-8.4}},{"type":"Feature","geometry":{"type":"Point","coordinates":[19.499358,51.734393]},"properties":{"lines":"55A, 55B, 55C, N8","color":"#0059a9","mode":"bus","arr":["55A","55B","55C","N8"],"angle":89.8}},{"type":"Feature","geometry":{"type":"Point","coordinates":[19.43814,51.736542]},"properties":{"lines":"55A, 55B, 55C, 65A, 65B, 69A, 69B, 77, F1, H, N7A, N7B","color":"#0059a9","mode":"bus","arr":["55A","55B","55C","65A","65B","69A","69B","77","F1","H","N7A","N7B"],"angle":5.3}},{"type":"Feature","geometry":{"type":"Point","coordinates":[19.440522,51.736517]},"properties":{"lines":"55A, 55B, 55C, 65A, 65B, 69A, 69B, 77, F1, H, N7A, N7B","color":"#0059a9","mode":"bus","arr":["55A","55B","55C","65A","65B","69A","69B","77","F1","H","N7A","N7B"],"angle":-1.7,"extra":1,"ei":0}},{"type":"Feature","geometry":{"type":"Point","coordinates":[19.434446,51.736805]},"properties":{"lines":"55A, 55B, 55C, 65A, 65B, 69A, 69B, 77, F1, H, N7A, N7B","color":"#0059a9","mode":"bus","arr":["55A","55B","55C","65A","65B","69A","69B","77","F1","H","N7A","N7B"],"angle":12.7,"extra":1,"ei":1}},{"type":"Feature","geometry":{"type":"Point","coordinates":[19.421834,51.743275]},"properties":{"lines":"55A, 55B, 55C, 65A, 65B, 67","color":"#0059a9","mode":"bus","arr":["55A","55B","55C","65A","65B","67"],"angle":65.1,"side":-1}},{"type":"Feature","geometry":{"type":"Point","coordinates":[19.420404,51.745197]},"properties":{"lines":"55A, 55B, 55C, 65A, 65B, 67, 69A, 69B, N7A, N7B","color":"#0059a9","mode":"bus","arr":["55A","55B","55C","65A","65B","67","69A","69B","N7A","N7B"],"angle":71.3}},{"type":"Feature","geometry":{"type":"Point","coordinates":[19.420196,51.745564]},"properties":{"lines":"55A, 55B, 55C, 65A, 65B, 67, 69A, 69B, 86, N7A, N7B","color":"#0059a9","mode":"bus","arr":["55A","55B","55C","65A","65B","67","69A","69B","86","N7A","N7B"],"angle":69.1}},{"type":"Feature","geometry":{"type":"Point","coordinates":[19.510759,51.735745]},"properties":{"lines":"55B, 55C, 69A, 69B, 71A, 71B, 72A, 72B, 92A, 92B, N8, W","color":"#0059a9","mode":"bus","arr":["55B","55C","69A","69B","71A","71B","72A","72B","92A","92B","N8","W"],"angle":0.1}},{"type":"Feature","geometry":{"type":"Point","coordinates":[19.507793,51.73578]},"properties":{"lines":"55B, 55C, 69A, 69B, 71A, 71B, 72A, 72B, 92A, 92B, N8, W","color":"#0059a9","mode":"bus","arr":["55B","55C","69A","69B","71A","71B","72A","72B","92A","92B","N8","W"],"angle":4.7,"extra":1,"ei":0,"side":-1}},{"type":"Feature","geometry":{"type":"Point","coordinates":[19.513885,51.735614]},"properties":{"lines":"55B, 55C, 69A, 69B, 71A, 71B, 72A, 72B, 92A, 92B, N8, W","color":"#0059a9","mode":"bus","arr":["55B","55C","69A","69B","71A","71B","72A","72B","92A","92B","N8","W"],"angle":6.9,"extra":1,"ei":1,"side":-1}},{"type":"Feature","geometry":{"type":"Point","coordinates":[19.519871,51.735162]},"properties":{"lines":"55B, 69B, 71A, 71B, 72A, 72B, 92A, 92B, N8","color":"#0059a9","mode":"bus","arr":["55B","69B","71A","71B","72A","72B","92A","92B","N8"],"angle":7.4,"side":-1}},{"type":"Feature","geometry":{"type":"Point","coordinates":[19.516747,51.735399]},"properties":{"lines":"55B, 69B, 71A, 71B, 72A, 72B, 92A, 92B, N8","color":"#0059a9","mode":"bus","arr":["55B","69B","71A","71B","72A","72B","92A","92B","N8"],"angle":7,"extra":1,"ei":0,"side":-1}},{"type":"Feature","geometry":{"type":"Point","coordinates":[19.522803,51.734929]},"properties":{"lines":"55B, 69B, 71A, 71B, 72A, 72B, 92A, 92B, N8","color":"#0059a9","mode":"bus","arr":["55B","69B","71A","71B","72A","72B","92A","92B","N8"],"angle":6.5,"extra":1,"ei":1,"side":-1}},{"type":"Feature","geometry":{"type":"Point","coordinates":[19.523766,51.741402]},"properties":{"lines":"55B, 69A, 69B","color":"#0059a9","mode":"bus","arr":["55B","69A","69B"],"angle":80.3}},{"type":"Feature","geometry":{"type":"Point","coordinates":[19.522262,51.746753]},"properties":{"lines":"55B, 69A, 69B","color":"#0059a9","mode":"bus","arr":["55B","69A","69B"],"angle":79.3,"extra":1,"ei":0}},{"type":"Feature","geometry":{"type":"Point","coordinates":[19.52282,51.744896]},"properties":{"lines":"55B, 69A, 69B","color":"#0059a9","mode":"bus","arr":["55B","69A","69B"],"angle":80.3,"extra":1,"ei":1}},{"type":"Feature","geometry":{"type":"Point","coordinates":[19.523331,51.743034]},"properties":{"lines":"55B, 69A, 69B","color":"#0059a9","mode":"bus","arr":["55B","69A","69B"],"angle":80.8,"extra":1,"ei":2}},{"type":"Feature","geometry":{"type":"Point","coordinates":[19.524296,51.739305]},"properties":{"lines":"55B, 69A, 69B","color":"#0059a9","mode":"bus","arr":["55B","69A","69B"],"angle":86.2,"extra":1,"ei":3}},{"type":"Feature","geometry":{"type":"Point","coordinates":[19.524331,51.737417]},"properties":{"lines":"55B, 69A, 69B","color":"#0059a9","mode":"bus","arr":["55B","69A","69B"],"angle":89.5,"extra":1,"ei":4}},{"type":"Feature","geometry":{"type":"Point","coordinates":[19.524159,51.735552]},"properties":{"lines":"55B, 69A, 69B","color":"#0059a9","mode":"bus","arr":["55B","69A","69B"],"angle":-81.5,"extra":1,"ei":5}},{"type":"Feature","geometry":{"type":"Point","coordinates":[19.521659,51.747654]},"properties":{"lines":"55B, 64A","color":"#0059a9","mode":"bus","arr":["55B","64A"],"angle":-8.3}},{"type":"Feature","geometry":{"type":"Point","coordinates":[19.521293,51.748193]},"properties":{"lines":"55B, 64A","color":"#0059a9","mode":"bus","arr":["55B","64A"],"angle":84.6,"mi":1}},{"type":"Feature","geometry":{"type":"Point","coordinates":[19.520892,51.748879]},"properties":{"lines":"64A","color":"#0059a9","mode":"bus","arr":["64A"],"angle":-3.5,"side":-1,"mi":1}},{"type":"Feature","geometry":{"type":"Point","coordinates":[19.519671,51.735399]},"properties":{"lines":"55B, 55C, 69B, 71A, 71B, 72A, 72B, 92A, 92B, F1, N8","color":"#0059a9","mode":"bus","arr":["55B","55C","69B","71A","71B","72A","72B","92A","92B","F1","N8"],"angle":6.9}},{"type":"Feature","geometry":{"type":"Point","coordinates":[19.522552,51.735182]},"properties":{"lines":"55B, 55C, 69B, 71A, 71B, 72A, 72B, 92A, 92B, F1, N8","color":"#0059a9","mode":"bus","arr":["55B","55C","69B","71A","71B","72A","72B","92A","92B","F1","N8"],"angle":7.1,"extra":1,"ei":0}},{"type":"Feature","geometry":{"type":"Point","coordinates":[19.516492,51.73564]},"properties":{"lines":"55B, 55C, 69B, 71A, 71B, 72A, 72B, 92A, 92B, F1, N8","color":"#0059a9","mode":"bus","arr":["55B","55C","69B","71A","71B","72A","72B","92A","92B","F1","N8"],"angle":7,"extra":1,"ei":1}},{"type":"Feature","geometry":{"type":"Point","coordinates":[19.510661,51.736081]},"properties":{"lines":"55B, 55C, 69A, 69B, 71A, 71B, 72A, 72B, 92A, 92B, F1, N8, W","color":"#0059a9","mode":"bus","arr":["55B","55C","69A","69B","71A","71B","72A","72B","92A","92B","F1","N8","W"],"angle":6.8}},{"type":"Feature","geometry":{"type":"Point","coordinates":[19.51376,51.735846]},"properties":{"lines":"55B, 55C, 69A, 69B, 71A, 71B, 72A, 72B, 92A, 92B, F1, N8, W","color":"#0059a9","mode":"bus","arr":["55B","55C","69A","69B","71A","71B","72A","72B","92A","92B","F1","N8","W"],"angle":7.1,"extra":1,"ei":0}},{"type":"Feature","geometry":{"type":"Point","coordinates":[19.507687,51.736192]},"properties":{"lines":"55B, 55C, 69A, 69B, 71A, 71B, 72A, 72B, 92A, 92B, F1, N8, W","color":"#0059a9","mode":"bus","arr":["55B","55C","69A","69B","71A","71B","72A","72B","92A","92B","F1","N8","W"],"angle":0.2,"extra":1,"ei":1}},{"type":"Feature","geometry":{"type":"Point","coordinates":[19.520957,51.748086]},"properties":{"lines":"55B","color":"#0059a9","mode":"bus","arr":["55B"],"angle":60.7,"side":-1}},{"type":"Feature","geometry":{"type":"Point","coordinates":[19.512788,51.732998]},"properties":{"lines":"55C, 69A, W","color":"#0059a9","mode":"bus","arr":["55C","69A","W"],"angle":-82.1,"mi":3}},{"type":"Feature","geometry":{"type":"Point","coordinates":[19.51493,51.734613]},"properties":{"lines":"55C, 69A, W","color":"#0059a9","mode":"bus","arr":["55C","69A","W"],"angle":-29.3,"extra":1,"ei":0}},{"type":"Feature","geometry":{"type":"Point","coordinates":[19.512152,51.730139]},"properties":{"lines":"55C, 69A, W","color":"#0059a9","mode":"bus","arr":["55C","69A","W"],"angle":-82.1,"extra":1,"ei":1}},{"type":"Feature","geometry":{"type":"Point","coordinates":[19.518018,51.728823]},"properties":{"lines":"55C, 69A, W","color":"#0059a9","mode":"bus","arr":["55C","69A","W"],"angle":7.1}},{"type":"Feature","geometry":{"type":"Point","coordinates":[19.524063,51.732648]},"properties":{"lines":"55C, 69A, W","color":"#0059a9","mode":"bus","arr":["55C","69A","W"],"angle":89.2,"mi":2}},{"type":"Feature","geometry":{"type":"Point","coordinates":[19.524032,51.729644]},"properties":{"lines":"55C, 69A, W","color":"#0059a9","mode":"bus","arr":["55C","69A","W"],"angle":-88.4,"mi":1}},{"type":"Feature","geometry":{"type":"Point","coordinates":[19.513478,51.72919]},"properties":{"lines":"55C, 69A, W","color":"#0059a9","mode":"bus","arr":["55C","69A","W"],"angle":7.6,"extra":1,"ei":0}},{"type":"Feature","geometry":{"type":"Point","coordinates":[19.52258,51.728745]},"properties":{"lines":"55C, 69A, W","color":"#0059a9","mode":"bus","arr":["55C","69A","W"],"angle":-5.2,"extra":1,"ei":1}},{"type":"Feature","geometry":{"type":"Point","coordinates":[19.524088,51.731371]},"properties":{"lines":"55C, 69A, W","color":"#0059a9","mode":"bus","arr":["55C","69A","W"],"angle":-89.6,"extra":1,"ei":0}},{"type":"Feature","geometry":{"type":"Point","coordinates":[19.52413,51.73466]},"properties":{"lines":"69A, W","color":"#0059a9","mode":"bus","arr":["69A","W"],"angle":83.8,"side":-1}},{"type":"Feature","geometry":{"type":"Point","coordinates":[19.477011,51.691148]},"properties":{"lines":"56","color":"#0059a9","mode":"bus","arr":["56"],"angle":-50.3,"mi":1}},{"type":"Feature","geometry":{"type":"Point","coordinates":[19.475758,51.677187]},"properties":{"lines":"56","color":"#0059a9","mode":"bus","arr":["56"],"angle":-47,"mi":1}},{"type":"Feature","geometry":{"type":"Point","coordinates":[19.475932,51.67284]},"properties":{"lines":"56","color":"#0059a9","mode":"bus","arr":["56"],"angle":-54,"side":-1,"mi":4}},{"type":"Feature","geometry":{"type":"Point","coordinates":[19.480707,51.701067]},"properties":{"lines":"56","color":"#0059a9","mode":"bus","arr":["56"],"angle":-58.7,"side":-1,"mi":6}},{"type":"Feature","geometry":{"type":"Point","coordinates":[19.463252,51.726646]},"properties":{"lines":"56","color":"#0059a9","mode":"bus","arr":["56"],"angle":-58.9,"side":-1}},{"type":"Feature","geometry":{"type":"Point","coordinates":[19.485618,51.715689]},"properties":{"lines":"56, 62, 70, 71A, 71B, 75A, 75B, H, N3A","color":"#0059a9","mode":"bus","arr":["56","62","70","71A","71B","75A","75B","H","N3A"],"angle":74.8,"side":-1}},{"type":"Feature","geometry":{"type":"Point","coordinates":[19.48524,51.716914]},"properties":{"lines":"56, 62, 70, 71A, 71B, 75A, 75B, H, N3A","color":"#0059a9","mode":"bus","arr":["56","62","70","71A","71B","75A","75B","H","N3A"],"angle":80.2,"extra":1,"ei":0,"side":-1}},{"type":"Feature","geometry":{"type":"Point","coordinates":[19.48767,51.711539]},"properties":{"lines":"56, 62, 70, 71A, 71B, H, N3A","color":"#0059a9","mode":"bus","arr":["56","62","70","71A","71B","H","N3A"],"angle":73.3,"side":-1}},{"type":"Feature","geometry":{"type":"Point","coordinates":[19.487104,51.712691]},"properties":{"lines":"56, 62, 70, 71A, 71B, H, N3A","color":"#0059a9","mode":"bus","arr":["56","62","70","71A","71B","H","N3A"],"angle":74.4,"extra":1,"ei":0,"side":-1}},{"type":"Feature","geometry":{"type":"Point","coordinates":[19.487145,51.709178]},"properties":{"lines":"56, 93","color":"#0059a9","mode":"bus","arr":["56","93"],"angle":59.2,"side":-1,"mi":1}},{"type":"Feature","geometry":{"type":"Point","coordinates":[19.486469,51.70806]},"properties":{"lines":"56, 71A, 71B, 93, H","color":"#0059a9","mode":"bus","arr":["56","71A","71B","93","H"],"angle":-59.8}},{"type":"Feature","geometry":{"type":"Point","coordinates":[19.482475,51.703813]},"properties":{"lines":"56, 93, H","color":"#0059a9","mode":"bus","arr":["56","93","H"],"angle":-60.4}},{"type":"Feature","geometry":{"type":"Point","coordinates":[19.48495,51.706442]},"properties":{"lines":"56, 93, H","color":"#0059a9","mode":"bus","arr":["56","93","H"],"angle":-59.8,"extra":1,"ei":0}},{"type":"Feature","geometry":{"type":"Point","coordinates":[19.480396,51.701527]},"properties":{"lines":"56, 93, H","color":"#0059a9","mode":"bus","arr":["56","93","H"],"angle":-61.5,"extra":1,"ei":1}},{"type":"Feature","geometry":{"type":"Point","coordinates":[19.479024,51.698651]},"properties":{"lines":"56","color":"#0059a9","mode":"bus","arr":["56"],"angle":-79.5,"mi":4}},{"type":"Feature","geometry":{"type":"Point","coordinates":[19.47868,51.697489]},"properties":{"lines":"56","color":"#0059a9","mode":"bus","arr":["56"],"angle":-79.7,"extra":1,"ei":0}},{"type":"Feature","geometry":{"type":"Point","coordinates":[19.477957,51.693757]},"properties":{"lines":"56","color":"#0059a9","mode":"bus","arr":["56"],"angle":-82.3,"side":-1}},{"type":"Feature","geometry":{"type":"Point","coordinates":[19.476598,51.688202]},"properties":{"lines":"56","color":"#0059a9","mode":"bus","arr":["56"],"angle":-82.5,"mi":5}},{"type":"Feature","geometry":{"type":"Point","coordinates":[19.478308,51.696093]},"properties":{"lines":"56","color":"#0059a9","mode":"bus","arr":["56"],"angle":-82,"extra":1,"ei":0}},{"type":"Feature","geometry":{"type":"Point","coordinates":[19.477488,51.69235]},"properties":{"lines":"56","color":"#0059a9","mode":"bus","arr":["56"],"angle":-81.5,"extra":1,"ei":1}},{"type":"Feature","geometry":{"type":"Point","coordinates":[19.476896,51.689626]},"properties":{"lines":"56","color":"#0059a9","mode":"bus","arr":["56"],"angle":-82.8,"extra":1,"ei":0}},{"type":"Feature","geometry":{"type":"Point","coordinates":[19.476223,51.685874]},"properties":{"lines":"56","color":"#0059a9","mode":"bus","arr":["56"],"angle":-88.8,"extra":1,"ei":1}},{"type":"Feature","geometry":{"type":"Point","coordinates":[19.476686,51.690701]},"properties":{"lines":"56","color":"#0059a9","mode":"bus","arr":["56"],"angle":-82.8,"mi":2}},{"type":"Feature","geometry":{"type":"Point","coordinates":[19.476969,51.690458]},"properties":{"lines":"56","color":"#0059a9","mode":"bus","arr":["56"],"angle":-9.4,"mi":3}},{"type":"Feature","geometry":{"type":"Point","coordinates":[19.476104,51.677682]},"properties":{"lines":"56","color":"#0059a9","mode":"bus","arr":["56"],"angle":-87.1,"side":-1,"mi":3}},{"type":"Feature","geometry":{"type":"Point","coordinates":[19.47466,51.676537]},"properties":{"lines":"56","color":"#0059a9","mode":"bus","arr":["56"],"angle":-54.7}},{"type":"Feature","geometry":{"type":"Point","coordinates":[19.476748,51.673348]},"properties":{"lines":"56","color":"#0059a9","mode":"bus","arr":["56"],"angle":-43.9,"mi":2}},{"type":"Feature","geometry":{"type":"Point","coordinates":[19.476269,51.684891]},"properties":{"lines":"56","color":"#0059a9","mode":"bus","arr":["56"],"angle":87.6,"extra":1,"ei":0}},{"type":"Feature","geometry":{"type":"Point","coordinates":[19.476348,51.683004]},"properties":{"lines":"56","color":"#0059a9","mode":"bus","arr":["56"],"angle":-88,"extra":1,"ei":1}},{"type":"Feature","geometry":{"type":"Point","coordinates":[19.476205,51.681117]},"properties":{"lines":"56","color":"#0059a9","mode":"bus","arr":["56"],"angle":-87.3,"extra":1,"ei":2}},{"type":"Feature","geometry":{"type":"Point","coordinates":[19.476066,51.679231]},"properties":{"lines":"56","color":"#0059a9","mode":"bus","arr":["56"],"angle":-86.6,"extra":1,"ei":3}},{"type":"Feature","geometry":{"type":"Point","coordinates":[19.475898,51.675475]},"properties":{"lines":"56","color":"#0059a9","mode":"bus","arr":["56"],"angle":-86.7,"extra":1,"ei":0}},{"type":"Feature","geometry":{"type":"Point","coordinates":[19.482109,51.675321]},"properties":{"lines":"56","color":"#0059a9","mode":"bus","arr":["56"],"angle":66.9,"mi":5}},{"type":"Feature","geometry":{"type":"Point","coordinates":[19.477306,51.682449]},"properties":{"lines":"56","color":"#0059a9","mode":"bus","arr":["56"],"angle":67.8,"extra":1,"ei":0}},{"type":"Feature","geometry":{"type":"Point","coordinates":[19.478475,51.680704]},"properties":{"lines":"56","color":"#0059a9","mode":"bus","arr":["56"],"angle":67.7,"extra":1,"ei":1}},{"type":"Feature","geometry":{"type":"Point","coordinates":[19.479654,51.678962]},"properties":{"lines":"56","color":"#0059a9","mode":"bus","arr":["56"],"angle":67.5,"extra":1,"ei":2}},{"type":"Feature","geometry":{"type":"Point","coordinates":[19.480822,51.677218]},"properties":{"lines":"56","color":"#0059a9","mode":"bus","arr":["56"],"angle":67.6,"extra":1,"ei":3}},{"type":"Feature","geometry":{"type":"Point","coordinates":[19.483179,51.673733]},"properties":{"lines":"56","color":"#0059a9","mode":"bus","arr":["56"],"angle":67.5,"extra":1,"ei":4}},{"type":"Feature","geometry":{"type":"Point","coordinates":[19.484349,51.671989]},"properties":{"lines":"56","color":"#0059a9","mode":"bus","arr":["56"],"angle":67.6,"extra":1,"ei":5}},{"type":"Feature","geometry":{"type":"Point","coordinates":[19.485497,51.670239]},"properties":{"lines":"56","color":"#0059a9","mode":"bus","arr":["56"],"angle":67.9,"extra":1,"ei":6}},{"type":"Feature","geometry":{"type":"Point","coordinates":[19.486641,51.668488]},"properties":{"lines":"56","color":"#0059a9","mode":"bus","arr":["56"],"angle":68,"extra":1,"ei":7}},{"type":"Feature","geometry":{"type":"Point","coordinates":[19.482652,51.703677]},"properties":{"lines":"56, 93","color":"#0059a9","mode":"bus","arr":["56","93"],"angle":-60.4,"side":-1}},{"type":"Feature","geometry":{"type":"Point","coordinates":[19.480009,51.700561]},"properties":{"lines":"56, 93","color":"#0059a9","mode":"bus","arr":["56","93"],"angle":-73.8,"extra":1,"ei":0}},{"type":"Feature","geometry":{"type":"Point","coordinates":[19.48135,51.702253]},"properties":{"lines":"56, 93","color":"#0059a9","mode":"bus","arr":["56","93"],"angle":-61,"extra":1,"ei":1,"side":-1}},{"type":"Feature","geometry":{"type":"Point","coordinates":[19.484386,51.705529]},"properties":{"lines":"56, 93","color":"#0059a9","mode":"bus","arr":["56","93"],"angle":-58.3,"extra":1,"ei":2,"side":-1}},{"type":"Feature","geometry":{"type":"Point","coordinates":[19.486019,51.707125]},"properties":{"lines":"56, 93","color":"#0059a9","mode":"bus","arr":["56","93"],"angle":-57.8,"extra":1,"ei":3,"side":-1}},{"type":"Feature","geometry":{"type":"Point","coordinates":[19.487296,51.708381]},"properties":{"lines":"56, 71A, 71B, 93","color":"#0059a9","mode":"bus","arr":["56","71A","71B","93"],"angle":-58,"side":-1}},{"type":"Feature","geometry":{"type":"Point","coordinates":[19.488001,51.711536]},"properties":{"lines":"56, 62, 70, 71A, 71B, N3A","color":"#0059a9","mode":"bus","arr":["56","62","70","71A","71B","N3A"],"angle":72.4}},{"type":"Feature","geometry":{"type":"Point","coordinates":[19.488379,51.710345]},"properties":{"lines":"56, 62, 70, 71A, 71B, N3A","color":"#0059a9","mode":"bus","arr":["56","62","70","71A","71B","N3A"],"angle":-89.2,"extra":1,"ei":0,"side":-1}},{"type":"Feature","geometry":{"type":"Point","coordinates":[19.485879,51.715687]},"properties":{"lines":"56, 62, 70, 71A, 71B, 75A, 75B, N3A","color":"#0059a9","mode":"bus","arr":["56","62","70","71A","71B","75A","75B","N3A"],"angle":74.3}},{"type":"Feature","geometry":{"type":"Point","coordinates":[19.486485,51.714499]},"properties":{"lines":"56, 62, 70, 71A, 71B, 75A, 75B, N3A","color":"#0059a9","mode":"bus","arr":["56","62","70","71A","71B","75A","75B","N3A"],"angle":72.5,"extra":1,"ei":0}},{"type":"Feature","geometry":{"type":"Point","coordinates":[19.464349,51.726656]},"properties":{"lines":"57","color":"#0059a9","mode":"bus","arr":["57"],"angle":49.1,"side":-1}},{"type":"Feature","geometry":{"type":"Point","coordinates":[19.458596,51.738517]},"properties":{"lines":"57","color":"#0059a9","mode":"bus","arr":["57"],"angle":82.5}},{"type":"Feature","geometry":{"type":"Point","coordinates":[19.45887,51.73731]},"properties":{"lines":"57","color":"#0059a9","mode":"bus","arr":["57"],"angle":81.6,"extra":1,"ei":0}},{"type":"Feature","geometry":{"type":"Point","coordinates":[19.456744,51.746983]},"properties":{"lines":"57, N4A, N4B, N5A, N5B","color":"#0059a9","mode":"bus","arr":["57","N4A","N4B","N5A","N5B"],"angle":81.9}},{"type":"Feature","geometry":{"type":"Point","coordinates":[19.457029,51.745718]},"properties":{"lines":"57, N4A, N4B, N5A, N5B","color":"#0059a9","mode":"bus","arr":["57","N4A","N4B","N5A","N5B"],"angle":82.1,"extra":1,"ei":0}},{"type":"Feature","geometry":{"type":"Point","coordinates":[19.457681,51.742751]},"properties":{"lines":"57, 72A, 72B, N4A, N4B, N5A, N5B","color":"#0059a9","mode":"bus","arr":["57","72A","72B","N4A","N4B","N5A","N5B"],"angle":82.4}},{"type":"Feature","geometry":{"type":"Point","coordinates":[19.455909,51.750784]},"properties":{"lines":"57, 72A, 72B, N4A, N4B, N5A, N5B","color":"#0059a9","mode":"bus","arr":["57","72A","72B","N4A","N4B","N5A","N5B"],"angle":82.3,"mi":1}},{"type":"Feature","geometry":{"type":"Point","coordinates":[19.455646,51.751992]},"properties":{"lines":"57, 72A, 72B, N4A, N4B, N5A, N5B","color":"#0059a9","mode":"bus","arr":["57","72A","72B","N4A","N4B","N5A","N5B"],"angle":81.9,"extra":1,"ei":0}},{"type":"Feature","geometry":{"type":"Point","coordinates":[19.464025,51.754735]},"properties":{"lines":"57, 77, 101, N3A, N3B","color":"#0059a9","mode":"bus","arr":["57","77","101","N3A","N3B"],"angle":82.4}},{"type":"Feature","geometry":{"type":"Point","coordinates":[19.46376,51.755954]},"properties":{"lines":"57, 77, 101, N3A, N3B","color":"#0059a9","mode":"bus","arr":["57","77","101","N3A","N3B"],"angle":82.7,"extra":1,"ei":0}},{"type":"Feature","geometry":{"type":"Point","coordinates":[19.463282,51.757942]},"properties":{"lines":"57, 101, N3A, N3B","color":"#0059a9","mode":"bus","arr":["57","101","N3A","N3B"],"angle":80.8}},{"type":"Feature","geometry":{"type":"Point","coordinates":[19.462979,51.759122]},"properties":{"lines":"57, 101, N3A, N3B","color":"#0059a9","mode":"bus","arr":["57","101","N3A","N3B"],"angle":81.5,"extra":1,"ei":0}},{"type":"Feature","geometry":{"type":"Point","coordinates":[19.462261,51.762735]},"properties":{"lines":"57, 67, 101, N3A, N3B","color":"#0059a9","mode":"bus","arr":["57","67","101","N3A","N3B"],"angle":82.6}},{"type":"Feature","geometry":{"type":"Point","coordinates":[19.462759,51.7605]},"properties":{"lines":"57, 67, 101, N3A, N3B","color":"#0059a9","mode":"bus","arr":["57","67","101","N3A","N3B"],"angle":81.9,"extra":1,"ei":0}},{"type":"Feature","geometry":{"type":"Point","coordinates":[19.46193,51.764241]},"properties":{"lines":"57, 67, 101, N3A, N3B","color":"#0059a9","mode":"bus","arr":["57","67","101","N3A","N3B"],"angle":82.5,"extra":1,"ei":1}},{"type":"Feature","geometry":{"type":"Point","coordinates":[19.46124,51.767493]},"properties":{"lines":"57, 67, N8","color":"#0059a9","mode":"bus","arr":["57","67","N8"],"angle":82.3,"mi":1}},{"type":"Feature","geometry":{"type":"Point","coordinates":[19.460975,51.76871]},"properties":{"lines":"57, 67, N8","color":"#0059a9","mode":"bus","arr":["57","67","N8"],"angle":82.4,"extra":1,"ei":0}},{"type":"Feature","geometry":{"type":"Point","coordinates":[19.462674,51.769017]},"properties":{"lines":"57, 67, N8","color":"#0059a9","mode":"bus","arr":["57","67","N8"],"angle":3.4}},{"type":"Feature","geometry":{"type":"Point","coordinates":[19.464349,51.769176]},"properties":{"lines":"57, 67, 77, 101, N8","color":"#0059a9","mode":"bus","arr":["57","67","77","101","N8"],"angle":72.3,"side":-1}},{"type":"Feature","geometry":{"type":"Point","coordinates":[19.469535,51.772153]},"properties":{"lines":"57, 85B","color":"#0059a9","mode":"bus","arr":["57","85B"],"angle":79.8}},{"type":"Feature","geometry":{"type":"Point","coordinates":[19.469206,51.77285]},"properties":{"lines":"57, 85A, 85B, 96","color":"#0059a9","mode":"bus","arr":["57","85A","85B","96"],"angle":77.4}},{"type":"Feature","geometry":{"type":"Point","coordinates":[19.469289,51.774888]},"properties":{"lines":"57, 85A, 85B, 96, N4A, N4B, Z13","color":"#0059a9","mode":"bus","arr":["57","85A","85B","96","N4A","N4B","Z13"],"angle":85.6}},{"type":"Feature","geometry":{"type":"Point","coordinates":[19.468929,51.776967]},"properties":{"lines":"57, 85A, 85B, N4A, N4B","color":"#0059a9","mode":"bus","arr":["57","85A","85B","N4A","N4B"],"angle":82.9}},{"type":"Feature","geometry":{"type":"Point","coordinates":[19.468484,51.779052]},"properties":{"lines":"57, 85A, 85B, 87A, 87B, N4A, N4B","color":"#0059a9","mode":"bus","arr":["57","85A","85B","87A","87B","N4A","N4B"],"angle":82.2}},{"type":"Feature","geometry":{"type":"Point","coordinates":[19.47259,51.780487]},"properties":{"lines":"57, 85A, 85B, 87A, 87B, N4A, N4B","color":"#0059a9","mode":"bus","arr":["57","85A","85B","87A","87B","N4A","N4B"],"angle":-8.1,"mi":1}},{"type":"Feature","geometry":{"type":"Point","coordinates":[19.469761,51.780239]},"properties":{"lines":"57, 85A, 85B, 87A, 87B, N4A, N4B","color":"#0059a9","mode":"bus","arr":["57","85A","85B","87A","87B","N4A","N4B"],"angle":-7.9,"extra":1,"ei":0}},{"type":"Feature","geometry":{"type":"Point","coordinates":[19.475804,51.780774]},"properties":{"lines":"57, 85A, 85B, 87A, 87B, N4A, N4B","color":"#0059a9","mode":"bus","arr":["57","85A","85B","87A","87B","N4A","N4B"],"angle":-8.2,"extra":1,"ei":1}},{"type":"Feature","geometry":{"type":"Point","coordinates":[19.476888,51.781063]},"properties":{"lines":"57, 85A, 85B","color":"#0059a9","mode":"bus","arr":["57","85A","85B"],"angle":88.3}},{"type":"Feature","geometry":{"type":"Point","coordinates":[19.471163,51.783239]},"properties":{"lines":"57, 85A, 85B","color":"#0059a9","mode":"bus","arr":["57","85A","85B"],"angle":30,"mi":1}},{"type":"Feature","geometry":{"type":"Point","coordinates":[19.475561,51.781689]},"properties":{"lines":"57, 85A, 85B","color":"#0059a9","mode":"bus","arr":["57","85A","85B"],"angle":28.1,"extra":1,"ei":0}},{"type":"Feature","geometry":{"type":"Point","coordinates":[19.472902,51.782616]},"properties":{"lines":"57, 85A, 85B","color":"#0059a9","mode":"bus","arr":["57","85A","85B"],"angle":30,"extra":1,"ei":1}},{"type":"Feature","geometry":{"type":"Point","coordinates":[19.467641,51.784528]},"properties":{"lines":"57, 85A, 85B","color":"#0059a9","mode":"bus","arr":["57","85A","85B"],"angle":55.4,"extra":1,"ei":2}},{"type":"Feature","geometry":{"type":"Point","coordinates":[19.473427,51.787522]},"properties":{"lines":"57, Z6","color":"#0059a9","mode":"bus","arr":["57","Z6"],"angle":-22.8,"side":-1}},{"type":"Feature","geometry":{"type":"Point","coordinates":[19.477707,51.788665]},"properties":{"lines":"57, Z6","color":"#0059a9","mode":"bus","arr":["57","Z6"],"angle":-22.3,"extra":1,"ei":0,"side":-1}},{"type":"Feature","geometry":{"type":"Point","coordinates":[19.46923,51.786539]},"properties":{"lines":"57, Z6","color":"#0059a9","mode":"bus","arr":["57","Z6"],"angle":-23.6,"extra":1,"ei":1,"side":-1}},{"type":"Feature","geometry":{"type":"Point","coordinates":[19.478848,51.789841]},"properties":{"lines":"57, 64A, 64B, 70, 81A, 81B","color":"#0059a9","mode":"bus","arr":["57","64A","64B","70","81A","81B"],"angle":79.4}},{"type":"Feature","geometry":{"type":"Point","coordinates":[19.478269,51.791804]},"properties":{"lines":"57, 70, 81A, 81B, N6","color":"#0059a9","mode":"bus","arr":["57","70","81A","81B","N6"],"angle":-31.9,"mi":2}},{"type":"Feature","geometry":{"type":"Point","coordinates":[19.477736,51.793833]},"properties":{"lines":"57, 70, 81A, 81B, N6","color":"#0059a9","mode":"bus","arr":["57","70","81A","81B","N6"],"angle":79.5,"extra":1,"ei":0}},{"type":"Feature","geometry":{"type":"Point","coordinates":[19.476929,51.797441]},"properties":{"lines":"57, 70, 81A, 81B, N6","color":"#0059a9","mode":"bus","arr":["57","70","81A","81B","N6"],"angle":-85.6,"side":-1}},{"type":"Feature","geometry":{"type":"Point","coordinates":[19.476725,51.795595]},"properties":{"lines":"57, 70, 81A, 81B, N6","color":"#0059a9","mode":"bus","arr":["57","70","81A","81B","N6"],"angle":85.4,"extra":1,"ei":0}},{"type":"Feature","geometry":{"type":"Point","coordinates":[19.477187,51.79936]},"properties":{"lines":"57, 70, 81A, 81B, N6","color":"#0059a9","mode":"bus","arr":["57","70","81A","81B","N6"],"angle":-87.9,"extra":1,"ei":1,"side":-1}},{"type":"Feature","geometry":{"type":"Point","coordinates":[19.471519,51.800467]},"properties":{"lines":"57, 70, 81A, 81B, N6","color":"#0059a9","mode":"bus","arr":["57","70","81A","81B","N6"],"angle":3.4,"mi":1}},{"type":"Feature","geometry":{"type":"Point","coordinates":[19.475651,51.800289]},"properties":{"lines":"57, 70, 81A, 81B, N6","color":"#0059a9","mode":"bus","arr":["57","70","81A","81B","N6"],"angle":4,"extra":1,"ei":0}},{"type":"Feature","geometry":{"type":"Point","coordinates":[19.469561,51.800554]},"properties":{"lines":"57, 70, 81A, 81B, N6","color":"#0059a9","mode":"bus","arr":["57","70","81A","81B","N6"],"angle":4.3,"extra":1,"ei":1}},{"type":"Feature","geometry":{"type":"Point","coordinates":[19.466517,51.800688]},"properties":{"lines":"57, 70, 81A, 81B, N6","color":"#0059a9","mode":"bus","arr":["57","70","81A","81B","N6"],"angle":3.9,"extra":1,"ei":2}},{"type":"Feature","geometry":{"type":"Point","coordinates":[19.473462,51.800225]},"properties":{"lines":"57, 70, 81A, 81B, N6","color":"#0059a9","mode":"bus","arr":["57","70","81A","81B","N6"],"angle":4.3,"extra":1,"ei":0,"side":-1}},{"type":"Feature","geometry":{"type":"Point","coordinates":[19.46547,51.796772]},"properties":{"lines":"57, N6","color":"#0059a9","mode":"bus","arr":["57","N6"],"angle":-87,"mi":1}},{"type":"Feature","geometry":{"type":"Point","coordinates":[19.465773,51.799614]},"properties":{"lines":"57, N6","color":"#0059a9","mode":"bus","arr":["57","N6"],"angle":-85.8,"extra":1,"ei":0}},{"type":"Feature","geometry":{"type":"Point","coordinates":[19.465463,51.793955]},"properties":{"lines":"57, N6","color":"#0059a9","mode":"bus","arr":["57","N6"],"angle":89.5,"extra":1,"ei":1}},{"type":"Feature","geometry":{"type":"Point","coordinates":[19.465979,51.793263]},"properties":{"lines":"57, N6","color":"#0059a9","mode":"bus","arr":["57","N6"],"angle":-12.7,"side":-1}},{"type":"Feature","geometry":{"type":"Point","coordinates":[19.472151,51.770065]},"properties":{"lines":"58A, 58B, 88A, 88B, 88C, 88D, 101","color":"#0059a9","mode":"bus","arr":["58A","58B","88A","88B","88C","88D","101"],"angle":4.8}},{"type":"Feature","geometry":{"type":"Point","coordinates":[19.472839,51.770431]},"properties":{"lines":"58A, 58B, 88A, 88B, 88C, 88D","color":"#0059a9","mode":"bus","arr":["58A","58B","88A","88B","88C","88D"],"angle":71,"mi":1}},{"type":"Feature","geometry":{"type":"Point","coordinates":[19.472814,51.771853]},"properties":{"lines":"58A, 58B, 88A, 88B, 88C, 88D","color":"#0059a9","mode":"bus","arr":["58A","58B","88A","88B","88C","88D"],"angle":-68,"side":-1}},{"type":"Feature","geometry":{"type":"Point","coordinates":[19.497284,51.774745]},"properties":{"lines":"58A, 58B, N7A, N7B","color":"#0059a9","mode":"bus","arr":["58A","58B","N7A","N7B"],"angle":-29}},{"type":"Feature","geometry":{"type":"Point","coordinates":[19.498836,51.772862]},"properties":{"lines":"58A, 58B","color":"#0059a9","mode":"bus","arr":["58A","58B"],"angle":81.9,"mi":1}},{"type":"Feature","geometry":{"type":"Point","coordinates":[19.502175,51.771144]},"properties":{"lines":"58A, 58B","color":"#0059a9","mode":"bus","arr":["58A","58B"],"angle":-7.9}},{"type":"Feature","geometry":{"type":"Point","coordinates":[19.508172,51.773065]},"properties":{"lines":"58A","color":"#0059a9","mode":"bus","arr":["58A"],"angle":80,"mi":1}},{"type":"Feature","geometry":{"type":"Point","coordinates":[19.5082,51.774256]},"properties":{"lines":"58A","color":"#0059a9","mode":"bus","arr":["58A"],"angle":80.9}},{"type":"Feature","geometry":{"type":"Point","coordinates":[19.507829,51.775597]},"properties":{"lines":"58A","color":"#0059a9","mode":"bus","arr":["58A"],"angle":-58.5,"extra":1,"ei":0}},{"type":"Feature","geometry":{"type":"Point","coordinates":[19.508176,51.777173]},"properties":{"lines":"58A","color":"#0059a9","mode":"bus","arr":["58A"],"angle":31.3,"mi":2}},{"type":"Feature","geometry":{"type":"Point","coordinates":[19.522242,51.776563]},"properties":{"lines":"58A, 58B, 64A, 64B","color":"#0059a9","mode":"bus","arr":["58A","58B","64A","64B"],"angle":-78,"mi":1}},{"type":"Feature","geometry":{"type":"Point","coordinates":[19.522178,51.778462]},"properties":{"lines":"58A, 58B, 64A, 64B","color":"#0059a9","mode":"bus","arr":["58A","58B","64A","64B"],"angle":30.1}},{"type":"Feature","geometry":{"type":"Point","coordinates":[19.522002,51.780939]},"properties":{"lines":"58A, 58B, 64A, 64B","color":"#0059a9","mode":"bus","arr":["58A","58B","64A","64B"],"angle":-83.8,"mi":2}},{"type":"Feature","geometry":{"type":"Point","coordinates":[19.521769,51.779626]},"properties":{"lines":"58A, 58B, 64A, 64B","color":"#0059a9","mode":"bus","arr":["58A","58B","64A","64B"],"angle":-83.9,"extra":1,"ei":0}},{"type":"Feature","geometry":{"type":"Point","coordinates":[19.526383,51.780689]},"properties":{"lines":"58A, 58B, N4A, N4B","color":"#0059a9","mode":"bus","arr":["58A","58B","N4A","N4B"],"angle":72.7,"mi":4}},{"type":"Feature","geometry":{"type":"Point","coordinates":[19.52705,51.779455]},"properties":{"lines":"58A, 58B, N4A, N4B","color":"#0059a9","mode":"bus","arr":["58A","58B","N4A","N4B"],"angle":71.1,"extra":1,"ei":0}},{"type":"Feature","geometry":{"type":"Point","coordinates":[19.527286,51.776587]},"properties":{"lines":"58A, 58B, N4A, N4B","color":"#0059a9","mode":"bus","arr":["58A","58B","N4A","N4B"],"angle":-78.4,"mi":2}},{"type":"Feature","geometry":{"type":"Point","coordinates":[19.526875,51.775342]},"properties":{"lines":"58A, 58B, N4A, N4B","color":"#0059a9","mode":"bus","arr":["58A","58B","N4A","N4B"],"angle":-78.5,"extra":1,"ei":0}},{"type":"Feature","geometry":{"type":"Point","coordinates":[19.572855,51.76473]},"properties":{"lines":"58A, 58B","color":"#0059a9","mode":"bus","arr":["58A","58B"],"angle":80.2,"mi":2}},{"type":"Feature","geometry":{"type":"Point","coordinates":[19.573785,51.760183]},"properties":{"lines":"58A, 58B","color":"#0059a9","mode":"bus","arr":["58A","58B"],"angle":73.8,"extra":1,"ei":0}},{"type":"Feature","geometry":{"type":"Point","coordinates":[19.573247,51.76203]},"properties":{"lines":"58A, 58B","color":"#0059a9","mode":"bus","arr":["58A","58B"],"angle":87,"extra":1,"ei":1}},{"type":"Feature","geometry":{"type":"Point","coordinates":[19.57202,51.767637]},"properties":{"lines":"58A, 58B","color":"#0059a9","mode":"bus","arr":["58A","58B"],"angle":79.2,"extra":1,"ei":2}},{"type":"Feature","geometry":{"type":"Point","coordinates":[19.571525,51.7695]},"properties":{"lines":"58A, 58B","color":"#0059a9","mode":"bus","arr":["58A","58B"],"angle":79.7,"extra":1,"ei":3}},{"type":"Feature","geometry":{"type":"Point","coordinates":[19.575265,51.759059]},"properties":{"lines":"58A, 58B","color":"#0059a9","mode":"bus","arr":["58A","58B"],"angle":17.5}},{"type":"Feature","geometry":{"type":"Point","coordinates":[19.578121,51.75603]},"properties":{"lines":"58A, 58B","color":"#0059a9","mode":"bus","arr":["58A","58B"],"angle":66.3,"mi":1}},{"type":"Feature","geometry":{"type":"Point","coordinates":[19.576948,51.757979]},"properties":{"lines":"58A, 58B","color":"#0059a9","mode":"bus","arr":["58A","58B"],"angle":66.2,"extra":1,"ei":0}},{"type":"Feature","geometry":{"type":"Point","coordinates":[19.579195,51.754486]},"properties":{"lines":"58A, 58B","color":"#0059a9","mode":"bus","arr":["58A","58B"],"angle":66.4,"extra":1,"ei":1}},{"type":"Feature","geometry":{"type":"Point","coordinates":[19.578586,51.753048]},"properties":{"lines":"58A, 58B, 72B, 90, 91A, 91B, 91C, 201, 202, N5B","color":"#0059a9","mode":"bus","arr":["58A","58B","72B","90","91A","91B","91C","201","202","N5B"],"angle":16.6,"side":-1}},{"type":"Feature","geometry":{"type":"Point","coordinates":[19.576475,51.753435]},"properties":{"lines":"58A, 58B, 72B, 90, 91A, 91B, 91C, 201, 202, N5B","color":"#0059a9","mode":"bus","arr":["58A","58B","72B","90","91A","91B","91C","201","202","N5B"],"angle":16.1,"extra":1,"ei":0,"side":-1}},{"type":"Feature","geometry":{"type":"Point","coordinates":[19.580805,51.75289]},"properties":{"lines":"58A, 58B, 72B, 90, 91A, 91B, 91C, 201, 202, N5B","color":"#0059a9","mode":"bus","arr":["58A","58B","72B","90","91A","91B","91C","201","202","N5B"],"angle":16.5,"extra":1,"ei":0}},{"type":"Feature","geometry":{"type":"Point","coordinates":[19.574698,51.753077]},"properties":{"lines":"58A, 58B, 72B, 90, 91A, 91B, 91C, N5A, N5B","color":"#0059a9","mode":"bus","arr":["58A","58B","72B","90","91A","91B","91C","N5A","N5B"],"angle":-68.9}},{"type":"Feature","geometry":{"type":"Point","coordinates":[19.574441,51.752144]},"properties":{"lines":"58A, 58B, 72A, 72B, 80A, 80B, 90, 91A, 91B, 91C, 96, N1A, N1B, N5A","color":"#0059a9","mode":"bus","arr":["58A","58B","72A","72B","80A","80B","90","91A","91B","91C","96","N1A","N1B","N5A"],"angle":-75.5}},{"type":"Feature","geometry":{"type":"Point","coordinates":[19.586059,51.751927]},"properties":{"lines":"72B, 90, 91A, 91B, 91C, 201, 202, N5B","color":"#0059a9","mode":"bus","arr":["72B","90","91A","91B","91C","201","202","N5B"],"angle":16.6}},{"type":"Feature","geometry":{"type":"Point","coordinates":[19.583733,51.752354]},"properties":{"lines":"72B, 90, 91A, 91B, 91C, 201, 202, N5B","color":"#0059a9","mode":"bus","arr":["72B","90","91A","91B","91C","201","202","N5B"],"angle":16.4,"extra":1,"ei":0}},{"type":"Feature","geometry":{"type":"Point","coordinates":[19.589593,51.751297]},"properties":{"lines":"72B, 90, 91A, 91B, 91C, 201, 202, N5B","color":"#0059a9","mode":"bus","arr":["72B","90","91A","91B","91C","201","202","N5B"],"angle":15.2,"extra":1,"ei":1}},{"type":"Feature","geometry":{"type":"Point","coordinates":[19.533741,51.776123]},"properties":{"lines":"58A, 58B, N4A, N4B","color":"#0059a9","mode":"bus","arr":["58A","58B","N4A","N4B"],"angle":40.7,"mi":3}},{"type":"Feature","geometry":{"type":"Point","coordinates":[19.532203,51.776971]},"properties":{"lines":"58A, 58B, N4A, N4B","color":"#0059a9","mode":"bus","arr":["58A","58B","N4A","N4B"],"angle":44.9,"extra":1,"ei":0}},{"type":"Feature","geometry":{"type":"Point","coordinates":[19.531315,51.7769]},"properties":{"lines":"58A, 58B, N4A, N4B","color":"#0059a9","mode":"bus","arr":["58A","58B","N4A","N4B"],"angle":-38.1,"mi":1}},{"type":"Feature","geometry":{"type":"Point","coordinates":[19.529357,51.777696]},"properties":{"lines":"58A, 58B, N4A, N4B","color":"#0059a9","mode":"bus","arr":["58A","58B","N4A","N4B"],"angle":52.7}},{"type":"Feature","geometry":{"type":"Point","coordinates":[19.482624,51.773937]},"properties":{"lines":"58A, 58B, 60A, 60B, 60C, 60D, 70, 96, N7A, N7B, Z13","color":"#0059a9","mode":"bus","arr":["58A","58B","60A","60B","60C","60D","70","96","N7A","N7B","Z13"],"angle":84.4}},{"type":"Feature","geometry":{"type":"Point","coordinates":[19.478815,51.774693]},"properties":{"lines":"58A, 58B, 96, N7A, N7B, Z13","color":"#0059a9","mode":"bus","arr":["58A","58B","96","N7A","N7B","Z13"],"angle":-7.7}},{"type":"Feature","geometry":{"type":"Point","coordinates":[19.469263,51.770161]},"properties":{"lines":"58A, 58B, 77, 88A, 88B, 88C, 88D, 101","color":"#0059a9","mode":"bus","arr":["58A","58B","77","88A","88B","88C","88D","101"],"angle":4.5}},{"type":"Feature","geometry":{"type":"Point","coordinates":[19.446576,51.773962]},"properties":{"lines":"N3A, N3B","color":"#0059a9","mode":"bus","arr":["N3A","N3B"],"angle":-8.7,"mi":1}},{"type":"Feature","geometry":{"type":"Point","coordinates":[19.450265,51.774288]},"properties":{"lines":"59, 86, N1A, N1B, N2, N4A, N4B, N5A, N5B, N6, N7A, N7B, N8, Z13","color":"#0059a9","mode":"bus","arr":["59","86","N1A","N1B","N2","N4A","N4B","N5A","N5B","N6","N7A","N7B","N8","Z13"],"angle":-7.7}},{"type":"Feature","geometry":{"type":"Point","coordinates":[19.453942,51.774612]},"properties":{"lines":"86, 87A, 87B, 96, 100, N4A, N4B, N7A, N7B, N8, Z13","color":"#0059a9","mode":"bus","arr":["86","87A","87B","96","100","N4A","N4B","N7A","N7B","N8","Z13"],"angle":-7.7}},{"type":"Feature","geometry":{"type":"Point","coordinates":[19.435027,51.814325]},"properties":{"lines":"59","color":"#0059a9","mode":"bus","arr":["59"],"angle":-47.3,"side":-1,"mi":1}},{"type":"Feature","geometry":{"type":"Point","coordinates":[19.441591,51.816711]},"properties":{"lines":"59, N2","color":"#0059a9","mode":"bus","arr":["59","N2"],"angle":-23.7,"side":-1}},{"type":"Feature","geometry":{"type":"Point","coordinates":[19.436342,51.815696]},"properties":{"lines":"59, N2","color":"#0059a9","mode":"bus","arr":["59","N2"],"angle":-10.8,"extra":1,"ei":0,"side":-1}},{"type":"Feature","geometry":{"type":"Point","coordinates":[19.439317,51.816109]},"properties":{"lines":"59, N2","color":"#0059a9","mode":"bus","arr":["59","N2"],"angle":-19.7,"extra":1,"ei":1,"side":-1}},{"type":"Feature","geometry":{"type":"Point","coordinates":[19.444917,51.817613]},"properties":{"lines":"59, N2","color":"#0059a9","mode":"bus","arr":["59","N2"],"angle":-23.4,"extra":1,"ei":2,"side":-1}},{"type":"Feature","geometry":{"type":"Point","coordinates":[19.447871,51.81803]},"properties":{"lines":"59, N2","color":"#0059a9","mode":"bus","arr":["59","N2"],"angle":-0.7,"extra":1,"ei":3,"side":-1}},{"type":"Feature","geometry":{"type":"Point","coordinates":[19.448486,51.818505]},"properties":{"lines":"59, 65A, 65B","color":"#0059a9","mode":"bus","arr":["59","65A","65B"],"angle":89.7}},{"type":"Feature","geometry":{"type":"Point","coordinates":[19.446545,51.823298]},"properties":{"lines":"59, 65A, 65B, 89","color":"#0059a9","mode":"bus","arr":["59","65A","65B","89"],"angle":40.4}},{"type":"Feature","geometry":{"type":"Point","coordinates":[19.440277,51.824812]},"properties":{"lines":"59, 65A, 65B, 89","color":"#0059a9","mode":"bus","arr":["59","65A","65B","89"],"angle":-22.9,"extra":1,"ei":0}},{"type":"Feature","geometry":{"type":"Point","coordinates":[19.443118,51.825117]},"properties":{"lines":"59, 65A, 65B, 89","color":"#0059a9","mode":"bus","arr":["59","65A","65B","89"],"angle":34.8,"extra":1,"ei":1}},{"type":"Feature","geometry":{"type":"Point","coordinates":[19.448845,51.820863]},"properties":{"lines":"59, 65A, 65B, 89","color":"#0059a9","mode":"bus","arr":["59","65A","65B","89"],"angle":72.5,"extra":1,"ei":2}},{"type":"Feature","geometry":{"type":"Point","coordinates":[19.448478,51.819009]},"properties":{"lines":"59, 65A, 65B, 89","color":"#0059a9","mode":"bus","arr":["59","65A","65B","89"],"angle":-81.2,"extra":1,"ei":3}},{"type":"Feature","geometry":{"type":"Point","coordinates":[19.438269,51.825159]},"properties":{"lines":"59, 65A, 65B, N2","color":"#0059a9","mode":"bus","arr":["59","65A","65B","N2"],"angle":58.1}},{"type":"Feature","geometry":{"type":"Point","coordinates":[19.44526,51.768665]},"properties":{"lines":"65A, 65B","color":"#0059a9","mode":"bus","arr":["65A","65B"],"angle":-7.4,"mi":1}},{"type":"Feature","geometry":{"type":"Point","coordinates":[19.446161,51.818024]},"properties":{"lines":"59, 89, N2","color":"#0059a9","mode":"bus","arr":["59","89","N2"],"angle":-13.1}},{"type":"Feature","geometry":{"type":"Point","coordinates":[19.434302,51.815937]},"properties":{"lines":"59","color":"#0059a9","mode":"bus","arr":["59"],"angle":-12,"side":-1}},{"type":"Feature","geometry":{"type":"Point","coordinates":[19.494844,51.763827]},"properties":{"lines":"60A, 60B, 60C, 60D","color":"#0059a9","mode":"bus","arr":["60A","60B","60C","60D"],"angle":4}},{"type":"Feature","geometry":{"type":"Point","coordinates":[19.497658,51.765065]},"properties":{"lines":"60A, 60B, 60C, 60D","color":"#0059a9","mode":"bus","arr":["60A","60B","60C","60D"],"angle":32.3,"mi":1}},{"type":"Feature","geometry":{"type":"Point","coordinates":[19.497183,51.763608]},"properties":{"lines":"60A, 60B, 60C, 60D","color":"#0059a9","mode":"bus","arr":["60A","60B","60C","60D"],"angle":-79.1,"extra":1,"ei":0}},{"type":"Feature","geometry":{"type":"Point","coordinates":[19.495006,51.764462]},"properties":{"lines":"60A, 60B, 60C, 60D","color":"#0059a9","mode":"bus","arr":["60A","60B","60C","60D"],"angle":-5.2,"extra":1,"ei":1}},{"type":"Feature","geometry":{"type":"Point","coordinates":[19.481984,51.775897]},"properties":{"lines":"60A, 60B, 60C, 60D, 70","color":"#0059a9","mode":"bus","arr":["60A","60B","60C","60D","70"],"angle":82.4,"side":-1}},{"type":"Feature","geometry":{"type":"Point","coordinates":[19.481842,51.777602]},"properties":{"lines":"60A, 60B, 60C, 60D, 70","color":"#0059a9","mode":"bus","arr":["60A","60B","60C","60D","70"],"angle":82.5,"extra":1,"ei":0}},{"type":"Feature","geometry":{"type":"Point","coordinates":[19.482356,51.774197]},"properties":{"lines":"60A, 60B, 60C, 60D, 70","color":"#0059a9","mode":"bus","arr":["60A","60B","60C","60D","70"],"angle":80.3,"extra":1,"ei":0,"side":-1}},{"type":"Feature","geometry":{"type":"Point","coordinates":[19.499129,51.806707]},"properties":{"lines":"60A, 60B, 60C, 60D","color":"#0059a9","mode":"bus","arr":["60A","60B","60C","60D"],"angle":-43.4}},{"type":"Feature","geometry":{"type":"Point","coordinates":[19.490606,51.801272]},"properties":{"lines":"60A, 60B, 60C, 60D","color":"#0059a9","mode":"bus","arr":["60A","60B","60C","60D"],"angle":-41,"extra":1,"ei":0,"side":-1}},{"type":"Feature","geometry":{"type":"Point","coordinates":[19.503405,51.813618]},"properties":{"lines":"60A, 60B, 60C, 60D","color":"#0059a9","mode":"bus","arr":["60A","60B","60C","60D"],"angle":-77.3,"extra":1,"ei":0}},{"type":"Feature","geometry":{"type":"Point","coordinates":[19.502731,51.811776]},"properties":{"lines":"60A, 60B, 60C, 60D","color":"#0059a9","mode":"bus","arr":["60A","60B","60C","60D"],"angle":-77.2,"extra":1,"ei":1}},{"type":"Feature","geometry":{"type":"Point","coordinates":[19.502052,51.809935]},"properties":{"lines":"60A, 60B, 60C, 60D","color":"#0059a9","mode":"bus","arr":["60A","60B","60C","60D"],"angle":-77.1,"extra":1,"ei":2}},{"type":"Feature","geometry":{"type":"Point","coordinates":[19.501254,51.808117]},"properties":{"lines":"60A, 60B, 60C, 60D","color":"#0059a9","mode":"bus","arr":["60A","60B","60C","60D"],"angle":-62.4,"extra":1,"ei":3}},{"type":"Feature","geometry":{"type":"Point","coordinates":[19.497048,51.805394]},"properties":{"lines":"60A, 60B, 60C, 60D","color":"#0059a9","mode":"bus","arr":["60A","60B","60C","60D"],"angle":-50.2,"extra":1,"ei":4}},{"type":"Feature","geometry":{"type":"Point","coordinates":[19.495127,51.803927]},"properties":{"lines":"60A, 60B, 60C, 60D","color":"#0059a9","mode":"bus","arr":["60A","60B","60C","60D"],"angle":-51,"extra":1,"ei":5}},{"type":"Feature","geometry":{"type":"Point","coordinates":[19.493002,51.802576]},"properties":{"lines":"60A, 60B, 60C, 60D","color":"#0059a9","mode":"bus","arr":["60A","60B","60C","60D"],"angle":-41.6,"extra":1,"ei":6}},{"type":"Feature","geometry":{"type":"Point","coordinates":[19.528456,51.828784]},"properties":{"lines":"60A, 60B, 60C","color":"#0059a9","mode":"bus","arr":["60A","60B","60C"],"angle":-35.3}},{"type":"Feature","geometry":{"type":"Point","coordinates":[19.504079,51.81546]},"properties":{"lines":"60A, 60B, 60C","color":"#0059a9","mode":"bus","arr":["60A","60B","60C"],"angle":-77.3,"extra":1,"ei":0}},{"type":"Feature","geometry":{"type":"Point","coordinates":[19.50475,51.817302]},"properties":{"lines":"60A, 60B, 60C","color":"#0059a9","mode":"bus","arr":["60A","60B","60C"],"angle":-77.1,"extra":1,"ei":1}},{"type":"Feature","geometry":{"type":"Point","coordinates":[19.506108,51.818951]},"properties":{"lines":"60A, 60B, 60C","color":"#0059a9","mode":"bus","arr":["60A","60B","60C"],"angle":-42.3,"extra":1,"ei":2}},{"type":"Feature","geometry":{"type":"Point","coordinates":[19.508575,51.820062]},"properties":{"lines":"60A, 60B, 60C","color":"#0059a9","mode":"bus","arr":["60A","60B","60C"],"angle":-35.4,"extra":1,"ei":3}},{"type":"Feature","geometry":{"type":"Point","coordinates":[19.511064,51.821156]},"properties":{"lines":"60A, 60B, 60C","color":"#0059a9","mode":"bus","arr":["60A","60B","60C"],"angle":-35.5,"extra":1,"ei":4}},{"type":"Feature","geometry":{"type":"Point","coordinates":[19.513555,51.822247]},"properties":{"lines":"60A, 60B, 60C","color":"#0059a9","mode":"bus","arr":["60A","60B","60C"],"angle":-35.3,"extra":1,"ei":5}},{"type":"Feature","geometry":{"type":"Point","coordinates":[19.516045,51.82334]},"properties":{"lines":"60A, 60B, 60C","color":"#0059a9","mode":"bus","arr":["60A","60B","60C"],"angle":-35.2,"extra":1,"ei":6}},{"type":"Feature","geometry":{"type":"Point","coordinates":[19.518535,51.824432]},"properties":{"lines":"60A, 60B, 60C","color":"#0059a9","mode":"bus","arr":["60A","60B","60C"],"angle":-35.2,"extra":1,"ei":7}},{"type":"Feature","geometry":{"type":"Point","coordinates":[19.521028,51.825521]},"properties":{"lines":"60A, 60B, 60C","color":"#0059a9","mode":"bus","arr":["60A","60B","60C"],"angle":-35.2,"extra":1,"ei":8}},{"type":"Feature","geometry":{"type":"Point","coordinates":[19.523514,51.826617]},"properties":{"lines":"60A, 60B, 60C","color":"#0059a9","mode":"bus","arr":["60A","60B","60C"],"angle":-35.5,"extra":1,"ei":9}},{"type":"Feature","geometry":{"type":"Point","coordinates":[19.526004,51.82771]},"properties":{"lines":"60A, 60B, 60C","color":"#0059a9","mode":"bus","arr":["60A","60B","60C"],"angle":-35.3,"extra":1,"ei":10}},{"type":"Feature","geometry":{"type":"Point","coordinates":[19.530986,51.829893]},"properties":{"lines":"60A, 60B, 60C","color":"#0059a9","mode":"bus","arr":["60A","60B","60C"],"angle":-35.4,"extra":1,"ei":11}},{"type":"Feature","geometry":{"type":"Point","coordinates":[19.53348,51.830982]},"properties":{"lines":"60A, 60B, 60C","color":"#0059a9","mode":"bus","arr":["60A","60B","60C"],"angle":-35.2,"extra":1,"ei":12}},{"type":"Feature","geometry":{"type":"Point","coordinates":[19.535972,51.832073]},"properties":{"lines":"60A, 60B, 60C","color":"#0059a9","mode":"bus","arr":["60A","60B","60C"],"angle":-35.3,"extra":1,"ei":13}},{"type":"Feature","geometry":{"type":"Point","coordinates":[19.538463,51.833164]},"properties":{"lines":"60A, 60B, 60C","color":"#0059a9","mode":"bus","arr":["60A","60B","60C"],"angle":-35.3,"extra":1,"ei":14}},{"type":"Feature","geometry":{"type":"Point","coordinates":[19.540955,51.834255]},"properties":{"lines":"60A, 60B, 60C","color":"#0059a9","mode":"bus","arr":["60A","60B","60C"],"angle":-35,"extra":1,"ei":15}},{"type":"Feature","geometry":{"type":"Point","coordinates":[19.543447,51.835346]},"properties":{"lines":"60A, 60B, 60C","color":"#0059a9","mode":"bus","arr":["60A","60B","60C"],"angle":-35.3,"extra":1,"ei":16}},{"type":"Feature","geometry":{"type":"Point","coordinates":[19.545937,51.836438]},"properties":{"lines":"60A, 60B, 60C","color":"#0059a9","mode":"bus","arr":["60A","60B","60C"],"angle":-35.3,"extra":1,"ei":17}},{"type":"Feature","geometry":{"type":"Point","coordinates":[19.548428,51.83753]},"properties":{"lines":"60A, 60B, 60C","color":"#0059a9","mode":"bus","arr":["60A","60B","60C"],"angle":-35.4,"extra":1,"ei":18}},{"type":"Feature","geometry":{"type":"Point","coordinates":[19.550917,51.838623]},"properties":{"lines":"60A, 60B, 60C","color":"#0059a9","mode":"bus","arr":["60A","60B","60C"],"angle":-35.4,"extra":1,"ei":19}},{"type":"Feature","geometry":{"type":"Point","coordinates":[19.553407,51.839715]},"properties":{"lines":"60A, 60B, 60C","color":"#0059a9","mode":"bus","arr":["60A","60B","60C"],"angle":-35.3,"extra":1,"ei":20}},{"type":"Feature","geometry":{"type":"Point","coordinates":[19.555898,51.840807]},"properties":{"lines":"60A, 60B, 60C","color":"#0059a9","mode":"bus","arr":["60A","60B","60C"],"angle":-36.5,"extra":1,"ei":21}},{"type":"Feature","geometry":{"type":"Point","coordinates":[19.558271,51.842258]},"properties":{"lines":"60B, 60C","color":"#0059a9","mode":"bus","arr":["60B","60C"],"angle":-62.7,"side":-1,"mi":1}},{"type":"Feature","geometry":{"type":"Point","coordinates":[19.557462,51.841737]},"properties":{"lines":"60A, 60B","color":"#0059a9","mode":"bus","arr":["60A","60B"],"angle":-52}},{"type":"Feature","geometry":{"type":"Point","coordinates":[19.481065,51.77917]},"properties":{"lines":"60A, 60B, 60C, 60D, 70, 87A, 87B, N7A, N7B","color":"#0059a9","mode":"bus","arr":["60A","60B","60C","60D","70","87A","87B","N7A","N7B"],"angle":-79.7}},{"type":"Feature","geometry":{"type":"Point","coordinates":[19.55834,51.842625]},"properties":{"lines":"60B, 60C","color":"#0059a9","mode":"bus","arr":["60B","60C"],"angle":-65.3}},{"type":"Feature","geometry":{"type":"Point","coordinates":[19.569292,51.846191]},"properties":{"lines":"60B","color":"#0059a9","mode":"bus","arr":["60B"],"angle":-17.9}},{"type":"Feature","geometry":{"type":"Point","coordinates":[19.560238,51.843587]},"properties":{"lines":"60B","color":"#0059a9","mode":"bus","arr":["60B"],"angle":-21.3,"extra":1,"ei":0}},{"type":"Feature","geometry":{"type":"Point","coordinates":[19.563249,51.843733]},"properties":{"lines":"60B","color":"#0059a9","mode":"bus","arr":["60B"],"angle":-10.6,"extra":1,"ei":1}},{"type":"Feature","geometry":{"type":"Point","coordinates":[19.565695,51.844777]},"properties":{"lines":"60B","color":"#0059a9","mode":"bus","arr":["60B"],"angle":-41,"extra":1,"ei":2}},{"type":"Feature","geometry":{"type":"Point","coordinates":[19.573945,51.846992]},"properties":{"lines":"60B","color":"#0059a9","mode":"bus","arr":["60B"],"angle":-9.5,"extra":1,"ei":3}},{"type":"Feature","geometry":{"type":"Point","coordinates":[19.576963,51.847227]},"properties":{"lines":"60B","color":"#0059a9","mode":"bus","arr":["60B"],"angle":5,"extra":1,"ei":4}},{"type":"Feature","geometry":{"type":"Point","coordinates":[19.579983,51.846952]},"properties":{"lines":"60B","color":"#0059a9","mode":"bus","arr":["60B"],"angle":8.9,"extra":1,"ei":5}},{"type":"Feature","geometry":{"type":"Point","coordinates":[19.57785,51.864644]},"properties":{"lines":"60B","color":"#0059a9","mode":"bus","arr":["60B"],"angle":25.8,"mi":1}},{"type":"Feature","geometry":{"type":"Point","coordinates":[19.583027,51.863426]},"properties":{"lines":"60B","color":"#0059a9","mode":"bus","arr":["60B"],"angle":10.3,"extra":1,"ei":0}},{"type":"Feature","geometry":{"type":"Point","coordinates":[19.580124,51.863965]},"properties":{"lines":"60B","color":"#0059a9","mode":"bus","arr":["60B"],"angle":25.8,"extra":1,"ei":1}},{"type":"Feature","geometry":{"type":"Point","coordinates":[19.574627,51.865608]},"properties":{"lines":"60B","color":"#0059a9","mode":"bus","arr":["60B"],"angle":25.5,"extra":1,"ei":2}},{"type":"Feature","geometry":{"type":"Point","coordinates":[19.57187,51.866418]},"properties":{"lines":"60B","color":"#0059a9","mode":"bus","arr":["60B"],"angle":25.3,"extra":1,"ei":3}},{"type":"Feature","geometry":{"type":"Point","coordinates":[19.570767,51.866945]},"properties":{"lines":"60B","color":"#0059a9","mode":"bus","arr":["60B"],"angle":-43.8}},{"type":"Feature","geometry":{"type":"Point","coordinates":[19.590871,51.850607]},"properties":{"lines":"60B","color":"#0059a9","mode":"bus","arr":["60B"],"angle":-54.8}},{"type":"Feature","geometry":{"type":"Point","coordinates":[19.582502,51.846832]},"properties":{"lines":"60B","color":"#0059a9","mode":"bus","arr":["60B"],"angle":-5.5,"extra":1,"ei":0}},{"type":"Feature","geometry":{"type":"Point","coordinates":[19.585398,51.847406]},"properties":{"lines":"60B","color":"#0059a9","mode":"bus","arr":["60B"],"angle":-21.6,"extra":1,"ei":1}},{"type":"Feature","geometry":{"type":"Point","coordinates":[19.588088,51.84827]},"properties":{"lines":"60B","color":"#0059a9","mode":"bus","arr":["60B"],"angle":-43.5,"extra":1,"ei":2}},{"type":"Feature","geometry":{"type":"Point","coordinates":[19.593938,51.852559]},"properties":{"lines":"60B","color":"#0059a9","mode":"bus","arr":["60B"],"angle":-31.8,"extra":1,"ei":3}},{"type":"Feature","geometry":{"type":"Point","coordinates":[19.596584,51.853495]},"properties":{"lines":"60B","color":"#0059a9","mode":"bus","arr":["60B"],"angle":-25.7,"extra":1,"ei":4}},{"type":"Feature","geometry":{"type":"Point","coordinates":[19.598803,51.854733]},"properties":{"lines":"60B","color":"#0059a9","mode":"bus","arr":["60B"],"angle":-63.8,"extra":1,"ei":5}},{"type":"Feature","geometry":{"type":"Point","coordinates":[19.592002,51.859492]},"properties":{"lines":"60B","color":"#0059a9","mode":"bus","arr":["60B"],"angle":39.1,"mi":1}},{"type":"Feature","geometry":{"type":"Point","coordinates":[19.585741,51.862679]},"properties":{"lines":"60B","color":"#0059a9","mode":"bus","arr":["60B"],"angle":39.4,"extra":1,"ei":0}},{"type":"Feature","geometry":{"type":"Point","coordinates":[19.5881,51.861481]},"properties":{"lines":"60B","color":"#0059a9","mode":"bus","arr":["60B"],"angle":39.4,"extra":1,"ei":1}},{"type":"Feature","geometry":{"type":"Point","coordinates":[19.590457,51.860281]},"properties":{"lines":"60B","color":"#0059a9","mode":"bus","arr":["60B"],"angle":39.5,"extra":1,"ei":2}},{"type":"Feature","geometry":{"type":"Point","coordinates":[19.595195,51.857899]},"properties":{"lines":"60B","color":"#0059a9","mode":"bus","arr":["60B"],"angle":38.9,"extra":1,"ei":3}},{"type":"Feature","geometry":{"type":"Point","coordinates":[19.597572,51.856714]},"properties":{"lines":"60B","color":"#0059a9","mode":"bus","arr":["60B"],"angle":38.9,"extra":1,"ei":4}},{"type":"Feature","geometry":{"type":"Point","coordinates":[19.568099,51.864822]},"properties":{"lines":"60C","color":"#0059a9","mode":"bus","arr":["60C"],"angle":-69.8}},{"type":"Feature","geometry":{"type":"Point","coordinates":[19.580603,51.879552]},"properties":{"lines":"60C","color":"#0059a9","mode":"bus","arr":["60C"],"angle":-59.4,"mi":16}},{"type":"Feature","geometry":{"type":"Point","coordinates":[19.559341,51.844662]},"properties":{"lines":"60C","color":"#0059a9","mode":"bus","arr":["60C"],"angle":-75.1,"mi":1}},{"type":"Feature","geometry":{"type":"Point","coordinates":[19.558803,51.843425]},"properties":{"lines":"60C","color":"#0059a9","mode":"bus","arr":["60C"],"angle":-73.8,"extra":1,"ei":0}},{"type":"Feature","geometry":{"type":"Point","coordinates":[19.562858,51.852854]},"properties":{"lines":"60C","color":"#0059a9","mode":"bus","arr":["60C"],"angle":-75.2,"extra":1,"ei":0}},{"type":"Feature","geometry":{"type":"Point","coordinates":[19.563643,51.854679]},"properties":{"lines":"60C","color":"#0059a9","mode":"bus","arr":["60C"],"angle":-75.1,"extra":1,"ei":1}},{"type":"Feature","geometry":{"type":"Point","coordinates":[19.564425,51.856504]},"properties":{"lines":"60C","color":"#0059a9","mode":"bus","arr":["60C"],"angle":-75.1,"extra":1,"ei":2}},{"type":"Feature","geometry":{"type":"Point","coordinates":[19.565206,51.85833]},"properties":{"lines":"60C","color":"#0059a9","mode":"bus","arr":["60C"],"angle":-75.2,"extra":1,"ei":3}},{"type":"Feature","geometry":{"type":"Point","coordinates":[19.565993,51.860155]},"properties":{"lines":"60C","color":"#0059a9","mode":"bus","arr":["60C"],"angle":-75.1,"extra":1,"ei":4}},{"type":"Feature","geometry":{"type":"Point","coordinates":[19.566778,51.86198]},"properties":{"lines":"60C","color":"#0059a9","mode":"bus","arr":["60C"],"angle":-75.1,"extra":1,"ei":5}},{"type":"Feature","geometry":{"type":"Point","coordinates":[19.569945,51.867274]},"properties":{"lines":"60C","color":"#0059a9","mode":"bus","arr":["60C"],"angle":-62.7,"extra":1,"ei":6}},{"type":"Feature","geometry":{"type":"Point","coordinates":[19.57133,51.868957]},"properties":{"lines":"60C","color":"#0059a9","mode":"bus","arr":["60C"],"angle":-63.1,"extra":1,"ei":7}},{"type":"Feature","geometry":{"type":"Point","coordinates":[19.572712,51.870642]},"properties":{"lines":"60C","color":"#0059a9","mode":"bus","arr":["60C"],"angle":-63.1,"extra":1,"ei":8}},{"type":"Feature","geometry":{"type":"Point","coordinates":[19.574093,51.872326]},"properties":{"lines":"60C","color":"#0059a9","mode":"bus","arr":["60C"],"angle":-63.1,"extra":1,"ei":9}},{"type":"Feature","geometry":{"type":"Point","coordinates":[19.575474,51.87401]},"properties":{"lines":"60C","color":"#0059a9","mode":"bus","arr":["60C"],"angle":-62.7,"extra":1,"ei":10}},{"type":"Feature","geometry":{"type":"Point","coordinates":[19.576922,51.875672]},"properties":{"lines":"60C","color":"#0059a9","mode":"bus","arr":["60C"],"angle":-58.6,"extra":1,"ei":11}},{"type":"Feature","geometry":{"type":"Point","coordinates":[19.579,51.877823]},"properties":{"lines":"60C","color":"#0059a9","mode":"bus","arr":["60C"],"angle":-64.2,"extra":1,"ei":0,"side":-1}},{"type":"Feature","geometry":{"type":"Point","coordinates":[19.582201,51.881288]},"properties":{"lines":"60C","color":"#0059a9","mode":"bus","arr":["60C"],"angle":-69.4,"extra":1,"ei":0}},{"type":"Feature","geometry":{"type":"Point","coordinates":[19.58784,51.886792]},"properties":{"lines":"60C","color":"#0059a9","mode":"bus","arr":["60C"],"angle":-55.7,"mi":12}},{"type":"Feature","geometry":{"type":"Point","coordinates":[19.561226,51.849051]},"properties":{"lines":"60C","color":"#0059a9","mode":"bus","arr":["60C"],"angle":-75.1}},{"type":"Feature","geometry":{"type":"Point","coordinates":[19.593407,51.891846]},"properties":{"lines":"60C","color":"#0059a9","mode":"bus","arr":["60C"],"angle":-65.3,"mi":4}},{"type":"Feature","geometry":{"type":"Point","coordinates":[19.582519,51.88221]},"properties":{"lines":"60C","color":"#0059a9","mode":"bus","arr":["60C"],"angle":10.2,"mi":15}},{"type":"Feature","geometry":{"type":"Point","coordinates":[19.562075,51.851028]},"properties":{"lines":"60C","color":"#0059a9","mode":"bus","arr":["60C"],"angle":-75.1,"extra":1,"ei":0}},{"type":"Feature","geometry":{"type":"Point","coordinates":[19.560508,51.847378]},"properties":{"lines":"60C","color":"#0059a9","mode":"bus","arr":["60C"],"angle":-75.1,"extra":1,"ei":1}},{"type":"Feature","geometry":{"type":"Point","coordinates":[19.591646,51.890329]},"properties":{"lines":"60C","color":"#0059a9","mode":"bus","arr":["60C"],"angle":-59.8,"extra":1,"ei":0}},{"type":"Feature","geometry":{"type":"Point","coordinates":[19.589987,51.888745]},"properties":{"lines":"60C","color":"#0059a9","mode":"bus","arr":["60C"],"angle":-55.6,"extra":1,"ei":1}},{"type":"Feature","geometry":{"type":"Point","coordinates":[19.586547,51.885625]},"properties":{"lines":"60C","color":"#0059a9","mode":"bus","arr":["60C"],"angle":-55.5,"extra":1,"ei":2}},{"type":"Feature","geometry":{"type":"Point","coordinates":[19.584908,51.884033]},"properties":{"lines":"60C","color":"#0059a9","mode":"bus","arr":["60C"],"angle":-59.2,"extra":1,"ei":3}},{"type":"Feature","geometry":{"type":"Point","coordinates":[19.593992,51.910144]},"properties":{"lines":"60C","color":"#0059a9","mode":"bus","arr":["60C"],"angle":-64.6,"mi":14}},{"type":"Feature","geometry":{"type":"Point","coordinates":[19.592452,51.891246]},"properties":{"lines":"60C","color":"#0059a9","mode":"bus","arr":["60C"],"angle":-13,"mi":6}},{"type":"Feature","geometry":{"type":"Point","coordinates":[19.585013,51.891976]},"properties":{"lines":"60C","color":"#0059a9","mode":"bus","arr":["60C"],"angle":16.6,"mi":10}},{"type":"Feature","geometry":{"type":"Point","coordinates":[19.578554,51.893389]},"properties":{"lines":"60C","color":"#0059a9","mode":"bus","arr":["60C"],"angle":18.7,"extra":1,"ei":0}},{"type":"Feature","geometry":{"type":"Point","coordinates":[19.581444,51.892781]},"properties":{"lines":"60C","color":"#0059a9","mode":"bus","arr":["60C"],"angle":19.1,"extra":1,"ei":1}},{"type":"Feature","geometry":{"type":"Point","coordinates":[19.587242,51.891615]},"properties":{"lines":"60C","color":"#0059a9","mode":"bus","arr":["60C"],"angle":16.7,"extra":1,"ei":2}},{"type":"Feature","geometry":{"type":"Point","coordinates":[19.589986,51.890802]},"properties":{"lines":"60C","color":"#0059a9","mode":"bus","arr":["60C"],"angle":30.3,"extra":1,"ei":3}},{"type":"Feature","geometry":{"type":"Point","coordinates":[19.598052,51.896091]},"properties":{"lines":"60C","color":"#0059a9","mode":"bus","arr":["60C"],"angle":-55.8}},{"type":"Feature","geometry":{"type":"Point","coordinates":[19.604769,51.901665]},"properties":{"lines":"60C","color":"#0059a9","mode":"bus","arr":["60C"],"angle":-49.9,"mi":8}},{"type":"Feature","geometry":{"type":"Point","coordinates":[19.594357,51.892708]},"properties":{"lines":"60C","color":"#0059a9","mode":"bus","arr":["60C"],"angle":-55.9,"extra":1,"ei":0}},{"type":"Feature","geometry":{"type":"Point","coordinates":[19.596061,51.894275]},"properties":{"lines":"60C","color":"#0059a9","mode":"bus","arr":["60C"],"angle":-55.9,"extra":1,"ei":1}},{"type":"Feature","geometry":{"type":"Point","coordinates":[19.599491,51.8974]},"properties":{"lines":"60C","color":"#0059a9","mode":"bus","arr":["60C"],"angle":-55.6,"extra":1,"ei":2}},{"type":"Feature","geometry":{"type":"Point","coordinates":[19.6012,51.898964]},"properties":{"lines":"60C","color":"#0059a9","mode":"bus","arr":["60C"],"angle":-56,"extra":1,"ei":3}},{"type":"Feature","geometry":{"type":"Point","coordinates":[19.600746,51.90005]},"properties":{"lines":"60C","color":"#0059a9","mode":"bus","arr":["60C"],"angle":45.1,"mi":1}},{"type":"Feature","geometry":{"type":"Point","coordinates":[19.60069,51.900813]},"properties":{"lines":"60C","color":"#0059a9","mode":"bus","arr":["60C"],"angle":-10.1,"mi":2}},{"type":"Feature","geometry":{"type":"Point","coordinates":[19.602856,51.901069]},"properties":{"lines":"60C","color":"#0059a9","mode":"bus","arr":["60C"],"angle":-10.3,"mi":5}},{"type":"Feature","geometry":{"type":"Point","coordinates":[19.600331,51.904303]},"properties":{"lines":"60C","color":"#0059a9","mode":"bus","arr":["60C"],"angle":22.7,"mi":7}},{"type":"Feature","geometry":{"type":"Point","coordinates":[19.595986,51.905423]},"properties":{"lines":"60C","color":"#0059a9","mode":"bus","arr":["60C"],"angle":15.1,"extra":1,"ei":0}},{"type":"Feature","geometry":{"type":"Point","coordinates":[19.604132,51.90291]},"properties":{"lines":"60C","color":"#0059a9","mode":"bus","arr":["60C"],"angle":40.5,"extra":1,"ei":1}},{"type":"Feature","geometry":{"type":"Point","coordinates":[19.592687,51.907981]},"properties":{"lines":"60C","color":"#0059a9","mode":"bus","arr":["60C"],"angle":65.5,"mi":11}},{"type":"Feature","geometry":{"type":"Point","coordinates":[19.594202,51.905907]},"properties":{"lines":"60C","color":"#0059a9","mode":"bus","arr":["60C"],"angle":-17.5,"mi":9}},{"type":"Feature","geometry":{"type":"Point","coordinates":[19.592758,51.909766]},"properties":{"lines":"60C","color":"#0059a9","mode":"bus","arr":["60C"],"angle":-12.1,"mi":13}},{"type":"Feature","geometry":{"type":"Point","coordinates":[19.602189,51.900539]},"properties":{"lines":"60C","color":"#0059a9","mode":"bus","arr":["60C"],"angle":45.9,"mi":3}},{"type":"Feature","geometry":{"type":"Point","coordinates":[19.499778,51.814949]},"properties":{"lines":"60D","color":"#0059a9","mode":"bus","arr":["60D"],"angle":-6,"mi":3}},{"type":"Feature","geometry":{"type":"Point","coordinates":[19.502259,51.81476]},"properties":{"lines":"60D","color":"#0059a9","mode":"bus","arr":["60D"],"angle":12.9,"extra":1,"ei":0}},{"type":"Feature","geometry":{"type":"Point","coordinates":[19.496219,51.814695]},"properties":{"lines":"60D","color":"#0059a9","mode":"bus","arr":["60D"],"angle":-14.5,"extra":1,"ei":1}},{"type":"Feature","geometry":{"type":"Point","coordinates":[19.491381,51.814323]},"properties":{"lines":"60D","color":"#0059a9","mode":"bus","arr":["60D"],"angle":-4.4}},{"type":"Feature","geometry":{"type":"Point","coordinates":[19.494284,51.814445]},"properties":{"lines":"60D","color":"#0059a9","mode":"bus","arr":["60D"],"angle":-3.7,"extra":1,"ei":0}},{"type":"Feature","geometry":{"type":"Point","coordinates":[19.488228,51.814017]},"properties":{"lines":"60D","color":"#0059a9","mode":"bus","arr":["60D"],"angle":-22.3,"extra":1,"ei":1}},{"type":"Feature","geometry":{"type":"Point","coordinates":[19.479778,51.810489]},"properties":{"lines":"60D, Z3","color":"#0059a9","mode":"bus","arr":["60D","Z3"],"angle":-34.5}},{"type":"Feature","geometry":{"type":"Point","coordinates":[19.485677,51.812989]},"properties":{"lines":"60D, Z3","color":"#0059a9","mode":"bus","arr":["60D","Z3"],"angle":-34.4,"extra":1,"ei":0}},{"type":"Feature","geometry":{"type":"Point","coordinates":[19.483159,51.811922]},"properties":{"lines":"60D, Z3","color":"#0059a9","mode":"bus","arr":["60D","Z3"],"angle":-34.4,"extra":1,"ei":1}},{"type":"Feature","geometry":{"type":"Point","coordinates":[19.478121,51.809788]},"properties":{"lines":"60D, Z3","color":"#0059a9","mode":"bus","arr":["60D","Z3"],"angle":-34.4,"extra":1,"ei":2}},{"type":"Feature","geometry":{"type":"Point","coordinates":[19.475604,51.80872]},"properties":{"lines":"60D, Z3","color":"#0059a9","mode":"bus","arr":["60D","Z3"],"angle":-34.4,"extra":1,"ei":3}},{"type":"Feature","geometry":{"type":"Point","coordinates":[19.473087,51.807651]},"properties":{"lines":"60D, Z3","color":"#0059a9","mode":"bus","arr":["60D","Z3"],"angle":-38.8,"extra":1,"ei":4}},{"type":"Feature","geometry":{"type":"Point","coordinates":[19.476297,51.80669]},"properties":{"lines":"60D","color":"#0059a9","mode":"bus","arr":["60D"],"angle":15.4,"mi":2}},{"type":"Feature","geometry":{"type":"Point","coordinates":[19.478605,51.806475]},"properties":{"lines":"60D","color":"#0059a9","mode":"bus","arr":["60D"],"angle":4,"extra":1,"ei":0}},{"type":"Feature","geometry":{"type":"Point","coordinates":[19.47273,51.807352]},"properties":{"lines":"60D","color":"#0059a9","mode":"bus","arr":["60D"],"angle":36.1,"extra":1,"ei":1,"side":-1}},{"type":"Feature","geometry":{"type":"Point","coordinates":[19.481226,51.808562]},"properties":{"lines":"60D","color":"#0059a9","mode":"bus","arr":["60D"],"angle":-85.9,"mi":1}},{"type":"Feature","geometry":{"type":"Point","coordinates":[19.480628,51.809705]},"properties":{"lines":"60D","color":"#0059a9","mode":"bus","arr":["60D"],"angle":55.8,"extra":1,"ei":0}},{"type":"Feature","geometry":{"type":"Point","coordinates":[19.382671,51.867846]},"properties":{"lines":"61","color":"#0059a9","mode":"bus","arr":["61"],"angle":-65.6,"mi":2}},{"type":"Feature","geometry":{"type":"Point","coordinates":[19.451835,51.849375]},"properties":{"lines":"61","color":"#0059a9","mode":"bus","arr":["61"],"angle":13.8}},{"type":"Feature","geometry":{"type":"Point","coordinates":[19.456862,51.848616]},"properties":{"lines":"61","color":"#0059a9","mode":"bus","arr":["61"],"angle":12.8,"extra":1,"ei":0}},{"type":"Feature","geometry":{"type":"Point","coordinates":[19.453896,51.849063]},"properties":{"lines":"61","color":"#0059a9","mode":"bus","arr":["61"],"angle":13.8,"extra":1,"ei":1}},{"type":"Feature","geometry":{"type":"Point","coordinates":[19.447966,51.84996]},"properties":{"lines":"61","color":"#0059a9","mode":"bus","arr":["61"],"angle":13.8,"extra":1,"ei":2}},{"type":"Feature","geometry":{"type":"Point","coordinates":[19.430912,51.852536]},"properties":{"lines":"61","color":"#0059a9","mode":"bus","arr":["61"],"angle":13.6}},{"type":"Feature","geometry":{"type":"Point","coordinates":[19.443842,51.850581]},"properties":{"lines":"61","color":"#0059a9","mode":"bus","arr":["61"],"angle":13.7,"extra":1,"ei":0}},{"type":"Feature","geometry":{"type":"Point","coordinates":[19.440878,51.851031]},"properties":{"lines":"61","color":"#0059a9","mode":"bus","arr":["61"],"angle":13.8,"extra":1,"ei":1}},{"type":"Feature","geometry":{"type":"Point","coordinates":[19.437914,51.851483]},"properties":{"lines":"61","color":"#0059a9","mode":"bus","arr":["61"],"angle":13.9,"extra":1,"ei":2}},{"type":"Feature","geometry":{"type":"Point","coordinates":[19.434948,51.85193]},"properties":{"lines":"61","color":"#0059a9","mode":"bus","arr":["61"],"angle":13.8,"extra":1,"ei":3}},{"type":"Feature","geometry":{"type":"Point","coordinates":[19.429015,51.852819]},"properties":{"lines":"61","color":"#0059a9","mode":"bus","arr":["61"],"angle":13.7,"extra":1,"ei":4}},{"type":"Feature","geometry":{"type":"Point","coordinates":[19.426051,51.85327]},"properties":{"lines":"61","color":"#0059a9","mode":"bus","arr":["61"],"angle":13.6,"extra":1,"ei":5}},{"type":"Feature","geometry":{"type":"Point","coordinates":[19.423079,51.853701]},"properties":{"lines":"61","color":"#0059a9","mode":"bus","arr":["61"],"angle":13.6,"extra":1,"ei":6}},{"type":"Feature","geometry":{"type":"Point","coordinates":[19.420115,51.854152]},"properties":{"lines":"61","color":"#0059a9","mode":"bus","arr":["61"],"angle":13.8,"extra":1,"ei":7}},{"type":"Feature","geometry":{"type":"Point","coordinates":[19.417148,51.854597]},"properties":{"lines":"61","color":"#0059a9","mode":"bus","arr":["61"],"angle":14.1,"extra":1,"ei":8}},{"type":"Feature","geometry":{"type":"Point","coordinates":[19.406843,51.862686]},"properties":{"lines":"61","color":"#0059a9","mode":"bus","arr":["61"],"angle":-86.4}},{"type":"Feature","geometry":{"type":"Point","coordinates":[19.40698,51.864013]},"properties":{"lines":"61","color":"#0059a9","mode":"bus","arr":["61"],"angle":-86.3,"extra":1,"ei":0,"side":-1}},{"type":"Feature","geometry":{"type":"Point","coordinates":[19.403829,51.863925]},"properties":{"lines":"61","color":"#0059a9","mode":"bus","arr":["61"],"angle":-13.7,"mi":1}},{"type":"Feature","geometry":{"type":"Point","coordinates":[19.380264,51.868598]},"properties":{"lines":"61","color":"#0059a9","mode":"bus","arr":["61"],"angle":16.2}},{"type":"Feature","geometry":{"type":"Point","coordinates":[19.38243,51.868278]},"properties":{"lines":"61","color":"#0059a9","mode":"bus","arr":["61"],"angle":12.3,"mi":1}},{"type":"Feature","geometry":{"type":"Point","coordinates":[19.420356,51.719545]},"properties":{"lines":"62","color":"#0059a9","mode":"bus","arr":["62"],"angle":27.6,"mi":2}},{"type":"Feature","geometry":{"type":"Point","coordinates":[19.427947,51.716965]},"properties":{"lines":"62","color":"#0059a9","mode":"bus","arr":["62"],"angle":28.9,"extra":1,"ei":0}},{"type":"Feature","geometry":{"type":"Point","coordinates":[19.425271,51.717874]},"properties":{"lines":"62","color":"#0059a9","mode":"bus","arr":["62"],"angle":28.6,"extra":1,"ei":1}},{"type":"Feature","geometry":{"type":"Point","coordinates":[19.422593,51.718781]},"properties":{"lines":"62","color":"#0059a9","mode":"bus","arr":["62"],"angle":29.1,"extra":1,"ei":2}},{"type":"Feature","geometry":{"type":"Point","coordinates":[19.417202,51.720519]},"properties":{"lines":"62","color":"#0059a9","mode":"bus","arr":["62"],"angle":-4.3,"extra":1,"ei":3}},{"type":"Feature","geometry":{"type":"Point","coordinates":[19.414522,51.719625]},"properties":{"lines":"62","color":"#0059a9","mode":"bus","arr":["62"],"angle":-30.6,"extra":1,"ei":4}},{"type":"Feature","geometry":{"type":"Point","coordinates":[19.411897,51.718662]},"properties":{"lines":"62","color":"#0059a9","mode":"bus","arr":["62"],"angle":-30,"extra":1,"ei":5}},{"type":"Feature","geometry":{"type":"Point","coordinates":[19.417725,51.721987]},"properties":{"lines":"62","color":"#0059a9","mode":"bus","arr":["62"],"angle":-83.9}},{"type":"Feature","geometry":{"type":"Point","coordinates":[19.417952,51.723323]},"properties":{"lines":"62","color":"#0059a9","mode":"bus","arr":["62"],"angle":-84.3,"extra":1,"ei":0}},{"type":"Feature","geometry":{"type":"Point","coordinates":[19.420666,51.723218]},"properties":{"lines":"62","color":"#0059a9","mode":"bus","arr":["62"],"angle":9.8,"mi":1}},{"type":"Feature","geometry":{"type":"Point","coordinates":[19.42905,51.723002]},"properties":{"lines":"62, 63, 77","color":"#0059a9","mode":"bus","arr":["62","63","77"],"angle":3}},{"type":"Feature","geometry":{"type":"Point","coordinates":[19.424869,51.722999]},"properties":{"lines":"62, 63, 77","color":"#0059a9","mode":"bus","arr":["62","63","77"],"angle":-4.2,"extra":1,"ei":0}},{"type":"Feature","geometry":{"type":"Point","coordinates":[19.430963,51.722935]},"properties":{"lines":"62, 63, 77","color":"#0059a9","mode":"bus","arr":["62","63","77"],"angle":3.5,"extra":1,"ei":1}},{"type":"Feature","geometry":{"type":"Point","coordinates":[19.434011,51.722831]},"properties":{"lines":"62, 63, 77","color":"#0059a9","mode":"bus","arr":["62","63","77"],"angle":3,"extra":1,"ei":2}},{"type":"Feature","geometry":{"type":"Point","coordinates":[19.432075,51.719636]},"properties":{"lines":"62, 63","color":"#0059a9","mode":"bus","arr":["62","63"],"angle":-62.4}},{"type":"Feature","geometry":{"type":"Point","coordinates":[19.434051,51.72197]},"properties":{"lines":"62, 63","color":"#0059a9","mode":"bus","arr":["62","63"],"angle":-62.4,"extra":1,"ei":0}},{"type":"Feature","geometry":{"type":"Point","coordinates":[19.429704,51.716989]},"properties":{"lines":"62, 63","color":"#0059a9","mode":"bus","arr":["62","63"],"angle":-61.5,"extra":1,"ei":1}},{"type":"Feature","geometry":{"type":"Point","coordinates":[19.431241,51.715817]},"properties":{"lines":"62, 63, 68","color":"#0059a9","mode":"bus","arr":["62","63","68"],"angle":29.9}},{"type":"Feature","geometry":{"type":"Point","coordinates":[19.436894,51.713448]},"properties":{"lines":"62, N4A, N4B","color":"#0059a9","mode":"bus","arr":["62","N4A","N4B"],"angle":79.1}},{"type":"Feature","geometry":{"type":"Point","coordinates":[19.43608,51.716058]},"properties":{"lines":"62, N4A, N4B","color":"#0059a9","mode":"bus","arr":["62","N4A","N4B"],"angle":79.1,"extra":1,"ei":0}},{"type":"Feature","geometry":{"type":"Point","coordinates":[19.437849,51.710499]},"properties":{"lines":"62, N4A, N4B","color":"#0059a9","mode":"bus","arr":["62","N4A","N4B"],"angle":79,"extra":1,"ei":1}},{"type":"Feature","geometry":{"type":"Point","coordinates":[19.449303,51.711329]},"properties":{"lines":"62","color":"#0059a9","mode":"bus","arr":["62"],"angle":-11.4,"mi":2}},{"type":"Feature","geometry":{"type":"Point","coordinates":[19.460715,51.711836]},"properties":{"lines":"62","color":"#0059a9","mode":"bus","arr":["62"],"angle":4,"extra":1,"ei":0,"side":-1}},{"type":"Feature","geometry":{"type":"Point","coordinates":[19.457886,51.711913]},"properties":{"lines":"62","color":"#0059a9","mode":"bus","arr":["62"],"angle":0.8,"extra":1,"ei":0}},{"type":"Feature","geometry":{"type":"Point","coordinates":[19.454841,51.712017]},"properties":{"lines":"62","color":"#0059a9","mode":"bus","arr":["62"],"angle":-6.1,"extra":1,"ei":1}},{"type":"Feature","geometry":{"type":"Point","coordinates":[19.451848,51.711646]},"properties":{"lines":"62","color":"#0059a9","mode":"bus","arr":["62"],"angle":-11.6,"extra":1,"ei":2}},{"type":"Feature","geometry":{"type":"Point","coordinates":[19.445864,51.710899]},"properties":{"lines":"62","color":"#0059a9","mode":"bus","arr":["62"],"angle":-11.4,"extra":1,"ei":3}},{"type":"Feature","geometry":{"type":"Point","coordinates":[19.442873,51.710521]},"properties":{"lines":"62","color":"#0059a9","mode":"bus","arr":["62"],"angle":-11.4,"extra":1,"ei":4}},{"type":"Feature","geometry":{"type":"Point","coordinates":[19.439882,51.710146]},"properties":{"lines":"62","color":"#0059a9","mode":"bus","arr":["62"],"angle":-11.5,"extra":1,"ei":5}},{"type":"Feature","geometry":{"type":"Point","coordinates":[19.43689,51.709772]},"properties":{"lines":"62","color":"#0059a9","mode":"bus","arr":["62"],"angle":-11.3,"extra":1,"ei":6}},{"type":"Feature","geometry":{"type":"Point","coordinates":[19.464103,51.711676]},"properties":{"lines":"62, 75A, 75B, 93","color":"#0059a9","mode":"bus","arr":["62","75A","75B","93"],"angle":1.3,"side":-1}},{"type":"Feature","geometry":{"type":"Point","coordinates":[19.472695,51.711247]},"properties":{"lines":"62, N3B","color":"#0059a9","mode":"bus","arr":["62","N3B"],"angle":18.6}},{"type":"Feature","geometry":{"type":"Point","coordinates":[19.477494,51.71015]},"properties":{"lines":"62, N3B","color":"#0059a9","mode":"bus","arr":["62","N3B"],"angle":19,"extra":1,"ei":0}},{"type":"Feature","geometry":{"type":"Point","coordinates":[19.474621,51.710788]},"properties":{"lines":"62, N3B","color":"#0059a9","mode":"bus","arr":["62","N3B"],"angle":21.7,"extra":1,"ei":1}},{"type":"Feature","geometry":{"type":"Point","coordinates":[19.468718,51.711643]},"properties":{"lines":"62, N3B","color":"#0059a9","mode":"bus","arr":["62","N3B"],"angle":3.3,"extra":1,"ei":2}},{"type":"Feature","geometry":{"type":"Point","coordinates":[19.475334,51.706306]},"properties":{"lines":"62, N3A, N3B","color":"#0059a9","mode":"bus","arr":["62","N3A","N3B"],"angle":-80.7}},{"type":"Feature","geometry":{"type":"Point","coordinates":[19.47886,51.704164]},"properties":{"lines":"62, N3A, N3B","color":"#0059a9","mode":"bus","arr":["62","N3A","N3B"],"angle":33.1,"extra":1,"ei":0}},{"type":"Feature","geometry":{"type":"Point","coordinates":[19.476289,51.705182]},"properties":{"lines":"62, N3A, N3B","color":"#0059a9","mode":"bus","arr":["62","N3A","N3B"],"angle":33.9,"extra":1,"ei":1}},{"type":"Feature","geometry":{"type":"Point","coordinates":[19.477378,51.708353]},"properties":{"lines":"62, N3A, N3B","color":"#0059a9","mode":"bus","arr":["62","N3A","N3B"],"angle":-56,"extra":1,"ei":2}},{"type":"Feature","geometry":{"type":"Point","coordinates":[19.483278,51.706418]},"properties":{"lines":"62, 70, 93","color":"#0059a9","mode":"bus","arr":["62","70","93"],"angle":-59.6}},{"type":"Feature","geometry":{"type":"Point","coordinates":[19.484742,51.70843]},"properties":{"lines":"62, 70, 93","color":"#0059a9","mode":"bus","arr":["62","70","93"],"angle":-82.7,"extra":1,"ei":0}},{"type":"Feature","geometry":{"type":"Point","coordinates":[19.482024,51.705085]},"properties":{"lines":"62, 70, 93","color":"#0059a9","mode":"bus","arr":["62","70","93"],"angle":-59.7,"extra":1,"ei":1}},{"type":"Feature","geometry":{"type":"Point","coordinates":[19.486859,51.709419]},"properties":{"lines":"62, 70, 93, N3A","color":"#0059a9","mode":"bus","arr":["62","70","93","N3A"],"angle":-8.2}},{"type":"Feature","geometry":{"type":"Point","coordinates":[19.480817,51.725651]},"properties":{"lines":"62, 63, 71A, 71B, H","color":"#0059a9","mode":"bus","arr":["62","63","71A","71B","H"],"angle":-69}},{"type":"Feature","geometry":{"type":"Point","coordinates":[19.480725,51.726094]},"properties":{"lines":"62, 63, 71A, 71B","color":"#0059a9","mode":"bus","arr":["62","63","71A","71B"],"angle":74.7}},{"type":"Feature","geometry":{"type":"Point","coordinates":[19.464223,51.711794]},"properties":{"lines":"62, 93","color":"#0059a9","mode":"bus","arr":["62","93"],"angle":2.6}},{"type":"Feature","geometry":{"type":"Point","coordinates":[19.436016,51.710517]},"properties":{"lines":"62","color":"#0059a9","mode":"bus","arr":["62"],"angle":78.3}},{"type":"Feature","geometry":{"type":"Point","coordinates":[19.433568,51.712385]},"properties":{"lines":"62","color":"#0059a9","mode":"bus","arr":["62"],"angle":37.5,"mi":1}},{"type":"Feature","geometry":{"type":"Point","coordinates":[19.462351,51.73533]},"properties":{"lines":"63, 72A, 72B, N3A, N3B","color":"#0059a9","mode":"bus","arr":["63","72A","72B","N3A","N3B"],"angle":23.2}},{"type":"Feature","geometry":{"type":"Point","coordinates":[19.464115,51.734862]},"properties":{"lines":"63, 72A, 72B, N3A, N3B","color":"#0059a9","mode":"bus","arr":["63","72A","72B","N3A","N3B"],"angle":23.6,"extra":1,"ei":0}},{"type":"Feature","geometry":{"type":"Point","coordinates":[19.465387,51.733739]},"properties":{"lines":"63","color":"#0059a9","mode":"bus","arr":["63"],"angle":73.3}},{"type":"Feature","geometry":{"type":"Point","coordinates":[19.467883,51.730811]},"properties":{"lines":"63","color":"#0059a9","mode":"bus","arr":["63"],"angle":61.9,"mi":1}},{"type":"Feature","geometry":{"type":"Point","coordinates":[19.466686,51.732209]},"properties":{"lines":"63","color":"#0059a9","mode":"bus","arr":["63"],"angle":62.3,"extra":1,"ei":0}},{"type":"Feature","geometry":{"type":"Point","coordinates":[19.469747,51.728949]},"properties":{"lines":"63","color":"#0059a9","mode":"bus","arr":["63"],"angle":56,"extra":1,"ei":1}},{"type":"Feature","geometry":{"type":"Point","coordinates":[19.440774,51.722605]},"properties":{"lines":"63, 77","color":"#0059a9","mode":"bus","arr":["63","77"],"angle":3.6,"mi":1}},{"type":"Feature","geometry":{"type":"Point","coordinates":[19.439774,51.724683]},"properties":{"lines":"63","color":"#0059a9","mode":"bus","arr":["63"],"angle":-86.9,"mi":5}},{"type":"Feature","geometry":{"type":"Point","coordinates":[19.433657,51.726921]},"properties":{"lines":"63, 77","color":"#0059a9","mode":"bus","arr":["63","77"],"angle":3}},{"type":"Feature","geometry":{"type":"Point","coordinates":[19.424351,51.727202]},"properties":{"lines":"63, 77","color":"#0059a9","mode":"bus","arr":["63","77"],"angle":2.8,"extra":1,"ei":0}},{"type":"Feature","geometry":{"type":"Point","coordinates":[19.4274,51.727106]},"properties":{"lines":"63, 77","color":"#0059a9","mode":"bus","arr":["63","77"],"angle":2.8,"extra":1,"ei":1}},{"type":"Feature","geometry":{"type":"Point","coordinates":[19.430449,51.727015]},"properties":{"lines":"63, 77","color":"#0059a9","mode":"bus","arr":["63","77"],"angle":2.6,"extra":1,"ei":2}},{"type":"Feature","geometry":{"type":"Point","coordinates":[19.436547,51.726835]},"properties":{"lines":"63, 77","color":"#0059a9","mode":"bus","arr":["63","77"],"angle":2.5,"extra":1,"ei":3}},{"type":"Feature","geometry":{"type":"Point","coordinates":[19.439595,51.726736]},"properties":{"lines":"63, 77","color":"#0059a9","mode":"bus","arr":["63","77"],"angle":3.4,"extra":1,"ei":4}},{"type":"Feature","geometry":{"type":"Point","coordinates":[19.442643,51.726629]},"properties":{"lines":"63, 77","color":"#0059a9","mode":"bus","arr":["63","77"],"angle":2.5,"extra":1,"ei":5}},{"type":"Feature","geometry":{"type":"Point","coordinates":[19.42226,51.726865]},"properties":{"lines":"63","color":"#0059a9","mode":"bus","arr":["63"],"angle":6.4}},{"type":"Feature","geometry":{"type":"Point","coordinates":[19.423035,51.725073]},"properties":{"lines":"63, 77","color":"#0059a9","mode":"bus","arr":["63","77"],"angle":-87.4,"mi":3}},{"type":"Feature","geometry":{"type":"Point","coordinates":[19.423157,51.726288]},"properties":{"lines":"63, 77","color":"#0059a9","mode":"bus","arr":["63","77"],"angle":-86.2,"extra":1,"ei":0}},{"type":"Feature","geometry":{"type":"Point","coordinates":[19.445493,51.717239]},"properties":{"lines":"63","color":"#0059a9","mode":"bus","arr":["63"],"angle":20.6,"mi":4}},{"type":"Feature","geometry":{"type":"Point","coordinates":[19.451821,51.715912]},"properties":{"lines":"63","color":"#0059a9","mode":"bus","arr":["63"],"angle":10.7,"extra":1,"ei":0}},{"type":"Feature","geometry":{"type":"Point","coordinates":[19.448901,51.716438]},"properties":{"lines":"63","color":"#0059a9","mode":"bus","arr":["63"],"angle":20.6,"extra":1,"ei":1}},{"type":"Feature","geometry":{"type":"Point","coordinates":[19.443193,51.71778]},"properties":{"lines":"63","color":"#0059a9","mode":"bus","arr":["63"],"angle":20.8,"extra":1,"ei":2}},{"type":"Feature","geometry":{"type":"Point","coordinates":[19.440363,51.718483]},"properties":{"lines":"63","color":"#0059a9","mode":"bus","arr":["63"],"angle":23.4,"extra":1,"ei":3}},{"type":"Feature","geometry":{"type":"Point","coordinates":[19.453505,51.716004]},"properties":{"lines":"63","color":"#0059a9","mode":"bus","arr":["63"],"angle":-64,"mi":2}},{"type":"Feature","geometry":{"type":"Point","coordinates":[19.465819,51.72087]},"properties":{"lines":"63","color":"#0059a9","mode":"bus","arr":["63"],"angle":-31,"mi":3}},{"type":"Feature","geometry":{"type":"Point","coordinates":[19.458017,51.717907]},"properties":{"lines":"63","color":"#0059a9","mode":"bus","arr":["63"],"angle":54.7}},{"type":"Feature","geometry":{"type":"Point","coordinates":[19.454799,51.716678]},"properties":{"lines":"63","color":"#0059a9","mode":"bus","arr":["63"],"angle":-31.5,"mi":1}},{"type":"Feature","geometry":{"type":"Point","coordinates":[19.472321,51.723331]},"properties":{"lines":"63","color":"#0059a9","mode":"bus","arr":["63"],"angle":-31.5,"extra":1,"ei":0}},{"type":"Feature","geometry":{"type":"Point","coordinates":[19.469717,51.722346]},"properties":{"lines":"63","color":"#0059a9","mode":"bus","arr":["63"],"angle":-31.5,"extra":1,"ei":1}},{"type":"Feature","geometry":{"type":"Point","coordinates":[19.46192,51.719376]},"properties":{"lines":"63","color":"#0059a9","mode":"bus","arr":["63"],"angle":-31.5,"extra":1,"ei":2}},{"type":"Feature","geometry":{"type":"Point","coordinates":[19.475934,51.721449]},"properties":{"lines":"63","color":"#0059a9","mode":"bus","arr":["63"],"angle":58.5,"mi":6}},{"type":"Feature","geometry":{"type":"Point","coordinates":[19.474398,51.723012]},"properties":{"lines":"63","color":"#0059a9","mode":"bus","arr":["63"],"angle":59.3,"extra":1,"ei":0}},{"type":"Feature","geometry":{"type":"Point","coordinates":[19.477568,51.719784]},"properties":{"lines":"63","color":"#0059a9","mode":"bus","arr":["63"],"angle":58.9,"extra":1,"ei":1}},{"type":"Feature","geometry":{"type":"Point","coordinates":[19.481243,51.717732]},"properties":{"lines":"63, N3B","color":"#0059a9","mode":"bus","arr":["63","N3B"],"angle":25.3}},{"type":"Feature","geometry":{"type":"Point","coordinates":[19.479163,51.718332]},"properties":{"lines":"63, N3B","color":"#0059a9","mode":"bus","arr":["63","N3B"],"angle":33.7,"extra":1,"ei":0,"side":-1}},{"type":"Feature","geometry":{"type":"Point","coordinates":[19.484904,51.717971]},"properties":{"lines":"63, N3B","color":"#0059a9","mode":"bus","arr":["63","N3B"],"angle":-1.3,"extra":1,"ei":1}},{"type":"Feature","geometry":{"type":"Point","coordinates":[19.445181,51.725854]},"properties":{"lines":"63, 77","color":"#0059a9","mode":"bus","arr":["63","77"],"angle":78.1,"mi":2}},{"type":"Feature","geometry":{"type":"Point","coordinates":[19.515415,51.748376]},"properties":{"lines":"64A","color":"#0059a9","mode":"bus","arr":["64A"],"angle":79.1}},{"type":"Feature","geometry":{"type":"Point","coordinates":[19.519814,51.747555]},"properties":{"lines":"64A","color":"#0059a9","mode":"bus","arr":["64A"],"angle":-2,"extra":1,"ei":0}},{"type":"Feature","geometry":{"type":"Point","coordinates":[19.516764,51.747492]},"properties":{"lines":"64A","color":"#0059a9","mode":"bus","arr":["64A"],"angle":-2.1,"extra":1,"ei":1}},{"type":"Feature","geometry":{"type":"Point","coordinates":[19.515021,51.750466]},"properties":{"lines":"64A","color":"#0059a9","mode":"bus","arr":["64A"],"angle":-37.9,"extra":1,"ei":2}},{"type":"Feature","geometry":{"type":"Point","coordinates":[19.518012,51.750835]},"properties":{"lines":"64A","color":"#0059a9","mode":"bus","arr":["64A"],"angle":-43.3,"extra":1,"ei":3}},{"type":"Feature","geometry":{"type":"Point","coordinates":[19.521363,51.749713]},"properties":{"lines":"64A, 69A, 69B","color":"#0059a9","mode":"bus","arr":["64A","69A","69B"],"angle":79.8}},{"type":"Feature","geometry":{"type":"Point","coordinates":[19.520174,51.753406]},"properties":{"lines":"64A, 64B","color":"#0059a9","mode":"bus","arr":["64A","64B"],"angle":58.9,"mi":3}},{"type":"Feature","geometry":{"type":"Point","coordinates":[19.518367,51.758617]},"properties":{"lines":"64A, 64B","color":"#0059a9","mode":"bus","arr":["64A","64B"],"angle":80.1}},{"type":"Feature","geometry":{"type":"Point","coordinates":[19.519183,51.755989]},"properties":{"lines":"64A, 64B","color":"#0059a9","mode":"bus","arr":["64A","64B"],"angle":78.8,"extra":1,"ei":0}},{"type":"Feature","geometry":{"type":"Point","coordinates":[19.51763,51.761568]},"properties":{"lines":"64A, 64B","color":"#0059a9","mode":"bus","arr":["64A","64B"],"angle":80.5,"extra":1,"ei":1}},{"type":"Feature","geometry":{"type":"Point","coordinates":[19.51956,51.763382]},"properties":{"lines":"64A, 64B","color":"#0059a9","mode":"bus","arr":["64A","64B"],"angle":-35.5,"mi":2}},{"type":"Feature","geometry":{"type":"Point","coordinates":[19.517825,51.762484]},"properties":{"lines":"64A, 64B","color":"#0059a9","mode":"bus","arr":["64A","64B"],"angle":-58.7,"mi":1}},{"type":"Feature","geometry":{"type":"Point","coordinates":[19.523407,51.764102]},"properties":{"lines":"64A, 64B","color":"#0059a9","mode":"bus","arr":["64A","64B"],"angle":80,"extra":1,"ei":0}},{"type":"Feature","geometry":{"type":"Point","coordinates":[19.523944,51.789919]},"properties":{"lines":"64A, 64B, N7B","color":"#0059a9","mode":"bus","arr":["64A","64B","N7B"],"angle":-83.4}},{"type":"Feature","geometry":{"type":"Point","coordinates":[19.522495,51.784132]},"properties":{"lines":"64A, 64B, N7B","color":"#0059a9","mode":"bus","arr":["64A","64B","N7B"],"angle":-83.8,"extra":1,"ei":0}},{"type":"Feature","geometry":{"type":"Point","coordinates":[19.522744,51.786012]},"properties":{"lines":"64A, 64B, N7B","color":"#0059a9","mode":"bus","arr":["64A","64B","N7B"],"angle":-89.5,"extra":1,"ei":1}},{"type":"Feature","geometry":{"type":"Point","coordinates":[19.52355,51.787782]},"properties":{"lines":"64A, 64B, N7B","color":"#0059a9","mode":"bus","arr":["64A","64B","N7B"],"angle":-82.1,"extra":1,"ei":2}},{"type":"Feature","geometry":{"type":"Point","coordinates":[19.524247,51.791534]},"properties":{"lines":"64A, 64B, N7B","color":"#0059a9","mode":"bus","arr":["64A","64B","N7B"],"angle":-83.5,"extra":1,"ei":3}},{"type":"Feature","geometry":{"type":"Point","coordinates":[19.523981,51.793212]},"properties":{"lines":"64A, 64B, N7B","color":"#0059a9","mode":"bus","arr":["64A","64B","N7B"],"angle":-82,"extra":1,"ei":4}},{"type":"Feature","geometry":{"type":"Point","coordinates":[19.524407,51.795082]},"properties":{"lines":"64A, 64B, N7B","color":"#0059a9","mode":"bus","arr":["64A","64B","N7B"],"angle":-82.1,"extra":1,"ei":5}},{"type":"Feature","geometry":{"type":"Point","coordinates":[19.486159,51.791023]},"properties":{"lines":"64A, 64B, 70, 81A, 81B, Z6","color":"#0059a9","mode":"bus","arr":["64A","64B","70","81A","81B","Z6"],"angle":-23.4,"side":-1}},{"type":"Feature","geometry":{"type":"Point","coordinates":[19.47321,51.79049]},"properties":{"lines":"64A, 64B, N6","color":"#0059a9","mode":"bus","arr":["64A","64B","N6"],"angle":5.8}},{"type":"Feature","geometry":{"type":"Point","coordinates":[19.477142,51.79035]},"properties":{"lines":"64A, 64B, N6","color":"#0059a9","mode":"bus","arr":["64A","64B","N6"],"angle":-10.1,"extra":1,"ei":0}},{"type":"Feature","geometry":{"type":"Point","coordinates":[19.471077,51.790635]},"properties":{"lines":"64A, 64B, N6","color":"#0059a9","mode":"bus","arr":["64A","64B","N6"],"angle":6.4,"extra":1,"ei":1}},{"type":"Feature","geometry":{"type":"Point","coordinates":[19.468037,51.790795]},"properties":{"lines":"64A, 64B, N6","color":"#0059a9","mode":"bus","arr":["64A","64B","N6"],"angle":-8.3,"extra":1,"ei":2}},{"type":"Feature","geometry":{"type":"Point","coordinates":[19.467886,51.788423]},"properties":{"lines":"64A, 64B, N6","color":"#0059a9","mode":"bus","arr":["64A","64B","N6"],"angle":-89.9,"mi":1}},{"type":"Feature","geometry":{"type":"Point","coordinates":[19.467906,51.789788]},"properties":{"lines":"64A, 64B, N6","color":"#0059a9","mode":"bus","arr":["64A","64B","N6"],"angle":-89.7,"extra":1,"ei":0}},{"type":"Feature","geometry":{"type":"Point","coordinates":[19.460354,51.794116]},"properties":{"lines":"85A, 85B","color":"#0059a9","mode":"bus","arr":["85A","85B"],"angle":-86.8}},{"type":"Feature","geometry":{"type":"Point","coordinates":[19.46095,51.799777]},"properties":{"lines":"85A, 85B","color":"#0059a9","mode":"bus","arr":["85A","85B"],"angle":-85.7,"extra":1,"ei":0}},{"type":"Feature","geometry":{"type":"Point","coordinates":[19.460718,51.797894]},"properties":{"lines":"85A, 85B","color":"#0059a9","mode":"bus","arr":["85A","85B"],"angle":-85.7,"extra":1,"ei":1}},{"type":"Feature","geometry":{"type":"Point","coordinates":[19.460521,51.79601]},"properties":{"lines":"85A, 85B","color":"#0059a9","mode":"bus","arr":["85A","85B"],"angle":-86.9,"extra":1,"ei":2}},{"type":"Feature","geometry":{"type":"Point","coordinates":[19.460189,51.792238]},"properties":{"lines":"85A, 85B","color":"#0059a9","mode":"bus","arr":["85A","85B"],"angle":-86.7,"extra":1,"ei":3}},{"type":"Feature","geometry":{"type":"Point","coordinates":[19.45988,51.790361]},"properties":{"lines":"85A, 85B","color":"#0059a9","mode":"bus","arr":["85A","85B"],"angle":-82.2,"extra":1,"ei":4}},{"type":"Feature","geometry":{"type":"Point","coordinates":[19.45945,51.788492]},"properties":{"lines":"85A, 85B","color":"#0059a9","mode":"bus","arr":["85A","85B"],"angle":-89.9,"extra":1,"ei":5}},{"type":"Feature","geometry":{"type":"Point","coordinates":[19.45992,51.786101]},"properties":{"lines":"64A, 64B, 85A, 85B, N6, Z6","color":"#0059a9","mode":"bus","arr":["64A","64B","85A","85B","N6","Z6"],"angle":82.8}},{"type":"Feature","geometry":{"type":"Point","coordinates":[19.459646,51.787474]},"properties":{"lines":"64A, 64B, 85A, 85B, N6, Z6","color":"#0059a9","mode":"bus","arr":["64A","64B","85A","85B","N6","Z6"],"angle":83.1,"extra":1,"ei":0}},{"type":"Feature","geometry":{"type":"Point","coordinates":[19.456966,51.787526]},"properties":{"lines":"64A, 64B","color":"#0059a9","mode":"bus","arr":["64A","64B"],"angle":0.6,"mi":1}},{"type":"Feature","geometry":{"type":"Point","coordinates":[19.455055,51.787535]},"properties":{"lines":"64A, 64B","color":"#0059a9","mode":"bus","arr":["64A","64B"],"angle":0.7,"extra":1,"ei":0}},{"type":"Feature","geometry":{"type":"Point","coordinates":[19.452983,51.787508]},"properties":{"lines":"64A, 64B, 65A, 65B, N2","color":"#0059a9","mode":"bus","arr":["64A","64B","65A","65B","N2"],"angle":-0.8}},{"type":"Feature","geometry":{"type":"Point","coordinates":[19.4518,51.787293]},"properties":{"lines":"64A, 64B, 65A, 65B, N2","color":"#0059a9","mode":"bus","arr":["64A","64B","65A","65B","N2"],"angle":66,"side":-1,"mi":1}},{"type":"Feature","geometry":{"type":"Point","coordinates":[19.450881,51.788563]},"properties":{"lines":"64A, 64B","color":"#0059a9","mode":"bus","arr":["64A","64B"],"angle":65.9,"mi":3}},{"type":"Feature","geometry":{"type":"Point","coordinates":[19.452095,51.786882]},"properties":{"lines":"64A, 64B","color":"#0059a9","mode":"bus","arr":["64A","64B"],"angle":66}},{"type":"Feature","geometry":{"type":"Point","coordinates":[19.457036,51.786726]},"properties":{"lines":"64A, 64B","color":"#0059a9","mode":"bus","arr":["64A","64B"],"angle":-1.9,"mi":2}},{"type":"Feature","geometry":{"type":"Point","coordinates":[19.542103,51.751454]},"properties":{"lines":"64B","color":"#0059a9","mode":"bus","arr":["64B"],"angle":-52.6,"side":-1}},{"type":"Feature","geometry":{"type":"Point","coordinates":[19.536992,51.752308]},"properties":{"lines":"64B, 80A, 80B, 96, N1A, N1B","color":"#0059a9","mode":"bus","arr":["64B","80A","80B","96","N1A","N1B"],"angle":13.7}},{"type":"Feature","geometry":{"type":"Point","coordinates":[19.540571,51.751733]},"properties":{"lines":"64B, 80A, 80B, 96, N1A, N1B","color":"#0059a9","mode":"bus","arr":["64B","80A","80B","96","N1A","N1B"],"angle":18.2,"extra":1,"ei":0}},{"type":"Feature","geometry":{"type":"Point","coordinates":[19.534654,51.75266]},"properties":{"lines":"64B, 80A, 80B, 96, N1A, N1B","color":"#0059a9","mode":"bus","arr":["64B","80A","80B","96","N1A","N1B"],"angle":13.7,"extra":1,"ei":1}},{"type":"Feature","geometry":{"type":"Point","coordinates":[19.527029,51.752288]},"properties":{"lines":"64B, 69A, 69B, 96, N5A, N5B","color":"#0059a9","mode":"bus","arr":["64B","69A","69B","96","N5A","N5B"],"angle":-3.3,"side":-1}},{"type":"Feature","geometry":{"type":"Point","coordinates":[19.529414,51.752821]},"properties":{"lines":"64B, 69A, 69B, 96, N5A, N5B","color":"#0059a9","mode":"bus","arr":["64B","69A","69B","96","N5A","N5B"],"angle":4.4,"mi":1}},{"type":"Feature","geometry":{"type":"Point","coordinates":[19.523492,51.752143]},"properties":{"lines":"64B, 69A, 69B, 96, N5A, N5B","color":"#0059a9","mode":"bus","arr":["64B","69A","69B","96","N5A","N5B"],"angle":-6.7,"extra":1,"ei":0}},{"type":"Feature","geometry":{"type":"Point","coordinates":[19.45179,51.817478]},"properties":{"lines":"65A, 65B, N2","color":"#0059a9","mode":"bus","arr":["65A","65B","N2"],"angle":17.4,"side":-1}},{"type":"Feature","geometry":{"type":"Point","coordinates":[19.449933,51.81782]},"properties":{"lines":"65A, 65B, N2","color":"#0059a9","mode":"bus","arr":["65A","65B","N2"],"angle":16.6,"extra":1,"ei":0,"side":-1}},{"type":"Feature","geometry":{"type":"Point","coordinates":[19.457165,51.809034]},"properties":{"lines":"65A, 65B, 66, N2","color":"#0059a9","mode":"bus","arr":["65A","65B","66","N2"],"angle":60.9}},{"type":"Feature","geometry":{"type":"Point","coordinates":[19.455245,51.815322]},"properties":{"lines":"65A, 65B, 66, N2","color":"#0059a9","mode":"bus","arr":["65A","65B","66","N2"],"angle":67.1,"extra":1,"ei":0,"side":-1}},{"type":"Feature","geometry":{"type":"Point","coordinates":[19.455213,51.813488]},"properties":{"lines":"65A, 65B, 66, N2","color":"#0059a9","mode":"bus","arr":["65A","65B","66","N2"],"angle":-82.7,"extra":1,"ei":1}},{"type":"Feature","geometry":{"type":"Point","coordinates":[19.455375,51.811605]},"properties":{"lines":"65A, 65B, 66, N2","color":"#0059a9","mode":"bus","arr":["65A","65B","66","N2"],"angle":81.4,"extra":1,"ei":2,"side":-1}},{"type":"Feature","geometry":{"type":"Point","coordinates":[19.458953,51.806417]},"properties":{"lines":"65A, 65B, 66, N2","color":"#0059a9","mode":"bus","arr":["65A","65B","66","N2"],"angle":77.8,"extra":1,"ei":3,"side":-1}},{"type":"Feature","geometry":{"type":"Point","coordinates":[19.458965,51.80454]},"properties":{"lines":"65A, 65B, 66, N2","color":"#0059a9","mode":"bus","arr":["65A","65B","66","N2"],"angle":-82.2,"extra":1,"ei":4}},{"type":"Feature","geometry":{"type":"Point","coordinates":[19.458214,51.802713]},"properties":{"lines":"65A, 65B, 66, N2","color":"#0059a9","mode":"bus","arr":["65A","65B","66","N2"],"angle":-72,"extra":1,"ei":5}},{"type":"Feature","geometry":{"type":"Point","coordinates":[19.454485,51.790553]},"properties":{"lines":"65A, 65B, N2","color":"#0059a9","mode":"bus","arr":["65A","65B","N2"],"angle":-79.5}},{"type":"Feature","geometry":{"type":"Point","coordinates":[19.457185,51.800858]},"properties":{"lines":"65A, 65B, N2","color":"#0059a9","mode":"bus","arr":["65A","65B","N2"],"angle":-70.3}},{"type":"Feature","geometry":{"type":"Point","coordinates":[19.45521,51.793447]},"properties":{"lines":"65A, 65B, N2","color":"#0059a9","mode":"bus","arr":["65A","65B","N2"],"angle":-83.9,"extra":1,"ei":0}},{"type":"Feature","geometry":{"type":"Point","coordinates":[19.454323,51.787829]},"properties":{"lines":"65A, 65B, N2","color":"#0059a9","mode":"bus","arr":["65A","65B","N2"],"angle":-88.8,"extra":1,"ei":1}},{"type":"Feature","geometry":{"type":"Point","coordinates":[19.449686,51.786821]},"properties":{"lines":"65A, 65B, N2","color":"#0059a9","mode":"bus","arr":["65A","65B","N2"],"angle":-36.3,"side":-1,"mi":1}},{"type":"Feature","geometry":{"type":"Point","coordinates":[19.457711,51.801414]},"properties":{"lines":"65A, 65B, N2","color":"#0059a9","mode":"bus","arr":["65A","65B","N2"],"angle":-69.8,"mi":1}},{"type":"Feature","geometry":{"type":"Point","coordinates":[19.442629,51.784295]},"properties":{"lines":"65A, 65B, 96, N1A, N1B","color":"#0059a9","mode":"bus","arr":["65A","65B","96","N1A","N1B"],"angle":16.5}},{"type":"Feature","geometry":{"type":"Point","coordinates":[19.436201,51.785523]},"properties":{"lines":"65A, 65B, 96, N1A, N1B","color":"#0059a9","mode":"bus","arr":["65A","65B","96","N1A","N1B"],"angle":19.1,"extra":1,"ei":0}},{"type":"Feature","geometry":{"type":"Point","coordinates":[19.439097,51.784926]},"properties":{"lines":"65A, 65B, 96, N1A, N1B","color":"#0059a9","mode":"bus","arr":["65A","65B","96","N1A","N1B"],"angle":17.2,"extra":1,"ei":1}},{"type":"Feature","geometry":{"type":"Point","coordinates":[19.444971,51.783898]},"properties":{"lines":"65A, 65B, 96, N1A, N1B","color":"#0059a9","mode":"bus","arr":["65A","65B","96","N1A","N1B"],"angle":15,"extra":1,"ei":2}},{"type":"Feature","geometry":{"type":"Point","coordinates":[19.447909,51.783386]},"properties":{"lines":"65A, 65B, 96, N1A, N1B","color":"#0059a9","mode":"bus","arr":["65A","65B","96","N1A","N1B"],"angle":16,"extra":1,"ei":3}},{"type":"Feature","geometry":{"type":"Point","coordinates":[19.430762,51.78499]},"properties":{"lines":"65A, 65B","color":"#0059a9","mode":"bus","arr":["65A","65B"],"angle":-5.7}},{"type":"Feature","geometry":{"type":"Point","coordinates":[19.433466,51.785391]},"properties":{"lines":"65A, 65B","color":"#0059a9","mode":"bus","arr":["65A","65B"],"angle":-22.1,"extra":1,"ei":0}},{"type":"Feature","geometry":{"type":"Point","coordinates":[19.427474,51.784842]},"properties":{"lines":"65A, 65B","color":"#0059a9","mode":"bus","arr":["65A","65B"],"angle":0.7,"extra":1,"ei":1}},{"type":"Feature","geometry":{"type":"Point","coordinates":[19.426253,51.782987]},"properties":{"lines":"65A, 65B, 87A, 87B, 99","color":"#0059a9","mode":"bus","arr":["65A","65B","87A","87B","99"],"angle":-88.3}},{"type":"Feature","geometry":{"type":"Point","coordinates":[19.42743,51.777355]},"properties":{"lines":"65A, 65B, 87A, 87B, 99, N3A, N3B","color":"#0059a9","mode":"bus","arr":["65A","65B","87A","87B","99","N3A","N3B"],"angle":87.4}},{"type":"Feature","geometry":{"type":"Point","coordinates":[19.426962,51.78021]},"properties":{"lines":"65A, 65B, 87A, 87B, 99, N3A, N3B","color":"#0059a9","mode":"bus","arr":["65A","65B","87A","87B","99","N3A","N3B"],"angle":82.5,"extra":1,"ei":0}},{"type":"Feature","geometry":{"type":"Point","coordinates":[19.427246,51.774565]},"properties":{"lines":"65A, 65B, 87A, 87B, 99, N3A, N3B","color":"#0059a9","mode":"bus","arr":["65A","65B","87A","87B","99","N3A","N3B"],"angle":-89.7,"extra":1,"ei":1}},{"type":"Feature","geometry":{"type":"Point","coordinates":[19.428246,51.77184]},"properties":{"lines":"65A, 65B, 73, 99, 100, N3A, N3B","color":"#0059a9","mode":"bus","arr":["65A","65B","73","99","100","N3A","N3B"],"angle":72.4}},{"type":"Feature","geometry":{"type":"Point","coordinates":[19.429316,51.769586]},"properties":{"lines":"65A, 65B, 99, N3A, N3B","color":"#0059a9","mode":"bus","arr":["65A","65B","99","N3A","N3B"],"angle":63,"side":-1}},{"type":"Feature","geometry":{"type":"Point","coordinates":[19.430797,51.769104]},"properties":{"lines":"65A, 65B, 72A, 72B, 83, 99, 100, N3A, N3B, N9, Z13","color":"#0059a9","mode":"bus","arr":["65A","65B","72A","72B","83","99","100","N3A","N3B","N9","Z13"],"angle":10,"side":-1}},{"type":"Feature","geometry":{"type":"Point","coordinates":[19.43506,51.770081]},"properties":{"lines":"65A, 65B, 72A, 72B, 99, N3A, N3B","color":"#0059a9","mode":"bus","arr":["65A","65B","72A","72B","99","N3A","N3B"],"angle":-26.9}},{"type":"Feature","geometry":{"type":"Point","coordinates":[19.441546,51.772141]},"properties":{"lines":"65A, 65B, 72A, 72B, N3A, N3B","color":"#0059a9","mode":"bus","arr":["65A","65B","72A","72B","N3A","N3B"],"angle":-27.4}},{"type":"Feature","geometry":{"type":"Point","coordinates":[19.439413,51.771456]},"properties":{"lines":"65A, 65B, 72A, 72B, N3A, N3B","color":"#0059a9","mode":"bus","arr":["65A","65B","72A","72B","N3A","N3B"],"angle":-27.3,"extra":1,"ei":0}},{"type":"Feature","geometry":{"type":"Point","coordinates":[19.445008,51.772862]},"properties":{"lines":"65A, 65B, 72A, 72B, N3A, N3B","color":"#0059a9","mode":"bus","arr":["65A","65B","72A","72B","N3A","N3B"],"angle":-7.6,"extra":1,"ei":1}},{"type":"Feature","geometry":{"type":"Point","coordinates":[19.445565,51.771279]},"properties":{"lines":"65A, 65B, 72A, 72B","color":"#0059a9","mode":"bus","arr":["65A","65B","72A","72B"],"angle":81.6}},{"type":"Feature","geometry":{"type":"Point","coordinates":[19.445853,51.770075]},"properties":{"lines":"65A, 65B, 72A, 72B","color":"#0059a9","mode":"bus","arr":["65A","65B","72A","72B"],"angle":81.7,"extra":1,"ei":0}},{"type":"Feature","geometry":{"type":"Point","coordinates":[19.446149,51.768773]},"properties":{"lines":"65A, 65B, 72A, 72B, 83, 86","color":"#0059a9","mode":"bus","arr":["65A","65B","72A","72B","83","86"],"angle":82.2}},{"type":"Feature","geometry":{"type":"Point","coordinates":[19.44261,51.767549]},"properties":{"lines":"65A, 65B","color":"#0059a9","mode":"bus","arr":["65A","65B"],"angle":-8.6,"mi":2}},{"type":"Feature","geometry":{"type":"Point","coordinates":[19.440382,51.767348]},"properties":{"lines":"65A, 65B","color":"#0059a9","mode":"bus","arr":["65A","65B"],"angle":-8.1,"extra":1,"ei":0}},{"type":"Feature","geometry":{"type":"Point","coordinates":[19.439181,51.765793]},"properties":{"lines":"65A, 65B, 99, N9","color":"#0059a9","mode":"bus","arr":["65A","65B","99","N9"],"angle":82.3}},{"type":"Feature","geometry":{"type":"Point","coordinates":[19.439462,51.764406]},"properties":{"lines":"65A, 65B, 99, N9","color":"#0059a9","mode":"bus","arr":["65A","65B","99","N9"],"angle":84.5,"extra":1,"ei":0}},{"type":"Feature","geometry":{"type":"Point","coordinates":[19.440304,51.762393]},"properties":{"lines":"65A, 65B, 80A, 80B, 99","color":"#0059a9","mode":"bus","arr":["65A","65B","80A","80B","99"],"angle":56.9}},{"type":"Feature","geometry":{"type":"Point","coordinates":[19.437938,51.759417]},"properties":{"lines":"65A, 65B, 80A, 80B, 99","color":"#0059a9","mode":"bus","arr":["65A","65B","80A","80B","99"],"angle":-28.2,"mi":2}},{"type":"Feature","geometry":{"type":"Point","coordinates":[19.440578,51.760381]},"properties":{"lines":"65A, 65B, 80A, 80B, 99","color":"#0059a9","mode":"bus","arr":["65A","65B","80A","80B","99"],"angle":-30.8,"extra":1,"ei":0}},{"type":"Feature","geometry":{"type":"Point","coordinates":[19.435332,51.758471]},"properties":{"lines":"65A, 65B, 80A, 80B, 99","color":"#0059a9","mode":"bus","arr":["65A","65B","80A","80B","99"],"angle":-30.1,"extra":1,"ei":1}},{"type":"Feature","geometry":{"type":"Point","coordinates":[19.419599,51.741873]},"properties":{"lines":"65A, 65B, G1","color":"#0059a9","mode":"bus","arr":["65A","65B","G1"],"angle":-40.2}},{"type":"Feature","geometry":{"type":"Point","coordinates":[19.41091,51.737565]},"properties":{"lines":"65A, 65B","color":"#0059a9","mode":"bus","arr":["65A","65B"],"angle":-39.1,"mi":1}},{"type":"Feature","geometry":{"type":"Point","coordinates":[19.42072,51.74209]},"properties":{"lines":"65A, 65B","color":"#0059a9","mode":"bus","arr":["65A","65B"],"angle":-14.6,"side":-1,"mi":4}},{"type":"Feature","geometry":{"type":"Point","coordinates":[19.416409,51.740331]},"properties":{"lines":"65A, 65B","color":"#0059a9","mode":"bus","arr":["65A","65B"],"angle":-39,"extra":1,"ei":0}},{"type":"Feature","geometry":{"type":"Point","coordinates":[19.414037,51.739142]},"properties":{"lines":"65A, 65B","color":"#0059a9","mode":"bus","arr":["65A","65B"],"angle":-39.1,"extra":1,"ei":1}},{"type":"Feature","geometry":{"type":"Point","coordinates":[19.409304,51.736757]},"properties":{"lines":"65A, 65B","color":"#0059a9","mode":"bus","arr":["65A","65B"],"angle":-39,"extra":1,"ei":2}},{"type":"Feature","geometry":{"type":"Point","coordinates":[19.406935,51.735566]},"properties":{"lines":"65A, 65B","color":"#0059a9","mode":"bus","arr":["65A","65B"],"angle":-39.3,"extra":1,"ei":3}},{"type":"Feature","geometry":{"type":"Point","coordinates":[19.405122,51.734108]},"properties":{"lines":"65A, 65B","color":"#0059a9","mode":"bus","arr":["65A","65B"],"angle":-78.7,"extra":1,"ei":4}},{"type":"Feature","geometry":{"type":"Point","coordinates":[19.404923,51.730218]},"properties":{"lines":"65A, 65B","color":"#0059a9","mode":"bus","arr":["65A","65B"],"angle":-88.6}},{"type":"Feature","geometry":{"type":"Point","coordinates":[19.399867,51.727348]},"properties":{"lines":"65A, 65B","color":"#0059a9","mode":"bus","arr":["65A","65B"],"angle":29.9,"mi":3}},{"type":"Feature","geometry":{"type":"Point","coordinates":[19.405027,51.732896]},"properties":{"lines":"65A, 65B","color":"#0059a9","mode":"bus","arr":["65A","65B"],"angle":-88.5,"extra":1,"ei":0}},{"type":"Feature","geometry":{"type":"Point","coordinates":[19.403224,51.727905]},"properties":{"lines":"65A, 65B","color":"#0059a9","mode":"bus","arr":["65A","65B"],"angle":-19.7,"extra":1,"ei":1}},{"type":"Feature","geometry":{"type":"Point","coordinates":[19.402268,51.728224]},"properties":{"lines":"65A, 65B","color":"#0059a9","mode":"bus","arr":["65A","65B"],"angle":-16.1,"mi":2}},{"type":"Feature","geometry":{"type":"Point","coordinates":[19.40137,51.727511]},"properties":{"lines":"65B","color":"#0059a9","mode":"bus","arr":["65B"],"angle":-19.3,"mi":3}},{"type":"Feature","geometry":{"type":"Point","coordinates":[19.435619,51.754208]},"properties":{"lines":"65A, 65B","color":"#0059a9","mode":"bus","arr":["65A","65B"],"angle":80.1}},{"type":"Feature","geometry":{"type":"Point","coordinates":[19.435117,51.762413]},"properties":{"lines":"65A, 65B, 80A, 80B, 99","color":"#0059a9","mode":"bus","arr":["65A","65B","80A","80B","99"],"angle":-34.8,"mi":1}},{"type":"Feature","geometry":{"type":"Point","coordinates":[19.43739,51.763391]},"properties":{"lines":"65A, 65B, 80A, 80B, 99","color":"#0059a9","mode":"bus","arr":["65A","65B","80A","80B","99"],"angle":-34.8,"extra":1,"ei":0}},{"type":"Feature","geometry":{"type":"Point","coordinates":[19.432386,51.761227]},"properties":{"lines":"65A, 65B, 80A, 80B, 99","color":"#0059a9","mode":"bus","arr":["65A","65B","80A","80B","99"],"angle":-35,"extra":1,"ei":1}},{"type":"Feature","geometry":{"type":"Point","coordinates":[19.438998,51.763987]},"properties":{"lines":"65A, 65B, 99","color":"#0059a9","mode":"bus","arr":["65A","65B","99"],"angle":-12}},{"type":"Feature","geometry":{"type":"Point","coordinates":[19.444295,51.769094]},"properties":{"lines":"65A, 65B","color":"#0059a9","mode":"bus","arr":["65A","65B"],"angle":82.1}},{"type":"Feature","geometry":{"type":"Point","coordinates":[19.436481,51.768805]},"properties":{"lines":"65A, 65B, 83, N9, Z13","color":"#0059a9","mode":"bus","arr":["65A","65B","83","N9","Z13"],"angle":-6}},{"type":"Feature","geometry":{"type":"Point","coordinates":[19.442408,51.769361]},"properties":{"lines":"65A, 65B, 83, N9, Z13","color":"#0059a9","mode":"bus","arr":["65A","65B","83","N9","Z13"],"angle":-8.3,"mi":1}},{"type":"Feature","geometry":{"type":"Point","coordinates":[19.439553,51.769088]},"properties":{"lines":"65A, 65B, 83, Z13","color":"#0059a9","mode":"bus","arr":["65A","65B","83","Z13"],"angle":-7}},{"type":"Feature","geometry":{"type":"Point","coordinates":[19.433269,51.769019]},"properties":{"lines":"65A, 65B, 72A, 72B, 83, 99, N3A, N3B, N9, Z13","color":"#0059a9","mode":"bus","arr":["65A","65B","72A","72B","83","99","N3A","N3B","N9","Z13"],"angle":10.1}},{"type":"Feature","geometry":{"type":"Point","coordinates":[19.430249,51.769332]},"properties":{"lines":"65A, 65B, 72A, 72B, 83, 99, 100, N3A, N3B, N9","color":"#0059a9","mode":"bus","arr":["65A","65B","72A","72B","83","99","100","N3A","N3B","N9"],"angle":12.4}},{"type":"Feature","geometry":{"type":"Point","coordinates":[19.454038,51.816825]},"properties":{"lines":"65A, 65B","color":"#0059a9","mode":"bus","arr":["65A","65B"],"angle":45.4}},{"type":"Feature","geometry":{"type":"Point","coordinates":[19.397775,51.727989]},"properties":{"lines":"65B","color":"#0059a9","mode":"bus","arr":["65B"],"angle":17.1}},{"type":"Feature","geometry":{"type":"Point","coordinates":[19.395324,51.728471]},"properties":{"lines":"65B","color":"#0059a9","mode":"bus","arr":["65B"],"angle":30.9,"mi":1}},{"type":"Feature","geometry":{"type":"Point","coordinates":[19.395321,51.729037]},"properties":{"lines":"65B","color":"#0059a9","mode":"bus","arr":["65B"],"angle":-41.2,"mi":2}},{"type":"Feature","geometry":{"type":"Point","coordinates":[19.458995,51.800968]},"properties":{"lines":"66, 81A, 81B, 85A, 85B, Z3","color":"#0059a9","mode":"bus","arr":["66","81A","81B","85A","85B","Z3"],"angle":4.1}},{"type":"Feature","geometry":{"type":"Point","coordinates":[19.457842,51.801332]},"properties":{"lines":"66, Z3","color":"#0059a9","mode":"bus","arr":["66","Z3"],"angle":88.8,"mi":1}},{"type":"Feature","geometry":{"type":"Point","coordinates":[19.464317,51.830964]},"properties":{"lines":"66","color":"#0059a9","mode":"bus","arr":["66"],"angle":-78.5}},{"type":"Feature","geometry":{"type":"Point","coordinates":[19.468065,51.845826]},"properties":{"lines":"66","color":"#0059a9","mode":"bus","arr":["66"],"angle":-86.6,"extra":1,"ei":0}},{"type":"Feature","geometry":{"type":"Point","coordinates":[19.467122,51.844045]},"properties":{"lines":"66","color":"#0059a9","mode":"bus","arr":["66"],"angle":-70.4,"extra":1,"ei":1}},{"type":"Feature","geometry":{"type":"Point","coordinates":[19.467384,51.842192]},"properties":{"lines":"66","color":"#0059a9","mode":"bus","arr":["66"],"angle":86.9,"extra":1,"ei":2}},{"type":"Feature","geometry":{"type":"Point","coordinates":[19.467529,51.840306]},"properties":{"lines":"66","color":"#0059a9","mode":"bus","arr":["66"],"angle":87.6,"extra":1,"ei":3}},{"type":"Feature","geometry":{"type":"Point","coordinates":[19.467342,51.838425]},"properties":{"lines":"66","color":"#0059a9","mode":"bus","arr":["66"],"angle":-83.3,"extra":1,"ei":4}},{"type":"Feature","geometry":{"type":"Point","coordinates":[19.466562,51.836607]},"properties":{"lines":"66","color":"#0059a9","mode":"bus","arr":["66"],"angle":-69.9,"extra":1,"ei":5}},{"type":"Feature","geometry":{"type":"Point","coordinates":[19.465568,51.834823]},"properties":{"lines":"66","color":"#0059a9","mode":"bus","arr":["66"],"angle":-77.1,"extra":1,"ei":6}},{"type":"Feature","geometry":{"type":"Point","coordinates":[19.464969,51.832972]},"properties":{"lines":"66","color":"#0059a9","mode":"bus","arr":["66"],"angle":-78.7,"extra":1,"ei":7}},{"type":"Feature","geometry":{"type":"Point","coordinates":[19.463596,51.829297]},"properties":{"lines":"66","color":"#0059a9","mode":"bus","arr":["66"],"angle":-70,"extra":1,"ei":8}},{"type":"Feature","geometry":{"type":"Point","coordinates":[19.462507,51.827534]},"properties":{"lines":"66","color":"#0059a9","mode":"bus","arr":["66"],"angle":-62.1,"extra":1,"ei":9}},{"type":"Feature","geometry":{"type":"Point","coordinates":[19.460951,51.825909]},"properties":{"lines":"66","color":"#0059a9","mode":"bus","arr":["66"],"angle":-59.2,"extra":1,"ei":10}},{"type":"Feature","geometry":{"type":"Point","coordinates":[19.459403,51.824282]},"properties":{"lines":"66","color":"#0059a9","mode":"bus","arr":["66"],"angle":-64.4,"extra":1,"ei":11}},{"type":"Feature","geometry":{"type":"Point","coordinates":[19.458491,51.822481]},"properties":{"lines":"66","color":"#0059a9","mode":"bus","arr":["66"],"angle":-73.4,"extra":1,"ei":12}},{"type":"Feature","geometry":{"type":"Point","coordinates":[19.457586,51.820678]},"properties":{"lines":"66","color":"#0059a9","mode":"bus","arr":["66"],"angle":-70.1,"extra":1,"ei":13}},{"type":"Feature","geometry":{"type":"Point","coordinates":[19.456561,51.8189]},"properties":{"lines":"66","color":"#0059a9","mode":"bus","arr":["66"],"angle":-79,"extra":1,"ei":14}},{"type":"Feature","geometry":{"type":"Point","coordinates":[19.456237,51.817022]},"properties":{"lines":"66","color":"#0059a9","mode":"bus","arr":["66"],"angle":-75.9,"extra":1,"ei":15}},{"type":"Feature","geometry":{"type":"Point","coordinates":[19.493474,51.845657]},"properties":{"lines":"66","color":"#0059a9","mode":"bus","arr":["66"],"angle":6.4}},{"type":"Feature","geometry":{"type":"Point","coordinates":[19.480469,51.846531]},"properties":{"lines":"66","color":"#0059a9","mode":"bus","arr":["66"],"angle":6.6,"extra":1,"ei":0}},{"type":"Feature","geometry":{"type":"Point","coordinates":[19.483505,51.846338]},"properties":{"lines":"66","color":"#0059a9","mode":"bus","arr":["66"],"angle":5.9,"extra":1,"ei":1}},{"type":"Feature","geometry":{"type":"Point","coordinates":[19.48654,51.846134]},"properties":{"lines":"66","color":"#0059a9","mode":"bus","arr":["66"],"angle":6.3,"extra":1,"ei":2}},{"type":"Feature","geometry":{"type":"Point","coordinates":[19.489574,51.845926]},"properties":{"lines":"66","color":"#0059a9","mode":"bus","arr":["66"],"angle":6.3,"extra":1,"ei":3}},{"type":"Feature","geometry":{"type":"Point","coordinates":[19.495641,51.845504]},"properties":{"lines":"66","color":"#0059a9","mode":"bus","arr":["66"],"angle":6.5,"extra":1,"ei":4}},{"type":"Feature","geometry":{"type":"Point","coordinates":[19.498673,51.84529]},"properties":{"lines":"66","color":"#0059a9","mode":"bus","arr":["66"],"angle":6.5,"extra":1,"ei":5}},{"type":"Feature","geometry":{"type":"Point","coordinates":[19.501709,51.845095]},"properties":{"lines":"66","color":"#0059a9","mode":"bus","arr":["66"],"angle":2.5,"extra":1,"ei":6}},{"type":"Feature","geometry":{"type":"Point","coordinates":[19.504715,51.844794]},"properties":{"lines":"66","color":"#0059a9","mode":"bus","arr":["66"],"angle":14.2,"extra":1,"ei":7}},{"type":"Feature","geometry":{"type":"Point","coordinates":[19.507034,51.843616]},"properties":{"lines":"66","color":"#0059a9","mode":"bus","arr":["66"],"angle":45.7,"extra":1,"ei":8,"side":-1}},{"type":"Feature","geometry":{"type":"Point","coordinates":[19.458671,51.801753]},"properties":{"lines":"66, Z3","color":"#0059a9","mode":"bus","arr":["66","Z3"],"angle":11.7}},{"type":"Feature","geometry":{"type":"Point","coordinates":[19.486782,51.813769]},"properties":{"lines":"Z3","color":"#0059a9","mode":"bus","arr":["Z3"],"angle":23.7,"side":-1}},{"type":"Feature","geometry":{"type":"Point","coordinates":[19.427553,51.744195]},"properties":{"lines":"67, 69A, 69B, 97A, 97B, G1, N7A, N7B","color":"#0059a9","mode":"bus","arr":["67","69A","69B","97A","97B","G1","N7A","N7B"],"angle":-86.9}},{"type":"Feature","geometry":{"type":"Point","coordinates":[19.42992,51.746382]},"properties":{"lines":"67, 69A, 69B, 97A, 97B, G1, N7A, N7B","color":"#0059a9","mode":"bus","arr":["67","69A","69B","97A","97B","G1","N7A","N7B"],"angle":5.2,"extra":1,"ei":0}},{"type":"Feature","geometry":{"type":"Point","coordinates":[19.427681,51.745607]},"properties":{"lines":"67, 69A, 69B, 97A, 97B, G1, N7A, N7B","color":"#0059a9","mode":"bus","arr":["67","69A","69B","97A","97B","G1","N7A","N7B"],"angle":-86.5,"extra":1,"ei":1}},{"type":"Feature","geometry":{"type":"Point","coordinates":[19.425089,51.743148]},"properties":{"lines":"67, 69A, 69B, 97A, 97B, G1, N7A, N7B","color":"#0059a9","mode":"bus","arr":["67","69A","69B","97A","97B","G1","N7A","N7B"],"angle":-2.7,"extra":1,"ei":2}},{"type":"Feature","geometry":{"type":"Point","coordinates":[19.434346,51.742266]},"properties":{"lines":"69A, 69B, F1, H, N7A, N7B","color":"#0059a9","mode":"bus","arr":["69A","69B","F1","H","N7A","N7B"],"angle":-87.2}},{"type":"Feature","geometry":{"type":"Point","coordinates":[19.432922,51.746105]},"properties":{"lines":"69A, 69B, F1, H, N7A, N7B","color":"#0059a9","mode":"bus","arr":["69A","69B","F1","H","N7A","N7B"],"angle":23.8,"extra":1,"ei":0}},{"type":"Feature","geometry":{"type":"Point","coordinates":[19.434541,51.744761]},"properties":{"lines":"69A, 69B, F1, H, N7A, N7B","color":"#0059a9","mode":"bus","arr":["69A","69B","F1","H","N7A","N7B"],"angle":-86.5,"extra":1,"ei":1}},{"type":"Feature","geometry":{"type":"Point","coordinates":[19.434253,51.740988]},"properties":{"lines":"69A, 69B, F1, H, N7A, N7B","color":"#0059a9","mode":"bus","arr":["69A","69B","F1","H","N7A","N7B"],"angle":-87.5,"extra":1,"ei":2}},{"type":"Feature","geometry":{"type":"Point","coordinates":[19.434113,51.739102]},"properties":{"lines":"69A, 69B, F1, H, N7A, N7B","color":"#0059a9","mode":"bus","arr":["69A","69B","F1","H","N7A","N7B"],"angle":-87.2,"extra":1,"ei":3}},{"type":"Feature","geometry":{"type":"Point","coordinates":[19.433966,51.737215]},"properties":{"lines":"69A, 69B, F1, H, N7A, N7B","color":"#0059a9","mode":"bus","arr":["69A","69B","F1","H","N7A","N7B"],"angle":80.5,"extra":1,"ei":4}},{"type":"Feature","geometry":{"type":"Point","coordinates":[19.42033,51.752062]},"properties":{"lines":"67, 86, N2","color":"#0059a9","mode":"bus","arr":["67","86","N2"],"angle":-66.1,"side":-1}},{"type":"Feature","geometry":{"type":"Point","coordinates":[19.418629,51.749117]},"properties":{"lines":"67, 86, N2","color":"#0059a9","mode":"bus","arr":["67","86","N2"],"angle":85.4,"extra":1,"ei":0}},{"type":"Feature","geometry":{"type":"Point","coordinates":[19.419499,51.750902]},"properties":{"lines":"67, 86, N2","color":"#0059a9","mode":"bus","arr":["67","86","N2"],"angle":-66.1,"extra":1,"ei":1,"side":-1}},{"type":"Feature","geometry":{"type":"Point","coordinates":[19.421971,51.754355]},"properties":{"lines":"67, 86, N2","color":"#0059a9","mode":"bus","arr":["67","86","N2"],"angle":-65.7,"extra":1,"ei":2,"side":-1}},{"type":"Feature","geometry":{"type":"Point","coordinates":[19.420928,51.753218]},"properties":{"lines":"67, 86, N2","color":"#0059a9","mode":"bus","arr":["67","86","N2"],"angle":-65.9,"extra":1,"ei":0}},{"type":"Feature","geometry":{"type":"Point","coordinates":[19.433054,51.755665]},"properties":{"lines":"67","color":"#0059a9","mode":"bus","arr":["67"],"angle":-10.6,"side":-1,"mi":2}},{"type":"Feature","geometry":{"type":"Point","coordinates":[19.445425,51.757611]},"properties":{"lines":"67","color":"#0059a9","mode":"bus","arr":["67"],"angle":-32.8}},{"type":"Feature","geometry":{"type":"Point","coordinates":[19.451967,51.758422]},"properties":{"lines":"67","color":"#0059a9","mode":"bus","arr":["67"],"angle":-14.4,"side":-1,"mi":1}},{"type":"Feature","geometry":{"type":"Point","coordinates":[19.454146,51.758806]},"properties":{"lines":"67","color":"#0059a9","mode":"bus","arr":["67"],"angle":-23.1,"extra":1,"ei":0,"side":-1}},{"type":"Feature","geometry":{"type":"Point","coordinates":[19.448431,51.758294]},"properties":{"lines":"67","color":"#0059a9","mode":"bus","arr":["67"],"angle":-11.7,"extra":1,"ei":0,"side":-1}},{"type":"Feature","geometry":{"type":"Point","coordinates":[19.442948,51.756763]},"properties":{"lines":"67","color":"#0059a9","mode":"bus","arr":["67"],"angle":-20.6,"extra":1,"ei":1}},{"type":"Feature","geometry":{"type":"Point","coordinates":[19.440043,51.756193]},"properties":{"lines":"67","color":"#0059a9","mode":"bus","arr":["67"],"angle":-10.7,"extra":1,"ei":2}},{"type":"Feature","geometry":{"type":"Point","coordinates":[19.437002,51.756121]},"properties":{"lines":"67","color":"#0059a9","mode":"bus","arr":["67"],"angle":5.1,"extra":1,"ei":3}},{"type":"Feature","geometry":{"type":"Point","coordinates":[19.449318,51.757864]},"properties":{"lines":"67, 72A, 72B, N4A, N4B","color":"#0059a9","mode":"bus","arr":["67","72A","72B","N4A","N4B"],"angle":-21.8,"side":-1}},{"type":"Feature","geometry":{"type":"Point","coordinates":[19.421657,51.742357]},"properties":{"lines":"67, 69A, 69B, 97A, 97B, N7A, N7B","color":"#0059a9","mode":"bus","arr":["67","69A","69B","97A","97B","N7A","N7B"],"angle":27.8}},{"type":"Feature","geometry":{"type":"Point","coordinates":[19.382851,51.741969]},"properties":{"lines":"68, 69A, 69B, 76, 80A, 80B, 86, 94, 99, G2, N2, N7A, N7B","color":"#0059a9","mode":"bus","arr":["68","69A","69B","76","80A","80B","86","94","99","G2","N2","N7A","N7B"],"angle":71.3,"side":-1}},{"type":"Feature","geometry":{"type":"Point","coordinates":[19.383451,51.74102]},"properties":{"lines":"68, 69A, 69B, 76, 86, 94, G2, N7A, N7B","color":"#0059a9","mode":"bus","arr":["68","69A","69B","76","86","94","G2","N7A","N7B"],"angle":66.8,"side":-1}},{"type":"Feature","geometry":{"type":"Point","coordinates":[19.384681,51.739252]},"properties":{"lines":"68, 69A, 69B, 76, 86, 94, G1, G2, N7A, N7B","color":"#0059a9","mode":"bus","arr":["68","69A","69B","76","86","94","G1","G2","N7A","N7B"],"angle":66.6}},{"type":"Feature","geometry":{"type":"Point","coordinates":[19.386331,51.736873]},"properties":{"lines":"68, 69A, 69B, 86, 94, G1, G2","color":"#0059a9","mode":"bus","arr":["68","69A","69B","86","94","G1","G2"],"angle":66.6}},{"type":"Feature","geometry":{"type":"Point","coordinates":[19.376532,51.735088]},"properties":{"lines":"68, 94, G1, G2","color":"#0059a9","mode":"bus","arr":["68","94","G1","G2"],"angle":-26.3}},{"type":"Feature","geometry":{"type":"Point","coordinates":[19.384923,51.736318]},"properties":{"lines":"68, 94, G1, G2","color":"#0059a9","mode":"bus","arr":["68","94","G1","G2"],"angle":-2.2,"extra":1,"ei":0}},{"type":"Feature","geometry":{"type":"Point","coordinates":[19.381873,51.736237]},"properties":{"lines":"68, 94, G1, G2","color":"#0059a9","mode":"bus","arr":["68","94","G1","G2"],"angle":-2.6,"extra":1,"ei":1}},{"type":"Feature","geometry":{"type":"Point","coordinates":[19.378927,51.735775]},"properties":{"lines":"68, 94, G1, G2","color":"#0059a9","mode":"bus","arr":["68","94","G1","G2"],"angle":-18.2,"extra":1,"ei":2}},{"type":"Feature","geometry":{"type":"Point","coordinates":[19.373373,51.734212]},"properties":{"lines":"68, 94, G1, G2","color":"#0059a9","mode":"bus","arr":["68","94","G1","G2"],"angle":-23.3,"extra":1,"ei":3}},{"type":"Feature","geometry":{"type":"Point","coordinates":[19.370569,51.733466]},"properties":{"lines":"68, 94, G1, G2","color":"#0059a9","mode":"bus","arr":["68","94","G1","G2"],"angle":-23.4,"extra":1,"ei":4}},{"type":"Feature","geometry":{"type":"Point","coordinates":[19.367764,51.732721]},"properties":{"lines":"68, 94, G1, G2","color":"#0059a9","mode":"bus","arr":["68","94","G1","G2"],"angle":-23.3,"extra":1,"ei":5}},{"type":"Feature","geometry":{"type":"Point","coordinates":[19.362979,51.731466]},"properties":{"lines":"68, 94","color":"#0059a9","mode":"bus","arr":["68","94"],"angle":-26,"mi":4}},{"type":"Feature","geometry":{"type":"Point","coordinates":[19.356322,51.729434]},"properties":{"lines":"68, 94","color":"#0059a9","mode":"bus","arr":["68","94"],"angle":-36.7,"mi":1}},{"type":"Feature","geometry":{"type":"Point","coordinates":[19.352887,51.727529]},"properties":{"lines":"68, 94","color":"#0059a9","mode":"bus","arr":["68","94"],"angle":-60.2}},{"type":"Feature","geometry":{"type":"Point","coordinates":[19.365689,51.732212]},"properties":{"lines":"68, 94","color":"#0059a9","mode":"bus","arr":["68","94"],"angle":-19.8,"extra":1,"ei":0}},{"type":"Feature","geometry":{"type":"Point","coordinates":[19.360099,51.730705]},"properties":{"lines":"68, 94","color":"#0059a9","mode":"bus","arr":["68","94"],"angle":-12.8,"extra":1,"ei":1}},{"type":"Feature","geometry":{"type":"Point","coordinates":[19.350216,51.726711]},"properties":{"lines":"68, 94","color":"#0059a9","mode":"bus","arr":["68","94"],"angle":53.9,"mi":2}},{"type":"Feature","geometry":{"type":"Point","coordinates":[19.349406,51.727166]},"properties":{"lines":"68, 94","color":"#0059a9","mode":"bus","arr":["68","94"],"angle":54.8,"side":-1,"mi":3}},{"type":"Feature","geometry":{"type":"Point","coordinates":[19.359363,51.718856]},"properties":{"lines":"68","color":"#0059a9","mode":"bus","arr":["68"],"angle":53.2}},{"type":"Feature","geometry":{"type":"Point","coordinates":[19.366129,51.712535]},"properties":{"lines":"68","color":"#0059a9","mode":"bus","arr":["68"],"angle":81.4,"extra":1,"ei":0}},{"type":"Feature","geometry":{"type":"Point","coordinates":[19.36504,51.714249]},"properties":{"lines":"68","color":"#0059a9","mode":"bus","arr":["68"],"angle":52.3,"extra":1,"ei":1}},{"type":"Feature","geometry":{"type":"Point","coordinates":[19.363187,51.71575]},"properties":{"lines":"68","color":"#0059a9","mode":"bus","arr":["68"],"angle":52.1,"extra":1,"ei":2}},{"type":"Feature","geometry":{"type":"Point","coordinates":[19.36133,51.717249]},"properties":{"lines":"68","color":"#0059a9","mode":"bus","arr":["68"],"angle":52.4,"extra":1,"ei":3}},{"type":"Feature","geometry":{"type":"Point","coordinates":[19.357444,51.720137]},"properties":{"lines":"68","color":"#0059a9","mode":"bus","arr":["68"],"angle":57.1,"extra":1,"ei":4}},{"type":"Feature","geometry":{"type":"Point","coordinates":[19.355891,51.721763]},"properties":{"lines":"68","color":"#0059a9","mode":"bus","arr":["68"],"angle":59,"extra":1,"ei":5}},{"type":"Feature","geometry":{"type":"Point","coordinates":[19.354242,51.72335]},"properties":{"lines":"68","color":"#0059a9","mode":"bus","arr":["68"],"angle":50.6,"extra":1,"ei":6}},{"type":"Feature","geometry":{"type":"Point","coordinates":[19.352397,51.724853]},"properties":{"lines":"68","color":"#0059a9","mode":"bus","arr":["68"],"angle":54.5,"extra":1,"ei":7}},{"type":"Feature","geometry":{"type":"Point","coordinates":[19.376031,51.709376]},"properties":{"lines":"68","color":"#0059a9","mode":"bus","arr":["68"],"angle":5.8}},{"type":"Feature","geometry":{"type":"Point","coordinates":[19.368277,51.710552]},"properties":{"lines":"68","color":"#0059a9","mode":"bus","arr":["68"],"angle":43.2,"mi":1}},{"type":"Feature","geometry":{"type":"Point","coordinates":[19.369875,51.709769]},"properties":{"lines":"68","color":"#0059a9","mode":"bus","arr":["68"],"angle":22.2,"extra":1,"ei":0}},{"type":"Feature","geometry":{"type":"Point","coordinates":[19.372035,51.709627]},"properties":{"lines":"68","color":"#0059a9","mode":"bus","arr":["68"],"angle":5.3,"extra":1,"ei":0}},{"type":"Feature","geometry":{"type":"Point","coordinates":[19.378109,51.709246]},"properties":{"lines":"68","color":"#0059a9","mode":"bus","arr":["68"],"angle":5.8,"extra":1,"ei":1}},{"type":"Feature","geometry":{"type":"Point","coordinates":[19.381146,51.709055]},"properties":{"lines":"68","color":"#0059a9","mode":"bus","arr":["68"],"angle":5.8,"extra":1,"ei":2}},{"type":"Feature","geometry":{"type":"Point","coordinates":[19.401742,51.707796]},"properties":{"lines":"68","color":"#0059a9","mode":"bus","arr":["68"],"angle":5.8}},{"type":"Feature","geometry":{"type":"Point","coordinates":[19.422084,51.706528]},"properties":{"lines":"68","color":"#0059a9","mode":"bus","arr":["68"],"angle":11}},{"type":"Feature","geometry":{"type":"Point","coordinates":[19.383064,51.708937]},"properties":{"lines":"68","color":"#0059a9","mode":"bus","arr":["68"],"angle":5.9,"extra":1,"ei":0}},{"type":"Feature","geometry":{"type":"Point","coordinates":[19.3861,51.708745]},"properties":{"lines":"68","color":"#0059a9","mode":"bus","arr":["68"],"angle":5.8,"extra":1,"ei":1}},{"type":"Feature","geometry":{"type":"Point","coordinates":[19.389138,51.708561]},"properties":{"lines":"68","color":"#0059a9","mode":"bus","arr":["68"],"angle":5.4,"extra":1,"ei":2}},{"type":"Feature","geometry":{"type":"Point","coordinates":[19.392176,51.708377]},"properties":{"lines":"68","color":"#0059a9","mode":"bus","arr":["68"],"angle":5.8,"extra":1,"ei":3}},{"type":"Feature","geometry":{"type":"Point","coordinates":[19.395214,51.708191]},"properties":{"lines":"68","color":"#0059a9","mode":"bus","arr":["68"],"angle":5.7,"extra":1,"ei":4}},{"type":"Feature","geometry":{"type":"Point","coordinates":[19.398252,51.708007]},"properties":{"lines":"68","color":"#0059a9","mode":"bus","arr":["68"],"angle":5.5,"extra":1,"ei":5}},{"type":"Feature","geometry":{"type":"Point","coordinates":[19.404328,51.707637]},"properties":{"lines":"68","color":"#0059a9","mode":"bus","arr":["68"],"angle":5.7,"extra":1,"ei":6}},{"type":"Feature","geometry":{"type":"Point","coordinates":[19.407365,51.707449]},"properties":{"lines":"68","color":"#0059a9","mode":"bus","arr":["68"],"angle":5.8,"extra":1,"ei":7}},{"type":"Feature","geometry":{"type":"Point","coordinates":[19.410402,51.707257]},"properties":{"lines":"68","color":"#0059a9","mode":"bus","arr":["68"],"angle":5.6,"extra":1,"ei":8}},{"type":"Feature","geometry":{"type":"Point","coordinates":[19.41344,51.707073]},"properties":{"lines":"68","color":"#0059a9","mode":"bus","arr":["68"],"angle":5.6,"extra":1,"ei":9}},{"type":"Feature","geometry":{"type":"Point","coordinates":[19.416477,51.706885]},"properties":{"lines":"68","color":"#0059a9","mode":"bus","arr":["68"],"angle":5.8,"extra":1,"ei":10}},{"type":"Feature","geometry":{"type":"Point","coordinates":[19.419512,51.706686]},"properties":{"lines":"68","color":"#0059a9","mode":"bus","arr":["68"],"angle":6.1,"extra":1,"ei":11}},{"type":"Feature","geometry":{"type":"Point","coordinates":[19.419946,51.704048]},"properties":{"lines":"68, 75A, 75B, N4A, N4B","color":"#0059a9","mode":"bus","arr":["68","75A","75B","N4A","N4B"],"angle":-53.1,"side":-1}},{"type":"Feature","geometry":{"type":"Point","coordinates":[19.415338,51.700237]},"properties":{"lines":"68, 75A, 75B, N4A, N4B","color":"#0059a9","mode":"bus","arr":["68","75A","75B","N4A","N4B"],"angle":-51.7,"mi":1}},{"type":"Feature","geometry":{"type":"Point","coordinates":[19.416491,51.701171]},"properties":{"lines":"68, 75A, 75B, N4A, N4B","color":"#0059a9","mode":"bus","arr":["68","75A","75B","N4A","N4B"],"angle":-52.6,"extra":1,"ei":0}},{"type":"Feature","geometry":{"type":"Point","coordinates":[19.418138,51.70257]},"properties":{"lines":"68, 75A, 75B, N4A, N4B","color":"#0059a9","mode":"bus","arr":["68","75A","75B","N4A","N4B"],"angle":-53.3,"extra":1,"ei":0,"side":-1}},{"type":"Feature","geometry":{"type":"Point","coordinates":[19.421815,51.705585]},"properties":{"lines":"68, 75A, 75B, N4A, N4B","color":"#0059a9","mode":"bus","arr":["68","75A","75B","N4A","N4B"],"angle":-52.8,"extra":1,"ei":1,"side":-1}},{"type":"Feature","geometry":{"type":"Point","coordinates":[19.423044,51.70166]},"properties":{"lines":"68","color":"#0059a9","mode":"bus","arr":["68"],"angle":-1.7,"mi":1}},{"type":"Feature","geometry":{"type":"Point","coordinates":[19.427591,51.701742]},"properties":{"lines":"68","color":"#0059a9","mode":"bus","arr":["68"],"angle":-1.1,"extra":1,"ei":0}},{"type":"Feature","geometry":{"type":"Point","coordinates":[19.418438,51.701574]},"properties":{"lines":"68","color":"#0059a9","mode":"bus","arr":["68"],"angle":-1.5,"extra":1,"ei":1}},{"type":"Feature","geometry":{"type":"Point","coordinates":[19.429173,51.701113]},"properties":{"lines":"68","color":"#0059a9","mode":"bus","arr":["68"],"angle":89.5,"mi":2}},{"type":"Feature","geometry":{"type":"Point","coordinates":[19.433929,51.699706]},"properties":{"lines":"68","color":"#0059a9","mode":"bus","arr":["68"],"angle":14.8,"mi":4}},{"type":"Feature","geometry":{"type":"Point","coordinates":[19.430655,51.700238]},"properties":{"lines":"68","color":"#0059a9","mode":"bus","arr":["68"],"angle":14.8,"extra":1,"ei":0}},{"type":"Feature","geometry":{"type":"Point","coordinates":[19.436566,51.699331]},"properties":{"lines":"68","color":"#0059a9","mode":"bus","arr":["68"],"angle":-3.7,"extra":1,"ei":1}},{"type":"Feature","geometry":{"type":"Point","coordinates":[19.427541,51.71438]},"properties":{"lines":"68","color":"#0059a9","mode":"bus","arr":["68"],"angle":-49.3,"mi":5}},{"type":"Feature","geometry":{"type":"Point","coordinates":[19.425958,51.713317]},"properties":{"lines":"68","color":"#0059a9","mode":"bus","arr":["68"],"angle":-47.3,"extra":1,"ei":0}},{"type":"Feature","geometry":{"type":"Point","coordinates":[19.429398,51.716404]},"properties":{"lines":"68","color":"#0059a9","mode":"bus","arr":["68"],"angle":-60.5,"extra":1,"ei":1,"side":-1}},{"type":"Feature","geometry":{"type":"Point","coordinates":[19.426571,51.711944]},"properties":{"lines":"68","color":"#0059a9","mode":"bus","arr":["68"],"angle":33.5,"mi":3}},{"type":"Feature","geometry":{"type":"Point","coordinates":[19.384277,51.741918]},"properties":{"lines":"68, 80A, 80B, 94, 99, G1, G2, N2, N7A, N7B","color":"#0059a9","mode":"bus","arr":["68","80A","80B","94","99","G1","G2","N2","N7A","N7B"],"angle":-42.5}},{"type":"Feature","geometry":{"type":"Point","coordinates":[19.384392,51.742364]},"properties":{"lines":"68, 80A, 80B, 94, G1, G2, N7A, N7B","color":"#0059a9","mode":"bus","arr":["68","80A","80B","94","G1","G2","N7A","N7B"],"angle":5.7}},{"type":"Feature","geometry":{"type":"Point","coordinates":[19.542605,51.762591]},"properties":{"lines":"75A, 75B, N1A, N1B","color":"#0059a9","mode":"bus","arr":["75A","75B","N1A","N1B"],"angle":12.7}},{"type":"Feature","geometry":{"type":"Point","coordinates":[19.543284,51.762299]},"properties":{"lines":"69A, 69B, 75A, 75B, N1A, N1B","color":"#0059a9","mode":"bus","arr":["69A","69B","75A","75B","N1A","N1B"],"angle":-89.4}},{"type":"Feature","geometry":{"type":"Point","coordinates":[19.539351,51.762695]},"properties":{"lines":"69A, 69B, 82A, 82B, N1A, N1B, W","color":"#0059a9","mode":"bus","arr":["69A","69B","82A","82B","N1A","N1B","W"],"angle":12.3}},{"type":"Feature","geometry":{"type":"Point","coordinates":[19.538357,51.762308]},"properties":{"lines":"69A, 69B, 82A, 82B, N1A, N1B, W","color":"#0059a9","mode":"bus","arr":["69A","69B","82A","82B","N1A","N1B","W"],"angle":-73.9,"mi":1}},{"type":"Feature","geometry":{"type":"Point","coordinates":[19.536653,51.76177]},"properties":{"lines":"69A, 69B, 82A, 82B, 201, 202, N1A, N1B","color":"#0059a9","mode":"bus","arr":["69A","69B","82A","82B","201","202","N1A","N1B"],"angle":-75.1}},{"type":"Feature","geometry":{"type":"Point","coordinates":[19.536295,51.760877]},"properties":{"lines":"69A, 69B, 82A, 82B, 201, 202, N1A, N1B, N5A, N5B, W","color":"#0059a9","mode":"bus","arr":["69A","69B","82A","82B","201","202","N1A","N1B","N5A","N5B","W"],"angle":-78.1}},{"type":"Feature","geometry":{"type":"Point","coordinates":[19.495573,51.732476]},"properties":{"lines":"69A, 69B, 72A, 72B, 75A, 75B","color":"#0059a9","mode":"bus","arr":["69A","69B","72A","72B","75A","75B"],"angle":10.2}},{"type":"Feature","geometry":{"type":"Point","coordinates":[19.492071,51.732994]},"properties":{"lines":"69A, 69B, 70, 71A, 71B, 72A, 72B, F1, N6","color":"#0059a9","mode":"bus","arr":["69A","69B","70","71A","71B","72A","72B","F1","N6"],"angle":-4.9,"mi":1}},{"type":"Feature","geometry":{"type":"Point","coordinates":[19.489701,51.732971]},"properties":{"lines":"69A, 69B, 70, 71A, 71B, 72A, 72B, F1, N6","color":"#0059a9","mode":"bus","arr":["69A","69B","70","71A","71B","72A","72B","F1","N6"],"angle":12.9}},{"type":"Feature","geometry":{"type":"Point","coordinates":[19.483831,51.73237]},"properties":{"lines":"69A, 69B, 70, 72A, 72B, F1, N6","color":"#0059a9","mode":"bus","arr":["69A","69B","70","72A","72B","F1","N6"],"angle":-6,"mi":2}},{"type":"Feature","geometry":{"type":"Point","coordinates":[19.475328,51.730774]},"properties":{"lines":"69A, 69B, 70, 72A, 72B, F1, N6","color":"#0059a9","mode":"bus","arr":["69A","69B","70","72A","72B","F1","N6"],"angle":-33.4,"mi":1}},{"type":"Feature","geometry":{"type":"Point","coordinates":[19.486998,51.732691]},"properties":{"lines":"69A, 69B, 70, 72A, 72B, F1, N6","color":"#0059a9","mode":"bus","arr":["69A","69B","70","72A","72B","F1","N6"],"angle":-8.3,"extra":1,"ei":0}},{"type":"Feature","geometry":{"type":"Point","coordinates":[19.48072,51.732108]},"properties":{"lines":"69A, 69B, 70, 72A, 72B, F1, N6","color":"#0059a9","mode":"bus","arr":["69A","69B","70","72A","72B","F1","N6"],"angle":-12.1,"extra":1,"ei":0}},{"type":"Feature","geometry":{"type":"Point","coordinates":[19.478719,51.731687]},"properties":{"lines":"69A, 69B, 70, 72A, 72B, F1, N6","color":"#0059a9","mode":"bus","arr":["69A","69B","70","72A","72B","F1","N6"],"angle":-12.4}},{"type":"Feature","geometry":{"type":"Point","coordinates":[19.477135,51.731381]},"properties":{"lines":"69A, 69B, 70, 72A, 72B, 75A, 75B, F1, N6","color":"#0059a9","mode":"bus","arr":["69A","69B","70","72A","72B","75A","75B","F1","N6"],"angle":-34.6,"side":-1}},{"type":"Feature","geometry":{"type":"Point","coordinates":[19.422262,51.743264]},"properties":{"lines":"69A, 69B, 97A, 97B, N7A, N7B","color":"#0059a9","mode":"bus","arr":["69A","69B","97A","97B","N7A","N7B"],"angle":28.4}},{"type":"Feature","geometry":{"type":"Point","coordinates":[19.397032,51.738551]},"properties":{"lines":"69A, 69B, 86, G1, N7A, N7B","color":"#0059a9","mode":"bus","arr":["69A","69B","86","G1","N7A","N7B"],"angle":-25}},{"type":"Feature","geometry":{"type":"Point","coordinates":[19.403788,51.740847]},"properties":{"lines":"69A, 69B, 86, G1, N7A, N7B","color":"#0059a9","mode":"bus","arr":["69A","69B","86","G1","N7A","N7B"],"angle":-24.1,"extra":1,"ei":0}},{"type":"Feature","geometry":{"type":"Point","coordinates":[19.40114,51.739912]},"properties":{"lines":"69A, 69B, 86, G1, N7A, N7B","color":"#0059a9","mode":"bus","arr":["69A","69B","86","G1","N7A","N7B"],"angle":-33.3,"extra":1,"ei":1}},{"type":"Feature","geometry":{"type":"Point","coordinates":[19.392974,51.737365]},"properties":{"lines":"69A, 69B, 86, G1, N7A, N7B","color":"#0059a9","mode":"bus","arr":["69A","69B","86","G1","N7A","N7B"],"angle":-25.3,"extra":1,"ei":2}},{"type":"Feature","geometry":{"type":"Point","coordinates":[19.390128,51.73669]},"properties":{"lines":"69A, 69B, 86, G1, N7A, N7B","color":"#0059a9","mode":"bus","arr":["69A","69B","86","G1","N7A","N7B"],"angle":-12.8,"extra":1,"ei":3}},{"type":"Feature","geometry":{"type":"Point","coordinates":[19.387358,51.737204]},"properties":{"lines":"69A, 69B, 76, 86, G1, N7A, N7B","color":"#0059a9","mode":"bus","arr":["69A","69B","76","86","G1","N7A","N7B"],"angle":9.6}},{"type":"Feature","geometry":{"type":"Point","coordinates":[19.383164,51.741763]},"properties":{"lines":"69A, 69B, 76, 86","color":"#0059a9","mode":"bus","arr":["69A","69B","76","86"],"angle":69.7}},{"type":"Feature","geometry":{"type":"Point","coordinates":[19.381846,51.744378]},"properties":{"lines":"69A, 69B, 76, 80A, 80B, 86, 99, N2","color":"#0059a9","mode":"bus","arr":["69A","69B","76","80A","80B","86","99","N2"],"angle":76.3,"mi":1}},{"type":"Feature","geometry":{"type":"Point","coordinates":[19.382288,51.746887]},"properties":{"lines":"69A, 69B, 76, 80A, 80B, 86, 99, N2","color":"#0059a9","mode":"bus","arr":["69A","69B","76","80A","80B","86","99","N2"],"angle":-34.4}},{"type":"Feature","geometry":{"type":"Point","coordinates":[19.388196,51.736462]},"properties":{"lines":"69A, 69B, 86","color":"#0059a9","mode":"bus","arr":["69A","69B","86"],"angle":-7.7}},{"type":"Feature","geometry":{"type":"Point","coordinates":[19.475661,51.730748]},"properties":{"lines":"69A, 69B, 70, 75A, 75B, F1, N6","color":"#0059a9","mode":"bus","arr":["69A","69B","70","75A","75B","F1","N6"],"angle":-34.8,"side":-1}},{"type":"Feature","geometry":{"type":"Point","coordinates":[19.521079,51.751167]},"properties":{"lines":"69A, 69B","color":"#0059a9","mode":"bus","arr":["69A","69B"],"angle":81.4}},{"type":"Feature","geometry":{"type":"Point","coordinates":[19.537591,51.760648]},"properties":{"lines":"69A, 69B, 80A, 80B, N1A, N1B","color":"#0059a9","mode":"bus","arr":["69A","69B","80A","80B","N1A","N1B"],"angle":-71.5,"side":-1}},{"type":"Feature","geometry":{"type":"Point","coordinates":[19.542346,51.762211]},"properties":{"lines":"69A, 69B, 75A, 75B, 82A, 82B, N1A, N1B, W","color":"#0059a9","mode":"bus","arr":["69A","69B","75A","75B","82A","82B","N1A","N1B","W"],"angle":16.2}},{"type":"Feature","geometry":{"type":"Point","coordinates":[19.462353,51.800826]},"properties":{"lines":"70, 81A, 81B, 85A, 85B, N6","color":"#0059a9","mode":"bus","arr":["70","81A","81B","85A","85B","N6"],"angle":3.2}},{"type":"Feature","geometry":{"type":"Point","coordinates":[19.460385,51.800893]},"properties":{"lines":"70, 81A, 81B, 85A, 85B, N6","color":"#0059a9","mode":"bus","arr":["70","81A","81B","85A","85B","N6"],"angle":3.3,"extra":1,"ei":0}},{"type":"Feature","geometry":{"type":"Point","coordinates":[19.463456,51.800638]},"properties":{"lines":"70, 81A, 81B, 85B, N6","color":"#0059a9","mode":"bus","arr":["70","81A","81B","85B","N6"],"angle":3.3,"side":-1}},{"type":"Feature","geometry":{"type":"Point","coordinates":[19.465634,51.800564]},"properties":{"lines":"70, 81A, 81B, 85B, N6","color":"#0059a9","mode":"bus","arr":["70","81A","81B","85B","N6"],"angle":3.1,"extra":1,"ei":0,"side":-1}},{"type":"Feature","geometry":{"type":"Point","coordinates":[19.476891,51.731457]},"properties":{"lines":"70","color":"#0059a9","mode":"bus","arr":["70"],"angle":-35.1}},{"type":"Feature","geometry":{"type":"Point","coordinates":[19.4804,51.703674]},"properties":{"lines":"70, 93, N3A, N3B","color":"#0059a9","mode":"bus","arr":["70","93","N3A","N3B"],"angle":75.1}},{"type":"Feature","geometry":{"type":"Point","coordinates":[19.480665,51.702889]},"properties":{"lines":"70, N3A, N3B","color":"#0059a9","mode":"bus","arr":["70","N3A","N3B"],"angle":50.6}},{"type":"Feature","geometry":{"type":"Point","coordinates":[19.458433,51.800808]},"properties":{"lines":"81A, 81B, 85A, 85B","color":"#0059a9","mode":"bus","arr":["81A","81B","85A","85B"],"angle":3.2,"side":-1}},{"type":"Feature","geometry":{"type":"Point","coordinates":[19.487429,51.709073]},"properties":{"lines":"71A, 71B, H","color":"#0059a9","mode":"bus","arr":["71A","71B","H"],"angle":-63.4,"side":-1}},{"type":"Feature","geometry":{"type":"Point","coordinates":[19.499138,51.706673]},"properties":{"lines":"71A, 71B","color":"#0059a9","mode":"bus","arr":["71A","71B"],"angle":0.7,"mi":4}},{"type":"Feature","geometry":{"type":"Point","coordinates":[19.487212,51.707106]},"properties":{"lines":"71A, 71B","color":"#0059a9","mode":"bus","arr":["71A","71B"],"angle":6.9,"extra":1,"ei":0}},{"type":"Feature","geometry":{"type":"Point","coordinates":[19.490237,51.706856]},"properties":{"lines":"71A, 71B","color":"#0059a9","mode":"bus","arr":["71A","71B"],"angle":7.5,"extra":1,"ei":1}},{"type":"Feature","geometry":{"type":"Point","coordinates":[19.493267,51.706627]},"properties":{"lines":"71A, 71B","color":"#0059a9","mode":"bus","arr":["71A","71B"],"angle":5.7,"extra":1,"ei":2}},{"type":"Feature","geometry":{"type":"Point","coordinates":[19.496308,51.706504]},"properties":{"lines":"71A, 71B","color":"#0059a9","mode":"bus","arr":["71A","71B"],"angle":-1.5,"extra":1,"ei":3}},{"type":"Feature","geometry":{"type":"Point","coordinates":[19.502312,51.706402]},"properties":{"lines":"71A, 71B","color":"#0059a9","mode":"bus","arr":["71A","71B"],"angle":1.6,"extra":1,"ei":4}},{"type":"Feature","geometry":{"type":"Point","coordinates":[19.505364,51.706359]},"properties":{"lines":"71A, 71B","color":"#0059a9","mode":"bus","arr":["71A","71B"],"angle":1.3,"extra":1,"ei":5}},{"type":"Feature","geometry":{"type":"Point","coordinates":[19.508414,51.706369]},"properties":{"lines":"71A, 71B","color":"#0059a9","mode":"bus","arr":["71A","71B"],"angle":-3.2,"extra":1,"ei":6}},{"type":"Feature","geometry":{"type":"Point","coordinates":[19.511463,51.70647]},"properties":{"lines":"71A, 71B","color":"#0059a9","mode":"bus","arr":["71A","71B"],"angle":-2.8,"extra":1,"ei":7}},{"type":"Feature","geometry":{"type":"Point","coordinates":[19.510932,51.706671]},"properties":{"lines":"71A, 71B","color":"#0059a9","mode":"bus","arr":["71A","71B"],"angle":-2.7}},{"type":"Feature","geometry":{"type":"Point","coordinates":[19.486403,51.707266]},"properties":{"lines":"71A, 71B","color":"#0059a9","mode":"bus","arr":["71A","71B"],"angle":61.2,"mi":7}},{"type":"Feature","geometry":{"type":"Point","coordinates":[19.501704,51.701818]},"properties":{"lines":"71A, 71B","color":"#0059a9","mode":"bus","arr":["71A","71B"],"angle":17.8,"mi":2}},{"type":"Feature","geometry":{"type":"Point","coordinates":[19.495387,51.705777]},"properties":{"lines":"71A, 71B","color":"#0059a9","mode":"bus","arr":["71A","71B"],"angle":49.4,"extra":1,"ei":0}},{"type":"Feature","geometry":{"type":"Point","coordinates":[19.49744,51.704379]},"properties":{"lines":"71A, 71B","color":"#0059a9","mode":"bus","arr":["71A","71B"],"angle":48.1,"extra":1,"ei":1}},{"type":"Feature","geometry":{"type":"Point","coordinates":[19.499301,51.702886]},"properties":{"lines":"71A, 71B","color":"#0059a9","mode":"bus","arr":["71A","71B"],"angle":52.8,"extra":1,"ei":2}},{"type":"Feature","geometry":{"type":"Point","coordinates":[19.504708,51.701428]},"properties":{"lines":"71A, 71B","color":"#0059a9","mode":"bus","arr":["71A","71B"],"angle":11.6,"extra":1,"ei":3}},{"type":"Feature","geometry":{"type":"Point","coordinates":[19.507469,51.700644]},"properties":{"lines":"71A, 71B","color":"#0059a9","mode":"bus","arr":["71A","71B"],"angle":26.3,"extra":1,"ei":4}},{"type":"Feature","geometry":{"type":"Point","coordinates":[19.509249,51.699181]},"properties":{"lines":"71A, 71B","color":"#0059a9","mode":"bus","arr":["71A","71B"],"angle":52.4,"extra":1,"ei":5}},{"type":"Feature","geometry":{"type":"Point","coordinates":[19.518155,51.69831]},"properties":{"lines":"71A, 71B","color":"#0059a9","mode":"bus","arr":["71A","71B"],"angle":-8.9,"mi":6}},{"type":"Feature","geometry":{"type":"Point","coordinates":[19.512081,51.698233]},"properties":{"lines":"71A, 71B","color":"#0059a9","mode":"bus","arr":["71A","71B"],"angle":6.3,"extra":1,"ei":0}},{"type":"Feature","geometry":{"type":"Point","coordinates":[19.515128,51.698147]},"properties":{"lines":"71A, 71B","color":"#0059a9","mode":"bus","arr":["71A","71B"],"angle":-1.1,"extra":1,"ei":1}},{"type":"Feature","geometry":{"type":"Point","coordinates":[19.521144,51.698723]},"properties":{"lines":"71A, 71B","color":"#0059a9","mode":"bus","arr":["71A","71B"],"angle":-16.1,"extra":1,"ei":2}},{"type":"Feature","geometry":{"type":"Point","coordinates":[19.524071,51.699259]},"properties":{"lines":"71A, 71B","color":"#0059a9","mode":"bus","arr":["71A","71B"],"angle":-16.5,"extra":1,"ei":3,"side":-1}},{"type":"Feature","geometry":{"type":"Point","coordinates":[19.528078,51.69533]},"properties":{"lines":"71A","color":"#0059a9","mode":"bus","arr":["71A"],"angle":72.3}},{"type":"Feature","geometry":{"type":"Point","coordinates":[19.52903,51.691997]},"properties":{"lines":"71A","color":"#0059a9","mode":"bus","arr":["71A"],"angle":82.8,"extra":1,"ei":0}},{"type":"Feature","geometry":{"type":"Point","coordinates":[19.528645,51.69387]},"properties":{"lines":"71A","color":"#0059a9","mode":"bus","arr":["71A"],"angle":82.8,"extra":1,"ei":1}},{"type":"Feature","geometry":{"type":"Point","coordinates":[19.52692,51.697484]},"properties":{"lines":"71A","color":"#0059a9","mode":"bus","arr":["71A"],"angle":71,"extra":1,"ei":2}},{"type":"Feature","geometry":{"type":"Point","coordinates":[19.525962,51.699273]},"properties":{"lines":"71A","color":"#0059a9","mode":"bus","arr":["71A"],"angle":80.5,"extra":1,"ei":3}},{"type":"Feature","geometry":{"type":"Point","coordinates":[19.53674,51.695173]},"properties":{"lines":"71A","color":"#0059a9","mode":"bus","arr":["71A"],"angle":-56.1,"mi":1}},{"type":"Feature","geometry":{"type":"Point","coordinates":[19.544598,51.706229]},"properties":{"lines":"71A","color":"#0059a9","mode":"bus","arr":["71A"],"angle":-82.3}},{"type":"Feature","geometry":{"type":"Point","coordinates":[19.530643,51.691407]},"properties":{"lines":"71A","color":"#0059a9","mode":"bus","arr":["71A"],"angle":-21.5,"extra":1,"ei":0}},{"type":"Feature","geometry":{"type":"Point","coordinates":[19.533392,51.692223]},"properties":{"lines":"71A","color":"#0059a9","mode":"bus","arr":["71A"],"angle":-36.6,"extra":1,"ei":1}},{"type":"Feature","geometry":{"type":"Point","coordinates":[19.535167,51.693748]},"properties":{"lines":"71A","color":"#0059a9","mode":"bus","arr":["71A"],"angle":-55.6,"extra":1,"ei":2}},{"type":"Feature","geometry":{"type":"Point","coordinates":[19.538589,51.696876]},"properties":{"lines":"71A","color":"#0059a9","mode":"bus","arr":["71A"],"angle":-56.1,"extra":1,"ei":3}},{"type":"Feature","geometry":{"type":"Point","coordinates":[19.540296,51.698441]},"properties":{"lines":"71A","color":"#0059a9","mode":"bus","arr":["71A"],"angle":-55.6,"extra":1,"ei":4}},{"type":"Feature","geometry":{"type":"Point","coordinates":[19.542016,51.700001]},"properties":{"lines":"71A","color":"#0059a9","mode":"bus","arr":["71A"],"angle":-55,"extra":1,"ei":5}},{"type":"Feature","geometry":{"type":"Point","coordinates":[19.543421,51.701959]},"properties":{"lines":"71A","color":"#0059a9","mode":"bus","arr":["71A"],"angle":-78.4,"extra":1,"ei":0}},{"type":"Feature","geometry":{"type":"Point","coordinates":[19.544045,51.703808]},"properties":{"lines":"71A","color":"#0059a9","mode":"bus","arr":["71A"],"angle":-79.5,"extra":1,"ei":1}},{"type":"Feature","geometry":{"type":"Point","coordinates":[19.544867,51.70755]},"properties":{"lines":"71A","color":"#0059a9","mode":"bus","arr":["71A"],"angle":-83,"extra":1,"ei":2}},{"type":"Feature","geometry":{"type":"Point","coordinates":[19.544315,51.709381]},"properties":{"lines":"71A","color":"#0059a9","mode":"bus","arr":["71A"],"angle":73.4,"extra":1,"ei":3}},{"type":"Feature","geometry":{"type":"Point","coordinates":[19.543458,51.711194]},"properties":{"lines":"71A","color":"#0059a9","mode":"bus","arr":["71A"],"angle":71.1,"extra":1,"ei":4,"side":-1}},{"type":"Feature","geometry":{"type":"Point","coordinates":[19.543292,51.711697]},"properties":{"lines":"71A, 71B, 92A, 92B","color":"#0059a9","mode":"bus","arr":["71A","71B","92A","92B"],"angle":-49.6,"mi":2}},{"type":"Feature","geometry":{"type":"Point","coordinates":[19.541538,51.716857]},"properties":{"lines":"71A, 71B, 92A, 92B","color":"#0059a9","mode":"bus","arr":["71A","71B","92A","92B"],"angle":73.7}},{"type":"Feature","geometry":{"type":"Point","coordinates":[19.539132,51.721912]},"properties":{"lines":"71A, 71B, 92A, 92B","color":"#0059a9","mode":"bus","arr":["71A","71B","92A","92B"],"angle":-2.7,"mi":1}},{"type":"Feature","geometry":{"type":"Point","coordinates":[19.54347,51.71272]},"properties":{"lines":"71A, 71B, 92A, 92B","color":"#0059a9","mode":"bus","arr":["71A","71B","92A","92B"],"angle":73.7,"extra":1,"ei":0}},{"type":"Feature","geometry":{"type":"Point","coordinates":[19.54263,51.714535]},"properties":{"lines":"71A, 71B, 92A, 92B","color":"#0059a9","mode":"bus","arr":["71A","71B","92A","92B"],"angle":73.6,"extra":1,"ei":1}},{"type":"Feature","geometry":{"type":"Point","coordinates":[19.540917,51.718161]},"properties":{"lines":"71A, 71B, 92A, 92B","color":"#0059a9","mode":"bus","arr":["71A","71B","92A","92B"],"angle":73.6,"extra":1,"ei":2}},{"type":"Feature","geometry":{"type":"Point","coordinates":[19.540056,51.719972]},"properties":{"lines":"71A, 71B, 92A, 92B","color":"#0059a9","mode":"bus","arr":["71A","71B","92A","92B"],"angle":73.6,"extra":1,"ei":3}},{"type":"Feature","geometry":{"type":"Point","coordinates":[19.538615,51.72319]},"properties":{"lines":"71A, 71B, 92A, F1, N8","color":"#0059a9","mode":"bus","arr":["71A","71B","92A","F1","N8"],"angle":74.1}},{"type":"Feature","geometry":{"type":"Point","coordinates":[19.537944,51.724504]},"properties":{"lines":"71A, 71B, 92A, 92B, F1, N8","color":"#0059a9","mode":"bus","arr":["71A","71B","92A","92B","F1","N8"],"angle":73.4}},{"type":"Feature","geometry":{"type":"Point","coordinates":[19.531268,51.723582]},"properties":{"lines":"71A, 71B","color":"#0059a9","mode":"bus","arr":["71A","71B"],"angle":-19.9,"mi":2}},{"type":"Feature","geometry":{"type":"Point","coordinates":[19.526277,51.722571]},"properties":{"lines":"71A, 71B","color":"#0059a9","mode":"bus","arr":["71A","71B"],"angle":-14.2,"extra":1,"ei":0}},{"type":"Feature","geometry":{"type":"Point","coordinates":[19.529197,51.723117]},"properties":{"lines":"71A, 71B","color":"#0059a9","mode":"bus","arr":["71A","71B"],"angle":-20.1,"extra":1,"ei":1}},{"type":"Feature","geometry":{"type":"Point","coordinates":[19.534925,51.724422]},"properties":{"lines":"71A, 71B","color":"#0059a9","mode":"bus","arr":["71A","71B"],"angle":-20.5,"extra":1,"ei":2}},{"type":"Feature","geometry":{"type":"Point","coordinates":[19.524268,51.723252]},"properties":{"lines":"71A, 71B","color":"#0059a9","mode":"bus","arr":["71A","71B"],"angle":63.6}},{"type":"Feature","geometry":{"type":"Point","coordinates":[19.5219,51.723658]},"properties":{"lines":"71A, 71B","color":"#0059a9","mode":"bus","arr":["71A","71B"],"angle":-19.3,"mi":1}},{"type":"Feature","geometry":{"type":"Point","coordinates":[19.499702,51.727932]},"properties":{"lines":"71A, 71B","color":"#0059a9","mode":"bus","arr":["71A","71B"],"angle":-0.6}},{"type":"Feature","geometry":{"type":"Point","coordinates":[19.538439,51.723194]},"properties":{"lines":"71A, 71B, 92A, 92B, N8","color":"#0059a9","mode":"bus","arr":["71A","71B","92A","92B","N8"],"angle":75.2,"side":-1,"mi":1}},{"type":"Feature","geometry":{"type":"Point","coordinates":[19.537174,51.72545]},"properties":{"lines":"71A, 71B, 92A, 92B, N8","color":"#0059a9","mode":"bus","arr":["71A","71B","92A","92B","N8"],"angle":56.2,"side":-1}},{"type":"Feature","geometry":{"type":"Point","coordinates":[19.536143,51.726443]},"properties":{"lines":"71A, 71B, 72B, 92A, 92B, F1, N8","color":"#0059a9","mode":"bus","arr":["71A","71B","72B","92A","92B","F1","N8"],"angle":56.5}},{"type":"Feature","geometry":{"type":"Point","coordinates":[19.531043,51.731159]},"properties":{"lines":"71A, 71B, 72A, 72B, 92A, 92B, F1, N8","color":"#0059a9","mode":"bus","arr":["71A","71B","72A","72B","92A","92B","F1","N8"],"angle":56}},{"type":"Feature","geometry":{"type":"Point","coordinates":[19.534064,51.728379]},"properties":{"lines":"71A, 71B, 72A, 72B, 92A, 92B, F1, N8","color":"#0059a9","mode":"bus","arr":["71A","71B","72A","72B","92A","92B","F1","N8"],"angle":56.3,"extra":1,"ei":0}},{"type":"Feature","geometry":{"type":"Point","coordinates":[19.532368,51.729949]},"properties":{"lines":"71A, 71B, 72A, 72B, 92A, 92B, F1, N8","color":"#0059a9","mode":"bus","arr":["71A","71B","72A","72B","92A","92B","F1","N8"],"angle":55.9,"extra":1,"ei":1}},{"type":"Feature","geometry":{"type":"Point","coordinates":[19.52894,51.733074]},"properties":{"lines":"71A, 71B, 72A, 72B, 92A, 92B, F1, N8","color":"#0059a9","mode":"bus","arr":["71A","71B","72A","72B","92A","92B","F1","N8"],"angle":55.6,"extra":1,"ei":2}},{"type":"Feature","geometry":{"type":"Point","coordinates":[19.527965,51.734589]},"properties":{"lines":"71A, 71B, 72A, 72B, 92A, 92B, F1, N8","color":"#0059a9","mode":"bus","arr":["71A","71B","72A","72B","92A","92B","F1","N8"],"angle":-31.3,"extra":1,"ei":3}},{"type":"Feature","geometry":{"type":"Point","coordinates":[19.526771,51.734959]},"properties":{"lines":"71A, 71B, 72A, 72B, 92A, 92B, F1, N8, W","color":"#0059a9","mode":"bus","arr":["71A","71B","72A","72B","92A","92B","F1","N8","W"],"angle":4.9}},{"type":"Feature","geometry":{"type":"Point","coordinates":[19.524499,51.735066]},"properties":{"lines":"71A, 71B, 72A, 72B, 92A, 92B, F1, N8, W","color":"#0059a9","mode":"bus","arr":["71A","71B","72A","72B","92A","92B","F1","N8","W"],"angle":3.2,"extra":1,"ei":0}},{"type":"Feature","geometry":{"type":"Point","coordinates":[19.529215,51.734677]},"properties":{"lines":"71A, 71B, 72A, 72B, 92A, 92B, F1, N8","color":"#0059a9","mode":"bus","arr":["71A","71B","72A","72B","92A","92B","F1","N8"],"angle":-83.2,"side":-1,"mi":1}},{"type":"Feature","geometry":{"type":"Point","coordinates":[19.503482,51.729857]},"properties":{"lines":"71A, 71B","color":"#0059a9","mode":"bus","arr":["71A","71B"],"angle":-59.1,"mi":3}},{"type":"Feature","geometry":{"type":"Point","coordinates":[19.501741,51.728676]},"properties":{"lines":"71A, 71B","color":"#0059a9","mode":"bus","arr":["71A","71B"],"angle":-35.9,"extra":1,"ei":0}},{"type":"Feature","geometry":{"type":"Point","coordinates":[19.504494,51.731909]},"properties":{"lines":"71A, 71B","color":"#0059a9","mode":"bus","arr":["71A","71B"],"angle":-84,"extra":1,"ei":1}},{"type":"Feature","geometry":{"type":"Point","coordinates":[19.494252,51.728017]},"properties":{"lines":"71A, 71B, 75A, 75B","color":"#0059a9","mode":"bus","arr":["71A","71B","75A","75B"],"angle":2.2}},{"type":"Feature","geometry":{"type":"Point","coordinates":[19.496701,51.727958]},"properties":{"lines":"71A, 71B, 75A, 75B","color":"#0059a9","mode":"bus","arr":["71A","71B","75A","75B"],"angle":2.3,"extra":1,"ei":0}},{"type":"Feature","geometry":{"type":"Point","coordinates":[19.490601,51.728106]},"properties":{"lines":"71A, 71B, 75A, 75B","color":"#0059a9","mode":"bus","arr":["71A","71B","75A","75B"],"angle":2.4,"extra":1,"ei":1,"side":-1}},{"type":"Feature","geometry":{"type":"Point","coordinates":[19.489405,51.730617]},"properties":{"lines":"71A, 71B","color":"#0059a9","mode":"bus","arr":["71A","71B"],"angle":-0.8,"mi":2}},{"type":"Feature","geometry":{"type":"Point","coordinates":[19.490007,51.728993]},"properties":{"lines":"71A, 71B","color":"#0059a9","mode":"bus","arr":["71A","71B"],"angle":79.1,"side":-1,"mi":1}},{"type":"Feature","geometry":{"type":"Point","coordinates":[19.497003,51.741041]},"properties":{"lines":"71A, 71B","color":"#0059a9","mode":"bus","arr":["71A","71B"],"angle":14.1,"mi":1}},{"type":"Feature","geometry":{"type":"Point","coordinates":[19.499661,51.740724]},"properties":{"lines":"71A, 71B","color":"#0059a9","mode":"bus","arr":["71A","71B"],"angle":4}},{"type":"Feature","geometry":{"type":"Point","coordinates":[19.500797,51.738782]},"properties":{"lines":"71A, 71B","color":"#0059a9","mode":"bus","arr":["71A","71B"],"angle":-84.8,"mi":2}},{"type":"Feature","geometry":{"type":"Point","coordinates":[19.500829,51.740034]},"properties":{"lines":"71A, 71B","color":"#0059a9","mode":"bus","arr":["71A","71B"],"angle":88.8,"extra":1,"ei":0}},{"type":"Feature","geometry":{"type":"Point","coordinates":[19.5257,51.734749]},"properties":{"lines":"71A, 71B, 72A, 72B, 92A, 92B, N8, W","color":"#0059a9","mode":"bus","arr":["71A","71B","72A","72B","92A","92B","N8","W"],"angle":5,"side":-1}},{"type":"Feature","geometry":{"type":"Point","coordinates":[19.527353,51.734482]},"properties":{"lines":"71A, 71B, 72A, 72B, 92A, 92B, N8","color":"#0059a9","mode":"bus","arr":["71A","71B","72A","72B","92A","92B","N8"],"angle":45.3,"side":-1}},{"type":"Feature","geometry":{"type":"Point","coordinates":[19.519996,51.702051]},"properties":{"lines":"71A, 71B","color":"#0059a9","mode":"bus","arr":["71A","71B"],"angle":77.7,"mi":5}},{"type":"Feature","geometry":{"type":"Point","coordinates":[19.524404,51.699581]},"properties":{"lines":"71A, 71B","color":"#0059a9","mode":"bus","arr":["71A","71B"],"angle":-37.2,"extra":1,"ei":0}},{"type":"Feature","geometry":{"type":"Point","coordinates":[19.521533,51.698964]},"properties":{"lines":"71A, 71B","color":"#0059a9","mode":"bus","arr":["71A","71B"],"angle":1,"extra":1,"ei":1}},{"type":"Feature","geometry":{"type":"Point","coordinates":[19.520517,51.700615]},"properties":{"lines":"71A, 71B","color":"#0059a9","mode":"bus","arr":["71A","71B"],"angle":77.4,"extra":1,"ei":2}},{"type":"Feature","geometry":{"type":"Point","coordinates":[19.519382,51.704324]},"properties":{"lines":"71A, 71B","color":"#0059a9","mode":"bus","arr":["71A","71B"],"angle":82.1,"extra":1,"ei":3}},{"type":"Feature","geometry":{"type":"Point","coordinates":[19.518951,51.706194]},"properties":{"lines":"71A, 71B","color":"#0059a9","mode":"bus","arr":["71A","71B"],"angle":81.4,"extra":1,"ei":4}},{"type":"Feature","geometry":{"type":"Point","coordinates":[19.518459,51.708057]},"properties":{"lines":"71A, 71B","color":"#0059a9","mode":"bus","arr":["71A","71B"],"angle":80.5,"extra":1,"ei":5}},{"type":"Feature","geometry":{"type":"Point","coordinates":[19.515598,51.707806]},"properties":{"lines":"71A, 71B","color":"#0059a9","mode":"bus","arr":["71A","71B"],"angle":-11.5,"mi":3}},{"type":"Feature","geometry":{"type":"Point","coordinates":[19.512686,51.70725]},"properties":{"lines":"71A, 71B","color":"#0059a9","mode":"bus","arr":["71A","71B"],"angle":-86.7,"mi":1}},{"type":"Feature","geometry":{"type":"Point","coordinates":[19.530821,51.709738]},"properties":{"lines":"71B","color":"#0059a9","mode":"bus","arr":["71B"],"angle":-11.7}},{"type":"Feature","geometry":{"type":"Point","coordinates":[19.519929,51.708354]},"properties":{"lines":"71B","color":"#0059a9","mode":"bus","arr":["71B"],"angle":-11.5,"extra":1,"ei":0}},{"type":"Feature","geometry":{"type":"Point","coordinates":[19.52292,51.70873]},"properties":{"lines":"71B","color":"#0059a9","mode":"bus","arr":["71B"],"angle":-11.6,"extra":1,"ei":1}},{"type":"Feature","geometry":{"type":"Point","coordinates":[19.52591,51.70911]},"properties":{"lines":"71B","color":"#0059a9","mode":"bus","arr":["71B"],"angle":-11.6,"extra":1,"ei":2}},{"type":"Feature","geometry":{"type":"Point","coordinates":[19.528899,51.709494]},"properties":{"lines":"71B","color":"#0059a9","mode":"bus","arr":["71B"],"angle":-11.6,"extra":1,"ei":3}},{"type":"Feature","geometry":{"type":"Point","coordinates":[19.534879,51.710255]},"properties":{"lines":"71B","color":"#0059a9","mode":"bus","arr":["71B"],"angle":-11.8,"extra":1,"ei":4}},{"type":"Feature","geometry":{"type":"Point","coordinates":[19.537867,51.71064]},"properties":{"lines":"71B","color":"#0059a9","mode":"bus","arr":["71B"],"angle":-11.8,"extra":1,"ei":5}},{"type":"Feature","geometry":{"type":"Point","coordinates":[19.540855,51.711026]},"properties":{"lines":"71B","color":"#0059a9","mode":"bus","arr":["71B"],"angle":-11.8,"extra":1,"ei":6}},{"type":"Feature","geometry":{"type":"Point","coordinates":[19.569363,51.741323]},"properties":{"lines":"72A, 80A, 80B, 96, N1A, N1B","color":"#0059a9","mode":"bus","arr":["72A","80A","80B","96","N1A","N1B"],"angle":32.8,"side":-1}},{"type":"Feature","geometry":{"type":"Point","coordinates":[19.564165,51.74129]},"properties":{"lines":"72A, 80A, 80B, 96, N1A, N1B","color":"#0059a9","mode":"bus","arr":["72A","80A","80B","96","N1A","N1B"],"angle":15.4,"mi":1}},{"type":"Feature","geometry":{"type":"Point","coordinates":[19.560761,51.741938]},"properties":{"lines":"72A, 80A, 80B, 96, N1A, N1B","color":"#0059a9","mode":"bus","arr":["72A","80A","80B","96","N1A","N1B"],"angle":15.4,"extra":1,"ei":0}},{"type":"Feature","geometry":{"type":"Point","coordinates":[19.566612,51.740868]},"properties":{"lines":"72A, 80A, 80B, 96, N1A, N1B","color":"#0059a9","mode":"bus","arr":["72A","80A","80B","96","N1A","N1B"],"angle":15.6,"extra":1,"ei":1}},{"type":"Feature","geometry":{"type":"Point","coordinates":[19.557023,51.740509]},"properties":{"lines":"72A, 82A, 82B","color":"#0059a9","mode":"bus","arr":["72A","82A","82B"],"angle":-41.8}},{"type":"Feature","geometry":{"type":"Point","coordinates":[19.558586,51.741369]},"properties":{"lines":"72A, 82A, 82B","color":"#0059a9","mode":"bus","arr":["72A","82A","82B"],"angle":-44,"extra":1,"ei":0}},{"type":"Feature","geometry":{"type":"Point","coordinates":[19.544599,51.733317]},"properties":{"lines":"72A","color":"#0059a9","mode":"bus","arr":["72A"],"angle":-44}},{"type":"Feature","geometry":{"type":"Point","coordinates":[19.553211,51.738371]},"properties":{"lines":"72A","color":"#0059a9","mode":"bus","arr":["72A"],"angle":-42.5,"extra":1,"ei":0}},{"type":"Feature","geometry":{"type":"Point","coordinates":[19.550982,51.737081]},"properties":{"lines":"72A","color":"#0059a9","mode":"bus","arr":["72A"],"angle":-43.1,"extra":1,"ei":1}},{"type":"Feature","geometry":{"type":"Point","coordinates":[19.548758,51.735788]},"properties":{"lines":"72A","color":"#0059a9","mode":"bus","arr":["72A"],"angle":-43.6,"extra":1,"ei":2}},{"type":"Feature","geometry":{"type":"Point","coordinates":[19.546551,51.734483]},"properties":{"lines":"72A","color":"#0059a9","mode":"bus","arr":["72A"],"angle":-44,"extra":1,"ei":3}},{"type":"Feature","geometry":{"type":"Point","coordinates":[19.542154,51.731863]},"properties":{"lines":"72A","color":"#0059a9","mode":"bus","arr":["72A"],"angle":-43.9,"extra":1,"ei":4}},{"type":"Feature","geometry":{"type":"Point","coordinates":[19.539961,51.730549]},"properties":{"lines":"72A","color":"#0059a9","mode":"bus","arr":["72A"],"angle":-44.3,"extra":1,"ei":5}},{"type":"Feature","geometry":{"type":"Point","coordinates":[19.537757,51.729242]},"properties":{"lines":"72A","color":"#0059a9","mode":"bus","arr":["72A"],"angle":-43.5,"extra":1,"ei":6}},{"type":"Feature","geometry":{"type":"Point","coordinates":[19.53553,51.727951]},"properties":{"lines":"72A","color":"#0059a9","mode":"bus","arr":["72A"],"angle":-43,"extra":1,"ei":7}},{"type":"Feature","geometry":{"type":"Point","coordinates":[19.472437,51.733074]},"properties":{"lines":"72A, 72B, N3A, N3B","color":"#0059a9","mode":"bus","arr":["72A","72B","N3A","N3B"],"angle":58.5}},{"type":"Feature","geometry":{"type":"Point","coordinates":[19.474081,51.731413]},"properties":{"lines":"72A, 72B, N3A, N3B","color":"#0059a9","mode":"bus","arr":["72A","72B","N3A","N3B"],"angle":58.7,"extra":1,"ei":0}},{"type":"Feature","geometry":{"type":"Point","coordinates":[19.470891,51.734633]},"properties":{"lines":"72A, 72B, N3A, N3B","color":"#0059a9","mode":"bus","arr":["72A","72B","N3A","N3B"],"angle":58.4,"extra":1,"ei":1}},{"type":"Feature","geometry":{"type":"Point","coordinates":[19.467796,51.734896]},"properties":{"lines":"72A, 72B, N3A, N3B","color":"#0059a9","mode":"bus","arr":["72A","72B","N3A","N3B"],"angle":-23.8,"mi":1}},{"type":"Feature","geometry":{"type":"Point","coordinates":[19.465793,51.734443]},"properties":{"lines":"72A, 72B, N3A, N3B","color":"#0059a9","mode":"bus","arr":["72A","72B","N3A","N3B"],"angle":0.4,"extra":1,"ei":0}},{"type":"Feature","geometry":{"type":"Point","coordinates":[19.462637,51.740736]},"properties":{"lines":"72A, 72B, 92A, 92B, N3A, N3B, N4A, N4B, N5A, N5B, N6, Z11","color":"#0059a9","mode":"bus","arr":["72A","72B","92A","92B","N3A","N3B","N4A","N4B","N5A","N5B","N6","Z11"],"angle":82.5}},{"type":"Feature","geometry":{"type":"Point","coordinates":[19.460336,51.7409]},"properties":{"lines":"72A, 72B, N4A, N4B, N5A, N5B","color":"#0059a9","mode":"bus","arr":["72A","72B","N4A","N4B","N5A","N5B"],"angle":-7.5}},{"type":"Feature","geometry":{"type":"Point","coordinates":[19.45433,51.744543]},"properties":{"lines":"72A, 72B, N4A, N4B","color":"#0059a9","mode":"bus","arr":["72A","72B","N4A","N4B"],"angle":-7.6,"mi":5}},{"type":"Feature","geometry":{"type":"Point","coordinates":[19.447349,51.763343]},"properties":{"lines":"72A, 72B, 86, N2, N4A, N4B","color":"#0059a9","mode":"bus","arr":["72A","72B","86","N2","N4A","N4B"],"angle":82.3}},{"type":"Feature","geometry":{"type":"Point","coordinates":[19.446714,51.766263]},"properties":{"lines":"72A, 72B, 86","color":"#0059a9","mode":"bus","arr":["72A","72B","86"],"angle":82.1}},{"type":"Feature","geometry":{"type":"Point","coordinates":[19.446443,51.767465]},"properties":{"lines":"72A, 72B, 86","color":"#0059a9","mode":"bus","arr":["72A","72B","86"],"angle":82.1,"extra":1,"ei":0}},{"type":"Feature","geometry":{"type":"Point","coordinates":[19.441674,51.771273]},"properties":{"lines":"72A, 72B, N3A, N3B","color":"#0059a9","mode":"bus","arr":["72A","72B","N3A","N3B"],"angle":-30.9}},{"type":"Feature","geometry":{"type":"Point","coordinates":[19.443945,51.771605]},"properties":{"lines":"72A, 72B, N3A, N3B","color":"#0059a9","mode":"bus","arr":["72A","72B","N3A","N3B"],"angle":-8.8,"extra":1,"ei":0}},{"type":"Feature","geometry":{"type":"Point","coordinates":[19.438409,51.77016]},"properties":{"lines":"72A, 72B, N3A, N3B","color":"#0059a9","mode":"bus","arr":["72A","72B","N3A","N3B"],"angle":-26.6,"extra":1,"ei":1,"side":-1}},{"type":"Feature","geometry":{"type":"Point","coordinates":[19.436361,51.769505]},"properties":{"lines":"72A, 72B, 99, N3A, N3B","color":"#0059a9","mode":"bus","arr":["72A","72B","99","N3A","N3B"],"angle":-28.3}},{"type":"Feature","geometry":{"type":"Point","coordinates":[19.428545,51.769928]},"properties":{"lines":"72A, 72B, 73, 83, 100, N9","color":"#0059a9","mode":"bus","arr":["72A","72B","73","83","100","N9"],"angle":-29.2}},{"type":"Feature","geometry":{"type":"Point","coordinates":[19.427398,51.76953]},"properties":{"lines":"72A, 72B, 73, 83, 97A, 97B, 100, N9","color":"#0059a9","mode":"bus","arr":["72A","72B","73","83","97A","97B","100","N9"],"angle":-29.3}},{"type":"Feature","geometry":{"type":"Point","coordinates":[19.424598,51.76843]},"properties":{"lines":"72A, 72B, 83, 97A, 97B, 100, N9, Z43","color":"#0059a9","mode":"bus","arr":["72A","72B","83","97A","97B","100","N9","Z43"],"angle":-21.9,"side":-1}},{"type":"Feature","geometry":{"type":"Point","coordinates":[19.424535,51.76855]},"properties":{"lines":"72A, 72B, 83, 97A, 97B, N9, Z43","color":"#0059a9","mode":"bus","arr":["72A","72B","83","97A","97B","N9","Z43"],"angle":-24.6}},{"type":"Feature","geometry":{"type":"Point","coordinates":[19.422314,51.767864]},"properties":{"lines":"72A, 72B, 83, 97A, 97B, N9, Z43","color":"#0059a9","mode":"bus","arr":["72A","72B","83","97A","97B","N9","Z43"],"angle":-33.2,"mi":1}},{"type":"Feature","geometry":{"type":"Point","coordinates":[19.419469,51.770099]},"properties":{"lines":"72A, 72B, 83","color":"#0059a9","mode":"bus","arr":["72A","72B","83"],"angle":67.3}},{"type":"Feature","geometry":{"type":"Point","coordinates":[19.42071,51.768281]},"properties":{"lines":"72A, 72B, 83","color":"#0059a9","mode":"bus","arr":["72A","72B","83"],"angle":67.2,"extra":1,"ei":0}},{"type":"Feature","geometry":{"type":"Point","coordinates":[19.418336,51.771761]},"properties":{"lines":"72A, 72B, 83","color":"#0059a9","mode":"bus","arr":["72A","72B","83"],"angle":67.1,"extra":1,"ei":1}},{"type":"Feature","geometry":{"type":"Point","coordinates":[19.410835,51.77409]},"properties":{"lines":"72A, 72B, N3A, N3B","color":"#0059a9","mode":"bus","arr":["72A","72B","N3A","N3B"],"angle":17.2}},{"type":"Feature","geometry":{"type":"Point","coordinates":[19.416177,51.773067]},"properties":{"lines":"72A, 72B, N3A, N3B","color":"#0059a9","mode":"bus","arr":["72A","72B","N3A","N3B"],"angle":17.1,"extra":1,"ei":0}},{"type":"Feature","geometry":{"type":"Point","coordinates":[19.413262,51.773626]},"properties":{"lines":"72A, 72B, N3A, N3B","color":"#0059a9","mode":"bus","arr":["72A","72B","N3A","N3B"],"angle":17.3,"extra":1,"ei":1}},{"type":"Feature","geometry":{"type":"Point","coordinates":[19.407449,51.774768]},"properties":{"lines":"72A, 72B, N3A, N3B","color":"#0059a9","mode":"bus","arr":["72A","72B","N3A","N3B"],"angle":35.1,"extra":1,"ei":2}},{"type":"Feature","geometry":{"type":"Point","coordinates":[19.405176,51.775888]},"properties":{"lines":"72A, 72B, N3A, N3B","color":"#0059a9","mode":"bus","arr":["72A","72B","N3A","N3B"],"angle":0.3,"extra":1,"ei":3,"side":-1}},{"type":"Feature","geometry":{"type":"Point","coordinates":[19.40175,51.775119]},"properties":{"lines":"72A, 72B, 83, N3A, N3B","color":"#0059a9","mode":"bus","arr":["72A","72B","83","N3A","N3B"],"angle":-22.7}},{"type":"Feature","geometry":{"type":"Point","coordinates":[19.392701,51.779442]},"properties":{"lines":"72A, 72B, 97A, 97B","color":"#0059a9","mode":"bus","arr":["72A","72B","97A","97B"],"angle":-16}},{"type":"Feature","geometry":{"type":"Point","coordinates":[19.395459,51.779923]},"properties":{"lines":"72A, 72B, 97A, 97B","color":"#0059a9","mode":"bus","arr":["72A","72B","97A","97B"],"angle":-15.8,"extra":1,"ei":0}},{"type":"Feature","geometry":{"type":"Point","coordinates":[19.389673,51.77874]},"properties":{"lines":"72A, 72B, 97A, 97B","color":"#0059a9","mode":"bus","arr":["72A","72B","97A","97B"],"angle":-23,"extra":1,"ei":1}},{"type":"Feature","geometry":{"type":"Point","coordinates":[19.36805,51.77593]},"properties":{"lines":"72A, 72B","color":"#0059a9","mode":"bus","arr":["72A","72B"],"angle":-11.2}},{"type":"Feature","geometry":{"type":"Point","coordinates":[19.387118,51.778267]},"properties":{"lines":"72A, 72B","color":"#0059a9","mode":"bus","arr":["72A","72B"],"angle":-11.3,"extra":1,"ei":0}},{"type":"Feature","geometry":{"type":"Point","coordinates":[19.384121,51.777908]},"properties":{"lines":"72A, 72B","color":"#0059a9","mode":"bus","arr":["72A","72B"],"angle":-10.9,"extra":1,"ei":1}},{"type":"Feature","geometry":{"type":"Point","coordinates":[19.381126,51.777544]},"properties":{"lines":"72A, 72B","color":"#0059a9","mode":"bus","arr":["72A","72B"],"angle":-11.2,"extra":1,"ei":2}},{"type":"Feature","geometry":{"type":"Point","coordinates":[19.378131,51.77718]},"properties":{"lines":"72A, 72B","color":"#0059a9","mode":"bus","arr":["72A","72B"],"angle":-11.1,"extra":1,"ei":3}},{"type":"Feature","geometry":{"type":"Point","coordinates":[19.375138,51.776809]},"properties":{"lines":"72A, 72B","color":"#0059a9","mode":"bus","arr":["72A","72B"],"angle":-11.6,"extra":1,"ei":4}},{"type":"Feature","geometry":{"type":"Point","coordinates":[19.372145,51.776436]},"properties":{"lines":"72A, 72B","color":"#0059a9","mode":"bus","arr":["72A","72B"],"angle":-11.3,"extra":1,"ei":5}},{"type":"Feature","geometry":{"type":"Point","coordinates":[19.366135,51.775835]},"properties":{"lines":"72A, 72B","color":"#0059a9","mode":"bus","arr":["72A","72B"],"angle":-0.1,"extra":1,"ei":6}},{"type":"Feature","geometry":{"type":"Point","coordinates":[19.363083,51.775867]},"properties":{"lines":"72A, 72B","color":"#0059a9","mode":"bus","arr":["72A","72B"],"angle":1.6,"extra":1,"ei":7}},{"type":"Feature","geometry":{"type":"Point","coordinates":[19.360032,51.775924]},"properties":{"lines":"72A, 72B","color":"#0059a9","mode":"bus","arr":["72A","72B"],"angle":1.9,"extra":1,"ei":8}},{"type":"Feature","geometry":{"type":"Point","coordinates":[19.356981,51.775983]},"properties":{"lines":"72A, 72B","color":"#0059a9","mode":"bus","arr":["72A","72B"],"angle":1.9,"extra":1,"ei":9}},{"type":"Feature","geometry":{"type":"Point","coordinates":[19.353933,51.775954]},"properties":{"lines":"72A, 72B","color":"#0059a9","mode":"bus","arr":["72A","72B"],"angle":-6.2,"extra":1,"ei":10}},{"type":"Feature","geometry":{"type":"Point","coordinates":[19.350902,51.775732]},"properties":{"lines":"72A, 72B","color":"#0059a9","mode":"bus","arr":["72A","72B"],"angle":-6.9,"extra":1,"ei":11}},{"type":"Feature","geometry":{"type":"Point","coordinates":[19.347871,51.775506]},"properties":{"lines":"72A, 72B","color":"#0059a9","mode":"bus","arr":["72A","72B"],"angle":-6.7,"extra":1,"ei":12}},{"type":"Feature","geometry":{"type":"Point","coordinates":[19.347147,51.775221]},"properties":{"lines":"72A, 72B","color":"#0059a9","mode":"bus","arr":["72A","72B"],"angle":-89.2,"mi":1}},{"type":"Feature","geometry":{"type":"Point","coordinates":[19.348593,51.775008]},"properties":{"lines":"72A, 72B","color":"#0059a9","mode":"bus","arr":["72A","72B"],"angle":0.4}},{"type":"Feature","geometry":{"type":"Point","coordinates":[19.422407,51.76774]},"properties":{"lines":"72A, 72B, 83, 97A, 97B, 100, N9, Z43","color":"#0059a9","mode":"bus","arr":["72A","72B","83","97A","97B","100","N9","Z43"],"angle":-35.2,"side":-1,"mi":1}},{"type":"Feature","geometry":{"type":"Point","coordinates":[19.426964,51.768814]},"properties":{"lines":"72A, 72B, 83, 100, N9","color":"#0059a9","mode":"bus","arr":["72A","72B","83","100","N9"],"angle":-5.1}},{"type":"Feature","geometry":{"type":"Point","coordinates":[19.428825,51.769099]},"properties":{"lines":"72A, 72B, 83, 100, N9, Z13","color":"#0059a9","mode":"bus","arr":["72A","72B","83","100","N9","Z13"],"angle":-18.6}},{"type":"Feature","geometry":{"type":"Point","coordinates":[19.450643,51.757832]},"properties":{"lines":"72A, 72B, N4A, N4B","color":"#0059a9","mode":"bus","arr":["72A","72B","N4A","N4B"],"angle":-2.1,"mi":4}},{"type":"Feature","geometry":{"type":"Point","coordinates":[19.453994,51.754323]},"properties":{"lines":"72A, 72B, N4A, N4B","color":"#0059a9","mode":"bus","arr":["72A","72B","N4A","N4B"],"angle":-7.2}},{"type":"Feature","geometry":{"type":"Point","coordinates":[19.451858,51.756635]},"properties":{"lines":"72A, 72B, N4A, N4B","color":"#0059a9","mode":"bus","arr":["72A","72B","N4A","N4B"],"angle":82.1,"mi":3}},{"type":"Feature","geometry":{"type":"Point","coordinates":[19.452282,51.754771]},"properties":{"lines":"72A, 72B, N4A, N4B","color":"#0059a9","mode":"bus","arr":["72A","72B","N4A","N4B"],"angle":82,"mi":1}},{"type":"Feature","geometry":{"type":"Point","coordinates":[19.455383,51.75317]},"properties":{"lines":"72A, 72B, N4A, N4B","color":"#0059a9","mode":"bus","arr":["72A","72B","N4A","N4B"],"angle":82.5,"mi":2}},{"type":"Feature","geometry":{"type":"Point","coordinates":[19.457124,51.749259]},"properties":{"lines":"72A, 72B","color":"#0059a9","mode":"bus","arr":["72A","72B"],"angle":-7.8,"mi":1}},{"type":"Feature","geometry":{"type":"Point","coordinates":[19.458732,51.748323]},"properties":{"lines":"72A, 72B","color":"#0059a9","mode":"bus","arr":["72A","72B"],"angle":-7}},{"type":"Feature","geometry":{"type":"Point","coordinates":[19.461572,51.745443]},"properties":{"lines":"72A, 72B, N6, Z11","color":"#0059a9","mode":"bus","arr":["72A","72B","N6","Z11"],"angle":82.3}},{"type":"Feature","geometry":{"type":"Point","coordinates":[19.4611,51.747594]},"properties":{"lines":"72A, 72B, N6, Z11","color":"#0059a9","mode":"bus","arr":["72A","72B","N6","Z11"],"angle":82.3,"extra":1,"ei":0}},{"type":"Feature","geometry":{"type":"Point","coordinates":[19.461922,51.743851]},"properties":{"lines":"72A, 72B, N6, Z11","color":"#0059a9","mode":"bus","arr":["72A","72B","N6","Z11"],"angle":82.3,"extra":1,"ei":1}},{"type":"Feature","geometry":{"type":"Point","coordinates":[19.46238,51.741763]},"properties":{"lines":"72A, 72B, 92A, 92B, N6, Z11","color":"#0059a9","mode":"bus","arr":["72A","72B","92A","92B","N6","Z11"],"angle":82}},{"type":"Feature","geometry":{"type":"Point","coordinates":[19.462488,51.740772]},"properties":{"lines":"72A, 72B, N4A, N4B, N5A, N5B","color":"#0059a9","mode":"bus","arr":["72A","72B","N4A","N4B","N5A","N5B"],"angle":82.6,"side":-1,"mi":1}},{"type":"Feature","geometry":{"type":"Point","coordinates":[19.574225,51.752191]},"properties":{"lines":"72B, 90, 91A, 91B, 91C, N5A, N5B","color":"#0059a9","mode":"bus","arr":["72B","90","91A","91B","91C","N5A","N5B"],"angle":-76.5}},{"type":"Feature","geometry":{"type":"Point","coordinates":[19.586882,51.743282]},"properties":{"lines":"72B, N5B","color":"#0059a9","mode":"bus","arr":["72B","N5B"],"angle":-74.4,"mi":1}},{"type":"Feature","geometry":{"type":"Point","coordinates":[19.589436,51.749997]},"properties":{"lines":"72B, N5B","color":"#0059a9","mode":"bus","arr":["72B","N5B"],"angle":-80}},{"type":"Feature","geometry":{"type":"Point","coordinates":[19.588717,51.747845]},"properties":{"lines":"72B, N5B","color":"#0059a9","mode":"bus","arr":["72B","N5B"],"angle":-77.4,"extra":1,"ei":0}},{"type":"Feature","geometry":{"type":"Point","coordinates":[19.588093,51.745996]},"properties":{"lines":"72B, N5B","color":"#0059a9","mode":"bus","arr":["72B","N5B"],"angle":-76.9,"extra":1,"ei":1}},{"type":"Feature","geometry":{"type":"Point","coordinates":[19.585666,51.740533]},"properties":{"lines":"72B, N5B","color":"#0059a9","mode":"bus","arr":["72B","N5B"],"angle":-74.8,"extra":1,"ei":2}},{"type":"Feature","geometry":{"type":"Point","coordinates":[19.584866,51.73871]},"properties":{"lines":"72B, N5B","color":"#0059a9","mode":"bus","arr":["72B","N5B"],"angle":-74.8,"extra":1,"ei":3}},{"type":"Feature","geometry":{"type":"Point","coordinates":[19.583976,51.736688]},"properties":{"lines":"72B, 82A, 82B","color":"#0059a9","mode":"bus","arr":["72B","82A","82B"],"angle":-74.8}},{"type":"Feature","geometry":{"type":"Point","coordinates":[19.572402,51.733978]},"properties":{"lines":"72B, 82A, 82B","color":"#0059a9","mode":"bus","arr":["72B","82A","82B"],"angle":-12.6,"side":-1,"mi":1}},{"type":"Feature","geometry":{"type":"Point","coordinates":[19.581765,51.735275]},"properties":{"lines":"72B, 82A, 82B","color":"#0059a9","mode":"bus","arr":["72B","82A","82B"],"angle":-11.9,"extra":1,"ei":0}},{"type":"Feature","geometry":{"type":"Point","coordinates":[19.578785,51.734863]},"properties":{"lines":"72B, 82A, 82B","color":"#0059a9","mode":"bus","arr":["72B","82A","82B"],"angle":-12.6,"extra":1,"ei":1}},{"type":"Feature","geometry":{"type":"Point","coordinates":[19.575807,51.73445]},"properties":{"lines":"72B, 82A, 82B","color":"#0059a9","mode":"bus","arr":["72B","82A","82B"],"angle":-12.6,"extra":1,"ei":2}},{"type":"Feature","geometry":{"type":"Point","coordinates":[19.56985,51.733623]},"properties":{"lines":"72B, 82A, 82B","color":"#0059a9","mode":"bus","arr":["72B","82A","82B"],"angle":-12.7,"extra":1,"ei":3,"side":-1}},{"type":"Feature","geometry":{"type":"Point","coordinates":[19.566871,51.73321]},"properties":{"lines":"72B, 82A, 82B","color":"#0059a9","mode":"bus","arr":["72B","82A","82B"],"angle":-12.6,"extra":1,"ei":4}},{"type":"Feature","geometry":{"type":"Point","coordinates":[19.563884,51.732822]},"properties":{"lines":"72B, 82A, 82B","color":"#0059a9","mode":"bus","arr":["72B","82A","82B"],"angle":-11.7,"extra":1,"ei":5}},{"type":"Feature","geometry":{"type":"Point","coordinates":[19.575248,51.733876]},"properties":{"lines":"72B","color":"#0059a9","mode":"bus","arr":["72B"],"angle":81.5}},{"type":"Feature","geometry":{"type":"Point","coordinates":[19.575806,51.733301]},"properties":{"lines":"72B","color":"#0059a9","mode":"bus","arr":["72B"],"angle":-33.3,"side":-1,"mi":1}},{"type":"Feature","geometry":{"type":"Point","coordinates":[19.576171,51.734263]},"properties":{"lines":"72B","color":"#0059a9","mode":"bus","arr":["72B"],"angle":0.9,"side":-1,"mi":2}},{"type":"Feature","geometry":{"type":"Point","coordinates":[19.549676,51.728888]},"properties":{"lines":"72B","color":"#0059a9","mode":"bus","arr":["72B"],"angle":-25.4}},{"type":"Feature","geometry":{"type":"Point","coordinates":[19.56023,51.731972]},"properties":{"lines":"72B","color":"#0059a9","mode":"bus","arr":["72B"],"angle":-25.7,"extra":1,"ei":0}},{"type":"Feature","geometry":{"type":"Point","coordinates":[19.557471,51.731165]},"properties":{"lines":"72B","color":"#0059a9","mode":"bus","arr":["72B"],"angle":-25.3,"extra":1,"ei":1}},{"type":"Feature","geometry":{"type":"Point","coordinates":[19.554711,51.730358]},"properties":{"lines":"72B","color":"#0059a9","mode":"bus","arr":["72B"],"angle":-25.3,"extra":1,"ei":2}},{"type":"Feature","geometry":{"type":"Point","coordinates":[19.551949,51.729554]},"properties":{"lines":"72B","color":"#0059a9","mode":"bus","arr":["72B"],"angle":-25.2,"extra":1,"ei":3}},{"type":"Feature","geometry":{"type":"Point","coordinates":[19.546428,51.727941]},"properties":{"lines":"72B","color":"#0059a9","mode":"bus","arr":["72B"],"angle":-25.1,"extra":1,"ei":4}},{"type":"Feature","geometry":{"type":"Point","coordinates":[19.54367,51.727132]},"properties":{"lines":"72B","color":"#0059a9","mode":"bus","arr":["72B"],"angle":-25.3,"extra":1,"ei":5}},{"type":"Feature","geometry":{"type":"Point","coordinates":[19.540891,51.726352]},"properties":{"lines":"72B","color":"#0059a9","mode":"bus","arr":["72B"],"angle":-23.9,"extra":1,"ei":6}},{"type":"Feature","geometry":{"type":"Point","coordinates":[19.538145,51.725528]},"properties":{"lines":"72B","color":"#0059a9","mode":"bus","arr":["72B"],"angle":-23,"extra":1,"ei":7}},{"type":"Feature","geometry":{"type":"Point","coordinates":[19.436927,51.775939]},"properties":{"lines":"73, 87A, 87B, 100","color":"#0059a9","mode":"bus","arr":["73","87A","87B","100"],"angle":-25.9}},{"type":"Feature","geometry":{"type":"Point","coordinates":[19.434953,51.775343]},"properties":{"lines":"73, 87A, 87B, 100","color":"#0059a9","mode":"bus","arr":["73","87A","87B","100"],"angle":-25.3,"extra":1,"ei":0}},{"type":"Feature","geometry":{"type":"Point","coordinates":[19.438793,51.778569]},"properties":{"lines":"73","color":"#0059a9","mode":"bus","arr":["73"],"angle":84,"mi":1}},{"type":"Feature","geometry":{"type":"Point","coordinates":[19.439054,51.780519]},"properties":{"lines":"73","color":"#0059a9","mode":"bus","arr":["73"],"angle":-7.3,"side":-1}},{"type":"Feature","geometry":{"type":"Point","coordinates":[19.45,51.782071]},"properties":{"lines":"73","color":"#0059a9","mode":"bus","arr":["73"],"angle":8.5,"mi":2}},{"type":"Feature","geometry":{"type":"Point","coordinates":[19.44456,51.781475]},"properties":{"lines":"73, 87A, 87B","color":"#0059a9","mode":"bus","arr":["73","87A","87B"],"angle":-16.3}},{"type":"Feature","geometry":{"type":"Point","coordinates":[19.449433,51.782113]},"properties":{"lines":"73, 87A, 87B","color":"#0059a9","mode":"bus","arr":["73","87A","87B"],"angle":12.8,"extra":1,"ei":0}},{"type":"Feature","geometry":{"type":"Point","coordinates":[19.446458,51.781812]},"properties":{"lines":"73, 87A, 87B","color":"#0059a9","mode":"bus","arr":["73","87A","87B"],"angle":-16.1,"extra":1,"ei":1}},{"type":"Feature","geometry":{"type":"Point","coordinates":[19.440625,51.780774]},"properties":{"lines":"73, 87A, 87B","color":"#0059a9","mode":"bus","arr":["73","87A","87B"],"angle":-13.1,"extra":1,"ei":2}},{"type":"Feature","geometry":{"type":"Point","coordinates":[19.428864,51.798699]},"properties":{"lines":"73, 81A, 81B, 99, N5A, N5B","color":"#0059a9","mode":"bus","arr":["73","81A","81B","99","N5A","N5B"],"angle":9.9}},{"type":"Feature","geometry":{"type":"Point","coordinates":[19.442862,51.797295]},"properties":{"lines":"73, 81A, 81B, 99, N5A, N5B","color":"#0059a9","mode":"bus","arr":["73","81A","81B","99","N5A","N5B"],"angle":1.9,"mi":3}},{"type":"Feature","geometry":{"type":"Point","coordinates":[19.431754,51.798398]},"properties":{"lines":"73, 81A, 81B, 99, N5A, N5B","color":"#0059a9","mode":"bus","arr":["73","81A","81B","99","N5A","N5B"],"angle":10.3,"extra":1,"ei":0}},{"type":"Feature","geometry":{"type":"Point","coordinates":[19.425743,51.799057]},"properties":{"lines":"73, 81A, 81B, 99, N5A, N5B","color":"#0059a9","mode":"bus","arr":["73","81A","81B","99","N5A","N5B"],"angle":10,"extra":1,"ei":1}},{"type":"Feature","geometry":{"type":"Point","coordinates":[19.438795,51.79767]},"properties":{"lines":"73, 81A, 81B, 85A, 99, N5A, N5B","color":"#0059a9","mode":"bus","arr":["73","81A","81B","85A","99","N5A","N5B"],"angle":8.6,"mi":1}},{"type":"Feature","geometry":{"type":"Point","coordinates":[19.434755,51.798054]},"properties":{"lines":"73, 81A, 81B, 85A, 99, N5A, N5B","color":"#0059a9","mode":"bus","arr":["73","81A","81B","85A","99","N5A","N5B"],"angle":9.1,"extra":1,"ei":0}},{"type":"Feature","geometry":{"type":"Point","coordinates":[19.440791,51.797487]},"properties":{"lines":"73, 81A, 81B, 85A, 99, N5A, N5B","color":"#0059a9","mode":"bus","arr":["73","81A","81B","85A","99","N5A","N5B"],"angle":8.5,"extra":1,"ei":1}},{"type":"Feature","geometry":{"type":"Point","coordinates":[19.443677,51.797231]},"properties":{"lines":"73, 81A, 81B, 85A, 99, N5A, N5B","color":"#0059a9","mode":"bus","arr":["73","81A","81B","85A","99","N5A","N5B"],"angle":-23.6,"extra":1,"ei":2,"side":-1}},{"type":"Feature","geometry":{"type":"Point","coordinates":[19.425304,51.80196]},"properties":{"lines":"73, N5A, N5B","color":"#0059a9","mode":"bus","arr":["73","N5A","N5B"],"angle":-79.7,"side":-1}},{"type":"Feature","geometry":{"type":"Point","coordinates":[19.424769,51.800152]},"properties":{"lines":"73, N5A, N5B","color":"#0059a9","mode":"bus","arr":["73","N5A","N5B"],"angle":-79.6,"extra":1,"ei":0,"side":-1}},{"type":"Feature","geometry":{"type":"Point","coordinates":[19.425858,51.803869]},"properties":{"lines":"73, N5A, N5B","color":"#0059a9","mode":"bus","arr":["73","N5A","N5B"],"angle":-81.4,"extra":1,"ei":1,"side":-1}},{"type":"Feature","geometry":{"type":"Point","coordinates":[19.425841,51.806909]},"properties":{"lines":"73, 89, N5A, N5B","color":"#0059a9","mode":"bus","arr":["73","89","N5A","N5B"],"angle":85.8}},{"type":"Feature","geometry":{"type":"Point","coordinates":[19.425986,51.805652]},"properties":{"lines":"73, 89, N5A, N5B","color":"#0059a9","mode":"bus","arr":["73","89","N5A","N5B"],"angle":87.2,"extra":1,"ei":0}},{"type":"Feature","geometry":{"type":"Point","coordinates":[19.42544,51.808135]},"properties":{"lines":"73, 89, N5A, N5B","color":"#0059a9","mode":"bus","arr":["73","89","N5A","N5B"],"angle":85.8,"extra":1,"ei":0,"side":-1}},{"type":"Feature","geometry":{"type":"Point","coordinates":[19.425841,51.811287]},"properties":{"lines":"73, 89, 99, N5A, N5B","color":"#0059a9","mode":"bus","arr":["73","89","99","N5A","N5B"],"angle":-85,"mi":2}},{"type":"Feature","geometry":{"type":"Point","coordinates":[19.425265,51.80969]},"properties":{"lines":"73, 89, 99, N5A, N5B","color":"#0059a9","mode":"bus","arr":["73","89","99","N5A","N5B"],"angle":86.9,"side":-1,"mi":3}},{"type":"Feature","geometry":{"type":"Point","coordinates":[19.425851,51.813322]},"properties":{"lines":"73, 89, 99, N5A, N5B","color":"#0059a9","mode":"bus","arr":["73","89","99","N5A","N5B"],"angle":-38.1,"mi":1}},{"type":"Feature","geometry":{"type":"Point","coordinates":[19.423062,51.815255]},"properties":{"lines":"73, 89, 99, N5A, N5B","color":"#0059a9","mode":"bus","arr":["73","89","99","N5A","N5B"],"angle":49.7,"mi":4}},{"type":"Feature","geometry":{"type":"Point","coordinates":[19.426456,51.814209]},"properties":{"lines":"73, 89, 99, N5A, N5B","color":"#0059a9","mode":"bus","arr":["73","89","99","N5A","N5B"],"angle":68.7,"extra":1,"ei":0}},{"type":"Feature","geometry":{"type":"Point","coordinates":[19.419981,51.817503]},"properties":{"lines":"73, 89, 99, N5A, N5B","color":"#0059a9","mode":"bus","arr":["73","89","99","N5A","N5B"],"angle":49.7,"extra":1,"ei":1}},{"type":"Feature","geometry":{"type":"Point","coordinates":[19.419162,51.817541]},"properties":{"lines":"89","color":"#0059a9","mode":"bus","arr":["89"],"angle":48.7,"side":-1,"mi":1}},{"type":"Feature","geometry":{"type":"Point","coordinates":[19.381199,51.817296]},"properties":{"lines":"89","color":"#0059a9","mode":"bus","arr":["89"],"angle":-34.2}},{"type":"Feature","geometry":{"type":"Point","coordinates":[19.425352,51.773168]},"properties":{"lines":"73","color":"#0059a9","mode":"bus","arr":["73"],"angle":-14.5}},{"type":"Feature","geometry":{"type":"Point","coordinates":[19.431143,51.774397]},"properties":{"lines":"73, 87A, 87B, 100","color":"#0059a9","mode":"bus","arr":["73","87A","87B","100"],"angle":-20.9,"mi":1}},{"type":"Feature","geometry":{"type":"Point","coordinates":[19.428902,51.773872]},"properties":{"lines":"73, 87A, 87B, 100","color":"#0059a9","mode":"bus","arr":["73","87A","87B","100"],"angle":-21.2,"extra":1,"ei":0}},{"type":"Feature","geometry":{"type":"Point","coordinates":[19.434592,51.775239]},"properties":{"lines":"73, 87A, 87B, 100","color":"#0059a9","mode":"bus","arr":["73","87A","87B","100"],"angle":-24.4,"extra":1,"ei":1}},{"type":"Feature","geometry":{"type":"Point","coordinates":[19.424379,51.812553]},"properties":{"lines":"73, 89, 99, N5A, N5B","color":"#0059a9","mode":"bus","arr":["73","89","99","N5A","N5B"],"angle":-71.2}},{"type":"Feature","geometry":{"type":"Point","coordinates":[19.423291,51.795767]},"properties":{"lines":"73, 81A, 81B, 99, N5A, N5B","color":"#0059a9","mode":"bus","arr":["73","81A","81B","99","N5A","N5B"],"angle":-80.3,"mi":1}},{"type":"Feature","geometry":{"type":"Point","coordinates":[19.423974,51.798232]},"properties":{"lines":"73, 81A, 81B, 99, N5A, N5B","color":"#0059a9","mode":"bus","arr":["73","81A","81B","99","N5A","N5B"],"angle":-80.2,"extra":1,"ei":0}},{"type":"Feature","geometry":{"type":"Point","coordinates":[19.422879,51.794519]},"properties":{"lines":"73, 81A, 81B, 99, N5A, N5B","color":"#0059a9","mode":"bus","arr":["73","81A","81B","99","N5A","N5B"],"angle":-69.9,"extra":1,"ei":1}},{"type":"Feature","geometry":{"type":"Point","coordinates":[19.421448,51.792852]},"properties":{"lines":"73, 81A, 81B, 99, N5A, N5B","color":"#0059a9","mode":"bus","arr":["73","81A","81B","99","N5A","N5B"],"angle":-61.4,"extra":1,"ei":2}},{"type":"Feature","geometry":{"type":"Point","coordinates":[19.42111,51.792388]},"properties":{"lines":"73, 81A, 81B, 99, N5A, N5B","color":"#0059a9","mode":"bus","arr":["73","81A","81B","99","N5A","N5B"],"angle":-73.8,"mi":2}},{"type":"Feature","geometry":{"type":"Point","coordinates":[19.421429,51.792076]},"properties":{"lines":"73, 81A, 81B, 99, N1A, N1B, N5A, N5B","color":"#0059a9","mode":"bus","arr":["73","81A","81B","99","N1A","N1B","N5A","N5B"],"angle":19.4}},{"type":"Feature","geometry":{"type":"Point","coordinates":[19.423538,51.791638]},"properties":{"lines":"73, 81A, 81B, 99, N1A, N1B, N5A, N5B","color":"#0059a9","mode":"bus","arr":["73","81A","81B","99","N1A","N1B","N5A","N5B"],"angle":14.7,"mi":1}},{"type":"Feature","geometry":{"type":"Point","coordinates":[19.427675,51.790845]},"properties":{"lines":"73, 81A, 81B, 85A, 99, N1A, N1B, N5A, N5B","color":"#0059a9","mode":"bus","arr":["73","81A","81B","85A","99","N1A","N1B","N5A","N5B"],"angle":18.3}},{"type":"Feature","geometry":{"type":"Point","coordinates":[19.429599,51.790456]},"properties":{"lines":"73, 81A, 81B, 85A, 99, N1A, N1B, N5A, N5B","color":"#0059a9","mode":"bus","arr":["73","81A","81B","85A","99","N1A","N1B","N5A","N5B"],"angle":18.1,"extra":1,"ei":0}},{"type":"Feature","geometry":{"type":"Point","coordinates":[19.431868,51.794257]},"properties":{"lines":"73, 81A, 81B, 85A, 99, N5A, N5B","color":"#0059a9","mode":"bus","arr":["73","81A","81B","85A","99","N5A","N5B"],"angle":-79.5}},{"type":"Feature","geometry":{"type":"Point","coordinates":[19.430657,51.791233]},"properties":{"lines":"73, 81A, 81B, 85A, 99, N5A, N5B","color":"#0059a9","mode":"bus","arr":["73","81A","81B","85A","99","N5A","N5B"],"angle":-67.5,"extra":1,"ei":0}},{"type":"Feature","geometry":{"type":"Point","coordinates":[19.431504,51.793038]},"properties":{"lines":"73, 81A, 81B, 85A, 99, N5A, N5B","color":"#0059a9","mode":"bus","arr":["73","81A","81B","85A","99","N5A","N5B"],"angle":-79.5,"extra":1,"ei":1}},{"type":"Feature","geometry":{"type":"Point","coordinates":[19.432615,51.796752]},"properties":{"lines":"73, 81A, 81B, 85A, 99, N5A, N5B","color":"#0059a9","mode":"bus","arr":["73","81A","81B","85A","99","N5A","N5B"],"angle":-79.5,"extra":1,"ei":2}},{"type":"Feature","geometry":{"type":"Point","coordinates":[19.426076,51.769301]},"properties":{"lines":"73","color":"#0059a9","mode":"bus","arr":["73"],"angle":24.2,"mi":2}},{"type":"Feature","geometry":{"type":"Point","coordinates":[19.421888,51.772506]},"properties":{"lines":"73","color":"#0059a9","mode":"bus","arr":["73"],"angle":-74.5,"side":-1,"mi":1}},{"type":"Feature","geometry":{"type":"Point","coordinates":[19.438609,51.778562]},"properties":{"lines":"73, 87A, 87B","color":"#0059a9","mode":"bus","arr":["73","87A","87B"],"angle":83.9,"side":-1,"mi":1}},{"type":"Feature","geometry":{"type":"Point","coordinates":[19.413955,51.701281]},"properties":{"lines":"75A, 75B, N4A","color":"#0059a9","mode":"bus","arr":["75A","75B","N4A"],"angle":-20.7}},{"type":"Feature","geometry":{"type":"Point","coordinates":[19.415028,51.700823]},"properties":{"lines":"75A, 75B, N4A","color":"#0059a9","mode":"bus","arr":["75A","75B","N4A"],"angle":67.8,"side":-1,"mi":1}},{"type":"Feature","geometry":{"type":"Point","coordinates":[19.425546,51.708547]},"properties":{"lines":"75A, 75B, N4A, N4B","color":"#0059a9","mode":"bus","arr":["75A","75B","N4A","N4B"],"angle":-59.6,"side":-1}},{"type":"Feature","geometry":{"type":"Point","coordinates":[19.42379,51.706927]},"properties":{"lines":"75A, 75B, N4A, N4B","color":"#0059a9","mode":"bus","arr":["75A","75B","N4A","N4B"],"angle":-50.2,"extra":1,"ei":0,"side":-1}},{"type":"Feature","geometry":{"type":"Point","coordinates":[19.427258,51.710029]},"properties":{"lines":"75A, 75B, N4A, N4B","color":"#0059a9","mode":"bus","arr":["75A","75B","N4A","N4B"],"angle":-53,"extra":1,"ei":1,"side":-1}},{"type":"Feature","geometry":{"type":"Point","coordinates":[19.4939,51.733078]},"properties":{"lines":"75A, 75B","color":"#0059a9","mode":"bus","arr":["75A","75B"],"angle":77.7,"mi":3}},{"type":"Feature","geometry":{"type":"Point","coordinates":[19.444832,51.703135]},"properties":{"lines":"75A, 75B","color":"#0059a9","mode":"bus","arr":["75A","75B"],"angle":0.6}},{"type":"Feature","geometry":{"type":"Point","coordinates":[19.44145,51.703174]},"properties":{"lines":"75A, 75B","color":"#0059a9","mode":"bus","arr":["75A","75B"],"angle":1.5,"extra":1,"ei":0}},{"type":"Feature","geometry":{"type":"Point","coordinates":[19.447555,51.703111]},"properties":{"lines":"75A, 75B","color":"#0059a9","mode":"bus","arr":["75A","75B"],"angle":-1,"extra":1,"ei":1}},{"type":"Feature","geometry":{"type":"Point","coordinates":[19.438643,51.703205]},"properties":{"lines":"75A, 75B, N4A, N4B","color":"#0059a9","mode":"bus","arr":["75A","75B","N4A","N4B"],"angle":-2}},{"type":"Feature","geometry":{"type":"Point","coordinates":[19.454579,51.704334]},"properties":{"lines":"75B","color":"#0059a9","mode":"bus","arr":["75B"],"angle":-17.5}},{"type":"Feature","geometry":{"type":"Point","coordinates":[19.451143,51.703671]},"properties":{"lines":"75B","color":"#0059a9","mode":"bus","arr":["75B"],"angle":-17.3,"extra":1,"ei":0}},{"type":"Feature","geometry":{"type":"Point","coordinates":[19.456963,51.704811]},"properties":{"lines":"75B","color":"#0059a9","mode":"bus","arr":["75B"],"angle":-17.9,"extra":1,"ei":1}},{"type":"Feature","geometry":{"type":"Point","coordinates":[19.448928,51.705625]},"properties":{"lines":"75A","color":"#0059a9","mode":"bus","arr":["75A"],"angle":78,"mi":1}},{"type":"Feature","geometry":{"type":"Point","coordinates":[19.448484,51.706918]},"properties":{"lines":"75A","color":"#0059a9","mode":"bus","arr":["75A"],"angle":78,"extra":1,"ei":0}},{"type":"Feature","geometry":{"type":"Point","coordinates":[19.452053,51.708325]},"properties":{"lines":"75A","color":"#0059a9","mode":"bus","arr":["75A"],"angle":-11.4}},{"type":"Feature","geometry":{"type":"Point","coordinates":[19.44862,51.707897]},"properties":{"lines":"75A","color":"#0059a9","mode":"bus","arr":["75A"],"angle":-11.2,"extra":1,"ei":0}},{"type":"Feature","geometry":{"type":"Point","coordinates":[19.454604,51.708645]},"properties":{"lines":"75A","color":"#0059a9","mode":"bus","arr":["75A"],"angle":-11.8,"extra":1,"ei":1}},{"type":"Feature","geometry":{"type":"Point","coordinates":[19.458257,51.707144]},"properties":{"lines":"75A","color":"#0059a9","mode":"bus","arr":["75A"],"angle":68.3,"mi":3}},{"type":"Feature","geometry":{"type":"Point","coordinates":[19.460463,51.704208]},"properties":{"lines":"75A, 75B","color":"#0059a9","mode":"bus","arr":["75A","75B"],"angle":60.1}},{"type":"Feature","geometry":{"type":"Point","coordinates":[19.464515,51.704221]},"properties":{"lines":"75A, 75B, H","color":"#0059a9","mode":"bus","arr":["75A","75B","H"],"angle":-31.3}},{"type":"Feature","geometry":{"type":"Point","coordinates":[19.462825,51.703585]},"properties":{"lines":"75A, 75B, H","color":"#0059a9","mode":"bus","arr":["75A","75B","H"],"angle":-31.3,"extra":1,"ei":0}},{"type":"Feature","geometry":{"type":"Point","coordinates":[19.464461,51.708486]},"properties":{"lines":"75A, 75B","color":"#0059a9","mode":"bus","arr":["75A","75B"],"angle":59.4,"side":-1,"mi":1}},{"type":"Feature","geometry":{"type":"Point","coordinates":[19.46684,51.706286]},"properties":{"lines":"75A, 75B","color":"#0059a9","mode":"bus","arr":["75A","75B"],"angle":57.6,"extra":1,"ei":0}},{"type":"Feature","geometry":{"type":"Point","coordinates":[19.462693,51.711294]},"properties":{"lines":"75A, 75B","color":"#0059a9","mode":"bus","arr":["75A","75B"],"angle":76.8,"extra":1,"ei":1}},{"type":"Feature","geometry":{"type":"Point","coordinates":[19.466546,51.715138]},"properties":{"lines":"75A, 75B, N3B","color":"#0059a9","mode":"bus","arr":["75A","75B","N3B"],"angle":-74.3}},{"type":"Feature","geometry":{"type":"Point","coordinates":[19.467671,51.717622]},"properties":{"lines":"75A, 75B, N3B","color":"#0059a9","mode":"bus","arr":["75A","75B","N3B"],"angle":-74.3,"extra":1,"ei":0}},{"type":"Feature","geometry":{"type":"Point","coordinates":[19.4662,51.713964]},"properties":{"lines":"75A, 75B, N3B","color":"#0059a9","mode":"bus","arr":["75A","75B","N3B"],"angle":-85.6,"extra":1,"ei":1}},{"type":"Feature","geometry":{"type":"Point","coordinates":[19.466099,51.712085]},"properties":{"lines":"75A, 75B, N3B","color":"#0059a9","mode":"bus","arr":["75A","75B","N3B"],"angle":-88.7,"extra":1,"ei":2}},{"type":"Feature","geometry":{"type":"Point","coordinates":[19.470215,51.717646]},"properties":{"lines":"75A, 75B, N3B","color":"#0059a9","mode":"bus","arr":["75A","75B","N3B"],"angle":33.1,"mi":1}},{"type":"Feature","geometry":{"type":"Point","coordinates":[19.471961,51.716942]},"properties":{"lines":"75A, 75B, N3B","color":"#0059a9","mode":"bus","arr":["75A","75B","N3B"],"angle":33.2,"extra":1,"ei":0}},{"type":"Feature","geometry":{"type":"Point","coordinates":[19.479333,51.714335]},"properties":{"lines":"75A, 75B","color":"#0059a9","mode":"bus","arr":["75A","75B"],"angle":24.6}},{"type":"Feature","geometry":{"type":"Point","coordinates":[19.473588,51.71629]},"properties":{"lines":"75A, 75B","color":"#0059a9","mode":"bus","arr":["75A","75B"],"angle":32.8,"extra":1,"ei":0}},{"type":"Feature","geometry":{"type":"Point","coordinates":[19.476153,51.715267]},"properties":{"lines":"75A, 75B","color":"#0059a9","mode":"bus","arr":["75A","75B"],"angle":31.3,"extra":1,"ei":1}},{"type":"Feature","geometry":{"type":"Point","coordinates":[19.481681,51.713667]},"properties":{"lines":"75A, 75B","color":"#0059a9","mode":"bus","arr":["75A","75B"],"angle":24.8,"extra":1,"ei":2}},{"type":"Feature","geometry":{"type":"Point","coordinates":[19.484543,51.713282]},"properties":{"lines":"75A, 75B","color":"#0059a9","mode":"bus","arr":["75A","75B"],"angle":-13.3,"extra":1,"ei":3}},{"type":"Feature","geometry":{"type":"Point","coordinates":[19.47929,51.730806]},"properties":{"lines":"75A, 75B","color":"#0059a9","mode":"bus","arr":["75A","75B"],"angle":74.2,"mi":2}},{"type":"Feature","geometry":{"type":"Point","coordinates":[19.480436,51.727497]},"properties":{"lines":"75A, 75B","color":"#0059a9","mode":"bus","arr":["75A","75B"],"angle":66,"mi":1}},{"type":"Feature","geometry":{"type":"Point","coordinates":[19.480065,51.728624]},"properties":{"lines":"75A, 75B, N3A, N3B","color":"#0059a9","mode":"bus","arr":["75A","75B","N3A","N3B"],"angle":78.4,"mi":2}},{"type":"Feature","geometry":{"type":"Point","coordinates":[19.485436,51.727952]},"properties":{"lines":"75A, 75B","color":"#0059a9","mode":"bus","arr":["75A","75B"],"angle":-12.3}},{"type":"Feature","geometry":{"type":"Point","coordinates":[19.482151,51.727532]},"properties":{"lines":"75A, 75B","color":"#0059a9","mode":"bus","arr":["75A","75B"],"angle":-11.7,"extra":1,"ei":0}},{"type":"Feature","geometry":{"type":"Point","coordinates":[19.488151,51.728165]},"properties":{"lines":"75A, 75B","color":"#0059a9","mode":"bus","arr":["75A","75B"],"angle":1.8,"extra":1,"ei":1}},{"type":"Feature","geometry":{"type":"Point","coordinates":[19.497545,51.730105]},"properties":{"lines":"75A, 75B","color":"#0059a9","mode":"bus","arr":["75A","75B"],"angle":78.8,"mi":4}},{"type":"Feature","geometry":{"type":"Point","coordinates":[19.497166,51.731365]},"properties":{"lines":"75A, 75B","color":"#0059a9","mode":"bus","arr":["75A","75B"],"angle":78.9,"extra":1,"ei":0}},{"type":"Feature","geometry":{"type":"Point","coordinates":[19.536769,51.760376]},"properties":{"lines":"75A, 75B, 82A, 82B, 201, 202, N1A, N1B","color":"#0059a9","mode":"bus","arr":["75A","75B","82A","82B","201","202","N1A","N1B"],"angle":16.8,"side":-1}},{"type":"Feature","geometry":{"type":"Point","coordinates":[19.550343,51.758585]},"properties":{"lines":"75A, 75B, 82A, 82B, 201, 202, N5A, N5B, W","color":"#0059a9","mode":"bus","arr":["75A","75B","82A","82B","201","202","N5A","N5B","W"],"angle":9.9}},{"type":"Feature","geometry":{"type":"Point","coordinates":[19.539314,51.760133]},"properties":{"lines":"75A, 75B, 82A, 82B, 201, 202, N5A, N5B, W","color":"#0059a9","mode":"bus","arr":["75A","75B","82A","82B","201","202","N5A","N5B","W"],"angle":6.4,"side":-1,"mi":1}},{"type":"Feature","geometry":{"type":"Point","coordinates":[19.552344,51.75834]},"properties":{"lines":"75A, 75B, 82A, 82B, 201, 202, N5A, N5B, W","color":"#0059a9","mode":"bus","arr":["75A","75B","82A","82B","201","202","N5A","N5B","W"],"angle":14.5,"extra":1,"ei":0}},{"type":"Feature","geometry":{"type":"Point","coordinates":[19.553751,51.7577]},"properties":{"lines":"75A, 75B, 82A, 82B, W","color":"#0059a9","mode":"bus","arr":["75A","75B","82A","82B","W"],"angle":-76.6}},{"type":"Feature","geometry":{"type":"Point","coordinates":[19.554399,51.759167]},"properties":{"lines":"75A, 75B, W","color":"#0059a9","mode":"bus","arr":["75A","75B","W"],"angle":-72.2}},{"type":"Feature","geometry":{"type":"Point","coordinates":[19.549042,51.761062]},"properties":{"lines":"75A, 75B, W","color":"#0059a9","mode":"bus","arr":["75A","75B","W"],"angle":14.2,"mi":1}},{"type":"Feature","geometry":{"type":"Point","coordinates":[19.553513,51.760512]},"properties":{"lines":"75A, 75B, W","color":"#0059a9","mode":"bus","arr":["75A","75B","W"],"angle":9.5,"extra":1,"ei":0}},{"type":"Feature","geometry":{"type":"Point","coordinates":[19.54459,51.761766]},"properties":{"lines":"75A, 75B, W","color":"#0059a9","mode":"bus","arr":["75A","75B","W"],"angle":18,"extra":1,"ei":1}},{"type":"Feature","geometry":{"type":"Point","coordinates":[19.537106,51.761155]},"properties":{"lines":"75A, 75B, 80A, 80B, N5A, N5B, W","color":"#0059a9","mode":"bus","arr":["75A","75B","80A","80B","N5A","N5B","W"],"angle":15.9}},{"type":"Feature","geometry":{"type":"Point","coordinates":[19.477396,51.727244]},"properties":{"lines":"75A, 75B, N3A, N3B","color":"#0059a9","mode":"bus","arr":["75A","75B","N3A","N3B"],"angle":9.2}},{"type":"Feature","geometry":{"type":"Point","coordinates":[19.476158,51.728734]},"properties":{"lines":"75A, 75B, N3A, N3B","color":"#0059a9","mode":"bus","arr":["75A","75B","N3A","N3B"],"angle":-31.9,"mi":1}},{"type":"Feature","geometry":{"type":"Point","coordinates":[19.447876,51.705465]},"properties":{"lines":"75A","color":"#0059a9","mode":"bus","arr":["75A"],"angle":78,"mi":2}},{"type":"Feature","geometry":{"type":"Point","coordinates":[19.448322,51.704146]},"properties":{"lines":"75A","color":"#0059a9","mode":"bus","arr":["75A"],"angle":78.2,"extra":1,"ei":0}},{"type":"Feature","geometry":{"type":"Point","coordinates":[19.413006,51.700067]},"properties":{"lines":"75A, 75B, N4A, N4B","color":"#0059a9","mode":"bus","arr":["75A","75B","N4A","N4B"],"angle":80.6,"side":-1}},{"type":"Feature","geometry":{"type":"Point","coordinates":[19.3958,51.738712]},"properties":{"lines":"76","color":"#0059a9","mode":"bus","arr":["76"],"angle":-25.1}},{"type":"Feature","geometry":{"type":"Point","coordinates":[19.401152,51.740492]},"properties":{"lines":"76","color":"#0059a9","mode":"bus","arr":["76"],"angle":-41.6,"extra":1,"ei":0}},{"type":"Feature","geometry":{"type":"Point","coordinates":[19.398546,51.739515]},"properties":{"lines":"76","color":"#0059a9","mode":"bus","arr":["76"],"angle":-25.5,"extra":1,"ei":1}},{"type":"Feature","geometry":{"type":"Point","coordinates":[19.393025,51.737903]},"properties":{"lines":"76","color":"#0059a9","mode":"bus","arr":["76"],"angle":-25.3,"extra":1,"ei":2}},{"type":"Feature","geometry":{"type":"Point","coordinates":[19.390196,51.737208]},"properties":{"lines":"76","color":"#0059a9","mode":"bus","arr":["76"],"angle":-11.8,"extra":1,"ei":3}},{"type":"Feature","geometry":{"type":"Point","coordinates":[19.40014,51.74377]},"properties":{"lines":"76","color":"#0059a9","mode":"bus","arr":["76"],"angle":66.7,"mi":1}},{"type":"Feature","geometry":{"type":"Point","coordinates":[19.401311,51.742195]},"properties":{"lines":"76","color":"#0059a9","mode":"bus","arr":["76"],"angle":65,"extra":1,"ei":0}},{"type":"Feature","geometry":{"type":"Point","coordinates":[19.39865,51.745589]},"properties":{"lines":"76","color":"#0059a9","mode":"bus","arr":["76"],"angle":63.8,"extra":1,"ei":1}},{"type":"Feature","geometry":{"type":"Point","coordinates":[19.402133,51.74729]},"properties":{"lines":"76, 99, N2","color":"#0059a9","mode":"bus","arr":["76","99","N2"],"angle":-26.3}},{"type":"Feature","geometry":{"type":"Point","coordinates":[19.399588,51.74655]},"properties":{"lines":"76, 99, N2","color":"#0059a9","mode":"bus","arr":["76","99","N2"],"angle":-24.6,"extra":1,"ei":0}},{"type":"Feature","geometry":{"type":"Point","coordinates":[19.405157,51.74804]},"properties":{"lines":"76, 99, N2","color":"#0059a9","mode":"bus","arr":["76","99","N2"],"angle":-3.9,"extra":1,"ei":1}},{"type":"Feature","geometry":{"type":"Point","coordinates":[19.418023,51.748336]},"properties":{"lines":"N2","color":"#0059a9","mode":"bus","arr":["N2"],"angle":-50}},{"type":"Feature","geometry":{"type":"Point","coordinates":[19.412247,51.754497]},"properties":{"lines":"76, 80A, 80B, 99","color":"#0059a9","mode":"bus","arr":["76","80A","80B","99"],"angle":-65.7}},{"type":"Feature","geometry":{"type":"Point","coordinates":[19.410436,51.752034]},"properties":{"lines":"76, 80A, 80B, 99","color":"#0059a9","mode":"bus","arr":["76","80A","80B","99"],"angle":-65.8,"extra":1,"ei":0}},{"type":"Feature","geometry":{"type":"Point","coordinates":[19.414205,51.757197]},"properties":{"lines":"76, 80A, 80B, 99","color":"#0059a9","mode":"bus","arr":["76","80A","80B","99"],"angle":-66,"extra":1,"ei":1}},{"type":"Feature","geometry":{"type":"Point","coordinates":[19.392482,51.78725]},"properties":{"lines":"76, 83, N3A, N3B","color":"#0059a9","mode":"bus","arr":["76","83","N3A","N3B"],"angle":-83.2}},{"type":"Feature","geometry":{"type":"Point","coordinates":[19.391757,51.783467]},"properties":{"lines":"76, 83, N3A, N3B","color":"#0059a9","mode":"bus","arr":["76","83","N3A","N3B"],"angle":-83.1,"extra":1,"ei":0}},{"type":"Feature","geometry":{"type":"Point","coordinates":[19.392119,51.785342]},"properties":{"lines":"76, 83, N3A, N3B","color":"#0059a9","mode":"bus","arr":["76","83","N3A","N3B"],"angle":-83.2,"extra":1,"ei":1}},{"type":"Feature","geometry":{"type":"Point","coordinates":[19.392835,51.789094]},"properties":{"lines":"76, 83, N3A, N3B","color":"#0059a9","mode":"bus","arr":["76","83","N3A","N3B"],"angle":-83.2,"extra":1,"ei":2}},{"type":"Feature","geometry":{"type":"Point","coordinates":[19.393194,51.790969]},"properties":{"lines":"76, 83, N3A, N3B","color":"#0059a9","mode":"bus","arr":["76","83","N3A","N3B"],"angle":-83.3,"extra":1,"ei":3}},{"type":"Feature","geometry":{"type":"Point","coordinates":[19.388826,51.79298]},"properties":{"lines":"76, 78, 83, 96, N1A, N1B, N3A, N3B","color":"#0059a9","mode":"bus","arr":["76","78","83","96","N1A","N1B","N3A","N3B"],"angle":17.9}},{"type":"Feature","geometry":{"type":"Point","coordinates":[19.386077,51.79353]},"properties":{"lines":"76, 78, 83, 96, N1A, N1B, N3A, N3B","color":"#0059a9","mode":"bus","arr":["76","78","83","96","N1A","N1B","N3A","N3B"],"angle":18.1,"extra":1,"ei":0}},{"type":"Feature","geometry":{"type":"Point","coordinates":[19.39195,51.792562]},"properties":{"lines":"76, 78, 83, 96, N1A, N1B, N3A, N3B","color":"#0059a9","mode":"bus","arr":["76","78","83","96","N1A","N1B","N3A","N3B"],"angle":4.5,"extra":1,"ei":1}},{"type":"Feature","geometry":{"type":"Point","coordinates":[19.386434,51.797872]},"properties":{"lines":"76","color":"#0059a9","mode":"bus","arr":["76"],"angle":-76.8,"mi":1}},{"type":"Feature","geometry":{"type":"Point","coordinates":[19.385071,51.79522]},"properties":{"lines":"76","color":"#0059a9","mode":"bus","arr":["76"],"angle":-72.1}},{"type":"Feature","geometry":{"type":"Point","coordinates":[19.382447,51.816867]},"properties":{"lines":"76, 81A, 89","color":"#0059a9","mode":"bus","arr":["76","81A","89"],"angle":33}},{"type":"Feature","geometry":{"type":"Point","coordinates":[19.3764,51.794336]},"properties":{"lines":"78, 83, 96, N1A, N1B, N3A, N3B","color":"#0059a9","mode":"bus","arr":["78","83","96","N1A","N1B","N3A","N3B"],"angle":18.2,"mi":1}},{"type":"Feature","geometry":{"type":"Point","coordinates":[19.378644,51.793882]},"properties":{"lines":"78, 83, 96, N1A, N1B, N3A, N3B","color":"#0059a9","mode":"bus","arr":["78","83","96","N1A","N1B","N3A","N3B"],"angle":84.9}},{"type":"Feature","geometry":{"type":"Point","coordinates":[19.382523,51.793811]},"properties":{"lines":"78, 83, 96, N1A, N1B, N3A, N3B","color":"#0059a9","mode":"bus","arr":["78","83","96","N1A","N1B","N3A","N3B"],"angle":-4.2,"mi":2}},{"type":"Feature","geometry":{"type":"Point","coordinates":[19.3967,51.748716]},"properties":{"lines":"99, N2","color":"#0059a9","mode":"bus","arr":["99","N2"],"angle":69.6}},{"type":"Feature","geometry":{"type":"Point","coordinates":[19.397655,51.747065]},"properties":{"lines":"99, N2","color":"#0059a9","mode":"bus","arr":["99","N2"],"angle":70.2,"extra":1,"ei":0}},{"type":"Feature","geometry":{"type":"Point","coordinates":[19.395268,51.750503]},"properties":{"lines":"99, N2","color":"#0059a9","mode":"bus","arr":["99","N2"],"angle":34.3,"extra":1,"ei":1}},{"type":"Feature","geometry":{"type":"Point","coordinates":[19.430543,51.729099]},"properties":{"lines":"77","color":"#0059a9","mode":"bus","arr":["77"],"angle":-87.5}},{"type":"Feature","geometry":{"type":"Point","coordinates":[19.432068,51.731156]},"properties":{"lines":"77","color":"#0059a9","mode":"bus","arr":["77"],"angle":1.8,"mi":1}},{"type":"Feature","geometry":{"type":"Point","coordinates":[19.433709,51.733806]},"properties":{"lines":"77","color":"#0059a9","mode":"bus","arr":["77"],"angle":-87.6,"mi":2}},{"type":"Feature","geometry":{"type":"Point","coordinates":[19.433575,51.732069]},"properties":{"lines":"77","color":"#0059a9","mode":"bus","arr":["77"],"angle":-86.8,"extra":1,"ei":0}},{"type":"Feature","geometry":{"type":"Point","coordinates":[19.433792,51.735841]},"properties":{"lines":"77","color":"#0059a9","mode":"bus","arr":["77"],"angle":89.7,"extra":1,"ei":1}},{"type":"Feature","geometry":{"type":"Point","coordinates":[19.43927,51.751541]},"properties":{"lines":"77","color":"#0059a9","mode":"bus","arr":["77"],"angle":-8,"mi":6}},{"type":"Feature","geometry":{"type":"Point","coordinates":[19.442576,51.749585]},"properties":{"lines":"77","color":"#0059a9","mode":"bus","arr":["77"],"angle":82}},{"type":"Feature","geometry":{"type":"Point","coordinates":[19.442148,51.751484]},"properties":{"lines":"77","color":"#0059a9","mode":"bus","arr":["77"],"angle":74.3,"mi":2}},{"type":"Feature","geometry":{"type":"Point","coordinates":[19.445767,51.751535]},"properties":{"lines":"77","color":"#0059a9","mode":"bus","arr":["77"],"angle":-8.4,"mi":5}},{"type":"Feature","geometry":{"type":"Point","coordinates":[19.443728,51.751353]},"properties":{"lines":"77","color":"#0059a9","mode":"bus","arr":["77"],"angle":-8.3,"extra":1,"ei":0}},{"type":"Feature","geometry":{"type":"Point","coordinates":[19.4669,51.756914]},"properties":{"lines":"77","color":"#0059a9","mode":"bus","arr":["77"],"angle":-17.3,"mi":1}},{"type":"Feature","geometry":{"type":"Point","coordinates":[19.472323,51.755876]},"properties":{"lines":"77","color":"#0059a9","mode":"bus","arr":["77"],"angle":-17.4,"mi":2}},{"type":"Feature","geometry":{"type":"Point","coordinates":[19.477841,51.756937]},"properties":{"lines":"77, 101","color":"#0059a9","mode":"bus","arr":["77","101"],"angle":-17.2}},{"type":"Feature","geometry":{"type":"Point","coordinates":[19.475091,51.75641]},"properties":{"lines":"77, 101","color":"#0059a9","mode":"bus","arr":["77","101"],"angle":-17.2,"extra":1,"ei":0}},{"type":"Feature","geometry":{"type":"Point","coordinates":[19.480927,51.75752]},"properties":{"lines":"77, 101","color":"#0059a9","mode":"bus","arr":["77","101"],"angle":-17.2,"extra":1,"ei":1}},{"type":"Feature","geometry":{"type":"Point","coordinates":[19.48166,51.759427]},"properties":{"lines":"77, N8","color":"#0059a9","mode":"bus","arr":["77","N8"],"angle":82.4}},{"type":"Feature","geometry":{"type":"Point","coordinates":[19.480915,51.762655]},"properties":{"lines":"77, 101, N8","color":"#0059a9","mode":"bus","arr":["77","101","N8"],"angle":81.9}},{"type":"Feature","geometry":{"type":"Point","coordinates":[19.480632,51.763893]},"properties":{"lines":"77, 101, N8","color":"#0059a9","mode":"bus","arr":["77","101","N8"],"angle":82,"extra":1,"ei":0}},{"type":"Feature","geometry":{"type":"Point","coordinates":[19.480183,51.765847]},"properties":{"lines":"77, 80A, 80B, 83, 101, N8","color":"#0059a9","mode":"bus","arr":["77","80A","80B","83","101","N8"],"angle":82}},{"type":"Feature","geometry":{"type":"Point","coordinates":[19.480453,51.764668]},"properties":{"lines":"77, 80A, 80B, 83, 101, N8","color":"#0059a9","mode":"bus","arr":["77","80A","80B","83","101","N8"],"angle":82.1,"extra":1,"ei":0}},{"type":"Feature","geometry":{"type":"Point","coordinates":[19.47653,51.7672]},"properties":{"lines":"77, 80A, 80B, 83, 101, N8","color":"#0059a9","mode":"bus","arr":["77","80A","80B","83","101","N8"],"angle":-7.4,"mi":1}},{"type":"Feature","geometry":{"type":"Point","coordinates":[19.471253,51.766754]},"properties":{"lines":"77, 80A, 80B, 83, 101","color":"#0059a9","mode":"bus","arr":["77","80A","80B","83","101"],"angle":-8.1}},{"type":"Feature","geometry":{"type":"Point","coordinates":[19.467521,51.766426]},"properties":{"lines":"77, 80A, 80B, 83","color":"#0059a9","mode":"bus","arr":["77","80A","80B","83"],"angle":-7.8}},{"type":"Feature","geometry":{"type":"Point","coordinates":[19.472857,51.769312]},"properties":{"lines":"77, 101","color":"#0059a9","mode":"bus","arr":["77","101"],"angle":83.4,"side":-1}},{"type":"Feature","geometry":{"type":"Point","coordinates":[19.476316,51.768574]},"properties":{"lines":"77","color":"#0059a9","mode":"bus","arr":["77"],"angle":0.6}},{"type":"Feature","geometry":{"type":"Point","coordinates":[19.479723,51.767946]},"properties":{"lines":"77","color":"#0059a9","mode":"bus","arr":["77"],"angle":78.1,"mi":1}},{"type":"Feature","geometry":{"type":"Point","coordinates":[19.467682,51.754634]},"properties":{"lines":"77","color":"#0059a9","mode":"bus","arr":["77"],"angle":-17.1}},{"type":"Feature","geometry":{"type":"Point","coordinates":[19.469712,51.755021]},"properties":{"lines":"77","color":"#0059a9","mode":"bus","arr":["77"],"angle":-17.1,"extra":1,"ei":0}},{"type":"Feature","geometry":{"type":"Point","coordinates":[19.446041,51.750554]},"properties":{"lines":"77","color":"#0059a9","mode":"bus","arr":["77"],"angle":-8.1,"mi":3}},{"type":"Feature","geometry":{"type":"Point","coordinates":[19.448147,51.750739]},"properties":{"lines":"77","color":"#0059a9","mode":"bus","arr":["77"],"angle":-8.1,"extra":1,"ei":0}},{"type":"Feature","geometry":{"type":"Point","coordinates":[19.44208,51.748847]},"properties":{"lines":"77","color":"#0059a9","mode":"bus","arr":["77"],"angle":-7.7,"mi":1}},{"type":"Feature","geometry":{"type":"Point","coordinates":[19.441979,51.746588]},"properties":{"lines":"77","color":"#0059a9","mode":"bus","arr":["77"],"angle":82.2,"mi":4}},{"type":"Feature","geometry":{"type":"Point","coordinates":[19.441704,51.747838]},"properties":{"lines":"77","color":"#0059a9","mode":"bus","arr":["77"],"angle":82.2,"extra":1,"ei":0}},{"type":"Feature","geometry":{"type":"Point","coordinates":[19.441337,51.74475]},"properties":{"lines":"77","color":"#0059a9","mode":"bus","arr":["77"],"angle":28.8,"mi":7}},{"type":"Feature","geometry":{"type":"Point","coordinates":[19.437175,51.72272]},"properties":{"lines":"77","color":"#0059a9","mode":"bus","arr":["77"],"angle":3.4,"mi":3}},{"type":"Feature","geometry":{"type":"Point","coordinates":[19.435023,51.722797]},"properties":{"lines":"77","color":"#0059a9","mode":"bus","arr":["77"],"angle":3.5,"extra":1,"ei":0}},{"type":"Feature","geometry":{"type":"Point","coordinates":[19.407448,51.793876]},"properties":{"lines":"78, 81A, 81B, 89","color":"#0059a9","mode":"bus","arr":["78","81A","81B","89"],"angle":59.9,"side":-1,"mi":1}},{"type":"Feature","geometry":{"type":"Point","coordinates":[19.406827,51.795968]},"properties":{"lines":"78, 81A, 81B, 89","color":"#0059a9","mode":"bus","arr":["78","81A","81B","89"],"angle":-20.2,"mi":3}},{"type":"Feature","geometry":{"type":"Point","coordinates":[19.408821,51.795686]},"properties":{"lines":"78, 81A, 81B, 89","color":"#0059a9","mode":"bus","arr":["78","81A","81B","89"],"angle":17.4,"extra":1,"ei":0}},{"type":"Feature","geometry":{"type":"Point","coordinates":[19.409047,51.795038]},"properties":{"lines":"78, 81A, 81B, 89","color":"#0059a9","mode":"bus","arr":["78","81A","81B","89"],"angle":-59.7}},{"type":"Feature","geometry":{"type":"Point","coordinates":[19.40738,51.795067]},"properties":{"lines":"78, 81A, 81B, 89, 96, N1A, N1B","color":"#0059a9","mode":"bus","arr":["78","81A","81B","89","96","N1A","N1B"],"angle":18.7}},{"type":"Feature","geometry":{"type":"Point","coordinates":[19.400491,51.79643]},"properties":{"lines":"78, 81A, 81B, 89, 96, N1A, N1B","color":"#0059a9","mode":"bus","arr":["78","81A","81B","89","96","N1A","N1B"],"angle":17.6,"mi":1}},{"type":"Feature","geometry":{"type":"Point","coordinates":[19.405082,51.795532]},"properties":{"lines":"78, 81A, 81B, 89, 96, N1A, N1B","color":"#0059a9","mode":"bus","arr":["78","81A","81B","89","96","N1A","N1B"],"angle":17.9,"extra":1,"ei":0}},{"type":"Feature","geometry":{"type":"Point","coordinates":[19.396359,51.797257]},"properties":{"lines":"78, 81A, 81B, 89, 96, N1A, N1B","color":"#0059a9","mode":"bus","arr":["78","81A","81B","89","96","N1A","N1B"],"angle":17.7,"extra":1,"ei":1}},{"type":"Feature","geometry":{"type":"Point","coordinates":[19.394169,51.796189]},"properties":{"lines":"78, 81B, 96, N1A, N1B","color":"#0059a9","mode":"bus","arr":["78","81B","96","N1A","N1B"],"angle":-83.4}},{"type":"Feature","geometry":{"type":"Point","coordinates":[19.39375,51.793912]},"properties":{"lines":"78, 81B, 96, N1A, N1B","color":"#0059a9","mode":"bus","arr":["78","81B","96","N1A","N1B"],"angle":-83.3,"mi":1}},{"type":"Feature","geometry":{"type":"Point","coordinates":[19.393577,51.793107]},"properties":{"lines":"78, 96, N1A, N1B","color":"#0059a9","mode":"bus","arr":["78","96","N1A","N1B"],"angle":22.9}},{"type":"Feature","geometry":{"type":"Point","coordinates":[19.357074,51.804955]},"properties":{"lines":"78, 84A, 84B, N1A","color":"#0059a9","mode":"bus","arr":["78","84A","84B","N1A"],"angle":17.8}},{"type":"Feature","geometry":{"type":"Point","coordinates":[19.374844,51.801555]},"properties":{"lines":"78, 84A, 84B, N1A","color":"#0059a9","mode":"bus","arr":["78","84A","84B","N1A"],"angle":18,"extra":1,"ei":0}},{"type":"Feature","geometry":{"type":"Point","coordinates":[19.37194,51.802138]},"properties":{"lines":"78, 84A, 84B, N1A","color":"#0059a9","mode":"bus","arr":["78","84A","84B","N1A"],"angle":18,"extra":1,"ei":1}},{"type":"Feature","geometry":{"type":"Point","coordinates":[19.369036,51.802719]},"properties":{"lines":"78, 84A, 84B, N1A","color":"#0059a9","mode":"bus","arr":["78","84A","84B","N1A"],"angle":17.9,"extra":1,"ei":2}},{"type":"Feature","geometry":{"type":"Point","coordinates":[19.366094,51.8032]},"properties":{"lines":"78, 84A, 84B, N1A","color":"#0059a9","mode":"bus","arr":["78","84A","84B","N1A"],"angle":6,"extra":1,"ei":3}},{"type":"Feature","geometry":{"type":"Point","coordinates":[19.342104,51.811445]},"properties":{"lines":"78, 84A, 84B, N1A","color":"#0059a9","mode":"bus","arr":["78","84A","84B","N1A"],"angle":18.7,"extra":1,"ei":0}},{"type":"Feature","geometry":{"type":"Point","coordinates":[19.344854,51.810671]},"properties":{"lines":"78, 84A, 84B, N1A","color":"#0059a9","mode":"bus","arr":["78","84A","84B","N1A"],"angle":39.7,"extra":1,"ei":1}},{"type":"Feature","geometry":{"type":"Point","coordinates":[19.347159,51.809432]},"properties":{"lines":"78, 84A, 84B, N1A","color":"#0059a9","mode":"bus","arr":["78","84A","84B","N1A"],"angle":40.8,"extra":1,"ei":2}},{"type":"Feature","geometry":{"type":"Point","coordinates":[19.349473,51.808201]},"properties":{"lines":"78, 84A, 84B, N1A","color":"#0059a9","mode":"bus","arr":["78","84A","84B","N1A"],"angle":40.7,"extra":1,"ei":3}},{"type":"Feature","geometry":{"type":"Point","coordinates":[19.351788,51.806969]},"properties":{"lines":"78, 84A, 84B, N1A","color":"#0059a9","mode":"bus","arr":["78","84A","84B","N1A"],"angle":40.7,"extra":1,"ei":4}},{"type":"Feature","geometry":{"type":"Point","coordinates":[19.354103,51.805739]},"properties":{"lines":"78, 84A, 84B, N1A","color":"#0059a9","mode":"bus","arr":["78","84A","84B","N1A"],"angle":39.7,"extra":1,"ei":5}},{"type":"Feature","geometry":{"type":"Point","coordinates":[19.359782,51.804416]},"properties":{"lines":"78, 84A, 84B, N1A","color":"#0059a9","mode":"bus","arr":["78","84A","84B","N1A"],"angle":17.9,"extra":1,"ei":6}},{"type":"Feature","geometry":{"type":"Point","coordinates":[19.362689,51.803839]},"properties":{"lines":"78, 84A, 84B, N1A","color":"#0059a9","mode":"bus","arr":["78","84A","84B","N1A"],"angle":17.9,"extra":1,"ei":7}},{"type":"Feature","geometry":{"type":"Point","coordinates":[19.339257,51.812037]},"properties":{"lines":"78, 84B, N1A","color":"#0059a9","mode":"bus","arr":["78","84B","N1A"],"angle":18.6,"mi":1}},{"type":"Feature","geometry":{"type":"Point","coordinates":[19.329356,51.814099]},"properties":{"lines":"78, 84B, N1A","color":"#0059a9","mode":"bus","arr":["78","84B","N1A"],"angle":18.8}},{"type":"Feature","geometry":{"type":"Point","coordinates":[19.336412,51.812631]},"properties":{"lines":"78, 84B, N1A","color":"#0059a9","mode":"bus","arr":["78","84B","N1A"],"angle":18.6,"extra":1,"ei":0}},{"type":"Feature","geometry":{"type":"Point","coordinates":[19.333518,51.813231]},"properties":{"lines":"78, 84B, N1A","color":"#0059a9","mode":"bus","arr":["78","84B","N1A"],"angle":18.6,"extra":1,"ei":1}},{"type":"Feature","geometry":{"type":"Point","coordinates":[19.32484,51.815042]},"properties":{"lines":"78, 84B, N1A","color":"#0059a9","mode":"bus","arr":["78","84B","N1A"],"angle":18.6,"extra":1,"ei":2}},{"type":"Feature","geometry":{"type":"Point","coordinates":[19.321948,51.815645]},"properties":{"lines":"78, 84B, N1A","color":"#0059a9","mode":"bus","arr":["78","84B","N1A"],"angle":18.2,"extra":1,"ei":3}},{"type":"Feature","geometry":{"type":"Point","coordinates":[19.312327,51.817638]},"properties":{"lines":"78, 97A, N1A","color":"#0059a9","mode":"bus","arr":["78","97A","N1A"],"angle":18.6,"mi":1}},{"type":"Feature","geometry":{"type":"Point","coordinates":[19.319405,51.816166]},"properties":{"lines":"78, 97A, N1A","color":"#0059a9","mode":"bus","arr":["78","97A","N1A"],"angle":18.5,"extra":1,"ei":0}},{"type":"Feature","geometry":{"type":"Point","coordinates":[19.316512,51.816767]},"properties":{"lines":"78, 97A, N1A","color":"#0059a9","mode":"bus","arr":["78","97A","N1A"],"angle":18.8,"extra":1,"ei":1}},{"type":"Feature","geometry":{"type":"Point","coordinates":[19.307831,51.818571]},"properties":{"lines":"78, 97A, N1A","color":"#0059a9","mode":"bus","arr":["78","97A","N1A"],"angle":18.3,"extra":1,"ei":2}},{"type":"Feature","geometry":{"type":"Point","coordinates":[19.304936,51.819169]},"properties":{"lines":"78, 97A, N1A","color":"#0059a9","mode":"bus","arr":["78","97A","N1A"],"angle":18.5,"extra":1,"ei":3}},{"type":"Feature","geometry":{"type":"Point","coordinates":[19.304176,51.820085]},"properties":{"lines":"78, N1A","color":"#0059a9","mode":"bus","arr":["78","N1A"],"angle":-71.1}},{"type":"Feature","geometry":{"type":"Point","coordinates":[19.305232,51.821974]},"properties":{"lines":"78, N1A","color":"#0059a9","mode":"bus","arr":["78","N1A"],"angle":-71,"mi":1}},{"type":"Feature","geometry":{"type":"Point","coordinates":[19.306975,51.82512]},"properties":{"lines":"78, 97A, N1A","color":"#0059a9","mode":"bus","arr":["78","97A","N1A"],"angle":-71}},{"type":"Feature","geometry":{"type":"Point","coordinates":[19.40913,51.793762]},"properties":{"lines":"78, 81A, 81B, 89","color":"#0059a9","mode":"bus","arr":["78","81A","81B","89"],"angle":-18.9,"mi":2}},{"type":"Feature","geometry":{"type":"Point","coordinates":[19.41727,51.765837]},"properties":{"lines":"80A, 97A, 97B, 100, N9, Z43","color":"#0059a9","mode":"bus","arr":["80A","97A","97B","100","N9","Z43"],"angle":-29.7}},{"type":"Feature","geometry":{"type":"Point","coordinates":[19.41071,51.763504]},"properties":{"lines":"80A, 97A, 97B, 100, N9, Z43","color":"#0059a9","mode":"bus","arr":["80A","97A","97B","100","N9","Z43"],"angle":-30.1,"mi":1}},{"type":"Feature","geometry":{"type":"Point","coordinates":[19.412393,51.764104]},"properties":{"lines":"80A, 97A, 97B, 100, N9, Z43","color":"#0059a9","mode":"bus","arr":["80A","97A","97B","100","N9","Z43"],"angle":-30,"extra":1,"ei":0}},{"type":"Feature","geometry":{"type":"Point","coordinates":[19.414482,51.764848]},"properties":{"lines":"80A, 97A, 97B, 100, N9, Z43","color":"#0059a9","mode":"bus","arr":["80A","97A","97B","100","N9","Z43"],"angle":-29.9,"extra":1,"ei":0}},{"type":"Feature","geometry":{"type":"Point","coordinates":[19.419781,51.766724]},"properties":{"lines":"80A, 97A, 97B, 100, N9, Z43","color":"#0059a9","mode":"bus","arr":["80A","97A","97B","100","N9","Z43"],"angle":-29.7,"extra":1,"ei":1}},{"type":"Feature","geometry":{"type":"Point","coordinates":[19.425182,51.761715]},"properties":{"lines":"80A","color":"#0059a9","mode":"bus","arr":["80A"],"angle":67}},{"type":"Feature","geometry":{"type":"Point","coordinates":[19.421967,51.766418]},"properties":{"lines":"80A","color":"#0059a9","mode":"bus","arr":["80A"],"angle":67.1,"extra":1,"ei":0}},{"type":"Feature","geometry":{"type":"Point","coordinates":[19.423154,51.764679]},"properties":{"lines":"80A","color":"#0059a9","mode":"bus","arr":["80A"],"angle":67.1,"extra":1,"ei":1}},{"type":"Feature","geometry":{"type":"Point","coordinates":[19.424345,51.762939]},"properties":{"lines":"80A","color":"#0059a9","mode":"bus","arr":["80A"],"angle":67,"extra":1,"ei":2}},{"type":"Feature","geometry":{"type":"Point","coordinates":[19.427335,51.759732]},"properties":{"lines":"80A","color":"#0059a9","mode":"bus","arr":["80A"],"angle":43.5,"extra":1,"ei":3}},{"type":"Feature","geometry":{"type":"Point","coordinates":[19.428696,51.758057]},"properties":{"lines":"80A","color":"#0059a9","mode":"bus","arr":["80A"],"angle":65.5,"extra":1,"ei":4}},{"type":"Feature","geometry":{"type":"Point","coordinates":[19.430085,51.756135]},"properties":{"lines":"80A, 97A, 97B","color":"#0059a9","mode":"bus","arr":["80A","97A","97B"],"angle":67.8}},{"type":"Feature","geometry":{"type":"Point","coordinates":[19.430564,51.755316]},"properties":{"lines":"80A, 97A, 97B","color":"#0059a9","mode":"bus","arr":["80A","97A","97B"],"angle":72.7,"side":-1,"mi":1}},{"type":"Feature","geometry":{"type":"Point","coordinates":[19.429613,51.754864]},"properties":{"lines":"80A, 97A, 97B","color":"#0059a9","mode":"bus","arr":["80A","97A","97B"],"angle":44.8,"mi":2}},{"type":"Feature","geometry":{"type":"Point","coordinates":[19.428901,51.756174]},"properties":{"lines":"80A, 97A, 97B","color":"#0059a9","mode":"bus","arr":["80A","97A","97B"],"angle":-65.1,"mi":3}},{"type":"Feature","geometry":{"type":"Point","coordinates":[19.438934,51.763662]},"properties":{"lines":"80A, 80B","color":"#0059a9","mode":"bus","arr":["80A","80B"],"angle":55.4,"side":-1,"mi":1}},{"type":"Feature","geometry":{"type":"Point","coordinates":[19.444548,51.762481]},"properties":{"lines":"80A, 80B","color":"#0059a9","mode":"bus","arr":["80A","80B"],"angle":-31.2,"mi":2}},{"type":"Feature","geometry":{"type":"Point","coordinates":[19.442646,51.76178]},"properties":{"lines":"80A, 80B","color":"#0059a9","mode":"bus","arr":["80A","80B"],"angle":-30.8,"extra":1,"ei":0}},{"type":"Feature","geometry":{"type":"Point","coordinates":[19.448969,51.763924]},"properties":{"lines":"80A, 80B, N2, N4A, N4B","color":"#0059a9","mode":"bus","arr":["80A","80B","N2","N4A","N4B"],"angle":-21.9}},{"type":"Feature","geometry":{"type":"Point","coordinates":[19.45147,51.764663]},"properties":{"lines":"80A, 80B, 83, N2, N4A, N4B","color":"#0059a9","mode":"bus","arr":["80A","80B","83","N2","N4A","N4B"],"angle":-28.7}},{"type":"Feature","geometry":{"type":"Point","coordinates":[19.453126,51.763526]},"properties":{"lines":"80A, 80B, 83, N1A, N1B, N6","color":"#0059a9","mode":"bus","arr":["80A","80B","83","N1A","N1B","N6"],"angle":82.1}},{"type":"Feature","geometry":{"type":"Point","coordinates":[19.453404,51.762261]},"properties":{"lines":"80A, 80B, 83, N1A, N1B, N6","color":"#0059a9","mode":"bus","arr":["80A","80B","83","N1A","N1B","N6"],"angle":82.7,"extra":1,"ei":0}},{"type":"Feature","geometry":{"type":"Point","coordinates":[19.454232,51.762047]},"properties":{"lines":"80A, 80B, 83","color":"#0059a9","mode":"bus","arr":["80A","80B","83"],"angle":-7.7}},{"type":"Feature","geometry":{"type":"Point","coordinates":[19.456433,51.762227]},"properties":{"lines":"80A, 80B, 83, N3A, N3B","color":"#0059a9","mode":"bus","arr":["80A","80B","83","N3A","N3B"],"angle":-7.4}},{"type":"Feature","geometry":{"type":"Point","coordinates":[19.460064,51.762528]},"properties":{"lines":"80A, 80B, 83, N3A, N3B","color":"#0059a9","mode":"bus","arr":["80A","80B","83","N3A","N3B"],"angle":-8,"mi":1}},{"type":"Feature","geometry":{"type":"Point","coordinates":[19.47141,51.763475]},"properties":{"lines":"80A, 80B, 83","color":"#0059a9","mode":"bus","arr":["80A","80B","83"],"angle":-7.6,"mi":2}},{"type":"Feature","geometry":{"type":"Point","coordinates":[19.46378,51.762834]},"properties":{"lines":"80A, 80B, 83","color":"#0059a9","mode":"bus","arr":["80A","80B","83"],"angle":-7.7,"extra":1,"ei":0}},{"type":"Feature","geometry":{"type":"Point","coordinates":[19.466805,51.763087]},"properties":{"lines":"80A, 80B, 83","color":"#0059a9","mode":"bus","arr":["80A","80B","83"],"angle":-7.6,"extra":1,"ei":1}},{"type":"Feature","geometry":{"type":"Point","coordinates":[19.475882,51.763833]},"properties":{"lines":"80A, 80B, 83","color":"#0059a9","mode":"bus","arr":["80A","80B","83"],"angle":-7.3,"extra":1,"ei":2}},{"type":"Feature","geometry":{"type":"Point","coordinates":[19.478906,51.764087]},"properties":{"lines":"80A, 80B, 83","color":"#0059a9","mode":"bus","arr":["80A","80B","83"],"angle":-7.7,"extra":1,"ei":3}},{"type":"Feature","geometry":{"type":"Point","coordinates":[19.481313,51.767589]},"properties":{"lines":"80A, 80B, 83","color":"#0059a9","mode":"bus","arr":["80A","80B","83"],"angle":-6.9}},{"type":"Feature","geometry":{"type":"Point","coordinates":[19.482747,51.768012]},"properties":{"lines":"80A, 80B, 83","color":"#0059a9","mode":"bus","arr":["80A","80B","83"],"angle":81.6,"mi":1}},{"type":"Feature","geometry":{"type":"Point","coordinates":[19.544405,51.750563]},"properties":{"lines":"80A, 80B, 96, N1A, N1B","color":"#0059a9","mode":"bus","arr":["80A","80B","96","N1A","N1B"],"angle":33.2}},{"type":"Feature","geometry":{"type":"Point","coordinates":[19.550624,51.747849]},"properties":{"lines":"80A, 80B, 82A, 82B, 96, N1A, N1B","color":"#0059a9","mode":"bus","arr":["80A","80B","82A","82B","96","N1A","N1B"],"angle":26.8,"mi":2}},{"type":"Feature","geometry":{"type":"Point","coordinates":[19.54777,51.748937]},"properties":{"lines":"80A, 80B, 82A, 82B, 96, N1A, N1B","color":"#0059a9","mode":"bus","arr":["80A","80B","82A","82B","96","N1A","N1B"],"angle":33.6,"extra":1,"ei":0}},{"type":"Feature","geometry":{"type":"Point","coordinates":[19.553182,51.747227]},"properties":{"lines":"80A, 80B, 82A, 82B, 96, N1A, N1B","color":"#0059a9","mode":"bus","arr":["80A","80B","82A","82B","96","N1A","N1B"],"angle":18.6,"extra":1,"ei":1}},{"type":"Feature","geometry":{"type":"Point","coordinates":[19.553076,51.745092]},"properties":{"lines":"80A, 80B, 82A, 82B, 96, N1A, N1B","color":"#0059a9","mode":"bus","arr":["80A","80B","82A","82B","96","N1A","N1B"],"angle":-56.6}},{"type":"Feature","geometry":{"type":"Point","coordinates":[19.555358,51.742804]},"properties":{"lines":"80A, 80B, 82A, 82B, 96, N1A, N1B","color":"#0059a9","mode":"bus","arr":["80A","80B","82A","82B","96","N1A","N1B"],"angle":13.6,"mi":1}},{"type":"Feature","geometry":{"type":"Point","coordinates":[19.552919,51.743222]},"properties":{"lines":"80A, 80B, 82A, 82B, 96, N1A, N1B","color":"#0059a9","mode":"bus","arr":["80A","80B","82A","82B","96","N1A","N1B"],"angle":16.1,"extra":1,"ei":0}},{"type":"Feature","geometry":{"type":"Point","coordinates":[19.558824,51.742267]},"properties":{"lines":"80A, 80B, 82A, 82B, 96, N1A, N1B","color":"#0059a9","mode":"bus","arr":["80A","80B","82A","82B","96","N1A","N1B"],"angle":15.3,"extra":1,"ei":1}},{"type":"Feature","geometry":{"type":"Point","coordinates":[19.463726,51.766092]},"properties":{"lines":"80A, 80B, 83, 101","color":"#0059a9","mode":"bus","arr":["80A","80B","83","101"],"angle":-8}},{"type":"Feature","geometry":{"type":"Point","coordinates":[19.459354,51.765726]},"properties":{"lines":"80A, 80B, 83, N3A, N3B, N8","color":"#0059a9","mode":"bus","arr":["80A","80B","83","N3A","N3B","N8"],"angle":-7.4}},{"type":"Feature","geometry":{"type":"Point","coordinates":[19.45585,51.765433]},"properties":{"lines":"80A, 80B, 83, N3A, N3B, N8","color":"#0059a9","mode":"bus","arr":["80A","80B","83","N3A","N3B","N8"],"angle":-8.1,"mi":1}},{"type":"Feature","geometry":{"type":"Point","coordinates":[19.453521,51.76523]},"properties":{"lines":"80A, 80B, 83, N1A, N1B, N2, N4A, N4B, N6, N9","color":"#0059a9","mode":"bus","arr":["80A","80B","83","N1A","N1B","N2","N4A","N4B","N6","N9"],"angle":-7.5}},{"type":"Feature","geometry":{"type":"Point","coordinates":[19.451612,51.76507]},"properties":{"lines":"80A, 80B, 83, N2, N4A, N4B, N9","color":"#0059a9","mode":"bus","arr":["80A","80B","83","N2","N4A","N4B","N9"],"angle":-7.9}},{"type":"Feature","geometry":{"type":"Point","coordinates":[19.448762,51.76482]},"properties":{"lines":"80A, 80B, N2, N4A, N4B, N9","color":"#0059a9","mode":"bus","arr":["80A","80B","N2","N4A","N4B","N9"],"angle":-8.4}},{"type":"Feature","geometry":{"type":"Point","coordinates":[19.443525,51.764365]},"properties":{"lines":"80A, 80B, N9","color":"#0059a9","mode":"bus","arr":["80A","80B","N9"],"angle":-7.6}},{"type":"Feature","geometry":{"type":"Point","coordinates":[19.445562,51.764533]},"properties":{"lines":"80A, 80B, N9","color":"#0059a9","mode":"bus","arr":["80A","80B","N9"],"angle":-7.6,"extra":1,"ei":0}},{"type":"Feature","geometry":{"type":"Point","coordinates":[19.439668,51.764044]},"properties":{"lines":"80A, 80B","color":"#0059a9","mode":"bus","arr":["80A","80B"],"angle":-7.5,"side":-1}},{"type":"Feature","geometry":{"type":"Point","coordinates":[19.383371,51.741447]},"properties":{"lines":"80A, 80B, 99, N2","color":"#0059a9","mode":"bus","arr":["80A","80B","99","N2"],"angle":14.2}},{"type":"Feature","geometry":{"type":"Point","coordinates":[19.457857,51.801008]},"properties":{"lines":"81A, 81B, 85B","color":"#0059a9","mode":"bus","arr":["81A","81B","85B"],"angle":3.5}},{"type":"Feature","geometry":{"type":"Point","coordinates":[19.450826,51.799437]},"properties":{"lines":"81A, 81B","color":"#0059a9","mode":"bus","arr":["81A","81B"],"angle":-24.6}},{"type":"Feature","geometry":{"type":"Point","coordinates":[19.455816,51.800839]},"properties":{"lines":"81A, 81B","color":"#0059a9","mode":"bus","arr":["81A","81B"],"angle":-21.4,"extra":1,"ei":0}},{"type":"Feature","geometry":{"type":"Point","coordinates":[19.453033,51.800063]},"properties":{"lines":"81A, 81B","color":"#0059a9","mode":"bus","arr":["81A","81B"],"angle":-24.6,"extra":1,"ei":1}},{"type":"Feature","geometry":{"type":"Point","coordinates":[19.447482,51.798492]},"properties":{"lines":"81A, 81B","color":"#0059a9","mode":"bus","arr":["81A","81B"],"angle":-24.5,"extra":1,"ei":2}},{"type":"Feature","geometry":{"type":"Point","coordinates":[19.444704,51.797709]},"properties":{"lines":"81A, 81B","color":"#0059a9","mode":"bus","arr":["81A","81B"],"angle":-24.3,"extra":1,"ei":3}},{"type":"Feature","geometry":{"type":"Point","coordinates":[19.417579,51.799883]},"properties":{"lines":"81A, 81B","color":"#0059a9","mode":"bus","arr":["81A","81B"],"angle":9.6}},{"type":"Feature","geometry":{"type":"Point","coordinates":[19.41242,51.800429]},"properties":{"lines":"81A, 81B","color":"#0059a9","mode":"bus","arr":["81A","81B"],"angle":9.8,"extra":1,"ei":0}},{"type":"Feature","geometry":{"type":"Point","coordinates":[19.415428,51.80011]},"properties":{"lines":"81A, 81B","color":"#0059a9","mode":"bus","arr":["81A","81B"],"angle":9.7,"extra":1,"ei":1}},{"type":"Feature","geometry":{"type":"Point","coordinates":[19.421448,51.799479]},"properties":{"lines":"81A, 81B","color":"#0059a9","mode":"bus","arr":["81A","81B"],"angle":9.8,"extra":1,"ei":2}},{"type":"Feature","geometry":{"type":"Point","coordinates":[19.410384,51.799008]},"properties":{"lines":"81A, 81B, 89","color":"#0059a9","mode":"bus","arr":["81A","81B","89"],"angle":-78,"mi":1}},{"type":"Feature","geometry":{"type":"Point","coordinates":[19.409546,51.796525]},"properties":{"lines":"81A, 81B, 89","color":"#0059a9","mode":"bus","arr":["81A","81B","89"],"angle":11}},{"type":"Feature","geometry":{"type":"Point","coordinates":[19.40998,51.797814]},"properties":{"lines":"81A, 81B, 89","color":"#0059a9","mode":"bus","arr":["81A","81B","89"],"angle":-78.4,"extra":1,"ei":0}},{"type":"Feature","geometry":{"type":"Point","coordinates":[19.395214,51.802883]},"properties":{"lines":"81A, 89","color":"#0059a9","mode":"bus","arr":["81A","89"],"angle":-84.3,"mi":1}},{"type":"Feature","geometry":{"type":"Point","coordinates":[19.395987,51.807157]},"properties":{"lines":"81A, 89","color":"#0059a9","mode":"bus","arr":["81A","89"],"angle":-83.3,"extra":1,"ei":0}},{"type":"Feature","geometry":{"type":"Point","coordinates":[19.395626,51.805282]},"properties":{"lines":"81A, 89","color":"#0059a9","mode":"bus","arr":["81A","89"],"angle":-83.1,"extra":1,"ei":1}},{"type":"Feature","geometry":{"type":"Point","coordinates":[19.394975,51.801527]},"properties":{"lines":"81A, 89","color":"#0059a9","mode":"bus","arr":["81A","89"],"angle":-83.4,"extra":1,"ei":2}},{"type":"Feature","geometry":{"type":"Point","coordinates":[19.394626,51.79965]},"properties":{"lines":"81A, 89","color":"#0059a9","mode":"bus","arr":["81A","89"],"angle":-83.6,"extra":1,"ei":3}},{"type":"Feature","geometry":{"type":"Point","coordinates":[19.394294,51.797777]},"properties":{"lines":"81A, 89","color":"#0059a9","mode":"bus","arr":["81A","89"],"angle":-83.7,"extra":1,"ei":4}},{"type":"Feature","geometry":{"type":"Point","coordinates":[19.393834,51.808735]},"properties":{"lines":"81A, 89","color":"#0059a9","mode":"bus","arr":["81A","89"],"angle":21.6}},{"type":"Feature","geometry":{"type":"Point","coordinates":[19.39177,51.809281]},"properties":{"lines":"81A, 89","color":"#0059a9","mode":"bus","arr":["81A","89"],"angle":23.4,"extra":1,"ei":0}},{"type":"Feature","geometry":{"type":"Point","coordinates":[19.450911,51.799288]},"properties":{"lines":"81A, 81B, 85A","color":"#0059a9","mode":"bus","arr":["81A","81B","85A"],"angle":-24.6,"side":-1}},{"type":"Feature","geometry":{"type":"Point","coordinates":[19.446144,51.797925]},"properties":{"lines":"81A, 81B, 85A","color":"#0059a9","mode":"bus","arr":["81A","81B","85A"],"angle":-24.9,"extra":1,"ei":0,"side":-1}},{"type":"Feature","geometry":{"type":"Point","coordinates":[19.448911,51.798722]},"properties":{"lines":"81A, 81B, 85A","color":"#0059a9","mode":"bus","arr":["81A","81B","85A"],"angle":-24.6,"extra":1,"ei":1,"side":-1}},{"type":"Feature","geometry":{"type":"Point","coordinates":[19.454464,51.800293]},"properties":{"lines":"81A, 81B, 85A","color":"#0059a9","mode":"bus","arr":["81A","81B","85A"],"angle":-24.5,"extra":1,"ei":2,"side":-1}},{"type":"Feature","geometry":{"type":"Point","coordinates":[19.625542,51.746535]},"properties":{"lines":"82A","color":"#0059a9","mode":"bus","arr":["82A"],"angle":53.9}},{"type":"Feature","geometry":{"type":"Point","coordinates":[19.617852,51.744308]},"properties":{"lines":"82A","color":"#0059a9","mode":"bus","arr":["82A"],"angle":-46.6,"mi":2}},{"type":"Feature","geometry":{"type":"Point","coordinates":[19.622609,51.74745]},"properties":{"lines":"82A","color":"#0059a9","mode":"bus","arr":["82A"],"angle":-46.8,"extra":1,"ei":0}},{"type":"Feature","geometry":{"type":"Point","coordinates":[19.620515,51.746076]},"properties":{"lines":"82A","color":"#0059a9","mode":"bus","arr":["82A"],"angle":-47.1,"extra":1,"ei":1}},{"type":"Feature","geometry":{"type":"Point","coordinates":[19.616342,51.74332]},"properties":{"lines":"82A","color":"#0059a9","mode":"bus","arr":["82A"],"angle":-46.5,"extra":1,"ei":2}},{"type":"Feature","geometry":{"type":"Point","coordinates":[19.614263,51.741937]},"properties":{"lines":"82A","color":"#0059a9","mode":"bus","arr":["82A"],"angle":-46.7,"extra":1,"ei":3}},{"type":"Feature","geometry":{"type":"Point","coordinates":[19.612129,51.740587]},"properties":{"lines":"82A","color":"#0059a9","mode":"bus","arr":["82A"],"angle":-46.1,"extra":1,"ei":4}},{"type":"Feature","geometry":{"type":"Point","coordinates":[19.609408,51.738791]},"properties":{"lines":"82A, 82B, N5B","color":"#0059a9","mode":"bus","arr":["82A","82B","N5B"],"angle":-46.8,"mi":1}},{"type":"Feature","geometry":{"type":"Point","coordinates":[19.610965,51.739813]},"properties":{"lines":"82A, 82B, N5B","color":"#0059a9","mode":"bus","arr":["82A","82B","N5B"],"angle":-46.8,"extra":1,"ei":0}},{"type":"Feature","geometry":{"type":"Point","coordinates":[19.596093,51.736948]},"properties":{"lines":"82A, 82B, N5B","color":"#0059a9","mode":"bus","arr":["82A","82B","N5B"],"angle":-0.2,"mi":2}},{"type":"Feature","geometry":{"type":"Point","coordinates":[19.585926,51.737543]},"properties":{"lines":"82A, 82B, N5B","color":"#0059a9","mode":"bus","arr":["82A","82B","N5B"],"angle":18.8,"extra":1,"ei":0}},{"type":"Feature","geometry":{"type":"Point","coordinates":[19.588874,51.737054]},"properties":{"lines":"82A, 82B, N5B","color":"#0059a9","mode":"bus","arr":["82A","82B","N5B"],"angle":9.2,"extra":1,"ei":1}},{"type":"Feature","geometry":{"type":"Point","coordinates":[19.591919,51.736929]},"properties":{"lines":"82A, 82B, N5B","color":"#0059a9","mode":"bus","arr":["82A","82B","N5B"],"angle":1.4,"extra":1,"ei":2}},{"type":"Feature","geometry":{"type":"Point","coordinates":[19.598023,51.736953]},"properties":{"lines":"82A, 82B, N5B","color":"#0059a9","mode":"bus","arr":["82A","82B","N5B"],"angle":-0.5,"extra":1,"ei":3}},{"type":"Feature","geometry":{"type":"Point","coordinates":[19.601076,51.736971]},"properties":{"lines":"82A, 82B, N5B","color":"#0059a9","mode":"bus","arr":["82A","82B","N5B"],"angle":-0.5,"extra":1,"ei":4}},{"type":"Feature","geometry":{"type":"Point","coordinates":[19.604128,51.73696]},"properties":{"lines":"82A, 82B, N5B","color":"#0059a9","mode":"bus","arr":["82A","82B","N5B"],"angle":0.2,"extra":1,"ei":5}},{"type":"Feature","geometry":{"type":"Point","coordinates":[19.607069,51.737007]},"properties":{"lines":"82A, 82B, N5B","color":"#0059a9","mode":"bus","arr":["82A","82B","N5B"],"angle":9.7,"extra":1,"ei":6,"side":-1}},{"type":"Feature","geometry":{"type":"Point","coordinates":[19.561176,51.73278]},"properties":{"lines":"82A, 82B","color":"#0059a9","mode":"bus","arr":["82A","82B"],"angle":53.7}},{"type":"Feature","geometry":{"type":"Point","coordinates":[19.557993,51.73565]},"properties":{"lines":"82A, 82B","color":"#0059a9","mode":"bus","arr":["82A","82B"],"angle":56.4,"mi":1}},{"type":"Feature","geometry":{"type":"Point","coordinates":[19.555192,51.738227]},"properties":{"lines":"82A, 82B","color":"#0059a9","mode":"bus","arr":["82A","82B"],"angle":55.9,"extra":1,"ei":0}},{"type":"Feature","geometry":{"type":"Point","coordinates":[19.556901,51.736662]},"properties":{"lines":"82A, 82B","color":"#0059a9","mode":"bus","arr":["82A","82B"],"angle":56.1,"extra":1,"ei":1}},{"type":"Feature","geometry":{"type":"Point","coordinates":[19.560271,51.733513]},"properties":{"lines":"82A, 82B","color":"#0059a9","mode":"bus","arr":["82A","82B"],"angle":56.4,"extra":1,"ei":2}},{"type":"Feature","geometry":{"type":"Point","coordinates":[19.550725,51.753213]},"properties":{"lines":"82A, 82B","color":"#0059a9","mode":"bus","arr":["82A","82B"],"angle":-55.1}},{"type":"Feature","geometry":{"type":"Point","coordinates":[19.54738,51.750248]},"properties":{"lines":"82A, 82B","color":"#0059a9","mode":"bus","arr":["82A","82B"],"angle":-55.3,"extra":1,"ei":0}},{"type":"Feature","geometry":{"type":"Point","coordinates":[19.549121,51.751799]},"properties":{"lines":"82A, 82B","color":"#0059a9","mode":"bus","arr":["82A","82B"],"angle":-55.1,"extra":1,"ei":1}},{"type":"Feature","geometry":{"type":"Point","coordinates":[19.552562,51.754913]},"properties":{"lines":"82A, 82B","color":"#0059a9","mode":"bus","arr":["82A","82B"],"angle":-70.2,"extra":1,"ei":2}},{"type":"Feature","geometry":{"type":"Point","coordinates":[19.55329,51.756747]},"properties":{"lines":"82A, 82B","color":"#0059a9","mode":"bus","arr":["82A","82B"],"angle":-75.1,"extra":1,"ei":3}},{"type":"Feature","geometry":{"type":"Point","coordinates":[19.585222,51.737631]},"properties":{"lines":"82A, 82B","color":"#0059a9","mode":"bus","arr":["82A","82B"],"angle":13.8,"side":-1}},{"type":"Feature","geometry":{"type":"Point","coordinates":[19.607686,51.73729]},"properties":{"lines":"82A, 82B, N5B","color":"#0059a9","mode":"bus","arr":["82A","82B","N5B"],"angle":73.4}},{"type":"Feature","geometry":{"type":"Point","coordinates":[19.626969,51.745037]},"properties":{"lines":"82A","color":"#0059a9","mode":"bus","arr":["82A"],"angle":-46.5,"mi":1}},{"type":"Feature","geometry":{"type":"Point","coordinates":[19.628245,51.714273]},"properties":{"lines":"82B","color":"#0059a9","mode":"bus","arr":["82B"],"angle":-66.9}},{"type":"Feature","geometry":{"type":"Point","coordinates":[19.614977,51.696958]},"properties":{"lines":"82B","color":"#0059a9","mode":"bus","arr":["82B"],"angle":-62.4}},{"type":"Feature","geometry":{"type":"Point","coordinates":[19.61874,51.701334]},"properties":{"lines":"82B","color":"#0059a9","mode":"bus","arr":["82B"],"angle":-62,"extra":1,"ei":0}},{"type":"Feature","geometry":{"type":"Point","coordinates":[19.6173,51.699669]},"properties":{"lines":"82B","color":"#0059a9","mode":"bus","arr":["82B"],"angle":-61.7,"extra":1,"ei":1}},{"type":"Feature","geometry":{"type":"Point","coordinates":[19.615861,51.698004]},"properties":{"lines":"82B","color":"#0059a9","mode":"bus","arr":["82B"],"angle":-62.2,"extra":1,"ei":2}},{"type":"Feature","geometry":{"type":"Point","coordinates":[19.613023,51.694659]},"properties":{"lines":"82B","color":"#0059a9","mode":"bus","arr":["82B"],"angle":-62,"extra":1,"ei":3}},{"type":"Feature","geometry":{"type":"Point","coordinates":[19.611599,51.692989]},"properties":{"lines":"82B","color":"#0059a9","mode":"bus","arr":["82B"],"angle":-62.2,"extra":1,"ei":4}},{"type":"Feature","geometry":{"type":"Point","coordinates":[19.620339,51.703226]},"properties":{"lines":"82B","color":"#0059a9","mode":"bus","arr":["82B"],"angle":-64.6,"extra":1,"ei":0}},{"type":"Feature","geometry":{"type":"Point","coordinates":[19.621589,51.70495]},"properties":{"lines":"82B","color":"#0059a9","mode":"bus","arr":["82B"],"angle":-65.9,"extra":1,"ei":1}},{"type":"Feature","geometry":{"type":"Point","coordinates":[19.622848,51.70667]},"properties":{"lines":"82B","color":"#0059a9","mode":"bus","arr":["82B"],"angle":-65.4,"extra":1,"ei":2}},{"type":"Feature","geometry":{"type":"Point","coordinates":[19.624138,51.708382]},"properties":{"lines":"82B","color":"#0059a9","mode":"bus","arr":["82B"],"angle":-65.7,"extra":1,"ei":3}},{"type":"Feature","geometry":{"type":"Point","coordinates":[19.625377,51.710107]},"properties":{"lines":"82B","color":"#0059a9","mode":"bus","arr":["82B"],"angle":-66.4,"extra":1,"ei":4}},{"type":"Feature","geometry":{"type":"Point","coordinates":[19.626571,51.711845]},"properties":{"lines":"82B","color":"#0059a9","mode":"bus","arr":["82B"],"angle":-67.4,"extra":1,"ei":5}},{"type":"Feature","geometry":{"type":"Point","coordinates":[19.630168,51.717056]},"properties":{"lines":"82B","color":"#0059a9","mode":"bus","arr":["82B"],"angle":-66.9,"extra":1,"ei":6}},{"type":"Feature","geometry":{"type":"Point","coordinates":[19.631343,51.718798]},"properties":{"lines":"82B","color":"#0059a9","mode":"bus","arr":["82B"],"angle":-67.4,"extra":1,"ei":7}},{"type":"Feature","geometry":{"type":"Point","coordinates":[19.632528,51.720539]},"properties":{"lines":"82B","color":"#0059a9","mode":"bus","arr":["82B"],"angle":-66.8,"extra":1,"ei":8}},{"type":"Feature","geometry":{"type":"Point","coordinates":[19.633892,51.722212]},"properties":{"lines":"82B","color":"#0059a9","mode":"bus","arr":["82B"],"angle":-47.8,"extra":1,"ei":9}},{"type":"Feature","geometry":{"type":"Point","coordinates":[19.635946,51.723608]},"properties":{"lines":"82B","color":"#0059a9","mode":"bus","arr":["82B"],"angle":-47.7,"extra":1,"ei":10}},{"type":"Feature","geometry":{"type":"Point","coordinates":[19.638028,51.724989]},"properties":{"lines":"82B","color":"#0059a9","mode":"bus","arr":["82B"],"angle":-46.7,"extra":1,"ei":11}},{"type":"Feature","geometry":{"type":"Point","coordinates":[19.637824,51.725851]},"properties":{"lines":"82B, 201, 202","color":"#0059a9","mode":"bus","arr":["82B","201","202"],"angle":42.2}},{"type":"Feature","geometry":{"type":"Point","coordinates":[19.630968,51.729767]},"properties":{"lines":"82B, 201, 202, N5B","color":"#0059a9","mode":"bus","arr":["82B","201","202","N5B"],"angle":43.1}},{"type":"Feature","geometry":{"type":"Point","coordinates":[19.635885,51.726963]},"properties":{"lines":"82B, 201, 202, N5B","color":"#0059a9","mode":"bus","arr":["82B","201","202","N5B"],"angle":42.5,"extra":1,"ei":0}},{"type":"Feature","geometry":{"type":"Point","coordinates":[19.633637,51.72824]},"properties":{"lines":"82B, 201, 202, N5B","color":"#0059a9","mode":"bus","arr":["82B","201","202","N5B"],"angle":42.6,"extra":1,"ei":1}},{"type":"Feature","geometry":{"type":"Point","coordinates":[19.629158,51.730807]},"properties":{"lines":"82B, 201, 202, N5B","color":"#0059a9","mode":"bus","arr":["82B","201","202","N5B"],"angle":43.5,"extra":1,"ei":2}},{"type":"Feature","geometry":{"type":"Point","coordinates":[19.626921,51.732091]},"properties":{"lines":"82B, 201, 202, N5B","color":"#0059a9","mode":"bus","arr":["82B","201","202","N5B"],"angle":42.5,"extra":1,"ei":3}},{"type":"Feature","geometry":{"type":"Point","coordinates":[19.618461,51.736853]},"properties":{"lines":"82B, 90, 201, 202, N5B","color":"#0059a9","mode":"bus","arr":["82B","90","201","202","N5B"],"angle":42.3}},{"type":"Feature","geometry":{"type":"Point","coordinates":[19.623802,51.733848]},"properties":{"lines":"82B, 90, 201, 202, N5B","color":"#0059a9","mode":"bus","arr":["82B","90","201","202","N5B"],"angle":42.6,"extra":1,"ei":0}},{"type":"Feature","geometry":{"type":"Point","coordinates":[19.621548,51.735122]},"properties":{"lines":"82B, 90, 201, 202, N5B","color":"#0059a9","mode":"bus","arr":["82B","90","201","202","N5B"],"angle":42.4,"extra":1,"ei":1}},{"type":"Feature","geometry":{"type":"Point","coordinates":[19.617033,51.737664]},"properties":{"lines":"82B, 90, 201, 202, N5B","color":"#0059a9","mode":"bus","arr":["82B","90","201","202","N5B"],"angle":42.6,"extra":1,"ei":2}},{"type":"Feature","geometry":{"type":"Point","coordinates":[19.614784,51.73894]},"properties":{"lines":"82B, 90, 201, 202, N5B","color":"#0059a9","mode":"bus","arr":["82B","90","201","202","N5B"],"angle":42.4,"extra":1,"ei":3}},{"type":"Feature","geometry":{"type":"Point","coordinates":[19.612528,51.740213]},"properties":{"lines":"82B, 90, 201, 202, N5B","color":"#0059a9","mode":"bus","arr":["82B","90","201","202","N5B"],"angle":41.9,"extra":1,"ei":4}},{"type":"Feature","geometry":{"type":"Point","coordinates":[19.450166,51.765061]},"properties":{"lines":"83","color":"#0059a9","mode":"bus","arr":["83"],"angle":40.4}},{"type":"Feature","geometry":{"type":"Point","coordinates":[19.376461,51.810353]},"properties":{"lines":"83","color":"#0059a9","mode":"bus","arr":["83"],"angle":86.9,"side":-1,"mi":1}},{"type":"Feature","geometry":{"type":"Point","coordinates":[19.447852,51.768]},"properties":{"lines":"83","color":"#0059a9","mode":"bus","arr":["83"],"angle":-7.9,"mi":1}},{"type":"Feature","geometry":{"type":"Point","coordinates":[19.436201,51.768654]},"properties":{"lines":"83, N9, Z13","color":"#0059a9","mode":"bus","arr":["83","N9","Z13"],"angle":-3.9,"side":-1}},{"type":"Feature","geometry":{"type":"Point","coordinates":[19.444986,51.769593]},"properties":{"lines":"83, N9, Z13","color":"#0059a9","mode":"bus","arr":["83","N9","Z13"],"angle":-8.3,"mi":1}},{"type":"Feature","geometry":{"type":"Point","coordinates":[19.433202,51.768871]},"properties":{"lines":"83, N9, Z13","color":"#0059a9","mode":"bus","arr":["83","N9","Z13"],"angle":9.6,"extra":1,"ei":0,"side":-1}},{"type":"Feature","geometry":{"type":"Point","coordinates":[19.439252,51.768895]},"properties":{"lines":"83, N9, Z13","color":"#0059a9","mode":"bus","arr":["83","N9","Z13"],"angle":-9.1,"extra":1,"ei":1,"side":-1}},{"type":"Feature","geometry":{"type":"Point","coordinates":[19.447363,51.769813]},"properties":{"lines":"83, 86, N9, Z13","color":"#0059a9","mode":"bus","arr":["83","86","N9","Z13"],"angle":-8.4}},{"type":"Feature","geometry":{"type":"Point","coordinates":[19.416078,51.775289]},"properties":{"lines":"83, N3A, N3B","color":"#0059a9","mode":"bus","arr":["83","N3A","N3B"],"angle":69.1}},{"type":"Feature","geometry":{"type":"Point","coordinates":[19.417085,51.773668]},"properties":{"lines":"83, N3A, N3B","color":"#0059a9","mode":"bus","arr":["83","N3A","N3B"],"angle":69.2,"extra":1,"ei":0}},{"type":"Feature","geometry":{"type":"Point","coordinates":[19.414904,51.777196]},"properties":{"lines":"83, N3A, N3B","color":"#0059a9","mode":"bus","arr":["83","N3A","N3B"],"angle":69.2,"extra":1,"ei":1}},{"type":"Feature","geometry":{"type":"Point","coordinates":[19.409423,51.777609]},"properties":{"lines":"83","color":"#0059a9","mode":"bus","arr":["83"],"angle":-30,"mi":1}},{"type":"Feature","geometry":{"type":"Point","coordinates":[19.413032,51.778066]},"properties":{"lines":"83","color":"#0059a9","mode":"bus","arr":["83"],"angle":16.5,"extra":1,"ei":0}},{"type":"Feature","geometry":{"type":"Point","coordinates":[19.407568,51.776947]},"properties":{"lines":"83","color":"#0059a9","mode":"bus","arr":["83"],"angle":-29.9,"extra":1,"ei":1}},{"type":"Feature","geometry":{"type":"Point","coordinates":[19.404931,51.775997]},"properties":{"lines":"83","color":"#0059a9","mode":"bus","arr":["83"],"angle":-30.5,"extra":1,"ei":2}},{"type":"Feature","geometry":{"type":"Point","coordinates":[19.410186,51.77926]},"properties":{"lines":"83","color":"#0059a9","mode":"bus","arr":["83"],"angle":52.2}},{"type":"Feature","geometry":{"type":"Point","coordinates":[19.403984,51.779669]},"properties":{"lines":"83","color":"#0059a9","mode":"bus","arr":["83"],"angle":-0.7,"mi":2}},{"type":"Feature","geometry":{"type":"Point","coordinates":[19.407325,51.779943]},"properties":{"lines":"83","color":"#0059a9","mode":"bus","arr":["83"],"angle":-12.5,"extra":1,"ei":0}},{"type":"Feature","geometry":{"type":"Point","coordinates":[19.401312,51.779457]},"properties":{"lines":"83","color":"#0059a9","mode":"bus","arr":["83"],"angle":-14.2,"extra":1,"ei":1}},{"type":"Feature","geometry":{"type":"Point","coordinates":[19.378356,51.803958]},"properties":{"lines":"83","color":"#0059a9","mode":"bus","arr":["83"],"angle":-71.1,"mi":2}},{"type":"Feature","geometry":{"type":"Point","coordinates":[19.379473,51.805921]},"properties":{"lines":"83","color":"#0059a9","mode":"bus","arr":["83"],"angle":-63.9,"extra":1,"ei":0}},{"type":"Feature","geometry":{"type":"Point","coordinates":[19.37745,51.802358]},"properties":{"lines":"83","color":"#0059a9","mode":"bus","arr":["83"],"angle":-69.5,"extra":1,"ei":1}},{"type":"Feature","geometry":{"type":"Point","coordinates":[19.379214,51.808715]},"properties":{"lines":"83","color":"#0059a9","mode":"bus","arr":["83"],"angle":49}},{"type":"Feature","geometry":{"type":"Point","coordinates":[19.380782,51.80756]},"properties":{"lines":"83","color":"#0059a9","mode":"bus","arr":["83"],"angle":68.9,"extra":1,"ei":0}},{"type":"Feature","geometry":{"type":"Point","coordinates":[19.376828,51.810433]},"properties":{"lines":"83","color":"#0059a9","mode":"bus","arr":["83"],"angle":49.7,"extra":1,"ei":1}},{"type":"Feature","geometry":{"type":"Point","coordinates":[19.484034,51.768098]},"properties":{"lines":"83","color":"#0059a9","mode":"bus","arr":["83"],"angle":7.7,"mi":1}},{"type":"Feature","geometry":{"type":"Point","coordinates":[19.485209,51.767544]},"properties":{"lines":"83","color":"#0059a9","mode":"bus","arr":["83"],"angle":68.7,"side":-1}},{"type":"Feature","geometry":{"type":"Point","coordinates":[19.335236,51.807113]},"properties":{"lines":"84A","color":"#0059a9","mode":"bus","arr":["84A"],"angle":-2.2}},{"type":"Feature","geometry":{"type":"Point","coordinates":[19.32694,51.807775]},"properties":{"lines":"84A","color":"#0059a9","mode":"bus","arr":["84A"],"angle":-2.1,"extra":1,"ei":0}},{"type":"Feature","geometry":{"type":"Point","coordinates":[19.329145,51.807007]},"properties":{"lines":"84A","color":"#0059a9","mode":"bus","arr":["84A"],"angle":10.7,"extra":1,"ei":1}},{"type":"Feature","geometry":{"type":"Point","coordinates":[19.332195,51.807079]},"properties":{"lines":"84A","color":"#0059a9","mode":"bus","arr":["84A"],"angle":-1.5,"extra":1,"ei":2}},{"type":"Feature","geometry":{"type":"Point","coordinates":[19.338253,51.807281]},"properties":{"lines":"84A","color":"#0059a9","mode":"bus","arr":["84A"],"angle":-45.4,"extra":1,"ei":3}},{"type":"Feature","geometry":{"type":"Point","coordinates":[19.339188,51.809076]},"properties":{"lines":"84A","color":"#0059a9","mode":"bus","arr":["84A"],"angle":-71.6,"extra":1,"ei":4}},{"type":"Feature","geometry":{"type":"Point","coordinates":[19.34018,51.810861]},"properties":{"lines":"84A","color":"#0059a9","mode":"bus","arr":["84A"],"angle":-71.5,"extra":1,"ei":5}},{"type":"Feature","geometry":{"type":"Point","coordinates":[19.320151,51.808306]},"properties":{"lines":"84B","color":"#0059a9","mode":"bus","arr":["84B"],"angle":-12.1,"mi":1}},{"type":"Feature","geometry":{"type":"Point","coordinates":[19.319574,51.810147]},"properties":{"lines":"84B, 97A","color":"#0059a9","mode":"bus","arr":["84B","97A"],"angle":70.9,"mi":1}},{"type":"Feature","geometry":{"type":"Point","coordinates":[19.319952,51.81425]},"properties":{"lines":"84B, 97A","color":"#0059a9","mode":"bus","arr":["84B","97A"],"angle":-70.9}},{"type":"Feature","geometry":{"type":"Point","coordinates":[19.319371,51.813102]},"properties":{"lines":"84B","color":"#0059a9","mode":"bus","arr":["84B"],"angle":-71.9,"side":-1}},{"type":"Feature","geometry":{"type":"Point","coordinates":[19.474388,51.820982]},"properties":{"lines":"85B","color":"#0059a9","mode":"bus","arr":["85B"],"angle":-44.5,"side":-1}},{"type":"Feature","geometry":{"type":"Point","coordinates":[19.460281,51.785072]},"properties":{"lines":"85B","color":"#0059a9","mode":"bus","arr":["85B"],"angle":71}},{"type":"Feature","geometry":{"type":"Point","coordinates":[19.465913,51.801159]},"properties":{"lines":"85B","color":"#0059a9","mode":"bus","arr":["85B"],"angle":-86.3}},{"type":"Feature","geometry":{"type":"Point","coordinates":[19.466094,51.803089]},"properties":{"lines":"85B","color":"#0059a9","mode":"bus","arr":["85B"],"angle":-87,"mi":1}},{"type":"Feature","geometry":{"type":"Point","coordinates":[19.466199,51.804435]},"properties":{"lines":"85B","color":"#0059a9","mode":"bus","arr":["85B"],"angle":81.1,"extra":1,"ei":0}},{"type":"Feature","geometry":{"type":"Point","coordinates":[19.469397,51.805983]},"properties":{"lines":"85B, Z3","color":"#0059a9","mode":"bus","arr":["85B","Z3"],"angle":-34.7}},{"type":"Feature","geometry":{"type":"Point","coordinates":[19.46734,51.805094]},"properties":{"lines":"85B, Z3","color":"#0059a9","mode":"bus","arr":["85B","Z3"],"angle":-35.1,"extra":1,"ei":0}},{"type":"Feature","geometry":{"type":"Point","coordinates":[19.472385,51.807208]},"properties":{"lines":"85B, Z3","color":"#0059a9","mode":"bus","arr":["85B","Z3"],"angle":-42.9,"extra":1,"ei":1}},{"type":"Feature","geometry":{"type":"Point","coordinates":[19.473254,51.81435]},"properties":{"lines":"85B","color":"#0059a9","mode":"bus","arr":["85B"],"angle":-86.7,"mi":1}},{"type":"Feature","geometry":{"type":"Point","coordinates":[19.472634,51.808345]},"properties":{"lines":"85B","color":"#0059a9","mode":"bus","arr":["85B"],"angle":-86.2,"extra":1,"ei":0}},{"type":"Feature","geometry":{"type":"Point","coordinates":[19.472835,51.810229]},"properties":{"lines":"85B","color":"#0059a9","mode":"bus","arr":["85B"],"angle":-86.2,"extra":1,"ei":1}},{"type":"Feature","geometry":{"type":"Point","coordinates":[19.473033,51.812114]},"properties":{"lines":"85B","color":"#0059a9","mode":"bus","arr":["85B"],"angle":-86.3,"extra":1,"ei":2}},{"type":"Feature","geometry":{"type":"Point","coordinates":[19.473436,51.815883]},"properties":{"lines":"85B","color":"#0059a9","mode":"bus","arr":["85B"],"angle":-85.9,"extra":1,"ei":3}},{"type":"Feature","geometry":{"type":"Point","coordinates":[19.473655,51.817766]},"properties":{"lines":"85B","color":"#0059a9","mode":"bus","arr":["85B"],"angle":-85.9,"extra":1,"ei":4}},{"type":"Feature","geometry":{"type":"Point","coordinates":[19.473866,51.81965]},"properties":{"lines":"85B","color":"#0059a9","mode":"bus","arr":["85B"],"angle":-86.1,"extra":1,"ei":5}},{"type":"Feature","geometry":{"type":"Point","coordinates":[19.414961,51.743002]},"properties":{"lines":"86, N7A, N7B","color":"#0059a9","mode":"bus","arr":["86","N7A","N7B"],"angle":-13.4}},{"type":"Feature","geometry":{"type":"Point","coordinates":[19.417567,51.744332]},"properties":{"lines":"86, N7A, N7B","color":"#0059a9","mode":"bus","arr":["86","N7A","N7B"],"angle":-50.3,"side":-1,"mi":1}},{"type":"Feature","geometry":{"type":"Point","coordinates":[19.419749,51.745466]},"properties":{"lines":"86","color":"#0059a9","mode":"bus","arr":["86"],"angle":-16.5}},{"type":"Feature","geometry":{"type":"Point","coordinates":[19.458759,51.775035]},"properties":{"lines":"86, 87A, 87B, 96, 101, N4A, N4B, N7A, N7B, N8, Z13","color":"#0059a9","mode":"bus","arr":["86","87A","87B","96","101","N4A","N4B","N7A","N7B","N8","Z13"],"angle":-8.2}},{"type":"Feature","geometry":{"type":"Point","coordinates":[19.456665,51.774852]},"properties":{"lines":"86, 87A, 87B, 96, 101, N4A, N4B, N7A, N7B, N8, Z13","color":"#0059a9","mode":"bus","arr":["86","87A","87B","96","101","N4A","N4B","N7A","N7B","N8","Z13"],"angle":-8.2,"extra":1,"ei":0}},{"type":"Feature","geometry":{"type":"Point","coordinates":[19.465788,51.775638]},"properties":{"lines":"86, 96, N4A, N4B, Z13","color":"#0059a9","mode":"bus","arr":["86","96","N4A","N4B","Z13"],"angle":-8}},{"type":"Feature","geometry":{"type":"Point","coordinates":[19.473446,51.776303]},"properties":{"lines":"86","color":"#0059a9","mode":"bus","arr":["86"],"angle":-8}},{"type":"Feature","geometry":{"type":"Point","coordinates":[19.470597,51.776055]},"properties":{"lines":"86","color":"#0059a9","mode":"bus","arr":["86"],"angle":-8,"extra":1,"ei":0}},{"type":"Feature","geometry":{"type":"Point","coordinates":[19.476639,51.776591]},"properties":{"lines":"86","color":"#0059a9","mode":"bus","arr":["86"],"angle":-9.2,"extra":1,"ei":1}},{"type":"Feature","geometry":{"type":"Point","coordinates":[19.466457,51.772577]},"properties":{"lines":"86, 101, N7A, N7B, Z13","color":"#0059a9","mode":"bus","arr":["86","101","N7A","N7B","Z13"],"angle":82}},{"type":"Feature","geometry":{"type":"Point","coordinates":[19.46093,51.773147]},"properties":{"lines":"86, 96, 101, N4A, N4B, N7A, N7B, Z13","color":"#0059a9","mode":"bus","arr":["86","96","101","N4A","N4B","N7A","N7B","Z13"],"angle":-7.9}},{"type":"Feature","geometry":{"type":"Point","coordinates":[19.464747,51.77348]},"properties":{"lines":"86, 96, 101, N4A, N4B, N7A, N7B, Z13","color":"#0059a9","mode":"bus","arr":["86","96","101","N4A","N4B","N7A","N7B","Z13"],"angle":-8.2,"extra":1,"ei":0}},{"type":"Feature","geometry":{"type":"Point","coordinates":[19.458701,51.772956]},"properties":{"lines":"86, 96, 101, N4A, N4B, N7A, N7B, Z13","color":"#0059a9","mode":"bus","arr":["86","96","101","N4A","N4B","N7A","N7B","Z13"],"angle":-8.1,"extra":1,"ei":1}},{"type":"Feature","geometry":{"type":"Point","coordinates":[19.455679,51.772692]},"properties":{"lines":"86, 96, 101, N4A, N4B, N7A, N7B, Z13","color":"#0059a9","mode":"bus","arr":["86","96","101","N4A","N4B","N7A","N7B","Z13"],"angle":-8.1,"extra":1,"ei":2}},{"type":"Feature","geometry":{"type":"Point","coordinates":[19.454325,51.772565]},"properties":{"lines":"86, 96, 100, N4A, N4B, N7A, N7B, Z13","color":"#0059a9","mode":"bus","arr":["86","96","100","N4A","N4B","N7A","N7B","Z13"],"angle":-8.6}},{"type":"Feature","geometry":{"type":"Point","coordinates":[19.452045,51.772349]},"properties":{"lines":"86, N1A, N1B, N2, N4A, N4B, N5A, N5B, N6, N7A, N7B, Z13","color":"#0059a9","mode":"bus","arr":["86","N1A","N1B","N2","N4A","N4B","N5A","N5B","N6","N7A","N7B","Z13"],"angle":-9}},{"type":"Feature","geometry":{"type":"Point","coordinates":[19.449872,51.772148]},"properties":{"lines":"86, Z13","color":"#0059a9","mode":"bus","arr":["86","Z13"],"angle":-8.2}},{"type":"Feature","geometry":{"type":"Point","coordinates":[19.495736,51.788919]},"properties":{"lines":"87A","color":"#0059a9","mode":"bus","arr":["87A"],"angle":-12.2}},{"type":"Feature","geometry":{"type":"Point","coordinates":[19.497785,51.789195]},"properties":{"lines":"87A","color":"#0059a9","mode":"bus","arr":["87A"],"angle":-12.6,"extra":1,"ei":0}},{"type":"Feature","geometry":{"type":"Point","coordinates":[19.491667,51.785912]},"properties":{"lines":"87A","color":"#0059a9","mode":"bus","arr":["87A"],"angle":-82.7,"mi":1}},{"type":"Feature","geometry":{"type":"Point","coordinates":[19.491331,51.784286]},"properties":{"lines":"87A","color":"#0059a9","mode":"bus","arr":["87A"],"angle":-82.8,"extra":1,"ei":0}},{"type":"Feature","geometry":{"type":"Point","coordinates":[19.492105,51.788033]},"properties":{"lines":"87A","color":"#0059a9","mode":"bus","arr":["87A"],"angle":-82.6,"extra":1,"ei":1}},{"type":"Feature","geometry":{"type":"Point","coordinates":[19.489883,51.783357]},"properties":{"lines":"87A, 87B, N4A, N4B","color":"#0059a9","mode":"bus","arr":["87A","87B","N4A","N4B"],"angle":-9.5,"mi":2}},{"type":"Feature","geometry":{"type":"Point","coordinates":[19.489236,51.780684]},"properties":{"lines":"87A, 87B","color":"#0059a9","mode":"bus","arr":["87A","87B"],"angle":81.7}},{"type":"Feature","geometry":{"type":"Point","coordinates":[19.488856,51.782285]},"properties":{"lines":"87A, 87B","color":"#0059a9","mode":"bus","arr":["87A","87B"],"angle":81.8,"extra":1,"ei":0}},{"type":"Feature","geometry":{"type":"Point","coordinates":[19.489704,51.778545]},"properties":{"lines":"87A, 87B","color":"#0059a9","mode":"bus","arr":["87A","87B"],"angle":82.6,"extra":1,"ei":1}},{"type":"Feature","geometry":{"type":"Point","coordinates":[19.479765,51.78038]},"properties":{"lines":"87A, 87B, N4A, N4B","color":"#0059a9","mode":"bus","arr":["87A","87B","N4A","N4B"],"angle":27.1}},{"type":"Feature","geometry":{"type":"Point","coordinates":[19.477421,51.780917]},"properties":{"lines":"87A, 87B, N4A, N4B","color":"#0059a9","mode":"bus","arr":["87A","87B","N4A","N4B"],"angle":-6.1,"mi":1}},{"type":"Feature","geometry":{"type":"Point","coordinates":[19.464828,51.77978]},"properties":{"lines":"87A, 87B","color":"#0059a9","mode":"bus","arr":["87A","87B"],"angle":-7.2}},{"type":"Feature","geometry":{"type":"Point","coordinates":[19.462907,51.779626]},"properties":{"lines":"87A, 87B","color":"#0059a9","mode":"bus","arr":["87A","87B"],"angle":-8,"extra":1,"ei":0}},{"type":"Feature","geometry":{"type":"Point","coordinates":[19.426474,51.785259]},"properties":{"lines":"87A, 87B, 99","color":"#0059a9","mode":"bus","arr":["87A","87B","99"],"angle":-87,"mi":1}},{"type":"Feature","geometry":{"type":"Point","coordinates":[19.427239,51.786818]},"properties":{"lines":"87A, 87B, 99","color":"#0059a9","mode":"bus","arr":["87A","87B","99"],"angle":-62.4}},{"type":"Feature","geometry":{"type":"Point","coordinates":[19.425774,51.788559]},"properties":{"lines":"87A, 87B, 96","color":"#0059a9","mode":"bus","arr":["87A","87B","96"],"angle":22.8}},{"type":"Feature","geometry":{"type":"Point","coordinates":[19.423199,51.789209]},"properties":{"lines":"87A, 87B, 96","color":"#0059a9","mode":"bus","arr":["87A","87B","96"],"angle":3.7,"mi":1}},{"type":"Feature","geometry":{"type":"Point","coordinates":[19.421282,51.78969]},"properties":{"lines":"87A, 87B, 96","color":"#0059a9","mode":"bus","arr":["87A","87B","96"],"angle":22.3,"extra":1,"ei":0}},{"type":"Feature","geometry":{"type":"Point","coordinates":[19.420418,51.789911]},"properties":{"lines":"87A, 87B","color":"#0059a9","mode":"bus","arr":["87A","87B"],"angle":25.7,"mi":1}},{"type":"Feature","geometry":{"type":"Point","coordinates":[19.420613,51.786185]},"properties":{"lines":"87A, 87B","color":"#0059a9","mode":"bus","arr":["87A","87B"],"angle":1.3,"mi":2}},{"type":"Feature","geometry":{"type":"Point","coordinates":[19.419142,51.788332]},"properties":{"lines":"87A, 87B","color":"#0059a9","mode":"bus","arr":["87A","87B"],"angle":-72.8}},{"type":"Feature","geometry":{"type":"Point","coordinates":[19.445064,51.778043]},"properties":{"lines":"87A, 87B, 100","color":"#0059a9","mode":"bus","arr":["87A","87B","100"],"angle":-7.8}},{"type":"Feature","geometry":{"type":"Point","coordinates":[19.440352,51.777094]},"properties":{"lines":"87A, 87B, 100","color":"#0059a9","mode":"bus","arr":["87A","87B","100"],"angle":-31.2,"extra":1,"ei":0}},{"type":"Feature","geometry":{"type":"Point","coordinates":[19.443018,51.777986]},"properties":{"lines":"87A, 87B, 100","color":"#0059a9","mode":"bus","arr":["87A","87B","100"],"angle":-7.7,"extra":1,"ei":1}},{"type":"Feature","geometry":{"type":"Point","coordinates":[19.449075,51.778375]},"properties":{"lines":"87A, 87B, 100","color":"#0059a9","mode":"bus","arr":["87A","87B","100"],"angle":-7.9,"extra":1,"ei":2}},{"type":"Feature","geometry":{"type":"Point","coordinates":[19.509544,51.782432]},"properties":{"lines":"87B, N7B","color":"#0059a9","mode":"bus","arr":["87B","N7B"],"angle":-84.9}},{"type":"Feature","geometry":{"type":"Point","coordinates":[19.500293,51.782909]},"properties":{"lines":"87B, N4A, N4B","color":"#0059a9","mode":"bus","arr":["87B","N4A","N4B"],"angle":3.2}},{"type":"Feature","geometry":{"type":"Point","coordinates":[19.507998,51.782343]},"properties":{"lines":"87B, N4A, N4B","color":"#0059a9","mode":"bus","arr":["87B","N4A","N4B"],"angle":7.5,"extra":1,"ei":0}},{"type":"Feature","geometry":{"type":"Point","coordinates":[19.504972,51.782594]},"properties":{"lines":"87B, N4A, N4B","color":"#0059a9","mode":"bus","arr":["87B","N4A","N4B"],"angle":7.6,"extra":1,"ei":1}},{"type":"Feature","geometry":{"type":"Point","coordinates":[19.495888,51.782682]},"properties":{"lines":"87B, N4A, N4B","color":"#0059a9","mode":"bus","arr":["87B","N4A","N4B"],"angle":-2.9,"extra":1,"ei":2}},{"type":"Feature","geometry":{"type":"Point","coordinates":[19.492915,51.783071]},"properties":{"lines":"87B, N4A, N4B","color":"#0059a9","mode":"bus","arr":["87B","N4A","N4B"],"angle":14.8,"extra":1,"ei":3}},{"type":"Feature","geometry":{"type":"Point","coordinates":[19.534076,51.810942]},"properties":{"lines":"88A","color":"#0059a9","mode":"bus","arr":["88A"],"angle":80.5,"mi":2}},{"type":"Feature","geometry":{"type":"Point","coordinates":[19.528727,51.798948]},"properties":{"lines":"88A","color":"#0059a9","mode":"bus","arr":["88A"],"angle":-76.4,"mi":3}},{"type":"Feature","geometry":{"type":"Point","coordinates":[19.53087,51.804552]},"properties":{"lines":"88A","color":"#0059a9","mode":"bus","arr":["88A"],"angle":-79.3}},{"type":"Feature","geometry":{"type":"Point","coordinates":[19.528084,51.797201]},"properties":{"lines":"88A","color":"#0059a9","mode":"bus","arr":["88A"],"angle":-80.2,"extra":1,"ei":0}},{"type":"Feature","geometry":{"type":"Point","coordinates":[19.529477,51.800878]},"properties":{"lines":"88A","color":"#0059a9","mode":"bus","arr":["88A"],"angle":-76.4,"extra":1,"ei":1}},{"type":"Feature","geometry":{"type":"Point","coordinates":[19.531291,51.805935]},"properties":{"lines":"88A","color":"#0059a9","mode":"bus","arr":["88A"],"angle":-79.3,"extra":1,"ei":0}},{"type":"Feature","geometry":{"type":"Point","coordinates":[19.535198,51.808237]},"properties":{"lines":"88A","color":"#0059a9","mode":"bus","arr":["88A"],"angle":75.2,"extra":1,"ei":0}},{"type":"Feature","geometry":{"type":"Point","coordinates":[19.533631,51.813792]},"properties":{"lines":"88A","color":"#0059a9","mode":"bus","arr":["88A"],"angle":87.6,"extra":1,"ei":1}},{"type":"Feature","geometry":{"type":"Point","coordinates":[19.533604,51.807023]},"properties":{"lines":"88A","color":"#0059a9","mode":"bus","arr":["88A"],"angle":-12.3,"mi":1}},{"type":"Feature","geometry":{"type":"Point","coordinates":[19.543298,51.804849]},"properties":{"lines":"88B, 88C, 88D","color":"#0059a9","mode":"bus","arr":["88B","88C","88D"],"angle":-58.8}},{"type":"Feature","geometry":{"type":"Point","coordinates":[19.534955,51.796892]},"properties":{"lines":"88B, 88C, 88D","color":"#0059a9","mode":"bus","arr":["88B","88C","88D"],"angle":-78.4,"extra":1,"ei":0}},{"type":"Feature","geometry":{"type":"Point","coordinates":[19.535765,51.798699]},"properties":{"lines":"88B, 88C, 88D","color":"#0059a9","mode":"bus","arr":["88B","88C","88D"],"angle":-57.3,"extra":1,"ei":1}},{"type":"Feature","geometry":{"type":"Point","coordinates":[19.537538,51.800235]},"properties":{"lines":"88B, 88C, 88D","color":"#0059a9","mode":"bus","arr":["88B","88C","88D"],"angle":-54.7,"extra":1,"ei":2}},{"type":"Feature","geometry":{"type":"Point","coordinates":[19.53929,51.801782]},"properties":{"lines":"88B, 88C, 88D","color":"#0059a9","mode":"bus","arr":["88B","88C","88D"],"angle":-54.5,"extra":1,"ei":3}},{"type":"Feature","geometry":{"type":"Point","coordinates":[19.541235,51.803237]},"properties":{"lines":"88B, 88C, 88D","color":"#0059a9","mode":"bus","arr":["88B","88C","88D"],"angle":-49.3,"extra":1,"ei":4}},{"type":"Feature","geometry":{"type":"Point","coordinates":[19.544665,51.806344]},"properties":{"lines":"88B, 88C, 88D","color":"#0059a9","mode":"bus","arr":["88B","88C","88D"],"angle":-60.7,"extra":1,"ei":5}},{"type":"Feature","geometry":{"type":"Point","coordinates":[19.546384,51.807901]},"properties":{"lines":"88B, 88C, 88D","color":"#0059a9","mode":"bus","arr":["88B","88C","88D"],"angle":-52.8,"extra":1,"ei":6}},{"type":"Feature","geometry":{"type":"Point","coordinates":[19.54825,51.809396]},"properties":{"lines":"88B, 88C, 88D","color":"#0059a9","mode":"bus","arr":["88B","88C","88D"],"angle":-50.9,"extra":1,"ei":7}},{"type":"Feature","geometry":{"type":"Point","coordinates":[19.550198,51.810849]},"properties":{"lines":"88B, 88C, 88D","color":"#0059a9","mode":"bus","arr":["88B","88C","88D"],"angle":-54.3,"extra":1,"ei":8}},{"type":"Feature","geometry":{"type":"Point","coordinates":[19.551937,51.81239]},"properties":{"lines":"88B, 88C, 88D","color":"#0059a9","mode":"bus","arr":["88B","88C","88D"],"angle":-37.3,"extra":1,"ei":9}},{"type":"Feature","geometry":{"type":"Point","coordinates":[19.562267,51.818716]},"properties":{"lines":"88B, 88C, 88D","color":"#0059a9","mode":"bus","arr":["88B","88C","88D"],"angle":-85.1,"mi":1}},{"type":"Feature","geometry":{"type":"Point","coordinates":[19.555434,51.812741]},"properties":{"lines":"88B, 88C, 88D","color":"#0059a9","mode":"bus","arr":["88B","88C","88D"],"angle":-33.1,"extra":1,"ei":0}},{"type":"Feature","geometry":{"type":"Point","coordinates":[19.557554,51.814098]},"properties":{"lines":"88B, 88C, 88D","color":"#0059a9","mode":"bus","arr":["88B","88C","88D"],"angle":-46.5,"extra":1,"ei":1}},{"type":"Feature","geometry":{"type":"Point","coordinates":[19.559682,51.815451]},"properties":{"lines":"88B, 88C, 88D","color":"#0059a9","mode":"bus","arr":["88B","88C","88D"],"angle":-46.9,"extra":1,"ei":2}},{"type":"Feature","geometry":{"type":"Point","coordinates":[19.561698,51.816867]},"properties":{"lines":"88B, 88C, 88D","color":"#0059a9","mode":"bus","arr":["88B","88C","88D"],"angle":-57.9,"extra":1,"ei":3}},{"type":"Feature","geometry":{"type":"Point","coordinates":[19.562511,51.820584]},"properties":{"lines":"88B, 88C, 88D","color":"#0059a9","mode":"bus","arr":["88B","88C","88D"],"angle":-86,"extra":1,"ei":4}},{"type":"Feature","geometry":{"type":"Point","coordinates":[19.562719,51.822468]},"properties":{"lines":"88B, 88C, 88D","color":"#0059a9","mode":"bus","arr":["88B","88C","88D"],"angle":-86.6,"extra":1,"ei":5}},{"type":"Feature","geometry":{"type":"Point","coordinates":[19.562954,51.824351]},"properties":{"lines":"88B, 88C, 88D","color":"#0059a9","mode":"bus","arr":["88B","88C","88D"],"angle":-85.1,"extra":1,"ei":6}},{"type":"Feature","geometry":{"type":"Point","coordinates":[19.563177,51.826234]},"properties":{"lines":"88B, 88C, 88D","color":"#0059a9","mode":"bus","arr":["88B","88C","88D"],"angle":-86.5,"extra":1,"ei":7}},{"type":"Feature","geometry":{"type":"Point","coordinates":[19.566524,51.827186]},"properties":{"lines":"88B, 88C, 88D","color":"#0059a9","mode":"bus","arr":["88B","88C","88D"],"angle":-7.6}},{"type":"Feature","geometry":{"type":"Point","coordinates":[19.574914,51.825438]},"properties":{"lines":"88B, 88D, 91B","color":"#0059a9","mode":"bus","arr":["88B","88D","91B"],"angle":35.6}},{"type":"Feature","geometry":{"type":"Point","coordinates":[19.571996,51.826732]},"properties":{"lines":"88B, 88D","color":"#0059a9","mode":"bus","arr":["88B","88D"],"angle":35.7}},{"type":"Feature","geometry":{"type":"Point","coordinates":[19.611098,51.816506]},"properties":{"lines":"88B","color":"#0059a9","mode":"bus","arr":["88B"],"angle":16.5}},{"type":"Feature","geometry":{"type":"Point","coordinates":[19.602471,51.818402]},"properties":{"lines":"88B","color":"#0059a9","mode":"bus","arr":["88B"],"angle":20.8,"extra":1,"ei":0}},{"type":"Feature","geometry":{"type":"Point","coordinates":[19.605333,51.817747]},"properties":{"lines":"88B","color":"#0059a9","mode":"bus","arr":["88B"],"angle":20.1,"extra":1,"ei":1}},{"type":"Feature","geometry":{"type":"Point","coordinates":[19.608197,51.817094]},"properties":{"lines":"88B","color":"#0059a9","mode":"bus","arr":["88B"],"angle":20.5,"extra":1,"ei":2}},{"type":"Feature","geometry":{"type":"Point","coordinates":[19.613715,51.815552]},"properties":{"lines":"88B","color":"#0059a9","mode":"bus","arr":["88B"],"angle":33.3,"extra":1,"ei":3}},{"type":"Feature","geometry":{"type":"Point","coordinates":[19.616275,51.814524]},"properties":{"lines":"88B","color":"#0059a9","mode":"bus","arr":["88B"],"angle":31.4,"extra":1,"ei":4}},{"type":"Feature","geometry":{"type":"Point","coordinates":[19.618871,51.81353]},"properties":{"lines":"88B","color":"#0059a9","mode":"bus","arr":["88B"],"angle":31.8,"extra":1,"ei":5}},{"type":"Feature","geometry":{"type":"Point","coordinates":[19.575209,51.824932]},"properties":{"lines":"88B, 88D","color":"#0059a9","mode":"bus","arr":["88B","88D"],"angle":83.6,"mi":1}},{"type":"Feature","geometry":{"type":"Point","coordinates":[19.585689,51.821935]},"properties":{"lines":"88B, 91B","color":"#0059a9","mode":"bus","arr":["88B","91B"],"angle":16.4}},{"type":"Feature","geometry":{"type":"Point","coordinates":[19.576723,51.82463]},"properties":{"lines":"88B, 91B","color":"#0059a9","mode":"bus","arr":["88B","91B"],"angle":36.4,"extra":1,"ei":0}},{"type":"Feature","geometry":{"type":"Point","coordinates":[19.579191,51.823519]},"properties":{"lines":"88B, 91B","color":"#0059a9","mode":"bus","arr":["88B","91B"],"angle":35.1,"extra":1,"ei":1}},{"type":"Feature","geometry":{"type":"Point","coordinates":[19.581907,51.822665]},"properties":{"lines":"88B, 91B","color":"#0059a9","mode":"bus","arr":["88B","91B"],"angle":25.1,"extra":1,"ei":2}},{"type":"Feature","geometry":{"type":"Point","coordinates":[19.587712,51.821626]},"properties":{"lines":"88B, 91B","color":"#0059a9","mode":"bus","arr":["88B","91B"],"angle":12.8,"extra":1,"ei":3}},{"type":"Feature","geometry":{"type":"Point","coordinates":[19.590641,51.821105]},"properties":{"lines":"88B, 91B","color":"#0059a9","mode":"bus","arr":["88B","91B"],"angle":20.3,"extra":1,"ei":4}},{"type":"Feature","geometry":{"type":"Point","coordinates":[19.593504,51.820451]},"properties":{"lines":"88B, 91B","color":"#0059a9","mode":"bus","arr":["88B","91B"],"angle":20.3,"extra":1,"ei":5}},{"type":"Feature","geometry":{"type":"Point","coordinates":[19.596361,51.819785]},"properties":{"lines":"88B, 91B","color":"#0059a9","mode":"bus","arr":["88B","91B"],"angle":20.9,"extra":1,"ei":6}},{"type":"Feature","geometry":{"type":"Point","coordinates":[19.598898,51.819224]},"properties":{"lines":"88B","color":"#0059a9","mode":"bus","arr":["88B"],"angle":19.7,"mi":1}},{"type":"Feature","geometry":{"type":"Point","coordinates":[19.627824,51.82464]},"properties":{"lines":"88B, 91C","color":"#0059a9","mode":"bus","arr":["88B","91C"],"angle":-89.8}},{"type":"Feature","geometry":{"type":"Point","coordinates":[19.620891,51.813883]},"properties":{"lines":"88B, 91C","color":"#0059a9","mode":"bus","arr":["88B","91C"],"angle":-62.8,"extra":1,"ei":0}},{"type":"Feature","geometry":{"type":"Point","coordinates":[19.622288,51.815563]},"properties":{"lines":"88B, 91C","color":"#0059a9","mode":"bus","arr":["88B","91C"],"angle":-62.5,"extra":1,"ei":1}},{"type":"Feature","geometry":{"type":"Point","coordinates":[19.623687,51.817241]},"properties":{"lines":"88B, 91C","color":"#0059a9","mode":"bus","arr":["88B","91C"],"angle":-62.8,"extra":1,"ei":2}},{"type":"Feature","geometry":{"type":"Point","coordinates":[19.625089,51.818919]},"properties":{"lines":"88B, 91C","color":"#0059a9","mode":"bus","arr":["88B","91C"],"angle":-62.7,"extra":1,"ei":3}},{"type":"Feature","geometry":{"type":"Point","coordinates":[19.626486,51.820598]},"properties":{"lines":"88B, 91C","color":"#0059a9","mode":"bus","arr":["88B","91C"],"angle":-62.9,"extra":1,"ei":4}},{"type":"Feature","geometry":{"type":"Point","coordinates":[19.627774,51.822301]},"properties":{"lines":"88B, 91C","color":"#0059a9","mode":"bus","arr":["88B","91C"],"angle":-80.9,"extra":1,"ei":5}},{"type":"Feature","geometry":{"type":"Point","coordinates":[19.627821,51.826077]},"properties":{"lines":"88B, 91C","color":"#0059a9","mode":"bus","arr":["88B","91C"],"angle":-89.5,"extra":1,"ei":6}},{"type":"Feature","geometry":{"type":"Point","coordinates":[19.628332,51.827922]},"properties":{"lines":"88B, 91C","color":"#0059a9","mode":"bus","arr":["88B","91C"],"angle":-71.9,"extra":1,"ei":7}},{"type":"Feature","geometry":{"type":"Point","coordinates":[19.629267,51.82972]},"properties":{"lines":"88B, 91C","color":"#0059a9","mode":"bus","arr":["88B","91C"],"angle":-72.3,"extra":1,"ei":8}},{"type":"Feature","geometry":{"type":"Point","coordinates":[19.630196,51.831519]},"properties":{"lines":"88B, 91C","color":"#0059a9","mode":"bus","arr":["88B","91C"],"angle":-72,"extra":1,"ei":9}},{"type":"Feature","geometry":{"type":"Point","coordinates":[19.631141,51.833315]},"properties":{"lines":"88B, 91C","color":"#0059a9","mode":"bus","arr":["88B","91C"],"angle":-72.2,"extra":1,"ei":10}},{"type":"Feature","geometry":{"type":"Point","coordinates":[19.632073,51.835113]},"properties":{"lines":"88B, 91C","color":"#0059a9","mode":"bus","arr":["88B","91C"],"angle":-72.2,"extra":1,"ei":11}},{"type":"Feature","geometry":{"type":"Point","coordinates":[19.63209,51.8463]},"properties":{"lines":"88B, 88C, 91C","color":"#0059a9","mode":"bus","arr":["88B","88C","91C"],"angle":-80}},{"type":"Feature","geometry":{"type":"Point","coordinates":[19.633429,51.837774]},"properties":{"lines":"88B, 88C, 91C","color":"#0059a9","mode":"bus","arr":["88B","88C","91C"],"angle":-73.7,"extra":1,"ei":0}},{"type":"Feature","geometry":{"type":"Point","coordinates":[19.633361,51.839634]},"properties":{"lines":"88B, 88C, 91C","color":"#0059a9","mode":"bus","arr":["88B","88C","91C"],"angle":80.2,"extra":1,"ei":1}},{"type":"Feature","geometry":{"type":"Point","coordinates":[19.632804,51.841491]},"properties":{"lines":"88B, 88C, 91C","color":"#0059a9","mode":"bus","arr":["88B","88C","91C"],"angle":79.4,"extra":1,"ei":2}},{"type":"Feature","geometry":{"type":"Point","coordinates":[19.6323,51.843353]},"properties":{"lines":"88B, 88C, 91C","color":"#0059a9","mode":"bus","arr":["88B","88C","91C"],"angle":81.9,"extra":1,"ei":3}},{"type":"Feature","geometry":{"type":"Point","coordinates":[19.633943,51.848744]},"properties":{"lines":"88B, 88C, 91C","color":"#0059a9","mode":"bus","arr":["88B","88C","91C"],"angle":-67.6,"extra":1,"ei":4}},{"type":"Feature","geometry":{"type":"Point","coordinates":[19.635072,51.850498]},"properties":{"lines":"88B, 88C, 91C","color":"#0059a9","mode":"bus","arr":["88B","88C","91C"],"angle":-68.6,"extra":1,"ei":5}},{"type":"Feature","geometry":{"type":"Point","coordinates":[19.63609,51.852278]},"properties":{"lines":"88B, 88C, 91C","color":"#0059a9","mode":"bus","arr":["88B","88C","91C"],"angle":-72.2,"extra":1,"ei":6}},{"type":"Feature","geometry":{"type":"Point","coordinates":[19.637592,51.8539]},"properties":{"lines":"88B, 88C, 91C","color":"#0059a9","mode":"bus","arr":["88B","88C","91C"],"angle":-54,"extra":1,"ei":7}},{"type":"Feature","geometry":{"type":"Point","coordinates":[19.534431,51.796313]},"properties":{"lines":"88B, 88C, 88D","color":"#0059a9","mode":"bus","arr":["88B","88C","88D"],"angle":-56}},{"type":"Feature","geometry":{"type":"Point","coordinates":[19.573842,51.828548]},"properties":{"lines":"88C","color":"#0059a9","mode":"bus","arr":["88C"],"angle":-17.4}},{"type":"Feature","geometry":{"type":"Point","coordinates":[19.571088,51.82802]},"properties":{"lines":"88C","color":"#0059a9","mode":"bus","arr":["88C"],"angle":-16.7,"extra":1,"ei":0}},{"type":"Feature","geometry":{"type":"Point","coordinates":[19.576917,51.829144]},"properties":{"lines":"88C","color":"#0059a9","mode":"bus","arr":["88C"],"angle":-17.4,"extra":1,"ei":1}},{"type":"Feature","geometry":{"type":"Point","coordinates":[19.590806,51.834428]},"properties":{"lines":"88C","color":"#0059a9","mode":"bus","arr":["88C"],"angle":-46.5}},{"type":"Feature","geometry":{"type":"Point","coordinates":[19.579506,51.829647]},"properties":{"lines":"88C","color":"#0059a9","mode":"bus","arr":["88C"],"angle":-17.2,"extra":1,"ei":0}},{"type":"Feature","geometry":{"type":"Point","coordinates":[19.582414,51.830218]},"properties":{"lines":"88C","color":"#0059a9","mode":"bus","arr":["88C"],"angle":-28,"extra":1,"ei":1}},{"type":"Feature","geometry":{"type":"Point","coordinates":[19.584791,51.831402]},"properties":{"lines":"88C","color":"#0059a9","mode":"bus","arr":["88C"],"angle":-39.1,"extra":1,"ei":2}},{"type":"Feature","geometry":{"type":"Point","coordinates":[19.587172,51.832583]},"properties":{"lines":"88C","color":"#0059a9","mode":"bus","arr":["88C"],"angle":-38.7,"extra":1,"ei":3}},{"type":"Feature","geometry":{"type":"Point","coordinates":[19.594156,51.836232]},"properties":{"lines":"88C","color":"#0059a9","mode":"bus","arr":["88C"],"angle":-37.9,"extra":1,"ei":4}},{"type":"Feature","geometry":{"type":"Point","coordinates":[19.596641,51.837328]},"properties":{"lines":"88C","color":"#0059a9","mode":"bus","arr":["88C"],"angle":-34,"extra":1,"ei":5}},{"type":"Feature","geometry":{"type":"Point","coordinates":[19.599192,51.838364]},"properties":{"lines":"88C","color":"#0059a9","mode":"bus","arr":["88C"],"angle":-31.4,"extra":1,"ei":6}},{"type":"Feature","geometry":{"type":"Point","coordinates":[19.601822,51.839322]},"properties":{"lines":"88C","color":"#0059a9","mode":"bus","arr":["88C"],"angle":-28.4,"extra":1,"ei":7}},{"type":"Feature","geometry":{"type":"Point","coordinates":[19.61394,51.835829]},"properties":{"lines":"88C","color":"#0059a9","mode":"bus","arr":["88C"],"angle":-17.9}},{"type":"Feature","geometry":{"type":"Point","coordinates":[19.603503,51.838875]},"properties":{"lines":"88C","color":"#0059a9","mode":"bus","arr":["88C"],"angle":87.8,"extra":1,"ei":0}},{"type":"Feature","geometry":{"type":"Point","coordinates":[19.60364,51.836988]},"properties":{"lines":"88C","color":"#0059a9","mode":"bus","arr":["88C"],"angle":86,"extra":1,"ei":1}},{"type":"Feature","geometry":{"type":"Point","coordinates":[19.603884,51.835105]},"properties":{"lines":"88C","color":"#0059a9","mode":"bus","arr":["88C"],"angle":84.6,"extra":1,"ei":2}},{"type":"Feature","geometry":{"type":"Point","coordinates":[19.605897,51.834117]},"properties":{"lines":"88C","color":"#0059a9","mode":"bus","arr":["88C"],"angle":0.9,"extra":1,"ei":3}},{"type":"Feature","geometry":{"type":"Point","coordinates":[19.608757,51.83476]},"properties":{"lines":"88C","color":"#0059a9","mode":"bus","arr":["88C"],"angle":-18.7,"extra":1,"ei":4}},{"type":"Feature","geometry":{"type":"Point","coordinates":[19.61165,51.835361]},"properties":{"lines":"88C","color":"#0059a9","mode":"bus","arr":["88C"],"angle":-18.4,"extra":1,"ei":5}},{"type":"Feature","geometry":{"type":"Point","coordinates":[19.617504,51.836383]},"properties":{"lines":"88C","color":"#0059a9","mode":"bus","arr":["88C"],"angle":-2.7,"extra":1,"ei":6}},{"type":"Feature","geometry":{"type":"Point","coordinates":[19.620553,51.836474]},"properties":{"lines":"88C","color":"#0059a9","mode":"bus","arr":["88C"],"angle":-2.7,"extra":1,"ei":7}},{"type":"Feature","geometry":{"type":"Point","coordinates":[19.623601,51.83658]},"properties":{"lines":"88C","color":"#0059a9","mode":"bus","arr":["88C"],"angle":-3.2,"extra":1,"ei":8}},{"type":"Feature","geometry":{"type":"Point","coordinates":[19.626648,51.83669]},"properties":{"lines":"88C","color":"#0059a9","mode":"bus","arr":["88C"],"angle":-3.2,"extra":1,"ei":9}},{"type":"Feature","geometry":{"type":"Point","coordinates":[19.629695,51.836799]},"properties":{"lines":"88C","color":"#0059a9","mode":"bus","arr":["88C"],"angle":-3.1,"extra":1,"ei":10}},{"type":"Feature","geometry":{"type":"Point","coordinates":[19.632744,51.836894]},"properties":{"lines":"88C","color":"#0059a9","mode":"bus","arr":["88C"],"angle":1.7,"extra":1,"ei":11}},{"type":"Feature","geometry":{"type":"Point","coordinates":[19.411585,51.803279]},"properties":{"lines":"89","color":"#0059a9","mode":"bus","arr":["89"],"angle":-89.3}},{"type":"Feature","geometry":{"type":"Point","coordinates":[19.411227,51.801511]},"properties":{"lines":"89","color":"#0059a9","mode":"bus","arr":["89"],"angle":-78,"extra":1,"ei":0}},{"type":"Feature","geometry":{"type":"Point","coordinates":[19.411656,51.805267]},"properties":{"lines":"89","color":"#0059a9","mode":"bus","arr":["89"],"angle":-86.6,"extra":1,"ei":1}},{"type":"Feature","geometry":{"type":"Point","coordinates":[19.418839,51.804948]},"properties":{"lines":"89","color":"#0059a9","mode":"bus","arr":["89"],"angle":15.8,"mi":1}},{"type":"Feature","geometry":{"type":"Point","coordinates":[19.413227,51.805846]},"properties":{"lines":"89","color":"#0059a9","mode":"bus","arr":["89"],"angle":14.3,"extra":1,"ei":0}},{"type":"Feature","geometry":{"type":"Point","coordinates":[19.416184,51.805377]},"properties":{"lines":"89","color":"#0059a9","mode":"bus","arr":["89"],"angle":14.4,"extra":1,"ei":1}},{"type":"Feature","geometry":{"type":"Point","coordinates":[19.422075,51.804414]},"properties":{"lines":"89","color":"#0059a9","mode":"bus","arr":["89"],"angle":-0.4,"extra":1,"ei":2}},{"type":"Feature","geometry":{"type":"Point","coordinates":[19.425087,51.804676]},"properties":{"lines":"89","color":"#0059a9","mode":"bus","arr":["89"],"angle":-12.4,"extra":1,"ei":3}},{"type":"Feature","geometry":{"type":"Point","coordinates":[19.416736,51.822309]},"properties":{"lines":"89","color":"#0059a9","mode":"bus","arr":["89"],"angle":-74.1}},{"type":"Feature","geometry":{"type":"Point","coordinates":[19.418301,51.818792]},"properties":{"lines":"89","color":"#0059a9","mode":"bus","arr":["89"],"angle":62.6,"extra":1,"ei":0}},{"type":"Feature","geometry":{"type":"Point","coordinates":[19.417102,51.820528]},"properties":{"lines":"89","color":"#0059a9","mode":"bus","arr":["89"],"angle":66.9,"extra":1,"ei":1}},{"type":"Feature","geometry":{"type":"Point","coordinates":[19.417589,51.824149]},"properties":{"lines":"89","color":"#0059a9","mode":"bus","arr":["89"],"angle":-74,"extra":1,"ei":2}},{"type":"Feature","geometry":{"type":"Point","coordinates":[19.418145,51.825999]},"properties":{"lines":"89","color":"#0059a9","mode":"bus","arr":["89"],"angle":89,"extra":1,"ei":3}},{"type":"Feature","geometry":{"type":"Point","coordinates":[19.422109,51.827925]},"properties":{"lines":"89","color":"#0059a9","mode":"bus","arr":["89"],"angle":-22.4,"mi":2}},{"type":"Feature","geometry":{"type":"Point","coordinates":[19.419311,51.827225]},"properties":{"lines":"89","color":"#0059a9","mode":"bus","arr":["89"],"angle":-21.9,"extra":1,"ei":0}},{"type":"Feature","geometry":{"type":"Point","coordinates":[19.424932,51.828696]},"properties":{"lines":"89","color":"#0059a9","mode":"bus","arr":["89"],"angle":-22.5,"extra":1,"ei":1}},{"type":"Feature","geometry":{"type":"Point","coordinates":[19.434629,51.823325]},"properties":{"lines":"89, N2","color":"#0059a9","mode":"bus","arr":["89","N2"],"angle":-21.9}},{"type":"Feature","geometry":{"type":"Point","coordinates":[19.431747,51.822642]},"properties":{"lines":"89, N2","color":"#0059a9","mode":"bus","arr":["89","N2"],"angle":-21.4,"extra":1,"ei":0}},{"type":"Feature","geometry":{"type":"Point","coordinates":[19.437411,51.82405]},"properties":{"lines":"89, N2","color":"#0059a9","mode":"bus","arr":["89","N2"],"angle":-22.8,"extra":1,"ei":1}},{"type":"Feature","geometry":{"type":"Point","coordinates":[19.441846,51.821127]},"properties":{"lines":"89","color":"#0059a9","mode":"bus","arr":["89"],"angle":63.2}},{"type":"Feature","geometry":{"type":"Point","coordinates":[19.443631,51.818455]},"properties":{"lines":"89","color":"#0059a9","mode":"bus","arr":["89"],"angle":69.1,"extra":1,"ei":0}},{"type":"Feature","geometry":{"type":"Point","coordinates":[19.439935,51.823625]},"properties":{"lines":"89","color":"#0059a9","mode":"bus","arr":["89"],"angle":65.5,"extra":1,"ei":1}},{"type":"Feature","geometry":{"type":"Point","coordinates":[19.60155,51.746349]},"properties":{"lines":"90, 201, 202","color":"#0059a9","mode":"bus","arr":["90","201","202"],"angle":42.1}},{"type":"Feature","geometry":{"type":"Point","coordinates":[19.591582,51.750768]},"properties":{"lines":"90, 201, 202","color":"#0059a9","mode":"bus","arr":["90","201","202"],"angle":4.5,"extra":1,"ei":0,"side":-1}},{"type":"Feature","geometry":{"type":"Point","coordinates":[19.594489,51.750292]},"properties":{"lines":"90, 201, 202","color":"#0059a9","mode":"bus","arr":["90","201","202"],"angle":36.5,"extra":1,"ei":1}},{"type":"Feature","geometry":{"type":"Point","coordinates":[19.596761,51.749031]},"properties":{"lines":"90, 201, 202","color":"#0059a9","mode":"bus","arr":["90","201","202"],"angle":42.1,"extra":1,"ei":2}},{"type":"Feature","geometry":{"type":"Point","coordinates":[19.599023,51.747764]},"properties":{"lines":"90, 201, 202","color":"#0059a9","mode":"bus","arr":["90","201","202"],"angle":42.1,"extra":1,"ei":3}},{"type":"Feature","geometry":{"type":"Point","coordinates":[19.603546,51.745226]},"properties":{"lines":"90, 201, 202","color":"#0059a9","mode":"bus","arr":["90","201","202"],"angle":42.2,"extra":1,"ei":4}},{"type":"Feature","geometry":{"type":"Point","coordinates":[19.605816,51.743964]},"properties":{"lines":"90, 201, 202","color":"#0059a9","mode":"bus","arr":["90","201","202"],"angle":41.3,"extra":1,"ei":5}},{"type":"Feature","geometry":{"type":"Point","coordinates":[19.608082,51.742699]},"properties":{"lines":"90, 201, 202","color":"#0059a9","mode":"bus","arr":["90","201","202"],"angle":42.3,"extra":1,"ei":6}},{"type":"Feature","geometry":{"type":"Point","coordinates":[19.610347,51.741433]},"properties":{"lines":"90, 201, 202","color":"#0059a9","mode":"bus","arr":["90","201","202"],"angle":42.3,"extra":1,"ei":7}},{"type":"Feature","geometry":{"type":"Point","coordinates":[19.614433,51.731767]},"properties":{"lines":"90","color":"#0059a9","mode":"bus","arr":["90"],"angle":-33.6,"mi":5}},{"type":"Feature","geometry":{"type":"Point","coordinates":[19.605592,51.725847]},"properties":{"lines":"90","color":"#0059a9","mode":"bus","arr":["90"],"angle":-41.4,"mi":2}},{"type":"Feature","geometry":{"type":"Point","coordinates":[19.608521,51.727048]},"properties":{"lines":"90","color":"#0059a9","mode":"bus","arr":["90"],"angle":-54.2,"extra":1,"ei":0}},{"type":"Feature","geometry":{"type":"Point","coordinates":[19.610174,51.728635]},"properties":{"lines":"90","color":"#0059a9","mode":"bus","arr":["90"],"angle":-57.8,"extra":1,"ei":1}},{"type":"Feature","geometry":{"type":"Point","coordinates":[19.611741,51.730253]},"properties":{"lines":"90","color":"#0059a9","mode":"bus","arr":["90"],"angle":-65.9,"extra":1,"ei":2}},{"type":"Feature","geometry":{"type":"Point","coordinates":[19.615923,51.7329]},"properties":{"lines":"90","color":"#0059a9","mode":"bus","arr":["90"],"angle":-50.5,"extra":1,"ei":3}},{"type":"Feature","geometry":{"type":"Point","coordinates":[19.618555,51.733519]},"properties":{"lines":"90","color":"#0059a9","mode":"bus","arr":["90"],"angle":0.3,"extra":1,"ei":4}},{"type":"Feature","geometry":{"type":"Point","coordinates":[19.621607,51.733495]},"properties":{"lines":"90","color":"#0059a9","mode":"bus","arr":["90"],"angle":4.5,"extra":1,"ei":5}},{"type":"Feature","geometry":{"type":"Point","coordinates":[19.601899,51.725982]},"properties":{"lines":"90","color":"#0059a9","mode":"bus","arr":["90"],"angle":31.6}},{"type":"Feature","geometry":{"type":"Point","coordinates":[19.597253,51.728239]},"properties":{"lines":"90","color":"#0059a9","mode":"bus","arr":["90"],"angle":31.9,"mi":1}},{"type":"Feature","geometry":{"type":"Point","coordinates":[19.595245,51.729442]},"properties":{"lines":"90","color":"#0059a9","mode":"bus","arr":["90"],"angle":-4.9,"mi":4}},{"type":"Feature","geometry":{"type":"Point","coordinates":[19.596036,51.729482]},"properties":{"lines":"90","color":"#0059a9","mode":"bus","arr":["90"],"angle":-7.6,"mi":3}},{"type":"Feature","geometry":{"type":"Point","coordinates":[19.598486,51.756435]},"properties":{"lines":"91A, 91B, 91C","color":"#0059a9","mode":"bus","arr":["91A","91B","91C"],"angle":-39.7}},{"type":"Feature","geometry":{"type":"Point","coordinates":[19.606671,51.760618]},"properties":{"lines":"91A, 91B, 91C","color":"#0059a9","mode":"bus","arr":["91A","91B","91C"],"angle":-39.6,"extra":1,"ei":0}},{"type":"Feature","geometry":{"type":"Point","coordinates":[19.604317,51.759416]},"properties":{"lines":"91A, 91B, 91C","color":"#0059a9","mode":"bus","arr":["91A","91B","91C"],"angle":-39.5,"extra":1,"ei":1}},{"type":"Feature","geometry":{"type":"Point","coordinates":[19.601959,51.758217]},"properties":{"lines":"91A, 91B, 91C","color":"#0059a9","mode":"bus","arr":["91A","91B","91C"],"angle":-39.6,"extra":1,"ei":2}},{"type":"Feature","geometry":{"type":"Point","coordinates":[19.594917,51.754595]},"properties":{"lines":"91A, 91B, 91C","color":"#0059a9","mode":"bus","arr":["91A","91B","91C"],"angle":-40.2,"extra":1,"ei":3}},{"type":"Feature","geometry":{"type":"Point","coordinates":[19.592574,51.753385]},"properties":{"lines":"91A, 91B, 91C","color":"#0059a9","mode":"bus","arr":["91A","91B","91C"],"angle":-39.3,"extra":1,"ei":4}},{"type":"Feature","geometry":{"type":"Point","coordinates":[19.590668,51.751946]},"properties":{"lines":"91A, 91B, 91C","color":"#0059a9","mode":"bus","arr":["91A","91B","91C"],"angle":-63.5,"extra":1,"ei":5}},{"type":"Feature","geometry":{"type":"Point","coordinates":[19.615856,51.754741]},"properties":{"lines":"91A, 91B, 91C","color":"#0059a9","mode":"bus","arr":["91A","91B","91C"],"angle":54.1,"mi":2}},{"type":"Feature","geometry":{"type":"Point","coordinates":[19.608793,51.76048]},"properties":{"lines":"91A, 91B, 91C","color":"#0059a9","mode":"bus","arr":["91A","91B","91C"],"angle":51.7,"extra":1,"ei":0}},{"type":"Feature","geometry":{"type":"Point","coordinates":[19.610786,51.759072]},"properties":{"lines":"91A, 91B, 91C","color":"#0059a9","mode":"bus","arr":["91A","91B","91C"],"angle":54.1,"extra":1,"ei":1}},{"type":"Feature","geometry":{"type":"Point","coordinates":[19.612575,51.757542]},"properties":{"lines":"91A, 91B, 91C","color":"#0059a9","mode":"bus","arr":["91A","91B","91C"],"angle":54.3,"extra":1,"ei":2}},{"type":"Feature","geometry":{"type":"Point","coordinates":[19.614368,51.756013]},"properties":{"lines":"91A, 91B, 91C","color":"#0059a9","mode":"bus","arr":["91A","91B","91C"],"angle":54.1,"extra":1,"ei":3}},{"type":"Feature","geometry":{"type":"Point","coordinates":[19.617951,51.752955]},"properties":{"lines":"91A, 91B, 91C","color":"#0059a9","mode":"bus","arr":["91A","91B","91C"],"angle":54,"extra":1,"ei":4}},{"type":"Feature","geometry":{"type":"Point","coordinates":[19.619749,51.751429]},"properties":{"lines":"91A, 91B, 91C","color":"#0059a9","mode":"bus","arr":["91A","91B","91C"],"angle":53.9,"extra":1,"ei":5}},{"type":"Feature","geometry":{"type":"Point","coordinates":[19.621551,51.749904]},"properties":{"lines":"91A, 91B, 91C","color":"#0059a9","mode":"bus","arr":["91A","91B","91C"],"angle":53.7,"extra":1,"ei":6}},{"type":"Feature","geometry":{"type":"Point","coordinates":[19.623361,51.748384]},"properties":{"lines":"91A, 91B, 91C","color":"#0059a9","mode":"bus","arr":["91A","91B","91C"],"angle":53.3,"extra":1,"ei":7}},{"type":"Feature","geometry":{"type":"Point","coordinates":[19.628456,51.751333]},"properties":{"lines":"91A, 91B, 91C","color":"#0059a9","mode":"bus","arr":["91A","91B","91C"],"angle":-47.1}},{"type":"Feature","geometry":{"type":"Point","coordinates":[19.624696,51.748829]},"properties":{"lines":"91A, 91B, 91C","color":"#0059a9","mode":"bus","arr":["91A","91B","91C"],"angle":-47.1,"extra":1,"ei":0}},{"type":"Feature","geometry":{"type":"Point","coordinates":[19.626774,51.750212]},"properties":{"lines":"91A, 91B, 91C","color":"#0059a9","mode":"bus","arr":["91A","91B","91C"],"angle":-47.1,"extra":1,"ei":1}},{"type":"Feature","geometry":{"type":"Point","coordinates":[19.630919,51.752985]},"properties":{"lines":"91A, 91B, 91C","color":"#0059a9","mode":"bus","arr":["91A","91B","91C"],"angle":-55.5,"extra":1,"ei":2}},{"type":"Feature","geometry":{"type":"Point","coordinates":[19.631343,51.754834]},"properties":{"lines":"91A, 91B, 91C","color":"#0059a9","mode":"bus","arr":["91A","91B","91C"],"angle":88.9,"extra":1,"ei":3}},{"type":"Feature","geometry":{"type":"Point","coordinates":[19.631656,51.758281]},"properties":{"lines":"91A, 91B, 91C","color":"#0059a9","mode":"bus","arr":["91A","91B","91C"],"angle":-86.2,"mi":1}},{"type":"Feature","geometry":{"type":"Point","coordinates":[19.631428,51.756002]},"properties":{"lines":"91A, 91B, 91C","color":"#0059a9","mode":"bus","arr":["91A","91B","91C"],"angle":-86.4,"extra":1,"ei":0}},{"type":"Feature","geometry":{"type":"Point","coordinates":[19.631835,51.759771]},"properties":{"lines":"91A, 91B, 91C","color":"#0059a9","mode":"bus","arr":["91A","91B","91C"],"angle":-85.5,"extra":1,"ei":1}},{"type":"Feature","geometry":{"type":"Point","coordinates":[19.589962,51.794017]},"properties":{"lines":"91A, 91C","color":"#0059a9","mode":"bus","arr":["91A","91C"],"angle":-40.9,"side":-1}},{"type":"Feature","geometry":{"type":"Point","coordinates":[19.590837,51.804955]},"properties":{"lines":"91B","color":"#0059a9","mode":"bus","arr":["91B"],"angle":-86.5}},{"type":"Feature","geometry":{"type":"Point","coordinates":[19.591874,51.814718]},"properties":{"lines":"91B","color":"#0059a9","mode":"bus","arr":["91B"],"angle":-86.2,"extra":1,"ei":0}},{"type":"Feature","geometry":{"type":"Point","coordinates":[19.59167,51.812834]},"properties":{"lines":"91B","color":"#0059a9","mode":"bus","arr":["91B"],"angle":-86.1,"extra":1,"ei":1}},{"type":"Feature","geometry":{"type":"Point","coordinates":[19.591461,51.81095]},"properties":{"lines":"91B","color":"#0059a9","mode":"bus","arr":["91B"],"angle":-86.1,"extra":1,"ei":2}},{"type":"Feature","geometry":{"type":"Point","coordinates":[19.591253,51.809065]},"properties":{"lines":"91B","color":"#0059a9","mode":"bus","arr":["91B"],"angle":-86.1,"extra":1,"ei":3}},{"type":"Feature","geometry":{"type":"Point","coordinates":[19.591056,51.807181]},"properties":{"lines":"91B","color":"#0059a9","mode":"bus","arr":["91B"],"angle":-87.1,"extra":1,"ei":4}},{"type":"Feature","geometry":{"type":"Point","coordinates":[19.590681,51.803411]},"properties":{"lines":"91B","color":"#0059a9","mode":"bus","arr":["91B"],"angle":-86.3,"extra":1,"ei":5}},{"type":"Feature","geometry":{"type":"Point","coordinates":[19.590473,51.801527]},"properties":{"lines":"91B","color":"#0059a9","mode":"bus","arr":["91B"],"angle":-86,"extra":1,"ei":6}},{"type":"Feature","geometry":{"type":"Point","coordinates":[19.590268,51.799642]},"properties":{"lines":"91B","color":"#0059a9","mode":"bus","arr":["91B"],"angle":-86.4,"extra":1,"ei":7}},{"type":"Feature","geometry":{"type":"Point","coordinates":[19.590098,51.797757]},"properties":{"lines":"91B","color":"#0059a9","mode":"bus","arr":["91B"],"angle":-86.8,"extra":1,"ei":8}},{"type":"Feature","geometry":{"type":"Point","coordinates":[19.589902,51.795872]},"properties":{"lines":"91B","color":"#0059a9","mode":"bus","arr":["91B"],"angle":-86.1,"extra":1,"ei":9}},{"type":"Feature","geometry":{"type":"Point","coordinates":[19.596061,51.816334]},"properties":{"lines":"91B","color":"#0059a9","mode":"bus","arr":["91B"],"angle":-83.4}},{"type":"Feature","geometry":{"type":"Point","coordinates":[19.593495,51.815572]},"properties":{"lines":"91B","color":"#0059a9","mode":"bus","arr":["91B"],"angle":10.9,"extra":1,"ei":0}},{"type":"Feature","geometry":{"type":"Point","coordinates":[19.596304,51.817657]},"properties":{"lines":"91B","color":"#0059a9","mode":"bus","arr":["91B"],"angle":-85.3,"extra":1,"ei":1}},{"type":"Feature","geometry":{"type":"Point","coordinates":[19.596701,51.819529]},"properties":{"lines":"91B","color":"#0059a9","mode":"bus","arr":["91B"],"angle":-81.1,"extra":1,"ei":2}},{"type":"Feature","geometry":{"type":"Point","coordinates":[19.60262,51.800417]},"properties":{"lines":"91C","color":"#0059a9","mode":"bus","arr":["91C"],"angle":-39.2}},{"type":"Feature","geometry":{"type":"Point","coordinates":[19.591445,51.794766]},"properties":{"lines":"91C","color":"#0059a9","mode":"bus","arr":["91C"],"angle":-39.2,"extra":1,"ei":0}},{"type":"Feature","geometry":{"type":"Point","coordinates":[19.593808,51.795962]},"properties":{"lines":"91C","color":"#0059a9","mode":"bus","arr":["91C"],"angle":-39.2,"extra":1,"ei":1}},{"type":"Feature","geometry":{"type":"Point","coordinates":[19.596162,51.797165]},"properties":{"lines":"91C","color":"#0059a9","mode":"bus","arr":["91C"],"angle":-39.1,"extra":1,"ei":2}},{"type":"Feature","geometry":{"type":"Point","coordinates":[19.598532,51.798354]},"properties":{"lines":"91C","color":"#0059a9","mode":"bus","arr":["91C"],"angle":-39.2,"extra":1,"ei":3}},{"type":"Feature","geometry":{"type":"Point","coordinates":[19.600899,51.799547]},"properties":{"lines":"91C","color":"#0059a9","mode":"bus","arr":["91C"],"angle":-39.3,"extra":1,"ei":4}},{"type":"Feature","geometry":{"type":"Point","coordinates":[19.605632,51.801932]},"properties":{"lines":"91C","color":"#0059a9","mode":"bus","arr":["91C"],"angle":-39.1,"extra":1,"ei":5}},{"type":"Feature","geometry":{"type":"Point","coordinates":[19.608,51.803124]},"properties":{"lines":"91C","color":"#0059a9","mode":"bus","arr":["91C"],"angle":-39.2,"extra":1,"ei":6}},{"type":"Feature","geometry":{"type":"Point","coordinates":[19.610371,51.804314]},"properties":{"lines":"91C","color":"#0059a9","mode":"bus","arr":["91C"],"angle":-38.9,"extra":1,"ei":7}},{"type":"Feature","geometry":{"type":"Point","coordinates":[19.612737,51.805507]},"properties":{"lines":"91C","color":"#0059a9","mode":"bus","arr":["91C"],"angle":-39.2,"extra":1,"ei":8}},{"type":"Feature","geometry":{"type":"Point","coordinates":[19.617541,51.809877]},"properties":{"lines":"91C","color":"#0059a9","mode":"bus","arr":["91C"],"angle":-62.7}},{"type":"Feature","geometry":{"type":"Point","coordinates":[19.615596,51.807546]},"properties":{"lines":"91C","color":"#0059a9","mode":"bus","arr":["91C"],"angle":-62.7,"extra":1,"ei":0}},{"type":"Feature","geometry":{"type":"Point","coordinates":[19.619797,51.81258]},"properties":{"lines":"91C","color":"#0059a9","mode":"bus","arr":["91C"],"angle":-62.7,"extra":1,"ei":1}},{"type":"Feature","geometry":{"type":"Point","coordinates":[19.581762,51.712724]},"properties":{"lines":"92A, 92B","color":"#0059a9","mode":"bus","arr":["92A","92B"],"angle":20.3}},{"type":"Feature","geometry":{"type":"Point","coordinates":[19.618153,51.702578]},"properties":{"lines":"92A, 92B","color":"#0059a9","mode":"bus","arr":["92A","92B"],"angle":11.6,"extra":1,"ei":0}},{"type":"Feature","geometry":{"type":"Point","coordinates":[19.615195,51.703024]},"properties":{"lines":"92A, 92B","color":"#0059a9","mode":"bus","arr":["92A","92B"],"angle":24.9,"extra":1,"ei":1}},{"type":"Feature","geometry":{"type":"Point","coordinates":[19.612487,51.703893]},"properties":{"lines":"92A, 92B","color":"#0059a9","mode":"bus","arr":["92A","92B"],"angle":32.3,"extra":1,"ei":2}},{"type":"Feature","geometry":{"type":"Point","coordinates":[19.609931,51.704925]},"properties":{"lines":"92A, 92B","color":"#0059a9","mode":"bus","arr":["92A","92B"],"angle":32.7,"extra":1,"ei":3}},{"type":"Feature","geometry":{"type":"Point","coordinates":[19.607195,51.705753]},"properties":{"lines":"92A, 92B","color":"#0059a9","mode":"bus","arr":["92A","92B"],"angle":22.2,"extra":1,"ei":4}},{"type":"Feature","geometry":{"type":"Point","coordinates":[19.60438,51.706482]},"properties":{"lines":"92A, 92B","color":"#0059a9","mode":"bus","arr":["92A","92B"],"angle":28,"extra":1,"ei":5}},{"type":"Feature","geometry":{"type":"Point","coordinates":[19.602315,51.707843]},"properties":{"lines":"92A, 92B","color":"#0059a9","mode":"bus","arr":["92A","92B"],"angle":51.1,"extra":1,"ei":6}},{"type":"Feature","geometry":{"type":"Point","coordinates":[19.599908,51.708989]},"properties":{"lines":"92A, 92B","color":"#0059a9","mode":"bus","arr":["92A","92B"],"angle":33.1,"extra":1,"ei":7}},{"type":"Feature","geometry":{"type":"Point","coordinates":[19.597062,51.709622]},"properties":{"lines":"92A, 92B","color":"#0059a9","mode":"bus","arr":["92A","92B"],"angle":14,"extra":1,"ei":8}},{"type":"Feature","geometry":{"type":"Point","coordinates":[19.594094,51.710063]},"properties":{"lines":"92A, 92B","color":"#0059a9","mode":"bus","arr":["92A","92B"],"angle":13.4,"extra":1,"ei":9}},{"type":"Feature","geometry":{"type":"Point","coordinates":[19.591145,51.710544]},"properties":{"lines":"92A, 92B","color":"#0059a9","mode":"bus","arr":["92A","92B"],"angle":20.4,"extra":1,"ei":10}},{"type":"Feature","geometry":{"type":"Point","coordinates":[19.588287,51.711208]},"properties":{"lines":"92A, 92B","color":"#0059a9","mode":"bus","arr":["92A","92B"],"angle":20.6,"extra":1,"ei":11}},{"type":"Feature","geometry":{"type":"Point","coordinates":[19.585431,51.711873]},"properties":{"lines":"92A, 92B","color":"#0059a9","mode":"bus","arr":["92A","92B"],"angle":20.8,"extra":1,"ei":12}},{"type":"Feature","geometry":{"type":"Point","coordinates":[19.579715,51.713201]},"properties":{"lines":"92A, 92B","color":"#0059a9","mode":"bus","arr":["92A","92B"],"angle":20.8,"extra":1,"ei":13}},{"type":"Feature","geometry":{"type":"Point","coordinates":[19.576865,51.713876]},"properties":{"lines":"92A, 92B","color":"#0059a9","mode":"bus","arr":["92A","92B"],"angle":21.3,"extra":1,"ei":14}},{"type":"Feature","geometry":{"type":"Point","coordinates":[19.574021,51.714562]},"properties":{"lines":"92A, 92B","color":"#0059a9","mode":"bus","arr":["92A","92B"],"angle":21.3,"extra":1,"ei":15}},{"type":"Feature","geometry":{"type":"Point","coordinates":[19.571174,51.715245]},"properties":{"lines":"92A, 92B","color":"#0059a9","mode":"bus","arr":["92A","92B"],"angle":21.1,"extra":1,"ei":16}},{"type":"Feature","geometry":{"type":"Point","coordinates":[19.568325,51.715922]},"properties":{"lines":"92A, 92B","color":"#0059a9","mode":"bus","arr":["92A","92B"],"angle":21.1,"extra":1,"ei":17}},{"type":"Feature","geometry":{"type":"Point","coordinates":[19.565458,51.71655]},"properties":{"lines":"92A, 92B","color":"#0059a9","mode":"bus","arr":["92A","92B"],"angle":0.7,"extra":1,"ei":18}},{"type":"Feature","geometry":{"type":"Point","coordinates":[19.562449,51.716236]},"properties":{"lines":"92A, 92B","color":"#0059a9","mode":"bus","arr":["92A","92B"],"angle":-10,"extra":1,"ei":19}},{"type":"Feature","geometry":{"type":"Point","coordinates":[19.559444,51.715903]},"properties":{"lines":"92A, 92B","color":"#0059a9","mode":"bus","arr":["92A","92B"],"angle":-10.3,"extra":1,"ei":20}},{"type":"Feature","geometry":{"type":"Point","coordinates":[19.556663,51.715275]},"properties":{"lines":"92A, 92B","color":"#0059a9","mode":"bus","arr":["92A","92B"],"angle":-47.5,"extra":1,"ei":21}},{"type":"Feature","geometry":{"type":"Point","coordinates":[19.554639,51.713861]},"properties":{"lines":"92A, 92B","color":"#0059a9","mode":"bus","arr":["92A","92B"],"angle":-48.6,"extra":1,"ei":22}},{"type":"Feature","geometry":{"type":"Point","coordinates":[19.552517,51.712526]},"properties":{"lines":"92A, 92B","color":"#0059a9","mode":"bus","arr":["92A","92B"],"angle":-20.9,"extra":1,"ei":23}},{"type":"Feature","geometry":{"type":"Point","coordinates":[19.549526,51.71215]},"properties":{"lines":"92A, 92B","color":"#0059a9","mode":"bus","arr":["92A","92B"],"angle":-10.6,"extra":1,"ei":24}},{"type":"Feature","geometry":{"type":"Point","coordinates":[19.546537,51.711767]},"properties":{"lines":"92A, 92B","color":"#0059a9","mode":"bus","arr":["92A","92B"],"angle":-11.8,"extra":1,"ei":25}},{"type":"Feature","geometry":{"type":"Point","coordinates":[19.543548,51.711385]},"properties":{"lines":"92A, 92B","color":"#0059a9","mode":"bus","arr":["92A","92B"],"angle":-14.1,"extra":1,"ei":26}},{"type":"Feature","geometry":{"type":"Point","coordinates":[19.603334,51.707341]},"properties":{"lines":"92A, 92B","color":"#0059a9","mode":"bus","arr":["92A","92B"],"angle":10}},{"type":"Feature","geometry":{"type":"Point","coordinates":[19.470594,51.742495]},"properties":{"lines":"92A, 92B, N5A, N5B","color":"#0059a9","mode":"bus","arr":["92A","92B","N5A","N5B"],"angle":-16.3}},{"type":"Feature","geometry":{"type":"Point","coordinates":[19.475498,51.743375]},"properties":{"lines":"92A, 92B, N5A, N5B","color":"#0059a9","mode":"bus","arr":["92A","92B","N5A","N5B"],"angle":-16.2,"extra":1,"ei":0}},{"type":"Feature","geometry":{"type":"Point","coordinates":[19.472566,51.742848]},"properties":{"lines":"92A, 92B, N5A, N5B","color":"#0059a9","mode":"bus","arr":["92A","92B","N5A","N5B"],"angle":-16,"extra":1,"ei":1}},{"type":"Feature","geometry":{"type":"Point","coordinates":[19.466707,51.741791]},"properties":{"lines":"92A, 92B, N5A, N5B","color":"#0059a9","mode":"bus","arr":["92A","92B","N5A","N5B"],"angle":-16.3,"extra":1,"ei":2}},{"type":"Feature","geometry":{"type":"Point","coordinates":[19.464662,51.740898]},"properties":{"lines":"92A, 92B, N3A, N3B, N5A, N5B","color":"#0059a9","mode":"bus","arr":["92A","92B","N3A","N3B","N5A","N5B"],"angle":58.9}},{"type":"Feature","geometry":{"type":"Point","coordinates":[19.463959,51.740368]},"properties":{"lines":"92A, 92B, N5A, N5B","color":"#0059a9","mode":"bus","arr":["92A","92B","N5A","N5B"],"angle":-7.3,"mi":1}},{"type":"Feature","geometry":{"type":"Point","coordinates":[19.463415,51.74125]},"properties":{"lines":"N3A, N3B","color":"#0059a9","mode":"bus","arr":["N3A","N3B"],"angle":-8.2,"mi":1}},{"type":"Feature","geometry":{"type":"Point","coordinates":[19.46271,51.74239]},"properties":{"lines":"92A, 92B","color":"#0059a9","mode":"bus","arr":["92A","92B"],"angle":-6.8}},{"type":"Feature","geometry":{"type":"Point","coordinates":[19.463693,51.74188]},"properties":{"lines":"92A, 92B","color":"#0059a9","mode":"bus","arr":["92A","92B"],"angle":58.4,"mi":1}},{"type":"Feature","geometry":{"type":"Point","coordinates":[19.545611,51.723552]},"properties":{"lines":"92B","color":"#0059a9","mode":"bus","arr":["92B"],"angle":-6,"mi":3}},{"type":"Feature","geometry":{"type":"Point","coordinates":[19.551141,51.723792]},"properties":{"lines":"92B","color":"#0059a9","mode":"bus","arr":["92B"],"angle":-6,"extra":1,"ei":0}},{"type":"Feature","geometry":{"type":"Point","coordinates":[19.548104,51.723609]},"properties":{"lines":"92B","color":"#0059a9","mode":"bus","arr":["92B"],"angle":-2.7,"extra":1,"ei":1}},{"type":"Feature","geometry":{"type":"Point","coordinates":[19.542133,51.722982]},"properties":{"lines":"92B","color":"#0059a9","mode":"bus","arr":["92B"],"angle":-20.4,"extra":1,"ei":2}},{"type":"Feature","geometry":{"type":"Point","coordinates":[19.539233,51.722494]},"properties":{"lines":"92B","color":"#0059a9","mode":"bus","arr":["92B"],"angle":5.6,"extra":1,"ei":3}},{"type":"Feature","geometry":{"type":"Point","coordinates":[19.552436,51.721289]},"properties":{"lines":"92B","color":"#0059a9","mode":"bus","arr":["92B"],"angle":-20,"mi":2}},{"type":"Feature","geometry":{"type":"Point","coordinates":[19.552391,51.72295]},"properties":{"lines":"92B","color":"#0059a9","mode":"bus","arr":["92B"],"angle":85.8,"extra":1,"ei":0}},{"type":"Feature","geometry":{"type":"Point","coordinates":[19.549769,51.720676]},"properties":{"lines":"92B","color":"#0059a9","mode":"bus","arr":["92B"],"angle":-20.4,"extra":1,"ei":1}},{"type":"Feature","geometry":{"type":"Point","coordinates":[19.550018,51.723535]},"properties":{"lines":"92B","color":"#0059a9","mode":"bus","arr":["92B"],"angle":74.3,"mi":1}},{"type":"Feature","geometry":{"type":"Point","coordinates":[19.550633,51.723397]},"properties":{"lines":"92B","color":"#0059a9","mode":"bus","arr":["92B"],"angle":-46.7}},{"type":"Feature","geometry":{"type":"Point","coordinates":[19.549344,51.718823]},"properties":{"lines":"92B","color":"#0059a9","mode":"bus","arr":["92B"],"angle":1.7,"mi":4}},{"type":"Feature","geometry":{"type":"Point","coordinates":[19.534275,51.721985]},"properties":{"lines":"F1, N8","color":"#0059a9","mode":"bus","arr":["F1","N8"],"angle":-11.7,"mi":1}},{"type":"Feature","geometry":{"type":"Point","coordinates":[19.536878,51.722369]},"properties":{"lines":"F1, N8","color":"#0059a9","mode":"bus","arr":["F1","N8"],"angle":-13,"extra":1,"ei":0}},{"type":"Feature","geometry":{"type":"Point","coordinates":[19.530951,51.721477]},"properties":{"lines":"F1, N8","color":"#0059a9","mode":"bus","arr":["F1","N8"],"angle":-24.8,"extra":1,"ei":1}},{"type":"Feature","geometry":{"type":"Point","coordinates":[19.537855,51.722502]},"properties":{"lines":"N8","color":"#0059a9","mode":"bus","arr":["N8"],"angle":-2.6,"mi":4}},{"type":"Feature","geometry":{"type":"Point","coordinates":[19.530515,51.721414]},"properties":{"lines":"N8","color":"#0059a9","mode":"bus","arr":["N8"],"angle":-10.2,"mi":1}},{"type":"Feature","geometry":{"type":"Point","coordinates":[19.455874,51.719673]},"properties":{"lines":"93","color":"#0059a9","mode":"bus","arr":["93"],"angle":71.5}},{"type":"Feature","geometry":{"type":"Point","coordinates":[19.471796,51.700982]},"properties":{"lines":"93","color":"#0059a9","mode":"bus","arr":["93"],"angle":54.1,"side":-1}},{"type":"Feature","geometry":{"type":"Point","coordinates":[19.448604,51.725955]},"properties":{"lines":"93","color":"#0059a9","mode":"bus","arr":["93"],"angle":52.3,"extra":1,"ei":0}},{"type":"Feature","geometry":{"type":"Point","coordinates":[19.450495,51.724474]},"properties":{"lines":"93","color":"#0059a9","mode":"bus","arr":["93"],"angle":51.5,"extra":1,"ei":1,"side":-1}},{"type":"Feature","geometry":{"type":"Point","coordinates":[19.45235,51.722974]},"properties":{"lines":"93","color":"#0059a9","mode":"bus","arr":["93"],"angle":52.2,"extra":1,"ei":2,"side":-1}},{"type":"Feature","geometry":{"type":"Point","coordinates":[19.454179,51.721462]},"properties":{"lines":"93","color":"#0059a9","mode":"bus","arr":["93"],"angle":55.9,"extra":1,"ei":3,"side":-1}},{"type":"Feature","geometry":{"type":"Point","coordinates":[19.456586,51.718017]},"properties":{"lines":"93","color":"#0059a9","mode":"bus","arr":["93"],"angle":66.9,"extra":1,"ei":4,"side":-1}},{"type":"Feature","geometry":{"type":"Point","coordinates":[19.45804,51.71636]},"properties":{"lines":"93","color":"#0059a9","mode":"bus","arr":["93"],"angle":56.3,"extra":1,"ei":5,"side":-1}},{"type":"Feature","geometry":{"type":"Point","coordinates":[19.459745,51.714794]},"properties":{"lines":"93","color":"#0059a9","mode":"bus","arr":["93"],"angle":55.6,"extra":1,"ei":6,"side":-1}},{"type":"Feature","geometry":{"type":"Point","coordinates":[19.461331,51.713184]},"properties":{"lines":"93","color":"#0059a9","mode":"bus","arr":["93"],"angle":64.7,"extra":1,"ei":7,"side":-1}},{"type":"Feature","geometry":{"type":"Point","coordinates":[19.468239,51.704606]},"properties":{"lines":"93","color":"#0059a9","mode":"bus","arr":["93"],"angle":58.2,"extra":1,"ei":0,"side":-1}},{"type":"Feature","geometry":{"type":"Point","coordinates":[19.469845,51.703]},"properties":{"lines":"93","color":"#0059a9","mode":"bus","arr":["93"],"angle":58.3,"extra":1,"ei":1,"side":-1}},{"type":"Feature","geometry":{"type":"Point","coordinates":[19.473695,51.700242]},"properties":{"lines":"93","color":"#0059a9","mode":"bus","arr":["93"],"angle":11.9,"extra":1,"ei":2,"side":-1}},{"type":"Feature","geometry":{"type":"Point","coordinates":[19.476722,51.700013]},"properties":{"lines":"93","color":"#0059a9","mode":"bus","arr":["93"],"angle":10.3,"extra":1,"ei":3}},{"type":"Feature","geometry":{"type":"Point","coordinates":[19.467341,51.708937]},"properties":{"lines":"93","color":"#0059a9","mode":"bus","arr":["93"],"angle":58.7,"mi":1}},{"type":"Feature","geometry":{"type":"Point","coordinates":[19.469025,51.707205]},"properties":{"lines":"93","color":"#0059a9","mode":"bus","arr":["93"],"angle":59.1,"extra":1,"ei":0}},{"type":"Feature","geometry":{"type":"Point","coordinates":[19.465944,51.710461]},"properties":{"lines":"93","color":"#0059a9","mode":"bus","arr":["93"],"angle":75.9,"extra":1,"ei":1}},{"type":"Feature","geometry":{"type":"Point","coordinates":[19.468833,51.705827]},"properties":{"lines":"93, H","color":"#0059a9","mode":"bus","arr":["93","H"],"angle":-28.7,"mi":2}},{"type":"Feature","geometry":{"type":"Point","coordinates":[19.479298,51.700097]},"properties":{"lines":"93, H","color":"#0059a9","mode":"bus","arr":["93","H"],"angle":-30.1,"mi":1}},{"type":"Feature","geometry":{"type":"Point","coordinates":[19.471762,51.70131]},"properties":{"lines":"93, H","color":"#0059a9","mode":"bus","arr":["93","H"],"angle":56.4}},{"type":"Feature","geometry":{"type":"Point","coordinates":[19.47748,51.700332]},"properties":{"lines":"93, H","color":"#0059a9","mode":"bus","arr":["93","H"],"angle":12.5,"extra":1,"ei":0}},{"type":"Feature","geometry":{"type":"Point","coordinates":[19.474438,51.700445]},"properties":{"lines":"93, H","color":"#0059a9","mode":"bus","arr":["93","H"],"angle":1.6,"extra":1,"ei":1}},{"type":"Feature","geometry":{"type":"Point","coordinates":[19.470241,51.702834]},"properties":{"lines":"93, H","color":"#0059a9","mode":"bus","arr":["93","H"],"angle":58.4,"extra":1,"ei":2}},{"type":"Feature","geometry":{"type":"Point","coordinates":[19.468675,51.704455]},"properties":{"lines":"93, H","color":"#0059a9","mode":"bus","arr":["93","H"],"angle":59.1,"extra":1,"ei":3}},{"type":"Feature","geometry":{"type":"Point","coordinates":[19.447691,51.727207]},"properties":{"lines":"93","color":"#0059a9","mode":"bus","arr":["93"],"angle":48.6,"side":-1}},{"type":"Feature","geometry":{"type":"Point","coordinates":[19.212423,51.75491]},"properties":{"lines":"94","color":"#0059a9","mode":"bus","arr":["94"],"angle":-56.8,"mi":1}},{"type":"Feature","geometry":{"type":"Point","coordinates":[19.211582,51.754175]},"properties":{"lines":"94","color":"#0059a9","mode":"bus","arr":["94"],"angle":-50.9,"mi":2}},{"type":"Feature","geometry":{"type":"Point","coordinates":[19.218941,51.753368]},"properties":{"lines":"94","color":"#0059a9","mode":"bus","arr":["94"],"angle":-46.8,"mi":4}},{"type":"Feature","geometry":{"type":"Point","coordinates":[19.212237,51.753259]},"properties":{"lines":"94","color":"#0059a9","mode":"bus","arr":["94"],"angle":31.9,"extra":1,"ei":0}},{"type":"Feature","geometry":{"type":"Point","coordinates":[19.214953,51.752528]},"properties":{"lines":"94","color":"#0059a9","mode":"bus","arr":["94"],"angle":-5.3,"extra":1,"ei":1}},{"type":"Feature","geometry":{"type":"Point","coordinates":[19.221212,51.755926]},"properties":{"lines":"94","color":"#0059a9","mode":"bus","arr":["94"],"angle":-77,"extra":1,"ei":2}},{"type":"Feature","geometry":{"type":"Point","coordinates":[19.221659,51.757793]},"properties":{"lines":"94","color":"#0059a9","mode":"bus","arr":["94"],"angle":-81.1,"extra":1,"ei":3}},{"type":"Feature","geometry":{"type":"Point","coordinates":[19.254245,51.75934]},"properties":{"lines":"94","color":"#0059a9","mode":"bus","arr":["94"],"angle":-2.6}},{"type":"Feature","geometry":{"type":"Point","coordinates":[19.299613,51.752752]},"properties":{"lines":"94","color":"#0059a9","mode":"bus","arr":["94"],"angle":17.9}},{"type":"Feature","geometry":{"type":"Point","coordinates":[19.223591,51.758394]},"properties":{"lines":"94","color":"#0059a9","mode":"bus","arr":["94"],"angle":-2.9,"extra":1,"ei":0}},{"type":"Feature","geometry":{"type":"Point","coordinates":[19.226639,51.758491]},"properties":{"lines":"94","color":"#0059a9","mode":"bus","arr":["94"],"angle":-2.9,"extra":1,"ei":1}},{"type":"Feature","geometry":{"type":"Point","coordinates":[19.229688,51.758588]},"properties":{"lines":"94","color":"#0059a9","mode":"bus","arr":["94"],"angle":-2.9,"extra":1,"ei":2}},{"type":"Feature","geometry":{"type":"Point","coordinates":[19.232736,51.758684]},"properties":{"lines":"94","color":"#0059a9","mode":"bus","arr":["94"],"angle":-2.9,"extra":1,"ei":3}},{"type":"Feature","geometry":{"type":"Point","coordinates":[19.235785,51.75878]},"properties":{"lines":"94","color":"#0059a9","mode":"bus","arr":["94"],"angle":-2.9,"extra":1,"ei":4}},{"type":"Feature","geometry":{"type":"Point","coordinates":[19.238833,51.758877]},"properties":{"lines":"94","color":"#0059a9","mode":"bus","arr":["94"],"angle":-2.9,"extra":1,"ei":5}},{"type":"Feature","geometry":{"type":"Point","coordinates":[19.241882,51.758971]},"properties":{"lines":"94","color":"#0059a9","mode":"bus","arr":["94"],"angle":-2.9,"extra":1,"ei":6}},{"type":"Feature","geometry":{"type":"Point","coordinates":[19.244931,51.759063]},"properties":{"lines":"94","color":"#0059a9","mode":"bus","arr":["94"],"angle":-2.5,"extra":1,"ei":7}},{"type":"Feature","geometry":{"type":"Point","coordinates":[19.24798,51.759157]},"properties":{"lines":"94","color":"#0059a9","mode":"bus","arr":["94"],"angle":-3.1,"extra":1,"ei":8}},{"type":"Feature","geometry":{"type":"Point","coordinates":[19.251028,51.759251]},"properties":{"lines":"94","color":"#0059a9","mode":"bus","arr":["94"],"angle":-2.5,"extra":1,"ei":9}},{"type":"Feature","geometry":{"type":"Point","coordinates":[19.257127,51.759421]},"properties":{"lines":"94","color":"#0059a9","mode":"bus","arr":["94"],"angle":-2.6,"extra":1,"ei":10}},{"type":"Feature","geometry":{"type":"Point","coordinates":[19.260176,51.759508]},"properties":{"lines":"94","color":"#0059a9","mode":"bus","arr":["94"],"angle":-2.6,"extra":1,"ei":11}},{"type":"Feature","geometry":{"type":"Point","coordinates":[19.263225,51.759596]},"properties":{"lines":"94","color":"#0059a9","mode":"bus","arr":["94"],"angle":-2,"extra":1,"ei":12}},{"type":"Feature","geometry":{"type":"Point","coordinates":[19.26625,51.759397]},"properties":{"lines":"94","color":"#0059a9","mode":"bus","arr":["94"],"angle":12.5,"extra":1,"ei":13}},{"type":"Feature","geometry":{"type":"Point","coordinates":[19.269169,51.758845]},"properties":{"lines":"94","color":"#0059a9","mode":"bus","arr":["94"],"angle":17.7,"extra":1,"ei":14}},{"type":"Feature","geometry":{"type":"Point","coordinates":[19.272076,51.75827]},"properties":{"lines":"94","color":"#0059a9","mode":"bus","arr":["94"],"angle":17.7,"extra":1,"ei":15}},{"type":"Feature","geometry":{"type":"Point","coordinates":[19.274982,51.757691]},"properties":{"lines":"94","color":"#0059a9","mode":"bus","arr":["94"],"angle":18,"extra":1,"ei":16}},{"type":"Feature","geometry":{"type":"Point","coordinates":[19.277885,51.757109]},"properties":{"lines":"94","color":"#0059a9","mode":"bus","arr":["94"],"angle":18,"extra":1,"ei":17}},{"type":"Feature","geometry":{"type":"Point","coordinates":[19.28079,51.756528]},"properties":{"lines":"94","color":"#0059a9","mode":"bus","arr":["94"],"angle":17.9,"extra":1,"ei":18}},{"type":"Feature","geometry":{"type":"Point","coordinates":[19.283692,51.755942]},"properties":{"lines":"94","color":"#0059a9","mode":"bus","arr":["94"],"angle":20.2,"extra":1,"ei":19}},{"type":"Feature","geometry":{"type":"Point","coordinates":[19.31199,51.750281]},"properties":{"lines":"94","color":"#0059a9","mode":"bus","arr":["94"],"angle":17.7,"extra":1,"ei":0}},{"type":"Feature","geometry":{"type":"Point","coordinates":[19.309084,51.75086]},"properties":{"lines":"94","color":"#0059a9","mode":"bus","arr":["94"],"angle":18,"extra":1,"ei":1}},{"type":"Feature","geometry":{"type":"Point","coordinates":[19.306179,51.751439]},"properties":{"lines":"94","color":"#0059a9","mode":"bus","arr":["94"],"angle":17.9,"extra":1,"ei":2}},{"type":"Feature","geometry":{"type":"Point","coordinates":[19.303275,51.75202]},"properties":{"lines":"94","color":"#0059a9","mode":"bus","arr":["94"],"angle":18,"extra":1,"ei":3}},{"type":"Feature","geometry":{"type":"Point","coordinates":[19.297466,51.753182]},"properties":{"lines":"94","color":"#0059a9","mode":"bus","arr":["94"],"angle":17.9,"extra":1,"ei":4}},{"type":"Feature","geometry":{"type":"Point","coordinates":[19.294562,51.753764]},"properties":{"lines":"94","color":"#0059a9","mode":"bus","arr":["94"],"angle":17.9,"extra":1,"ei":5}},{"type":"Feature","geometry":{"type":"Point","coordinates":[19.291658,51.754347]},"properties":{"lines":"94","color":"#0059a9","mode":"bus","arr":["94"],"angle":18.1,"extra":1,"ei":6}},{"type":"Feature","geometry":{"type":"Point","coordinates":[19.288751,51.754924]},"properties":{"lines":"94","color":"#0059a9","mode":"bus","arr":["94"],"angle":17.3,"extra":1,"ei":7}},{"type":"Feature","geometry":{"type":"Point","coordinates":[19.285862,51.755514]},"properties":{"lines":"94","color":"#0059a9","mode":"bus","arr":["94"],"angle":30.5,"extra":1,"ei":8}},{"type":"Feature","geometry":{"type":"Point","coordinates":[19.319472,51.748804]},"properties":{"lines":"94, N9, Z43","color":"#0059a9","mode":"bus","arr":["94","N9","Z43"],"angle":17.5}},{"type":"Feature","geometry":{"type":"Point","coordinates":[19.3149,51.749711]},"properties":{"lines":"94, N9, Z43","color":"#0059a9","mode":"bus","arr":["94","N9","Z43"],"angle":17.8,"extra":1,"ei":0}},{"type":"Feature","geometry":{"type":"Point","coordinates":[19.323619,51.747979]},"properties":{"lines":"94, N9, Z43","color":"#0059a9","mode":"bus","arr":["94","N9","Z43"],"angle":17.9,"extra":1,"ei":1}},{"type":"Feature","geometry":{"type":"Point","coordinates":[19.324371,51.745489]},"properties":{"lines":"94","color":"#0059a9","mode":"bus","arr":["94"],"angle":-72.2,"mi":2}},{"type":"Feature","geometry":{"type":"Point","coordinates":[19.325009,51.7467]},"properties":{"lines":"94","color":"#0059a9","mode":"bus","arr":["94"],"angle":-71.5,"extra":1,"ei":0}},{"type":"Feature","geometry":{"type":"Point","coordinates":[19.32806,51.742431]},"properties":{"lines":"94","color":"#0059a9","mode":"bus","arr":["94"],"angle":17.9,"mi":1}},{"type":"Feature","geometry":{"type":"Point","coordinates":[19.324687,51.743103]},"properties":{"lines":"94","color":"#0059a9","mode":"bus","arr":["94"],"angle":17.4,"extra":1,"ei":0}},{"type":"Feature","geometry":{"type":"Point","coordinates":[19.330495,51.741938]},"properties":{"lines":"94","color":"#0059a9","mode":"bus","arr":["94"],"angle":17.9,"extra":1,"ei":1}},{"type":"Feature","geometry":{"type":"Point","coordinates":[19.337452,51.737498]},"properties":{"lines":"94","color":"#0059a9","mode":"bus","arr":["94"],"angle":54}},{"type":"Feature","geometry":{"type":"Point","coordinates":[19.333751,51.740646]},"properties":{"lines":"94","color":"#0059a9","mode":"bus","arr":["94"],"angle":54.1,"extra":1,"ei":0}},{"type":"Feature","geometry":{"type":"Point","coordinates":[19.335547,51.739119]},"properties":{"lines":"94","color":"#0059a9","mode":"bus","arr":["94"],"angle":54,"extra":1,"ei":1}},{"type":"Feature","geometry":{"type":"Point","coordinates":[19.339139,51.736065]},"properties":{"lines":"94","color":"#0059a9","mode":"bus","arr":["94"],"angle":53.9,"extra":1,"ei":2}},{"type":"Feature","geometry":{"type":"Point","coordinates":[19.340932,51.734537]},"properties":{"lines":"94","color":"#0059a9","mode":"bus","arr":["94"],"angle":54,"extra":1,"ei":3}},{"type":"Feature","geometry":{"type":"Point","coordinates":[19.345756,51.730573]},"properties":{"lines":"94","color":"#0059a9","mode":"bus","arr":["94"],"angle":56.1,"mi":3}},{"type":"Feature","geometry":{"type":"Point","coordinates":[19.343178,51.732948]},"properties":{"lines":"94","color":"#0059a9","mode":"bus","arr":["94"],"angle":56.1,"extra":1,"ei":0}},{"type":"Feature","geometry":{"type":"Point","coordinates":[19.348363,51.728279]},"properties":{"lines":"94","color":"#0059a9","mode":"bus","arr":["94"],"angle":53.8,"extra":1,"ei":1}},{"type":"Feature","geometry":{"type":"Point","coordinates":[19.214135,51.762773]},"properties":{"lines":"94","color":"#0059a9","mode":"bus","arr":["94"],"angle":48.3}},{"type":"Feature","geometry":{"type":"Point","coordinates":[19.221154,51.759065]},"properties":{"lines":"94","color":"#0059a9","mode":"bus","arr":["94"],"angle":37.3,"extra":1,"ei":0}},{"type":"Feature","geometry":{"type":"Point","coordinates":[19.218446,51.7599]},"properties":{"lines":"94","color":"#0059a9","mode":"bus","arr":["94"],"angle":50.7,"extra":1,"ei":1}},{"type":"Feature","geometry":{"type":"Point","coordinates":[19.216749,51.761459]},"properties":{"lines":"94","color":"#0059a9","mode":"bus","arr":["94"],"angle":44.6,"extra":1,"ei":2}},{"type":"Feature","geometry":{"type":"Point","coordinates":[19.212427,51.764085]},"properties":{"lines":"94","color":"#0059a9","mode":"bus","arr":["94"],"angle":51.4,"extra":1,"ei":3}},{"type":"Feature","geometry":{"type":"Point","coordinates":[19.210501,51.76555]},"properties":{"lines":"94","color":"#0059a9","mode":"bus","arr":["94"],"angle":50.7,"extra":1,"ei":4}},{"type":"Feature","geometry":{"type":"Point","coordinates":[19.20858,51.767018]},"properties":{"lines":"94","color":"#0059a9","mode":"bus","arr":["94"],"angle":51.1,"extra":1,"ei":5}},{"type":"Feature","geometry":{"type":"Point","coordinates":[19.206512,51.768067]},"properties":{"lines":"94","color":"#0059a9","mode":"bus","arr":["94"],"angle":0.6,"mi":3}},{"type":"Feature","geometry":{"type":"Point","coordinates":[19.204191,51.768545]},"properties":{"lines":"94","color":"#0059a9","mode":"bus","arr":["94"],"angle":-43.7,"mi":5}},{"type":"Feature","geometry":{"type":"Point","coordinates":[19.414618,51.793457]},"properties":{"lines":"96, N1A, N1B","color":"#0059a9","mode":"bus","arr":["96","N1A","N1B"],"angle":18,"mi":1}},{"type":"Feature","geometry":{"type":"Point","coordinates":[19.419714,51.792653]},"properties":{"lines":"96, N1A, N1B","color":"#0059a9","mode":"bus","arr":["96","N1A","N1B"],"angle":2.2,"extra":1,"ei":0}},{"type":"Feature","geometry":{"type":"Point","coordinates":[19.416738,51.793035]},"properties":{"lines":"96, N1A, N1B","color":"#0059a9","mode":"bus","arr":["96","N1A","N1B"],"angle":16.9,"extra":1,"ei":1}},{"type":"Feature","geometry":{"type":"Point","coordinates":[19.410938,51.794213]},"properties":{"lines":"96, N1A, N1B","color":"#0059a9","mode":"bus","arr":["96","N1A","N1B"],"angle":21.8,"extra":1,"ei":2}},{"type":"Feature","geometry":{"type":"Point","coordinates":[19.431465,51.78688]},"properties":{"lines":"96, N1A, N1B","color":"#0059a9","mode":"bus","arr":["96","N1A","N1B"],"angle":27.4,"mi":2}},{"type":"Feature","geometry":{"type":"Point","coordinates":[19.429533,51.787499]},"properties":{"lines":"96, N1A, N1B","color":"#0059a9","mode":"bus","arr":["96","N1A","N1B"],"angle":27.2,"extra":1,"ei":0}},{"type":"Feature","geometry":{"type":"Point","coordinates":[19.472258,51.774135]},"properties":{"lines":"96","color":"#0059a9","mode":"bus","arr":["96"],"angle":-7.9}},{"type":"Feature","geometry":{"type":"Point","coordinates":[19.467663,51.773737]},"properties":{"lines":"96, N4A, N4B, Z13","color":"#0059a9","mode":"bus","arr":["96","N4A","N4B","Z13"],"angle":-8.1}},{"type":"Feature","geometry":{"type":"Point","coordinates":[19.421938,51.79221]},"properties":{"lines":"96","color":"#0059a9","mode":"bus","arr":["96"],"angle":-73.3}},{"type":"Feature","geometry":{"type":"Point","coordinates":[19.421658,51.792549]},"properties":{"lines":"96, N1A, N1B","color":"#0059a9","mode":"bus","arr":["96","N1A","N1B"],"angle":19}},{"type":"Feature","geometry":{"type":"Point","coordinates":[19.421165,51.745773]},"properties":{"lines":"97A, 97B","color":"#0059a9","mode":"bus","arr":["97A","97B"],"angle":-1.2,"side":-1,"mi":1}},{"type":"Feature","geometry":{"type":"Point","coordinates":[19.421661,51.745763]},"properties":{"lines":"97A, 97B","color":"#0059a9","mode":"bus","arr":["97A","97B"],"angle":30.2}},{"type":"Feature","geometry":{"type":"Point","coordinates":[19.429328,51.749124]},"properties":{"lines":"97A, 97B","color":"#0059a9","mode":"bus","arr":["97A","97B"],"angle":-56.4,"mi":2}},{"type":"Feature","geometry":{"type":"Point","coordinates":[19.423529,51.745597]},"properties":{"lines":"97A, 97B","color":"#0059a9","mode":"bus","arr":["97A","97B"],"angle":-33.1,"extra":1,"ei":0}},{"type":"Feature","geometry":{"type":"Point","coordinates":[19.425957,51.746737]},"properties":{"lines":"97A, 97B","color":"#0059a9","mode":"bus","arr":["97A","97B"],"angle":-41.5,"extra":1,"ei":1}},{"type":"Feature","geometry":{"type":"Point","coordinates":[19.42808,51.748092]},"properties":{"lines":"97A, 97B","color":"#0059a9","mode":"bus","arr":["97A","97B"],"angle":-50,"extra":1,"ei":2}},{"type":"Feature","geometry":{"type":"Point","coordinates":[19.431005,51.751372]},"properties":{"lines":"97A, 97B","color":"#0059a9","mode":"bus","arr":["97A","97B"],"angle":-75.8,"extra":1,"ei":3}},{"type":"Feature","geometry":{"type":"Point","coordinates":[19.431234,51.753245]},"properties":{"lines":"97A, 97B","color":"#0059a9","mode":"bus","arr":["97A","97B"],"angle":84.9,"extra":1,"ei":4}},{"type":"Feature","geometry":{"type":"Point","coordinates":[19.427473,51.769911]},"properties":{"lines":"97A, 97B","color":"#0059a9","mode":"bus","arr":["97A","97B"],"angle":-20.7}},{"type":"Feature","geometry":{"type":"Point","coordinates":[19.42636,51.769651]},"properties":{"lines":"97A, 97B, Z43","color":"#0059a9","mode":"bus","arr":["97A","97B","Z43"],"angle":-20.7}},{"type":"Feature","geometry":{"type":"Point","coordinates":[19.368105,51.781575]},"properties":{"lines":"97A, 97B","color":"#0059a9","mode":"bus","arr":["97A","97B"],"angle":13.4}},{"type":"Feature","geometry":{"type":"Point","coordinates":[19.38712,51.778677]},"properties":{"lines":"97A, 97B","color":"#0059a9","mode":"bus","arr":["97A","97B"],"angle":12.8,"extra":1,"ei":0}},{"type":"Feature","geometry":{"type":"Point","coordinates":[19.38415,51.779114]},"properties":{"lines":"97A, 97B","color":"#0059a9","mode":"bus","arr":["97A","97B"],"angle":14.3,"extra":1,"ei":1}},{"type":"Feature","geometry":{"type":"Point","coordinates":[19.381188,51.77957]},"properties":{"lines":"97A, 97B","color":"#0059a9","mode":"bus","arr":["97A","97B"],"angle":13.7,"extra":1,"ei":2}},{"type":"Feature","geometry":{"type":"Point","coordinates":[19.378225,51.780024]},"properties":{"lines":"97A, 97B","color":"#0059a9","mode":"bus","arr":["97A","97B"],"angle":13.8,"extra":1,"ei":3}},{"type":"Feature","geometry":{"type":"Point","coordinates":[19.375265,51.780484]},"properties":{"lines":"97A, 97B","color":"#0059a9","mode":"bus","arr":["97A","97B"],"angle":13,"extra":1,"ei":4}},{"type":"Feature","geometry":{"type":"Point","coordinates":[19.372305,51.780945]},"properties":{"lines":"97A, 97B","color":"#0059a9","mode":"bus","arr":["97A","97B"],"angle":13.9,"extra":1,"ei":5}},{"type":"Feature","geometry":{"type":"Point","coordinates":[19.363406,51.782231]},"properties":{"lines":"97A, 97B","color":"#0059a9","mode":"bus","arr":["97A","97B"],"angle":-22.4,"extra":1,"ei":6}},{"type":"Feature","geometry":{"type":"Point","coordinates":[19.360523,51.782221]},"properties":{"lines":"97A, 97B","color":"#0059a9","mode":"bus","arr":["97A","97B"],"angle":7.6,"extra":1,"ei":7}},{"type":"Feature","geometry":{"type":"Point","coordinates":[19.357493,51.782452]},"properties":{"lines":"97A, 97B","color":"#0059a9","mode":"bus","arr":["97A","97B"],"angle":6.8,"extra":1,"ei":8}},{"type":"Feature","geometry":{"type":"Point","coordinates":[19.354461,51.782671]},"properties":{"lines":"97A, 97B","color":"#0059a9","mode":"bus","arr":["97A","97B"],"angle":6.4,"extra":1,"ei":9}},{"type":"Feature","geometry":{"type":"Point","coordinates":[19.351424,51.782859]},"properties":{"lines":"97A, 97B","color":"#0059a9","mode":"bus","arr":["97A","97B"],"angle":4.8,"extra":1,"ei":10}},{"type":"Feature","geometry":{"type":"Point","coordinates":[19.348382,51.783011]},"properties":{"lines":"97A, 97B","color":"#0059a9","mode":"bus","arr":["97A","97B"],"angle":5,"extra":1,"ei":11}},{"type":"Feature","geometry":{"type":"Point","coordinates":[19.350782,51.78642]},"properties":{"lines":"97A","color":"#0059a9","mode":"bus","arr":["97A"],"angle":-57.6}},{"type":"Feature","geometry":{"type":"Point","coordinates":[19.348196,51.783893]},"properties":{"lines":"97A","color":"#0059a9","mode":"bus","arr":["97A"],"angle":-57.8,"extra":1,"ei":0}},{"type":"Feature","geometry":{"type":"Point","coordinates":[19.35306,51.788693]},"properties":{"lines":"97A","color":"#0059a9","mode":"bus","arr":["97A"],"angle":-59.4,"extra":1,"ei":1}},{"type":"Feature","geometry":{"type":"Point","coordinates":[19.337511,51.790316]},"properties":{"lines":"97A","color":"#0059a9","mode":"bus","arr":["97A"],"angle":-4.5}},{"type":"Feature","geometry":{"type":"Point","coordinates":[19.322452,51.789614]},"properties":{"lines":"97A","color":"#0059a9","mode":"bus","arr":["97A"],"angle":-4.7,"extra":1,"ei":0}},{"type":"Feature","geometry":{"type":"Point","coordinates":[19.325495,51.78976]},"properties":{"lines":"97A","color":"#0059a9","mode":"bus","arr":["97A"],"angle":-4.3,"extra":1,"ei":1}},{"type":"Feature","geometry":{"type":"Point","coordinates":[19.328539,51.789903]},"properties":{"lines":"97A","color":"#0059a9","mode":"bus","arr":["97A"],"angle":-4.4,"extra":1,"ei":2}},{"type":"Feature","geometry":{"type":"Point","coordinates":[19.331583,51.790043]},"properties":{"lines":"97A","color":"#0059a9","mode":"bus","arr":["97A"],"angle":-4.3,"extra":1,"ei":3}},{"type":"Feature","geometry":{"type":"Point","coordinates":[19.334627,51.79018]},"properties":{"lines":"97A","color":"#0059a9","mode":"bus","arr":["97A"],"angle":-4.2,"extra":1,"ei":4}},{"type":"Feature","geometry":{"type":"Point","coordinates":[19.340714,51.790476]},"properties":{"lines":"97A","color":"#0059a9","mode":"bus","arr":["97A"],"angle":-3.8,"extra":1,"ei":5}},{"type":"Feature","geometry":{"type":"Point","coordinates":[19.343763,51.790507]},"properties":{"lines":"97A","color":"#0059a9","mode":"bus","arr":["97A"],"angle":2.7,"extra":1,"ei":6}},{"type":"Feature","geometry":{"type":"Point","coordinates":[19.346807,51.790372]},"properties":{"lines":"97A","color":"#0059a9","mode":"bus","arr":["97A"],"angle":5,"extra":1,"ei":7}},{"type":"Feature","geometry":{"type":"Point","coordinates":[19.349846,51.79019]},"properties":{"lines":"97A","color":"#0059a9","mode":"bus","arr":["97A"],"angle":5.9,"extra":1,"ei":8}},{"type":"Feature","geometry":{"type":"Point","coordinates":[19.352883,51.790004]},"properties":{"lines":"97A","color":"#0059a9","mode":"bus","arr":["97A"],"angle":5.9,"extra":1,"ei":9}},{"type":"Feature","geometry":{"type":"Point","coordinates":[19.321967,51.795737]},"properties":{"lines":"97A","color":"#0059a9","mode":"bus","arr":["97A"],"angle":-82.4}},{"type":"Feature","geometry":{"type":"Point","coordinates":[19.323056,51.80098]},"properties":{"lines":"97A","color":"#0059a9","mode":"bus","arr":["97A"],"angle":-82.8,"extra":1,"ei":0}},{"type":"Feature","geometry":{"type":"Point","coordinates":[19.322675,51.799106]},"properties":{"lines":"97A","color":"#0059a9","mode":"bus","arr":["97A"],"angle":-82.9,"extra":1,"ei":1}},{"type":"Feature","geometry":{"type":"Point","coordinates":[19.322286,51.797233]},"properties":{"lines":"97A","color":"#0059a9","mode":"bus","arr":["97A"],"angle":-82.4,"extra":1,"ei":2}},{"type":"Feature","geometry":{"type":"Point","coordinates":[19.32149,51.793488]},"properties":{"lines":"97A","color":"#0059a9","mode":"bus","arr":["97A"],"angle":-82.6,"extra":1,"ei":3}},{"type":"Feature","geometry":{"type":"Point","coordinates":[19.321109,51.791614]},"properties":{"lines":"97A","color":"#0059a9","mode":"bus","arr":["97A"],"angle":-83,"extra":1,"ei":4}},{"type":"Feature","geometry":{"type":"Point","coordinates":[19.320713,51.789743]},"properties":{"lines":"97A","color":"#0059a9","mode":"bus","arr":["97A"],"angle":-80.1,"extra":1,"ei":5}},{"type":"Feature","geometry":{"type":"Point","coordinates":[19.322297,51.805303]},"properties":{"lines":"97A","color":"#0059a9","mode":"bus","arr":["97A"],"angle":70.9}},{"type":"Feature","geometry":{"type":"Point","coordinates":[19.321078,51.807471]},"properties":{"lines":"97A","color":"#0059a9","mode":"bus","arr":["97A"],"angle":70.9,"extra":1,"ei":0}},{"type":"Feature","geometry":{"type":"Point","coordinates":[19.32305,51.803897]},"properties":{"lines":"97A","color":"#0059a9","mode":"bus","arr":["97A"],"angle":70.2,"extra":1,"ei":1}},{"type":"Feature","geometry":{"type":"Point","coordinates":[19.310483,51.81445]},"properties":{"lines":"97A","color":"#0059a9","mode":"bus","arr":["97A"],"angle":19,"mi":6}},{"type":"Feature","geometry":{"type":"Point","coordinates":[19.317472,51.812979]},"properties":{"lines":"97A","color":"#0059a9","mode":"bus","arr":["97A"],"angle":19.1,"extra":1,"ei":0}},{"type":"Feature","geometry":{"type":"Point","coordinates":[19.314584,51.813592]},"properties":{"lines":"97A","color":"#0059a9","mode":"bus","arr":["97A"],"angle":19.4,"extra":1,"ei":1}},{"type":"Feature","geometry":{"type":"Point","coordinates":[19.305909,51.815405]},"properties":{"lines":"97A","color":"#0059a9","mode":"bus","arr":["97A"],"angle":18.6,"extra":1,"ei":2}},{"type":"Feature","geometry":{"type":"Point","coordinates":[19.303022,51.816019]},"properties":{"lines":"97A","color":"#0059a9","mode":"bus","arr":["97A"],"angle":18.6,"extra":1,"ei":3}},{"type":"Feature","geometry":{"type":"Point","coordinates":[19.29886,51.816908]},"properties":{"lines":"97A","color":"#0059a9","mode":"bus","arr":["97A"],"angle":19,"mi":4}},{"type":"Feature","geometry":{"type":"Point","coordinates":[19.29758,51.821068]},"properties":{"lines":"97A","color":"#0059a9","mode":"bus","arr":["97A"],"angle":-71.8,"mi":2}},{"type":"Feature","geometry":{"type":"Point","coordinates":[19.296167,51.818485]},"properties":{"lines":"97A","color":"#0059a9","mode":"bus","arr":["97A"],"angle":-71.1,"extra":1,"ei":0}},{"type":"Feature","geometry":{"type":"Point","coordinates":[19.29908,51.823856]},"properties":{"lines":"97A","color":"#0059a9","mode":"bus","arr":["97A"],"angle":-71.5,"extra":1,"ei":1}},{"type":"Feature","geometry":{"type":"Point","coordinates":[19.302683,51.823871]},"properties":{"lines":"97A","color":"#0059a9","mode":"bus","arr":["97A"],"angle":18.8,"mi":3}},{"type":"Feature","geometry":{"type":"Point","coordinates":[19.306106,51.826427]},"properties":{"lines":"97A","color":"#0059a9","mode":"bus","arr":["97A"],"angle":49.6,"mi":5}},{"type":"Feature","geometry":{"type":"Point","coordinates":[19.299436,51.820326]},"properties":{"lines":"97A","color":"#0059a9","mode":"bus","arr":["97A"],"angle":18.7,"mi":1}},{"type":"Feature","geometry":{"type":"Point","coordinates":[19.302625,51.819658]},"properties":{"lines":"97A","color":"#0059a9","mode":"bus","arr":["97A"],"angle":19.1}},{"type":"Feature","geometry":{"type":"Point","coordinates":[19.344589,51.780368]},"properties":{"lines":"97B","color":"#0059a9","mode":"bus","arr":["97B"],"angle":-57.7,"mi":1}},{"type":"Feature","geometry":{"type":"Point","coordinates":[19.346561,51.782298]},"properties":{"lines":"97B","color":"#0059a9","mode":"bus","arr":["97B"],"angle":-57.6,"extra":1,"ei":0}},{"type":"Feature","geometry":{"type":"Point","coordinates":[19.343299,51.779105]},"properties":{"lines":"97B","color":"#0059a9","mode":"bus","arr":["97B"],"angle":-57.7,"extra":1,"ei":1}},{"type":"Feature","geometry":{"type":"Point","coordinates":[19.339953,51.775844]},"properties":{"lines":"97B","color":"#0059a9","mode":"bus","arr":["97B"],"angle":-57.3}},{"type":"Feature","geometry":{"type":"Point","coordinates":[19.340979,51.776845]},"properties":{"lines":"97B","color":"#0059a9","mode":"bus","arr":["97B"],"angle":-57.6,"extra":1,"ei":0}},{"type":"Feature","geometry":{"type":"Point","coordinates":[19.326943,51.774241]},"properties":{"lines":"97B","color":"#0059a9","mode":"bus","arr":["97B"],"angle":-3.1,"mi":2}},{"type":"Feature","geometry":{"type":"Point","coordinates":[19.337167,51.774726]},"properties":{"lines":"97B","color":"#0059a9","mode":"bus","arr":["97B"],"angle":15.3,"extra":1,"ei":0}},{"type":"Feature","geometry":{"type":"Point","coordinates":[19.334126,51.774595]},"properties":{"lines":"97B","color":"#0059a9","mode":"bus","arr":["97B"],"angle":-4.8,"extra":1,"ei":1}},{"type":"Feature","geometry":{"type":"Point","coordinates":[19.331083,51.774441]},"properties":{"lines":"97B","color":"#0059a9","mode":"bus","arr":["97B"],"angle":-4.6,"extra":1,"ei":2}},{"type":"Feature","geometry":{"type":"Point","coordinates":[19.324992,51.774205]},"properties":{"lines":"97B","color":"#0059a9","mode":"bus","arr":["97B"],"angle":-1.7,"extra":1,"ei":3}},{"type":"Feature","geometry":{"type":"Point","coordinates":[19.321941,51.774143]},"properties":{"lines":"97B","color":"#0059a9","mode":"bus","arr":["97B"],"angle":-1.8,"extra":1,"ei":4}},{"type":"Feature","geometry":{"type":"Point","coordinates":[19.31889,51.7741]},"properties":{"lines":"97B","color":"#0059a9","mode":"bus","arr":["97B"],"angle":1.8,"extra":1,"ei":5}},{"type":"Feature","geometry":{"type":"Point","coordinates":[19.31584,51.774176]},"properties":{"lines":"97B","color":"#0059a9","mode":"bus","arr":["97B"],"angle":2.3,"extra":1,"ei":6}},{"type":"Feature","geometry":{"type":"Point","coordinates":[19.383014,51.742653]},"properties":{"lines":"99, N2","color":"#0059a9","mode":"bus","arr":["99","N2"],"angle":75.8}},{"type":"Feature","geometry":{"type":"Point","coordinates":[19.43868,51.768103]},"properties":{"lines":"99, N9","color":"#0059a9","mode":"bus","arr":["99","N9"],"angle":82.2}},{"type":"Feature","geometry":{"type":"Point","coordinates":[19.438284,51.770009]},"properties":{"lines":"99","color":"#0059a9","mode":"bus","arr":["99"],"angle":82.7}},{"type":"Feature","geometry":{"type":"Point","coordinates":[19.429182,51.789131]},"properties":{"lines":"99, N1A, N1B","color":"#0059a9","mode":"bus","arr":["99","N1A","N1B"],"angle":-62.6}},{"type":"Feature","geometry":{"type":"Point","coordinates":[19.432971,51.807578]},"properties":{"lines":"99","color":"#0059a9","mode":"bus","arr":["99"],"angle":17.7,"mi":1}},{"type":"Feature","geometry":{"type":"Point","coordinates":[19.426095,51.808942]},"properties":{"lines":"99","color":"#0059a9","mode":"bus","arr":["99"],"angle":-8.6}},{"type":"Feature","geometry":{"type":"Point","coordinates":[19.438294,51.806535]},"properties":{"lines":"99","color":"#0059a9","mode":"bus","arr":["99"],"angle":18.6,"extra":1,"ei":0}},{"type":"Feature","geometry":{"type":"Point","coordinates":[19.435386,51.807109]},"properties":{"lines":"99","color":"#0059a9","mode":"bus","arr":["99"],"angle":17.7,"extra":1,"ei":1}},{"type":"Feature","geometry":{"type":"Point","coordinates":[19.429568,51.808251]},"properties":{"lines":"99","color":"#0059a9","mode":"bus","arr":["99"],"angle":17.7,"extra":1,"ei":2}},{"type":"Feature","geometry":{"type":"Point","coordinates":[19.419046,51.817787]},"properties":{"lines":"99","color":"#0059a9","mode":"bus","arr":["99"],"angle":72.6}},{"type":"Feature","geometry":{"type":"Point","coordinates":[19.450984,51.778547]},"properties":{"lines":"100","color":"#0059a9","mode":"bus","arr":["100"],"angle":-8.6}},{"type":"Feature","geometry":{"type":"Point","coordinates":[19.473058,51.767238]},"properties":{"lines":"101","color":"#0059a9","mode":"bus","arr":["101"],"angle":-84.4,"mi":1}},{"type":"Feature","geometry":{"type":"Point","coordinates":[19.473154,51.767863]},"properties":{"lines":"101, N8","color":"#0059a9","mode":"bus","arr":["101","N8"],"angle":-89.5}},{"type":"Feature","geometry":{"type":"Point","coordinates":[19.469733,51.76686]},"properties":{"lines":"101","color":"#0059a9","mode":"bus","arr":["101"],"angle":74.2}},{"type":"Feature","geometry":{"type":"Point","coordinates":[19.466847,51.768117]},"properties":{"lines":"101","color":"#0059a9","mode":"bus","arr":["101"],"angle":-8.4,"mi":4}},{"type":"Feature","geometry":{"type":"Point","coordinates":[19.466291,51.767142]},"properties":{"lines":"101","color":"#0059a9","mode":"bus","arr":["101"],"angle":-9,"mi":3}},{"type":"Feature","geometry":{"type":"Point","coordinates":[19.460431,51.750646]},"properties":{"lines":"101, N6, Z11","color":"#0059a9","mode":"bus","arr":["101","N6","Z11"],"angle":82.3}},{"type":"Feature","geometry":{"type":"Point","coordinates":[19.460172,51.751827]},"properties":{"lines":"101, N6, Z11","color":"#0059a9","mode":"bus","arr":["101","N6","Z11"],"angle":82.3,"extra":1,"ei":0}},{"type":"Feature","geometry":{"type":"Point","coordinates":[19.462484,51.748937]},"properties":{"lines":"101","color":"#0059a9","mode":"bus","arr":["101"],"angle":-22}},{"type":"Feature","geometry":{"type":"Point","coordinates":[19.48287,51.756037]},"properties":{"lines":"101, N8","color":"#0059a9","mode":"bus","arr":["101","N8"],"angle":68.9}},{"type":"Feature","geometry":{"type":"Point","coordinates":[19.473255,51.75784]},"properties":{"lines":"101","color":"#0059a9","mode":"bus","arr":["101"],"angle":82.4,"mi":6}},{"type":"Feature","geometry":{"type":"Point","coordinates":[19.476904,51.760033]},"properties":{"lines":"101","color":"#0059a9","mode":"bus","arr":["101"],"angle":-68,"mi":5}},{"type":"Feature","geometry":{"type":"Point","coordinates":[19.538033,51.762031]},"properties":{"lines":"201, 202","color":"#0059a9","mode":"bus","arr":["201","202"],"angle":74.3,"side":-1}},{"type":"Feature","geometry":{"type":"Point","coordinates":[19.643375,51.730657]},"properties":{"lines":"201","color":"#0059a9","mode":"bus","arr":["201"],"angle":-72.9,"mi":3}},{"type":"Feature","geometry":{"type":"Point","coordinates":[19.639673,51.726092]},"properties":{"lines":"201","color":"#0059a9","mode":"bus","arr":["201"],"angle":-49.5,"extra":1,"ei":0}},{"type":"Feature","geometry":{"type":"Point","coordinates":[19.641679,51.727515]},"properties":{"lines":"201","color":"#0059a9","mode":"bus","arr":["201"],"angle":-53.1,"extra":1,"ei":1}},{"type":"Feature","geometry":{"type":"Point","coordinates":[19.64269,51.729285]},"properties":{"lines":"201","color":"#0059a9","mode":"bus","arr":["201"],"angle":-72.9,"extra":1,"ei":2}},{"type":"Feature","geometry":{"type":"Point","coordinates":[19.644487,51.732895]},"properties":{"lines":"201","color":"#0059a9","mode":"bus","arr":["201"],"angle":-72.9,"extra":1,"ei":3}},{"type":"Feature","geometry":{"type":"Point","coordinates":[19.64539,51.734699]},"properties":{"lines":"201","color":"#0059a9","mode":"bus","arr":["201"],"angle":-72.5,"extra":1,"ei":4}},{"type":"Feature","geometry":{"type":"Point","coordinates":[19.646547,51.736409]},"properties":{"lines":"201","color":"#0059a9","mode":"bus","arr":["201"],"angle":-40.8,"extra":1,"ei":5}},{"type":"Feature","geometry":{"type":"Point","coordinates":[19.641024,51.737499]},"properties":{"lines":"201","color":"#0059a9","mode":"bus","arr":["201"],"angle":18.1}},{"type":"Feature","geometry":{"type":"Point","coordinates":[19.645224,51.736816]},"properties":{"lines":"201","color":"#0059a9","mode":"bus","arr":["201"],"angle":16,"extra":1,"ei":0}},{"type":"Feature","geometry":{"type":"Point","coordinates":[19.63644,51.738405]},"properties":{"lines":"201","color":"#0059a9","mode":"bus","arr":["201"],"angle":17.3,"extra":1,"ei":1}},{"type":"Feature","geometry":{"type":"Point","coordinates":[19.634978,51.737818]},"properties":{"lines":"201","color":"#0059a9","mode":"bus","arr":["201"],"angle":-70.5,"mi":2}},{"type":"Feature","geometry":{"type":"Point","coordinates":[19.634644,51.736951]},"properties":{"lines":"201","color":"#0059a9","mode":"bus","arr":["201"],"angle":-31.3,"side":-1,"mi":1}},{"type":"Feature","geometry":{"type":"Point","coordinates":[19.649209,51.716376]},"properties":{"lines":"202","color":"#0059a9","mode":"bus","arr":["202"],"angle":-26.5}},{"type":"Feature","geometry":{"type":"Point","coordinates":[19.645034,51.721405]},"properties":{"lines":"202","color":"#0059a9","mode":"bus","arr":["202"],"angle":64.5,"mi":1}},{"type":"Feature","geometry":{"type":"Point","coordinates":[19.63979,51.724758]},"properties":{"lines":"202","color":"#0059a9","mode":"bus","arr":["202"],"angle":42.4,"extra":1,"ei":0}},{"type":"Feature","geometry":{"type":"Point","coordinates":[19.642039,51.723481]},"properties":{"lines":"202","color":"#0059a9","mode":"bus","arr":["202"],"angle":42,"extra":1,"ei":1}},{"type":"Feature","geometry":{"type":"Point","coordinates":[19.646981,51.718821]},"properties":{"lines":"202","color":"#0059a9","mode":"bus","arr":["202"],"angle":64.7,"extra":1,"ei":2}},{"type":"Feature","geometry":{"type":"Point","coordinates":[19.653318,51.711598]},"properties":{"lines":"202","color":"#0059a9","mode":"bus","arr":["202"],"angle":64.5,"extra":1,"ei":0}},{"type":"Feature","geometry":{"type":"Point","coordinates":[19.651992,51.713299]},"properties":{"lines":"202","color":"#0059a9","mode":"bus","arr":["202"],"angle":64.1,"extra":1,"ei":1}},{"type":"Feature","geometry":{"type":"Point","coordinates":[19.650672,51.715002]},"properties":{"lines":"202","color":"#0059a9","mode":"bus","arr":["202"],"angle":64.2,"extra":1,"ei":2}},{"type":"Feature","geometry":{"type":"Point","coordinates":[19.65362,51.710631]},"properties":{"lines":"202","color":"#0059a9","mode":"bus","arr":["202"],"angle":-26.4,"mi":3}},{"type":"Feature","geometry":{"type":"Point","coordinates":[19.653302,51.723361]},"properties":{"lines":"202","color":"#0059a9","mode":"bus","arr":["202"],"angle":-10.9,"mi":2}},{"type":"Feature","geometry":{"type":"Point","coordinates":[19.645653,51.722478]},"properties":{"lines":"202","color":"#0059a9","mode":"bus","arr":["202"],"angle":-10.7,"extra":1,"ei":0}},{"type":"Feature","geometry":{"type":"Point","coordinates":[19.648655,51.72282]},"properties":{"lines":"202","color":"#0059a9","mode":"bus","arr":["202"],"angle":-10.7,"extra":1,"ei":1}},{"type":"Feature","geometry":{"type":"Point","coordinates":[19.657555,51.724094]},"properties":{"lines":"202","color":"#0059a9","mode":"bus","arr":["202"],"angle":-27.7,"extra":1,"ei":2}},{"type":"Feature","geometry":{"type":"Point","coordinates":[19.660128,51.725109]},"properties":{"lines":"202","color":"#0059a9","mode":"bus","arr":["202"],"angle":-33.8,"extra":1,"ei":3}},{"type":"Feature","geometry":{"type":"Point","coordinates":[19.670495,51.730265]},"properties":{"lines":"202","color":"#0059a9","mode":"bus","arr":["202"],"angle":6.3}},{"type":"Feature","geometry":{"type":"Point","coordinates":[19.662782,51.726372]},"properties":{"lines":"202","color":"#0059a9","mode":"bus","arr":["202"],"angle":-39.9,"extra":1,"ei":0}},{"type":"Feature","geometry":{"type":"Point","coordinates":[19.665113,51.727591]},"properties":{"lines":"202","color":"#0059a9","mode":"bus","arr":["202"],"angle":-40.3,"extra":1,"ei":1}},{"type":"Feature","geometry":{"type":"Point","coordinates":[19.667442,51.728813]},"properties":{"lines":"202","color":"#0059a9","mode":"bus","arr":["202"],"angle":-40.3,"extra":1,"ei":2}},{"type":"Feature","geometry":{"type":"Point","coordinates":[19.672214,51.72941]},"properties":{"lines":"202","color":"#0059a9","mode":"bus","arr":["202"],"angle":40.3,"extra":1,"ei":3}},{"type":"Feature","geometry":{"type":"Point","coordinates":[19.674736,51.728351]},"properties":{"lines":"202","color":"#0059a9","mode":"bus","arr":["202"],"angle":32.1,"extra":1,"ei":4}},{"type":"Feature","geometry":{"type":"Point","coordinates":[19.677398,51.727431]},"properties":{"lines":"202","color":"#0059a9","mode":"bus","arr":["202"],"angle":26.3,"extra":1,"ei":5}},{"type":"Feature","geometry":{"type":"Point","coordinates":[19.680091,51.726542]},"properties":{"lines":"202","color":"#0059a9","mode":"bus","arr":["202"],"angle":28.6,"extra":1,"ei":6}},{"type":"Feature","geometry":{"type":"Point","coordinates":[19.684177,51.735978]},"properties":{"lines":"202","color":"#0059a9","mode":"bus","arr":["202"],"angle":69.8}},{"type":"Feature","geometry":{"type":"Point","coordinates":[19.681163,51.727244]},"properties":{"lines":"202","color":"#0059a9","mode":"bus","arr":["202"],"angle":-52.2,"extra":1,"ei":0}},{"type":"Feature","geometry":{"type":"Point","coordinates":[19.683026,51.728739]},"properties":{"lines":"202","color":"#0059a9","mode":"bus","arr":["202"],"angle":-52.6,"extra":1,"ei":1}},{"type":"Feature","geometry":{"type":"Point","coordinates":[19.684881,51.730239]},"properties":{"lines":"202","color":"#0059a9","mode":"bus","arr":["202"],"angle":-53,"extra":1,"ei":2}},{"type":"Feature","geometry":{"type":"Point","coordinates":[19.686606,51.731767]},"properties":{"lines":"202","color":"#0059a9","mode":"bus","arr":["202"],"angle":-88.2,"extra":1,"ei":3}},{"type":"Feature","geometry":{"type":"Point","coordinates":[19.685618,51.733551]},"properties":{"lines":"202","color":"#0059a9","mode":"bus","arr":["202"],"angle":70.3,"extra":1,"ei":4}},{"type":"Feature","geometry":{"type":"Point","coordinates":[19.683502,51.737094]},"properties":{"lines":"202","color":"#0059a9","mode":"bus","arr":["202"],"angle":69.2,"extra":1,"ei":5}},{"type":"Feature","geometry":{"type":"Point","coordinates":[19.682432,51.738862]},"properties":{"lines":"202","color":"#0059a9","mode":"bus","arr":["202"],"angle":68.8,"extra":1,"ei":6}},{"type":"Feature","geometry":{"type":"Point","coordinates":[19.681379,51.740635]},"properties":{"lines":"202","color":"#0059a9","mode":"bus","arr":["202"],"angle":69.5,"extra":1,"ei":7}},{"type":"Feature","geometry":{"type":"Point","coordinates":[19.680286,51.742398]},"properties":{"lines":"202","color":"#0059a9","mode":"bus","arr":["202"],"angle":67.9,"extra":1,"ei":8}},{"type":"Feature","geometry":{"type":"Point","coordinates":[19.679257,51.744175]},"properties":{"lines":"202","color":"#0059a9","mode":"bus","arr":["202"],"angle":71.2,"extra":1,"ei":9}},{"type":"Feature","geometry":{"type":"Point","coordinates":[19.678252,51.745959]},"properties":{"lines":"202","color":"#0059a9","mode":"bus","arr":["202"],"angle":70.3,"extra":1,"ei":10}},{"type":"Feature","geometry":{"type":"Point","coordinates":[19.494787,51.7368]},"properties":{"lines":"F1, N6","color":"#0059a9","mode":"bus","arr":["F1","N6"],"angle":-36.9,"side":-1}},{"type":"Feature","geometry":{"type":"Point","coordinates":[19.525662,51.714501]},"properties":{"lines":"F1, N8","color":"#0059a9","mode":"bus","arr":["F1","N8"],"angle":-20.4,"mi":2}},{"type":"Feature","geometry":{"type":"Point","coordinates":[19.519576,51.713095]},"properties":{"lines":"F1, N8","color":"#0059a9","mode":"bus","arr":["F1","N8"],"angle":-19.5,"extra":1,"ei":0}},{"type":"Feature","geometry":{"type":"Point","coordinates":[19.522435,51.713756]},"properties":{"lines":"F1, N8","color":"#0059a9","mode":"bus","arr":["F1","N8"],"angle":-20.5,"extra":1,"ei":1}},{"type":"Feature","geometry":{"type":"Point","coordinates":[19.528154,51.715079]},"properties":{"lines":"F1, N8","color":"#0059a9","mode":"bus","arr":["F1","N8"],"angle":-21.4,"extra":1,"ei":2}},{"type":"Feature","geometry":{"type":"Point","coordinates":[19.531008,51.715746]},"properties":{"lines":"F1, N8","color":"#0059a9","mode":"bus","arr":["F1","N8"],"angle":-20.8,"extra":1,"ei":3}},{"type":"Feature","geometry":{"type":"Point","coordinates":[19.531696,51.718806]},"properties":{"lines":"F1, N8","color":"#0059a9","mode":"bus","arr":["F1","N8"],"angle":67.9}},{"type":"Feature","geometry":{"type":"Point","coordinates":[19.53269,51.717296]},"properties":{"lines":"F1, N8","color":"#0059a9","mode":"bus","arr":["F1","N8"],"angle":67.6,"extra":1,"ei":0}},{"type":"Feature","geometry":{"type":"Point","coordinates":[19.53041,51.720798]},"properties":{"lines":"F1, N8","color":"#0059a9","mode":"bus","arr":["F1","N8"],"angle":73.3,"extra":1,"ei":1}},{"type":"Feature","geometry":{"type":"Point","coordinates":[19.530237,51.720934]},"properties":{"lines":"N8","color":"#0059a9","mode":"bus","arr":["N8"],"angle":56.2,"side":-1}},{"type":"Feature","geometry":{"type":"Point","coordinates":[19.533079,51.716592]},"properties":{"lines":"N8","color":"#0059a9","mode":"bus","arr":["N8"],"angle":79,"side":-1,"mi":2}},{"type":"Feature","geometry":{"type":"Point","coordinates":[19.532686,51.716174]},"properties":{"lines":"N8","color":"#0059a9","mode":"bus","arr":["N8"],"angle":-23.9,"mi":3}},{"type":"Feature","geometry":{"type":"Point","coordinates":[19.415652,51.741939]},"properties":{"lines":"G1","color":"#0059a9","mode":"bus","arr":["G1"],"angle":36.1}},{"type":"Feature","geometry":{"type":"Point","coordinates":[19.414027,51.742761]},"properties":{"lines":"G1","color":"#0059a9","mode":"bus","arr":["G1"],"angle":42.6,"extra":1,"ei":0,"side":-1}},{"type":"Feature","geometry":{"type":"Point","coordinates":[19.367867,51.738681]},"properties":{"lines":"G1, G2","color":"#0059a9","mode":"bus","arr":["G1","G2"],"angle":79.4,"mi":2}},{"type":"Feature","geometry":{"type":"Point","coordinates":[19.367512,51.739856]},"properties":{"lines":"G1, G2","color":"#0059a9","mode":"bus","arr":["G1","G2"],"angle":79.6,"extra":1,"ei":0}},{"type":"Feature","geometry":{"type":"Point","coordinates":[19.36711,51.736337]},"properties":{"lines":"G1, G2","color":"#0059a9","mode":"bus","arr":["G1","G2"],"angle":-18.6}},{"type":"Feature","geometry":{"type":"Point","coordinates":[19.366428,51.734288]},"properties":{"lines":"G1, G2","color":"#0059a9","mode":"bus","arr":["G1","G2"],"angle":76.4,"mi":1}},{"type":"Feature","geometry":{"type":"Point","coordinates":[19.36712,51.741165]},"properties":{"lines":"G2","color":"#0059a9","mode":"bus","arr":["G2"],"angle":79.6,"mi":7}},{"type":"Feature","geometry":{"type":"Point","coordinates":[19.364514,51.743907]},"properties":{"lines":"G2","color":"#0059a9","mode":"bus","arr":["G2"],"angle":31,"mi":2}},{"type":"Feature","geometry":{"type":"Point","coordinates":[19.366746,51.742476]},"properties":{"lines":"G2","color":"#0059a9","mode":"bus","arr":["G2"],"angle":78,"extra":1,"ei":0}},{"type":"Feature","geometry":{"type":"Point","coordinates":[19.36319,51.745307]},"properties":{"lines":"G2","color":"#0059a9","mode":"bus","arr":["G2"],"angle":77.6,"extra":1,"ei":1}},{"type":"Feature","geometry":{"type":"Point","coordinates":[19.361363,51.74661]},"properties":{"lines":"G2","color":"#0059a9","mode":"bus","arr":["G2"],"angle":0.3,"mi":6}},{"type":"Feature","geometry":{"type":"Point","coordinates":[19.360399,51.744481]},"properties":{"lines":"G2","color":"#0059a9","mode":"bus","arr":["G2"],"angle":80.5}},{"type":"Feature","geometry":{"type":"Point","coordinates":[19.360059,51.745745]},"properties":{"lines":"G2","color":"#0059a9","mode":"bus","arr":["G2"],"angle":80.7,"extra":1,"ei":0}},{"type":"Feature","geometry":{"type":"Point","coordinates":[19.361099,51.74159]},"properties":{"lines":"G2","color":"#0059a9","mode":"bus","arr":["G2"],"angle":79.6,"mi":1}},{"type":"Feature","geometry":{"type":"Point","coordinates":[19.356168,51.741667]},"properties":{"lines":"G2","color":"#0059a9","mode":"bus","arr":["G2"],"angle":-11.7,"mi":3}},{"type":"Feature","geometry":{"type":"Point","coordinates":[19.359419,51.742081]},"properties":{"lines":"G2","color":"#0059a9","mode":"bus","arr":["G2"],"angle":-12.4,"extra":1,"ei":0}},{"type":"Feature","geometry":{"type":"Point","coordinates":[19.353438,51.741324]},"properties":{"lines":"G2","color":"#0059a9","mode":"bus","arr":["G2"],"angle":-11.5,"extra":1,"ei":1}},{"type":"Feature","geometry":{"type":"Point","coordinates":[19.351082,51.742621]},"properties":{"lines":"G2","color":"#0059a9","mode":"bus","arr":["G2"],"angle":82.3,"mi":8}},{"type":"Feature","geometry":{"type":"Point","coordinates":[19.350809,51.743875]},"properties":{"lines":"G2","color":"#0059a9","mode":"bus","arr":["G2"],"angle":82.3,"extra":1,"ei":0}},{"type":"Feature","geometry":{"type":"Point","coordinates":[19.355431,51.744825]},"properties":{"lines":"G2","color":"#0059a9","mode":"bus","arr":["G2"],"angle":-10.9,"mi":5}},{"type":"Feature","geometry":{"type":"Point","coordinates":[19.352215,51.744423]},"properties":{"lines":"G2","color":"#0059a9","mode":"bus","arr":["G2"],"angle":-14.9,"extra":1,"ei":0}},{"type":"Feature","geometry":{"type":"Point","coordinates":[19.358204,51.745154]},"properties":{"lines":"G2","color":"#0059a9","mode":"bus","arr":["G2"],"angle":-10.8,"extra":1,"ei":1}},{"type":"Feature","geometry":{"type":"Point","coordinates":[19.364153,51.741224]},"properties":{"lines":"G2","color":"#0059a9","mode":"bus","arr":["G2"],"angle":-10.3,"mi":4}},{"type":"Feature","geometry":{"type":"Point","coordinates":[19.472457,51.703731]},"properties":{"lines":"H","color":"#0059a9","mode":"bus","arr":["H"],"angle":58.3}},{"type":"Feature","geometry":{"type":"Point","coordinates":[19.475464,51.70094]},"properties":{"lines":"H","color":"#0059a9","mode":"bus","arr":["H"],"angle":-48.3,"mi":1}},{"type":"Feature","geometry":{"type":"Point","coordinates":[19.470751,51.70543]},"properties":{"lines":"H","color":"#0059a9","mode":"bus","arr":["H"],"angle":58.3,"extra":1,"ei":0}},{"type":"Feature","geometry":{"type":"Point","coordinates":[19.473961,51.702217]},"properties":{"lines":"H","color":"#0059a9","mode":"bus","arr":["H"],"angle":58.5,"extra":1,"ei":1}},{"type":"Feature","geometry":{"type":"Point","coordinates":[19.468053,51.705628]},"properties":{"lines":"H","color":"#0059a9","mode":"bus","arr":["H"],"angle":-25.1,"mi":4}},{"type":"Feature","geometry":{"type":"Point","coordinates":[19.466567,51.698195]},"properties":{"lines":"H","color":"#0059a9","mode":"bus","arr":["H"],"angle":57.4,"mi":3}},{"type":"Feature","geometry":{"type":"Point","coordinates":[19.462346,51.702298]},"properties":{"lines":"H","color":"#0059a9","mode":"bus","arr":["H"],"angle":57.3,"extra":1,"ei":0}},{"type":"Feature","geometry":{"type":"Point","coordinates":[19.463985,51.700705]},"properties":{"lines":"H","color":"#0059a9","mode":"bus","arr":["H"],"angle":57.5,"extra":1,"ei":1}},{"type":"Feature","geometry":{"type":"Point","coordinates":[19.46957,51.697479]},"properties":{"lines":"H","color":"#0059a9","mode":"bus","arr":["H"],"angle":-31.1,"extra":1,"ei":2}},{"type":"Feature","geometry":{"type":"Point","coordinates":[19.472182,51.698457]},"properties":{"lines":"H","color":"#0059a9","mode":"bus","arr":["H"],"angle":-31.2,"extra":1,"ei":3}},{"type":"Feature","geometry":{"type":"Point","coordinates":[19.473672,51.699301]},"properties":{"lines":"H","color":"#0059a9","mode":"bus","arr":["H"],"angle":48.1,"mi":2}},{"type":"Feature","geometry":{"type":"Point","coordinates":[19.451388,51.768301]},"properties":{"lines":"N1A, N1B, N2, N3A, N3B, N4A, N4B, N5A, N5B, N6, N7A, N7B, N8, N9","color":"#0059a9","mode":"bus","arr":["N1A","N1B","N2","N3A","N3B","N4A","N4B","N5A","N5B","N6","N7A","N7B","N8","N9"],"angle":-7.9}},{"type":"Feature","geometry":{"type":"Point","coordinates":[19.422914,51.792005]},"properties":{"lines":"N1A, N1B","color":"#0059a9","mode":"bus","arr":["N1A","N1B"],"angle":39}},{"type":"Feature","geometry":{"type":"Point","coordinates":[19.451633,51.770312]},"properties":{"lines":"N1A, N1B, N2, N4A, N4B, N5A, N5B, N6, N7A, N7B","color":"#0059a9","mode":"bus","arr":["N1A","N1B","N2","N4A","N4B","N5A","N5B","N6","N7A","N7B"],"angle":82.1}},{"type":"Feature","geometry":{"type":"Point","coordinates":[19.453803,51.760397]},"properties":{"lines":"N1A, N1B, N6","color":"#0059a9","mode":"bus","arr":["N1A","N1B","N6"],"angle":82.2}},{"type":"Feature","geometry":{"type":"Point","coordinates":[19.454067,51.759175]},"properties":{"lines":"N1A, N1B, N6","color":"#0059a9","mode":"bus","arr":["N1A","N1B","N6"],"angle":81.8,"extra":1,"ei":0}},{"type":"Feature","geometry":{"type":"Point","coordinates":[19.412578,51.747499]},"properties":{"lines":"N2","color":"#0059a9","mode":"bus","arr":["N2"],"angle":6.8,"side":-1,"mi":1}},{"type":"Feature","geometry":{"type":"Point","coordinates":[19.407826,51.747797]},"properties":{"lines":"N2","color":"#0059a9","mode":"bus","arr":["N2"],"angle":6.8,"extra":1,"ei":0,"side":-1}},{"type":"Feature","geometry":{"type":"Point","coordinates":[19.416925,51.747166]},"properties":{"lines":"N2","color":"#0059a9","mode":"bus","arr":["N2"],"angle":7.3,"extra":1,"ei":1,"side":-1}},{"type":"Feature","geometry":{"type":"Point","coordinates":[19.410261,51.74787]},"properties":{"lines":"N2","color":"#0059a9","mode":"bus","arr":["N2"],"angle":6.6,"extra":1,"ei":0}},{"type":"Feature","geometry":{"type":"Point","coordinates":[19.447506,51.763477]},"properties":{"lines":"N2, N4A, N4B","color":"#0059a9","mode":"bus","arr":["N2","N4A","N4B"],"angle":-55.1,"side":-1}},{"type":"Feature","geometry":{"type":"Point","coordinates":[19.453678,51.765142]},"properties":{"lines":"N2, N4A, N4B","color":"#0059a9","mode":"bus","arr":["N2","N4A","N4B"],"angle":-7.6,"side":-1,"mi":1}},{"type":"Feature","geometry":{"type":"Point","coordinates":[19.432399,51.819099]},"properties":{"lines":"N2","color":"#0059a9","mode":"bus","arr":["N2"],"angle":69.5,"mi":1}},{"type":"Feature","geometry":{"type":"Point","coordinates":[19.433859,51.816764]},"properties":{"lines":"N2","color":"#0059a9","mode":"bus","arr":["N2"],"angle":62.3,"extra":1,"ei":0}},{"type":"Feature","geometry":{"type":"Point","coordinates":[19.431678,51.82029]},"properties":{"lines":"N2","color":"#0059a9","mode":"bus","arr":["N2"],"angle":69.5,"extra":1,"ei":1}},{"type":"Feature","geometry":{"type":"Point","coordinates":[19.430652,51.822069]},"properties":{"lines":"N2","color":"#0059a9","mode":"bus","arr":["N2"],"angle":69.6,"extra":1,"ei":2}},{"type":"Feature","geometry":{"type":"Point","coordinates":[19.434507,51.815476]},"properties":{"lines":"N2","color":"#0059a9","mode":"bus","arr":["N2"],"angle":-11.7}},{"type":"Feature","geometry":{"type":"Point","coordinates":[19.481915,51.70952]},"properties":{"lines":"N3A","color":"#0059a9","mode":"bus","arr":["N3A"],"angle":7.3}},{"type":"Feature","geometry":{"type":"Point","coordinates":[19.480584,51.72754]},"properties":{"lines":"N3A, N3B","color":"#0059a9","mode":"bus","arr":["N3A","N3B"],"angle":66}},{"type":"Feature","geometry":{"type":"Point","coordinates":[19.478101,51.729337]},"properties":{"lines":"N3A, N3B","color":"#0059a9","mode":"bus","arr":["N3A","N3B"],"angle":-11.7,"mi":1}},{"type":"Feature","geometry":{"type":"Point","coordinates":[19.464255,51.739664]},"properties":{"lines":"N3A, N3B","color":"#0059a9","mode":"bus","arr":["N3A","N3B"],"angle":-5.5,"side":-1}},{"type":"Feature","geometry":{"type":"Point","coordinates":[19.446986,51.771883]},"properties":{"lines":"N3A, N3B","color":"#0059a9","mode":"bus","arr":["N3A","N3B"],"angle":-8.6,"mi":2}},{"type":"Feature","geometry":{"type":"Point","coordinates":[19.420286,51.779861]},"properties":{"lines":"N3A, N3B","color":"#0059a9","mode":"bus","arr":["N3A","N3B"],"angle":-23.5}},{"type":"Feature","geometry":{"type":"Point","coordinates":[19.425254,51.780932]},"properties":{"lines":"N3A, N3B","color":"#0059a9","mode":"bus","arr":["N3A","N3B"],"angle":-15.5,"extra":1,"ei":0}},{"type":"Feature","geometry":{"type":"Point","coordinates":[19.422333,51.780387]},"properties":{"lines":"N3A, N3B","color":"#0059a9","mode":"bus","arr":["N3A","N3B"],"angle":-21.1,"extra":1,"ei":1}},{"type":"Feature","geometry":{"type":"Point","coordinates":[19.417099,51.778531]},"properties":{"lines":"N3A, N3B","color":"#0059a9","mode":"bus","arr":["N3A","N3B"],"angle":-24.5,"extra":1,"ei":2}},{"type":"Feature","geometry":{"type":"Point","coordinates":[19.445169,51.773353]},"properties":{"lines":"N3A, N3B","color":"#0059a9","mode":"bus","arr":["N3A","N3B"],"angle":84.6}},{"type":"Feature","geometry":{"type":"Point","coordinates":[19.475287,51.717947]},"properties":{"lines":"N3B","color":"#0059a9","mode":"bus","arr":["N3B"],"angle":-31}},{"type":"Feature","geometry":{"type":"Point","coordinates":[19.473601,51.717301]},"properties":{"lines":"N3B","color":"#0059a9","mode":"bus","arr":["N3B"],"angle":-32,"extra":1,"ei":0}},{"type":"Feature","geometry":{"type":"Point","coordinates":[19.479281,51.718538]},"properties":{"lines":"N3B","color":"#0059a9","mode":"bus","arr":["N3B"],"angle":17.8,"mi":1}},{"type":"Feature","geometry":{"type":"Point","coordinates":[19.48578,51.782885]},"properties":{"lines":"N4A, N4B","color":"#0059a9","mode":"bus","arr":["N4A","N4B"],"angle":-11}},{"type":"Feature","geometry":{"type":"Point","coordinates":[19.439098,51.706566]},"properties":{"lines":"N4A, N4B","color":"#0059a9","mode":"bus","arr":["N4A","N4B"],"angle":79.2}},{"type":"Feature","geometry":{"type":"Point","coordinates":[19.438335,51.708989]},"properties":{"lines":"N4A, N4B","color":"#0059a9","mode":"bus","arr":["N4A","N4B"],"angle":78.9,"extra":1,"ei":0}},{"type":"Feature","geometry":{"type":"Point","coordinates":[19.439494,51.705281]},"properties":{"lines":"N4A, N4B","color":"#0059a9","mode":"bus","arr":["N4A","N4B"],"angle":78.6,"extra":1,"ei":1}},{"type":"Feature","geometry":{"type":"Point","coordinates":[19.439942,51.703421]},"properties":{"lines":"N4A, N4B","color":"#0059a9","mode":"bus","arr":["N4A","N4B"],"angle":-87.4,"extra":1,"ei":2}},{"type":"Feature","geometry":{"type":"Point","coordinates":[19.325826,51.660277]},"properties":{"lines":"N4B","color":"#0059a9","mode":"bus","arr":["N4B"],"angle":34.3,"side":-1,"mi":13}},{"type":"Feature","geometry":{"type":"Point","coordinates":[19.345926,51.664707]},"properties":{"lines":"N4B","color":"#0059a9","mode":"bus","arr":["N4B"],"angle":4.2,"mi":4}},{"type":"Feature","geometry":{"type":"Point","coordinates":[19.351259,51.664467]},"properties":{"lines":"N4B","color":"#0059a9","mode":"bus","arr":["N4B"],"angle":4.2,"mi":2}},{"type":"Feature","geometry":{"type":"Point","coordinates":[19.353952,51.664346]},"properties":{"lines":"N4B","color":"#0059a9","mode":"bus","arr":["N4B"],"angle":4.1,"mi":6}},{"type":"Feature","geometry":{"type":"Point","coordinates":[19.341646,51.6649]},"properties":{"lines":"N4B","color":"#0059a9","mode":"bus","arr":["N4B"],"angle":4.2,"mi":9}},{"type":"Feature","geometry":{"type":"Point","coordinates":[19.325908,51.660446]},"properties":{"lines":"N4B","color":"#0059a9","mode":"bus","arr":["N4B"],"angle":43.3,"mi":12}},{"type":"Feature","geometry":{"type":"Point","coordinates":[19.396639,51.672212]},"properties":{"lines":"N4B","color":"#0059a9","mode":"bus","arr":["N4B"],"angle":-39.7}},{"type":"Feature","geometry":{"type":"Point","coordinates":[19.324759,51.659598]},"properties":{"lines":"N4B","color":"#0059a9","mode":"bus","arr":["N4B"],"angle":-32.3,"mi":14}},{"type":"Feature","geometry":{"type":"Point","coordinates":[19.324762,51.657185]},"properties":{"lines":"N4B","color":"#0059a9","mode":"bus","arr":["N4B"],"angle":66.1,"mi":15}},{"type":"Feature","geometry":{"type":"Point","coordinates":[19.332858,51.658798]},"properties":{"lines":"N4B","color":"#0059a9","mode":"bus","arr":["N4B"],"angle":-32,"mi":10}},{"type":"Feature","geometry":{"type":"Point","coordinates":[19.32729,51.655911]},"properties":{"lines":"N4B","color":"#0059a9","mode":"bus","arr":["N4B"],"angle":-40.5,"extra":1,"ei":0}},{"type":"Feature","geometry":{"type":"Point","coordinates":[19.329605,51.657142]},"properties":{"lines":"N4B","color":"#0059a9","mode":"bus","arr":["N4B"],"angle":-40.6,"extra":1,"ei":1}},{"type":"Feature","geometry":{"type":"Point","coordinates":[19.337017,51.660446]},"properties":{"lines":"N4B","color":"#0059a9","mode":"bus","arr":["N4B"],"angle":-32.6,"extra":1,"ei":2}},{"type":"Feature","geometry":{"type":"Point","coordinates":[19.339835,51.660896]},"properties":{"lines":"N4B","color":"#0059a9","mode":"bus","arr":["N4B"],"angle":5.2,"extra":1,"ei":3}},{"type":"Feature","geometry":{"type":"Point","coordinates":[19.340899,51.662885]},"properties":{"lines":"N4B","color":"#0059a9","mode":"bus","arr":["N4B"],"angle":-85.7,"mi":7}},{"type":"Feature","geometry":{"type":"Point","coordinates":[19.343142,51.664832]},"properties":{"lines":"N4B","color":"#0059a9","mode":"bus","arr":["N4B"],"angle":4.1,"mi":8}},{"type":"Feature","geometry":{"type":"Point","coordinates":[19.348617,51.664586]},"properties":{"lines":"N4B","color":"#0059a9","mode":"bus","arr":["N4B"],"angle":4.2,"mi":1}},{"type":"Feature","geometry":{"type":"Point","coordinates":[19.353355,51.664344]},"properties":{"lines":"N4B","color":"#0059a9","mode":"bus","arr":["N4B"],"angle":11.1,"side":-1,"mi":5}},{"type":"Feature","geometry":{"type":"Point","coordinates":[19.354526,51.662406]},"properties":{"lines":"N4B","color":"#0059a9","mode":"bus","arr":["N4B"],"angle":-85.8}},{"type":"Feature","geometry":{"type":"Point","coordinates":[19.355247,51.6587]},"properties":{"lines":"N4B","color":"#0059a9","mode":"bus","arr":["N4B"],"angle":65.5,"mi":3}},{"type":"Feature","geometry":{"type":"Point","coordinates":[19.354471,51.659987]},"properties":{"lines":"N4B","color":"#0059a9","mode":"bus","arr":["N4B"],"angle":85.3,"extra":1,"ei":0}},{"type":"Feature","geometry":{"type":"Point","coordinates":[19.365504,51.65684]},"properties":{"lines":"N4B","color":"#0059a9","mode":"bus","arr":["N4B"],"angle":5.5,"mi":11}},{"type":"Feature","geometry":{"type":"Point","coordinates":[19.357748,51.657302]},"properties":{"lines":"N4B","color":"#0059a9","mode":"bus","arr":["N4B"],"angle":5.7,"extra":1,"ei":0}},{"type":"Feature","geometry":{"type":"Point","coordinates":[19.360786,51.657116]},"properties":{"lines":"N4B","color":"#0059a9","mode":"bus","arr":["N4B"],"angle":5,"extra":1,"ei":1}},{"type":"Feature","geometry":{"type":"Point","coordinates":[19.369898,51.656555]},"properties":{"lines":"N4B","color":"#0059a9","mode":"bus","arr":["N4B"],"angle":5.8,"extra":1,"ei":2}},{"type":"Feature","geometry":{"type":"Point","coordinates":[19.372935,51.656366]},"properties":{"lines":"N4B","color":"#0059a9","mode":"bus","arr":["N4B"],"angle":5.6,"extra":1,"ei":3}},{"type":"Feature","geometry":{"type":"Point","coordinates":[19.374025,51.653899]},"properties":{"lines":"N4B","color":"#0059a9","mode":"bus","arr":["N4B"],"angle":-79,"mi":16}},{"type":"Feature","geometry":{"type":"Point","coordinates":[19.374477,51.655321]},"properties":{"lines":"N4B","color":"#0059a9","mode":"bus","arr":["N4B"],"angle":-78.8,"extra":1,"ei":0}},{"type":"Feature","geometry":{"type":"Point","coordinates":[19.373283,51.651617]},"properties":{"lines":"N4B","color":"#0059a9","mode":"bus","arr":["N4B"],"angle":-77.8,"extra":1,"ei":1}},{"type":"Feature","geometry":{"type":"Point","coordinates":[19.38062,51.651847]},"properties":{"lines":"N4B","color":"#0059a9","mode":"bus","arr":["N4B"],"angle":-3.7,"mi":17}},{"type":"Feature","geometry":{"type":"Point","coordinates":[19.374785,51.651617]},"properties":{"lines":"N4B","color":"#0059a9","mode":"bus","arr":["N4B"],"angle":-3.6,"extra":1,"ei":0}},{"type":"Feature","geometry":{"type":"Point","coordinates":[19.377831,51.651735]},"properties":{"lines":"N4B","color":"#0059a9","mode":"bus","arr":["N4B"],"angle":-3.6,"extra":1,"ei":1}},{"type":"Feature","geometry":{"type":"Point","coordinates":[19.383923,51.651979]},"properties":{"lines":"N4B","color":"#0059a9","mode":"bus","arr":["N4B"],"angle":-3.7,"extra":1,"ei":2}},{"type":"Feature","geometry":{"type":"Point","coordinates":[19.386889,51.652315]},"properties":{"lines":"N4B","color":"#0059a9","mode":"bus","arr":["N4B"],"angle":-32.2,"extra":1,"ei":3}},{"type":"Feature","geometry":{"type":"Point","coordinates":[19.389194,51.658046]},"properties":{"lines":"N4B","color":"#0059a9","mode":"bus","arr":["N4B"],"angle":-84.7,"mi":18}},{"type":"Feature","geometry":{"type":"Point","coordinates":[19.388313,51.653772]},"properties":{"lines":"N4B","color":"#0059a9","mode":"bus","arr":["N4B"],"angle":-68.6,"extra":1,"ei":0}},{"type":"Feature","geometry":{"type":"Point","coordinates":[19.388829,51.655622]},"properties":{"lines":"N4B","color":"#0059a9","mode":"bus","arr":["N4B"],"angle":-84.9,"extra":1,"ei":1}},{"type":"Feature","geometry":{"type":"Point","coordinates":[19.389409,51.659381]},"properties":{"lines":"N4B","color":"#0059a9","mode":"bus","arr":["N4B"],"angle":-83.7,"extra":1,"ei":2}},{"type":"Feature","geometry":{"type":"Point","coordinates":[19.389731,51.661259]},"properties":{"lines":"N4B","color":"#0059a9","mode":"bus","arr":["N4B"],"angle":-84.8,"extra":1,"ei":3}},{"type":"Feature","geometry":{"type":"Point","coordinates":[19.390014,51.66314]},"properties":{"lines":"N4B","color":"#0059a9","mode":"bus","arr":["N4B"],"angle":-84.7,"extra":1,"ei":4}},{"type":"Feature","geometry":{"type":"Point","coordinates":[19.412726,51.698145]},"properties":{"lines":"N4B","color":"#0059a9","mode":"bus","arr":["N4B"],"angle":-14.9}},{"type":"Feature","geometry":{"type":"Point","coordinates":[19.456047,51.757318]},"properties":{"lines":"N5A, N5B, N7A, N7B","color":"#0059a9","mode":"bus","arr":["N5A","N5B","N7A","N7B"],"angle":82.5,"side":-1}},{"type":"Feature","geometry":{"type":"Point","coordinates":[19.457261,51.753478]},"properties":{"lines":"N5A, N5B, N7A, N7B","color":"#0059a9","mode":"bus","arr":["N5A","N5B","N7A","N7B"],"angle":81.8,"extra":1,"ei":0}},{"type":"Feature","geometry":{"type":"Point","coordinates":[19.456776,51.755341]},"properties":{"lines":"N5A, N5B, N7A, N7B","color":"#0059a9","mode":"bus","arr":["N5A","N5B","N7A","N7B"],"angle":76.9,"extra":1,"ei":1}},{"type":"Feature","geometry":{"type":"Point","coordinates":[19.455209,51.761176]},"properties":{"lines":"N5A, N5B, N7A, N7B","color":"#0059a9","mode":"bus","arr":["N5A","N5B","N7A","N7B"],"angle":82.5,"extra":1,"ei":0,"side":-1}},{"type":"Feature","geometry":{"type":"Point","coordinates":[19.455596,51.759303]},"properties":{"lines":"N5A, N5B, N7A, N7B","color":"#0059a9","mode":"bus","arr":["N5A","N5B","N7A","N7B"],"angle":84.2,"extra":1,"ei":1,"side":-1}},{"type":"Feature","geometry":{"type":"Point","coordinates":[19.456279,51.757353]},"properties":{"lines":"N5A, N5B, N7A, N7B, Z11","color":"#0059a9","mode":"bus","arr":["N5A","N5B","N7A","N7B","Z11"],"angle":81.9}},{"type":"Feature","geometry":{"type":"Point","coordinates":[19.456023,51.758545]},"properties":{"lines":"N5A, N5B, N7A, N7B, Z11","color":"#0059a9","mode":"bus","arr":["N5A","N5B","N7A","N7B","Z11"],"angle":82.3,"extra":1,"ei":0}},{"type":"Feature","geometry":{"type":"Point","coordinates":[19.459264,51.755967]},"properties":{"lines":"N6, Z11","color":"#0059a9","mode":"bus","arr":["N6","Z11"],"angle":82.3}},{"type":"Feature","geometry":{"type":"Point","coordinates":[19.459763,51.753699]},"properties":{"lines":"N6, Z11","color":"#0059a9","mode":"bus","arr":["N6","Z11"],"angle":82.3,"extra":1,"ei":0}},{"type":"Feature","geometry":{"type":"Point","coordinates":[19.458939,51.757441]},"properties":{"lines":"N6, Z11","color":"#0059a9","mode":"bus","arr":["N6","Z11"],"angle":82.3,"extra":1,"ei":1}},{"type":"Feature","geometry":{"type":"Point","coordinates":[19.451085,51.785819]},"properties":{"lines":"N6","color":"#0059a9","mode":"bus","arr":["N6"],"angle":0.9}},{"type":"Feature","geometry":{"type":"Point","coordinates":[19.453466,51.782311]},"properties":{"lines":"N6, Z6","color":"#0059a9","mode":"bus","arr":["N6","Z6"],"angle":81.5}},{"type":"Feature","geometry":{"type":"Point","coordinates":[19.453983,51.780058]},"properties":{"lines":"N6, Z6","color":"#0059a9","mode":"bus","arr":["N6","Z6"],"angle":82.1,"mi":1}},{"type":"Feature","geometry":{"type":"Point","coordinates":[19.419887,51.74516]},"properties":{"lines":"N7A, N7B","color":"#0059a9","mode":"bus","arr":["N7A","N7B"],"angle":33.1,"side":-1}},{"type":"Feature","geometry":{"type":"Point","coordinates":[19.427079,51.741504]},"properties":{"lines":"N7A, N7B","color":"#0059a9","mode":"bus","arr":["N7A","N7B"],"angle":-3.6,"mi":1}},{"type":"Feature","geometry":{"type":"Point","coordinates":[19.432784,51.741738]},"properties":{"lines":"N7A, N7B","color":"#0059a9","mode":"bus","arr":["N7A","N7B"],"angle":-3.8,"extra":1,"ei":0}},{"type":"Feature","geometry":{"type":"Point","coordinates":[19.429738,51.741614]},"properties":{"lines":"N7A, N7B","color":"#0059a9","mode":"bus","arr":["N7A","N7B"],"angle":-4.4,"extra":1,"ei":1}},{"type":"Feature","geometry":{"type":"Point","coordinates":[19.425502,51.740075]},"properties":{"lines":"N7A, N7B","color":"#0059a9","mode":"bus","arr":["N7A","N7B"],"angle":-86.9,"extra":1,"ei":2}},{"type":"Feature","geometry":{"type":"Point","coordinates":[19.425338,51.738189]},"properties":{"lines":"N7A, N7B","color":"#0059a9","mode":"bus","arr":["N7A","N7B"],"angle":-85.8,"extra":1,"ei":3}},{"type":"Feature","geometry":{"type":"Point","coordinates":[19.454632,51.734593]},"properties":{"lines":"N7A, N7B","color":"#0059a9","mode":"bus","arr":["N7A","N7B"],"angle":14.4}},{"type":"Feature","geometry":{"type":"Point","coordinates":[19.49859,51.776083]},"properties":{"lines":"N7A, N7B","color":"#0059a9","mode":"bus","arr":["N7A","N7B"],"angle":-75.3}},{"type":"Feature","geometry":{"type":"Point","coordinates":[19.47322,51.769155]},"properties":{"lines":"N8","color":"#0059a9","mode":"bus","arr":["N8"],"angle":86.5,"mi":1}},{"type":"Feature","geometry":{"type":"Point","coordinates":[19.4732,51.767245]},"properties":{"lines":"N8","color":"#0059a9","mode":"bus","arr":["N8"],"angle":85.7}},{"type":"Feature","geometry":{"type":"Point","coordinates":[19.34869,51.748003]},"properties":{"lines":"N9, Z43","color":"#0059a9","mode":"bus","arr":["N9","Z43"],"angle":-7.6}},{"type":"Feature","geometry":{"type":"Point","coordinates":[19.326943,51.747306]},"properties":{"lines":"N9, Z43","color":"#0059a9","mode":"bus","arr":["N9","Z43"],"angle":18.2,"extra":1,"ei":0}},{"type":"Feature","geometry":{"type":"Point","coordinates":[19.329844,51.74672]},"properties":{"lines":"N9, Z43","color":"#0059a9","mode":"bus","arr":["N9","Z43"],"angle":18,"extra":1,"ei":1}},{"type":"Feature","geometry":{"type":"Point","coordinates":[19.332839,51.746696]},"properties":{"lines":"N9, Z43","color":"#0059a9","mode":"bus","arr":["N9","Z43"],"angle":-7.6,"extra":1,"ei":2}},{"type":"Feature","geometry":{"type":"Point","coordinates":[19.335865,51.746945]},"properties":{"lines":"N9, Z43","color":"#0059a9","mode":"bus","arr":["N9","Z43"],"angle":-7.6,"extra":1,"ei":3}},{"type":"Feature","geometry":{"type":"Point","coordinates":[19.338891,51.747194]},"properties":{"lines":"N9, Z43","color":"#0059a9","mode":"bus","arr":["N9","Z43"],"angle":-7.5,"extra":1,"ei":4}},{"type":"Feature","geometry":{"type":"Point","coordinates":[19.341917,51.747444]},"properties":{"lines":"N9, Z43","color":"#0059a9","mode":"bus","arr":["N9","Z43"],"angle":-7.6,"extra":1,"ei":5}},{"type":"Feature","geometry":{"type":"Point","coordinates":[19.344943,51.747693]},"properties":{"lines":"N9, Z43","color":"#0059a9","mode":"bus","arr":["N9","Z43"],"angle":-7.6,"extra":1,"ei":6}},{"type":"Feature","geometry":{"type":"Point","coordinates":[19.35099,51.748194]},"properties":{"lines":"N9, Z43","color":"#0059a9","mode":"bus","arr":["N9","Z43"],"angle":-7.1,"extra":1,"ei":7}},{"type":"Feature","geometry":{"type":"Point","coordinates":[19.354016,51.748443]},"properties":{"lines":"N9, Z43","color":"#0059a9","mode":"bus","arr":["N9","Z43"],"angle":-7.5,"extra":1,"ei":8}},{"type":"Feature","geometry":{"type":"Point","coordinates":[19.357042,51.748693]},"properties":{"lines":"N9, Z43","color":"#0059a9","mode":"bus","arr":["N9","Z43"],"angle":-9.4,"extra":1,"ei":9}},{"type":"Feature","geometry":{"type":"Point","coordinates":[19.359984,51.74919]},"properties":{"lines":"N9, Z43","color":"#0059a9","mode":"bus","arr":["N9","Z43"],"angle":-17.2,"extra":1,"ei":10}},{"type":"Feature","geometry":{"type":"Point","coordinates":[19.362892,51.749766]},"properties":{"lines":"N9, Z43","color":"#0059a9","mode":"bus","arr":["N9","Z43"],"angle":-17.8,"extra":1,"ei":11}},{"type":"Feature","geometry":{"type":"Point","coordinates":[19.365797,51.750345]},"properties":{"lines":"N9, Z43","color":"#0059a9","mode":"bus","arr":["N9","Z43"],"angle":-18,"extra":1,"ei":12}},{"type":"Feature","geometry":{"type":"Point","coordinates":[19.368702,51.750924]},"properties":{"lines":"N9, Z43","color":"#0059a9","mode":"bus","arr":["N9","Z43"],"angle":-17.9,"extra":1,"ei":13}},{"type":"Feature","geometry":{"type":"Point","coordinates":[19.396953,51.758646]},"properties":{"lines":"N9, Z43","color":"#0059a9","mode":"bus","arr":["N9","Z43"],"angle":-29.8}},{"type":"Feature","geometry":{"type":"Point","coordinates":[19.378589,51.752895]},"properties":{"lines":"N9, Z43","color":"#0059a9","mode":"bus","arr":["N9","Z43"],"angle":-18}},{"type":"Feature","geometry":{"type":"Point","coordinates":[19.372993,51.75178]},"properties":{"lines":"N9, Z43","color":"#0059a9","mode":"bus","arr":["N9","Z43"],"angle":-18.6,"extra":1,"ei":0}},{"type":"Feature","geometry":{"type":"Point","coordinates":[19.375898,51.75236]},"properties":{"lines":"N9, Z43","color":"#0059a9","mode":"bus","arr":["N9","Z43"],"angle":-17.4,"extra":1,"ei":1}},{"type":"Feature","geometry":{"type":"Point","coordinates":[19.381723,51.753488]},"properties":{"lines":"N9, Z43","color":"#0059a9","mode":"bus","arr":["N9","Z43"],"angle":-15.7,"extra":1,"ei":2}},{"type":"Feature","geometry":{"type":"Point","coordinates":[19.384497,51.754255]},"properties":{"lines":"N9, Z43","color":"#0059a9","mode":"bus","arr":["N9","Z43"],"angle":-29.6,"extra":1,"ei":3}},{"type":"Feature","geometry":{"type":"Point","coordinates":[19.406337,51.761956]},"properties":{"lines":"N9, Z43","color":"#0059a9","mode":"bus","arr":["N9","Z43"],"angle":-29.2,"extra":1,"ei":0}},{"type":"Feature","geometry":{"type":"Point","coordinates":[19.403683,51.761023]},"properties":{"lines":"N9, Z43","color":"#0059a9","mode":"bus","arr":["N9","Z43"],"angle":-29.8,"extra":1,"ei":1}},{"type":"Feature","geometry":{"type":"Point","coordinates":[19.401032,51.760087]},"properties":{"lines":"N9, Z43","color":"#0059a9","mode":"bus","arr":["N9","Z43"],"angle":-29.7,"extra":1,"ei":2}},{"type":"Feature","geometry":{"type":"Point","coordinates":[19.393077,51.757281]},"properties":{"lines":"N9, Z43","color":"#0059a9","mode":"bus","arr":["N9","Z43"],"angle":-29.7,"extra":1,"ei":3}},{"type":"Feature","geometry":{"type":"Point","coordinates":[19.390425,51.756346]},"properties":{"lines":"N9, Z43","color":"#0059a9","mode":"bus","arr":["N9","Z43"],"angle":-29.7,"extra":1,"ei":4}},{"type":"Feature","geometry":{"type":"Point","coordinates":[19.387773,51.755411]},"properties":{"lines":"N9, Z43","color":"#0059a9","mode":"bus","arr":["N9","Z43"],"angle":-29.8,"extra":1,"ei":5}},{"type":"Feature","geometry":{"type":"Point","coordinates":[19.439637,51.764164]},"properties":{"lines":"N9","color":"#0059a9","mode":"bus","arr":["N9"],"angle":43.3}},{"type":"Feature","geometry":{"type":"Point","coordinates":[19.531656,51.743631]},"properties":{"lines":"W","color":"#0059a9","mode":"bus","arr":["W"],"angle":87,"side":-1,"mi":5}},{"type":"Feature","geometry":{"type":"Point","coordinates":[19.532276,51.735226]},"properties":{"lines":"W","color":"#0059a9","mode":"bus","arr":["W"],"angle":84.7}},{"type":"Feature","geometry":{"type":"Point","coordinates":[19.531014,51.751436]},"properties":{"lines":"W","color":"#0059a9","mode":"bus","arr":["W"],"angle":-82,"extra":1,"ei":0}},{"type":"Feature","geometry":{"type":"Point","coordinates":[19.531106,51.749553]},"properties":{"lines":"W","color":"#0059a9","mode":"bus","arr":["W"],"angle":-89.1,"extra":1,"ei":1}},{"type":"Feature","geometry":{"type":"Point","coordinates":[19.531181,51.74767]},"properties":{"lines":"W","color":"#0059a9","mode":"bus","arr":["W"],"angle":85.6,"extra":1,"ei":2}},{"type":"Feature","geometry":{"type":"Point","coordinates":[19.531444,51.745789]},"properties":{"lines":"W","color":"#0059a9","mode":"bus","arr":["W"],"angle":83.6,"extra":1,"ei":3,"side":-1}},{"type":"Feature","geometry":{"type":"Point","coordinates":[19.531789,51.742019]},"properties":{"lines":"W","color":"#0059a9","mode":"bus","arr":["W"],"angle":87.3,"extra":1,"ei":4,"side":-1}},{"type":"Feature","geometry":{"type":"Point","coordinates":[19.531944,51.740132]},"properties":{"lines":"W","color":"#0059a9","mode":"bus","arr":["W"],"angle":87.1,"extra":1,"ei":5}},{"type":"Feature","geometry":{"type":"Point","coordinates":[19.532102,51.738246]},"properties":{"lines":"W","color":"#0059a9","mode":"bus","arr":["W"],"angle":87.4,"extra":1,"ei":6}},{"type":"Feature","geometry":{"type":"Point","coordinates":[19.531801,51.736375]},"properties":{"lines":"W","color":"#0059a9","mode":"bus","arr":["W"],"angle":-79.2,"extra":1,"ei":7}},{"type":"Feature","geometry":{"type":"Point","coordinates":[19.530762,51.734184]},"properties":{"lines":"W","color":"#0059a9","mode":"bus","arr":["W"],"angle":22.4,"mi":3}},{"type":"Feature","geometry":{"type":"Point","coordinates":[19.527497,51.734654]},"properties":{"lines":"W","color":"#0059a9","mode":"bus","arr":["W"],"angle":4.8,"mi":4}},{"type":"Feature","geometry":{"type":"Point","coordinates":[19.53729,51.737385]},"properties":{"lines":"W","color":"#0059a9","mode":"bus","arr":["W"],"angle":-37.2,"mi":1}},{"type":"Feature","geometry":{"type":"Point","coordinates":[19.533643,51.736973]},"properties":{"lines":"W","color":"#0059a9","mode":"bus","arr":["W"],"angle":-1.7,"extra":1,"ei":0}},{"type":"Feature","geometry":{"type":"Point","coordinates":[19.537873,51.738703]},"properties":{"lines":"W","color":"#0059a9","mode":"bus","arr":["W"],"angle":87.7,"extra":1,"ei":1}},{"type":"Feature","geometry":{"type":"Point","coordinates":[19.534954,51.740501]},"properties":{"lines":"W","color":"#0059a9","mode":"bus","arr":["W"],"angle":-2,"mi":2}},{"type":"Feature","geometry":{"type":"Point","coordinates":[19.462718,51.803099]},"properties":{"lines":"Z3","color":"#0059a9","mode":"bus","arr":["Z3"],"angle":-35.3}},{"type":"Feature","geometry":{"type":"Point","coordinates":[19.464838,51.804012]},"properties":{"lines":"Z3","color":"#0059a9","mode":"bus","arr":["Z3"],"angle":-35,"extra":1,"ei":0}},{"type":"Feature","geometry":{"type":"Point","coordinates":[19.45982,51.801862]},"properties":{"lines":"Z3","color":"#0059a9","mode":"bus","arr":["Z3"],"angle":-25.1,"extra":1,"ei":1}},{"type":"Feature","geometry":{"type":"Point","coordinates":[19.451914,51.78305]},"properties":{"lines":"Z6","color":"#0059a9","mode":"bus","arr":["Z6"],"angle":-8.9}},{"type":"Feature","geometry":{"type":"Point","coordinates":[19.457958,51.755847]},"properties":{"lines":"Z11","color":"#0059a9","mode":"bus","arr":["Z11"],"angle":-7.8}},{"type":"Feature","geometry":{"type":"Point","coordinates":[19.486827,51.764234]},"properties":{"lines":"Z13","color":"#0059a9","mode":"bus","arr":["Z13"],"angle":87.3}},{"type":"Feature","geometry":{"type":"Point","coordinates":[19.48653,51.762702]},"properties":{"lines":"Z13","color":"#0059a9","mode":"bus","arr":["Z13"],"angle":-77.5,"extra":1,"ei":0}},{"type":"Feature","geometry":{"type":"Point","coordinates":[19.486081,51.766384]},"properties":{"lines":"Z13","color":"#0059a9","mode":"bus","arr":["Z13"],"angle":66.6,"extra":1,"ei":1}},{"type":"Feature","geometry":{"type":"Point","coordinates":[19.42917,51.768227]},"properties":{"lines":"Z13","color":"#0059a9","mode":"bus","arr":["Z13"],"angle":-26.9}},{"type":"Feature","geometry":{"type":"Point","coordinates":[19.405417,51.860529]},"properties":{"lines":"6.","color":"#0059a9","mode":"bus","arr":["6."],"angle":-74,"mi":4}},{"type":"Feature","geometry":{"type":"Point","coordinates":[19.406,51.86028]},"properties":{"lines":"6.","color":"#0059a9","mode":"bus","arr":["6."],"angle":-15.8,"mi":3}},{"type":"Feature","geometry":{"type":"Point","coordinates":[19.469209,51.76762]},"properties":{"lines":"101","color":"#0059a9","mode":"bus","arr":["101"],"angle":67.3,"mi":2}},{"type":"Feature","geometry":{"type":"Point","coordinates":[19.478285,51.741253]},"properties":{"lines":"1, 5, 6","color":"#d6212b","mode":"tram","arr":["1","5","6","92A","92B","N3A","N3B"],"busLines":"92A, 92B, N3A, N3B","angle":73.1,"mi":1}},{"type":"Feature","geometry":{"type":"Point","coordinates":[19.478673,51.739809]},"properties":{"lines":"1, 5, 6","color":"#d6212b","mode":"tram","arr":["1","5","6","92A","92B","N3A","N3B"],"busLines":"92A, 92B, N3A, N3B","angle":86,"extra":1,"ei":0}},{"type":"Feature","geometry":{"type":"Point","coordinates":[19.477197,51.743457]},"properties":{"lines":"1, 5, 6","color":"#d6212b","mode":"tram","arr":["1","5","6","92A","92B","N3A","N3B"],"busLines":"92A, 92B, N3A, N3B","angle":73,"extra":1,"ei":1}},{"type":"Feature","geometry":{"type":"Point","coordinates":[19.476641,51.744461]},"properties":{"lines":"1, 5, 6","color":"#d6212b","mode":"tram","arr":["1","5","6","92A","92B","N3A","N3B","N5A","N5B"],"busLines":"92A, 92B, N3A, N3B, N5A, N5B","angle":65}},{"type":"Feature","geometry":{"type":"Point","coordinates":[19.476683,51.744334]},"properties":{"lines":"1, 5, 6","color":"#d6212b","mode":"tram","arr":["1","5","6","92A","92B","N3A","N3B","N5A","N5B"],"busLines":"92A, 92B, N3A, N3B, N5A, N5B","angle":66.7,"mi":1}},{"type":"Feature","geometry":{"type":"Point","coordinates":[19.478362,51.740982]},"properties":{"lines":"1, 5, 6","color":"#d6212b","mode":"tram","arr":["1","5","6","92A","92B","N3A","N3B"],"busLines":"92A, 92B, N3A, N3B","angle":73.3}},{"type":"Feature","geometry":{"type":"Point","coordinates":[19.477607,51.742523]},"properties":{"lines":"1, 5, 6","color":"#d6212b","mode":"tram","arr":["1","5","6","92A","92B","N3A","N3B"],"busLines":"92A, 92B, N3A, N3B","angle":73,"extra":1,"ei":0}},{"type":"Feature","geometry":{"type":"Point","coordinates":[19.478742,51.738833]},"properties":{"lines":"1, 5, 6","color":"#d6212b","mode":"tram","arr":["1","5","6","92A","92B","N3A","N3B"],"busLines":"92A, 92B, N3A, N3B","angle":86.3,"extra":1,"ei":1}},{"type":"Feature","geometry":{"type":"Point","coordinates":[19.464287,51.769552]},"properties":{"lines":"1, 5","color":"#d6212b","mode":"tram","arr":["1","5"],"angle":72.2,"side":-1}},{"type":"Feature","geometry":{"type":"Point","coordinates":[19.468671,51.7604]},"properties":{"lines":"1, 5","color":"#d6212b","mode":"tram","arr":["1","5"],"angle":72.8}},{"type":"Feature","geometry":{"type":"Point","coordinates":[19.476043,51.745438]},"properties":{"lines":"1, 5","color":"#d6212b","mode":"tram","arr":["1","5"],"angle":72.6,"side":-1}},{"type":"Feature","geometry":{"type":"Point","coordinates":[19.474486,51.748714]},"properties":{"lines":"1, 5, 7","color":"#d6212b","mode":"tram","arr":["1","5","7","N3A","N3B"],"busLines":"N3A, N3B","angle":72.9}},{"type":"Feature","geometry":{"type":"Point","coordinates":[19.475502,51.746661]},"properties":{"lines":"1, 5, 7","color":"#d6212b","mode":"tram","arr":["1","5","7","N3A","N3B"],"busLines":"N3A, N3B","angle":73,"extra":1,"ei":0}},{"type":"Feature","geometry":{"type":"Point","coordinates":[19.473839,51.750289]},"properties":{"lines":"1, 5, 7","color":"#d6212b","mode":"tram","arr":["1","5","7","N3A","N3B"],"busLines":"N3A, N3B","angle":81,"extra":1,"ei":1}},{"type":"Feature","geometry":{"type":"Point","coordinates":[19.472344,51.753414]},"properties":{"lines":"1, 5, 7","color":"#d6212b","mode":"tram","arr":["1","5","7"],"angle":69.6,"mi":3}},{"type":"Feature","geometry":{"type":"Point","coordinates":[19.47066,51.756375]},"properties":{"lines":"1, 5, 7","color":"#d6212b","mode":"tram","arr":["1","5","7","77"],"busLines":"77","angle":73}},{"type":"Feature","geometry":{"type":"Point","coordinates":[19.469436,51.758946]},"properties":{"lines":"1, 5, 7","color":"#d6212b","mode":"tram","arr":["1","5","7"],"angle":73,"mi":1}},{"type":"Feature","geometry":{"type":"Point","coordinates":[19.469375,51.758981]},"properties":{"lines":"1, 5, 7","color":"#d6212b","mode":"tram","arr":["1","5","7"],"angle":73.1,"mi":2}},{"type":"Feature","geometry":{"type":"Point","coordinates":[19.47058,51.756448]},"properties":{"lines":"1, 5, 7","color":"#d6212b","mode":"tram","arr":["1","5","7","77"],"busLines":"77","angle":73,"mi":1}},{"type":"Feature","geometry":{"type":"Point","coordinates":[19.472249,51.753483]},"properties":{"lines":"1, 5, 7","color":"#d6212b","mode":"tram","arr":["1","5","7"],"angle":68.2}},{"type":"Feature","geometry":{"type":"Point","coordinates":[19.474451,51.748696]},"properties":{"lines":"1, 5, 7","color":"#d6212b","mode":"tram","arr":["1","5","7","N3A","N3B"],"busLines":"N3A, N3B","angle":73.1,"mi":1}},{"type":"Feature","geometry":{"type":"Point","coordinates":[19.473545,51.75086]},"properties":{"lines":"1, 5, 7","color":"#d6212b","mode":"tram","arr":["1","5","7","N3A","N3B"],"busLines":"N3A, N3B","angle":73.5,"extra":1,"ei":0}},{"type":"Feature","geometry":{"type":"Point","coordinates":[19.475176,51.747226]},"properties":{"lines":"1, 5, 7","color":"#d6212b","mode":"tram","arr":["1","5","7","N3A","N3B"],"busLines":"N3A, N3B","angle":73,"extra":1,"ei":1}},{"type":"Feature","geometry":{"type":"Point","coordinates":[19.467324,51.76321]},"properties":{"lines":"1, 5, 12, O","color":"#d6212b","mode":"tram","arr":["1","5","12","O","67","N8"],"busLines":"67, N8","angle":72.9}},{"type":"Feature","geometry":{"type":"Point","coordinates":[19.468342,51.761158]},"properties":{"lines":"1, 5, 12, O","color":"#d6212b","mode":"tram","arr":["1","5","12","O","67","N8"],"busLines":"67, N8","angle":72.9,"extra":1,"ei":0}},{"type":"Feature","geometry":{"type":"Point","coordinates":[19.46655,51.764769]},"properties":{"lines":"1, 5, 12, O","color":"#d6212b","mode":"tram","arr":["1","5","12","O","67","N8"],"busLines":"67, N8","angle":72.9,"extra":1,"ei":1}},{"type":"Feature","geometry":{"type":"Point","coordinates":[19.465265,51.767718]},"properties":{"lines":"1, 5, 12, O","color":"#d6212b","mode":"tram","arr":["1","5","12","O","67","77","101","N8"],"busLines":"67, 77, 101, N8","angle":74.8,"mi":1}},{"type":"Feature","geometry":{"type":"Point","coordinates":[19.464678,51.768898]},"properties":{"lines":"1, 5, 12, O","color":"#d6212b","mode":"tram","arr":["1","5","12","O","67","77","101","N8"],"busLines":"67, 77, 101, N8","angle":72.9,"extra":1,"ei":0}},{"type":"Feature","geometry":{"type":"Point","coordinates":[19.464301,51.769637]},"properties":{"lines":"1, 5, 12, O","color":"#d6212b","mode":"tram","arr":["1","5","12","O"],"angle":71.9}},{"type":"Feature","geometry":{"type":"Point","coordinates":[19.465209,51.767714]},"properties":{"lines":"1, 5, 12, O","color":"#d6212b","mode":"tram","arr":["1","5","12","O","67","77","101","N8"],"busLines":"67, 77, 101, N8","angle":74.4}},{"type":"Feature","geometry":{"type":"Point","coordinates":[19.465623,51.766541]},"properties":{"lines":"1, 5, 12, O","color":"#d6212b","mode":"tram","arr":["1","5","12","O","67","77","101","N8"],"busLines":"67, 77, 101, N8","angle":73.2,"extra":1,"ei":0}},{"type":"Feature","geometry":{"type":"Point","coordinates":[19.467202,51.763358]},"properties":{"lines":"1, 5, 12, O","color":"#d6212b","mode":"tram","arr":["1","5","12","O","67","N8"],"busLines":"67, N8","angle":72.9,"mi":1}},{"type":"Feature","geometry":{"type":"Point","coordinates":[19.466274,51.76523]},"properties":{"lines":"1, 5, 12, O","color":"#d6212b","mode":"tram","arr":["1","5","12","O","67","N8"],"busLines":"67, N8","angle":72.9,"extra":1,"ei":0}},{"type":"Feature","geometry":{"type":"Point","coordinates":[19.468064,51.761619]},"properties":{"lines":"1, 5, 12, O","color":"#d6212b","mode":"tram","arr":["1","5","12","O","67","N8"],"busLines":"67, N8","angle":73,"extra":1,"ei":1}},{"type":"Feature","geometry":{"type":"Point","coordinates":[19.463936,51.770367]},"properties":{"lines":"1, 4, 5, 9","color":"#d6212b","mode":"tram","arr":["1","4","5","9","51A","51B","53A","53B","85B","86","101","N7A","N7B","N8","Z13"],"busLines":"51A, 51B, 53A, 53B, 85B, 86, 101, N7A, N7B, N8, Z13","angle":72.9}},{"type":"Feature","geometry":{"type":"Point","coordinates":[19.462937,51.773002]},"properties":{"lines":"1, 4, 5","color":"#d6212b","mode":"tram","arr":["1","4","5","101","N7A","N7B","N8"],"busLines":"101, N7A, N7B, N8","angle":81.7}},{"type":"Feature","geometry":{"type":"Point","coordinates":[19.463231,51.771768]},"properties":{"lines":"1, 4, 5","color":"#d6212b","mode":"tram","arr":["1","4","5","101","N7A","N7B","N8"],"busLines":"101, N7A, N7B, N8","angle":81.5,"extra":1,"ei":0}},{"type":"Feature","geometry":{"type":"Point","coordinates":[19.462375,51.775394]},"properties":{"lines":"1, 4, 5","color":"#d6212b","mode":"tram","arr":["1","4","5","87A","87B","101","N7A","N7B","N8"],"busLines":"87A, 87B, 101, N7A, N7B, N8","angle":81.9,"side":-1}},{"type":"Feature","geometry":{"type":"Point","coordinates":[19.462109,51.776521]},"properties":{"lines":"1, 4, 5","color":"#d6212b","mode":"tram","arr":["1","4","5","87A","87B"],"busLines":"87A, 87B","angle":81.8,"mi":1}},{"type":"Feature","geometry":{"type":"Point","coordinates":[19.462057,51.776565]},"properties":{"lines":"1, 4, 5","color":"#d6212b","mode":"tram","arr":["1","4","5","87A","87B"],"busLines":"87A, 87B","angle":81.6}},{"type":"Feature","geometry":{"type":"Point","coordinates":[19.462801,51.773395]},"properties":{"lines":"1, 4, 5","color":"#d6212b","mode":"tram","arr":["1","4","5","101","N7A","N7B","N8"],"busLines":"101, N7A, N7B, N8","angle":81.6,"mi":1}},{"type":"Feature","geometry":{"type":"Point","coordinates":[19.46375,51.770563]},"properties":{"lines":"1, 4, 5","color":"#d6212b","mode":"tram","arr":["1","4","5","51A","51B","53A","53B","85B","86","101","N7A","N7B","N8","Z13"],"busLines":"51A, 51B, 53A, 53B, 85B, 86, 101, N7A, N7B, N8, Z13","angle":71.4}},{"type":"Feature","geometry":{"type":"Point","coordinates":[19.460808,51.779502]},"properties":{"lines":"1, 4, 5, 15, 45","color":"#d6212b","mode":"tram","arr":["1","4","5","15","45","87A","87B"],"busLines":"87A, 87B","angle":-4.5,"side":-1}},{"type":"Feature","geometry":{"type":"Point","coordinates":[19.458773,51.779329]},"properties":{"lines":"1, 4, 5, 15, 45","color":"#d6212b","mode":"tram","arr":["1","4","5","15","45","87A","87B"],"busLines":"87A, 87B","angle":-8.6,"extra":1,"ei":0,"side":-1}},{"type":"Feature","geometry":{"type":"Point","coordinates":[19.460812,51.779532]},"properties":{"lines":"1, 4, 5, 15","color":"#d6212b","mode":"tram","arr":["1","4","5","15","87A","87B"],"busLines":"87A, 87B","angle":-5.4,"side":-1}},{"type":"Feature","geometry":{"type":"Point","coordinates":[19.455702,51.779081]},"properties":{"lines":"1, 4, 5, 15, O","color":"#d6212b","mode":"tram","arr":["1","4","5","15","O","87A","87B"],"busLines":"87A, 87B","angle":-9.1,"side":-1}},{"type":"Feature","geometry":{"type":"Point","coordinates":[19.453073,51.778841]},"properties":{"lines":"1, 4, 5, 15, O","color":"#d6212b","mode":"tram","arr":["1","4","5","15","O","87A","87B","N6","Z6"],"busLines":"87A, 87B, N6, Z6","angle":-7.9,"side":-1}},{"type":"Feature","geometry":{"type":"Point","coordinates":[19.451715,51.778691]},"properties":{"lines":"2, 3, 11","color":"#d6212b","mode":"tram","arr":["2","3","11"],"angle":85.9,"side":-1}},{"type":"Feature","geometry":{"type":"Point","coordinates":[19.455805,51.758816]},"properties":{"lines":"2, 3, 11","color":"#d6212b","mode":"tram","arr":["2","3","11","N5A","N5B","N7A","N7B"],"busLines":"N5A, N5B, N7A, N7B","angle":82.3,"side":-1}},{"type":"Feature","geometry":{"type":"Point","coordinates":[19.451918,51.777547]},"properties":{"lines":"1, 2, 3, 11, 15, O","color":"#d6212b","mode":"tram","arr":["1","2","3","11","15","O","59","87A","87B","96","100","N1A","N1B","N2","N5A","N5B","N6"],"busLines":"59, 87A, 87B, 96, 100, N1A, N1B, N2, N5A, N5B, N6","angle":85.2}},{"type":"Feature","geometry":{"type":"Point","coordinates":[19.451349,51.780311]},"properties":{"lines":"2, 3, 4, 5, 11, 45","color":"#d6212b","mode":"tram","arr":["2","3","4","5","11","45","59","87A","87B","96","N1A","N1B","N2","N5A","N5B","N6","Z6"],"busLines":"59, 87A, 87B, 96, N1A, N1B, N2, N5A, N5B, N6, Z6","angle":77.3,"side":-1}},{"type":"Feature","geometry":{"type":"Point","coordinates":[19.450862,51.78159]},"properties":{"lines":"2, 3, 4, 5, 11, 45","color":"#d6212b","mode":"tram","arr":["2","3","4","5","11","45","59","87A","87B","96","N1A","N1B","N2","N5A","N5B","N6","Z6"],"busLines":"59, 87A, 87B, 96, N1A, N1B, N2, N5A, N5B, N6, Z6","angle":78.4,"extra":1,"ei":0}},{"type":"Feature","geometry":{"type":"Point","coordinates":[19.450655,51.782344]},"properties":{"lines":"2, 3, 4, 5, 11, 45","color":"#d6212b","mode":"tram","arr":["2","3","4","5","11","45","59","73","96","N1A","N1B","N2","N5A","N5B","N6","Z6"],"busLines":"59, 73, 96, N1A, N1B, N2, N5A, N5B, N6, Z6","angle":79.1,"mi":1}},{"type":"Feature","geometry":{"type":"Point","coordinates":[19.450463,51.782893]},"properties":{"lines":"2, 3, 4, 5, 11, 45","color":"#d6212b","mode":"tram","arr":["2","3","4","5","11","45","59","65A","65B","73","96","N1A","N1B","N2","N5A","N5B","N6","Z6"],"busLines":"59, 65A, 65B, 73, 96, N1A, N1B, N2, N5A, N5B, N6, Z6","angle":77.9,"side":-1}},{"type":"Feature","geometry":{"type":"Point","coordinates":[19.449926,51.784546]},"properties":{"lines":"2, 3, 4, 5, 11, 45","color":"#d6212b","mode":"tram","arr":["2","3","4","5","11","45","59","65A","65B","73","N2","N5A","N5B","N6"],"busLines":"59, 65A, 65B, 73, N2, N5A, N5B, N6","angle":78.8,"mi":1}},{"type":"Feature","geometry":{"type":"Point","coordinates":[19.449495,51.785891]},"properties":{"lines":"2, 3, 4, 5, 11, 45","color":"#d6212b","mode":"tram","arr":["2","3","4","5","11","45","59","65A","65B","73","N2","N5A","N5B","N6"],"busLines":"59, 65A, 65B, 73, N2, N5A, N5B, N6","angle":78.8,"extra":1,"ei":0,"side":-1}},{"type":"Feature","geometry":{"type":"Point","coordinates":[19.449322,51.786429]},"properties":{"lines":"2, 3, 4, 5, 11, 45","color":"#d6212b","mode":"tram","arr":["2","3","4","5","11","45","59","65A","65B","73","N2","N5A","N5B"],"busLines":"59, 65A, 65B, 73, N2, N5A, N5B","angle":78.9,"side":-1,"mi":1}},{"type":"Feature","geometry":{"type":"Point","coordinates":[19.449252,51.78648]},"properties":{"lines":"2, 3, 4, 5, 11, 45","color":"#d6212b","mode":"tram","arr":["2","3","4","5","11","45","59","65A","65B","73","N2","N5A","N5B"],"busLines":"59, 65A, 65B, 73, N2, N5A, N5B","angle":79,"side":-1}},{"type":"Feature","geometry":{"type":"Point","coordinates":[19.44987,51.78455]},"properties":{"lines":"2, 3, 4, 5, 11, 45","color":"#d6212b","mode":"tram","arr":["2","3","4","5","11","45","59","65A","65B","73","N2","N5A","N5B","N6"],"busLines":"59, 65A, 65B, 73, N2, N5A, N5B, N6","angle":78.8}},{"type":"Feature","geometry":{"type":"Point","coordinates":[19.450266,51.783315]},"properties":{"lines":"2, 3, 4, 5, 11, 45","color":"#d6212b","mode":"tram","arr":["2","3","4","5","11","45","59","65A","65B","73","N2","N5A","N5B","N6"],"busLines":"59, 65A, 65B, 73, N2, N5A, N5B, N6","angle":78.7,"extra":1,"ei":0}},{"type":"Feature","geometry":{"type":"Point","coordinates":[19.450596,51.782347]},"properties":{"lines":"2, 3, 4, 5, 11, 45","color":"#d6212b","mode":"tram","arr":["2","3","4","5","11","45","59","73","96","N1A","N1B","N2","N5A","N5B","N6","Z6"],"busLines":"59, 73, 96, N1A, N1B, N2, N5A, N5B, N6, Z6","angle":79.1}},{"type":"Feature","geometry":{"type":"Point","coordinates":[19.451292,51.780308]},"properties":{"lines":"2, 3, 4, 5, 11, 45","color":"#d6212b","mode":"tram","arr":["2","3","4","5","11","45","59","87A","87B","96","N1A","N1B","N2","N5A","N5B","N6","Z6"],"busLines":"59, 87A, 87B, 96, N1A, N1B, N2, N5A, N5B, N6, Z6","angle":77.3,"side":-1,"mi":1}},{"type":"Feature","geometry":{"type":"Point","coordinates":[19.450031,51.7764]},"properties":{"lines":"1, 15","color":"#d6212b","mode":"tram","arr":["1","15","59"],"busLines":"59","angle":-8}},{"type":"Feature","geometry":{"type":"Point","coordinates":[19.447784,51.776178]},"properties":{"lines":"1, 15","color":"#d6212b","mode":"tram","arr":["1","15","59"],"busLines":"59","angle":-14.7,"extra":1,"ei":0}},{"type":"Feature","geometry":{"type":"Point","coordinates":[19.447812,51.775254]},"properties":{"lines":"15","color":"#d6212b","mode":"tram","arr":["15","59"],"busLines":"59","angle":80.9}},{"type":"Feature","geometry":{"type":"Point","coordinates":[19.448064,51.774084]},"properties":{"lines":"15","color":"#d6212b","mode":"tram","arr":["15","59","86","N1A","N1B","N2","N3A","N3B","N4A","N4B","N5A","N5B","N6","N7A","N7B","N8","Z13"],"busLines":"59, 86, N1A, N1B, N2, N3A, N3B, N4A, N4B, N5A, N5B, N6, N7A, N7B, N8, Z13","angle":82.6}},{"type":"Feature","geometry":{"type":"Point","coordinates":[19.448508,51.771966]},"properties":{"lines":"15","color":"#d6212b","mode":"tram","arr":["15","86","N1A","N1B","N2","N3A","N3B","N4A","N4B","N5A","N5B","N6","N7A","N7B","N8","Z13"],"busLines":"86, N1A, N1B, N2, N3A, N3B, N4A, N4B, N5A, N5B, N6, N7A, N7B, N8, Z13","angle":82.6,"side":-1}},{"type":"Feature","geometry":{"type":"Point","coordinates":[19.449154,51.768957]},"properties":{"lines":"15","color":"#d6212b","mode":"tram","arr":["15","83","N1A","N1B","N2","N3A","N3B","N4A","N4B","N5A","N5B","N6","N7A","N7B","N8","N9"],"busLines":"83, N1A, N1B, N2, N3A, N3B, N4A, N4B, N5A, N5B, N6, N7A, N7B, N8, N9","angle":82.5}},{"type":"Feature","geometry":{"type":"Point","coordinates":[19.449776,51.76606]},"properties":{"lines":"15","color":"#d6212b","mode":"tram","arr":["15","83"],"busLines":"83","angle":82.4,"mi":1}},{"type":"Feature","geometry":{"type":"Point","coordinates":[19.449838,51.762725]},"properties":{"lines":"15","color":"#d6212b","mode":"tram","arr":["15"],"angle":-26,"mi":1}},{"type":"Feature","geometry":{"type":"Point","coordinates":[19.447948,51.762165]},"properties":{"lines":"15","color":"#d6212b","mode":"tram","arr":["15"],"angle":-28.9,"extra":1,"ei":0}},{"type":"Feature","geometry":{"type":"Point","coordinates":[19.449735,51.762665]},"properties":{"lines":"15","color":"#d6212b","mode":"tram","arr":["15"],"angle":-25.6}},{"type":"Feature","geometry":{"type":"Point","coordinates":[19.449824,51.766036]},"properties":{"lines":"15","color":"#d6212b","mode":"tram","arr":["15","83"],"busLines":"83","angle":82.3}},{"type":"Feature","geometry":{"type":"Point","coordinates":[19.449225,51.768822]},"properties":{"lines":"15","color":"#d6212b","mode":"tram","arr":["15","83","N1A","N1B","N2","N3A","N3B","N4A","N4B","N5A","N5B","N6","N7A","N7B","N8","N9"],"busLines":"83, N1A, N1B, N2, N3A, N3B, N4A, N4B, N5A, N5B, N6, N7A, N7B, N8, N9","angle":82.4,"mi":1}},{"type":"Feature","geometry":{"type":"Point","coordinates":[19.448983,51.769936]},"properties":{"lines":"15","color":"#d6212b","mode":"tram","arr":["15","83","86","N1A","N1B","N2","N3A","N3B","N4A","N4B","N5A","N5B","N6","N7A","N7B","N8","N9","Z13"],"busLines":"83, 86, N1A, N1B, N2, N3A, N3B, N4A, N4B, N5A, N5B, N6, N7A, N7B, N8, N9, Z13","angle":82.3}},{"type":"Feature","geometry":{"type":"Point","coordinates":[19.448532,51.772054]},"properties":{"lines":"15","color":"#d6212b","mode":"tram","arr":["15","86","N1A","N1B","N2","N3A","N3B","N4A","N4B","N5A","N5B","N6","N7A","N7B","N8","Z13"],"busLines":"86, N1A, N1B, N2, N3A, N3B, N4A, N4B, N5A, N5B, N6, N7A, N7B, N8, Z13","angle":82.6,"mi":1}},{"type":"Feature","geometry":{"type":"Point","coordinates":[19.447867,51.775229]},"properties":{"lines":"15","color":"#d6212b","mode":"tram","arr":["15","59"],"busLines":"59","angle":81.1,"mi":1}},{"type":"Feature","geometry":{"type":"Point","coordinates":[19.442771,51.775163]},"properties":{"lines":"1, 7","color":"#d6212b","mode":"tram","arr":["1","7"],"angle":8.1}},{"type":"Feature","geometry":{"type":"Point","coordinates":[19.446477,51.776061]},"properties":{"lines":"1, 7","color":"#d6212b","mode":"tram","arr":["1","7"],"angle":-11.8,"extra":1,"ei":0}},{"type":"Feature","geometry":{"type":"Point","coordinates":[19.440787,51.77534]},"properties":{"lines":"1, 7","color":"#d6212b","mode":"tram","arr":["1","7"],"angle":8.2,"extra":1,"ei":1}},{"type":"Feature","geometry":{"type":"Point","coordinates":[19.437765,51.775607]},"properties":{"lines":"1, 7","color":"#d6212b","mode":"tram","arr":["1","7"],"angle":7.9,"extra":1,"ei":2}},{"type":"Feature","geometry":{"type":"Point","coordinates":[19.478628,51.736707]},"properties":{"lines":"1","color":"#d6212b","mode":"tram","arr":["1"],"angle":88.2,"mi":1}},{"type":"Feature","geometry":{"type":"Point","coordinates":[19.478689,51.73548]},"properties":{"lines":"1","color":"#d6212b","mode":"tram","arr":["1"],"angle":88.2,"extra":1,"ei":0}},{"type":"Feature","geometry":{"type":"Point","coordinates":[19.478599,51.736222]},"properties":{"lines":"1","color":"#d6212b","mode":"tram","arr":["1"],"angle":88.3}},{"type":"Feature","geometry":{"type":"Point","coordinates":[19.449974,51.776367]},"properties":{"lines":"1, 7, 15","color":"#d6212b","mode":"tram","arr":["1","7","15","59"],"busLines":"59","angle":-8}},{"type":"Feature","geometry":{"type":"Point","coordinates":[19.451985,51.777407]},"properties":{"lines":"2, 3, 11, O","color":"#d6212b","mode":"tram","arr":["2","3","11","O","59","87A","87B","96","100","N1A","N1B","N2","N5A","N5B","N6"],"busLines":"59, 87A, 87B, 96, 100, N1A, N1B, N2, N5A, N5B, N6","angle":85.1}},{"type":"Feature","geometry":{"type":"Point","coordinates":[19.453188,51.778822]},"properties":{"lines":"1, 4, 5, 15, 45, O","color":"#d6212b","mode":"tram","arr":["1","4","5","15","45","O","87A","87B","N6","Z6"],"busLines":"87A, 87B, N6, Z6","angle":-8,"side":-1}},{"type":"Feature","geometry":{"type":"Point","coordinates":[19.455718,51.779057]},"properties":{"lines":"1, 4, 5, 15, 45, O","color":"#d6212b","mode":"tram","arr":["1","4","5","15","45","O","87A","87B"],"busLines":"87A, 87B","angle":-8.9,"side":-1}},{"type":"Feature","geometry":{"type":"Point","coordinates":[19.457245,51.759326]},"properties":{"lines":"7, O","color":"#d6212b","mode":"tram","arr":["7","O","67","N1A","N1B","N6"],"busLines":"67, N1A, N1B, N6","angle":-7.8}},{"type":"Feature","geometry":{"type":"Point","coordinates":[19.455498,51.760505]},"properties":{"lines":"2, 3, 7, 11, O","color":"#d6212b","mode":"tram","arr":["2","3","7","11","O","N1A","N1B","N5A","N5B","N6","N7A","N7B"],"busLines":"N1A, N1B, N5A, N5B, N6, N7A, N7B","angle":82.4,"mi":1}},{"type":"Feature","geometry":{"type":"Point","coordinates":[19.454833,51.763569]},"properties":{"lines":"2, 3, 7, 11, O","color":"#d6212b","mode":"tram","arr":["2","3","7","11","O","N1A","N1B","N3A","N3B","N5A","N5B","N6","N7A","N7B"],"busLines":"N1A, N1B, N3A, N3B, N5A, N5B, N6, N7A, N7B","angle":82.1}},{"type":"Feature","geometry":{"type":"Point","coordinates":[19.454176,51.766463]},"properties":{"lines":"2, 3, 7, 11, O","color":"#d6212b","mode":"tram","arr":["2","3","7","11","O","N1A","N1B","N2","N3A","N3B","N4A","N4B","N5A","N5B","N6","N7A","N7B","N8","N9"],"busLines":"N1A, N1B, N2, N3A, N3B, N4A, N4B, N5A, N5B, N6, N7A, N7B, N8, N9","angle":82.6,"mi":1}},{"type":"Feature","geometry":{"type":"Point","coordinates":[19.453728,51.768581]},"properties":{"lines":"2, 3, 7, 11, O","color":"#d6212b","mode":"tram","arr":["2","3","7","11","O","N1A","N1B","N2","N3A","N3B","N4A","N4B","N5A","N5B","N6","N7A","N7B","N8"],"busLines":"N1A, N1B, N2, N3A, N3B, N4A, N4B, N5A, N5B, N6, N7A, N7B, N8","angle":82.5}},{"type":"Feature","geometry":{"type":"Point","coordinates":[19.453362,51.770929]},"properties":{"lines":"2, 3, 7, 11, O","color":"#d6212b","mode":"tram","arr":["2","3","7","11","O"],"angle":82.3}},{"type":"Feature","geometry":{"type":"Point","coordinates":[19.453042,51.772286]},"properties":{"lines":"2, 3, 7, 11, O","color":"#d6212b","mode":"tram","arr":["2","3","7","11","O"],"angle":83.7,"extra":1,"ei":0}},{"type":"Feature","geometry":{"type":"Point","coordinates":[19.452835,51.773379]},"properties":{"lines":"2, 3, 7, 11, O","color":"#d6212b","mode":"tram","arr":["2","3","7","11","O","96","100","N1A","N1B","N2","N5A","N5B","N6"],"busLines":"96, 100, N1A, N1B, N2, N5A, N5B, N6","angle":83.2,"mi":1}},{"type":"Feature","geometry":{"type":"Point","coordinates":[19.452417,51.775368]},"properties":{"lines":"2, 3, 7, 11, O","color":"#d6212b","mode":"tram","arr":["2","3","7","11","O","59","87A","87B","96","100","N1A","N1B","N2","N5A","N5B","N6"],"busLines":"59, 87A, 87B, 96, 100, N1A, N1B, N2, N5A, N5B, N6","angle":81.9}},{"type":"Feature","geometry":{"type":"Point","coordinates":[19.452377,51.775348]},"properties":{"lines":"2, 3, 7, 11, O","color":"#d6212b","mode":"tram","arr":["2","3","7","11","O","59","87A","87B","96","100","N1A","N1B","N2","N5A","N5B","N6"],"busLines":"59, 87A, 87B, 96, 100, N1A, N1B, N2, N5A, N5B, N6","angle":80.9,"mi":1}},{"type":"Feature","geometry":{"type":"Point","coordinates":[19.452787,51.773397]},"properties":{"lines":"2, 3, 7, 11, O","color":"#d6212b","mode":"tram","arr":["2","3","7","11","O","96","100","N1A","N1B","N2","N5A","N5B","N6"],"busLines":"96, 100, N1A, N1B, N2, N5A, N5B, N6","angle":83}},{"type":"Feature","geometry":{"type":"Point","coordinates":[19.453315,51.770947]},"properties":{"lines":"2, 3, 7, 11, O","color":"#d6212b","mode":"tram","arr":["2","3","7","11","O"],"angle":82.3,"mi":1}},{"type":"Feature","geometry":{"type":"Point","coordinates":[19.453462,51.76958]},"properties":{"lines":"2, 3, 7, 11, O","color":"#d6212b","mode":"tram","arr":["2","3","7","11","O"],"angle":83.7,"extra":1,"ei":0}},{"type":"Feature","geometry":{"type":"Point","coordinates":[19.45367,51.768598]},"properties":{"lines":"2, 3, 7, 11, O","color":"#d6212b","mode":"tram","arr":["2","3","7","11","O","N1A","N1B","N2","N3A","N3B","N4A","N4B","N5A","N5B","N6","N7A","N7B","N8"],"busLines":"N1A, N1B, N2, N3A, N3B, N4A, N4B, N5A, N5B, N6, N7A, N7B, N8","angle":82.5,"mi":1}},{"type":"Feature","geometry":{"type":"Point","coordinates":[19.454117,51.766481]},"properties":{"lines":"2, 3, 7, 11, O","color":"#d6212b","mode":"tram","arr":["2","3","7","11","O","N1A","N1B","N2","N3A","N3B","N4A","N4B","N5A","N5B","N6","N7A","N7B","N8","N9"],"busLines":"N1A, N1B, N2, N3A, N3B, N4A, N4B, N5A, N5B, N6, N7A, N7B, N8, N9","angle":82.6}},{"type":"Feature","geometry":{"type":"Point","coordinates":[19.454772,51.763587]},"properties":{"lines":"2, 3, 7, 11, O","color":"#d6212b","mode":"tram","arr":["2","3","7","11","O","N1A","N1B","N3A","N3B","N5A","N5B","N6","N7A","N7B"],"busLines":"N1A, N1B, N3A, N3B, N5A, N5B, N6, N7A, N7B","angle":82.2,"mi":1}},{"type":"Feature","geometry":{"type":"Point","coordinates":[19.45544,51.760508]},"properties":{"lines":"2, 3, 7, 11, O","color":"#d6212b","mode":"tram","arr":["2","3","7","11","O","N1A","N1B","N5A","N5B","N6","N7A","N7B"],"busLines":"N1A, N1B, N5A, N5B, N6, N7A, N7B","angle":82.4}},{"type":"Feature","geometry":{"type":"Point","coordinates":[19.455742,51.759108]},"properties":{"lines":"2, 3, 7, 11, O","color":"#d6212b","mode":"tram","arr":["2","3","7","11","O","N1A","N1B","N5A","N5B","N6","N7A","N7B"],"busLines":"N1A, N1B, N5A, N5B, N6, N7A, N7B","angle":82.3,"extra":1,"ei":0,"side":-1}},{"type":"Feature","geometry":{"type":"Point","coordinates":[19.434744,51.789434]},"properties":{"lines":"2, 5, Z1","color":"#d6212b","mode":"tram","arr":["2","5","Z1"],"angle":18}},{"type":"Feature","geometry":{"type":"Point","coordinates":[19.447349,51.787291]},"properties":{"lines":"2, 5, Z1","color":"#d6212b","mode":"tram","arr":["2","5","Z1"],"angle":8.4,"extra":1,"ei":0}},{"type":"Feature","geometry":{"type":"Point","coordinates":[19.444357,51.787664]},"properties":{"lines":"2, 5, Z1","color":"#d6212b","mode":"tram","arr":["2","5","Z1"],"angle":11.6,"extra":1,"ei":1}},{"type":"Feature","geometry":{"type":"Point","coordinates":[19.441395,51.788111]},"properties":{"lines":"2, 5, Z1","color":"#d6212b","mode":"tram","arr":["2","5","Z1"],"angle":17.5,"extra":1,"ei":2}},{"type":"Feature","geometry":{"type":"Point","coordinates":[19.438485,51.788682]},"properties":{"lines":"2, 5, Z1","color":"#d6212b","mode":"tram","arr":["2","5","Z1"],"angle":18,"extra":1,"ei":3}},{"type":"Feature","geometry":{"type":"Point","coordinates":[19.432678,51.789847]},"properties":{"lines":"2, 5, Z1","color":"#d6212b","mode":"tram","arr":["2","5","Z1"],"angle":17.9,"extra":1,"ei":4}},{"type":"Feature","geometry":{"type":"Point","coordinates":[19.429751,51.790368]},"properties":{"lines":"2, 5, Z1","color":"#d6212b","mode":"tram","arr":["2","5","Z1"],"angle":8.9,"extra":1,"ei":5,"side":-1}},{"type":"Feature","geometry":{"type":"Point","coordinates":[19.426834,51.790915]},"properties":{"lines":"2, 5, Z1","color":"#d6212b","mode":"tram","arr":["2","5","Z1"],"angle":18.1,"extra":1,"ei":6,"side":-1}},{"type":"Feature","geometry":{"type":"Point","coordinates":[19.42393,51.791497]},"properties":{"lines":"2, 5, Z1","color":"#d6212b","mode":"tram","arr":["2","5","Z1"],"angle":17.7,"extra":1,"ei":7,"side":-1}},{"type":"Feature","geometry":{"type":"Point","coordinates":[19.421019,51.792065]},"properties":{"lines":"2, 5, Z1","color":"#d6212b","mode":"tram","arr":["2","5","Z1"],"angle":18,"extra":1,"ei":8,"side":-1}},{"type":"Feature","geometry":{"type":"Point","coordinates":[19.415363,51.793228]},"properties":{"lines":"2, 5, 8, 13, 16, Z1","color":"#d6212b","mode":"tram","arr":["2","5","8","13","16","Z1","96","N1A","N1B"],"busLines":"96, N1A, N1B","angle":17.9}},{"type":"Feature","geometry":{"type":"Point","coordinates":[19.419353,51.792422]},"properties":{"lines":"2, 5, 8, 13, 16, Z1","color":"#d6212b","mode":"tram","arr":["2","5","8","13","16","Z1","96","N1A","N1B"],"busLines":"96, N1A, N1B","angle":20.1,"extra":1,"ei":0,"side":-1}},{"type":"Feature","geometry":{"type":"Point","coordinates":[19.413548,51.793592]},"properties":{"lines":"2, 5, 8, 13, 16, Z1","color":"#d6212b","mode":"tram","arr":["2","5","8","13","16","Z1","96","N1A","N1B"],"busLines":"96, N1A, N1B","angle":17.9,"extra":1,"ei":1}},{"type":"Feature","geometry":{"type":"Point","coordinates":[19.410644,51.794173]},"properties":{"lines":"2, 5, 8, 13, 16, Z1","color":"#d6212b","mode":"tram","arr":["2","5","8","13","16","Z1","96","N1A","N1B"],"busLines":"96, N1A, N1B","angle":17.9,"extra":1,"ei":2,"side":-1}},{"type":"Feature","geometry":{"type":"Point","coordinates":[19.409288,51.794446]},"properties":{"lines":"2, 5, 8, 13, 16, Z1","color":"#d6212b","mode":"tram","arr":["2","5","8","13","16","Z1","78","81A","81B","89","96","N1A","N1B"],"busLines":"78, 81A, 81B, 89, 96, N1A, N1B","angle":18.6}},{"type":"Feature","geometry":{"type":"Point","coordinates":[19.401483,51.796007]},"properties":{"lines":"2, 5, 8, 13","color":"#d6212b","mode":"tram","arr":["2","5","8","13","78","81A","81B","89","96","N1A","N1B"],"busLines":"78, 81A, 81B, 89, 96, N1A, N1B","angle":17.9,"side":-1}},{"type":"Feature","geometry":{"type":"Point","coordinates":[19.407223,51.794897]},"properties":{"lines":"2, 5, 8, 13","color":"#d6212b","mode":"tram","arr":["2","5","8","13","78","81A","81B","89","96","N1A","N1B"],"busLines":"78, 81A, 81B, 89, 96, N1A, N1B","angle":18.6,"extra":1,"ei":0,"side":-1}},{"type":"Feature","geometry":{"type":"Point","coordinates":[19.404312,51.795464]},"properties":{"lines":"2, 5, 8, 13","color":"#d6212b","mode":"tram","arr":["2","5","8","13","78","81A","81B","89","96","N1A","N1B"],"busLines":"78, 81A, 81B, 89, 96, N1A, N1B","angle":15.6,"extra":1,"ei":1,"side":-1}},{"type":"Feature","geometry":{"type":"Point","coordinates":[19.398492,51.796605]},"properties":{"lines":"2, 5, 8, 13","color":"#d6212b","mode":"tram","arr":["2","5","8","13","78","81A","81B","89","96","N1A","N1B"],"busLines":"78, 81A, 81B, 89, 96, N1A, N1B","angle":17.9,"extra":1,"ei":2,"side":-1}},{"type":"Feature","geometry":{"type":"Point","coordinates":[19.395587,51.797185]},"properties":{"lines":"2, 5, 8, 13","color":"#d6212b","mode":"tram","arr":["2","5","8","13","78","81A","81B","89","96","N1A","N1B"],"busLines":"78, 81A, 81B, 89, 96, N1A, N1B","angle":17.9,"extra":1,"ei":3,"side":-1}},{"type":"Feature","geometry":{"type":"Point","coordinates":[19.390678,51.798168]},"properties":{"lines":"2, 5, 8, 13","color":"#d6212b","mode":"tram","arr":["2","5","8","13"],"angle":17.9}},{"type":"Feature","geometry":{"type":"Point","coordinates":[19.392855,51.797732]},"properties":{"lines":"2, 5, 8, 13","color":"#d6212b","mode":"tram","arr":["2","5","8","13"],"angle":18,"extra":1,"ei":0}},{"type":"Feature","geometry":{"type":"Point","coordinates":[19.381512,51.799995]},"properties":{"lines":"2, 5, 8, 13","color":"#d6212b","mode":"tram","arr":["2","5","8","13","6."],"busLines":"6.","angle":17.9,"side":-1}},{"type":"Feature","geometry":{"type":"Point","coordinates":[19.385592,51.799178]},"properties":{"lines":"2, 5, 8, 13","color":"#d6212b","mode":"tram","arr":["2","5","8","13","6."],"busLines":"6.","angle":17.9,"extra":1,"ei":0,"side":-1}},{"type":"Feature","geometry":{"type":"Point","coordinates":[19.376877,51.800919]},"properties":{"lines":"2, 5, 8, 13","color":"#d6212b","mode":"tram","arr":["2","5","8","13","6."],"busLines":"6.","angle":17.8,"extra":1,"ei":1,"side":-1}},{"type":"Feature","geometry":{"type":"Point","coordinates":[19.372127,51.80187]},"properties":{"lines":"2, 5, 8, 13","color":"#d6212b","mode":"tram","arr":["2","5","8","13"],"angle":18,"side":-1}},{"type":"Feature","geometry":{"type":"Point","coordinates":[19.374525,51.801388]},"properties":{"lines":"2, 5, 8, 13","color":"#d6212b","mode":"tram","arr":["2","5","8","13"],"angle":18,"extra":1,"ei":0,"side":-1}},{"type":"Feature","geometry":{"type":"Point","coordinates":[19.368718,51.802554]},"properties":{"lines":"2, 5, 8, 13","color":"#d6212b","mode":"tram","arr":["2","5","8","13"],"angle":15.2,"extra":1,"ei":1,"side":-1}},{"type":"Feature","geometry":{"type":"Point","coordinates":[19.362759,51.80377]},"properties":{"lines":"2","color":"#d6212b","mode":"tram","arr":["2","78","84A","84B","N1A"],"busLines":"78, 84A, 84B, N1A","angle":20.4,"side":-1}},{"type":"Feature","geometry":{"type":"Point","coordinates":[19.36704,51.802911]},"properties":{"lines":"2","color":"#d6212b","mode":"tram","arr":["2","78","84A","84B","N1A"],"busLines":"78, 84A, 84B, N1A","angle":21.2,"extra":1,"ei":0,"side":-1}},{"type":"Feature","geometry":{"type":"Point","coordinates":[19.358321,51.804626]},"properties":{"lines":"2","color":"#d6212b","mode":"tram","arr":["2","78","84A","84B","N1A"],"busLines":"78, 84A, 84B, N1A","angle":15.1,"extra":1,"ei":1,"side":-1}},{"type":"Feature","geometry":{"type":"Point","coordinates":[19.356894,51.804138]},"properties":{"lines":"2","color":"#d6212b","mode":"tram","arr":["2"],"angle":47.9}},{"type":"Feature","geometry":{"type":"Point","coordinates":[19.363202,51.803659]},"properties":{"lines":"2","color":"#d6212b","mode":"tram","arr":["2","78","84A","84B","N1A"],"busLines":"78, 84A, 84B, N1A","angle":17.8,"side":-1,"mi":1}},{"type":"Feature","geometry":{"type":"Point","coordinates":[19.359563,51.804382]},"properties":{"lines":"2","color":"#d6212b","mode":"tram","arr":["2","78","84A","84B","N1A"],"busLines":"78, 84A, 84B, N1A","angle":17.8,"extra":1,"ei":0,"side":-1}},{"type":"Feature","geometry":{"type":"Point","coordinates":[19.365374,51.803225]},"properties":{"lines":"2","color":"#d6212b","mode":"tram","arr":["2","78","84A","84B","N1A"],"busLines":"78, 84A, 84B, N1A","angle":17.8,"extra":1,"ei":1,"side":-1}},{"type":"Feature","geometry":{"type":"Point","coordinates":[19.368257,51.80261]},"properties":{"lines":"2","color":"#d6212b","mode":"tram","arr":["2","78","84A","84B","N1A"],"busLines":"78, 84A, 84B, N1A","angle":17.9,"extra":1,"ei":2,"side":-1}},{"type":"Feature","geometry":{"type":"Point","coordinates":[19.372231,51.801811]},"properties":{"lines":"5, 8, 13","color":"#d6212b","mode":"tram","arr":["5","8","13"],"angle":18,"side":-1}},{"type":"Feature","geometry":{"type":"Point","coordinates":[19.369621,51.802336]},"properties":{"lines":"5, 8, 13","color":"#d6212b","mode":"tram","arr":["5","8","13"],"angle":18,"extra":1,"ei":0,"side":-1}},{"type":"Feature","geometry":{"type":"Point","coordinates":[19.375429,51.801171]},"properties":{"lines":"5, 8, 13","color":"#d6212b","mode":"tram","arr":["5","8","13"],"angle":17.9,"extra":1,"ei":1,"side":-1}},{"type":"Feature","geometry":{"type":"Point","coordinates":[19.381654,51.799928]},"properties":{"lines":"5, 8, 13","color":"#d6212b","mode":"tram","arr":["5","8","13","6."],"busLines":"6.","angle":17.9,"side":-1}},{"type":"Feature","geometry":{"type":"Point","coordinates":[19.377746,51.800708]},"properties":{"lines":"5, 8, 13","color":"#d6212b","mode":"tram","arr":["5","8","13","6."],"busLines":"6.","angle":17.9,"extra":1,"ei":0,"side":-1}},{"type":"Feature","geometry":{"type":"Point","coordinates":[19.383556,51.799548]},"properties":{"lines":"5, 8, 13","color":"#d6212b","mode":"tram","arr":["5","8","13","6."],"busLines":"6.","angle":17.9,"extra":1,"ei":1,"side":-1}},{"type":"Feature","geometry":{"type":"Point","coordinates":[19.386462,51.798968]},"properties":{"lines":"5, 8, 13","color":"#d6212b","mode":"tram","arr":["5","8","13","6."],"busLines":"6.","angle":17.8,"extra":1,"ei":2,"side":-1}},{"type":"Feature","geometry":{"type":"Point","coordinates":[19.390648,51.798137]},"properties":{"lines":"5, 8, 13","color":"#d6212b","mode":"tram","arr":["5","8","13"],"angle":17.8}},{"type":"Feature","geometry":{"type":"Point","coordinates":[19.388468,51.79857]},"properties":{"lines":"5, 8, 13","color":"#d6212b","mode":"tram","arr":["5","8","13"],"angle":17.8,"extra":1,"ei":0,"side":-1}},{"type":"Feature","geometry":{"type":"Point","coordinates":[19.394279,51.797411]},"properties":{"lines":"5, 8, 13","color":"#d6212b","mode":"tram","arr":["5","8","13"],"angle":18.1,"extra":1,"ei":1,"side":-1}},{"type":"Feature","geometry":{"type":"Point","coordinates":[19.401966,51.795874]},"properties":{"lines":"5, 8, 13","color":"#d6212b","mode":"tram","arr":["5","8","13","78","81A","81B","89","96","N1A","N1B"],"busLines":"78, 81A, 81B, 89, 96, N1A, N1B","angle":18,"side":-1}},{"type":"Feature","geometry":{"type":"Point","coordinates":[19.395731,51.797121]},"properties":{"lines":"5, 8, 13","color":"#d6212b","mode":"tram","arr":["5","8","13","78","81A","81B","89","96","N1A","N1B"],"busLines":"78, 81A, 81B, 89, 96, N1A, N1B","angle":17.9,"extra":1,"ei":0,"side":-1}},{"type":"Feature","geometry":{"type":"Point","coordinates":[19.398636,51.79654]},"properties":{"lines":"5, 8, 13","color":"#d6212b","mode":"tram","arr":["5","8","13","78","81A","81B","89","96","N1A","N1B"],"busLines":"78, 81A, 81B, 89, 96, N1A, N1B","angle":17.9,"extra":1,"ei":1,"side":-1}},{"type":"Feature","geometry":{"type":"Point","coordinates":[19.404456,51.795402]},"properties":{"lines":"5, 8, 13","color":"#d6212b","mode":"tram","arr":["5","8","13","78","81A","81B","89","96","N1A","N1B"],"busLines":"78, 81A, 81B, 89, 96, N1A, N1B","angle":15.8,"extra":1,"ei":2,"side":-1}},{"type":"Feature","geometry":{"type":"Point","coordinates":[19.407365,51.794829]},"properties":{"lines":"5, 8, 13","color":"#d6212b","mode":"tram","arr":["5","8","13","78","81A","81B","89","96","N1A","N1B"],"busLines":"78, 81A, 81B, 89, 96, N1A, N1B","angle":18.9,"extra":1,"ei":3,"side":-1}},{"type":"Feature","geometry":{"type":"Point","coordinates":[19.44907,51.788308]},"properties":{"lines":"3, 4, 11, 45","color":"#d6212b","mode":"tram","arr":["3","4","11","45","59","73","N5A","N5B"],"busLines":"59, 73, N5A, N5B","angle":-86.9,"mi":1}},{"type":"Feature","geometry":{"type":"Point","coordinates":[19.449219,51.789935]},"properties":{"lines":"3, 4, 11, 45","color":"#d6212b","mode":"tram","arr":["3","4","11","45"],"angle":83.1,"side":-1}},{"type":"Feature","geometry":{"type":"Point","coordinates":[19.449112,51.787383]},"properties":{"lines":"3, 4, 11, 45","color":"#d6212b","mode":"tram","arr":["3","4","11","45","59","73","N5A","N5B"],"busLines":"59, 73, N5A, N5B","angle":88.4}},{"type":"Feature","geometry":{"type":"Point","coordinates":[19.449178,51.788674]},"properties":{"lines":"3, 4, 11, 45","color":"#d6212b","mode":"tram","arr":["3","4","11","45","59","64A","64B","73","N5A","N5B"],"busLines":"59, 64A, 64B, 73, N5A, N5B","angle":-83.2}},{"type":"Feature","geometry":{"type":"Point","coordinates":[19.449298,51.789857]},"properties":{"lines":"3, 4, 11, 45","color":"#d6212b","mode":"tram","arr":["3","4","11","45"],"angle":83.1,"mi":1}},{"type":"Feature","geometry":{"type":"Point","coordinates":[19.45158,51.791039]},"properties":{"lines":"3","color":"#d6212b","mode":"tram","arr":["3"],"angle":-8.8}},{"type":"Feature","geometry":{"type":"Point","coordinates":[19.455768,51.796074]},"properties":{"lines":"3","color":"#d6212b","mode":"tram","arr":["3","65A","65B","N2"],"busLines":"65A, 65B, N2","angle":-82.7,"mi":1}},{"type":"Feature","geometry":{"type":"Point","coordinates":[19.454936,51.791965]},"properties":{"lines":"3","color":"#d6212b","mode":"tram","arr":["3","65A","65B","N2"],"busLines":"65A, 65B, N2","angle":-82.9,"extra":1,"ei":0}},{"type":"Feature","geometry":{"type":"Point","coordinates":[19.455296,51.793841]},"properties":{"lines":"3","color":"#d6212b","mode":"tram","arr":["3","65A","65B","N2"],"busLines":"65A, 65B, N2","angle":-84.5,"extra":1,"ei":1}},{"type":"Feature","geometry":{"type":"Point","coordinates":[19.455934,51.797594]},"properties":{"lines":"3","color":"#d6212b","mode":"tram","arr":["3","65A","65B","N2"],"busLines":"65A, 65B, N2","angle":-85.2,"extra":1,"ei":2,"side":-1}},{"type":"Feature","geometry":{"type":"Point","coordinates":[19.456511,51.799446]},"properties":{"lines":"3","color":"#d6212b","mode":"tram","arr":["3","65A","65B","N2"],"busLines":"65A, 65B, N2","angle":-73.1,"extra":1,"ei":3}},{"type":"Feature","geometry":{"type":"Point","coordinates":[19.457357,51.800888]},"properties":{"lines":"3","color":"#d6212b","mode":"tram","arr":["3","65A","65B","85B","N2"],"busLines":"65A, 65B, 85B, N2","angle":-67.1,"side":-1}},{"type":"Feature","geometry":{"type":"Point","coordinates":[19.45569,51.795918]},"properties":{"lines":"3","color":"#d6212b","mode":"tram","arr":["3","65A","65B","N2"],"busLines":"65A, 65B, N2","angle":-81.3}},{"type":"Feature","geometry":{"type":"Point","coordinates":[19.45663,51.799749]},"properties":{"lines":"3","color":"#d6212b","mode":"tram","arr":["3","65A","65B","N2"],"busLines":"65A, 65B, N2","angle":-70.6,"extra":1,"ei":0}},{"type":"Feature","geometry":{"type":"Point","coordinates":[19.455944,51.797912]},"properties":{"lines":"3","color":"#d6212b","mode":"tram","arr":["3","65A","65B","N2"],"busLines":"65A, 65B, N2","angle":-82.6,"extra":1,"ei":1}},{"type":"Feature","geometry":{"type":"Point","coordinates":[19.455297,51.79416]},"properties":{"lines":"3","color":"#d6212b","mode":"tram","arr":["3","65A","65B","N2"],"busLines":"65A, 65B, N2","angle":-84.5,"extra":1,"ei":2}},{"type":"Feature","geometry":{"type":"Point","coordinates":[19.454956,51.792284]},"properties":{"lines":"3","color":"#d6212b","mode":"tram","arr":["3","65A","65B","N2"],"busLines":"65A, 65B, N2","angle":-82.8,"extra":1,"ei":3}},{"type":"Feature","geometry":{"type":"Point","coordinates":[19.451577,51.791072]},"properties":{"lines":"3","color":"#d6212b","mode":"tram","arr":["3"],"angle":-9.1,"mi":1}},{"type":"Feature","geometry":{"type":"Point","coordinates":[19.507524,51.736047]},"properties":{"lines":"4, 14, Z2","color":"#d6212b","mode":"tram","arr":["4","14","Z2"],"angle":0.3}},{"type":"Feature","geometry":{"type":"Point","coordinates":[19.505618,51.736074]},"properties":{"lines":"4, 14, Z2","color":"#d6212b","mode":"tram","arr":["4","14","Z2","55A","55B","55C","69A","69B","71A","71B","72A","72B","92A","92B","F1","N6","N8","W"],"busLines":"55A, 55B, 55C, 69A, 69B, 71A, 71B, 72A, 72B, 92A, 92B, F1, N6, N8, W","angle":6.3}},{"type":"Feature","geometry":{"type":"Point","coordinates":[19.504179,51.736201]},"properties":{"lines":"4, 14, Z2","color":"#d6212b","mode":"tram","arr":["4","14","Z2","92A","92B","F1","N6","W"],"busLines":"92A, 92B, F1, N6, W","angle":8.2}},{"type":"Feature","geometry":{"type":"Point","coordinates":[19.501842,51.73641]},"properties":{"lines":"4, 14, Z2","color":"#d6212b","mode":"tram","arr":["4","14","Z2","92A","92B","F1","N6"],"busLines":"92A, 92B, F1, N6","angle":8.1}},{"type":"Feature","geometry":{"type":"Point","coordinates":[19.499863,51.736585]},"properties":{"lines":"4, 14, Z2","color":"#d6212b","mode":"tram","arr":["4","14","Z2","71A","71B","92A","92B","F1","N6"],"busLines":"71A, 71B, 92A, 92B, F1, N6","angle":8.2,"side":-1}},{"type":"Feature","geometry":{"type":"Point","coordinates":[19.496985,51.736841]},"properties":{"lines":"4, 14, Z2","color":"#d6212b","mode":"tram","arr":["4","14","Z2","55A","55B","55C","71A","71B","92A","92B","F1","N6","N8"],"busLines":"55A, 55B, 55C, 71A, 71B, 92A, 92B, F1, N6, N8","angle":7.9,"mi":1}},{"type":"Feature","geometry":{"type":"Point","coordinates":[19.49497,51.737015]},"properties":{"lines":"4, 14, Z2","color":"#d6212b","mode":"tram","arr":["4","14","Z2","55A","55B","55C","71A","71B","92A","92B","F1","N6","N8"],"busLines":"55A, 55B, 55C, 71A, 71B, 92A, 92B, F1, N6, N8","angle":8,"extra":1,"ei":0}},{"type":"Feature","geometry":{"type":"Point","coordinates":[19.491953,51.737283]},"properties":{"lines":"4, 14, Z2","color":"#d6212b","mode":"tram","arr":["4","14","Z2"],"angle":8.2,"side":-1}},{"type":"Feature","geometry":{"type":"Point","coordinates":[19.489931,51.737448]},"properties":{"lines":"4, 14, Z2","color":"#d6212b","mode":"tram","arr":["4","14","Z2"],"angle":7.8,"extra":1,"ei":0,"side":-1}},{"type":"Feature","geometry":{"type":"Point","coordinates":[19.491882,51.737262]},"properties":{"lines":"4, 14, Z2","color":"#d6212b","mode":"tram","arr":["4","14","Z2","92A","92B"],"busLines":"92A, 92B","angle":8.2,"side":-1}},{"type":"Feature","geometry":{"type":"Point","coordinates":[19.493806,51.737092]},"properties":{"lines":"4, 14, Z2","color":"#d6212b","mode":"tram","arr":["4","14","Z2","92A","92B"],"busLines":"92A, 92B","angle":8.2,"extra":1,"ei":0,"side":-1}},{"type":"Feature","geometry":{"type":"Point","coordinates":[19.497007,51.736805]},"properties":{"lines":"4, 14, Z2","color":"#d6212b","mode":"tram","arr":["4","14","Z2","55A","55B","55C","71A","71B","92A","92B","F1","N6","N8"],"busLines":"55A, 55B, 55C, 71A, 71B, 92A, 92B, F1, N6, N8","angle":8.3}},{"type":"Feature","geometry":{"type":"Point","coordinates":[19.499021,51.736625]},"properties":{"lines":"4, 14, Z2","color":"#d6212b","mode":"tram","arr":["4","14","Z2","55A","55B","55C","71A","71B","92A","92B","F1","N6","N8"],"busLines":"55A, 55B, 55C, 71A, 71B, 92A, 92B, F1, N6, N8","angle":8.2,"extra":1,"ei":0}},{"type":"Feature","geometry":{"type":"Point","coordinates":[19.499885,51.736548]},"properties":{"lines":"4, 14, Z2","color":"#d6212b","mode":"tram","arr":["4","14","Z2","71A","71B","92A","92B","F1","N6"],"busLines":"71A, 71B, 92A, 92B, F1, N6","angle":8.2,"side":-1,"mi":1}},{"type":"Feature","geometry":{"type":"Point","coordinates":[19.501863,51.736373]},"properties":{"lines":"4, 14, Z2","color":"#d6212b","mode":"tram","arr":["4","14","Z2","92A","92B","F1","N6"],"busLines":"92A, 92B, F1, N6","angle":8.2,"mi":1}},{"type":"Feature","geometry":{"type":"Point","coordinates":[19.504201,51.736164]},"properties":{"lines":"4, 14, Z2","color":"#d6212b","mode":"tram","arr":["4","14","Z2","92A","92B","F1","N6","W"],"busLines":"92A, 92B, F1, N6, W","angle":8.2,"mi":1}},{"type":"Feature","geometry":{"type":"Point","coordinates":[19.50564,51.736035]},"properties":{"lines":"4, 14, Z2","color":"#d6212b","mode":"tram","arr":["4","14","Z2","55A","55B","55C","69A","69B","71A","71B","72A","72B","92A","92B","F1","N6","N8","W"],"busLines":"55A, 55B, 55C, 69A, 69B, 71A, 71B, 72A, 72B, 92A, 92B, F1, N6, N8, W","angle":5.9,"side":-1,"mi":1}},{"type":"Feature","geometry":{"type":"Point","coordinates":[19.508,51.73601]},"properties":{"lines":"4, 14, Z2","color":"#d6212b","mode":"tram","arr":["4","14","Z2"],"angle":6.6,"mi":1}},{"type":"Feature","geometry":{"type":"Point","coordinates":[19.510164,51.735963]},"properties":{"lines":"4, 14, Z2","color":"#d6212b","mode":"tram","arr":["4","14","Z2","55A","F1","N6"],"busLines":"55A, F1, N6","angle":-82.4}},{"type":"Feature","geometry":{"type":"Point","coordinates":[19.489107,51.737619]},"properties":{"lines":"4, 14","color":"#d6212b","mode":"tram","arr":["4","14"],"angle":53.1}},{"type":"Feature","geometry":{"type":"Point","coordinates":[19.489017,51.737569]},"properties":{"lines":"4, 14","color":"#d6212b","mode":"tram","arr":["4","14"],"angle":51.3,"side":-1,"mi":1}},{"type":"Feature","geometry":{"type":"Point","coordinates":[19.489228,51.742619]},"properties":{"lines":"4, 13, 14","color":"#d6212b","mode":"tram","arr":["4","13","14"],"angle":-85.2,"mi":1}},{"type":"Feature","geometry":{"type":"Point","coordinates":[19.489012,51.738794]},"properties":{"lines":"4, 13, 14","color":"#d6212b","mode":"tram","arr":["4","13","14"],"angle":87.9,"extra":1,"ei":0}},{"type":"Feature","geometry":{"type":"Point","coordinates":[19.488967,51.740681]},"properties":{"lines":"4, 13, 14","color":"#d6212b","mode":"tram","arr":["4","13","14"],"angle":-85.7,"extra":1,"ei":1}},{"type":"Feature","geometry":{"type":"Point","coordinates":[19.489476,51.744445]},"properties":{"lines":"4, 13, 14","color":"#d6212b","mode":"tram","arr":["4","13","14"],"angle":-85.1,"extra":1,"ei":2}},{"type":"Feature","geometry":{"type":"Point","coordinates":[19.489727,51.746327]},"properties":{"lines":"4, 13, 14","color":"#d6212b","mode":"tram","arr":["4","13","14"],"angle":-85.4,"extra":1,"ei":3}},{"type":"Feature","geometry":{"type":"Point","coordinates":[19.489372,51.749611]},"properties":{"lines":"4, 13, 14","color":"#d6212b","mode":"tram","arr":["4","13","14","54B","55A","55B","55C","70","96","N8"],"busLines":"54B, 55A, 55B, 55C, 70, 96, N8","angle":89.9}},{"type":"Feature","geometry":{"type":"Point","coordinates":[19.48965,51.748321]},"properties":{"lines":"4, 13, 14","color":"#d6212b","mode":"tram","arr":["4","13","14","54B","55A","55B","55C","70","96","N8"],"busLines":"54B, 55A, 55B, 55C, 70, 96, N8","angle":79.3,"extra":1,"ei":0}},{"type":"Feature","geometry":{"type":"Point","coordinates":[19.489087,51.756354]},"properties":{"lines":"4, 13, 14","color":"#d6212b","mode":"tram","arr":["4","13","14","54B","70","96"],"busLines":"54B, 70, 96","angle":77.2}},{"type":"Feature","geometry":{"type":"Point","coordinates":[19.489356,51.752802]},"properties":{"lines":"4, 13, 14","color":"#d6212b","mode":"tram","arr":["4","13","14","54B","70","96"],"busLines":"54B, 70, 96","angle":88.8,"extra":1,"ei":0}},{"type":"Feature","geometry":{"type":"Point","coordinates":[19.489289,51.75469]},"properties":{"lines":"4, 13, 14","color":"#d6212b","mode":"tram","arr":["4","13","14","54B","70","96"],"busLines":"54B, 70, 96","angle":88.7,"extra":1,"ei":1}},{"type":"Feature","geometry":{"type":"Point","coordinates":[19.487944,51.758335]},"properties":{"lines":"4, 13, 14","color":"#d6212b","mode":"tram","arr":["4","13","14","54B","70","96"],"busLines":"54B, 70, 96","angle":68.3,"extra":1,"ei":2}},{"type":"Feature","geometry":{"type":"Point","coordinates":[19.486552,51.760013]},"properties":{"lines":"4, 13, 14","color":"#d6212b","mode":"tram","arr":["4","13","14","54B","70","96"],"busLines":"54B, 70, 96","angle":59,"extra":1,"ei":3}},{"type":"Feature","geometry":{"type":"Point","coordinates":[19.488725,51.756949]},"properties":{"lines":"4, 13, 14","color":"#d6212b","mode":"tram","arr":["4","13","14","54B","70","96"],"busLines":"54B, 70, 96","angle":69.9,"side":-1,"mi":1}},{"type":"Feature","geometry":{"type":"Point","coordinates":[19.485811,51.760695]},"properties":{"lines":"4, 13, 14","color":"#d6212b","mode":"tram","arr":["4","13","14","54B","70","96"],"busLines":"54B, 70, 96","angle":57.2,"extra":1,"ei":0}},{"type":"Feature","geometry":{"type":"Point","coordinates":[19.487352,51.759066]},"properties":{"lines":"4, 13, 14","color":"#d6212b","mode":"tram","arr":["4","13","14","54B","70","96"],"busLines":"54B, 70, 96","angle":63.7,"extra":1,"ei":1,"side":-1}},{"type":"Feature","geometry":{"type":"Point","coordinates":[19.489213,51.755492]},"properties":{"lines":"4, 13, 14","color":"#d6212b","mode":"tram","arr":["4","13","14","54B","70","96"],"busLines":"54B, 70, 96","angle":87.3,"extra":1,"ei":2}},{"type":"Feature","geometry":{"type":"Point","coordinates":[19.489282,51.753604]},"properties":{"lines":"4, 13, 14","color":"#d6212b","mode":"tram","arr":["4","13","14","54B","70","96"],"busLines":"54B, 70, 96","angle":88.7,"extra":1,"ei":3}},{"type":"Feature","geometry":{"type":"Point","coordinates":[19.489329,51.749625]},"properties":{"lines":"4, 13, 14","color":"#d6212b","mode":"tram","arr":["4","13","14","54B","55A","55B","55C","70","96","N8"],"busLines":"54B, 55A, 55B, 55C, 70, 96, N8","angle":-89.6,"mi":1}},{"type":"Feature","geometry":{"type":"Point","coordinates":[19.489366,51.750929]},"properties":{"lines":"4, 13, 14","color":"#d6212b","mode":"tram","arr":["4","13","14","54B","55A","55B","55C","70","96","N8"],"busLines":"54B, 55A, 55B, 55C, 70, 96, N8","angle":-89.4,"extra":1,"ei":0}},{"type":"Feature","geometry":{"type":"Point","coordinates":[19.489175,51.742571]},"properties":{"lines":"4, 13, 14","color":"#d6212b","mode":"tram","arr":["4","13","14"],"angle":-85.4}},{"type":"Feature","geometry":{"type":"Point","coordinates":[19.489697,51.746453]},"properties":{"lines":"4, 13, 14","color":"#d6212b","mode":"tram","arr":["4","13","14"],"angle":-86.7,"extra":1,"ei":0}},{"type":"Feature","geometry":{"type":"Point","coordinates":[19.489442,51.744571]},"properties":{"lines":"4, 13, 14","color":"#d6212b","mode":"tram","arr":["4","13","14"],"angle":-85.2,"extra":1,"ei":1}},{"type":"Feature","geometry":{"type":"Point","coordinates":[19.488937,51.740807]},"properties":{"lines":"4, 13, 14","color":"#d6212b","mode":"tram","arr":["4","13","14"],"angle":-85.3,"extra":1,"ei":2}},{"type":"Feature","geometry":{"type":"Point","coordinates":[19.488956,51.73892]},"properties":{"lines":"4, 13, 14","color":"#d6212b","mode":"tram","arr":["4","13","14"],"angle":88,"extra":1,"ei":3}},{"type":"Feature","geometry":{"type":"Point","coordinates":[19.485435,51.76111]},"properties":{"lines":"4","color":"#d6212b","mode":"tram","arr":["4","54B","70","96"],"busLines":"54B, 70, 96","angle":57.2}},{"type":"Feature","geometry":{"type":"Point","coordinates":[19.474412,51.769794]},"properties":{"lines":"4","color":"#d6212b","mode":"tram","arr":["4"],"angle":30}},{"type":"Feature","geometry":{"type":"Point","coordinates":[19.476739,51.771665]},"properties":{"lines":"4","color":"#d6212b","mode":"tram","arr":["4"],"angle":82.6,"extra":1,"ei":0}},{"type":"Feature","geometry":{"type":"Point","coordinates":[19.477128,51.769792]},"properties":{"lines":"4","color":"#d6212b","mode":"tram","arr":["4"],"angle":-78.3,"extra":1,"ei":1}},{"type":"Feature","geometry":{"type":"Point","coordinates":[19.471504,51.769992]},"properties":{"lines":"4","color":"#d6212b","mode":"tram","arr":["4"],"angle":4.9,"extra":1,"ei":2,"side":-1}},{"type":"Feature","geometry":{"type":"Point","coordinates":[19.468459,51.770126]},"properties":{"lines":"4","color":"#d6212b","mode":"tram","arr":["4"],"angle":3,"extra":1,"ei":3,"side":-1}},{"type":"Feature","geometry":{"type":"Point","coordinates":[19.464704,51.769588]},"properties":{"lines":"4","color":"#d6212b","mode":"tram","arr":["4","51A","51B","53A","53B","57","67","77","85B","101","N7A","N7B","Z13"],"busLines":"51A, 51B, 53A, 53B, 57, 67, 77, 85B, 101, N7A, N7B, Z13","angle":3.6,"side":-1}},{"type":"Feature","geometry":{"type":"Point","coordinates":[19.484242,51.765901]},"properties":{"lines":"4, 9","color":"#d6212b","mode":"tram","arr":["4","9","54B","60A","60B","60C","60D","70","80A","80B","96","Z13"],"busLines":"54B, 60A, 60B, 60C, 60D, 70, 80A, 80B, 96, Z13","angle":84.5}},{"type":"Feature","geometry":{"type":"Point","coordinates":[19.484755,51.762761]},"properties":{"lines":"4, 9","color":"#d6212b","mode":"tram","arr":["4","9","54B","60A","60B","60C","60D","70","80A","80B","96","Z13"],"busLines":"54B, 60A, 60B, 60C, 60D, 70, 80A, 80B, 96, Z13","angle":83.7,"extra":1,"ei":0,"side":-1}},{"type":"Feature","geometry":{"type":"Point","coordinates":[19.484368,51.764634]},"properties":{"lines":"4, 9","color":"#d6212b","mode":"tram","arr":["4","9","54B","60A","60B","60C","60D","70","80A","80B","96","Z13"],"busLines":"54B, 60A, 60B, 60C, 60D, 70, 80A, 80B, 96, Z13","angle":82.3,"extra":1,"ei":1}},{"type":"Feature","geometry":{"type":"Point","coordinates":[19.483724,51.768387]},"properties":{"lines":"4, 9","color":"#d6212b","mode":"tram","arr":["4","9","54B","60A","60B","60C","60D","70","80A","80B","96","Z13"],"busLines":"54B, 60A, 60B, 60C, 60D, 70, 80A, 80B, 96, Z13","angle":82.6,"extra":1,"ei":2}},{"type":"Feature","geometry":{"type":"Point","coordinates":[19.483058,51.771575]},"properties":{"lines":"4, 9","color":"#d6212b","mode":"tram","arr":["4","9","60A","60B","60C","60D","70","96","Z13"],"busLines":"60A, 60B, 60C, 60D, 70, 96, Z13","angle":82.6}},{"type":"Feature","geometry":{"type":"Point","coordinates":[19.482806,51.772779]},"properties":{"lines":"4, 9","color":"#d6212b","mode":"tram","arr":["4","9","60A","60B","60C","60D","70","96","Z13"],"busLines":"60A, 60B, 60C, 60D, 70, 96, Z13","angle":67.3,"extra":1,"ei":0}},{"type":"Feature","geometry":{"type":"Point","coordinates":[19.483014,51.771515]},"properties":{"lines":"4, 9","color":"#d6212b","mode":"tram","arr":["4","9","60A","60B","60C","60D","70","96","Z13"],"busLines":"60A, 60B, 60C, 60D, 70, 96, Z13","angle":82.6,"mi":1}},{"type":"Feature","geometry":{"type":"Point","coordinates":[19.483264,51.770322]},"properties":{"lines":"4, 9","color":"#d6212b","mode":"tram","arr":["4","9","60A","60B","60C","60D","70","96","Z13"],"busLines":"60A, 60B, 60C, 60D, 70, 96, Z13","angle":82.6,"extra":1,"ei":0}},{"type":"Feature","geometry":{"type":"Point","coordinates":[19.484211,51.765699]},"properties":{"lines":"4, 9","color":"#d6212b","mode":"tram","arr":["4","9","54B","60A","60B","60C","60D","70","80A","80B","96","Z13"],"busLines":"54B, 60A, 60B, 60C, 60D, 70, 80A, 80B, 96, Z13","angle":86.9,"mi":1}},{"type":"Feature","geometry":{"type":"Point","coordinates":[19.483549,51.768963]},"properties":{"lines":"4, 9","color":"#d6212b","mode":"tram","arr":["4","9","54B","60A","60B","60C","60D","70","80A","80B","96","Z13"],"busLines":"54B, 60A, 60B, 60C, 60D, 70, 80A, 80B, 96, Z13","angle":82.6,"extra":1,"ei":0}},{"type":"Feature","geometry":{"type":"Point","coordinates":[19.483941,51.76709]},"properties":{"lines":"4, 9","color":"#d6212b","mode":"tram","arr":["4","9","54B","60A","60B","60C","60D","70","80A","80B","96","Z13"],"busLines":"54B, 60A, 60B, 60C, 60D, 70, 80A, 80B, 96, Z13","angle":82.6,"extra":1,"ei":1}},{"type":"Feature","geometry":{"type":"Point","coordinates":[19.484594,51.763338]},"properties":{"lines":"4, 9","color":"#d6212b","mode":"tram","arr":["4","9","54B","60A","60B","60C","60D","70","80A","80B","96","Z13"],"busLines":"54B, 60A, 60B, 60C, 60D, 70, 80A, 80B, 96, Z13","angle":82.3,"extra":1,"ei":2}},{"type":"Feature","geometry":{"type":"Point","coordinates":[19.481882,51.772946]},"properties":{"lines":"4, 9, 12, O","color":"#d6212b","mode":"tram","arr":["4","9","12","O","96","Z13"],"busLines":"96, Z13","angle":-8.1}},{"type":"Feature","geometry":{"type":"Point","coordinates":[19.47918,51.772707]},"properties":{"lines":"4, 9, 12, O","color":"#d6212b","mode":"tram","arr":["4","9","12","O","58A","58B","96","N7A","N7B","Z13"],"busLines":"58A, 58B, 96, N7A, N7B, Z13","angle":-8.2,"mi":1}},{"type":"Feature","geometry":{"type":"Point","coordinates":[19.466228,51.769981]},"properties":{"lines":"4, 9, 12, O","color":"#d6212b","mode":"tram","arr":["4","9","12","O","51A","51B","53A","53B","57","67","77","85B","86","101","N7A","N7B","N8","Z13"],"busLines":"51A, 51B, 53A, 53B, 57, 67, 77, 85B, 86, 101, N7A, N7B, N8, Z13","angle":-17.4}},{"type":"Feature","geometry":{"type":"Point","coordinates":[19.464706,51.769687]},"properties":{"lines":"4, 9, 12, O","color":"#d6212b","mode":"tram","arr":["4","9","12","O","51A","51B","53A","53B","57","67","77","85B","86","101","N7A","N7B","N8","Z13"],"busLines":"51A, 51B, 53A, 53B, 57, 67, 77, 85B, 86, 101, N7A, N7B, N8, Z13","angle":-1.6,"mi":1}},{"type":"Feature","geometry":{"type":"Point","coordinates":[19.47964,51.772721]},"properties":{"lines":"4, 9, 12, O","color":"#d6212b","mode":"tram","arr":["4","9","12","O","58A","58B","96","N7A","N7B","Z13"],"busLines":"58A, 58B, 96, N7A, N7B, Z13","angle":-8.2}},{"type":"Feature","geometry":{"type":"Point","coordinates":[19.473772,51.769839]},"properties":{"lines":"4, 12, O","color":"#d6212b","mode":"tram","arr":["4","12","O"],"angle":5.6}},{"type":"Feature","geometry":{"type":"Point","coordinates":[19.466886,51.769945]},"properties":{"lines":"4, 12, O","color":"#d6212b","mode":"tram","arr":["4","12","O"],"angle":-17.5,"extra":1,"ei":0,"side":-1}},{"type":"Feature","geometry":{"type":"Point","coordinates":[19.469901,51.770026]},"properties":{"lines":"4, 12, O","color":"#d6212b","mode":"tram","arr":["4","12","O"],"angle":3.1,"extra":1,"ei":1,"side":-1}},{"type":"Feature","geometry":{"type":"Point","coordinates":[19.475754,51.76944]},"properties":{"lines":"4, 12, O","color":"#d6212b","mode":"tram","arr":["4","12","O"],"angle":-7.3,"extra":1,"ei":2}},{"type":"Feature","geometry":{"type":"Point","coordinates":[19.476999,51.770621]},"properties":{"lines":"4, 12, O","color":"#d6212b","mode":"tram","arr":["4","12","O"],"angle":82.6,"extra":1,"ei":3}},{"type":"Feature","geometry":{"type":"Point","coordinates":[19.476845,51.772455]},"properties":{"lines":"4, 12, O","color":"#d6212b","mode":"tram","arr":["4","12","O"],"angle":-53.7,"extra":1,"ei":4,"side":-1}},{"type":"Feature","geometry":{"type":"Point","coordinates":[19.446909,51.793851]},"properties":{"lines":"4, 11, 45","color":"#d6212b","mode":"tram","arr":["4","11","45","59","73","N5A","N5B"],"busLines":"59, 73, N5A, N5B","angle":65.9}},{"type":"Feature","geometry":{"type":"Point","coordinates":[19.448845,51.791173]},"properties":{"lines":"4, 11, 45","color":"#d6212b","mode":"tram","arr":["4","11","45","59","73","N5A","N5B"],"busLines":"59, 73, N5A, N5B","angle":67.9,"extra":1,"ei":0}},{"type":"Feature","geometry":{"type":"Point","coordinates":[19.445103,51.796344]},"properties":{"lines":"4, 11, 45","color":"#d6212b","mode":"tram","arr":["4","11","45","59","73","N5A","N5B"],"busLines":"59, 73, N5A, N5B","angle":65.9,"extra":1,"ei":1}},{"type":"Feature","geometry":{"type":"Point","coordinates":[19.441522,51.801886]},"properties":{"lines":"4, 11, 45","color":"#d6212b","mode":"tram","arr":["4","11","45","59","99"],"busLines":"59, 99","angle":75.4,"side":-1,"mi":1}},{"type":"Feature","geometry":{"type":"Point","coordinates":[19.443654,51.798479]},"properties":{"lines":"4, 11, 45","color":"#d6212b","mode":"tram","arr":["4","11","45","59","99"],"busLines":"59, 99","angle":67.1,"extra":1,"ei":0}},{"type":"Feature","geometry":{"type":"Point","coordinates":[19.442372,51.800193]},"properties":{"lines":"4, 11, 45","color":"#d6212b","mode":"tram","arr":["4","11","45","59","99"],"busLines":"59, 99","angle":65.4,"extra":1,"ei":1,"side":-1}},{"type":"Feature","geometry":{"type":"Point","coordinates":[19.440696,51.80382]},"properties":{"lines":"4, 11, 45","color":"#d6212b","mode":"tram","arr":["4","11","45","59","99"],"busLines":"59, 99","angle":75.1,"extra":1,"ei":2,"side":-1}},{"type":"Feature","geometry":{"type":"Point","coordinates":[19.439914,51.805646]},"properties":{"lines":"4, 11, 45","color":"#d6212b","mode":"tram","arr":["4","11","45","59","99"],"busLines":"59, 99","angle":75.1,"extra":1,"ei":3}},{"type":"Feature","geometry":{"type":"Point","coordinates":[19.437099,51.810912]},"properties":{"lines":"4, 11, 45","color":"#d6212b","mode":"tram","arr":["4","11","45","59"],"busLines":"59","angle":68.9,"side":-1,"mi":1}},{"type":"Feature","geometry":{"type":"Point","coordinates":[19.439222,51.807254]},"properties":{"lines":"4, 11, 45","color":"#d6212b","mode":"tram","arr":["4","11","45","59"],"busLines":"59","angle":75.1,"extra":1,"ei":0,"side":-1}},{"type":"Feature","geometry":{"type":"Point","coordinates":[19.438234,51.809039]},"properties":{"lines":"4, 11, 45","color":"#d6212b","mode":"tram","arr":["4","11","45","59"],"busLines":"59","angle":69.5,"extra":1,"ei":1,"side":-1}},{"type":"Feature","geometry":{"type":"Point","coordinates":[19.436095,51.812576]},"properties":{"lines":"4, 11, 45","color":"#d6212b","mode":"tram","arr":["4","11","45","59"],"busLines":"59","angle":69.4,"extra":1,"ei":2,"side":-1}},{"type":"Feature","geometry":{"type":"Point","coordinates":[19.434805,51.814275]},"properties":{"lines":"4, 11, 45","color":"#d6212b","mode":"tram","arr":["4","11","45","59"],"busLines":"59","angle":55.6,"extra":1,"ei":3,"side":-1}},{"type":"Feature","geometry":{"type":"Point","coordinates":[19.433824,51.815648]},"properties":{"lines":"4, 11, 45","color":"#d6212b","mode":"tram","arr":["4","11","45","59","N2"],"busLines":"59, N2","angle":74.1,"side":-1}},{"type":"Feature","geometry":{"type":"Point","coordinates":[19.43209,51.819187]},"properties":{"lines":"4, 11, 45","color":"#d6212b","mode":"tram","arr":["4","11","45","N2"],"busLines":"N2","angle":69.5,"side":-1}},{"type":"Feature","geometry":{"type":"Point","coordinates":[19.433423,51.816905]},"properties":{"lines":"4, 11, 45","color":"#d6212b","mode":"tram","arr":["4","11","45","N2"],"busLines":"N2","angle":77,"extra":1,"ei":0,"side":-1}},{"type":"Feature","geometry":{"type":"Point","coordinates":[19.43133,51.820452]},"properties":{"lines":"4, 11, 45","color":"#d6212b","mode":"tram","arr":["4","11","45","N2"],"busLines":"N2","angle":69.5,"extra":1,"ei":1,"side":-1}},{"type":"Feature","geometry":{"type":"Point","coordinates":[19.430263,51.822221]},"properties":{"lines":"4, 11, 45","color":"#d6212b","mode":"tram","arr":["4","11","45","N2"],"busLines":"N2","angle":69.5,"extra":1,"ei":2,"side":-1}},{"type":"Feature","geometry":{"type":"Point","coordinates":[19.429024,51.82427]},"properties":{"lines":"4, 11, 45","color":"#d6212b","mode":"tram","arr":["4","11","45"],"angle":69.5,"side":-1,"mi":2}},{"type":"Feature","geometry":{"type":"Point","coordinates":[19.427061,51.827518]},"properties":{"lines":"4, 11, 45","color":"#d6212b","mode":"tram","arr":["4","11","45","89"],"busLines":"89","angle":69.5,"side":-1}},{"type":"Feature","geometry":{"type":"Point","coordinates":[19.425998,51.829254]},"properties":{"lines":"4, 11, 45","color":"#d6212b","mode":"tram","arr":["4","11","45"],"angle":69.3}},{"type":"Feature","geometry":{"type":"Point","coordinates":[19.446835,51.79387]},"properties":{"lines":"4, 11, 45","color":"#d6212b","mode":"tram","arr":["4","11","45","59","73","N5A","N5B"],"busLines":"59, 73, N5A, N5B","angle":65.9,"mi":1}},{"type":"Feature","geometry":{"type":"Point","coordinates":[19.448768,51.79119]},"properties":{"lines":"4, 11, 45","color":"#d6212b","mode":"tram","arr":["4","11","45","59","73","N5A","N5B"],"busLines":"59, 73, N5A, N5B","angle":67.7,"extra":1,"ei":0,"side":-1}},{"type":"Feature","geometry":{"type":"Point","coordinates":[19.445029,51.796362]},"properties":{"lines":"4, 11, 45","color":"#d6212b","mode":"tram","arr":["4","11","45","59","73","N5A","N5B"],"busLines":"59, 73, N5A, N5B","angle":65.9,"extra":1,"ei":1}},{"type":"Feature","geometry":{"type":"Point","coordinates":[19.441459,51.801906]},"properties":{"lines":"4, 11, 45","color":"#d6212b","mode":"tram","arr":["4","11","45","59","99"],"busLines":"59, 99","angle":75.2,"side":-1}},{"type":"Feature","geometry":{"type":"Point","coordinates":[19.44358,51.798497]},"properties":{"lines":"4, 11, 45","color":"#d6212b","mode":"tram","arr":["4","11","45","59","99"],"busLines":"59, 99","angle":67,"extra":1,"ei":0}},{"type":"Feature","geometry":{"type":"Point","coordinates":[19.442298,51.800211]},"properties":{"lines":"4, 11, 45","color":"#d6212b","mode":"tram","arr":["4","11","45","59","99"],"busLines":"59, 99","angle":65.4,"extra":1,"ei":1,"side":-1}},{"type":"Feature","geometry":{"type":"Point","coordinates":[19.440629,51.80384]},"properties":{"lines":"4, 11, 45","color":"#d6212b","mode":"tram","arr":["4","11","45","59","99"],"busLines":"59, 99","angle":75.1,"extra":1,"ei":2,"side":-1}},{"type":"Feature","geometry":{"type":"Point","coordinates":[19.439845,51.805665]},"properties":{"lines":"4, 11, 45","color":"#d6212b","mode":"tram","arr":["4","11","45","59","99"],"busLines":"59, 99","angle":75.2,"extra":1,"ei":3,"side":-1}},{"type":"Feature","geometry":{"type":"Point","coordinates":[19.437026,51.810932]},"properties":{"lines":"4, 11, 45","color":"#d6212b","mode":"tram","arr":["4","11","45","59"],"busLines":"59","angle":69.3,"side":-1}},{"type":"Feature","geometry":{"type":"Point","coordinates":[19.439155,51.807274]},"properties":{"lines":"4, 11, 45","color":"#d6212b","mode":"tram","arr":["4","11","45","59"],"busLines":"59","angle":75.2,"extra":1,"ei":0,"side":-1}},{"type":"Feature","geometry":{"type":"Point","coordinates":[19.438162,51.809058]},"properties":{"lines":"4, 11, 45","color":"#d6212b","mode":"tram","arr":["4","11","45","59"],"busLines":"59","angle":69.4,"extra":1,"ei":1,"side":-1}},{"type":"Feature","geometry":{"type":"Point","coordinates":[19.436022,51.812595]},"properties":{"lines":"4, 11, 45","color":"#d6212b","mode":"tram","arr":["4","11","45","59"],"busLines":"59","angle":69.5,"extra":1,"ei":2,"side":-1}},{"type":"Feature","geometry":{"type":"Point","coordinates":[19.434716,51.814289]},"properties":{"lines":"4, 11, 45","color":"#d6212b","mode":"tram","arr":["4","11","45","59"],"busLines":"59","angle":56,"extra":1,"ei":3,"side":-1}},{"type":"Feature","geometry":{"type":"Point","coordinates":[19.433812,51.815561]},"properties":{"lines":"4, 11, 45","color":"#d6212b","mode":"tram","arr":["4","11","45"],"angle":72.2,"side":-1}},{"type":"Feature","geometry":{"type":"Point","coordinates":[19.432146,51.818996]},"properties":{"lines":"4, 11, 45","color":"#d6212b","mode":"tram","arr":["4","11","45","N2"],"busLines":"N2","angle":69.6,"side":-1,"mi":1}},{"type":"Feature","geometry":{"type":"Point","coordinates":[19.433428,51.816705]},"properties":{"lines":"4, 11, 45","color":"#d6212b","mode":"tram","arr":["4","11","45","N2"],"busLines":"N2","angle":78.8,"extra":1,"ei":0,"side":-1}},{"type":"Feature","geometry":{"type":"Point","coordinates":[19.431382,51.82026]},"properties":{"lines":"4, 11, 45","color":"#d6212b","mode":"tram","arr":["4","11","45","N2"],"busLines":"N2","angle":69.5,"extra":1,"ei":1,"side":-1}},{"type":"Feature","geometry":{"type":"Point","coordinates":[19.430315,51.822029]},"properties":{"lines":"4, 11, 45","color":"#d6212b","mode":"tram","arr":["4","11","45","N2"],"busLines":"N2","angle":69.6,"extra":1,"ei":2,"side":-1}},{"type":"Feature","geometry":{"type":"Point","coordinates":[19.42814,51.825631]},"properties":{"lines":"4, 11, 45","color":"#d6212b","mode":"tram","arr":["4","11","45","89"],"busLines":"89","angle":69.5,"side":-1,"mi":1}},{"type":"Feature","geometry":{"type":"Point","coordinates":[19.429578,51.823252]},"properties":{"lines":"4, 11, 45","color":"#d6212b","mode":"tram","arr":["4","11","45","89"],"busLines":"89","angle":69.5,"extra":1,"ei":0,"side":-1}},{"type":"Feature","geometry":{"type":"Point","coordinates":[19.427442,51.82679]},"properties":{"lines":"4, 11, 45","color":"#d6212b","mode":"tram","arr":["4","11","45","89"],"busLines":"89","angle":69.5,"extra":1,"ei":1,"side":-1}},{"type":"Feature","geometry":{"type":"Point","coordinates":[19.426382,51.828561]},"properties":{"lines":"4, 11, 45","color":"#d6212b","mode":"tram","arr":["4","11","45","89"],"busLines":"89","angle":69.4,"extra":1,"ei":2,"side":-1}},{"type":"Feature","geometry":{"type":"Point","coordinates":[19.425904,51.829336]},"properties":{"lines":"4, 11, 45","color":"#d6212b","mode":"tram","arr":["4","11","45"],"angle":69.5,"mi":1}},{"type":"Feature","geometry":{"type":"Point","coordinates":[19.4195,51.839196]},"properties":{"lines":"45","color":"#d6212b","mode":"tram","arr":["45"],"angle":60.3}},{"type":"Feature","geometry":{"type":"Point","coordinates":[19.425096,51.830659]},"properties":{"lines":"45","color":"#d6212b","mode":"tram","arr":["45"],"angle":68.5,"extra":1,"ei":0}},{"type":"Feature","geometry":{"type":"Point","coordinates":[19.424003,51.832422]},"properties":{"lines":"45","color":"#d6212b","mode":"tram","arr":["45"],"angle":69.4,"extra":1,"ei":1}},{"type":"Feature","geometry":{"type":"Point","coordinates":[19.422908,51.834185]},"properties":{"lines":"45","color":"#d6212b","mode":"tram","arr":["45"],"angle":69.1,"extra":1,"ei":2,"side":-1}},{"type":"Feature","geometry":{"type":"Point","coordinates":[19.421828,51.835951]},"properties":{"lines":"45","color":"#d6212b","mode":"tram","arr":["45"],"angle":69.5,"extra":1,"ei":3}},{"type":"Feature","geometry":{"type":"Point","coordinates":[19.420762,51.837721]},"properties":{"lines":"45","color":"#d6212b","mode":"tram","arr":["45"],"angle":69.4,"extra":1,"ei":4}},{"type":"Feature","geometry":{"type":"Point","coordinates":[19.417786,51.841014]},"properties":{"lines":"45","color":"#d6212b","mode":"tram","arr":["45"],"angle":60.3,"extra":1,"ei":5}},{"type":"Feature","geometry":{"type":"Point","coordinates":[19.416306,51.842666]},"properties":{"lines":"45","color":"#d6212b","mode":"tram","arr":["45"],"angle":60.2,"extra":1,"ei":6}},{"type":"Feature","geometry":{"type":"Point","coordinates":[19.41479,51.844305]},"properties":{"lines":"45","color":"#d6212b","mode":"tram","arr":["45"],"angle":60.1,"extra":1,"ei":7}},{"type":"Feature","geometry":{"type":"Point","coordinates":[19.413263,51.84594]},"properties":{"lines":"45","color":"#d6212b","mode":"tram","arr":["45"],"angle":60.1,"extra":1,"ei":8}},{"type":"Feature","geometry":{"type":"Point","coordinates":[19.413468,51.84741]},"properties":{"lines":"45","color":"#d6212b","mode":"tram","arr":["45"],"angle":-55.1,"extra":1,"ei":9}},{"type":"Feature","geometry":{"type":"Point","coordinates":[19.417122,51.841852]},"properties":{"lines":"45","color":"#d6212b","mode":"tram","arr":["45"],"angle":61.7,"mi":1}},{"type":"Feature","geometry":{"type":"Point","coordinates":[19.425208,51.830561]},"properties":{"lines":"45","color":"#d6212b","mode":"tram","arr":["45"],"angle":69.4,"extra":1,"ei":0}},{"type":"Feature","geometry":{"type":"Point","coordinates":[19.424119,51.832325]},"properties":{"lines":"45","color":"#d6212b","mode":"tram","arr":["45"],"angle":69.5,"extra":1,"ei":1}},{"type":"Feature","geometry":{"type":"Point","coordinates":[19.423028,51.834089]},"properties":{"lines":"45","color":"#d6212b","mode":"tram","arr":["45"],"angle":68.8,"extra":1,"ei":2}},{"type":"Feature","geometry":{"type":"Point","coordinates":[19.421947,51.835855]},"properties":{"lines":"45","color":"#d6212b","mode":"tram","arr":["45"],"angle":69.4,"extra":1,"ei":3}},{"type":"Feature","geometry":{"type":"Point","coordinates":[19.42088,51.837625]},"properties":{"lines":"45","color":"#d6212b","mode":"tram","arr":["45"],"angle":69.7,"extra":1,"ei":4}},{"type":"Feature","geometry":{"type":"Point","coordinates":[19.419473,51.839296]},"properties":{"lines":"45","color":"#d6212b","mode":"tram","arr":["45"],"angle":60.3,"extra":1,"ei":5}},{"type":"Feature","geometry":{"type":"Point","coordinates":[19.414936,51.844217]},"properties":{"lines":"45","color":"#d6212b","mode":"tram","arr":["45"],"angle":60.2,"extra":1,"ei":6}},{"type":"Feature","geometry":{"type":"Point","coordinates":[19.413399,51.845848]},"properties":{"lines":"45","color":"#d6212b","mode":"tram","arr":["45"],"angle":60.2,"extra":1,"ei":7}},{"type":"Feature","geometry":{"type":"Point","coordinates":[19.413422,51.84733]},"properties":{"lines":"45","color":"#d6212b","mode":"tram","arr":["45"],"angle":-48.2,"extra":1,"ei":8}},{"type":"Feature","geometry":{"type":"Point","coordinates":[19.414261,51.849133]},"properties":{"lines":"45","color":"#d6212b","mode":"tram","arr":["45"],"angle":-76.4,"extra":1,"ei":9}},{"type":"Feature","geometry":{"type":"Point","coordinates":[19.414979,51.850969]},"properties":{"lines":"45","color":"#d6212b","mode":"tram","arr":["45"],"angle":-76.4,"extra":1,"ei":10}},{"type":"Feature","geometry":{"type":"Point","coordinates":[19.415747,51.852795]},"properties":{"lines":"45","color":"#d6212b","mode":"tram","arr":["45"],"angle":-76.7,"extra":1,"ei":11}},{"type":"Feature","geometry":{"type":"Point","coordinates":[19.416189,51.854032]},"properties":{"lines":"45","color":"#d6212b","mode":"tram","arr":["45"],"angle":49.2}},{"type":"Feature","geometry":{"type":"Point","coordinates":[19.484014,51.737985]},"properties":{"lines":"Z2","color":"#d6212b","mode":"tram","arr":["Z2","92A","92B"],"busLines":"92A, 92B","angle":9}},{"type":"Feature","geometry":{"type":"Point","coordinates":[19.480259,51.738345]},"properties":{"lines":"Z2","color":"#d6212b","mode":"tram","arr":["Z2","92A","92B"],"busLines":"92A, 92B","angle":8.8,"extra":1,"ei":0}},{"type":"Feature","geometry":{"type":"Point","coordinates":[19.486293,51.737774]},"properties":{"lines":"Z2","color":"#d6212b","mode":"tram","arr":["Z2","92A","92B"],"busLines":"92A, 92B","angle":8.4,"extra":1,"ei":1}},{"type":"Feature","geometry":{"type":"Point","coordinates":[19.484051,51.738008]},"properties":{"lines":"Z2","color":"#d6212b","mode":"tram","arr":["Z2","92A","92B"],"busLines":"92A, 92B","angle":9.1,"mi":1}},{"type":"Feature","geometry":{"type":"Point","coordinates":[19.480168,51.73838]},"properties":{"lines":"Z2","color":"#d6212b","mode":"tram","arr":["Z2","92A","92B"],"busLines":"92A, 92B","angle":8.8,"extra":1,"ei":0}},{"type":"Feature","geometry":{"type":"Point","coordinates":[19.486202,51.737808]},"properties":{"lines":"Z2","color":"#d6212b","mode":"tram","arr":["Z2","92A","92B"],"busLines":"92A, 92B","angle":8.3,"extra":1,"ei":1}},{"type":"Feature","geometry":{"type":"Point","coordinates":[19.48921,51.737512]},"properties":{"lines":"Z2","color":"#d6212b","mode":"tram","arr":["Z2","92A","92B"],"busLines":"92A, 92B","angle":6.1,"extra":1,"ei":2,"side":-1}},{"type":"Feature","geometry":{"type":"Point","coordinates":[19.485576,51.718126]},"properties":{"lines":"5, 6, 15","color":"#d6212b","mode":"tram","arr":["5","6","15","52","56","62","63","70","71A","71B","75A","75B","N3A","N3B"],"busLines":"52, 56, 62, 63, 70, 71A, 71B, 75A, 75B, N3A, N3B","angle":-4.1}},{"type":"Feature","geometry":{"type":"Point","coordinates":[19.483348,51.722058]},"properties":{"lines":"5, 6, 15","color":"#d6212b","mode":"tram","arr":["5","6","15","52","56","62","63","70","71A","71B","75A","75B","H","N3A","N3B"],"busLines":"52, 56, 62, 63, 70, 71A, 71B, 75A, 75B, H, N3A, N3B","angle":69.1}},{"type":"Feature","geometry":{"type":"Point","coordinates":[19.484783,51.719097]},"properties":{"lines":"5, 6, 15","color":"#d6212b","mode":"tram","arr":["5","6","15","52","56","62","63","70","71A","71B","75A","75B","H","N3A","N3B"],"busLines":"52, 56, 62, 63, 70, 71A, 71B, 75A, 75B, H, N3A, N3B","angle":80.2,"extra":1,"ei":0}},{"type":"Feature","geometry":{"type":"Point","coordinates":[19.484051,51.720924]},"properties":{"lines":"5, 6, 15","color":"#d6212b","mode":"tram","arr":["5","6","15","52","56","62","63","70","71A","71B","75A","75B","H","N3A","N3B"],"busLines":"52, 56, 62, 63, 70, 71A, 71B, 75A, 75B, H, N3A, N3B","angle":68.8,"extra":1,"ei":1}},{"type":"Feature","geometry":{"type":"Point","coordinates":[19.481331,51.724289]},"properties":{"lines":"5, 6, 15","color":"#d6212b","mode":"tram","arr":["5","6","15","52","56","62","63","70","71A","71B","75A","75B","H","N3A","N3B"],"busLines":"52, 56, 62, 63, 70, 71A, 71B, 75A, 75B, H, N3A, N3B","angle":58.3,"extra":1,"ei":2}},{"type":"Feature","geometry":{"type":"Point","coordinates":[19.477825,51.727992]},"properties":{"lines":"5, 6, 15","color":"#d6212b","mode":"tram","arr":["5","6","15","52","56","70","75A","75B","H","N3A","N3B"],"busLines":"52, 56, 70, 75A, 75B, H, N3A, N3B","angle":58.5}},{"type":"Feature","geometry":{"type":"Point","coordinates":[19.479402,51.726401]},"properties":{"lines":"5, 6, 15","color":"#d6212b","mode":"tram","arr":["5","6","15","52","56","70","75A","75B","H","N3A","N3B"],"busLines":"52, 56, 70, 75A, 75B, H, N3A, N3B","angle":58.5,"extra":1,"ei":0}},{"type":"Feature","geometry":{"type":"Point","coordinates":[19.476086,51.729567]},"properties":{"lines":"5, 6, 15","color":"#d6212b","mode":"tram","arr":["5","6","15","52","56","70","75A","75B","H","N3A","N3B"],"busLines":"52, 56, 70, 75A, 75B, H, N3A, N3B","angle":50,"extra":1,"ei":1}},{"type":"Feature","geometry":{"type":"Point","coordinates":[19.472346,51.72964]},"properties":{"lines":"5, 6, 15","color":"#d6212b","mode":"tram","arr":["5","6","15","52","56","69A","69B","F1","H","N6"],"busLines":"52, 56, 69A, 69B, F1, H, N6","angle":-31.1,"mi":1}},{"type":"Feature","geometry":{"type":"Point","coordinates":[19.470603,51.728991]},"properties":{"lines":"5, 6, 15","color":"#d6212b","mode":"tram","arr":["5","6","15","52","56","69A","69B","F1","H","N6"],"busLines":"52, 56, 69A, 69B, F1, H, N6","angle":-31.1,"extra":1,"ei":0}},{"type":"Feature","geometry":{"type":"Point","coordinates":[19.467371,51.727779]},"properties":{"lines":"5, 6, 15","color":"#d6212b","mode":"tram","arr":["5","6","15","52","56","63","69A","69B","F1","H","N6"],"busLines":"52, 56, 63, 69A, 69B, F1, H, N6","angle":-31.2,"mi":1}},{"type":"Feature","geometry":{"type":"Point","coordinates":[19.463936,51.726519]},"properties":{"lines":"5, 6, 15","color":"#d6212b","mode":"tram","arr":["5","6","15"],"angle":-10.2,"side":-1}},{"type":"Feature","geometry":{"type":"Point","coordinates":[19.458032,51.728767]},"properties":{"lines":"5, 6, 15","color":"#d6212b","mode":"tram","arr":["5","6","15","52","57","63","69A","69B","F1","H","N6"],"busLines":"52, 57, 63, 69A, 69B, F1, H, N6","angle":39,"mi":1}},{"type":"Feature","geometry":{"type":"Point","coordinates":[19.461812,51.726947]},"properties":{"lines":"5, 6, 15","color":"#d6212b","mode":"tram","arr":["5","6","15","52","57","63","69A","69B","F1","H","N6"],"busLines":"52, 57, 63, 69A, 69B, F1, H, N6","angle":27,"extra":1,"ei":0}},{"type":"Feature","geometry":{"type":"Point","coordinates":[19.454681,51.730495]},"properties":{"lines":"5, 6, 15","color":"#d6212b","mode":"tram","arr":["5","6","15","52","57","63","69A","69B","F1","H","N6"],"busLines":"52, 57, 63, 69A, 69B, F1, H, N6","angle":40.1,"extra":1,"ei":1}},{"type":"Feature","geometry":{"type":"Point","coordinates":[19.452687,51.730953]},"properties":{"lines":"5, 6, 15","color":"#d6212b","mode":"tram","arr":["5","6","15"],"angle":22.3,"mi":2}},{"type":"Feature","geometry":{"type":"Point","coordinates":[19.457888,51.7288]},"properties":{"lines":"5, 6, 15","color":"#d6212b","mode":"tram","arr":["5","6","15","52","57","63","69A","69B","F1","H","N6"],"busLines":"52, 57, 63, 69A, 69B, F1, H, N6","angle":39}},{"type":"Feature","geometry":{"type":"Point","coordinates":[19.454385,51.730606]},"properties":{"lines":"5, 6, 15","color":"#d6212b","mode":"tram","arr":["5","6","15","52","57","63","69A","69B","F1","H","N6"],"busLines":"52, 57, 63, 69A, 69B, F1, H, N6","angle":40.1,"extra":1,"ei":0}},{"type":"Feature","geometry":{"type":"Point","coordinates":[19.461478,51.727025]},"properties":{"lines":"5, 6, 15","color":"#d6212b","mode":"tram","arr":["5","6","15","52","57","63","69A","69B","F1","H","N6"],"busLines":"52, 57, 63, 69A, 69B, F1, H, N6","angle":31.1,"extra":1,"ei":1}},{"type":"Feature","geometry":{"type":"Point","coordinates":[19.463184,51.726583]},"properties":{"lines":"5, 6, 15","color":"#d6212b","mode":"tram","arr":["5","6","15","52","57","63","69A","69B","F1","N6"],"busLines":"52, 57, 63, 69A, 69B, F1, N6","angle":19.9}},{"type":"Feature","geometry":{"type":"Point","coordinates":[19.464059,51.726507]},"properties":{"lines":"5, 6, 15","color":"#d6212b","mode":"tram","arr":["5","6","15"],"angle":-17,"mi":1}},{"type":"Feature","geometry":{"type":"Point","coordinates":[19.467327,51.727725]},"properties":{"lines":"5, 6, 15","color":"#d6212b","mode":"tram","arr":["5","6","15","52","56","63","69A","69B","F1","H","N6"],"busLines":"52, 56, 63, 69A, 69B, F1, H, N6","angle":-31.2}},{"type":"Feature","geometry":{"type":"Point","coordinates":[19.472303,51.729586]},"properties":{"lines":"5, 6, 15","color":"#d6212b","mode":"tram","arr":["5","6","15","52","56","69A","69B","F1","H","N6"],"busLines":"52, 56, 69A, 69B, F1, H, N6","angle":-31.1}},{"type":"Feature","geometry":{"type":"Point","coordinates":[19.47406,51.73022]},"properties":{"lines":"5, 6, 15","color":"#d6212b","mode":"tram","arr":["5","6","15","52","56","69A","69B","F1","H","N6"],"busLines":"52, 56, 69A, 69B, F1, H, N6","angle":-27.2,"extra":1,"ei":0}},{"type":"Feature","geometry":{"type":"Point","coordinates":[19.477787,51.727979]},"properties":{"lines":"5, 6, 15","color":"#d6212b","mode":"tram","arr":["5","6","15","52","56","70","75A","75B","H","N3A","N3B"],"busLines":"52, 56, 70, 75A, 75B, H, N3A, N3B","angle":58.5,"mi":1}},{"type":"Feature","geometry":{"type":"Point","coordinates":[19.476094,51.72952]},"properties":{"lines":"5, 6, 15","color":"#d6212b","mode":"tram","arr":["5","6","15","52","56","70","75A","75B","H","N3A","N3B"],"busLines":"52, 56, 70, 75A, 75B, H, N3A, N3B","angle":50,"extra":1,"ei":0}},{"type":"Feature","geometry":{"type":"Point","coordinates":[19.4794,51.72635]},"properties":{"lines":"5, 6, 15","color":"#d6212b","mode":"tram","arr":["5","6","15","52","56","70","75A","75B","H","N3A","N3B"],"busLines":"52, 56, 70, 75A, 75B, H, N3A, N3B","angle":58.5,"extra":1,"ei":1}},{"type":"Feature","geometry":{"type":"Point","coordinates":[19.483387,51.721893]},"properties":{"lines":"5, 6, 15","color":"#d6212b","mode":"tram","arr":["5","6","15","52","56","62","63","70","71A","71B","75A","75B","H","N3A","N3B"],"busLines":"52, 56, 62, 63, 70, 71A, 71B, 75A, 75B, H, N3A, N3B","angle":69,"side":-1,"mi":1}},{"type":"Feature","geometry":{"type":"Point","coordinates":[19.480832,51.724735]},"properties":{"lines":"5, 6, 15","color":"#d6212b","mode":"tram","arr":["5","6","15","52","56","62","63","70","71A","71B","75A","75B","H","N3A","N3B"],"busLines":"52, 56, 62, 63, 70, 71A, 71B, 75A, 75B, H, N3A, N3B","angle":61.1,"extra":1,"ei":0}},{"type":"Feature","geometry":{"type":"Point","coordinates":[19.482422,51.723123]},"properties":{"lines":"5, 6, 15","color":"#d6212b","mode":"tram","arr":["5","6","15","52","56","62","63","70","71A","71B","75A","75B","H","N3A","N3B"],"busLines":"52, 56, 62, 63, 70, 71A, 71B, 75A, 75B, H, N3A, N3B","angle":58.5,"extra":1,"ei":1}},{"type":"Feature","geometry":{"type":"Point","coordinates":[19.484578,51.719611]},"properties":{"lines":"5, 6, 15","color":"#d6212b","mode":"tram","arr":["5","6","15","52","56","62","63","70","71A","71B","75A","75B","H","N3A","N3B"],"busLines":"52, 56, 62, 63, 70, 71A, 71B, 75A, 75B, H, N3A, N3B","angle":80.1,"extra":1,"ei":2,"side":-1}},{"type":"Feature","geometry":{"type":"Point","coordinates":[19.452346,51.731476]},"properties":{"lines":"5, 6, 15, 16, 41, Z2","color":"#d6212b","mode":"tram","arr":["5","6","15","16","41","Z2"],"angle":-86.6}},{"type":"Feature","geometry":{"type":"Point","coordinates":[19.454917,51.732808]},"properties":{"lines":"5, 6, 41, Z2","color":"#d6212b","mode":"tram","arr":["5","6","41","Z2","50A","50B","57","68","N4A","N4B","N6","N7A","N7B"],"busLines":"50A, 50B, 57, 68, N4A, N4B, N6, N7A, N7B","angle":-53.1}},{"type":"Feature","geometry":{"type":"Point","coordinates":[19.456085,51.73377]},"properties":{"lines":"5, 6, 41, Z2","color":"#d6212b","mode":"tram","arr":["5","6","41","Z2","50A","50B","57","68","N4A","N4B","N6","N7A","N7B"],"busLines":"50A, 50B, 57, 68, N4A, N4B, N6, N7A, N7B","angle":-52.7,"extra":1,"ei":0}},{"type":"Feature","geometry":{"type":"Point","coordinates":[19.45774,51.735081]},"properties":{"lines":"5, 6, 41, Z2","color":"#d6212b","mode":"tram","arr":["5","6","41","Z2","50A","50B","57","68","N4A","N4B","N6"],"busLines":"50A, 50B, 57, 68, N4A, N4B, N6","angle":-53}},{"type":"Feature","geometry":{"type":"Point","coordinates":[19.461347,51.738043]},"properties":{"lines":"5, 6, 41, Z2","color":"#d6212b","mode":"tram","arr":["5","6","41","Z2","50A","50B","63","68","72A","72B","N3A","N3B","N4A","N4B","N6"],"busLines":"50A, 50B, 63, 68, 72A, 72B, N3A, N3B, N4A, N4B, N6","angle":-53,"mi":1}},{"type":"Feature","geometry":{"type":"Point","coordinates":[19.464081,51.739855]},"properties":{"lines":"5, 6, 41, Z2","color":"#d6212b","mode":"tram","arr":["5","6","41","Z2"],"angle":-5.9}},{"type":"Feature","geometry":{"type":"Point","coordinates":[19.461435,51.738156]},"properties":{"lines":"5, 6, 41, Z2","color":"#d6212b","mode":"tram","arr":["5","6","41","Z2","50A","50B","63","68","72A","72B","N3A","N3B","N4A","N4B","N6"],"busLines":"50A, 50B, 63, 68, 72A, 72B, N3A, N3B, N4A, N4B, N6","angle":-53}},{"type":"Feature","geometry":{"type":"Point","coordinates":[19.459171,51.736327]},"properties":{"lines":"5, 6, 41, Z2","color":"#d6212b","mode":"tram","arr":["5","6","41","Z2","50A","50B","57","63","68","72A","72B","N3A","N3B","N4A","N4B","N6"],"busLines":"50A, 50B, 57, 63, 68, 72A, 72B, N3A, N3B, N4A, N4B, N6","angle":-54.8}},{"type":"Feature","geometry":{"type":"Point","coordinates":[19.457772,51.735149]},"properties":{"lines":"5, 6, 41, Z2","color":"#d6212b","mode":"tram","arr":["5","6","41","Z2","50A","50B","57","68","N4A","N4B","N6"],"busLines":"50A, 50B, 57, 68, N4A, N4B, N6","angle":-53.1,"mi":1}},{"type":"Feature","geometry":{"type":"Point","coordinates":[19.454984,51.732908]},"properties":{"lines":"5, 6, 41, Z2","color":"#d6212b","mode":"tram","arr":["5","6","41","Z2","50A","50B","57","68","N4A","N4B","N6","N7A","N7B"],"busLines":"50A, 50B, 57, 68, N4A, N4B, N6, N7A, N7B","angle":-53.1,"mi":1}},{"type":"Feature","geometry":{"type":"Point","coordinates":[19.453777,51.731917]},"properties":{"lines":"5, 6, 41, Z2","color":"#d6212b","mode":"tram","arr":["5","6","41","Z2","50A","50B","57","68","N4A","N4B","N6","N7A","N7B"],"busLines":"50A, 50B, 57, 68, N4A, N4B, N6, N7A, N7B","angle":-36.7,"extra":1,"ei":0}},{"type":"Feature","geometry":{"type":"Point","coordinates":[19.452854,51.731901]},"properties":{"lines":"5, 6, 41, Z2","color":"#d6212b","mode":"tram","arr":["5","6","41","Z2"],"angle":-11.7,"side":-1}},{"type":"Feature","geometry":{"type":"Point","coordinates":[19.471263,51.739125]},"properties":{"lines":"5, 6, Z2","color":"#d6212b","mode":"tram","arr":["5","6","Z2","N3A","N3B"],"busLines":"N3A, N3B","angle":-3.6,"mi":1}},{"type":"Feature","geometry":{"type":"Point","coordinates":[19.466085,51.739445]},"properties":{"lines":"5, 6, Z2","color":"#d6212b","mode":"tram","arr":["5","6","Z2","N3A","N3B"],"busLines":"N3A, N3B","angle":58.3,"extra":1,"ei":0}},{"type":"Feature","geometry":{"type":"Point","coordinates":[19.468336,51.738776]},"properties":{"lines":"5, 6, Z2","color":"#d6212b","mode":"tram","arr":["5","6","Z2","N3A","N3B"],"busLines":"N3A, N3B","angle":-17.2,"extra":1,"ei":1}},{"type":"Feature","geometry":{"type":"Point","coordinates":[19.474346,51.738941]},"properties":{"lines":"5, 6, Z2","color":"#d6212b","mode":"tram","arr":["5","6","Z2","N3A","N3B"],"busLines":"N3A, N3B","angle":9.2,"extra":1,"ei":2}},{"type":"Feature","geometry":{"type":"Point","coordinates":[19.47736,51.73864]},"properties":{"lines":"5, 6, Z2","color":"#d6212b","mode":"tram","arr":["5","6","Z2","N3A","N3B"],"busLines":"N3A, N3B","angle":9.2,"extra":1,"ei":3}},{"type":"Feature","geometry":{"type":"Point","coordinates":[19.471386,51.739157]},"properties":{"lines":"5, 6, Z2","color":"#d6212b","mode":"tram","arr":["5","6","Z2","N3A","N3B"],"busLines":"N3A, N3B","angle":-3.4}},{"type":"Feature","geometry":{"type":"Point","coordinates":[19.477157,51.73869]},"properties":{"lines":"5, 6, Z2","color":"#d6212b","mode":"tram","arr":["5","6","Z2","N3A","N3B"],"busLines":"N3A, N3B","angle":9.1,"extra":1,"ei":0}},{"type":"Feature","geometry":{"type":"Point","coordinates":[19.474143,51.738988]},"properties":{"lines":"5, 6, Z2","color":"#d6212b","mode":"tram","arr":["5","6","Z2","N3A","N3B"],"busLines":"N3A, N3B","angle":9.2,"extra":1,"ei":1}},{"type":"Feature","geometry":{"type":"Point","coordinates":[19.46814,51.738765]},"properties":{"lines":"5, 6, Z2","color":"#d6212b","mode":"tram","arr":["5","6","Z2","N3A","N3B"],"busLines":"N3A, N3B","angle":-17.5,"extra":1,"ei":2}},{"type":"Feature","geometry":{"type":"Point","coordinates":[19.465986,51.739596]},"properties":{"lines":"5, 6, Z2","color":"#d6212b","mode":"tram","arr":["5","6","Z2","N3A","N3B"],"busLines":"N3A, N3B","angle":54.8,"extra":1,"ei":3}},{"type":"Feature","geometry":{"type":"Point","coordinates":[19.464187,51.739915]},"properties":{"lines":"5, 6, Z2","color":"#d6212b","mode":"tram","arr":["5","6","Z2"],"angle":-5.9}},{"type":"Feature","geometry":{"type":"Point","coordinates":[19.478732,51.73868]},"properties":{"lines":"5, 6","color":"#d6212b","mode":"tram","arr":["5","6"],"angle":-62.2}},{"type":"Feature","geometry":{"type":"Point","coordinates":[19.415198,51.793223]},"properties":{"lines":"5, 8, 13, 16, Z1","color":"#d6212b","mode":"tram","arr":["5","8","13","16","Z1","96","N1A","N1B"],"busLines":"96, N1A, N1B","angle":17.9,"side":-1}},{"type":"Feature","geometry":{"type":"Point","coordinates":[19.411102,51.794043]},"properties":{"lines":"5, 8, 13, 16, Z1","color":"#d6212b","mode":"tram","arr":["5","8","13","16","Z1","96","N1A","N1B"],"busLines":"96, N1A, N1B","angle":18,"extra":1,"ei":0,"side":-1}},{"type":"Feature","geometry":{"type":"Point","coordinates":[19.419803,51.792278]},"properties":{"lines":"5, 8, 13, 16, Z1","color":"#d6212b","mode":"tram","arr":["5","8","13","16","Z1","96","N1A","N1B"],"busLines":"96, N1A, N1B","angle":19.8,"extra":1,"ei":1,"side":-1}},{"type":"Feature","geometry":{"type":"Point","coordinates":[19.434704,51.789415]},"properties":{"lines":"5, Z1","color":"#d6212b","mode":"tram","arr":["5","Z1"],"angle":18.1}},{"type":"Feature","geometry":{"type":"Point","coordinates":[19.422183,51.791794]},"properties":{"lines":"5, Z1","color":"#d6212b","mode":"tram","arr":["5","Z1"],"angle":17.8,"extra":1,"ei":0,"side":-1}},{"type":"Feature","geometry":{"type":"Point","coordinates":[19.425096,51.791229]},"properties":{"lines":"5, Z1","color":"#d6212b","mode":"tram","arr":["5","Z1"],"angle":17.9,"extra":1,"ei":1,"side":-1}},{"type":"Feature","geometry":{"type":"Point","coordinates":[19.427998,51.790643]},"properties":{"lines":"5, Z1","color":"#d6212b","mode":"tram","arr":["5","Z1"],"angle":18.1,"extra":1,"ei":2,"side":-1}},{"type":"Feature","geometry":{"type":"Point","coordinates":[19.430942,51.790168]},"properties":{"lines":"5, Z1","color":"#d6212b","mode":"tram","arr":["5","Z1"],"angle":18.1,"extra":1,"ei":3}},{"type":"Feature","geometry":{"type":"Point","coordinates":[19.436749,51.789002]},"properties":{"lines":"5, Z1","color":"#d6212b","mode":"tram","arr":["5","Z1"],"angle":18,"extra":1,"ei":4}},{"type":"Feature","geometry":{"type":"Point","coordinates":[19.439655,51.788423]},"properties":{"lines":"5, Z1","color":"#d6212b","mode":"tram","arr":["5","Z1"],"angle":17.5,"extra":1,"ei":5}},{"type":"Feature","geometry":{"type":"Point","coordinates":[19.442568,51.787861]},"properties":{"lines":"5, Z1","color":"#d6212b","mode":"tram","arr":["5","Z1"],"angle":13.9,"extra":1,"ei":6}},{"type":"Feature","geometry":{"type":"Point","coordinates":[19.44556,51.787485]},"properties":{"lines":"5, Z1","color":"#d6212b","mode":"tram","arr":["5","Z1"],"angle":11.5,"extra":1,"ei":7}},{"type":"Feature","geometry":{"type":"Point","coordinates":[19.448567,51.787169]},"properties":{"lines":"5, Z1","color":"#d6212b","mode":"tram","arr":["5","Z1"],"angle":12,"extra":1,"ei":8}},{"type":"Feature","geometry":{"type":"Point","coordinates":[19.544965,51.759388]},"properties":{"lines":"6, 9, 10A, 10B","color":"#d6212b","mode":"tram","arr":["6","9","10A","10B","75A","75B","82A","82B","201","202","N5A","N5B","W"],"busLines":"75A, 75B, 82A, 82B, 201, 202, N5A, N5B, W","angle":16.4}},{"type":"Feature","geometry":{"type":"Point","coordinates":[19.548641,51.758713]},"properties":{"lines":"6, 9, 10A, 10B","color":"#d6212b","mode":"tram","arr":["6","9","10A","10B","75A","75B","82A","82B","201","202","N5A","N5B","W"],"busLines":"75A, 75B, 82A, 82B, 201, 202, N5A, N5B, W","angle":16.6,"extra":1,"ei":0}},{"type":"Feature","geometry":{"type":"Point","coordinates":[19.542787,51.759786]},"properties":{"lines":"6, 9, 10A, 10B","color":"#d6212b","mode":"tram","arr":["6","9","10A","10B","75A","75B","82A","82B","201","202","N5A","N5B","W"],"busLines":"75A, 75B, 82A, 82B, 201, 202, N5A, N5B, W","angle":16.5,"extra":1,"ei":1}},{"type":"Feature","geometry":{"type":"Point","coordinates":[19.53985,51.760299]},"properties":{"lines":"6, 9, 10A, 10B","color":"#d6212b","mode":"tram","arr":["6","9","10A","10B","75A","75B","82A","82B","201","202","N5A","N5B","W"],"busLines":"75A, 75B, 82A, 82B, 201, 202, N5A, N5B, W","angle":15,"extra":1,"ei":2}},{"type":"Feature","geometry":{"type":"Point","coordinates":[19.538613,51.760522]},"properties":{"lines":"6, 9, 10A, 10B","color":"#d6212b","mode":"tram","arr":["6","9","10A","10B"],"angle":16.4,"side":-1,"mi":1}},{"type":"Feature","geometry":{"type":"Point","coordinates":[19.538741,51.760461]},"properties":{"lines":"6, 9, 10A, 10B","color":"#d6212b","mode":"tram","arr":["6","9","10A","10B"],"angle":16.5,"side":-1}},{"type":"Feature","geometry":{"type":"Point","coordinates":[19.544762,51.75938]},"properties":{"lines":"6, 9, 10A, 10B","color":"#d6212b","mode":"tram","arr":["6","9","10A","10B","75A","75B","82A","82B","201","202","N5A","N5B","W"],"busLines":"75A, 75B, 82A, 82B, 201, 202, N5A, N5B, W","angle":16.5,"side":-1,"mi":1}},{"type":"Feature","geometry":{"type":"Point","coordinates":[19.54152,51.759972]},"properties":{"lines":"6, 9, 10A, 10B","color":"#d6212b","mode":"tram","arr":["6","9","10A","10B","75A","75B","82A","82B","201","202","N5A","N5B","W"],"busLines":"75A, 75B, 82A, 82B, 201, 202, N5A, N5B, W","angle":16.5,"extra":1,"ei":0}},{"type":"Feature","geometry":{"type":"Point","coordinates":[19.547375,51.758903]},"properties":{"lines":"6, 9, 10A, 10B","color":"#d6212b","mode":"tram","arr":["6","9","10A","10B","75A","75B","82A","82B","201","202","N5A","N5B","W"],"busLines":"75A, 75B, 82A, 82B, 201, 202, N5A, N5B, W","angle":16.4,"extra":1,"ei":1,"side":-1}},{"type":"Feature","geometry":{"type":"Point","coordinates":[19.550321,51.758365]},"properties":{"lines":"6, 9, 10A, 10B","color":"#d6212b","mode":"tram","arr":["6","9","10A","10B"],"angle":19.9,"side":-1,"mi":2}},{"type":"Feature","geometry":{"type":"Point","coordinates":[19.520618,51.751739]},"properties":{"lines":"6","color":"#d6212b","mode":"tram","arr":["6","64B","69A","69B","96","N5A","N5B"],"busLines":"64B, 69A, 69B, 96, N5A, N5B","angle":-13.7}},{"type":"Feature","geometry":{"type":"Point","coordinates":[19.47621,51.745446]},"properties":{"lines":"6","color":"#d6212b","mode":"tram","arr":["6"],"angle":-52.6,"side":-1}},{"type":"Feature","geometry":{"type":"Point","coordinates":[19.52061,51.751701]},"properties":{"lines":"6","color":"#d6212b","mode":"tram","arr":["6","64A","96","N5A","N5B"],"busLines":"64A, 96, N5A, N5B","angle":-13.8}},{"type":"Feature","geometry":{"type":"Point","coordinates":[19.537073,51.760667]},"properties":{"lines":"6","color":"#d6212b","mode":"tram","arr":["6"],"angle":-32,"side":-1}},{"type":"Feature","geometry":{"type":"Point","coordinates":[19.53656,51.759904]},"properties":{"lines":"6, 8","color":"#d6212b","mode":"tram","arr":["6","8"],"angle":-75.2,"side":-1,"mi":4}},{"type":"Feature","geometry":{"type":"Point","coordinates":[19.534907,51.756402]},"properties":{"lines":"6, 8","color":"#d6212b","mode":"tram","arr":["6","8","69A","69B","80A","80B","N1A","N1B","N5A","N5B","W"],"busLines":"69A, 69B, 80A, 80B, N1A, N1B, N5A, N5B, W","angle":-63.2}},{"type":"Feature","geometry":{"type":"Point","coordinates":[19.535916,51.758393]},"properties":{"lines":"6, 8","color":"#d6212b","mode":"tram","arr":["6","8","69A","69B","80A","80B","N1A","N1B","N5A","N5B","W"],"busLines":"69A, 69B, 80A, 80B, N1A, N1B, N5A, N5B, W","angle":-75.3,"extra":1,"ei":0}},{"type":"Feature","geometry":{"type":"Point","coordinates":[19.53341,51.754995]},"properties":{"lines":"6, 8","color":"#d6212b","mode":"tram","arr":["6","8","69A","69B","80A","80B","N1A","N1B","N5A","N5B","W"],"busLines":"69A, 69B, 80A, 80B, N1A, N1B, N5A, N5B, W","angle":-55.2,"extra":1,"ei":1}},{"type":"Feature","geometry":{"type":"Point","coordinates":[19.530627,51.752646]},"properties":{"lines":"6, 8","color":"#d6212b","mode":"tram","arr":["6","8"],"angle":-5.8,"mi":1}},{"type":"Feature","geometry":{"type":"Point","coordinates":[19.524603,51.752182]},"properties":{"lines":"6, 8","color":"#d6212b","mode":"tram","arr":["6","8","64B","69A","69B","96","N5A","N5B"],"busLines":"64B, 69A, 69B, 96, N5A, N5B","angle":-9.9}},{"type":"Feature","geometry":{"type":"Point","coordinates":[19.524443,51.752128]},"properties":{"lines":"6, 8","color":"#d6212b","mode":"tram","arr":["6","8","64B","69A","69B","96","N5A","N5B"],"busLines":"64B, 69A, 69B, 96, N5A, N5B","angle":-9.9,"side":-1,"mi":1}},{"type":"Feature","geometry":{"type":"Point","coordinates":[19.528661,51.752525]},"properties":{"lines":"6, 8","color":"#d6212b","mode":"tram","arr":["6","8"],"angle":-4.1,"mi":2}},{"type":"Feature","geometry":{"type":"Point","coordinates":[19.530293,51.752597]},"properties":{"lines":"6, 8","color":"#d6212b","mode":"tram","arr":["6","8","64B","69A","69B","96","N5A","N5B"],"busLines":"64B, 69A, 69B, 96, N5A, N5B","angle":-4.1,"mi":2}},{"type":"Feature","geometry":{"type":"Point","coordinates":[19.531679,51.753129]},"properties":{"lines":"6, 8","color":"#d6212b","mode":"tram","arr":["6","8"],"angle":-67}},{"type":"Feature","geometry":{"type":"Point","coordinates":[19.534856,51.756264]},"properties":{"lines":"6, 8","color":"#d6212b","mode":"tram","arr":["6","8","69A","69B","80A","80B","N1A","N1B","N5A","N5B","W"],"busLines":"69A, 69B, 80A, 80B, N1A, N1B, N5A, N5B, W","angle":-61.4,"mi":1}},{"type":"Feature","geometry":{"type":"Point","coordinates":[19.533066,51.754625]},"properties":{"lines":"6, 8","color":"#d6212b","mode":"tram","arr":["6","8","69A","69B","80A","80B","N1A","N1B","N5A","N5B","W"],"busLines":"69A, 69B, 80A, 80B, N1A, N1B, N5A, N5B, W","angle":-54.9,"extra":1,"ei":0,"side":-1}},{"type":"Feature","geometry":{"type":"Point","coordinates":[19.535792,51.757961]},"properties":{"lines":"6, 8","color":"#d6212b","mode":"tram","arr":["6","8","69A","69B","80A","80B","N1A","N1B","N5A","N5B","W"],"busLines":"69A, 69B, 80A, 80B, N1A, N1B, N5A, N5B, W","angle":-75.3,"extra":1,"ei":1}},{"type":"Feature","geometry":{"type":"Point","coordinates":[19.53656,51.759764]},"properties":{"lines":"6, 8","color":"#d6212b","mode":"tram","arr":["6","8"],"angle":-75.2,"mi":3}},{"type":"Feature","geometry":{"type":"Point","coordinates":[19.51511,51.750847]},"properties":{"lines":"6, 7","color":"#d6212b","mode":"tram","arr":["6","7","96","N5A","N5B"],"busLines":"96, N5A, N5B","angle":-10.9}},{"type":"Feature","geometry":{"type":"Point","coordinates":[19.51847,51.751384]},"properties":{"lines":"6, 7","color":"#d6212b","mode":"tram","arr":["6","7","96","N5A","N5B"],"busLines":"96, N5A, N5B","angle":-15,"extra":1,"ei":0}},{"type":"Feature","geometry":{"type":"Point","coordinates":[19.512518,51.750555]},"properties":{"lines":"6, 7","color":"#d6212b","mode":"tram","arr":["6","7","96","N5A","N5B"],"busLines":"96, N5A, N5B","angle":-10.6,"extra":1,"ei":1}},{"type":"Feature","geometry":{"type":"Point","coordinates":[19.501849,51.749185]},"properties":{"lines":"6, 7","color":"#d6212b","mode":"tram","arr":["6","7","54B","75A","75B","96","N5A","N5B"],"busLines":"54B, 75A, 75B, 96, N5A, N5B","angle":-15.6}},{"type":"Feature","geometry":{"type":"Point","coordinates":[19.508706,51.750082]},"properties":{"lines":"6, 7","color":"#d6212b","mode":"tram","arr":["6","7","54B","75A","75B","96","N5A","N5B"],"busLines":"54B, 75A, 75B, 96, N5A, N5B","angle":-10.3,"extra":1,"ei":0}},{"type":"Feature","geometry":{"type":"Point","coordinates":[19.505703,51.749744]},"properties":{"lines":"6, 7","color":"#d6212b","mode":"tram","arr":["6","7","54B","75A","75B","96","N5A","N5B"],"busLines":"54B, 75A, 75B, 96, N5A, N5B","angle":-10.3,"extra":1,"ei":1}},{"type":"Feature","geometry":{"type":"Point","coordinates":[19.499773,51.748856]},"properties":{"lines":"6, 7","color":"#d6212b","mode":"tram","arr":["6","7","54B","75A","75B","96","N5A","N5B"],"busLines":"54B, 75A, 75B, 96, N5A, N5B","angle":-11,"extra":1,"ei":2}},{"type":"Feature","geometry":{"type":"Point","coordinates":[19.496771,51.748515]},"properties":{"lines":"6, 7","color":"#d6212b","mode":"tram","arr":["6","7","54B","75A","75B","96","N5A","N5B"],"busLines":"54B, 75A, 75B, 96, N5A, N5B","angle":-10.4,"extra":1,"ei":3}},{"type":"Feature","geometry":{"type":"Point","coordinates":[19.493783,51.748133]},"properties":{"lines":"6, 7","color":"#d6212b","mode":"tram","arr":["6","7","54B","75A","75B","96","N5A","N5B"],"busLines":"54B, 75A, 75B, 96, N5A, N5B","angle":-10.4,"extra":1,"ei":4}},{"type":"Feature","geometry":{"type":"Point","coordinates":[19.491353,51.747853]},"properties":{"lines":"6, 7","color":"#d6212b","mode":"tram","arr":["6","7","54B","55A","55B","55C","70","92A","92B","96","N5A","N5B","N8"],"busLines":"54B, 55A, 55B, 55C, 70, 92A, 92B, 96, N5A, N5B, N8","angle":-11.4,"mi":1}},{"type":"Feature","geometry":{"type":"Point","coordinates":[19.482989,51.746766]},"properties":{"lines":"6, 7","color":"#d6212b","mode":"tram","arr":["6","7","92A","92B","N5A","N5B"],"busLines":"92A, 92B, N5A, N5B","angle":-17.3}},{"type":"Feature","geometry":{"type":"Point","coordinates":[19.488065,51.747482]},"properties":{"lines":"6, 7","color":"#d6212b","mode":"tram","arr":["6","7","92A","92B","N5A","N5B"],"busLines":"92A, 92B, N5A, N5B","angle":-8.5,"extra":1,"ei":0}},{"type":"Feature","geometry":{"type":"Point","coordinates":[19.485062,51.747147]},"properties":{"lines":"6, 7","color":"#d6212b","mode":"tram","arr":["6","7","92A","92B","N5A","N5B"],"busLines":"92A, 92B, N5A, N5B","angle":-12.5,"extra":1,"ei":1}},{"type":"Feature","geometry":{"type":"Point","coordinates":[19.479223,51.746045]},"properties":{"lines":"6, 7","color":"#d6212b","mode":"tram","arr":["6","7","92A","92B","N5A","N5B"],"busLines":"92A, 92B, N5A, N5B","angle":-17.2,"extra":1,"ei":2}},{"type":"Feature","geometry":{"type":"Point","coordinates":[19.482785,51.746696]},"properties":{"lines":"6, 7","color":"#d6212b","mode":"tram","arr":["6","7","92A","92B","N5A","N5B"],"busLines":"92A, 92B, N5A, N5B","angle":-16.8,"side":-1,"mi":1}},{"type":"Feature","geometry":{"type":"Point","coordinates":[19.477734,51.745728]},"properties":{"lines":"6, 7","color":"#d6212b","mode":"tram","arr":["6","7","92A","92B","N5A","N5B"],"busLines":"92A, 92B, N5A, N5B","angle":-16.9,"extra":1,"ei":0}},{"type":"Feature","geometry":{"type":"Point","coordinates":[19.480649,51.746288]},"properties":{"lines":"6, 7","color":"#d6212b","mode":"tram","arr":["6","7","92A","92B","N5A","N5B"],"busLines":"92A, 92B, N5A, N5B","angle":-17.2,"extra":1,"ei":1}},{"type":"Feature","geometry":{"type":"Point","coordinates":[19.48653,51.747286]},"properties":{"lines":"6, 7","color":"#d6212b","mode":"tram","arr":["6","7","92A","92B","N5A","N5B"],"busLines":"92A, 92B, N5A, N5B","angle":-11.2,"extra":1,"ei":2}},{"type":"Feature","geometry":{"type":"Point","coordinates":[19.491214,51.747806]},"properties":{"lines":"6, 7","color":"#d6212b","mode":"tram","arr":["6","7","54B","55A","55B","55C","70","92A","92B","96","N5A","N5B","N8"],"busLines":"54B, 55A, 55B, 55C, 70, 92A, 92B, 96, N5A, N5B, N8","angle":-11.5}},{"type":"Feature","geometry":{"type":"Point","coordinates":[19.493356,51.748055]},"properties":{"lines":"6, 7","color":"#d6212b","mode":"tram","arr":["6","7","54B","55A","55B","55C","70","75A","75B","92A","92B","96","N5A","N5B","N8"],"busLines":"54B, 55A, 55B, 55C, 70, 75A, 75B, 92A, 92B, 96, N5A, N5B, N8","angle":-10.3}},{"type":"Feature","geometry":{"type":"Point","coordinates":[19.502062,51.749193]},"properties":{"lines":"6, 7","color":"#d6212b","mode":"tram","arr":["6","7","54B","75A","75B","96","N5A","N5B"],"busLines":"54B, 75A, 75B, 96, N5A, N5B","angle":-15.6,"mi":1}},{"type":"Feature","geometry":{"type":"Point","coordinates":[19.495206,51.748293]},"properties":{"lines":"6, 7","color":"#d6212b","mode":"tram","arr":["6","7","54B","75A","75B","96","N5A","N5B"],"busLines":"54B, 75A, 75B, 96, N5A, N5B","angle":-13.6,"extra":1,"ei":0}},{"type":"Feature","geometry":{"type":"Point","coordinates":[19.498203,51.748648]},"properties":{"lines":"6, 7","color":"#d6212b","mode":"tram","arr":["6","7","54B","75A","75B","96","N5A","N5B"],"busLines":"54B, 75A, 75B, 96, N5A, N5B","angle":-10.4,"extra":1,"ei":1}},{"type":"Feature","geometry":{"type":"Point","coordinates":[19.504135,51.749529]},"properties":{"lines":"6, 7","color":"#d6212b","mode":"tram","arr":["6","7","54B","75A","75B","96","N5A","N5B"],"busLines":"54B, 75A, 75B, 96, N5A, N5B","angle":-12.4,"extra":1,"ei":2}},{"type":"Feature","geometry":{"type":"Point","coordinates":[19.507135,51.749877]},"properties":{"lines":"6, 7","color":"#d6212b","mode":"tram","arr":["6","7","54B","75A","75B","96","N5A","N5B"],"busLines":"54B, 75A, 75B, 96, N5A, N5B","angle":-10.4,"extra":1,"ei":3}},{"type":"Feature","geometry":{"type":"Point","coordinates":[19.510137,51.750219]},"properties":{"lines":"6, 7","color":"#d6212b","mode":"tram","arr":["6","7","54B","75A","75B","96","N5A","N5B"],"busLines":"54B, 75A, 75B, 96, N5A, N5B","angle":-10.9,"extra":1,"ei":4,"side":-1}},{"type":"Feature","geometry":{"type":"Point","coordinates":[19.514168,51.750705]},"properties":{"lines":"6, 7","color":"#d6212b","mode":"tram","arr":["6","7","96","N5A","N5B"],"busLines":"96, N5A, N5B","angle":-10.4,"mi":1}},{"type":"Feature","geometry":{"type":"Point","coordinates":[19.511917,51.750448]},"properties":{"lines":"6, 7","color":"#d6212b","mode":"tram","arr":["6","7","96","N5A","N5B"],"busLines":"96, N5A, N5B","angle":-11.2,"extra":1,"ei":0}},{"type":"Feature","geometry":{"type":"Point","coordinates":[19.518898,51.751417]},"properties":{"lines":"6, 7","color":"#d6212b","mode":"tram","arr":["6","7","64A","96","N5A","N5B"],"busLines":"64A, 96, N5A, N5B","angle":-15}},{"type":"Feature","geometry":{"type":"Point","coordinates":[19.520284,51.751581]},"properties":{"lines":"7","color":"#d6212b","mode":"tram","arr":["7"],"angle":37.5,"side":-1}},{"type":"Feature","geometry":{"type":"Point","coordinates":[19.47617,51.745577]},"properties":{"lines":"7","color":"#d6212b","mode":"tram","arr":["7"],"angle":28.9}},{"type":"Feature","geometry":{"type":"Point","coordinates":[19.452028,51.776471]},"properties":{"lines":"7","color":"#d6212b","mode":"tram","arr":["7"],"angle":37.1,"side":-1}},{"type":"Feature","geometry":{"type":"Point","coordinates":[19.520218,51.751556]},"properties":{"lines":"7","color":"#d6212b","mode":"tram","arr":["7"],"angle":32.9,"side":-1,"mi":1}},{"type":"Feature","geometry":{"type":"Point","coordinates":[19.552454,51.757653]},"properties":{"lines":"9, 10B","color":"#d6212b","mode":"tram","arr":["9","10B","75A","75B","82A","82B","201","202","N5A","N5B","W"],"busLines":"75A, 75B, 82A, 82B, 201, 202, N5A, N5B, W","angle":19.4}},{"type":"Feature","geometry":{"type":"Point","coordinates":[19.564662,51.7557]},"properties":{"lines":"9, 10B","color":"#d6212b","mode":"tram","arr":["9","10B","201","202","N5A","N5B"],"busLines":"201, 202, N5A, N5B","angle":16.4,"side":-1}},{"type":"Feature","geometry":{"type":"Point","coordinates":[19.555443,51.757234]},"properties":{"lines":"9, 10B","color":"#d6212b","mode":"tram","arr":["9","10B","201","202","N5A","N5B"],"busLines":"201, 202, N5A, N5B","angle":7.5,"extra":1,"ei":0}},{"type":"Feature","geometry":{"type":"Point","coordinates":[19.558423,51.756837]},"properties":{"lines":"9, 10B","color":"#d6212b","mode":"tram","arr":["9","10B","201","202","N5A","N5B"],"busLines":"201, 202, N5A, N5B","angle":16.4,"extra":1,"ei":1}},{"type":"Feature","geometry":{"type":"Point","coordinates":[19.561351,51.756304]},"properties":{"lines":"9, 10B","color":"#d6212b","mode":"tram","arr":["9","10B","201","202","N5A","N5B"],"busLines":"201, 202, N5A, N5B","angle":16.4,"extra":1,"ei":2,"side":-1}},{"type":"Feature","geometry":{"type":"Point","coordinates":[19.567207,51.755236]},"properties":{"lines":"9, 10B","color":"#d6212b","mode":"tram","arr":["9","10B","201","202","N5A","N5B"],"busLines":"201, 202, N5A, N5B","angle":16.4,"extra":1,"ei":3}},{"type":"Feature","geometry":{"type":"Point","coordinates":[19.570135,51.754702]},"properties":{"lines":"9, 10B","color":"#d6212b","mode":"tram","arr":["9","10B","201","202","N5A","N5B"],"busLines":"201, 202, N5A, N5B","angle":16.4,"extra":1,"ei":4}},{"type":"Feature","geometry":{"type":"Point","coordinates":[19.573063,51.754168]},"properties":{"lines":"9, 10B","color":"#d6212b","mode":"tram","arr":["9","10B","201","202","N5A","N5B"],"busLines":"201, 202, N5A, N5B","angle":16.4,"extra":1,"ei":5}},{"type":"Feature","geometry":{"type":"Point","coordinates":[19.574715,51.752165]},"properties":{"lines":"9, 10B","color":"#d6212b","mode":"tram","arr":["9","10B"],"angle":-73.9,"mi":4}},{"type":"Feature","geometry":{"type":"Point","coordinates":[19.574074,51.750852]},"properties":{"lines":"9, 10B","color":"#d6212b","mode":"tram","arr":["9","10B"],"angle":-72.5,"extra":1,"ei":0,"side":-1}},{"type":"Feature","geometry":{"type":"Point","coordinates":[19.571958,51.746339]},"properties":{"lines":"9, 10B","color":"#d6212b","mode":"tram","arr":["9","10B","72A","80A","80B","96","N1A","N1B"],"busLines":"72A, 80A, 80B, 96, N1A, N1B","angle":-73.9,"side":-1}},{"type":"Feature","geometry":{"type":"Point","coordinates":[19.573605,51.749859]},"properties":{"lines":"9, 10B","color":"#d6212b","mode":"tram","arr":["9","10B","72A","80A","80B","96","N1A","N1B"],"busLines":"72A, 80A, 80B, 96, N1A, N1B","angle":-73.9,"extra":1,"ei":0,"side":-1}},{"type":"Feature","geometry":{"type":"Point","coordinates":[19.572755,51.748045]},"properties":{"lines":"9, 10B","color":"#d6212b","mode":"tram","arr":["9","10B","72A","80A","80B","96","N1A","N1B"],"busLines":"72A, 80A, 80B, 96, N1A, N1B","angle":-73.8,"extra":1,"ei":1,"side":-1}},{"type":"Feature","geometry":{"type":"Point","coordinates":[19.57106,51.744417]},"properties":{"lines":"9, 10B","color":"#d6212b","mode":"tram","arr":["9","10B","72A","80A","80B","96","N1A","N1B"],"busLines":"72A, 80A, 80B, 96, N1A, N1B","angle":-73.9,"extra":1,"ei":2,"side":-1}},{"type":"Feature","geometry":{"type":"Point","coordinates":[19.570208,51.742603]},"properties":{"lines":"9, 10B","color":"#d6212b","mode":"tram","arr":["9","10B","72A","80A","80B","96","N1A","N1B"],"busLines":"72A, 80A, 80B, 96, N1A, N1B","angle":-73.8,"extra":1,"ei":3,"side":-1}},{"type":"Feature","geometry":{"type":"Point","coordinates":[19.56976,51.741584]},"properties":{"lines":"9, 10B","color":"#d6212b","mode":"tram","arr":["9","10B"],"angle":-76.1,"side":-1}},{"type":"Feature","geometry":{"type":"Point","coordinates":[19.569433,51.740824]},"properties":{"lines":"9, 10B","color":"#d6212b","mode":"tram","arr":["9","10B","72A","80A","80B","96","N1A","N1B"],"busLines":"72A, 80A, 80B, 96, N1A, N1B","angle":-73.8,"side":-1,"mi":1}},{"type":"Feature","geometry":{"type":"Point","coordinates":[19.567712,51.735535]},"properties":{"lines":"9, 10B","color":"#d6212b","mode":"tram","arr":["9","10B"],"angle":77.1,"mi":2}},{"type":"Feature","geometry":{"type":"Point","coordinates":[19.568767,51.739493]},"properties":{"lines":"9, 10B","color":"#d6212b","mode":"tram","arr":["9","10B"],"angle":-66.3,"extra":1,"ei":0}},{"type":"Feature","geometry":{"type":"Point","coordinates":[19.566833,51.738051]},"properties":{"lines":"9, 10B","color":"#d6212b","mode":"tram","arr":["9","10B"],"angle":-44.3,"extra":1,"ei":1}},{"type":"Feature","geometry":{"type":"Point","coordinates":[19.569746,51.73385]},"properties":{"lines":"9, 10B","color":"#d6212b","mode":"tram","arr":["9","10B"],"angle":-12.7,"extra":1,"ei":2}},{"type":"Feature","geometry":{"type":"Point","coordinates":[19.572724,51.734265]},"properties":{"lines":"9, 10B","color":"#d6212b","mode":"tram","arr":["9","10B"],"angle":-12.7,"extra":1,"ei":3}},{"type":"Feature","geometry":{"type":"Point","coordinates":[19.575253,51.734207]},"properties":{"lines":"9, 10B","color":"#d6212b","mode":"tram","arr":["9","10B","72B"],"busLines":"72B","angle":62.3}},{"type":"Feature","geometry":{"type":"Point","coordinates":[19.576077,51.733344]},"properties":{"lines":"9, 10B","color":"#d6212b","mode":"tram","arr":["9","10B"],"angle":12.5,"side":-1,"mi":3}},{"type":"Feature","geometry":{"type":"Point","coordinates":[19.573101,51.748664]},"properties":{"lines":"9, 10B","color":"#d6212b","mode":"tram","arr":["9","10B"],"angle":-73.8,"side":-1,"mi":1}},{"type":"Feature","geometry":{"type":"Point","coordinates":[19.575261,51.734647]},"properties":{"lines":"9, 10B","color":"#d6212b","mode":"tram","arr":["9","10B"],"angle":-13.5,"extra":1,"ei":0}},{"type":"Feature","geometry":{"type":"Point","coordinates":[19.572284,51.73423]},"properties":{"lines":"9, 10B","color":"#d6212b","mode":"tram","arr":["9","10B"],"angle":-12.6,"extra":1,"ei":1}},{"type":"Feature","geometry":{"type":"Point","coordinates":[19.569305,51.733817]},"properties":{"lines":"9, 10B","color":"#d6212b","mode":"tram","arr":["9","10B"],"angle":-12.6,"extra":1,"ei":2}},{"type":"Feature","geometry":{"type":"Point","coordinates":[19.567913,51.735116]},"properties":{"lines":"9, 10B","color":"#d6212b","mode":"tram","arr":["9","10B"],"angle":77.1,"extra":1,"ei":3}},{"type":"Feature","geometry":{"type":"Point","coordinates":[19.566741,51.736813]},"properties":{"lines":"9, 10B","color":"#d6212b","mode":"tram","arr":["9","10B"],"angle":45.7,"extra":1,"ei":4}},{"type":"Feature","geometry":{"type":"Point","coordinates":[19.567296,51.738281]},"properties":{"lines":"9, 10B","color":"#d6212b","mode":"tram","arr":["9","10B"],"angle":-44.3,"extra":1,"ei":5}},{"type":"Feature","geometry":{"type":"Point","coordinates":[19.569013,51.739809]},"properties":{"lines":"9, 10B","color":"#d6212b","mode":"tram","arr":["9","10B"],"angle":-72.1,"extra":1,"ei":6}},{"type":"Feature","geometry":{"type":"Point","coordinates":[19.569836,51.741627]},"properties":{"lines":"9, 10B","color":"#d6212b","mode":"tram","arr":["9","10B"],"angle":-76.1,"extra":1,"ei":7,"side":-1}},{"type":"Feature","geometry":{"type":"Point","coordinates":[19.570663,51.743445]},"properties":{"lines":"9, 10B","color":"#d6212b","mode":"tram","arr":["9","10B"],"angle":-73.8,"extra":1,"ei":8,"side":-1}},{"type":"Feature","geometry":{"type":"Point","coordinates":[19.571509,51.74526]},"properties":{"lines":"9, 10B","color":"#d6212b","mode":"tram","arr":["9","10B"],"angle":-73.9,"extra":1,"ei":9,"side":-1}},{"type":"Feature","geometry":{"type":"Point","coordinates":[19.572355,51.747074]},"properties":{"lines":"9, 10B","color":"#d6212b","mode":"tram","arr":["9","10B"],"angle":-73.9,"extra":1,"ei":10,"side":-1}},{"type":"Feature","geometry":{"type":"Point","coordinates":[19.574058,51.750702]},"properties":{"lines":"9, 10B","color":"#d6212b","mode":"tram","arr":["9","10B"],"angle":-73.1,"extra":1,"ei":11,"side":-1}},{"type":"Feature","geometry":{"type":"Point","coordinates":[19.574936,51.75251]},"properties":{"lines":"9, 10B","color":"#d6212b","mode":"tram","arr":["9","10B"],"angle":-73.9,"extra":1,"ei":12}},{"type":"Feature","geometry":{"type":"Point","coordinates":[19.574159,51.754004]},"properties":{"lines":"9, 10B","color":"#d6212b","mode":"tram","arr":["9","10B"],"angle":16.7,"extra":1,"ei":13}},{"type":"Feature","geometry":{"type":"Point","coordinates":[19.571231,51.754538]},"properties":{"lines":"9, 10B","color":"#d6212b","mode":"tram","arr":["9","10B"],"angle":16.4,"extra":1,"ei":14}},{"type":"Feature","geometry":{"type":"Point","coordinates":[19.568303,51.755072]},"properties":{"lines":"9, 10B","color":"#d6212b","mode":"tram","arr":["9","10B"],"angle":16.4,"extra":1,"ei":15}},{"type":"Feature","geometry":{"type":"Point","coordinates":[19.565375,51.755606]},"properties":{"lines":"9, 10B","color":"#d6212b","mode":"tram","arr":["9","10B"],"angle":16.5,"extra":1,"ei":16}},{"type":"Feature","geometry":{"type":"Point","coordinates":[19.562449,51.756143]},"properties":{"lines":"9, 10B","color":"#d6212b","mode":"tram","arr":["9","10B"],"angle":16.5,"extra":1,"ei":17}},{"type":"Feature","geometry":{"type":"Point","coordinates":[19.55952,51.756676]},"properties":{"lines":"9, 10B","color":"#d6212b","mode":"tram","arr":["9","10B"],"angle":16.2,"extra":1,"ei":18}},{"type":"Feature","geometry":{"type":"Point","coordinates":[19.556574,51.757166]},"properties":{"lines":"9, 10B","color":"#d6212b","mode":"tram","arr":["9","10B"],"angle":10.9,"extra":1,"ei":19}},{"type":"Feature","geometry":{"type":"Point","coordinates":[19.553568,51.757488]},"properties":{"lines":"9, 10B","color":"#d6212b","mode":"tram","arr":["9","10B"],"angle":14.4,"extra":1,"ei":20}},{"type":"Feature","geometry":{"type":"Point","coordinates":[19.55082,51.75827]},"properties":{"lines":"9, 10B","color":"#d6212b","mode":"tram","arr":["9","10B"],"angle":27.5,"extra":1,"ei":21,"side":-1}},{"type":"Feature","geometry":{"type":"Point","coordinates":[19.520919,51.749966]},"properties":{"lines":"7, 8","color":"#d6212b","mode":"tram","arr":["7","8"],"angle":78.7,"side":-1,"mi":1}},{"type":"Feature","geometry":{"type":"Point","coordinates":[19.520475,51.751323]},"properties":{"lines":"7, 8","color":"#d6212b","mode":"tram","arr":["7","8"],"angle":78.2,"extra":1,"ei":0}},{"type":"Feature","geometry":{"type":"Point","coordinates":[19.520675,51.750496]},"properties":{"lines":"7, 8","color":"#d6212b","mode":"tram","arr":["7","8"],"angle":-87.6}},{"type":"Feature","geometry":{"type":"Point","coordinates":[19.472659,51.760588]},"properties":{"lines":"8, 10A, 10B, 13, 14","color":"#d6212b","mode":"tram","arr":["8","10A","10B","13","14","N1A","N1B","N8"],"busLines":"N1A, N1B, N8","angle":-8}},{"type":"Feature","geometry":{"type":"Point","coordinates":[19.470302,51.760384]},"properties":{"lines":"8, 10A, 10B, 13, 14","color":"#d6212b","mode":"tram","arr":["8","10A","10B","13","14","N1A","N1B","N8"],"busLines":"N1A, N1B, N8","angle":-8,"extra":1,"ei":0}},{"type":"Feature","geometry":{"type":"Point","coordinates":[19.476355,51.760874]},"properties":{"lines":"8, 10A, 10B, 13, 14","color":"#d6212b","mode":"tram","arr":["8","10A","10B","13","14","N1A","N1B","N8"],"busLines":"N1A, N1B, N8","angle":-4.6,"extra":1,"ei":1}},{"type":"Feature","geometry":{"type":"Point","coordinates":[19.479072,51.760999]},"properties":{"lines":"8, 10A, 10B, 13, 14","color":"#d6212b","mode":"tram","arr":["8","10A","10B","13","14","101","N1A","N1B","N8"],"busLines":"101, N1A, N1B, N8","angle":-6.2,"mi":1}},{"type":"Feature","geometry":{"type":"Point","coordinates":[19.481084,51.761184]},"properties":{"lines":"8, 10A, 10B, 13, 14","color":"#d6212b","mode":"tram","arr":["8","10A","10B","13","14","101","N1A","N1B","N8"],"busLines":"101, N1A, N1B, N8","angle":-11.8,"extra":1,"ei":0}},{"type":"Feature","geometry":{"type":"Point","coordinates":[19.483119,51.761377]},"properties":{"lines":"8, 10A, 10B, 13, 14","color":"#d6212b","mode":"tram","arr":["8","10A","10B","13","14","N1A","N1B"],"busLines":"N1A, N1B","angle":-7.6}},{"type":"Feature","geometry":{"type":"Point","coordinates":[19.472677,51.760554]},"properties":{"lines":"8, 10A, 10B, 13, 14","color":"#d6212b","mode":"tram","arr":["8","10A","10B","13","14","N1A","N1B","N8"],"busLines":"N1A, N1B, N8","angle":-8,"mi":1}},{"type":"Feature","geometry":{"type":"Point","coordinates":[19.47032,51.760351]},"properties":{"lines":"8, 10A, 10B, 13, 14","color":"#d6212b","mode":"tram","arr":["8","10A","10B","13","14","N1A","N1B","N8"],"busLines":"N1A, N1B, N8","angle":-8,"extra":1,"ei":0}},{"type":"Feature","geometry":{"type":"Point","coordinates":[19.476372,51.76084]},"properties":{"lines":"8, 10A, 10B, 13, 14","color":"#d6212b","mode":"tram","arr":["8","10A","10B","13","14","N1A","N1B","N8"],"busLines":"N1A, N1B, N8","angle":-4.7,"extra":1,"ei":1}},{"type":"Feature","geometry":{"type":"Point","coordinates":[19.47909,51.760964]},"properties":{"lines":"8, 10A, 10B, 13, 14","color":"#d6212b","mode":"tram","arr":["8","10A","10B","13","14","101","N1A","N1B","N8"],"busLines":"101, N1A, N1B, N8","angle":-6.3,"side":-1}},{"type":"Feature","geometry":{"type":"Point","coordinates":[19.481102,51.761151]},"properties":{"lines":"8, 10A, 10B, 13, 14","color":"#d6212b","mode":"tram","arr":["8","10A","10B","13","14","101","N1A","N1B","N8"],"busLines":"101, N1A, N1B, N8","angle":-12,"extra":1,"ei":0}},{"type":"Feature","geometry":{"type":"Point","coordinates":[19.483308,51.761358]},"properties":{"lines":"8, 10A, 10B, 13, 14","color":"#d6212b","mode":"tram","arr":["8","10A","10B","13","14","N1A","N1B"],"busLines":"N1A, N1B","angle":-7.7,"mi":1}},{"type":"Feature","geometry":{"type":"Point","coordinates":[19.468487,51.760229]},"properties":{"lines":"7, 8, 10A, 10B, 13, 14","color":"#d6212b","mode":"tram","arr":["7","8","10A","10B","13","14"],"angle":-7.9,"side":-1}},{"type":"Feature","geometry":{"type":"Point","coordinates":[19.466654,51.760072]},"properties":{"lines":"7, 8, 10A, 10B, 12, 13, 14, O","color":"#d6212b","mode":"tram","arr":["7","8","10A","10B","12","13","14","O","67","N1A","N1B"],"busLines":"67, N1A, N1B","angle":-7.9,"mi":2}},{"type":"Feature","geometry":{"type":"Point","coordinates":[19.464585,51.759894]},"properties":{"lines":"7, 8, 10A, 10B, 12, 13, 14, O","color":"#d6212b","mode":"tram","arr":["7","8","10A","10B","12","13","14","O"],"angle":-7.9,"mi":1}},{"type":"Feature","geometry":{"type":"Point","coordinates":[19.461213,51.759605]},"properties":{"lines":"7, 8, 10A, 10B, 12, 13, 14, O","color":"#d6212b","mode":"tram","arr":["7","8","10A","10B","12","13","14","O","67","N1A","N1B"],"busLines":"67, N1A, N1B","angle":-7.9}},{"type":"Feature","geometry":{"type":"Point","coordinates":[19.457274,51.759231]},"properties":{"lines":"7, 8, 10A, 10B, 12, 13, 14, O","color":"#d6212b","mode":"tram","arr":["7","8","10A","10B","12","13","14","O","67","N1A","N1B","N6"],"busLines":"67, N1A, N1B, N6","angle":-7.8,"side":-1}},{"type":"Feature","geometry":{"type":"Point","coordinates":[19.460963,51.759547]},"properties":{"lines":"7, 8, 10A, 10B, 12, 13, 14, O","color":"#d6212b","mode":"tram","arr":["7","8","10A","10B","12","13","14","O","67","N1A","N1B"],"busLines":"67, N1A, N1B","angle":-7.9,"side":-1,"mi":1}},{"type":"Feature","geometry":{"type":"Point","coordinates":[19.465942,51.759974]},"properties":{"lines":"7, 8, 10A, 10B, 12, 13, 14, O","color":"#d6212b","mode":"tram","arr":["7","8","10A","10B","12","13","14","O"],"angle":-7.9}},{"type":"Feature","geometry":{"type":"Point","coordinates":[19.457032,51.759249]},"properties":{"lines":"8, 10A, 10B, 12, 13, 14","color":"#d6212b","mode":"tram","arr":["8","10A","10B","12","13","14","67","N1A","N1B","N6"],"busLines":"67, N1A, N1B, N6","angle":-7.8}},{"type":"Feature","geometry":{"type":"Point","coordinates":[19.454783,51.759053]},"properties":{"lines":"8, 10A, 10B, 12, 13, 14","color":"#d6212b","mode":"tram","arr":["8","10A","10B","12","13","14","67"],"busLines":"67","angle":-8.6}},{"type":"Feature","geometry":{"type":"Point","coordinates":[19.449183,51.758113]},"properties":{"lines":"8, 10A, 10B, 12, 13, 14","color":"#d6212b","mode":"tram","arr":["8","10A","10B","12","13","14"],"angle":-20.3}},{"type":"Feature","geometry":{"type":"Point","coordinates":[19.452396,51.758759]},"properties":{"lines":"8, 10A, 10B, 12, 13, 14","color":"#d6212b","mode":"tram","arr":["8","10A","10B","12","13","14"],"angle":-14,"extra":1,"ei":0}},{"type":"Feature","geometry":{"type":"Point","coordinates":[19.446628,51.757528]},"properties":{"lines":"8, 10A, 10B, 12, 13, 14","color":"#d6212b","mode":"tram","arr":["8","10A","10B","12","13","14"],"angle":-20.3,"extra":1,"ei":1}},{"type":"Feature","geometry":{"type":"Point","coordinates":[19.44057,51.756188]},"properties":{"lines":"8, 10A, 10B, 12, 13, 14","color":"#d6212b","mode":"tram","arr":["8","10A","10B","12","13","14","67"],"busLines":"67","angle":-13.4}},{"type":"Feature","geometry":{"type":"Point","coordinates":[19.443152,51.756731]},"properties":{"lines":"8, 10A, 10B, 12, 13, 14","color":"#d6212b","mode":"tram","arr":["8","10A","10B","12","13","14","67"],"busLines":"67","angle":-20.3,"extra":1,"ei":0}},{"type":"Feature","geometry":{"type":"Point","coordinates":[19.437216,51.756017]},"properties":{"lines":"8, 10A, 10B, 12, 13, 14","color":"#d6212b","mode":"tram","arr":["8","10A","10B","12","13","14","67"],"busLines":"67","angle":0,"extra":1,"ei":1}},{"type":"Feature","geometry":{"type":"Point","coordinates":[19.454934,51.759031]},"properties":{"lines":"8, 10A, 10B, 12, 13, 14","color":"#d6212b","mode":"tram","arr":["8","10A","10B","12","13","14","67","N1A","N1B","N6"],"busLines":"67, N1A, N1B, N6","angle":-8.5,"mi":1}},{"type":"Feature","geometry":{"type":"Point","coordinates":[19.449414,51.758125]},"properties":{"lines":"8, 10A, 10B, 12, 13, 14","color":"#d6212b","mode":"tram","arr":["8","10A","10B","12","13","14"],"angle":-20.3,"mi":1}},{"type":"Feature","geometry":{"type":"Point","coordinates":[19.452634,51.758755]},"properties":{"lines":"8, 10A, 10B, 12, 13, 14","color":"#d6212b","mode":"tram","arr":["8","10A","10B","12","13","14"],"angle":-13.7,"extra":1,"ei":0,"side":-1}},{"type":"Feature","geometry":{"type":"Point","coordinates":[19.446858,51.75754]},"properties":{"lines":"8, 10A, 10B, 12, 13, 14","color":"#d6212b","mode":"tram","arr":["8","10A","10B","12","13","14"],"angle":-20.3,"extra":1,"ei":1}},{"type":"Feature","geometry":{"type":"Point","coordinates":[19.440172,51.756099]},"properties":{"lines":"8, 10A, 10B, 12, 13, 14","color":"#d6212b","mode":"tram","arr":["8","10A","10B","12","13","14","67"],"busLines":"67","angle":-11.1,"mi":1}},{"type":"Feature","geometry":{"type":"Point","coordinates":[19.443381,51.756745]},"properties":{"lines":"8, 10A, 10B, 12, 13, 14","color":"#d6212b","mode":"tram","arr":["8","10A","10B","12","13","14","67"],"busLines":"67","angle":-20.2,"extra":1,"ei":0}},{"type":"Feature","geometry":{"type":"Point","coordinates":[19.437459,51.755982]},"properties":{"lines":"8, 10A, 10B, 12, 13, 14","color":"#d6212b","mode":"tram","arr":["8","10A","10B","12","13","14","67"],"busLines":"67","angle":0,"extra":1,"ei":1}},{"type":"Feature","geometry":{"type":"Point","coordinates":[19.42102,51.791041]},"properties":{"lines":"8, 13, 16","color":"#d6212b","mode":"tram","arr":["8","13","16","96"],"busLines":"96","angle":-84.6,"mi":1}},{"type":"Feature","geometry":{"type":"Point","coordinates":[19.421118,51.787838]},"properties":{"lines":"8, 13, 16","color":"#d6212b","mode":"tram","arr":["8","13","16","87A","87B"],"busLines":"87A, 87B","angle":88.5}},{"type":"Feature","geometry":{"type":"Point","coordinates":[19.421468,51.779073]},"properties":{"lines":"8, 13, 16","color":"#d6212b","mode":"tram","arr":["8","13","16"],"angle":-87.3,"mi":1}},{"type":"Feature","geometry":{"type":"Point","coordinates":[19.421236,51.785096]},"properties":{"lines":"8, 13, 16","color":"#d6212b","mode":"tram","arr":["8","13","16"],"angle":88.6,"extra":1,"ei":0}},{"type":"Feature","geometry":{"type":"Point","coordinates":[19.421316,51.783208]},"properties":{"lines":"8, 13, 16","color":"#d6212b","mode":"tram","arr":["8","13","16"],"angle":88.5,"extra":1,"ei":1}},{"type":"Feature","geometry":{"type":"Point","coordinates":[19.421396,51.78132]},"properties":{"lines":"8, 13, 16","color":"#d6212b","mode":"tram","arr":["8","13","16"],"angle":88.5,"extra":1,"ei":2}},{"type":"Feature","geometry":{"type":"Point","coordinates":[19.421248,51.77755]},"properties":{"lines":"8, 13, 16","color":"#d6212b","mode":"tram","arr":["8","13","16"],"angle":-84.7,"extra":1,"ei":3}},{"type":"Feature","geometry":{"type":"Point","coordinates":[19.420959,51.77567]},"properties":{"lines":"8, 13, 16","color":"#d6212b","mode":"tram","arr":["8","13","16"],"angle":-84.4,"extra":1,"ei":4}},{"type":"Feature","geometry":{"type":"Point","coordinates":[19.420497,51.773805]},"properties":{"lines":"8, 13, 16","color":"#d6212b","mode":"tram","arr":["8","13","16"],"angle":89.8,"extra":1,"ei":5}},{"type":"Feature","geometry":{"type":"Point","coordinates":[19.423475,51.770957]},"properties":{"lines":"8, 13, 16","color":"#d6212b","mode":"tram","arr":["8","13","16","73"],"busLines":"73","angle":49.9,"side":-1}},{"type":"Feature","geometry":{"type":"Point","coordinates":[19.425744,51.769077]},"properties":{"lines":"8, 13, 16","color":"#d6212b","mode":"tram","arr":["8","13","16","97A","97B","Z43"],"busLines":"97A, 97B, Z43","angle":71.5}},{"type":"Feature","geometry":{"type":"Point","coordinates":[19.42601,51.768423]},"properties":{"lines":"8, 13, 16","color":"#d6212b","mode":"tram","arr":["8","13","16","97A","97B","100"],"busLines":"97A, 97B, 100","angle":76.6,"mi":2}},{"type":"Feature","geometry":{"type":"Point","coordinates":[19.426333,51.767662]},"properties":{"lines":"8, 13, 16","color":"#d6212b","mode":"tram","arr":["8","13","16","97A","97B","100","Z13"],"busLines":"97A, 97B, 100, Z13","angle":73.4}},{"type":"Feature","geometry":{"type":"Point","coordinates":[19.428795,51.764036]},"properties":{"lines":"8, 13, 16","color":"#d6212b","mode":"tram","arr":["8","13","16","97A","97B","100"],"busLines":"97A, 97B, 100","angle":66.5,"mi":1}},{"type":"Feature","geometry":{"type":"Point","coordinates":[19.427154,51.766365]},"properties":{"lines":"8, 13, 16","color":"#d6212b","mode":"tram","arr":["8","13","16","97A","97B","100"],"busLines":"97A, 97B, 100","angle":66.4,"extra":1,"ei":0}},{"type":"Feature","geometry":{"type":"Point","coordinates":[19.429593,51.762902]},"properties":{"lines":"8, 13, 16","color":"#d6212b","mode":"tram","arr":["8","13","16","97A","97B","100"],"busLines":"97A, 97B, 100","angle":66.2,"extra":1,"ei":1}},{"type":"Feature","geometry":{"type":"Point","coordinates":[19.431023,51.761236]},"properties":{"lines":"8, 13, 16","color":"#d6212b","mode":"tram","arr":["8","13","16","97A","97B","100"],"busLines":"97A, 97B, 100","angle":58.4,"extra":1,"ei":2,"side":-1}},{"type":"Feature","geometry":{"type":"Point","coordinates":[19.431784,51.760444]},"properties":{"lines":"8, 13, 16","color":"#d6212b","mode":"tram","arr":["8","13","16","65A","65B","97A","97B","100"],"busLines":"65A, 65B, 97A, 97B, 100","angle":61.1,"side":-1}},{"type":"Feature","geometry":{"type":"Point","coordinates":[19.433174,51.758612]},"properties":{"lines":"8, 13, 16","color":"#d6212b","mode":"tram","arr":["8","13","16","65A","65B"],"busLines":"65A, 65B","angle":67,"side":-1,"mi":1}},{"type":"Feature","geometry":{"type":"Point","coordinates":[19.434018,51.757346]},"properties":{"lines":"8, 13, 16","color":"#d6212b","mode":"tram","arr":["8","13","16","65A","65B"],"busLines":"65A, 65B","angle":68.6,"extra":1,"ei":0,"side":-1}},{"type":"Feature","geometry":{"type":"Point","coordinates":[19.433838,51.757725]},"properties":{"lines":"8, 13, 16","color":"#d6212b","mode":"tram","arr":["8","13","16","65A","65B"],"busLines":"65A, 65B","angle":67.9,"side":-1}},{"type":"Feature","geometry":{"type":"Point","coordinates":[19.432589,51.759534]},"properties":{"lines":"8, 13, 16","color":"#d6212b","mode":"tram","arr":["8","13","16","65A","65B","80A","80B","97A","97B","99"],"busLines":"65A, 65B, 80A, 80B, 97A, 97B, 99","angle":65.4,"side":-1}},{"type":"Feature","geometry":{"type":"Point","coordinates":[19.431496,51.760829]},"properties":{"lines":"8, 13, 16","color":"#d6212b","mode":"tram","arr":["8","13","16","65A","65B","80A","80B","97A","97B","99","100"],"busLines":"65A, 65B, 80A, 80B, 97A, 97B, 99, 100","angle":59.4,"side":-1}},{"type":"Feature","geometry":{"type":"Point","coordinates":[19.42879,51.764131]},"properties":{"lines":"8, 13, 16","color":"#d6212b","mode":"tram","arr":["8","13","16","97A","97B","100"],"busLines":"97A, 97B, 100","angle":66.4}},{"type":"Feature","geometry":{"type":"Point","coordinates":[19.430514,51.761827]},"properties":{"lines":"8, 13, 16","color":"#d6212b","mode":"tram","arr":["8","13","16","97A","97B","100"],"busLines":"97A, 97B, 100","angle":60.5,"extra":1,"ei":0}},{"type":"Feature","geometry":{"type":"Point","coordinates":[19.42799,51.765265]},"properties":{"lines":"8, 13, 16","color":"#d6212b","mode":"tram","arr":["8","13","16","97A","97B","100"],"busLines":"97A, 97B, 100","angle":66.4,"extra":1,"ei":1}},{"type":"Feature","geometry":{"type":"Point","coordinates":[19.42677,51.766996]},"properties":{"lines":"8, 13, 16","color":"#d6212b","mode":"tram","arr":["8","13","16","97A","97B","100"],"busLines":"97A, 97B, 100","angle":67.4,"extra":1,"ei":2}},{"type":"Feature","geometry":{"type":"Point","coordinates":[19.426247,51.767977]},"properties":{"lines":"8, 13, 16","color":"#d6212b","mode":"tram","arr":["8","13","16","97A","97B","100","Z13"],"busLines":"97A, 97B, 100, Z13","angle":75.1,"mi":1}},{"type":"Feature","geometry":{"type":"Point","coordinates":[19.425807,51.769068]},"properties":{"lines":"8, 13, 16","color":"#d6212b","mode":"tram","arr":["8","13","16","97A","97B","Z43"],"busLines":"97A, 97B, Z43","angle":71.5,"mi":1}},{"type":"Feature","geometry":{"type":"Point","coordinates":[19.423554,51.770953]},"properties":{"lines":"8, 13, 16","color":"#d6212b","mode":"tram","arr":["8","13","16","73"],"busLines":"73","angle":50,"side":-1,"mi":1}},{"type":"Feature","geometry":{"type":"Point","coordinates":[19.421531,51.779174]},"properties":{"lines":"8, 13, 16","color":"#d6212b","mode":"tram","arr":["8","13","16"],"angle":-88.5}},{"type":"Feature","geometry":{"type":"Point","coordinates":[19.420742,51.773202]},"properties":{"lines":"8, 13, 16","color":"#d6212b","mode":"tram","arr":["8","13","16"],"angle":69.2,"extra":1,"ei":0}},{"type":"Feature","geometry":{"type":"Point","coordinates":[19.420882,51.775058]},"properties":{"lines":"8, 13, 16","color":"#d6212b","mode":"tram","arr":["8","13","16"],"angle":-79.9,"extra":1,"ei":1}},{"type":"Feature","geometry":{"type":"Point","coordinates":[19.421211,51.776935]},"properties":{"lines":"8, 13, 16","color":"#d6212b","mode":"tram","arr":["8","13","16"],"angle":-84.6,"extra":1,"ei":2}},{"type":"Feature","geometry":{"type":"Point","coordinates":[19.42148,51.780703]},"properties":{"lines":"8, 13, 16","color":"#d6212b","mode":"tram","arr":["8","13","16"],"angle":88.5,"extra":1,"ei":3}},{"type":"Feature","geometry":{"type":"Point","coordinates":[19.4214,51.782591]},"properties":{"lines":"8, 13, 16","color":"#d6212b","mode":"tram","arr":["8","13","16"],"angle":88.5,"extra":1,"ei":4}},{"type":"Feature","geometry":{"type":"Point","coordinates":[19.421319,51.784478]},"properties":{"lines":"8, 13, 16","color":"#d6212b","mode":"tram","arr":["8","13","16"],"angle":88.5,"extra":1,"ei":5}},{"type":"Feature","geometry":{"type":"Point","coordinates":[19.421171,51.78794]},"properties":{"lines":"8, 13, 16","color":"#d6212b","mode":"tram","arr":["8","13","16","87A","87B"],"busLines":"87A, 87B","angle":88.5,"mi":1}},{"type":"Feature","geometry":{"type":"Point","coordinates":[19.421088,51.791105]},"properties":{"lines":"8, 13, 16","color":"#d6212b","mode":"tram","arr":["8","13","16","96"],"busLines":"96","angle":-83.2}},{"type":"Feature","geometry":{"type":"Point","coordinates":[19.434499,51.756521]},"properties":{"lines":"8, 13","color":"#d6212b","mode":"tram","arr":["8","13","6.","52","65A","65B","80A","80B","86","93","97A","97B","99","N2"],"busLines":"6., 52, 65A, 65B, 80A, 80B, 86, 93, 97A, 97B, 99, N2","angle":70.9,"side":-1,"mi":1}},{"type":"Feature","geometry":{"type":"Point","coordinates":[19.435706,51.756059]},"properties":{"lines":"8, 13","color":"#d6212b","mode":"tram","arr":["8","13"],"angle":3.4}},{"type":"Feature","geometry":{"type":"Point","coordinates":[19.434564,51.756511]},"properties":{"lines":"8, 13","color":"#d6212b","mode":"tram","arr":["8","13","6.","52","65A","65B","80A","80B","86","93","97A","97B","99","N2"],"busLines":"6., 52, 65A, 65B, 80A, 80B, 86, 93, 97A, 97B, 99, N2","angle":68.9,"side":-1}},{"type":"Feature","geometry":{"type":"Point","coordinates":[19.491113,51.762006]},"properties":{"lines":"8, 9, 10A, 10B","color":"#d6212b","mode":"tram","arr":["8","9","10A","10B","60A","60B","60C","60D","80A","80B","N1A","N1B","Z13"],"busLines":"60A, 60B, 60C, 60D, 80A, 80B, N1A, N1B, Z13","angle":-8.7,"side":-1}},{"type":"Feature","geometry":{"type":"Point","coordinates":[19.486773,51.761645]},"properties":{"lines":"8, 9, 10A, 10B","color":"#d6212b","mode":"tram","arr":["8","9","10A","10B","60A","60B","60C","60D","80A","80B","N1A","N1B","Z13"],"busLines":"60A, 60B, 60C, 60D, 80A, 80B, N1A, N1B, Z13","angle":-7.7,"extra":1,"ei":0,"side":-1}},{"type":"Feature","geometry":{"type":"Point","coordinates":[19.495843,51.762421]},"properties":{"lines":"8, 9, 10A, 10B","color":"#d6212b","mode":"tram","arr":["8","9","10A","10B","60A","60B","60C","60D","80A","80B","N1A","N1B","Z13"],"busLines":"60A, 60B, 60C, 60D, 80A, 80B, N1A, N1B, Z13","angle":-7.7,"extra":1,"ei":1}},{"type":"Feature","geometry":{"type":"Point","coordinates":[19.502365,51.762948]},"properties":{"lines":"8, 9, 10A, 10B","color":"#d6212b","mode":"tram","arr":["8","9","10A","10B","80A","80B","N1A","N1B"],"busLines":"80A, 80B, N1A, N1B","angle":-7,"side":-1,"mi":1}},{"type":"Feature","geometry":{"type":"Point","coordinates":[19.498473,51.762639]},"properties":{"lines":"8, 9, 10A, 10B","color":"#d6212b","mode":"tram","arr":["8","9","10A","10B","80A","80B","N1A","N1B"],"busLines":"80A, 80B, N1A, N1B","angle":-7.6,"extra":1,"ei":0}},{"type":"Feature","geometry":{"type":"Point","coordinates":[19.504529,51.763116]},"properties":{"lines":"8, 9, 10A, 10B","color":"#d6212b","mode":"tram","arr":["8","9","10A","10B","80A","80B","N1A","N1B"],"busLines":"80A, 80B, N1A, N1B","angle":-7.1,"extra":1,"ei":1}},{"type":"Feature","geometry":{"type":"Point","coordinates":[19.507558,51.763352]},"properties":{"lines":"8, 9, 10A, 10B","color":"#d6212b","mode":"tram","arr":["8","9","10A","10B","80A","80B","N1A","N1B"],"busLines":"80A, 80B, N1A, N1B","angle":-7.2,"extra":1,"ei":2}},{"type":"Feature","geometry":{"type":"Point","coordinates":[19.51519,51.763756]},"properties":{"lines":"8, 9, 10A, 10B","color":"#d6212b","mode":"tram","arr":["8","9","10A","10B","64A","64B","75A","75B","80A","80B","N1A","N1B"],"busLines":"64A, 64B, 75A, 75B, 80A, 80B, N1A, N1B","angle":2}},{"type":"Feature","geometry":{"type":"Point","coordinates":[19.509288,51.763487]},"properties":{"lines":"8, 9, 10A, 10B","color":"#d6212b","mode":"tram","arr":["8","9","10A","10B","64A","64B","75A","75B","80A","80B","N1A","N1B"],"busLines":"64A, 64B, 75A, 75B, 80A, 80B, N1A, N1B","angle":-7.1,"extra":1,"ei":0}},{"type":"Feature","geometry":{"type":"Point","coordinates":[19.512322,51.763693]},"properties":{"lines":"8, 9, 10A, 10B","color":"#d6212b","mode":"tram","arr":["8","9","10A","10B","64A","64B","75A","75B","80A","80B","N1A","N1B"],"busLines":"64A, 64B, 75A, 75B, 80A, 80B, N1A, N1B","angle":-4.1,"extra":1,"ei":1,"side":-1}},{"type":"Feature","geometry":{"type":"Point","coordinates":[19.518421,51.763761]},"properties":{"lines":"8, 9, 10A, 10B","color":"#d6212b","mode":"tram","arr":["8","9","10A","10B","64A","64B","75A","75B","80A","80B","N1A","N1B"],"busLines":"64A, 64B, 75A, 75B, 80A, 80B, N1A, N1B","angle":-0.6,"extra":1,"ei":2}},{"type":"Feature","geometry":{"type":"Point","coordinates":[19.521454,51.763583]},"properties":{"lines":"8, 9, 10A, 10B","color":"#d6212b","mode":"tram","arr":["8","9","10A","10B","64A","64B","75A","75B","80A","80B","N1A","N1B"],"busLines":"64A, 64B, 75A, 75B, 80A, 80B, N1A, N1B","angle":11.5,"extra":1,"ei":3}},{"type":"Feature","geometry":{"type":"Point","coordinates":[19.528508,51.76233]},"properties":{"lines":"8, 9, 10A, 10B","color":"#d6212b","mode":"tram","arr":["8","9","10A","10B","75A","75B","80A","80B","N1A","N1B"],"busLines":"75A, 75B, 80A, 80B, N1A, N1B","angle":16.5}},{"type":"Feature","geometry":{"type":"Point","coordinates":[19.524047,51.763145]},"properties":{"lines":"8, 9, 10A, 10B","color":"#d6212b","mode":"tram","arr":["8","9","10A","10B","75A","75B","80A","80B","N1A","N1B"],"busLines":"75A, 75B, 80A, 80B, N1A, N1B","angle":16.4,"extra":1,"ei":0,"side":-1}},{"type":"Feature","geometry":{"type":"Point","coordinates":[19.53283,51.761541]},"properties":{"lines":"8, 9, 10A, 10B","color":"#d6212b","mode":"tram","arr":["8","9","10A","10B","75A","75B","80A","80B","N1A","N1B"],"busLines":"75A, 75B, 80A, 80B, N1A, N1B","angle":16.4,"extra":1,"ei":1}},{"type":"Feature","geometry":{"type":"Point","coordinates":[19.535454,51.761062]},"properties":{"lines":"8, 9, 10A, 10B","color":"#d6212b","mode":"tram","arr":["8","9","10A","10B"],"angle":16.4,"side":-1}},{"type":"Feature","geometry":{"type":"Point","coordinates":[19.535545,51.761082]},"properties":{"lines":"8, 9, 10A, 10B","color":"#d6212b","mode":"tram","arr":["8","9","10A","10B"],"angle":16.4,"side":-1,"mi":1}},{"type":"Feature","geometry":{"type":"Point","coordinates":[19.528661,51.762339]},"properties":{"lines":"8, 9, 10A, 10B","color":"#d6212b","mode":"tram","arr":["8","9","10A","10B","75A","75B","80A","80B","N1A","N1B"],"busLines":"75A, 75B, 80A, 80B, N1A, N1B","angle":16.4,"mi":1}},{"type":"Feature","geometry":{"type":"Point","coordinates":[19.533122,51.761523]},"properties":{"lines":"8, 9, 10A, 10B","color":"#d6212b","mode":"tram","arr":["8","9","10A","10B","75A","75B","80A","80B","N1A","N1B"],"busLines":"75A, 75B, 80A, 80B, N1A, N1B","angle":16.4,"extra":1,"ei":0}},{"type":"Feature","geometry":{"type":"Point","coordinates":[19.524341,51.763132]},"properties":{"lines":"8, 9, 10A, 10B","color":"#d6212b","mode":"tram","arr":["8","9","10A","10B","75A","75B","80A","80B","N1A","N1B"],"busLines":"75A, 75B, 80A, 80B, N1A, N1B","angle":16.5,"extra":1,"ei":1}},{"type":"Feature","geometry":{"type":"Point","coordinates":[19.515301,51.764085]},"properties":{"lines":"8, 9, 10A, 10B","color":"#d6212b","mode":"tram","arr":["8","9","10A","10B","64A","64B","75A","75B","80A","80B","N1A","N1B"],"busLines":"64A, 64B, 75A, 75B, 80A, 80B, N1A, N1B","angle":-14.2,"side":-1,"mi":1}},{"type":"Feature","geometry":{"type":"Point","coordinates":[19.521275,51.763695]},"properties":{"lines":"8, 9, 10A, 10B","color":"#d6212b","mode":"tram","arr":["8","9","10A","10B","64A","64B","75A","75B","80A","80B","N1A","N1B"],"busLines":"64A, 64B, 75A, 75B, 80A, 80B, N1A, N1B","angle":16.6,"extra":1,"ei":0}},{"type":"Feature","geometry":{"type":"Point","coordinates":[19.518336,51.764201]},"properties":{"lines":"8, 9, 10A, 10B","color":"#d6212b","mode":"tram","arr":["8","9","10A","10B","64A","64B","75A","75B","80A","80B","N1A","N1B"],"busLines":"64A, 64B, 75A, 75B, 80A, 80B, N1A, N1B","angle":6.2,"extra":1,"ei":1,"side":-1}},{"type":"Feature","geometry":{"type":"Point","coordinates":[19.512298,51.763758]},"properties":{"lines":"8, 9, 10A, 10B","color":"#d6212b","mode":"tram","arr":["8","9","10A","10B","64A","64B","75A","75B","80A","80B","N1A","N1B"],"busLines":"64A, 64B, 75A, 75B, 80A, 80B, N1A, N1B","angle":-7.2,"extra":1,"ei":2}},{"type":"Feature","geometry":{"type":"Point","coordinates":[19.509269,51.763521]},"properties":{"lines":"8, 9, 10A, 10B","color":"#d6212b","mode":"tram","arr":["8","9","10A","10B","64A","64B","75A","75B","80A","80B","N1A","N1B"],"busLines":"64A, 64B, 75A, 75B, 80A, 80B, N1A, N1B","angle":-7.2,"extra":1,"ei":3}},{"type":"Feature","geometry":{"type":"Point","coordinates":[19.502347,51.762983]},"properties":{"lines":"8, 9, 10A, 10B","color":"#d6212b","mode":"tram","arr":["8","9","10A","10B","80A","80B","N1A","N1B"],"busLines":"80A, 80B, N1A, N1B","angle":-7.1}},{"type":"Feature","geometry":{"type":"Point","coordinates":[19.506241,51.763284]},"properties":{"lines":"8, 9, 10A, 10B","color":"#d6212b","mode":"tram","arr":["8","9","10A","10B","80A","80B","N1A","N1B"],"busLines":"80A, 80B, N1A, N1B","angle":-7.2,"extra":1,"ei":0,"side":-1}},{"type":"Feature","geometry":{"type":"Point","coordinates":[19.500183,51.762816]},"properties":{"lines":"8, 9, 10A, 10B","color":"#d6212b","mode":"tram","arr":["8","9","10A","10B","80A","80B","N1A","N1B"],"busLines":"80A, 80B, N1A, N1B","angle":-7.6,"extra":1,"ei":1}},{"type":"Feature","geometry":{"type":"Point","coordinates":[19.497157,51.762565]},"properties":{"lines":"8, 9, 10A, 10B","color":"#d6212b","mode":"tram","arr":["8","9","10A","10B","80A","80B","N1A","N1B"],"busLines":"80A, 80B, N1A, N1B","angle":-7.7,"extra":1,"ei":2,"side":-1}},{"type":"Feature","geometry":{"type":"Point","coordinates":[19.491889,51.762127]},"properties":{"lines":"8, 9, 10A, 10B","color":"#d6212b","mode":"tram","arr":["8","9","10A","10B","60A","60B","60C","60D","80A","80B","N1A","N1B","Z13"],"busLines":"60A, 60B, 60C, 60D, 80A, 80B, N1A, N1B, Z13","angle":-9.3,"mi":1}},{"type":"Feature","geometry":{"type":"Point","coordinates":[19.495429,51.762421]},"properties":{"lines":"8, 9, 10A, 10B","color":"#d6212b","mode":"tram","arr":["8","9","10A","10B","60A","60B","60C","60D","80A","80B","N1A","N1B","Z13"],"busLines":"60A, 60B, 60C, 60D, 80A, 80B, N1A, N1B, Z13","angle":-7.7,"extra":1,"ei":0,"side":-1}},{"type":"Feature","geometry":{"type":"Point","coordinates":[19.489384,51.761898]},"properties":{"lines":"8, 9, 10A, 10B","color":"#d6212b","mode":"tram","arr":["8","9","10A","10B","60A","60B","60C","60D","80A","80B","N1A","N1B","Z13"],"busLines":"60A, 60B, 60C, 60D, 80A, 80B, N1A, N1B, Z13","angle":-7.7,"extra":1,"ei":1}},{"type":"Feature","geometry":{"type":"Point","coordinates":[19.536766,51.760731]},"properties":{"lines":"8","color":"#d6212b","mode":"tram","arr":["8"],"angle":60.5,"side":-1}},{"type":"Feature","geometry":{"type":"Point","coordinates":[19.520641,51.751736]},"properties":{"lines":"8","color":"#d6212b","mode":"tram","arr":["8","64B","69A","69B","96","N5A","N5B"],"busLines":"64B, 69A, 69B, 96, N5A, N5B","angle":-30.4}},{"type":"Feature","geometry":{"type":"Point","coordinates":[19.520686,51.751709]},"properties":{"lines":"8","color":"#d6212b","mode":"tram","arr":["8","64A"],"busLines":"64A","angle":-31.4}},{"type":"Feature","geometry":{"type":"Point","coordinates":[19.536958,51.760824]},"properties":{"lines":"9, 10A, 10B","color":"#d6212b","mode":"tram","arr":["9","10A","10B"],"angle":16.4}},{"type":"Feature","geometry":{"type":"Point","coordinates":[19.485748,51.761595]},"properties":{"lines":"8, 10A, 10B","color":"#d6212b","mode":"tram","arr":["8","10A","10B","60A","60B","60C","60D","80A","80B","N1A","N1B","Z13"],"busLines":"60A, 60B, 60C, 60D, 80A, 80B, N1A, N1B, Z13","angle":-7.6}},{"type":"Feature","geometry":{"type":"Point","coordinates":[19.485799,51.761601]},"properties":{"lines":"9","color":"#d6212b","mode":"tram","arr":["9","60A","60B","60C","60D","80A","80B","N1A","N1B","Z13"],"busLines":"60A, 60B, 60C, 60D, 80A, 80B, N1A, N1B, Z13","angle":-6.5}},{"type":"Feature","geometry":{"type":"Point","coordinates":[19.464456,51.771251]},"properties":{"lines":"9","color":"#d6212b","mode":"tram","arr":["9","51A","51B","53A","53B","85B","86","N7A","N7B","Z13"],"busLines":"51A, 51B, 53A, 53B, 85B, 86, N7A, N7B, Z13","angle":-8.3}},{"type":"Feature","geometry":{"type":"Point","coordinates":[19.465984,51.771388]},"properties":{"lines":"9","color":"#d6212b","mode":"tram","arr":["9","51A","51B","53A","53B","58A","58B","85B","86","88A","88B","88C","88D","N7A","N7B","Z13"],"busLines":"51A, 51B, 53A, 53B, 58A, 58B, 85B, 86, 88A, 88B, 88C, 88D, N7A, N7B, Z13","angle":-9.1,"side":-1}},{"type":"Feature","geometry":{"type":"Point","coordinates":[19.46667,51.771522]},"properties":{"lines":"9","color":"#d6212b","mode":"tram","arr":["9","51A","51B","53A","53B","57","58A","58B","61","85B","86","88A","88B","88C","88D","N7A","N7B","Z13"],"busLines":"51A, 51B, 53A, 53B, 57, 58A, 58B, 61, 85B, 86, 88A, 88B, 88C, 88D, N7A, N7B, Z13","angle":-20.1}},{"type":"Feature","geometry":{"type":"Point","coordinates":[19.468095,51.771693]},"properties":{"lines":"9","color":"#d6212b","mode":"tram","arr":["9","51A","51B","53A","53B","57","58A","58B","61","85B","88A","88B","88C","88D","N7A","N7B","Z13"],"busLines":"51A, 51B, 53A, 53B, 57, 58A, 58B, 61, 85B, 88A, 88B, 88C, 88D, N7A, N7B, Z13","angle":-11.2}},{"type":"Feature","geometry":{"type":"Point","coordinates":[19.470966,51.77197]},"properties":{"lines":"9","color":"#d6212b","mode":"tram","arr":["9","51A","51B","53A","53B","57","58A","58B","61","85A","85B","88A","88B","88C","88D","96","N7A","N7B","Z13"],"busLines":"51A, 51B, 53A, 53B, 57, 58A, 58B, 61, 85A, 85B, 88A, 88B, 88C, 88D, 96, N7A, N7B, Z13","angle":-6.8}},{"type":"Feature","geometry":{"type":"Point","coordinates":[19.475229,51.772333]},"properties":{"lines":"9","color":"#d6212b","mode":"tram","arr":["9","58A","58B","96","N7A","N7B","Z13"],"busLines":"58A, 58B, 96, N7A, N7B, Z13","angle":-8.3}},{"type":"Feature","geometry":{"type":"Point","coordinates":[19.475216,51.772367]},"properties":{"lines":"9, 12, O","color":"#d6212b","mode":"tram","arr":["9","12","O","58A","58B","96","N7A","N7B","Z13"],"busLines":"58A, 58B, 96, N7A, N7B, Z13","angle":-9.5}},{"type":"Feature","geometry":{"type":"Point","coordinates":[19.470988,51.772004]},"properties":{"lines":"9, 12, O","color":"#d6212b","mode":"tram","arr":["9","12","O","51A","51B","53A","53B","57","58A","58B","61","85A","85B","88A","88B","88C","88D","96","N7A","N7B","Z13"],"busLines":"51A, 51B, 53A, 53B, 57, 58A, 58B, 61, 85A, 85B, 88A, 88B, 88C, 88D, 96, N7A, N7B, Z13","angle":-5.7}},{"type":"Feature","geometry":{"type":"Point","coordinates":[19.468118,51.771723]},"properties":{"lines":"9, 12, O","color":"#d6212b","mode":"tram","arr":["9","12","O","51A","51B","53A","53B","57","58A","58B","61","85B","88A","88B","88C","88D","N7A","N7B","Z13"],"busLines":"51A, 51B, 53A, 53B, 57, 58A, 58B, 61, 85B, 88A, 88B, 88C, 88D, N7A, N7B, Z13","angle":-11.2}},{"type":"Feature","geometry":{"type":"Point","coordinates":[19.4667,51.771546]},"properties":{"lines":"9, 12, O","color":"#d6212b","mode":"tram","arr":["9","12","O","51A","51B","53A","53B","57","58A","58B","61","85B","88A","88B","88C","88D","101","N7A","N7B","Z13"],"busLines":"51A, 51B, 53A, 53B, 57, 58A, 58B, 61, 85B, 88A, 88B, 88C, 88D, 101, N7A, N7B, Z13","angle":-40.6}},{"type":"Feature","geometry":{"type":"Point","coordinates":[19.466809,51.770684]},"properties":{"lines":"9, 12, O","color":"#d6212b","mode":"tram","arr":["9","12","O","57","58A","58B","61","88A","88B","88C","88D","101","N7A","N7B","Z13"],"busLines":"57, 58A, 58B, 61, 88A, 88B, 88C, 88D, 101, N7A, N7B, Z13","angle":76.5,"side":-1}},{"type":"Feature","geometry":{"type":"Point","coordinates":[19.411638,51.747688]},"properties":{"lines":"10A, 10B, 12, 14","color":"#d6212b","mode":"tram","arr":["10A","10B","12","14"],"angle":6.9,"mi":1}},{"type":"Feature","geometry":{"type":"Point","coordinates":[19.383158,51.742343]},"properties":{"lines":"10A, 10B, 12, 14","color":"#d6212b","mode":"tram","arr":["10A","10B","12","14"],"angle":-68.5,"extra":1,"ei":0,"side":-1}},{"type":"Feature","geometry":{"type":"Point","coordinates":[19.386018,51.742733]},"properties":{"lines":"10A, 10B, 12, 14","color":"#d6212b","mode":"tram","arr":["10A","10B","12","14"],"angle":-24.2,"extra":1,"ei":1}},{"type":"Feature","geometry":{"type":"Point","coordinates":[19.388794,51.743519]},"properties":{"lines":"10A, 10B, 12, 14","color":"#d6212b","mode":"tram","arr":["10A","10B","12","14"],"angle":-24.6,"extra":1,"ei":2}},{"type":"Feature","geometry":{"type":"Point","coordinates":[19.391569,51.744305]},"properties":{"lines":"10A, 10B, 12, 14","color":"#d6212b","mode":"tram","arr":["10A","10B","12","14"],"angle":-24.6,"extra":1,"ei":3}},{"type":"Feature","geometry":{"type":"Point","coordinates":[19.394345,51.745091]},"properties":{"lines":"10A, 10B, 12, 14","color":"#d6212b","mode":"tram","arr":["10A","10B","12","14"],"angle":-24.6,"extra":1,"ei":4}},{"type":"Feature","geometry":{"type":"Point","coordinates":[19.397119,51.745878]},"properties":{"lines":"10A, 10B, 12, 14","color":"#d6212b","mode":"tram","arr":["10A","10B","12","14"],"angle":-24.6,"extra":1,"ei":5}},{"type":"Feature","geometry":{"type":"Point","coordinates":[19.399896,51.746663]},"properties":{"lines":"10A, 10B, 12, 14","color":"#d6212b","mode":"tram","arr":["10A","10B","12","14"],"angle":-24.7,"extra":1,"ei":6}},{"type":"Feature","geometry":{"type":"Point","coordinates":[19.402651,51.747476]},"properties":{"lines":"10A, 10B, 12, 14","color":"#d6212b","mode":"tram","arr":["10A","10B","12","14"],"angle":-27,"extra":1,"ei":7}},{"type":"Feature","geometry":{"type":"Point","coordinates":[19.405498,51.748074]},"properties":{"lines":"10A, 10B, 12, 14","color":"#d6212b","mode":"tram","arr":["10A","10B","12","14"],"angle":-4.2,"extra":1,"ei":8}},{"type":"Feature","geometry":{"type":"Point","coordinates":[19.408532,51.747919]},"properties":{"lines":"10A, 10B, 12, 14","color":"#d6212b","mode":"tram","arr":["10A","10B","12","14"],"angle":6.9,"extra":1,"ei":9}},{"type":"Feature","geometry":{"type":"Point","coordinates":[19.414594,51.747469]},"properties":{"lines":"10A, 10B, 12, 14","color":"#d6212b","mode":"tram","arr":["10A","10B","12","14"],"angle":6.8,"extra":1,"ei":10}},{"type":"Feature","geometry":{"type":"Point","coordinates":[19.417619,51.747422]},"properties":{"lines":"10A, 10B, 12, 14","color":"#d6212b","mode":"tram","arr":["10A","10B","12","14"],"angle":-13.2,"extra":1,"ei":11}},{"type":"Feature","geometry":{"type":"Point","coordinates":[19.420587,51.747863]},"properties":{"lines":"10A, 10B, 12, 14","color":"#d6212b","mode":"tram","arr":["10A","10B","12","14"],"angle":-17.9,"extra":1,"ei":12}},{"type":"Feature","geometry":{"type":"Point","coordinates":[19.4227,51.749172]},"properties":{"lines":"10A, 10B, 12, 14","color":"#d6212b","mode":"tram","arr":["10A","10B","12","14"],"angle":-53.1,"extra":1,"ei":13}},{"type":"Feature","geometry":{"type":"Point","coordinates":[19.424131,51.750833]},"properties":{"lines":"10A, 10B, 12, 14","color":"#d6212b","mode":"tram","arr":["10A","10B","12","14"],"angle":-64.9,"extra":1,"ei":14}},{"type":"Feature","geometry":{"type":"Point","coordinates":[19.425426,51.752543]},"properties":{"lines":"10A, 10B, 12, 14","color":"#d6212b","mode":"tram","arr":["10A","10B","12","14"],"angle":-64.9,"extra":1,"ei":15}},{"type":"Feature","geometry":{"type":"Point","coordinates":[19.426746,51.754246]},"properties":{"lines":"10A, 10B, 12, 14","color":"#d6212b","mode":"tram","arr":["10A","10B","12","14"],"angle":-62.9,"extra":1,"ei":16}},{"type":"Feature","geometry":{"type":"Point","coordinates":[19.4286,51.755617]},"properties":{"lines":"10A, 10B, 12, 14","color":"#d6212b","mode":"tram","arr":["10A","10B","12","14"],"angle":-7.7,"extra":1,"ei":17}},{"type":"Feature","geometry":{"type":"Point","coordinates":[19.431646,51.755713]},"properties":{"lines":"10A, 10B, 12, 14","color":"#d6212b","mode":"tram","arr":["10A","10B","12","14"],"angle":-6.6,"extra":1,"ei":18}},{"type":"Feature","geometry":{"type":"Point","coordinates":[19.434659,51.756009]},"properties":{"lines":"10A, 10B, 12, 14","color":"#d6212b","mode":"tram","arr":["10A","10B","12","14"],"angle":-4.2,"extra":1,"ei":19,"side":-1}},{"type":"Feature","geometry":{"type":"Point","coordinates":[19.412568,51.747584]},"properties":{"lines":"10A, 10B, 12, 14","color":"#d6212b","mode":"tram","arr":["10A","10B","12","14"],"angle":6.8}},{"type":"Feature","geometry":{"type":"Point","coordinates":[19.38592,51.742658]},"properties":{"lines":"10A, 10B, 12, 14","color":"#d6212b","mode":"tram","arr":["10A","10B","12","14"],"angle":-24.6,"extra":1,"ei":0,"side":-1}},{"type":"Feature","geometry":{"type":"Point","coordinates":[19.388695,51.743444]},"properties":{"lines":"10A, 10B, 12, 14","color":"#d6212b","mode":"tram","arr":["10A","10B","12","14"],"angle":-24.6,"extra":1,"ei":1,"side":-1}},{"type":"Feature","geometry":{"type":"Point","coordinates":[19.391471,51.74423]},"properties":{"lines":"10A, 10B, 12, 14","color":"#d6212b","mode":"tram","arr":["10A","10B","12","14"],"angle":-24.6,"extra":1,"ei":2,"side":-1}},{"type":"Feature","geometry":{"type":"Point","coordinates":[19.394246,51.745016]},"properties":{"lines":"10A, 10B, 12, 14","color":"#d6212b","mode":"tram","arr":["10A","10B","12","14"],"angle":-24.6,"extra":1,"ei":3,"side":-1}},{"type":"Feature","geometry":{"type":"Point","coordinates":[19.397022,51.745802]},"properties":{"lines":"10A, 10B, 12, 14","color":"#d6212b","mode":"tram","arr":["10A","10B","12","14"],"angle":-24.6,"extra":1,"ei":4,"side":-1}},{"type":"Feature","geometry":{"type":"Point","coordinates":[19.399798,51.746588]},"properties":{"lines":"10A, 10B, 12, 14","color":"#d6212b","mode":"tram","arr":["10A","10B","12","14"],"angle":-24.7,"extra":1,"ei":5,"side":-1}},{"type":"Feature","geometry":{"type":"Point","coordinates":[19.402555,51.747397]},"properties":{"lines":"10A, 10B, 12, 14","color":"#d6212b","mode":"tram","arr":["10A","10B","12","14"],"angle":-26.9,"extra":1,"ei":6,"side":-1}},{"type":"Feature","geometry":{"type":"Point","coordinates":[19.405388,51.748026]},"properties":{"lines":"10A, 10B, 12, 14","color":"#d6212b","mode":"tram","arr":["10A","10B","12","14"],"angle":-4.2,"extra":1,"ei":7,"side":-1}},{"type":"Feature","geometry":{"type":"Point","coordinates":[19.408423,51.747891]},"properties":{"lines":"10A, 10B, 12, 14","color":"#d6212b","mode":"tram","arr":["10A","10B","12","14"],"angle":6.8,"extra":1,"ei":8}},{"type":"Feature","geometry":{"type":"Point","coordinates":[19.414485,51.747443]},"properties":{"lines":"10A, 10B, 12, 14","color":"#d6212b","mode":"tram","arr":["10A","10B","12","14"],"angle":6.8,"extra":1,"ei":9}},{"type":"Feature","geometry":{"type":"Point","coordinates":[19.417512,51.747371]},"properties":{"lines":"10A, 10B, 12, 14","color":"#d6212b","mode":"tram","arr":["10A","10B","12","14"],"angle":-12.7,"extra":1,"ei":10}},{"type":"Feature","geometry":{"type":"Point","coordinates":[19.420482,51.747808]},"properties":{"lines":"10A, 10B, 12, 14","color":"#d6212b","mode":"tram","arr":["10A","10B","12","14"],"angle":-16.4,"extra":1,"ei":11}},{"type":"Feature","geometry":{"type":"Point","coordinates":[19.42264,51.749078]},"properties":{"lines":"10A, 10B, 12, 14","color":"#d6212b","mode":"tram","arr":["10A","10B","12","14"],"angle":-53.1,"extra":1,"ei":12}},{"type":"Feature","geometry":{"type":"Point","coordinates":[19.4241,51.750728]},"properties":{"lines":"10A, 10B, 12, 14","color":"#d6212b","mode":"tram","arr":["10A","10B","12","14"],"angle":-64.9,"extra":1,"ei":13}},{"type":"Feature","geometry":{"type":"Point","coordinates":[19.425395,51.752438]},"properties":{"lines":"10A, 10B, 12, 14","color":"#d6212b","mode":"tram","arr":["10A","10B","12","14"],"angle":-64.8,"extra":1,"ei":14}},{"type":"Feature","geometry":{"type":"Point","coordinates":[19.426711,51.754142]},"properties":{"lines":"10A, 10B, 12, 14","color":"#d6212b","mode":"tram","arr":["10A","10B","12","14"],"angle":-62.1,"extra":1,"ei":15}},{"type":"Feature","geometry":{"type":"Point","coordinates":[19.4285,51.755572]},"properties":{"lines":"10A, 10B, 12, 14","color":"#d6212b","mode":"tram","arr":["10A","10B","12","14"],"angle":-10.9,"extra":1,"ei":16,"side":-1}},{"type":"Feature","geometry":{"type":"Point","coordinates":[19.431545,51.75567]},"properties":{"lines":"10A, 10B, 12, 14","color":"#d6212b","mode":"tram","arr":["10A","10B","12","14"],"angle":-6.2,"extra":1,"ei":17}},{"type":"Feature","geometry":{"type":"Point","coordinates":[19.434563,51.755954]},"properties":{"lines":"10A, 10B, 12, 14","color":"#d6212b","mode":"tram","arr":["10A","10B","12","14"],"angle":-7.2,"extra":1,"ei":18,"side":-1}},{"type":"Feature","geometry":{"type":"Point","coordinates":[19.464816,51.769542]},"properties":{"lines":"12, O","color":"#d6212b","mode":"tram","arr":["12","O","51A","51B","53A","53B","57","67","77","85B","101","N7A","N7B","Z13"],"busLines":"51A, 51B, 53A, 53B, 57, 67, 77, 85B, 101, N7A, N7B, Z13","angle":-29.1,"side":-1}},{"type":"Feature","geometry":{"type":"Point","coordinates":[19.488375,51.773495]},"properties":{"lines":"12, O","color":"#d6212b","mode":"tram","arr":["12","O","58A","58B","N7A","N7B"],"busLines":"58A, 58B, N7A, N7B","angle":-8.3}},{"type":"Feature","geometry":{"type":"Point","coordinates":[19.483821,51.773091]},"properties":{"lines":"12, O","color":"#d6212b","mode":"tram","arr":["12","O","58A","58B","N7A","N7B"],"busLines":"58A, 58B, N7A, N7B","angle":-8.1,"extra":1,"ei":0,"side":-1}},{"type":"Feature","geometry":{"type":"Point","coordinates":[19.492885,51.773897]},"properties":{"lines":"12, O","color":"#d6212b","mode":"tram","arr":["12","O","58A","58B","N7A","N7B"],"busLines":"58A, 58B, N7A, N7B","angle":-8,"extra":1,"ei":1}},{"type":"Feature","geometry":{"type":"Point","coordinates":[19.488287,51.773514]},"properties":{"lines":"12, O","color":"#d6212b","mode":"tram","arr":["12","O","58A","58B","N7A","N7B"],"busLines":"58A, 58B, N7A, N7B","angle":-8.2,"mi":1}},{"type":"Feature","geometry":{"type":"Point","coordinates":[19.492731,51.773911]},"properties":{"lines":"12, O","color":"#d6212b","mode":"tram","arr":["12","O","58A","58B","N7A","N7B"],"busLines":"58A, 58B, N7A, N7B","angle":-8.2,"extra":1,"ei":0}},{"type":"Feature","geometry":{"type":"Point","coordinates":[19.483667,51.773104]},"properties":{"lines":"12, O","color":"#d6212b","mode":"tram","arr":["12","O","58A","58B","N7A","N7B"],"busLines":"58A, 58B, N7A, N7B","angle":-8.1,"extra":1,"ei":1,"side":-1}},{"type":"Feature","geometry":{"type":"Point","coordinates":[19.468521,51.760337]},"properties":{"lines":"12, O","color":"#d6212b","mode":"tram","arr":["12","O"],"angle":-57.3}},{"type":"Feature","geometry":{"type":"Point","coordinates":[19.496806,51.775365]},"properties":{"lines":"12","color":"#d6212b","mode":"tram","arr":["12"],"angle":82.7,"mi":1}},{"type":"Feature","geometry":{"type":"Point","coordinates":[19.507585,51.782225]},"properties":{"lines":"12","color":"#d6212b","mode":"tram","arr":["12"],"angle":1,"side":-1,"mi":1}},{"type":"Feature","geometry":{"type":"Point","coordinates":[19.515814,51.782381]},"properties":{"lines":"12","color":"#d6212b","mode":"tram","arr":["12","N4A","N4B","N7B"],"busLines":"N4A, N4B, N7B","angle":-17,"side":-1}},{"type":"Feature","geometry":{"type":"Point","coordinates":[19.510824,51.782069]},"properties":{"lines":"12","color":"#d6212b","mode":"tram","arr":["12","N4A","N4B","N7B"],"busLines":"N4A, N4B, N7B","angle":5.6,"extra":1,"ei":0,"side":-1}},{"type":"Feature","geometry":{"type":"Point","coordinates":[19.513865,51.782121]},"properties":{"lines":"12","color":"#d6212b","mode":"tram","arr":["12","N4A","N4B","N7B"],"busLines":"N4A, N4B, N7B","angle":-8,"extra":1,"ei":1,"side":-1}},{"type":"Feature","geometry":{"type":"Point","coordinates":[19.519709,51.78319]},"properties":{"lines":"12","color":"#d6212b","mode":"tram","arr":["12","N4A","N4B","N7B"],"busLines":"N4A, N4B, N7B","angle":-18.7,"extra":1,"ei":2,"side":-1}},{"type":"Feature","geometry":{"type":"Point","coordinates":[19.527722,51.782702]},"properties":{"lines":"12","color":"#d6212b","mode":"tram","arr":["12"],"angle":11.5}},{"type":"Feature","geometry":{"type":"Point","coordinates":[19.524235,51.783088]},"properties":{"lines":"12","color":"#d6212b","mode":"tram","arr":["12","58A","58B","N4A","N4B"],"busLines":"58A, 58B, N4A, N4B","angle":9.2}},{"type":"Feature","geometry":{"type":"Point","coordinates":[19.515815,51.782413]},"properties":{"lines":"12","color":"#d6212b","mode":"tram","arr":["12","N4A","N4B","N7B"],"busLines":"N4A, N4B, N7B","angle":-16.7,"side":-1,"mi":1}},{"type":"Feature","geometry":{"type":"Point","coordinates":[19.520573,51.783392]},"properties":{"lines":"12","color":"#d6212b","mode":"tram","arr":["12","N4A","N4B","N7B"],"busLines":"N4A, N4B, N7B","angle":-10.5,"extra":1,"ei":0}},{"type":"Feature","geometry":{"type":"Point","coordinates":[19.517678,51.782793]},"properties":{"lines":"12","color":"#d6212b","mode":"tram","arr":["12","N4A","N4B","N7B"],"busLines":"N4A, N4B, N7B","angle":-18.5,"extra":1,"ei":1,"side":-1}},{"type":"Feature","geometry":{"type":"Point","coordinates":[19.511729,51.782045]},"properties":{"lines":"12","color":"#d6212b","mode":"tram","arr":["12","N4A","N4B","N7B"],"busLines":"N4A, N4B, N7B","angle":1.5,"extra":1,"ei":2,"side":-1}},{"type":"Feature","geometry":{"type":"Point","coordinates":[19.507452,51.782306]},"properties":{"lines":"12","color":"#d6212b","mode":"tram","arr":["12"],"angle":0.4}},{"type":"Feature","geometry":{"type":"Point","coordinates":[19.496752,51.77536]},"properties":{"lines":"12","color":"#d6212b","mode":"tram","arr":["12"],"angle":82.6}},{"type":"Feature","geometry":{"type":"Point","coordinates":[19.496473,51.776699]},"properties":{"lines":"12","color":"#d6212b","mode":"tram","arr":["12"],"angle":82.8,"extra":1,"ei":0}},{"type":"Feature","geometry":{"type":"Point","coordinates":[19.502967,51.777766]},"properties":{"lines":"12, 15, 45","color":"#d6212b","mode":"tram","arr":["12","15","45"],"angle":-53}},{"type":"Feature","geometry":{"type":"Point","coordinates":[19.498363,51.777255]},"properties":{"lines":"12, 15, 45","color":"#d6212b","mode":"tram","arr":["12","15","45"],"angle":9.7,"extra":1,"ei":0,"side":-1}},{"type":"Feature","geometry":{"type":"Point","coordinates":[19.501101,51.776513]},"properties":{"lines":"12, 15, 45","color":"#d6212b","mode":"tram","arr":["12","15","45"],"angle":-2.1,"extra":1,"ei":1,"side":-1}},{"type":"Feature","geometry":{"type":"Point","coordinates":[19.505079,51.779309]},"properties":{"lines":"12, 15, 45","color":"#d6212b","mode":"tram","arr":["12","15","45"],"angle":-39.4,"extra":1,"ei":2}},{"type":"Feature","geometry":{"type":"Point","coordinates":[19.506595,51.780849]},"properties":{"lines":"12, 15, 45","color":"#d6212b","mode":"tram","arr":["12","15","45"],"angle":-82.3,"extra":1,"ei":3,"side":-1}},{"type":"Feature","geometry":{"type":"Point","coordinates":[19.50291,51.777776]},"properties":{"lines":"12, 15, 45","color":"#d6212b","mode":"tram","arr":["12","15","45"],"angle":-53,"mi":1}},{"type":"Feature","geometry":{"type":"Point","coordinates":[19.506398,51.780527]},"properties":{"lines":"12, 15, 45","color":"#d6212b","mode":"tram","arr":["12","15","45"],"angle":-82.6,"extra":1,"ei":0}},{"type":"Feature","geometry":{"type":"Point","coordinates":[19.504583,51.779102]},"properties":{"lines":"12, 15, 45","color":"#d6212b","mode":"tram","arr":["12","15","45"],"angle":-43.2,"extra":1,"ei":1}},{"type":"Feature","geometry":{"type":"Point","coordinates":[19.500518,51.776697]},"properties":{"lines":"12, 15, 45","color":"#d6212b","mode":"tram","arr":["12","15","45"],"angle":33.9,"extra":1,"ei":2}},{"type":"Feature","geometry":{"type":"Point","coordinates":[19.497718,51.777348]},"properties":{"lines":"12, 15, 45","color":"#d6212b","mode":"tram","arr":["12","15","45"],"angle":9.6,"extra":1,"ei":3,"side":-1}},{"type":"Feature","geometry":{"type":"Point","coordinates":[19.489031,51.732112]},"properties":{"lines":"13","color":"#d6212b","mode":"tram","arr":["13"],"angle":80.1}},{"type":"Feature","geometry":{"type":"Point","coordinates":[19.488809,51.736801]},"properties":{"lines":"13","color":"#d6212b","mode":"tram","arr":["13"],"angle":-88.4,"extra":1,"ei":0}},{"type":"Feature","geometry":{"type":"Point","coordinates":[19.48887,51.734913]},"properties":{"lines":"13","color":"#d6212b","mode":"tram","arr":["13"],"angle":88.7,"extra":1,"ei":1}},{"type":"Feature","geometry":{"type":"Point","coordinates":[19.489995,51.729319]},"properties":{"lines":"13","color":"#d6212b","mode":"tram","arr":["13"],"angle":77.2,"extra":1,"ei":2}},{"type":"Feature","geometry":{"type":"Point","coordinates":[19.488933,51.733489]},"properties":{"lines":"13","color":"#d6212b","mode":"tram","arr":["13"],"angle":-89.2,"mi":1}},{"type":"Feature","geometry":{"type":"Point","coordinates":[19.489762,51.73012]},"properties":{"lines":"13","color":"#d6212b","mode":"tram","arr":["13"],"angle":77.2,"extra":1,"ei":0}},{"type":"Feature","geometry":{"type":"Point","coordinates":[19.489129,51.731967]},"properties":{"lines":"13","color":"#d6212b","mode":"tram","arr":["13"],"angle":80.1,"extra":1,"ei":1}},{"type":"Feature","geometry":{"type":"Point","coordinates":[19.488893,51.735733]},"properties":{"lines":"13","color":"#d6212b","mode":"tram","arr":["13"],"angle":88.7,"extra":1,"ei":2}},{"type":"Feature","geometry":{"type":"Point","coordinates":[19.48897,51.737618]},"properties":{"lines":"13","color":"#d6212b","mode":"tram","arr":["13"],"angle":-85.1,"extra":1,"ei":3}},{"type":"Feature","geometry":{"type":"Point","coordinates":[19.485484,51.76106]},"properties":{"lines":"13, 14","color":"#d6212b","mode":"tram","arr":["13","14","54B","70","96"],"busLines":"54B, 70, 96","angle":57.2}},{"type":"Feature","geometry":{"type":"Point","coordinates":[19.453546,51.731683]},"properties":{"lines":"15, 16","color":"#d6212b","mode":"tram","arr":["15","16"],"angle":65.9,"side":-1}},{"type":"Feature","geometry":{"type":"Point","coordinates":[19.452804,51.734082]},"properties":{"lines":"15, 16","color":"#d6212b","mode":"tram","arr":["15","16","69A","69B","F1","H","N7A","N7B"],"busLines":"69A, 69B, F1, H, N7A, N7B","angle":89.3}},{"type":"Feature","geometry":{"type":"Point","coordinates":[19.452833,51.732722]},"properties":{"lines":"15, 16","color":"#d6212b","mode":"tram","arr":["15","16","69A","69B","F1","H","N7A","N7B"],"busLines":"69A, 69B, F1, H, N7A, N7B","angle":89.3,"extra":1,"ei":0}},{"type":"Feature","geometry":{"type":"Point","coordinates":[19.452159,51.740409]},"properties":{"lines":"15, 16","color":"#d6212b","mode":"tram","arr":["15","16","55A","55B","55C","N7A","N7B"],"busLines":"55A, 55B, 55C, N7A, N7B","angle":81.9}},{"type":"Feature","geometry":{"type":"Point","coordinates":[19.452728,51.73733]},"properties":{"lines":"15, 16","color":"#d6212b","mode":"tram","arr":["15","16","55A","55B","55C","N7A","N7B"],"busLines":"55A, 55B, 55C, N7A, N7B","angle":88.9,"extra":1,"ei":0}},{"type":"Feature","geometry":{"type":"Point","coordinates":[19.452446,51.739208]},"properties":{"lines":"15, 16","color":"#d6212b","mode":"tram","arr":["15","16","55A","55B","55C","N7A","N7B"],"busLines":"55A, 55B, 55C, N7A, N7B","angle":81.4,"extra":1,"ei":1}},{"type":"Feature","geometry":{"type":"Point","coordinates":[19.451596,51.742948]},"properties":{"lines":"15, 16","color":"#d6212b","mode":"tram","arr":["15","16","55A","55B","55C","N7A","N7B"],"busLines":"55A, 55B, 55C, N7A, N7B","angle":82.3,"extra":1,"ei":2}},{"type":"Feature","geometry":{"type":"Point","coordinates":[19.450557,51.747535]},"properties":{"lines":"15, 16","color":"#d6212b","mode":"tram","arr":["15","16","55A","55B","55C","72A","72B","N4A","N4B","N7A","N7B"],"busLines":"55A, 55B, 55C, 72A, 72B, N4A, N4B, N7A, N7B","angle":82.1,"mi":1}},{"type":"Feature","geometry":{"type":"Point","coordinates":[19.451046,51.745352]},"properties":{"lines":"15, 16","color":"#d6212b","mode":"tram","arr":["15","16","55A","55B","55C","72A","72B","N4A","N4B","N7A","N7B"],"busLines":"55A, 55B, 55C, 72A, 72B, N4A, N4B, N7A, N7B","angle":82.1,"extra":1,"ei":0}},{"type":"Feature","geometry":{"type":"Point","coordinates":[19.450207,51.749093]},"properties":{"lines":"15, 16","color":"#d6212b","mode":"tram","arr":["15","16","55A","55B","55C","72A","72B","N4A","N4B","N7A","N7B"],"busLines":"55A, 55B, 55C, 72A, 72B, N4A, N4B, N7A, N7B","angle":82.1,"extra":1,"ei":1}},{"type":"Feature","geometry":{"type":"Point","coordinates":[19.449731,51.751209]},"properties":{"lines":"15, 16","color":"#d6212b","mode":"tram","arr":["15","16","55A","55B","55C","72A","72B","77","N4A","N4B","N7A","N7B"],"busLines":"55A, 55B, 55C, 72A, 72B, 77, N4A, N4B, N7A, N7B","angle":82.2}},{"type":"Feature","geometry":{"type":"Point","coordinates":[19.449006,51.754778]},"properties":{"lines":"15, 16","color":"#d6212b","mode":"tram","arr":["15","16","72A","72B","N4A","N4B"],"busLines":"72A, 72B, N4A, N4B","angle":82.9,"side":-1}},{"type":"Feature","geometry":{"type":"Point","coordinates":[19.44938,51.752927]},"properties":{"lines":"15, 16","color":"#d6212b","mode":"tram","arr":["15","16","72A","72B","N4A","N4B"],"busLines":"72A, 72B, N4A, N4B","angle":83.3,"extra":1,"ei":0,"side":-1}},{"type":"Feature","geometry":{"type":"Point","coordinates":[19.448621,51.756674]},"properties":{"lines":"15, 16","color":"#d6212b","mode":"tram","arr":["15","16","72A","72B","N4A","N4B"],"busLines":"72A, 72B, N4A, N4B","angle":83.4,"extra":1,"ei":1,"side":-1}},{"type":"Feature","geometry":{"type":"Point","coordinates":[19.448469,51.757908]},"properties":{"lines":"15, 16","color":"#d6212b","mode":"tram","arr":["15","16"],"angle":85.7,"side":-1}},{"type":"Feature","geometry":{"type":"Point","coordinates":[19.448014,51.759984]},"properties":{"lines":"15, 16","color":"#d6212b","mode":"tram","arr":["15","16","72A","72B","N4A","N4B"],"busLines":"72A, 72B, N4A, N4B","angle":82.7,"side":-1,"mi":1}},{"type":"Feature","geometry":{"type":"Point","coordinates":[19.447944,51.76006]},"properties":{"lines":"15, 16","color":"#d6212b","mode":"tram","arr":["15","16","72A","72B","N4A","N4B"],"busLines":"72A, 72B, N4A, N4B","angle":82.3,"side":-1,"mi":2}},{"type":"Feature","geometry":{"type":"Point","coordinates":[19.448214,51.75887]},"properties":{"lines":"15, 16","color":"#d6212b","mode":"tram","arr":["15","16","72A","72B","N4A","N4B"],"busLines":"72A, 72B, N4A, N4B","angle":78.8,"extra":1,"ei":0,"side":-1}},{"type":"Feature","geometry":{"type":"Point","coordinates":[19.448414,51.757889]},"properties":{"lines":"15, 16","color":"#d6212b","mode":"tram","arr":["15","16"],"angle":85.7,"side":-1,"mi":1}},{"type":"Feature","geometry":{"type":"Point","coordinates":[19.44898,51.754649]},"properties":{"lines":"15, 16","color":"#d6212b","mode":"tram","arr":["15","16","72A","72B","N4A","N4B"],"busLines":"72A, 72B, N4A, N4B","angle":82.9,"side":-1,"mi":3}},{"type":"Feature","geometry":{"type":"Point","coordinates":[19.448627,51.75639]},"properties":{"lines":"15, 16","color":"#d6212b","mode":"tram","arr":["15","16","72A","72B","N4A","N4B"],"busLines":"72A, 72B, N4A, N4B","angle":82.8,"extra":1,"ei":0,"side":-1}},{"type":"Feature","geometry":{"type":"Point","coordinates":[19.449382,51.752641]},"properties":{"lines":"15, 16","color":"#d6212b","mode":"tram","arr":["15","16","72A","72B","N4A","N4B"],"busLines":"72A, 72B, N4A, N4B","angle":83.4,"extra":1,"ei":1,"side":-1}},{"type":"Feature","geometry":{"type":"Point","coordinates":[19.449659,51.751303]},"properties":{"lines":"15, 16","color":"#d6212b","mode":"tram","arr":["15","16","55A","55B","55C","72A","72B","77","N4A","N4B","N7A","N7B"],"busLines":"55A, 55B, 55C, 72A, 72B, 77, N4A, N4B, N7A, N7B","angle":82.4,"mi":1}},{"type":"Feature","geometry":{"type":"Point","coordinates":[19.450504,51.747517]},"properties":{"lines":"15, 16","color":"#d6212b","mode":"tram","arr":["15","16","55A","55B","55C","72A","72B","N4A","N4B","N7A","N7B"],"busLines":"55A, 55B, 55C, 72A, 72B, N4A, N4B, N7A, N7B","angle":82.1}},{"type":"Feature","geometry":{"type":"Point","coordinates":[19.450014,51.7497]},"properties":{"lines":"15, 16","color":"#d6212b","mode":"tram","arr":["15","16","55A","55B","55C","72A","72B","N4A","N4B","N7A","N7B"],"busLines":"55A, 55B, 55C, 72A, 72B, N4A, N4B, N7A, N7B","angle":82.1,"extra":1,"ei":0}},{"type":"Feature","geometry":{"type":"Point","coordinates":[19.450855,51.745958]},"properties":{"lines":"15, 16","color":"#d6212b","mode":"tram","arr":["15","16","55A","55B","55C","72A","72B","N4A","N4B","N7A","N7B"],"busLines":"55A, 55B, 55C, 72A, 72B, N4A, N4B, N7A, N7B","angle":82.1,"extra":1,"ei":1}},{"type":"Feature","geometry":{"type":"Point","coordinates":[19.452081,51.740503]},"properties":{"lines":"15, 16","color":"#d6212b","mode":"tram","arr":["15","16","55A","55B","55C","N7A","N7B"],"busLines":"55A, 55B, 55C, N7A, N7B","angle":81.8,"mi":1}},{"type":"Feature","geometry":{"type":"Point","coordinates":[19.451426,51.743465]},"properties":{"lines":"15, 16","color":"#d6212b","mode":"tram","arr":["15","16","55A","55B","55C","N7A","N7B"],"busLines":"55A, 55B, 55C, N7A, N7B","angle":82.3,"extra":1,"ei":0}},{"type":"Feature","geometry":{"type":"Point","coordinates":[19.452656,51.737852]},"properties":{"lines":"15, 16","color":"#d6212b","mode":"tram","arr":["15","16","55A","55B","55C","N7A","N7B"],"busLines":"55A, 55B, 55C, N7A, N7B","angle":87.7,"extra":1,"ei":1}},{"type":"Feature","geometry":{"type":"Point","coordinates":[19.452705,51.736144]},"properties":{"lines":"15, 16","color":"#d6212b","mode":"tram","arr":["15","16","69A","69B","F1","N7A","N7B"],"busLines":"69A, 69B, F1, N7A, N7B","angle":89.1}},{"type":"Feature","geometry":{"type":"Point","coordinates":[19.452757,51.733835]},"properties":{"lines":"15, 16","color":"#d6212b","mode":"tram","arr":["15","16","69A","69B","F1","H","N7A","N7B"],"busLines":"69A, 69B, F1, H, N7A, N7B","angle":89.2,"mi":1}},{"type":"Feature","geometry":{"type":"Point","coordinates":[19.465341,51.777699]},"properties":{"lines":"15, 45","color":"#d6212b","mode":"tram","arr":["15","45","87A","87B"],"busLines":"87A, 87B","angle":-8,"mi":1}},{"type":"Feature","geometry":{"type":"Point","coordinates":[19.463163,51.77751]},"properties":{"lines":"15, 45","color":"#d6212b","mode":"tram","arr":["15","45","87A","87B"],"busLines":"87A, 87B","angle":-8,"extra":1,"ei":0}},{"type":"Feature","geometry":{"type":"Point","coordinates":[19.475149,51.778541]},"properties":{"lines":"15, 45","color":"#d6212b","mode":"tram","arr":["15","45"],"angle":-7.8,"mi":1}},{"type":"Feature","geometry":{"type":"Point","coordinates":[19.470542,51.778143]},"properties":{"lines":"15, 45","color":"#d6212b","mode":"tram","arr":["15","45"],"angle":-7.7,"extra":1,"ei":0}},{"type":"Feature","geometry":{"type":"Point","coordinates":[19.479614,51.778917]},"properties":{"lines":"15, 45","color":"#d6212b","mode":"tram","arr":["15","45"],"angle":-7.8,"extra":1,"ei":1}},{"type":"Feature","geometry":{"type":"Point","coordinates":[19.485573,51.778584]},"properties":{"lines":"15, 45","color":"#d6212b","mode":"tram","arr":["15","45","87A","87B","N7A","N7B"],"busLines":"87A, 87B, N7A, N7B","angle":9.9,"mi":1}},{"type":"Feature","geometry":{"type":"Point","coordinates":[19.482779,51.778879]},"properties":{"lines":"15, 45","color":"#d6212b","mode":"tram","arr":["15","45","87A","87B","N7A","N7B"],"busLines":"87A, 87B, N7A, N7B","angle":9.5,"extra":1,"ei":0}},{"type":"Feature","geometry":{"type":"Point","coordinates":[19.488795,51.778237]},"properties":{"lines":"15, 45","color":"#d6212b","mode":"tram","arr":["15","45","87A","87B","N7A","N7B"],"busLines":"87A, 87B, N7A, N7B","angle":9.9,"extra":1,"ei":1}},{"type":"Feature","geometry":{"type":"Point","coordinates":[19.493342,51.777688]},"properties":{"lines":"15, 45","color":"#d6212b","mode":"tram","arr":["15","45","N7A","N7B"],"busLines":"N7A, N7B","angle":9.2,"side":-1,"mi":1}},{"type":"Feature","geometry":{"type":"Point","coordinates":[19.491375,51.777968]},"properties":{"lines":"15, 45","color":"#d6212b","mode":"tram","arr":["15","45","N7A","N7B"],"busLines":"N7A, N7B","angle":10.2,"extra":1,"ei":0}},{"type":"Feature","geometry":{"type":"Point","coordinates":[19.493353,51.777713]},"properties":{"lines":"15, 45","color":"#d6212b","mode":"tram","arr":["15","45","N7A","N7B"],"busLines":"N7A, N7B","angle":9.4,"side":-1}},{"type":"Feature","geometry":{"type":"Point","coordinates":[19.495358,51.777588]},"properties":{"lines":"15, 45","color":"#d6212b","mode":"tram","arr":["15","45","N7A","N7B"],"busLines":"N7A, N7B","angle":6.6,"extra":1,"ei":0,"side":-1}},{"type":"Feature","geometry":{"type":"Point","coordinates":[19.485589,51.77861]},"properties":{"lines":"15, 45","color":"#d6212b","mode":"tram","arr":["15","45","87A","87B","N7A","N7B"],"busLines":"87A, 87B, N7A, N7B","angle":9.8}},{"type":"Feature","geometry":{"type":"Point","coordinates":[19.488382,51.778309]},"properties":{"lines":"15, 45","color":"#d6212b","mode":"tram","arr":["15","45","87A","87B","N7A","N7B"],"busLines":"87A, 87B, N7A, N7B","angle":9.9,"extra":1,"ei":0}},{"type":"Feature","geometry":{"type":"Point","coordinates":[19.482365,51.778947]},"properties":{"lines":"15, 45","color":"#d6212b","mode":"tram","arr":["15","45","87A","87B","N7A","N7B"],"busLines":"87A, 87B, N7A, N7B","angle":9.1,"extra":1,"ei":1}},{"type":"Feature","geometry":{"type":"Point","coordinates":[19.475165,51.778569]},"properties":{"lines":"15, 45","color":"#d6212b","mode":"tram","arr":["15","45"],"angle":-7.7}},{"type":"Feature","geometry":{"type":"Point","coordinates":[19.479773,51.778957]},"properties":{"lines":"15, 45","color":"#d6212b","mode":"tram","arr":["15","45"],"angle":-7.8,"extra":1,"ei":0}},{"type":"Feature","geometry":{"type":"Point","coordinates":[19.470701,51.778185]},"properties":{"lines":"15, 45","color":"#d6212b","mode":"tram","arr":["15","45"],"angle":-7.9,"extra":1,"ei":1}},{"type":"Feature","geometry":{"type":"Point","coordinates":[19.46537,51.777727]},"properties":{"lines":"15, 45","color":"#d6212b","mode":"tram","arr":["15","45","87A","87B"],"busLines":"87A, 87B","angle":-7.9}},{"type":"Feature","geometry":{"type":"Point","coordinates":[19.467534,51.777914]},"properties":{"lines":"15, 45","color":"#d6212b","mode":"tram","arr":["15","45","87A","87B"],"busLines":"87A, 87B","angle":-7.9,"extra":1,"ei":0}},{"type":"Feature","geometry":{"type":"Point","coordinates":[19.413219,51.700208]},"properties":{"lines":"16, Z2","color":"#d6212b","mode":"tram","arr":["16","Z2","75A","75B","N4A","N4B"],"busLines":"75A, 75B, N4A, N4B","angle":66.1}},{"type":"Feature","geometry":{"type":"Point","coordinates":[19.414677,51.700967]},"properties":{"lines":"16, Z2","color":"#d6212b","mode":"tram","arr":["16","Z2"],"angle":0.8,"side":-1}},{"type":"Feature","geometry":{"type":"Point","coordinates":[19.41828,51.703271]},"properties":{"lines":"16, 41, Z2","color":"#d6212b","mode":"tram","arr":["16","41","Z2","68","75A","75B","N4A","N4B"],"busLines":"68, 75A, 75B, N4A, N4B","angle":-51.4}},{"type":"Feature","geometry":{"type":"Point","coordinates":[19.414992,51.700709]},"properties":{"lines":"16, 41, Z2","color":"#d6212b","mode":"tram","arr":["16","41","Z2","68","75A","75B","N4A","N4B"],"busLines":"68, 75A, 75B, N4A, N4B","angle":-51.5,"extra":1,"ei":0}},{"type":"Feature","geometry":{"type":"Point","coordinates":[19.416888,51.702189]},"properties":{"lines":"16, 41, Z2","color":"#d6212b","mode":"tram","arr":["16","41","Z2","68","75A","75B","N4A","N4B"],"busLines":"68, 75A, 75B, N4A, N4B","angle":-51.6,"extra":1,"ei":1}},{"type":"Feature","geometry":{"type":"Point","coordinates":[19.420702,51.705138]},"properties":{"lines":"16, 41, Z2","color":"#d6212b","mode":"tram","arr":["16","41","Z2","68","75A","75B","N4A","N4B"],"busLines":"68, 75A, 75B, N4A, N4B","angle":-50.8,"extra":1,"ei":2}},{"type":"Feature","geometry":{"type":"Point","coordinates":[19.425187,51.708541]},"properties":{"lines":"16, 41, Z2","color":"#d6212b","mode":"tram","arr":["16","41","Z2","75A","75B","N4A","N4B"],"busLines":"75A, 75B, N4A, N4B","angle":-63.7,"mi":1}},{"type":"Feature","geometry":{"type":"Point","coordinates":[19.423679,51.707195]},"properties":{"lines":"16, 41, Z2","color":"#d6212b","mode":"tram","arr":["16","41","Z2","75A","75B","N4A","N4B"],"busLines":"75A, 75B, N4A, N4B","angle":-51.6,"extra":1,"ei":0}},{"type":"Feature","geometry":{"type":"Point","coordinates":[19.427263,51.710199]},"properties":{"lines":"16, 41, Z2","color":"#d6212b","mode":"tram","arr":["16","41","Z2","75A","75B","N4A","N4B"],"busLines":"75A, 75B, N4A, N4B","angle":-52.8,"extra":1,"ei":1}},{"type":"Feature","geometry":{"type":"Point","coordinates":[19.428027,51.710829]},"properties":{"lines":"16, 41, Z2","color":"#d6212b","mode":"tram","arr":["16","41","Z2"],"angle":-53}},{"type":"Feature","geometry":{"type":"Point","coordinates":[19.429782,51.712263]},"properties":{"lines":"16, 41, Z2","color":"#d6212b","mode":"tram","arr":["16","41","Z2","50A","50B","68","N4A","N4B"],"busLines":"50A, 50B, 68, N4A, N4B","angle":-52.8,"side":-1,"mi":1}},{"type":"Feature","geometry":{"type":"Point","coordinates":[19.431115,51.713359]},"properties":{"lines":"16, 41, Z2","color":"#d6212b","mode":"tram","arr":["16","41","Z2","50A","50B","68","N4A","N4B"],"busLines":"50A, 50B, 68, N4A, N4B","angle":-53,"extra":1,"ei":0}},{"type":"Feature","geometry":{"type":"Point","coordinates":[19.432185,51.71424]},"properties":{"lines":"16, 41, Z2","color":"#d6212b","mode":"tram","arr":["16","41","Z2","50A","50B","62","68","N4A","N4B"],"busLines":"50A, 50B, 62, 68, N4A, N4B","angle":-53.1,"side":-1}},{"type":"Feature","geometry":{"type":"Point","coordinates":[19.434378,51.716032]},"properties":{"lines":"16, 41, Z2","color":"#d6212b","mode":"tram","arr":["16","41","Z2","50A","50B","62","63","68","N4A","N4B"],"busLines":"50A, 50B, 62, 63, 68, N4A, N4B","angle":-52.9,"side":-1}},{"type":"Feature","geometry":{"type":"Point","coordinates":[19.43689,51.718099]},"properties":{"lines":"16, 41, Z2","color":"#d6212b","mode":"tram","arr":["16","41","Z2","50A","50B","63","68","N4A","N4B"],"busLines":"50A, 50B, 63, 68, N4A, N4B","angle":-52.9,"side":-1,"mi":3}},{"type":"Feature","geometry":{"type":"Point","coordinates":[19.440171,51.720791]},"properties":{"lines":"16, 41, Z2","color":"#d6212b","mode":"tram","arr":["16","41","Z2","50A","50B","68","N4A","N4B"],"busLines":"50A, 50B, 68, N4A, N4B","angle":-53.1,"side":-1}},{"type":"Feature","geometry":{"type":"Point","coordinates":[19.443013,51.723125]},"properties":{"lines":"16, 41, Z2","color":"#d6212b","mode":"tram","arr":["16","41","Z2","50A","50B","63","68","N4A","N4B"],"busLines":"50A, 50B, 63, 68, N4A, N4B","angle":-52.6,"side":-1}},{"type":"Feature","geometry":{"type":"Point","coordinates":[19.444666,51.724466]},"properties":{"lines":"16, 41, Z2","color":"#d6212b","mode":"tram","arr":["16","41","Z2","50A","50B","63","68","77","N4A","N4B"],"busLines":"50A, 50B, 63, 68, 77, N4A, N4B","angle":-50,"side":-1}},{"type":"Feature","geometry":{"type":"Point","coordinates":[19.446504,51.725858]},"properties":{"lines":"16, 41, Z2","color":"#d6212b","mode":"tram","arr":["16","41","Z2","50A","50B","63","68","N4A","N4B"],"busLines":"50A, 50B, 63, 68, N4A, N4B","angle":-53.1,"mi":2}},{"type":"Feature","geometry":{"type":"Point","coordinates":[19.450119,51.728907]},"properties":{"lines":"16, 41, Z2","color":"#d6212b","mode":"tram","arr":["16","41","Z2","50A","50B","52","63","68","N4A","N4B"],"busLines":"50A, 50B, 52, 63, 68, N4A, N4B","angle":-52.9}},{"type":"Feature","geometry":{"type":"Point","coordinates":[19.44834,51.72745]},"properties":{"lines":"16, 41, Z2","color":"#d6212b","mode":"tram","arr":["16","41","Z2","50A","50B","52","63","68","N4A","N4B"],"busLines":"50A, 50B, 52, 63, 68, N4A, N4B","angle":-52.9,"extra":1,"ei":0,"side":-1}},{"type":"Feature","geometry":{"type":"Point","coordinates":[19.452058,51.730444]},"properties":{"lines":"16, 41, Z2","color":"#d6212b","mode":"tram","arr":["16","41","Z2","50A","50B","52","63","68","N4A","N4B"],"busLines":"50A, 50B, 52, 63, 68, N4A, N4B","angle":-52.6,"extra":1,"ei":1}},{"type":"Feature","geometry":{"type":"Point","coordinates":[19.453398,51.731167]},"properties":{"lines":"16, 41, Z2","color":"#d6212b","mode":"tram","arr":["16","41","Z2"],"angle":-54.9}},{"type":"Feature","geometry":{"type":"Point","coordinates":[19.450026,51.728889]},"properties":{"lines":"16, 41, Z2","color":"#d6212b","mode":"tram","arr":["16","41","Z2","50A","50B","52","63","68","N4A","N4B"],"busLines":"50A, 50B, 52, 63, 68, N4A, N4B","angle":-52.9,"mi":1}},{"type":"Feature","geometry":{"type":"Point","coordinates":[19.451829,51.730314]},"properties":{"lines":"16, 41, Z2","color":"#d6212b","mode":"tram","arr":["16","41","Z2","50A","50B","52","63","68","N4A","N4B"],"busLines":"50A, 50B, 52, 63, 68, N4A, N4B","angle":-52.8,"extra":1,"ei":0}},{"type":"Feature","geometry":{"type":"Point","coordinates":[19.448102,51.727323]},"properties":{"lines":"16, 41, Z2","color":"#d6212b","mode":"tram","arr":["16","41","Z2","50A","50B","52","63","68","N4A","N4B"],"busLines":"50A, 50B, 52, 63, 68, N4A, N4B","angle":-53.1,"extra":1,"ei":1,"side":-1}},{"type":"Feature","geometry":{"type":"Point","coordinates":[19.446429,51.725853]},"properties":{"lines":"16, 41, Z2","color":"#d6212b","mode":"tram","arr":["16","41","Z2","50A","50B","63","68","N4A","N4B"],"busLines":"50A, 50B, 63, 68, N4A, N4B","angle":-52.9,"mi":1}},{"type":"Feature","geometry":{"type":"Point","coordinates":[19.443675,51.723763]},"properties":{"lines":"16, 41, Z2","color":"#d6212b","mode":"tram","arr":["16","41","Z2","50A","50B","63","68","77","N4A","N4B"],"busLines":"50A, 50B, 63, 68, 77, N4A, N4B","angle":-53.3,"mi":1}},{"type":"Feature","geometry":{"type":"Point","coordinates":[19.440032,51.720818]},"properties":{"lines":"16, 41, Z2","color":"#d6212b","mode":"tram","arr":["16","41","Z2","50A","50B","68","N4A","N4B"],"busLines":"50A, 50B, 68, N4A, N4B","angle":-53,"mi":1}},{"type":"Feature","geometry":{"type":"Point","coordinates":[19.436791,51.718107]},"properties":{"lines":"16, 41, Z2","color":"#d6212b","mode":"tram","arr":["16","41","Z2","50A","50B","63","68","N4A","N4B"],"busLines":"50A, 50B, 63, 68, N4A, N4B","angle":-52.9,"mi":4}},{"type":"Feature","geometry":{"type":"Point","coordinates":[19.434277,51.716042]},"properties":{"lines":"16, 41, Z2","color":"#d6212b","mode":"tram","arr":["16","41","Z2","50A","50B","62","63","68","N4A","N4B"],"busLines":"50A, 50B, 62, 63, 68, N4A, N4B","angle":-53.1,"mi":1}},{"type":"Feature","geometry":{"type":"Point","coordinates":[19.432078,51.714252]},"properties":{"lines":"16, 41, Z2","color":"#d6212b","mode":"tram","arr":["16","41","Z2","50A","50B","62","68","N4A","N4B"],"busLines":"50A, 50B, 62, 68, N4A, N4B","angle":-52.9,"mi":1}},{"type":"Feature","geometry":{"type":"Point","coordinates":[19.429784,51.712366]},"properties":{"lines":"16, 41, Z2","color":"#d6212b","mode":"tram","arr":["16","41","Z2","50A","50B","68","N4A","N4B"],"busLines":"50A, 50B, 68, N4A, N4B","angle":-53.7}},{"type":"Feature","geometry":{"type":"Point","coordinates":[19.425356,51.708841]},"properties":{"lines":"16, 41, Z2","color":"#d6212b","mode":"tram","arr":["16","41","Z2","75A","75B","N4A","N4B"],"busLines":"75A, 75B, N4A, N4B","angle":-65.6}},{"type":"Feature","geometry":{"type":"Point","coordinates":[19.427364,51.710342]},"properties":{"lines":"16, 41, Z2","color":"#d6212b","mode":"tram","arr":["16","41","Z2","75A","75B","N4A","N4B"],"busLines":"75A, 75B, N4A, N4B","angle":-53.2,"extra":1,"ei":0}},{"type":"Feature","geometry":{"type":"Point","coordinates":[19.423793,51.707333]},"properties":{"lines":"16, 41, Z2","color":"#d6212b","mode":"tram","arr":["16","41","Z2","75A","75B","N4A","N4B"],"busLines":"75A, 75B, N4A, N4B","angle":-52.7,"extra":1,"ei":1}},{"type":"Feature","geometry":{"type":"Point","coordinates":[19.418944,51.703849]},"properties":{"lines":"16, 41, Z2","color":"#d6212b","mode":"tram","arr":["16","41","Z2","68","75A","75B","N4A","N4B"],"busLines":"68, 75A, 75B, N4A, N4B","angle":-51.6,"mi":1}},{"type":"Feature","geometry":{"type":"Point","coordinates":[19.421526,51.705819]},"properties":{"lines":"16, 41, Z2","color":"#d6212b","mode":"tram","arr":["16","41","Z2","68","75A","75B","N4A","N4B"],"busLines":"68, 75A, 75B, N4A, N4B","angle":-50.8,"extra":1,"ei":0}},{"type":"Feature","geometry":{"type":"Point","coordinates":[19.4177,51.702876]},"properties":{"lines":"16, 41, Z2","color":"#d6212b","mode":"tram","arr":["16","41","Z2","68","75A","75B","N4A","N4B"],"busLines":"68, 75A, 75B, N4A, N4B","angle":-51.6,"extra":1,"ei":1}},{"type":"Feature","geometry":{"type":"Point","coordinates":[19.415802,51.701397]},"properties":{"lines":"16, 41, Z2","color":"#d6212b","mode":"tram","arr":["16","41","Z2","68","75A","75B","N4A","N4B"],"busLines":"68, 75A, 75B, N4A, N4B","angle":-51.6,"extra":1,"ei":2}},{"type":"Feature","geometry":{"type":"Point","coordinates":[19.441155,51.759469]},"properties":{"lines":"16","color":"#d6212b","mode":"tram","arr":["16","86","N2"],"busLines":"86, N2","angle":-33.2}},{"type":"Feature","geometry":{"type":"Point","coordinates":[19.446327,51.761551]},"properties":{"lines":"16","color":"#d6212b","mode":"tram","arr":["16","86","N2"],"busLines":"86, N2","angle":-32.9,"extra":1,"ei":0}},{"type":"Feature","geometry":{"type":"Point","coordinates":[19.443767,51.760522]},"properties":{"lines":"16","color":"#d6212b","mode":"tram","arr":["16","86","N2"],"busLines":"86, N2","angle":-33,"extra":1,"ei":1}},{"type":"Feature","geometry":{"type":"Point","coordinates":[19.438595,51.758517]},"properties":{"lines":"16","color":"#d6212b","mode":"tram","arr":["16","86","N2"],"busLines":"86, N2","angle":-29.3,"extra":1,"ei":2}},{"type":"Feature","geometry":{"type":"Point","coordinates":[19.435934,51.757591]},"properties":{"lines":"16","color":"#d6212b","mode":"tram","arr":["16","86","N2"],"busLines":"86, N2","angle":-29.4,"extra":1,"ei":3}},{"type":"Feature","geometry":{"type":"Point","coordinates":[19.440928,51.759346]},"properties":{"lines":"16","color":"#d6212b","mode":"tram","arr":["16","86","N2"],"busLines":"86, N2","angle":-33.1,"mi":1}},{"type":"Feature","geometry":{"type":"Point","coordinates":[19.435366,51.757362]},"properties":{"lines":"16","color":"#d6212b","mode":"tram","arr":["16","86","N2"],"busLines":"86, N2","angle":-29.2,"extra":1,"ei":0}},{"type":"Feature","geometry":{"type":"Point","coordinates":[19.438027,51.758287]},"properties":{"lines":"16","color":"#d6212b","mode":"tram","arr":["16","86","N2"],"busLines":"86, N2","angle":-29.4,"extra":1,"ei":1}},{"type":"Feature","geometry":{"type":"Point","coordinates":[19.443222,51.760269]},"properties":{"lines":"16","color":"#d6212b","mode":"tram","arr":["16","86","N2"],"busLines":"86, N2","angle":-33,"extra":1,"ei":2}},{"type":"Feature","geometry":{"type":"Point","coordinates":[19.445781,51.761298]},"properties":{"lines":"16","color":"#d6212b","mode":"tram","arr":["16","86","N2"],"busLines":"86, N2","angle":-33,"extra":1,"ei":3}},{"type":"Feature","geometry":{"type":"Point","coordinates":[19.408082,51.794484]},"properties":{"lines":"16, Z1","color":"#d6212b","mode":"tram","arr":["16","Z1"],"angle":7.3,"side":-1,"mi":1}},{"type":"Feature","geometry":{"type":"Point","coordinates":[19.409123,51.794234]},"properties":{"lines":"16, Z1","color":"#d6212b","mode":"tram","arr":["16","Z1"],"angle":-35.2,"side":-1}},{"type":"Feature","geometry":{"type":"Point","coordinates":[19.411984,51.699346]},"properties":{"lines":"41","color":"#d6212b","mode":"tram","arr":["41"],"angle":-66}},{"type":"Feature","geometry":{"type":"Point","coordinates":[19.410831,51.696618]},"properties":{"lines":"41","color":"#d6212b","mode":"tram","arr":["41","N4B"],"busLines":"N4B","angle":-53,"mi":2}},{"type":"Feature","geometry":{"type":"Point","coordinates":[19.409054,51.69489]},"properties":{"lines":"41","color":"#d6212b","mode":"tram","arr":["41"],"angle":-72.2,"mi":2}},{"type":"Feature","geometry":{"type":"Point","coordinates":[19.46523,51.740051]},"properties":{"lines":"41","color":"#d6212b","mode":"tram","arr":["41"],"angle":-81.5}},{"type":"Feature","geometry":{"type":"Point","coordinates":[19.412776,51.699744]},"properties":{"lines":"41","color":"#d6212b","mode":"tram","arr":["41"],"angle":-26.2,"mi":1}},{"type":"Feature","geometry":{"type":"Point","coordinates":[19.414493,51.700385]},"properties":{"lines":"41","color":"#d6212b","mode":"tram","arr":["41"],"angle":-46.2,"extra":1,"ei":0}},{"type":"Feature","geometry":{"type":"Point","coordinates":[19.407011,51.690969]},"properties":{"lines":"41","color":"#d6212b","mode":"tram","arr":["41","N4B"],"busLines":"N4B","angle":-72.1,"mi":1}},{"type":"Feature","geometry":{"type":"Point","coordinates":[19.411392,51.697137]},"properties":{"lines":"41","color":"#d6212b","mode":"tram","arr":["41","N4B"],"busLines":"N4B","angle":-52.9,"extra":1,"ei":0}},{"type":"Feature","geometry":{"type":"Point","coordinates":[19.409557,51.695628]},"properties":{"lines":"41","color":"#d6212b","mode":"tram","arr":["41","N4B"],"busLines":"N4B","angle":-53.7,"extra":1,"ei":1}},{"type":"Feature","geometry":{"type":"Point","coordinates":[19.408523,51.693868]},"properties":{"lines":"41","color":"#d6212b","mode":"tram","arr":["41","N4B"],"busLines":"N4B","angle":-71.5,"extra":1,"ei":2}},{"type":"Feature","geometry":{"type":"Point","coordinates":[19.405698,51.688481]},"properties":{"lines":"41","color":"#d6212b","mode":"tram","arr":["41","N4B"],"busLines":"N4B","angle":-74.2,"extra":1,"ei":3}},{"type":"Feature","geometry":{"type":"Point","coordinates":[19.404783,51.686679]},"properties":{"lines":"41","color":"#d6212b","mode":"tram","arr":["41","N4B"],"busLines":"N4B","angle":-72.1,"extra":1,"ei":4}},{"type":"Feature","geometry":{"type":"Point","coordinates":[19.403847,51.684882]},"properties":{"lines":"41","color":"#d6212b","mode":"tram","arr":["41","N4B"],"busLines":"N4B","angle":-72.1,"extra":1,"ei":5}},{"type":"Feature","geometry":{"type":"Point","coordinates":[19.327841,51.660715]},"properties":{"lines":"41","color":"#d6212b","mode":"tram","arr":["41"],"angle":-33.7}},{"type":"Feature","geometry":{"type":"Point","coordinates":[19.324519,51.659408]},"properties":{"lines":"41","color":"#d6212b","mode":"tram","arr":["41"],"angle":-32.6,"extra":1,"ei":0,"side":-1}},{"type":"Feature","geometry":{"type":"Point","coordinates":[19.322547,51.658252]},"properties":{"lines":"41","color":"#d6212b","mode":"tram","arr":["41"],"angle":36,"extra":1,"ei":1}},{"type":"Feature","geometry":{"type":"Point","coordinates":[19.329692,51.661448]},"properties":{"lines":"41","color":"#d6212b","mode":"tram","arr":["41"],"angle":-32.6,"extra":1,"ei":2}},{"type":"Feature","geometry":{"type":"Point","coordinates":[19.332283,51.662444]},"properties":{"lines":"41","color":"#d6212b","mode":"tram","arr":["41"],"angle":-35.4,"extra":1,"ei":3}},{"type":"Feature","geometry":{"type":"Point","coordinates":[19.334829,51.663483]},"properties":{"lines":"41","color":"#d6212b","mode":"tram","arr":["41"],"angle":-32.6,"extra":1,"ei":4}},{"type":"Feature","geometry":{"type":"Point","coordinates":[19.3374,51.664501]},"properties":{"lines":"41","color":"#d6212b","mode":"tram","arr":["41"],"angle":-32.7,"extra":1,"ei":5}},{"type":"Feature","geometry":{"type":"Point","coordinates":[19.35776,51.664124]},"properties":{"lines":"41","color":"#d6212b","mode":"tram","arr":["41"],"angle":9,"side":-1,"mi":1}},{"type":"Feature","geometry":{"type":"Point","coordinates":[19.338933,51.664941]},"properties":{"lines":"41","color":"#d6212b","mode":"tram","arr":["41"],"angle":-7,"extra":1,"ei":0}},{"type":"Feature","geometry":{"type":"Point","coordinates":[19.341978,51.664864]},"properties":{"lines":"41","color":"#d6212b","mode":"tram","arr":["41"],"angle":4.2,"extra":1,"ei":1,"side":-1}},{"type":"Feature","geometry":{"type":"Point","coordinates":[19.345022,51.664727]},"properties":{"lines":"41","color":"#d6212b","mode":"tram","arr":["41"],"angle":4.2,"extra":1,"ei":2,"side":-1}},{"type":"Feature","geometry":{"type":"Point","coordinates":[19.348066,51.66459]},"properties":{"lines":"41","color":"#d6212b","mode":"tram","arr":["41"],"angle":4.1,"extra":1,"ei":3,"side":-1}},{"type":"Feature","geometry":{"type":"Point","coordinates":[19.351111,51.664453]},"properties":{"lines":"41","color":"#d6212b","mode":"tram","arr":["41"],"angle":4.3,"extra":1,"ei":4,"side":-1}},{"type":"Feature","geometry":{"type":"Point","coordinates":[19.354155,51.664315]},"properties":{"lines":"41","color":"#d6212b","mode":"tram","arr":["41"],"angle":4.2,"extra":1,"ei":5}},{"type":"Feature","geometry":{"type":"Point","coordinates":[19.360216,51.663887]},"properties":{"lines":"41","color":"#d6212b","mode":"tram","arr":["41"],"angle":5,"extra":1,"ei":6,"side":-1}},{"type":"Feature","geometry":{"type":"Point","coordinates":[19.363267,51.663896]},"properties":{"lines":"41","color":"#d6212b","mode":"tram","arr":["41"],"angle":0.3,"extra":1,"ei":7,"side":-1}},{"type":"Feature","geometry":{"type":"Point","coordinates":[19.366317,51.663909]},"properties":{"lines":"41","color":"#d6212b","mode":"tram","arr":["41"],"angle":1.2,"extra":1,"ei":8}},{"type":"Feature","geometry":{"type":"Point","coordinates":[19.369366,51.663893]},"properties":{"lines":"41","color":"#d6212b","mode":"tram","arr":["41"],"angle":3.2,"extra":1,"ei":9}},{"type":"Feature","geometry":{"type":"Point","coordinates":[19.372415,51.663802]},"properties":{"lines":"41","color":"#d6212b","mode":"tram","arr":["41"],"angle":2.5,"extra":1,"ei":10}},{"type":"Feature","geometry":{"type":"Point","coordinates":[19.375464,51.663748]},"properties":{"lines":"41","color":"#d6212b","mode":"tram","arr":["41"],"angle":2.4,"extra":1,"ei":11,"side":-1}},{"type":"Feature","geometry":{"type":"Point","coordinates":[19.362646,51.66394]},"properties":{"lines":"41","color":"#d6212b","mode":"tram","arr":["41"],"angle":0.2}},{"type":"Feature","geometry":{"type":"Point","coordinates":[19.386437,51.663466]},"properties":{"lines":"41","color":"#d6212b","mode":"tram","arr":["41"],"angle":2.6,"extra":1,"ei":0}},{"type":"Feature","geometry":{"type":"Point","coordinates":[19.383388,51.663553]},"properties":{"lines":"41","color":"#d6212b","mode":"tram","arr":["41"],"angle":2.3,"extra":1,"ei":1}},{"type":"Feature","geometry":{"type":"Point","coordinates":[19.380338,51.663627]},"properties":{"lines":"41","color":"#d6212b","mode":"tram","arr":["41"],"angle":2.7,"extra":1,"ei":2}},{"type":"Feature","geometry":{"type":"Point","coordinates":[19.377294,51.663739]},"properties":{"lines":"41","color":"#d6212b","mode":"tram","arr":["41"],"angle":2.6,"extra":1,"ei":3}},{"type":"Feature","geometry":{"type":"Point","coordinates":[19.374245,51.66378]},"properties":{"lines":"41","color":"#d6212b","mode":"tram","arr":["41"],"angle":1.9,"extra":1,"ei":4}},{"type":"Feature","geometry":{"type":"Point","coordinates":[19.371195,51.663862]},"properties":{"lines":"41","color":"#d6212b","mode":"tram","arr":["41"],"angle":4,"extra":1,"ei":5}},{"type":"Feature","geometry":{"type":"Point","coordinates":[19.368147,51.663948]},"properties":{"lines":"41","color":"#d6212b","mode":"tram","arr":["41"],"angle":-1.7,"extra":1,"ei":6}},{"type":"Feature","geometry":{"type":"Point","coordinates":[19.365098,51.66392]},"properties":{"lines":"41","color":"#d6212b","mode":"tram","arr":["41"],"angle":-1.7,"extra":1,"ei":7}},{"type":"Feature","geometry":{"type":"Point","coordinates":[19.359009,51.664046]},"properties":{"lines":"41","color":"#d6212b","mode":"tram","arr":["41"],"angle":9,"extra":1,"ei":8}},{"type":"Feature","geometry":{"type":"Point","coordinates":[19.355981,51.664275]},"properties":{"lines":"41","color":"#d6212b","mode":"tram","arr":["41"],"angle":4.1,"extra":1,"ei":9}},{"type":"Feature","geometry":{"type":"Point","coordinates":[19.352937,51.664414]},"properties":{"lines":"41","color":"#d6212b","mode":"tram","arr":["41"],"angle":4.2,"extra":1,"ei":10}},{"type":"Feature","geometry":{"type":"Point","coordinates":[19.349893,51.66455]},"properties":{"lines":"41","color":"#d6212b","mode":"tram","arr":["41"],"angle":4.2,"extra":1,"ei":11}},{"type":"Feature","geometry":{"type":"Point","coordinates":[19.346848,51.664687]},"properties":{"lines":"41","color":"#d6212b","mode":"tram","arr":["41"],"angle":4.1,"extra":1,"ei":12}},{"type":"Feature","geometry":{"type":"Point","coordinates":[19.343804,51.664824]},"properties":{"lines":"41","color":"#d6212b","mode":"tram","arr":["41"],"angle":4.2,"extra":1,"ei":13}},{"type":"Feature","geometry":{"type":"Point","coordinates":[19.340759,51.664962]},"properties":{"lines":"41","color":"#d6212b","mode":"tram","arr":["41"],"angle":4.2,"extra":1,"ei":14}},{"type":"Feature","geometry":{"type":"Point","coordinates":[19.337829,51.664674]},"properties":{"lines":"41","color":"#d6212b","mode":"tram","arr":["41"],"angle":-32.8,"extra":1,"ei":15}},{"type":"Feature","geometry":{"type":"Point","coordinates":[19.38896,51.663394]},"properties":{"lines":"41","color":"#d6212b","mode":"tram","arr":["41"],"angle":2.6}},{"type":"Feature","geometry":{"type":"Point","coordinates":[19.394392,51.666689]},"properties":{"lines":"41","color":"#d6212b","mode":"tram","arr":["41","N4B"],"busLines":"N4B","angle":-72.2}},{"type":"Feature","geometry":{"type":"Point","coordinates":[19.391484,51.663322]},"properties":{"lines":"41","color":"#d6212b","mode":"tram","arr":["41","N4B"],"busLines":"N4B","angle":2.4,"extra":1,"ei":0}},{"type":"Feature","geometry":{"type":"Point","coordinates":[19.393293,51.66457]},"properties":{"lines":"41","color":"#d6212b","mode":"tram","arr":["41","N4B"],"busLines":"N4B","angle":-72.3,"extra":1,"ei":1}},{"type":"Feature","geometry":{"type":"Point","coordinates":[19.395159,51.668166]},"properties":{"lines":"41","color":"#d6212b","mode":"tram","arr":["41","N4B"],"busLines":"N4B","angle":-72.2,"extra":1,"ei":2}},{"type":"Feature","geometry":{"type":"Point","coordinates":[19.396056,51.669971]},"properties":{"lines":"41","color":"#d6212b","mode":"tram","arr":["41","N4B"],"busLines":"N4B","angle":-72.2,"extra":1,"ei":3}},{"type":"Feature","geometry":{"type":"Point","coordinates":[19.397113,51.671933]},"properties":{"lines":"41","color":"#d6212b","mode":"tram","arr":["41"],"angle":-72.2}},{"type":"Feature","geometry":{"type":"Point","coordinates":[19.399631,51.676808]},"properties":{"lines":"41","color":"#d6212b","mode":"tram","arr":["41","N4B"],"busLines":"N4B","angle":-72.2,"mi":3}},{"type":"Feature","geometry":{"type":"Point","coordinates":[19.397811,51.673258]},"properties":{"lines":"41","color":"#d6212b","mode":"tram","arr":["41","N4B"],"busLines":"N4B","angle":-71.8,"extra":1,"ei":0}},{"type":"Feature","geometry":{"type":"Point","coordinates":[19.398748,51.675056]},"properties":{"lines":"41","color":"#d6212b","mode":"tram","arr":["41","N4B"],"busLines":"N4B","angle":-72.2,"extra":1,"ei":1}},{"type":"Feature","geometry":{"type":"Point","coordinates":[19.400617,51.678651]},"properties":{"lines":"41","color":"#d6212b","mode":"tram","arr":["41","N4B"],"busLines":"N4B","angle":-71.3,"extra":1,"ei":2}},{"type":"Feature","geometry":{"type":"Point","coordinates":[19.40155,51.680449]},"properties":{"lines":"41","color":"#d6212b","mode":"tram","arr":["41","N4B"],"busLines":"N4B","angle":-72.2,"extra":1,"ei":3}},{"type":"Feature","geometry":{"type":"Point","coordinates":[19.402775,51.682882]},"properties":{"lines":"41","color":"#d6212b","mode":"tram","arr":["41","N4B"],"busLines":"N4B","angle":-69.6}},{"type":"Feature","geometry":{"type":"Point","coordinates":[19.401999,51.681419]},"properties":{"lines":"41","color":"#d6212b","mode":"tram","arr":["41","N4B"],"busLines":"N4B","angle":-75.4,"extra":1,"ei":0}},{"type":"Feature","geometry":{"type":"Point","coordinates":[19.458244,51.779466]},"properties":{"lines":"O","color":"#d6212b","mode":"tram","arr":["O","87A","87B"],"busLines":"87A, 87B","angle":-15.1}},{"type":"Feature","geometry":{"type":"Point","coordinates":[19.458222,51.779493]},"properties":{"lines":"O","color":"#d6212b","mode":"tram","arr":["O","87A","87B"],"busLines":"87A, 87B","angle":-14.6,"mi":1}},{"type":"Feature","geometry":{"type":"Point","coordinates":[19.450142,51.786907]},"properties":{"lines":"Z1","color":"#d6212b","mode":"tram","arr":["Z1","64A","64B","65A","65B","N2"],"busLines":"64A, 64B, 65A, 65B, N2","angle":6.5}},{"type":"Feature","geometry":{"type":"Point","coordinates":[19.45201,51.786677]},"properties":{"lines":"Z1","color":"#d6212b","mode":"tram","arr":["Z1","65A","65B","N2"],"busLines":"65A, 65B, N2","angle":27.2,"side":-1}},{"type":"Feature","geometry":{"type":"Point","coordinates":[19.452513,51.786239]},"properties":{"lines":"Z1","color":"#d6212b","mode":"tram","arr":["Z1"],"angle":73.9,"mi":1}},{"type":"Feature","geometry":{"type":"Point","coordinates":[19.452863,51.784794]},"properties":{"lines":"Z1","color":"#d6212b","mode":"tram","arr":["Z1","N6"],"busLines":"N6","angle":82,"mi":1}},{"type":"Feature","geometry":{"type":"Point","coordinates":[19.456734,51.783892]},"properties":{"lines":"Z1","color":"#d6212b","mode":"tram","arr":["Z1","N6","Z6"],"busLines":"N6, Z6","angle":-19}},{"type":"Feature","geometry":{"type":"Point","coordinates":[19.454683,51.7836]},"properties":{"lines":"Z1","color":"#d6212b","mode":"tram","arr":["Z1","N6","Z6"],"busLines":"N6, Z6","angle":-11.7,"extra":1,"ei":0}},{"type":"Feature","geometry":{"type":"Point","coordinates":[19.463793,51.785315]},"properties":{"lines":"Z1","color":"#d6212b","mode":"tram","arr":["Z1","64A","64B","85A","85B","N6","Z6"],"busLines":"64A, 64B, 85A, 85B, N6, Z6","angle":-21.5}},{"type":"Feature","geometry":{"type":"Point","coordinates":[19.461608,51.784902]},"properties":{"lines":"Z1","color":"#d6212b","mode":"tram","arr":["Z1","64A","64B","85A","85B","N6","Z6"],"busLines":"64A, 64B, 85A, 85B, N6, Z6","angle":-12.3,"extra":1,"ei":0,"side":-1}},{"type":"Feature","geometry":{"type":"Point","coordinates":[19.467375,51.786123]},"properties":{"lines":"Z1","color":"#d6212b","mode":"tram","arr":["Z1","64A","64B","85A","85B","N6","Z6"],"busLines":"64A, 64B, 85A, 85B, N6, Z6","angle":-23.5,"extra":1,"ei":1}},{"type":"Feature","geometry":{"type":"Point","coordinates":[19.469719,51.786734]},"properties":{"lines":"Z1","color":"#d6212b","mode":"tram","arr":["Z1","57","Z6"],"busLines":"57, Z6","angle":-22.9}},{"type":"Feature","geometry":{"type":"Point","coordinates":[19.474071,51.787871]},"properties":{"lines":"Z1","color":"#d6212b","mode":"tram","arr":["Z1"],"angle":-22.9}},{"type":"Feature","geometry":{"type":"Point","coordinates":[19.475946,51.788361]},"properties":{"lines":"Z1","color":"#d6212b","mode":"tram","arr":["Z1"],"angle":-22.9,"extra":1,"ei":0}},{"type":"Feature","geometry":{"type":"Point","coordinates":[19.477587,51.788789]},"properties":{"lines":"Z1","color":"#d6212b","mode":"tram","arr":["Z1","57","Z6"],"busLines":"57, Z6","angle":-22.9,"mi":1}},{"type":"Feature","geometry":{"type":"Point","coordinates":[19.482756,51.790172]},"properties":{"lines":"Z1","color":"#d6212b","mode":"tram","arr":["Z1","64A","64B","70","81A","81B","Z6"],"busLines":"64A, 64B, 70, 81A, 81B, Z6","angle":-22.9}},{"type":"Feature","geometry":{"type":"Point","coordinates":[19.480483,51.789572]},"properties":{"lines":"Z1","color":"#d6212b","mode":"tram","arr":["Z1","64A","64B","70","81A","81B","Z6"],"busLines":"64A, 64B, 70, 81A, 81B, Z6","angle":-25.3,"extra":1,"ei":0}},{"type":"Feature","geometry":{"type":"Point","coordinates":[19.486079,51.791077]},"properties":{"lines":"Z1","color":"#d6212b","mode":"tram","arr":["Z1","64A","64B","70","81A","81B","Z6"],"busLines":"64A, 64B, 70, 81A, 81B, Z6","angle":-33,"extra":1,"ei":1}},{"type":"Feature","geometry":{"type":"Point","coordinates":[19.487361,51.791869]},"properties":{"lines":"Z1","color":"#d6212b","mode":"tram","arr":["Z1"],"angle":-47.6,"mi":1}},{"type":"Feature","geometry":{"type":"Point","coordinates":[19.488018,51.795045]},"properties":{"lines":"Z1","color":"#d6212b","mode":"tram","arr":["Z1","51A","51B","60A","60B","60C","60D","61"],"busLines":"51A, 51B, 60A, 60B, 60C, 60D, 61","angle":83.7,"side":-1}},{"type":"Feature","geometry":{"type":"Point","coordinates":[19.488288,51.793526]},"properties":{"lines":"Z1","color":"#d6212b","mode":"tram","arr":["Z1","51A","51B","60A","60B","60C","60D","61"],"busLines":"51A, 51B, 60A, 60B, 60C, 60D, 61","angle":83.7,"extra":1,"ei":0,"side":-1}},{"type":"Feature","geometry":{"type":"Point","coordinates":[19.48755,51.797273]},"properties":{"lines":"Z1","color":"#d6212b","mode":"tram","arr":["Z1","51A","51B","60A","60B","60C","60D","61"],"busLines":"51A, 51B, 60A, 60B, 60C, 60D, 61","angle":76.3,"extra":1,"ei":1,"side":-1}},{"type":"Feature","geometry":{"type":"Point","coordinates":[19.487293,51.798259]},"properties":{"lines":"Z1","color":"#d6212b","mode":"tram","arr":["Z1"],"angle":82.6,"side":-1,"mi":2}},{"type":"Feature","geometry":{"type":"Point","coordinates":[19.487994,51.79486]},"properties":{"lines":"Z1","color":"#d6212b","mode":"tram","arr":["Z1","51A","51B","60A","60B","60C","60D","61"],"busLines":"51A, 51B, 60A, 60B, 60C, 60D, 61","angle":83.8,"side":-1,"mi":1}},{"type":"Feature","geometry":{"type":"Point","coordinates":[19.487393,51.791943]},"properties":{"lines":"Z1","color":"#d6212b","mode":"tram","arr":["Z1"],"angle":-47.6}},{"type":"Feature","geometry":{"type":"Point","coordinates":[19.482812,51.790225]},"properties":{"lines":"Z1","color":"#d6212b","mode":"tram","arr":["Z1","64A","64B","70","81A","81B","Z6"],"busLines":"64A, 64B, 70, 81A, 81B, Z6","angle":-22.9,"mi":1}},{"type":"Feature","geometry":{"type":"Point","coordinates":[19.484921,51.790776]},"properties":{"lines":"Z1","color":"#d6212b","mode":"tram","arr":["Z1","64A","64B","70","81A","81B","Z6"],"busLines":"64A, 64B, 70, 81A, 81B, Z6","angle":-22.9,"extra":1,"ei":0}},{"type":"Feature","geometry":{"type":"Point","coordinates":[19.479317,51.789279]},"properties":{"lines":"Z1","color":"#d6212b","mode":"tram","arr":["Z1","64A","64B","70","81A","81B","Z6"],"busLines":"64A, 64B, 70, 81A, 81B, Z6","angle":-23,"extra":1,"ei":1}},{"type":"Feature","geometry":{"type":"Point","coordinates":[19.473626,51.787792]},"properties":{"lines":"Z1","color":"#d6212b","mode":"tram","arr":["Z1"],"angle":-22.7,"mi":1}},{"type":"Feature","geometry":{"type":"Point","coordinates":[19.477911,51.788911]},"properties":{"lines":"Z1","color":"#d6212b","mode":"tram","arr":["Z1"],"angle":-22.9,"extra":1,"ei":0}},{"type":"Feature","geometry":{"type":"Point","coordinates":[19.469473,51.78671]},"properties":{"lines":"Z1","color":"#d6212b","mode":"tram","arr":["Z1"],"angle":-22.9,"extra":1,"ei":1}},{"type":"Feature","geometry":{"type":"Point","coordinates":[19.467432,51.786176]},"properties":{"lines":"Z1","color":"#d6212b","mode":"tram","arr":["Z1","64A","64B","85B","N6","Z6"],"busLines":"64A, 64B, 85B, N6, Z6","angle":-22.7}},{"type":"Feature","geometry":{"type":"Point","coordinates":[19.46351,51.785286]},"properties":{"lines":"Z1","color":"#d6212b","mode":"tram","arr":["Z1","64A","64B","85A","85B","N6","Z6"],"busLines":"64A, 64B, 85A, 85B, N6, Z6","angle":-20.6,"mi":1}},{"type":"Feature","geometry":{"type":"Point","coordinates":[19.465495,51.785723]},"properties":{"lines":"Z1","color":"#d6212b","mode":"tram","arr":["Z1","64A","64B","85A","85B","N6","Z6"],"busLines":"64A, 64B, 85A, 85B, N6, Z6","angle":-17.8,"extra":1,"ei":0}},{"type":"Feature","geometry":{"type":"Point","coordinates":[19.456624,51.783895]},"properties":{"lines":"Z1","color":"#d6212b","mode":"tram","arr":["Z1","N6","Z6"],"busLines":"N6, Z6","angle":-18.4,"mi":1}},{"type":"Feature","geometry":{"type":"Point","coordinates":[19.458602,51.784344]},"properties":{"lines":"Z1","color":"#d6212b","mode":"tram","arr":["Z1","N6","Z6"],"busLines":"N6, Z6","angle":-20,"extra":1,"ei":0}},{"type":"Feature","geometry":{"type":"Point","coordinates":[19.452903,51.784804]},"properties":{"lines":"Z1","color":"#d6212b","mode":"tram","arr":["Z1","N6"],"busLines":"N6","angle":82}},{"type":"Feature","geometry":{"type":"Point","coordinates":[19.452552,51.786248]},"properties":{"lines":"Z1","color":"#d6212b","mode":"tram","arr":["Z1"],"angle":74}},{"type":"Feature","geometry":{"type":"Point","coordinates":[19.452068,51.786694]},"properties":{"lines":"Z1","color":"#d6212b","mode":"tram","arr":["Z1","65A","65B","N2"],"busLines":"65A, 65B, N2","angle":26.2,"mi":1}},{"type":"Feature","geometry":{"type":"Point","coordinates":[19.450272,51.786921]},"properties":{"lines":"Z1","color":"#d6212b","mode":"tram","arr":["Z1","64A","64B","65A","65B","N2"],"busLines":"64A, 64B, 65A, 65B, N2","angle":6.4,"mi":1}}]}