{"type":"FeatureCollection","features":[{"type":"Feature","properties":{"mode":"bus","n":8,"arr":["6.","72A","72B","76","97A","97B","N3A","N3B"],"lines":"6., 72A, 72B, 76, 97A, 97B, N3A, N3B"},"geometry":{"type":"LineString","coordinates":[[19.399176,51.779171],[19.399206,51.779113],[19.399182,51.779048],[19.399402,51.778639],[19.399406,51.778516]]}},{"type":"Feature","properties":{"mode":"bus","n":9,"arr":["6.","72A","72B","76","83","97A","97B","N3A","N3B"],"lines":"6., 72A, 72B, 76, 83, 97A, 97B, N3A, N3B"},"geometry":{"type":"LineString","coordinates":[[19.398927,51.779207],[19.399047,51.779222],[19.399176,51.779171]]}},{"type":"Feature","properties":{"mode":"bus","n":9,"arr":["6.","72A","72B","76","83","97A","97B","N3A","N3B"],"lines":"6., 72A, 72B, 76, 83, 97A, 97B, N3A, N3B"},"geometry":{"type":"LineString","coordinates":[[19.396945,51.780135],[19.397834,51.779635],[19.398741,51.779195],[19.398842,51.779128],[19.398891,51.779029],[19.398967,51.779],[19.399065,51.778997]]}},{"type":"Feature","properties":{"mode":"bus","n":9,"arr":["6.","72A","72B","76","83","97A","97B","N3A","N3B"],"lines":"6., 72A, 72B, 76, 83, 97A, 97B, N3A, N3B"},"geometry":{"type":"LineString","coordinates":[[19.399406,51.778516],[19.399488,51.778256],[19.399489,51.777823],[19.398756,51.775232],[19.398663,51.774799],[19.398689,51.77457],[19.398833,51.774319]]}},{"type":"Feature","properties":{"mode":"bus","n":10,"arr":["6.","78","83","84A","84B","96","N1A","N1B","N3A","N3B"],"lines":"6., 78, 83, 84A, 84B, 96, N1A, N1B, N3A, N3B"},"geometry":{"type":"LineString","coordinates":[[19.373777,51.794779],[19.373867,51.794717],[19.373952,51.794698],[19.374086,51.79471],[19.374158,51.794744]]}},{"type":"Feature","properties":{"mode":"bus","n":10,"arr":["6.","78","83","84A","84B","96","N1A","N1B","N3A","N3B"],"lines":"6., 78, 83, 84A, 84B, 96, N1A, N1B, N3A, N3B"},"geometry":{"type":"LineString","coordinates":[[19.374218,51.794847],[19.374173,51.794925]]}},{"type":"Feature","properties":{"mode":"bus","n":10,"arr":["6.","78","83","84A","84B","96","N1A","N1B","N3A","N3B"],"lines":"6., 78, 83, 84A, 84B, 96, N1A, N1B, N3A, N3B"},"geometry":{"type":"LineString","coordinates":[[19.374021,51.794982],[19.373888,51.79497],[19.373768,51.794888]]}},{"type":"Feature","properties":{"mode":"bus","n":6,"arr":["6.","78","83","84A","84B","N1A"],"lines":"6., 78, 83, 84A, 84B, N1A"},"geometry":{"type":"LineString","coordinates":[[19.375506,51.797465],[19.375715,51.797745],[19.375791,51.79781],[19.375807,51.79783],[19.37581,51.79785],[19.375801,51.797872],[19.375751,51.797938],[19.375644,51.798213]]}},{"type":"Feature","properties":{"mode":"bus","n":6,"arr":["6.","78","83","84A","84B","N1A"],"lines":"6., 78, 83, 84A, 84B, N1A"},"geometry":{"type":"LineString","coordinates":[[19.37616,51.801159],[19.376004,51.801007],[19.375875,51.800829],[19.375398,51.799868],[19.375405,51.799632],[19.375644,51.798213],[19.375627,51.797931],[19.375572,51.797853],[19.375594,51.79777],[19.375506,51.797465],[19.374393,51.795328],[19.374342,51.795245],[19.374021,51.794982]]}},{"type":"Feature","properties":{"mode":"bus","n":6,"arr":["6.","78","83","84A","84B","N1A"],"lines":"6., 78, 83, 84A, 84B, N1A"},"geometry":{"type":"LineString","coordinates":[[19.374173,51.794925],[19.374342,51.795245]]}},{"type":"Feature","properties":{"mode":"bus","n":6,"arr":["6.","78","83","84A","84B","N1A"],"lines":"6., 78, 83, 84A, 84B, N1A"},"geometry":{"type":"LineString","coordinates":[[19.375407,51.799789],[19.375967,51.800722],[19.376119,51.800885],[19.376394,51.80111]]}},{"type":"Feature","properties":{"mode":"bus","n":12,"arr":["50A","50B","52","57","63","68","69A","69B","F1","N4A","N4B","N6"],"lines":"50A, 50B, 52, 57, 63, 68, 69A, 69B, F1, N4A, N4B, N6"},"geometry":{"type":"LineString","coordinates":[[19.452925,51.730847],[19.453051,51.730877]]}},{"type":"Feature","properties":{"mode":"bus","n":12,"arr":["50A","50B","52","57","63","68","69A","69B","F1","N4A","N4B","N6"],"lines":"50A, 50B, 52, 57, 63, 68, 69A, 69B, F1, N4A, N4B, N6"},"geometry":{"type":"LineString","coordinates":[[19.452315,51.731719],[19.452242,51.73155],[19.452251,51.731243]]}},{"type":"Feature","properties":{"mode":"bus","n":5,"arr":["50A","50B","68","N4A","N4B"],"lines":"50A, 50B, 68, N4A, N4B"},"geometry":{"type":"LineString","coordinates":[[19.453051,51.730877],[19.453322,51.731003],[19.453453,51.731093],[19.453693,51.731388]]}},{"type":"Feature","properties":{"mode":"bus","n":5,"arr":["50A","50B","68","N4A","N4B"],"lines":"50A, 50B, 68, N4A, N4B"},"geometry":{"type":"LineString","coordinates":[[19.431383,51.713418],[19.428535,51.711078]]}},{"type":"Feature","properties":{"mode":"bus","n":5,"arr":["50A","50B","68","N4A","N4B"],"lines":"50A, 50B, 68, N4A, N4B"},"geometry":{"type":"LineString","coordinates":[[19.438256,51.719066],[19.442329,51.722409]]}},{"type":"Feature","properties":{"mode":"bus","n":5,"arr":["50A","50B","68","N4A","N4B"],"lines":"50A, 50B, 68, N4A, N4B"},"geometry":{"type":"LineString","coordinates":[[19.441951,51.722554],[19.44037,51.721211],[19.437909,51.71919]]}},{"type":"Feature","properties":{"mode":"bus","n":13,"arr":["50A","50B","52","57","63","68","69A","69B","F1","H","N4A","N4B","N6"],"lines":"50A, 50B, 52, 57, 63, 68, 69A, 69B, F1, H, N4A, N4B, N6"},"geometry":{"type":"LineString","coordinates":[[19.453693,51.731388],[19.453705,51.73155]]}},{"type":"Feature","properties":{"mode":"bus","n":15,"arr":["50A","50B","52","57","63","68","69A","69B","F1","H","N4A","N4B","N6","N7A","N7B"],"lines":"50A, 50B, 52, 57, 63, 68, 69A, 69B, F1, H, N4A, N4B, N6, N7A, N7B"},"geometry":{"type":"LineString","coordinates":[[19.453318,51.73193],[19.453202,51.731957]]}},{"type":"Feature","properties":{"mode":"bus","n":9,"arr":["50A","50B","52","57","63","68","N4A","N4B","N6"],"lines":"50A, 50B, 52, 57, 63, 68, N4A, N4B, N6"},"geometry":{"type":"LineString","coordinates":[[19.453202,51.731957],[19.452862,51.731968],[19.452685,51.731937],[19.452507,51.731867],[19.452315,51.731719]]}},{"type":"Feature","properties":{"mode":"bus","n":6,"arr":["52","63","69A","69B","F1","H"],"lines":"52, 63, 69A, 69B, F1, H"},"geometry":{"type":"LineString","coordinates":[[19.453705,51.73155],[19.45357,51.731779],[19.453452,51.731874],[19.453318,51.73193]]}},{"type":"Feature","properties":{"mode":"bus","n":5,"arr":["54B","80A","80B","83","Z13"],"lines":"54B, 80A, 80B, 83, Z13"},"geometry":{"type":"LineString","coordinates":[[19.485698,51.767121],[19.485822,51.767084]]}},{"type":"Feature","properties":{"mode":"bus","n":5,"arr":["54B","80A","80B","83","Z13"],"lines":"54B, 80A, 80B, 83, Z13"},"geometry":{"type":"LineString","coordinates":[[19.485676,51.766897],[19.485551,51.766935]]}},{"type":"Feature","properties":{"mode":"bus","n":5,"arr":["54B","80A","80B","83","Z13"],"lines":"54B, 80A, 80B, 83, Z13"},"geometry":{"type":"LineString","coordinates":[[19.485859,51.766974],[19.485838,51.766947]]}},{"type":"Feature","properties":{"mode":"bus","n":5,"arr":["54B","58A","58B","64A","64B"],"lines":"54B, 58A, 58B, 64A, 64B"},"geometry":{"type":"LineString","coordinates":[[19.50608,51.771694],[19.505791,51.771606],[19.505661,51.771511]]}},{"type":"Feature","properties":{"mode":"bus","n":5,"arr":["54B","58A","58B","64A","64B"],"lines":"54B, 58A, 58B, 64A, 64B"},"geometry":{"type":"LineString","coordinates":[[19.521357,51.774817],[19.521424,51.774734],[19.521559,51.774695],[19.521659,51.774703],[19.521774,51.774761],[19.521805,51.774852],[19.521739,51.774934],[19.521604,51.774973],[19.521459,51.774952]]}},{"type":"Feature","properties":{"mode":"bus","n":5,"arr":["54B","58A","58B","64A","64B"],"lines":"54B, 58A, 58B, 64A, 64B"},"geometry":{"type":"LineString","coordinates":[[19.505331,51.771652],[19.505473,51.771726],[19.505558,51.771728],[19.505759,51.771683],[19.50608,51.771694],[19.50782,51.771909],[19.508497,51.772015]]}},{"type":"Feature","properties":{"mode":"bus","n":5,"arr":["54B","58A","58B","64A","64B"],"lines":"54B, 58A, 58B, 64A, 64B"},"geometry":{"type":"LineString","coordinates":[[19.505436,51.771489],[19.505335,51.771552]]}},{"type":"Feature","properties":{"mode":"bus","n":5,"arr":["55A","55B","55C","65A","65B"],"lines":"55A, 55B, 55C, 65A, 65B"},"geometry":{"type":"LineString","coordinates":[[19.421527,51.739678],[19.421441,51.739526],[19.421377,51.739316],[19.42129,51.739276],[19.421261,51.739256],[19.421247,51.73923],[19.421236,51.739177],[19.421325,51.739105],[19.42151,51.739084],[19.421764,51.738948],[19.421954,51.738893]]}},{"type":"Feature","properties":{"mode":"bus","n":5,"arr":["55A","55B","55C","65A","65B"],"lines":"55A, 55B, 55C, 65A, 65B"},"geometry":{"type":"LineString","coordinates":[[19.425236,51.737729],[19.424007,51.738117],[19.423146,51.738429],[19.421954,51.738893],[19.421602,51.739128],[19.421581,51.739151],[19.421578,51.739177],[19.421591,51.739229],[19.421508,51.739301],[19.421527,51.739678],[19.421813,51.740928],[19.422282,51.742465]]}},{"type":"Feature","properties":{"mode":"bus","n":5,"arr":["55A","55B","55C","65A","65B"],"lines":"55A, 55B, 55C, 65A, 65B"},"geometry":{"type":"LineString","coordinates":[[19.42142,51.742519],[19.42166,51.740283]]}},{"type":"Feature","properties":{"mode":"bus","n":5,"arr":["55A","55B","55C","65A","65B"],"lines":"55A, 55B, 55C, 65A, 65B"},"geometry":{"type":"LineString","coordinates":[[19.433841,51.736902],[19.433691,51.736866],[19.433298,51.736846]]}},{"type":"Feature","properties":{"mode":"bus","n":11,"arr":["55A","55B","55C","65A","65B","69A","69B","77","F1","N7A","N7B"],"lines":"55A, 55B, 55C, 65A, 65B, 69A, 69B, 77, F1, N7A, N7B"},"geometry":{"type":"LineString","coordinates":[[19.433919,51.736731],[19.433843,51.736785]]}},{"type":"Feature","properties":{"mode":"bus","n":11,"arr":["55A","55B","55C","65A","65B","69A","69B","77","F1","N7A","N7B"],"lines":"55A, 55B, 55C, 65A, 65B, 69A, 69B, 77, F1, N7A, N7B"},"geometry":{"type":"LineString","coordinates":[[19.442285,51.736408],[19.439371,51.736391],[19.435903,51.736464],[19.434636,51.736595],[19.434238,51.736732],[19.434198,51.736739],[19.434158,51.736732],[19.434084,51.736707]]}},{"type":"Feature","properties":{"mode":"bus","n":10,"arr":["55A","55B","55C","65A","65B","69A","69B","F1","N7A","N7B"],"lines":"55A, 55B, 55C, 65A, 65B, 69A, 69B, F1, N7A, N7B"},"geometry":{"type":"LineString","coordinates":[[19.434084,51.736707],[19.433919,51.736731]]}},{"type":"Feature","properties":{"mode":"bus","n":12,"arr":["55A","55B","55C","65A","65B","69A","69B","77","F1","H","N7A","N7B"],"lines":"55A, 55B, 55C, 65A, 65B, 69A, 69B, 77, F1, H, N7A, N7B"},"geometry":{"type":"LineString","coordinates":[[19.442048,51.736535],[19.439574,51.736497],[19.438638,51.736514],[19.43612,51.736662],[19.434502,51.736797],[19.434309,51.736837],[19.434274,51.73685],[19.434254,51.736873],[19.43423,51.736922],[19.43413,51.736973]]}},{"type":"Feature","properties":{"mode":"bus","n":6,"arr":["55A","55B","55C","65A","65B","77"],"lines":"55A, 55B, 55C, 65A, 65B, 77"},"geometry":{"type":"LineString","coordinates":[[19.43413,51.736973],[19.434001,51.736981],[19.433886,51.736943]]}},{"type":"Feature","properties":{"mode":"bus","n":9,"arr":["55A","55B","55C","65A","65B","69A","69B","77","F1"],"lines":"55A, 55B, 55C, 65A, 65B, 69A, 69B, 77, F1"},"geometry":{"type":"LineString","coordinates":[[19.433886,51.736943],[19.433841,51.736902]]}},{"type":"Feature","properties":{"mode":"bus","n":5,"arr":["57","69A","69B","F1","N6"],"lines":"57, 69A, 69B, F1, N6"},"geometry":{"type":"LineString","coordinates":[[19.452251,51.731243],[19.452349,51.731073],[19.452497,51.730929],[19.452632,51.730872],[19.452925,51.730847]]}},{"type":"Feature","properties":{"mode":"bus","n":11,"arr":["64B","69A","69B","80A","80B","96","N1A","N1B","N5A","N5B","W"],"lines":"64B, 69A, 69B, 80A, 80B, 96, N1A, N1B, N5A, N5B, W"},"geometry":{"type":"LineString","coordinates":[[19.531889,51.752835],[19.531847,51.752871]]}},{"type":"Feature","properties":{"mode":"bus","n":11,"arr":["64B","69A","69B","80A","80B","96","N1A","N1B","N5A","N5B","W"],"lines":"64B, 69A, 69B, 80A, 80B, 96, N1A, N1B, N5A, N5B, W"},"geometry":{"type":"LineString","coordinates":[[19.531162,51.752964],[19.530978,51.752872]]}},{"type":"Feature","properties":{"mode":"bus","n":11,"arr":["64B","69A","69B","80A","80B","96","N1A","N1B","N5A","N5B","W"],"lines":"64B, 69A, 69B, 80A, 80B, 96, N1A, N1B, N5A, N5B, W"},"geometry":{"type":"LineString","coordinates":[[19.530992,51.752426],[19.531099,51.752365]]}},{"type":"Feature","properties":{"mode":"bus","n":11,"arr":["64B","69A","69B","80A","80B","96","N1A","N1B","N5A","N5B","W"],"lines":"64B, 69A, 69B, 80A, 80B, 96, N1A, N1B, N5A, N5B, W"},"geometry":{"type":"LineString","coordinates":[[19.531632,51.752336],[19.531773,51.752389],[19.531874,51.752462]]}},{"type":"Feature","properties":{"mode":"bus","n":10,"arr":["64B","69A","69B","80A","80B","96","N1A","N1B","N5A","N5B"],"lines":"64B, 69A, 69B, 80A, 80B, 96, N1A, N1B, N5A, N5B"},"geometry":{"type":"LineString","coordinates":[[19.531099,51.752365],[19.531356,51.752314],[19.531632,51.752336]]}},{"type":"Feature","properties":{"mode":"bus","n":5,"arr":["68","75A","75B","N4A","N4B"],"lines":"68, 75A, 75B, N4A, N4B"},"geometry":{"type":"LineString","coordinates":[[19.412626,51.698739],[19.412352,51.698837],[19.412201,51.698983],[19.412163,51.699167],[19.412207,51.699275],[19.412293,51.699366],[19.412516,51.699475],[19.412681,51.69951],[19.412857,51.699513],[19.413092,51.699482],[19.41319,51.699493],[19.413939,51.699859],[19.414629,51.700287],[19.417145,51.702223],[19.417593,51.702519],[19.419903,51.704375],[19.421803,51.705832],[19.42245,51.70629]]}},{"type":"Feature","properties":{"mode":"bus","n":5,"arr":["68","75A","75B","N4A","N4B"],"lines":"68, 75A, 75B, N4A, N4B"},"geometry":{"type":"LineString","coordinates":[[19.416965,51.701554],[19.414942,51.699939],[19.414367,51.69959],[19.413497,51.699177],[19.413287,51.698876],[19.413006,51.698749]]}},{"type":"Feature","properties":{"mode":"bus","n":5,"arr":["68","75A","75B","N4A","N4B"],"lines":"68, 75A, 75B, N4A, N4B"},"geometry":{"type":"LineString","coordinates":[[19.422724,51.706252],[19.422384,51.706047],[19.42152,51.705345],[19.417904,51.702377],[19.417605,51.70208],[19.417262,51.701798]]}},{"type":"Feature","properties":{"mode":"bus","n":9,"arr":["69A","69B","70","71A","71B","72A","72B","F1","N6"],"lines":"69A, 69B, 70, 71A, 71B, 72A, 72B, F1, N6"},"geometry":{"type":"LineString","coordinates":[[19.488417,51.73302],[19.488702,51.733076],[19.488896,51.733083],[19.489949,51.732935],[19.490324,51.732906],[19.49034,51.732904],[19.49035,51.732902],[19.490354,51.732899],[19.490351,51.732896],[19.490342,51.732893],[19.490327,51.732889],[19.489967,51.732812],[19.489265,51.732584]]}},{"type":"Feature","properties":{"mode":"bus","n":9,"arr":["69A","69B","70","71A","71B","72A","72B","F1","N6"],"lines":"69A, 69B, 70, 71A, 71B, 72A, 72B, F1, N6"},"geometry":{"type":"LineString","coordinates":[[19.493739,51.733],[19.493465,51.733067],[19.490382,51.732901]]}},{"type":"Feature","properties":{"mode":"bus","n":7,"arr":["69A","69B","70","72A","72B","F1","N6"],"lines":"69A, 69B, 70, 72A, 72B, F1, N6"},"geometry":{"type":"LineString","coordinates":[[19.489265,51.732584],[19.488802,51.732526],[19.485198,51.732457],[19.482551,51.732288],[19.48072,51.732108],[19.479973,51.731982],[19.47882,51.731703],[19.478428,51.731659],[19.478132,51.73165]]}},{"type":"Feature","properties":{"mode":"bus","n":7,"arr":["69A","69B","70","72A","72B","F1","N6"],"lines":"69A, 69B, 70, 72A, 72B, F1, N6"},"geometry":{"type":"LineString","coordinates":[[19.484709,51.732427],[19.485063,51.732567],[19.486975,51.732689],[19.4874,51.732737],[19.487711,51.732804],[19.488417,51.73302]]}},{"type":"Feature","properties":{"mode":"bus","n":7,"arr":["69A","69B","70","72A","72B","F1","N6"],"lines":"69A, 69B, 70, 72A, 72B, F1, N6"},"geometry":{"type":"LineString","coordinates":[[19.475744,51.730955],[19.475154,51.730699],[19.474893,51.730612]]}},{"type":"Feature","properties":{"mode":"bus","n":5,"arr":["69A","69B","N5A","N5B","W"],"lines":"69A, 69B, N5A, N5B, W"},"geometry":{"type":"LineString","coordinates":[[19.531874,51.752462],[19.531957,51.752645],[19.531889,51.752835]]}},{"type":"Feature","properties":{"mode":"bus","n":6,"arr":["71A","71B","92A","92B","F1","N8"],"lines":"71A, 71B, 92A, 92B, F1, N8"},"geometry":{"type":"LineString","coordinates":[[19.538874,51.722299],[19.538882,51.722355]]}},{"type":"Feature","properties":{"mode":"bus","n":6,"arr":["71A","71B","92A","92B","F1","N8"],"lines":"71A, 71B, 92A, 92B, F1, N8"},"geometry":{"type":"LineString","coordinates":[[19.537897,51.725259],[19.53788,51.72535],[19.537724,51.725438]]}},{"type":"Feature","properties":{"mode":"bus","n":6,"arr":["71A","71B","92A","92B","F1","N8"],"lines":"71A, 71B, 92A, 92B, F1, N8"},"geometry":{"type":"LineString","coordinates":[[19.53859,51.722204],[19.538455,51.722262],[19.538408,51.722324]]}},{"type":"Feature","properties":{"mode":"bus","n":6,"arr":["71A","71B","92A","92B","F1","N8"],"lines":"71A, 71B, 92A, 92B, F1, N8"},"geometry":{"type":"LineString","coordinates":[[19.538259,51.723853],[19.537787,51.724833],[19.537761,51.725058],[19.53781,51.725162]]}},{"type":"Feature","properties":{"mode":"bus","n":5,"arr":["71A","71B","92A","F1","N8"],"lines":"71A, 71B, 92A, F1, N8"},"geometry":{"type":"LineString","coordinates":[[19.538882,51.722355],[19.538879,51.722452],[19.538778,51.722587],[19.538705,51.723],[19.538351,51.723761],[19.538259,51.723853]]}},{"type":"Feature","properties":{"mode":"bus","n":7,"arr":["71A","71B","72B","92A","92B","F1","N8"],"lines":"71A, 71B, 72B, 92A, 92B, F1, N8"},"geometry":{"type":"LineString","coordinates":[[19.53781,51.725162],[19.537897,51.725259]]}},{"type":"Feature","properties":{"mode":"bus","n":7,"arr":["71A","71B","72B","92A","92B","F1","N8"],"lines":"71A, 71B, 72B, 92A, 92B, F1, N8"},"geometry":{"type":"LineString","coordinates":[[19.537724,51.725438],[19.537439,51.725456],[19.537332,51.725483],[19.537006,51.725633],[19.534911,51.727593]]}},{"type":"Feature","properties":{"mode":"bus","n":6,"arr":["71A","71B","72B","92A","92B","N8"],"lines":"71A, 71B, 72B, 92A, 92B, N8"},"geometry":{"type":"LineString","coordinates":[[19.537382,51.725285],[19.537429,51.72517]]}},{"type":"Feature","properties":{"mode":"bus","n":5,"arr":["71A","71B","92A","92B","N8"],"lines":"71A, 71B, 92A, 92B, N8"},"geometry":{"type":"LineString","coordinates":[[19.538467,51.722478],[19.538558,51.722568],[19.538559,51.722866],[19.538517,51.72303],[19.538322,51.723458],[19.538259,51.723853]]}},{"type":"Feature","properties":{"mode":"bus","n":5,"arr":["71A","71B","92A","92B","N8"],"lines":"71A, 71B, 92A, 92B, N8"},"geometry":{"type":"LineString","coordinates":[[19.537588,51.725087],[19.537554,51.725109]]}},{"type":"Feature","properties":{"mode":"bus","n":5,"arr":["71A","71B","92A","92B","N8"],"lines":"71A, 71B, 92A, 92B, N8"},"geometry":{"type":"LineString","coordinates":[[19.537006,51.725633],[19.537138,51.725472],[19.537327,51.725354],[19.537382,51.725285]]}},{"type":"Feature","properties":{"mode":"bus","n":5,"arr":["71A","71B","92A","92B","N8"],"lines":"71A, 71B, 92A, 92B, N8"},"geometry":{"type":"LineString","coordinates":[[19.537787,51.724833],[19.537675,51.724957]]}},{"type":"Feature","properties":{"mode":"bus","n":8,"arr":["76","78","83","96","N1A","N1B","N3A","N3B"],"lines":"76, 78, 83, 96, N1A, N1B, N3A, N3B"},"geometry":{"type":"LineString","coordinates":[[19.393506,51.792375],[19.393574,51.792425],[19.393603,51.792488],[19.393541,51.792599]]}},{"type":"Feature","properties":{"mode":"bus","n":8,"arr":["76","78","83","96","N1A","N1B","N3A","N3B"],"lines":"76, 78, 83, 96, N1A, N1B, N3A, N3B"},"geometry":{"type":"LineString","coordinates":[[19.393286,51.792645],[19.393052,51.792564],[19.392438,51.792537]]}},{"type":"Feature","properties":{"mode":"bus","n":8,"arr":["76","78","83","96","N1A","N1B","N3A","N3B"],"lines":"76, 78, 83, 96, N1A, N1B, N3A, N3B"},"geometry":{"type":"LineString","coordinates":[[19.385118,51.793724],[19.384694,51.793861],[19.384669,51.793874],[19.384655,51.793891],[19.384638,51.793929],[19.384559,51.793981]]}},{"type":"Feature","properties":{"mode":"bus","n":8,"arr":["76","78","83","96","N1A","N1B","N3A","N3B"],"lines":"76, 78, 83, 96, N1A, N1B, N3A, N3B"},"geometry":{"type":"LineString","coordinates":[[19.384405,51.794002],[19.384309,51.793979],[19.384239,51.793932]]}},{"type":"Feature","properties":{"mode":"bus","n":8,"arr":["76","78","83","96","N1A","N1B","N3A","N3B"],"lines":"76, 78, 83, 96, N1A, N1B, N3A, N3B"},"geometry":{"type":"LineString","coordinates":[[19.384175,51.793825],[19.384221,51.79382],[19.384305,51.793748],[19.3844,51.793724],[19.384522,51.793732],[19.384606,51.793769],[19.385118,51.793724],[19.39041,51.792667],[19.390911,51.79261],[19.392438,51.792537],[19.393127,51.792433],[19.393201,51.792375]]}},{"type":"Feature","properties":{"mode":"bus","n":5,"arr":["78","81B","96","N1A","N1B"],"lines":"78, 81B, 96, N1A, N1B"},"geometry":{"type":"LineString","coordinates":[[19.394011,51.795177],[19.393936,51.79496],[19.393825,51.794846],[19.393807,51.794814],[19.393815,51.794781],[19.393871,51.794683],[19.39387,51.794441]]}},{"type":"Feature","properties":{"mode":"bus","n":5,"arr":["78","81B","96","N1A","N1B"],"lines":"78, 81B, 96, N1A, N1B"},"geometry":{"type":"LineString","coordinates":[[19.393578,51.793114],[19.39387,51.794441],[19.394011,51.794663],[19.394128,51.794726],[19.39417,51.794787],[19.394153,51.794852],[19.394054,51.794963],[19.394018,51.795277],[19.394257,51.796752],[19.394428,51.797507]]}},{"type":"Feature","properties":{"mode":"bus","n":5,"arr":["78","81B","96","N1A","N1B"],"lines":"78, 81B, 96, N1A, N1B"},"geometry":{"type":"LineString","coordinates":[[19.394457,51.797637],[19.39427,51.797674]]}},{"type":"Feature","properties":{"mode":"bus","n":5,"arr":["78","81B","96","N1A","N1B"],"lines":"78, 81B, 96, N1A, N1B"},"geometry":{"type":"LineString","coordinates":[[19.39424,51.797543],[19.39418,51.796951],[19.394257,51.796752]]}},{"type":"Feature","properties":{"mode":"bus","n":7,"arr":["78","83","96","N1A","N1B","N3A","N3B"],"lines":"78, 83, 96, N1A, N1B, N3A, N3B"},"geometry":{"type":"LineString","coordinates":[[19.384559,51.793981],[19.384405,51.794002]]}},{"type":"Feature","properties":{"mode":"bus","n":7,"arr":["78","83","96","N1A","N1B","N3A","N3B"],"lines":"78, 83, 96, N1A, N1B, N3A, N3B"},"geometry":{"type":"LineString","coordinates":[[19.383776,51.793866],[19.384175,51.793825]]}},{"type":"Feature","properties":{"mode":"bus","n":7,"arr":["78","83","96","N1A","N1B","N3A","N3B"],"lines":"78, 83, 96, N1A, N1B, N3A, N3B"},"geometry":{"type":"LineString","coordinates":[[19.384239,51.793932],[19.383776,51.793866],[19.380793,51.793736]]}},{"type":"Feature","properties":{"mode":"bus","n":7,"arr":["78","83","96","N1A","N1B","N3A","N3B"],"lines":"78, 83, 96, N1A, N1B, N3A, N3B"},"geometry":{"type":"LineString","coordinates":[[19.37471,51.794679],[19.374218,51.794847]]}},{"type":"Feature","properties":{"mode":"bus","n":7,"arr":["78","83","96","N1A","N1B","N3A","N3B"],"lines":"78, 83, 96, N1A, N1B, N3A, N3B"},"geometry":{"type":"LineString","coordinates":[[19.374158,51.794744],[19.37471,51.794679],[19.378627,51.793887]]}},{"type":"Feature","properties":{"mode":"bus","n":7,"arr":["78","83","96","N1A","N1B","N3A","N3B"],"lines":"78, 83, 96, N1A, N1B, N3A, N3B"},"geometry":{"type":"LineString","coordinates":[[19.380793,51.793736],[19.379659,51.793754],[19.378684,51.79388],[19.378668,51.793882],[19.378658,51.793882],[19.378655,51.793882],[19.378657,51.79388],[19.378666,51.793877],[19.378681,51.793873],[19.379122,51.793758],[19.379772,51.793686],[19.38024,51.793681],[19.380793,51.793736]]}},{"type":"Feature","properties":{"mode":"bus","n":5,"arr":["80A","80B","N1A","N1B","W"],"lines":"80A, 80B, N1A, N1B, W"},"geometry":{"type":"LineString","coordinates":[[19.530978,51.752872],[19.530901,51.752785],[19.530864,51.752638],[19.530915,51.752504],[19.530992,51.752426]]}},{"type":"Feature","properties":{"mode":"bus","n":13,"arr":["6.","52","65A","65B","80A","80B","86","93","97A","97B","99","100","N2"],"lines":"6., 52, 65A, 65B, 80A, 80B, 86, 93, 97A, 97B, 99, 100, N2"},"geometry":{"type":"LineString","coordinates":[[19.434331,51.756219],[19.433676,51.757434],[19.433436,51.757807]]}},{"type":"Feature","properties":{"mode":"bus","n":10,"arr":["6.","67","80A","80B","86","97A","97B","99","100","N2"],"lines":"6., 67, 80A, 80B, 86, 97A, 97B, 99, 100, N2"},"geometry":{"type":"LineString","coordinates":[[19.42951,51.755761],[19.430966,51.755812],[19.432612,51.755934],[19.434331,51.756219]]}},{"type":"Feature","properties":{"mode":"bus","n":7,"arr":["6.","67","80B","86","99","100","N2"],"lines":"6., 67, 80B, 86, 99, 100, N2"},"geometry":{"type":"LineString","coordinates":[[19.423762,51.75602],[19.424316,51.756117],[19.425001,51.756134],[19.425528,51.75608],[19.427515,51.755798],[19.428826,51.755751],[19.42951,51.755761]]}},{"type":"Feature","properties":{"mode":"bus","n":5,"arr":["6.","76","83","N3A","N3B"],"lines":"6., 76, 83, N3A, N3B"},"geometry":{"type":"LineString","coordinates":[[19.391542,51.782536],[19.394156,51.781712],[19.394736,51.781506],[19.396333,51.780746],[19.396945,51.780135]]}},{"type":"Feature","properties":{"mode":"bus","n":7,"arr":["6.","84A","84B","96","N1B","N3A","N3B"],"lines":"6., 84A, 84B, 96, N1B, N3A, N3B"},"geometry":{"type":"LineString","coordinates":[[19.361571,51.795482],[19.366044,51.794578],[19.366462,51.794506],[19.366794,51.794475],[19.367316,51.794466],[19.36773,51.794494],[19.370611,51.794883],[19.371203,51.794895],[19.373325,51.794829]]}},{"type":"Feature","properties":{"mode":"bus","n":7,"arr":["6.","84A","84B","96","N1B","N3A","N3B"],"lines":"6., 84A, 84B, 96, N1B, N3A, N3B"},"geometry":{"type":"LineString","coordinates":[[19.373768,51.794888],[19.373382,51.794837],[19.373366,51.794834],[19.373357,51.794832],[19.373353,51.794829],[19.373357,51.794827],[19.373366,51.794825],[19.373382,51.794823],[19.373777,51.794779]]}},{"type":"Feature","properties":{"mode":"bus","n":5,"arr":["6.","78","84A","84B","N1A"],"lines":"6., 78, 84A, 84B, N1A"},"geometry":{"type":"LineString","coordinates":[[19.376545,51.801231],[19.376303,51.80128]]}},{"type":"Feature","properties":{"mode":"bus","n":7,"arr":["6.","72A","72B","76","83","N3A","N3B"],"lines":"6., 72A, 72B, 76, 83, N3A, N3B"},"geometry":{"type":"LineString","coordinates":[[19.399065,51.778997],[19.399223,51.778829],[19.399406,51.778516]]}},{"type":"Feature","properties":{"mode":"bus","n":5,"arr":["6.","76","80A","80B","99"],"lines":"6., 76, 80A, 80B, 99"},"geometry":{"type":"LineString","coordinates":[[19.414657,51.757829],[19.414732,51.757926]]}},{"type":"Feature","properties":{"mode":"bus","n":6,"arr":["6.","67","80B","86","99","N2"],"lines":"6., 67, 80B, 86, 99, N2"},"geometry":{"type":"LineString","coordinates":[[19.429922,51.755453],[19.428852,51.755445],[19.427654,51.755476],[19.426853,51.755551],[19.425464,51.755746],[19.425051,51.755775],[19.424541,51.75576],[19.424171,51.755717],[19.423555,51.755567]]}},{"type":"Feature","properties":{"mode":"bus","n":9,"arr":["6.","67","80A","80B","86","97A","97B","99","N2"],"lines":"6., 67, 80A, 80B, 86, 97A, 97B, 99, N2"},"geometry":{"type":"LineString","coordinates":[[19.431553,51.755525],[19.429922,51.755453]]}},{"type":"Feature","properties":{"mode":"bus","n":8,"arr":["6.","80A","80B","86","97A","97B","99","N2"],"lines":"6., 80A, 80B, 86, 97A, 97B, 99, N2"},"geometry":{"type":"LineString","coordinates":[[19.43211,51.75573],[19.431553,51.755525]]}},{"type":"Feature","properties":{"mode":"bus","n":8,"arr":["6.","80A","80B","86","97A","97B","99","N2"],"lines":"6., 80A, 80B, 86, 97A, 97B, 99, N2"},"geometry":{"type":"LineString","coordinates":[[19.434796,51.756255],[19.434774,51.756161],[19.434708,51.756079],[19.434469,51.755969],[19.432195,51.755738]]}},{"type":"Feature","properties":{"mode":"bus","n":7,"arr":["80A","80B","86","97A","97B","99","N2"],"lines":"80A, 80B, 86, 97A, 97B, 99, N2"},"geometry":{"type":"LineString","coordinates":[[19.432195,51.755738],[19.43211,51.75573]]}},{"type":"Feature","properties":{"mode":"bus","n":10,"arr":["6.","52","80A","80B","86","93","97A","97B","99","N2"],"lines":"6., 52, 80A, 80B, 86, 93, 97A, 97B, 99, N2"},"geometry":{"type":"LineString","coordinates":[[19.434556,51.757092],[19.434449,51.757022],[19.434442,51.756932],[19.434796,51.756255]]}},{"type":"Feature","properties":{"mode":"bus","n":10,"arr":["6.","52","80A","80B","86","93","97A","97B","99","N2"],"lines":"6., 52, 80A, 80B, 86, 93, 97A, 97B, 99, N2"},"geometry":{"type":"LineString","coordinates":[[19.433942,51.758011],[19.434372,51.757376]]}},{"type":"Feature","properties":{"mode":"bus","n":8,"arr":["6.","52","80A","80B","93","97A","97B","99"],"lines":"6., 52, 80A, 80B, 93, 97A, 97B, 99"},"geometry":{"type":"LineString","coordinates":[[19.434372,51.757376],[19.434556,51.757092]]}},{"type":"Feature","properties":{"mode":"bus","n":10,"arr":["6.","52","65A","65B","80A","80B","86","93","99","N2"],"lines":"6., 52, 65A, 65B, 80A, 80B, 86, 93, 99, N2"},"geometry":{"type":"LineString","coordinates":[[19.433436,51.757807],[19.433942,51.758011]]}},{"type":"Feature","properties":{"mode":"bus","n":7,"arr":["50A","50B","68","75A","75B","N4A","N4B"],"lines":"50A, 50B, 68, 75A, 75B, N4A, N4B"},"geometry":{"type":"LineString","coordinates":[[19.428177,51.711236],[19.428588,51.711046],[19.428886,51.710744],[19.429234,51.710467],[19.433736,51.705793],[19.434141,51.705468],[19.436836,51.703511],[19.437139,51.703267],[19.437436,51.70298]]}},{"type":"Feature","properties":{"mode":"bus","n":6,"arr":["50A","50B","62","68","N4A","N4B"],"lines":"50A, 50B, 62, 68, N4A, N4B"},"geometry":{"type":"LineString","coordinates":[[19.433351,51.715036],[19.431383,51.713418]]}},{"type":"Feature","properties":{"mode":"bus","n":7,"arr":["50A","50B","62","63","68","N4A","N4B"],"lines":"50A, 50B, 62, 63, 68, N4A, N4B"},"geometry":{"type":"LineString","coordinates":[[19.433351,51.715036],[19.43567,51.716944]]}},{"type":"Feature","properties":{"mode":"bus","n":6,"arr":["50A","50B","63","68","N4A","N4B"],"lines":"50A, 50B, 63, 68, N4A, N4B"},"geometry":{"type":"LineString","coordinates":[[19.43567,51.716944],[19.438256,51.719066]]}},{"type":"Feature","properties":{"mode":"bus","n":6,"arr":["50A","50B","63","68","N4A","N4B"],"lines":"50A, 50B, 63, 68, N4A, N4B"},"geometry":{"type":"LineString","coordinates":[[19.442329,51.722409],[19.444998,51.724599],[19.445599,51.725026],[19.446903,51.726027],[19.447672,51.726703]]}},{"type":"Feature","properties":{"mode":"bus","n":6,"arr":["50A","50B","63","68","N4A","N4B"],"lines":"50A, 50B, 63, 68, N4A, N4B"},"geometry":{"type":"LineString","coordinates":[[19.448015,51.727464],[19.446721,51.726192],[19.445225,51.725009]]}},{"type":"Feature","properties":{"mode":"bus","n":6,"arr":["50A","50B","63","68","N4A","N4B"],"lines":"50A, 50B, 63, 68, N4A, N4B"},"geometry":{"type":"LineString","coordinates":[[19.437909,51.71919],[19.43303,51.715181]]}},{"type":"Feature","properties":{"mode":"bus","n":7,"arr":["50A","50B","52","63","68","N4A","N4B"],"lines":"50A, 50B, 52, 63, 68, N4A, N4B"},"geometry":{"type":"LineString","coordinates":[[19.447672,51.726703],[19.448377,51.727332],[19.450944,51.729439],[19.452464,51.730629],[19.452609,51.730718],[19.452925,51.730847]]}},{"type":"Feature","properties":{"mode":"bus","n":7,"arr":["50A","50B","52","63","68","N4A","N4B"],"lines":"50A, 50B, 52, 63, 68, N4A, N4B"},"geometry":{"type":"LineString","coordinates":[[19.452251,51.731243],[19.45225,51.730918],[19.452174,51.730754],[19.452027,51.730572],[19.451284,51.729953],[19.449362,51.728465],[19.448429,51.727801],[19.448015,51.727464]]}},{"type":"Feature","properties":{"mode":"bus","n":7,"arr":["50A","50B","57","68","N4A","N4B","N6"],"lines":"50A, 50B, 57, 68, N4A, N4B, N6"},"geometry":{"type":"LineString","coordinates":[[19.453705,51.73155],[19.453814,51.731784],[19.453936,51.731926],[19.459241,51.736236]]}},{"type":"Feature","properties":{"mode":"bus","n":7,"arr":["50A","50B","57","68","N4A","N4B","N6"],"lines":"50A, 50B, 57, 68, N4A, N4B, N6"},"geometry":{"type":"LineString","coordinates":[[19.45624,51.734036],[19.456832,51.734455],[19.458459,51.735801],[19.459112,51.736378]]}},{"type":"Feature","properties":{"mode":"bus","n":9,"arr":["50A","50B","63","68","72A","72B","N4A","N4B","N6"],"lines":"50A, 50B, 63, 68, 72A, 72B, N4A, N4B, N6"},"geometry":{"type":"LineString","coordinates":[[19.459241,51.736236],[19.462072,51.738561],[19.462893,51.739206]]}},{"type":"Feature","properties":{"mode":"bus","n":5,"arr":["N3A","N3B","N5A","N5B","N6"],"lines":"N3A, N3B, N5A, N5B, N6"},"geometry":{"type":"LineString","coordinates":[[19.462731,51.740297],[19.462646,51.740255]]}},{"type":"Feature","properties":{"mode":"bus","n":8,"arr":["50A","50B","68","N3A","N3B","N5A","N5B","N6"],"lines":"50A, 50B, 68, N3A, N3B, N5A, N5B, N6"},"geometry":{"type":"LineString","coordinates":[[19.462646,51.740255],[19.462604,51.740218]]}},{"type":"Feature","properties":{"mode":"bus","n":11,"arr":["50A","50B","63","68","72A","72B","N3A","N3B","N4A","N4B","N6"],"lines":"50A, 50B, 63, 68, 72A, 72B, N3A, N3B, N4A, N4B, N6"},"geometry":{"type":"LineString","coordinates":[[19.462604,51.740218],[19.462758,51.739509],[19.462751,51.739392],[19.462679,51.739267],[19.460425,51.737402],[19.459112,51.736378]]}},{"type":"Feature","properties":{"mode":"bus","n":9,"arr":["50A","50B","57","68","N4A","N4B","N6","N7A","N7B"],"lines":"50A, 50B, 57, 68, N4A, N4B, N6, N7A, N7B"},"geometry":{"type":"LineString","coordinates":[[19.453318,51.73193],[19.453579,51.731962],[19.453734,51.732034],[19.454374,51.732559],[19.454812,51.732861],[19.45624,51.734036]]}},{"type":"Feature","properties":{"mode":"bus","n":7,"arr":["50A","50B","63","68","77","N4A","N4B"],"lines":"50A, 50B, 63, 68, 77, N4A, N4B"},"geometry":{"type":"LineString","coordinates":[[19.445225,51.725009],[19.443431,51.723757],[19.441951,51.722554]]}},{"type":"Feature","properties":{"mode":"bus","n":5,"arr":["50A","50B","68","75A","75B"],"lines":"50A, 50B, 68, 75A, 75B"},"geometry":{"type":"LineString","coordinates":[[19.428886,51.710744],[19.42901,51.710555],[19.433638,51.705745],[19.434128,51.705357],[19.436747,51.703454],[19.437317,51.70295]]}},{"type":"Feature","properties":{"mode":"bus","n":10,"arr":["51A","51B","53A","53B","57","61","67","85B","86","N8"],"lines":"51A, 51B, 53A, 53B, 57, 61, 67, 85B, 86, N8"},"geometry":{"type":"LineString","coordinates":[[19.467341,51.770232],[19.467523,51.770271],[19.468494,51.770344]]}},{"type":"Feature","properties":{"mode":"bus","n":20,"arr":["51A","51B","53A","53B","57","58A","58B","61","67","77","85B","86","88A","88B","88C","88D","101","N7A","N7B","N8"],"lines":"51A, 51B, 53A, 53B, 57, 58A, 58B, 61, 67, 77, 85B, 86, 88A, 88B, 88C, 88D, 101, N7A, N7B, N8"},"geometry":{"type":"LineString","coordinates":[[19.467192,51.770242],[19.467252,51.770235]]}},{"type":"Feature","properties":{"mode":"bus","n":18,"arr":["51A","51B","53A","53B","57","58A","58B","61","67","77","85B","86","88A","88B","88C","88D","101","N8"],"lines":"51A, 51B, 53A, 53B, 57, 58A, 58B, 61, 67, 77, 85B, 86, 88A, 88B, 88C, 88D, 101, N8"},"geometry":{"type":"LineString","coordinates":[[19.467252,51.770235],[19.467341,51.770232]]}},{"type":"Feature","properties":{"mode":"bus","n":14,"arr":["51A","51B","53A","53B","57","67","77","85B","86","101","N7A","N7B","N8","Z13"],"lines":"51A, 51B, 53A, 53B, 57, 67, 77, 85B, 86, 101, N7A, N7B, N8, Z13"},"geometry":{"type":"LineString","coordinates":[[19.466565,51.769964],[19.46555,51.769767]]}},{"type":"Feature","properties":{"mode":"bus","n":20,"arr":["51A","51B","53A","53B","57","58A","58B","67","77","85B","86","88A","88B","88C","88D","101","N7A","N7B","N8","Z13"],"lines":"51A, 51B, 53A, 53B, 57, 58A, 58B, 67, 77, 85B, 86, 88A, 88B, 88C, 88D, 101, N7A, N7B, N8, Z13"},"geometry":{"type":"LineString","coordinates":[[19.467135,51.770226],[19.466883,51.770032],[19.466565,51.769964]]}},{"type":"Feature","properties":{"mode":"bus","n":19,"arr":["51A","51B","53A","53B","57","58A","58B","67","85B","86","88A","88B","88C","88D","101","N7A","N7B","N8","Z13"],"lines":"51A, 51B, 53A, 53B, 57, 58A, 58B, 67, 85B, 86, 88A, 88B, 88C, 88D, 101, N7A, N7B, N8, Z13"},"geometry":{"type":"LineString","coordinates":[[19.467192,51.770242],[19.467135,51.770226]]}},{"type":"Feature","properties":{"mode":"bus","n":12,"arr":["51A","51B","53A","53B","57","67","77","85B","101","N7A","N7B","Z13"],"lines":"51A, 51B, 53A, 53B, 57, 67, 77, 85B, 101, N7A, N7B, Z13"},"geometry":{"type":"LineString","coordinates":[[19.46555,51.769767],[19.465509,51.769744],[19.464367,51.769517]]}},{"type":"Feature","properties":{"mode":"bus","n":9,"arr":["51A","51B","53A","53B","85B","101","N7A","N7B","Z13"],"lines":"51A, 51B, 53A, 53B, 85B, 101, N7A, N7B, Z13"},"geometry":{"type":"LineString","coordinates":[[19.464131,51.769568],[19.464367,51.769517]]}},{"type":"Feature","properties":{"mode":"bus","n":12,"arr":["51A","51B","53A","53B","57","67","85B","101","N7A","N7B","N8","Z13"],"lines":"51A, 51B, 53A, 53B, 57, 67, 85B, 101, N7A, N7B, N8, Z13"},"geometry":{"type":"LineString","coordinates":[[19.464067,51.76966],[19.464131,51.769568]]}},{"type":"Feature","properties":{"mode":"bus","n":11,"arr":["51A","51B","53A","53B","85B","86","101","N7A","N7B","N8","Z13"],"lines":"51A, 51B, 53A, 53B, 85B, 86, 101, N7A, N7B, N8, Z13"},"geometry":{"type":"LineString","coordinates":[[19.463368,51.771083],[19.464067,51.76966]]}},{"type":"Feature","properties":{"mode":"bus","n":9,"arr":["51A","51B","53A","53B","85B","86","N7A","N7B","Z13"],"lines":"51A, 51B, 53A, 53B, 85B, 86, N7A, N7B, Z13"},"geometry":{"type":"LineString","coordinates":[[19.466684,51.771538],[19.466452,51.771406],[19.466148,51.771332],[19.463368,51.771083]]}},{"type":"Feature","properties":{"mode":"bus","n":16,"arr":["51A","51B","53A","53B","57","58A","58B","61","85B","88A","88B","88C","88D","N7A","N7B","Z13"],"lines":"51A, 51B, 53A, 53B, 57, 58A, 58B, 61, 85B, 88A, 88B, 88C, 88D, N7A, N7B, Z13"},"geometry":{"type":"LineString","coordinates":[[19.469548,51.771861],[19.466963,51.771588],[19.466684,51.771538]]}},{"type":"Feature","properties":{"mode":"bus","n":18,"arr":["51A","51B","53A","53B","57","58A","58B","61","85A","85B","88A","88B","88C","88D","96","N7A","N7B","Z13"],"lines":"51A, 51B, 53A, 53B, 57, 58A, 58B, 61, 85A, 85B, 88A, 88B, 88C, 88D, 96, N7A, N7B, Z13"},"geometry":{"type":"LineString","coordinates":[[19.472393,51.772093],[19.47106,51.771993]]}},{"type":"Feature","properties":{"mode":"bus","n":15,"arr":["51A","51B","53A","53B","58A","58B","61","88A","88B","88C","88D","96","N7A","N7B","Z13"],"lines":"51A, 51B, 53A, 53B, 58A, 58B, 61, 88A, 88B, 88C, 88D, 96, N7A, N7B, Z13"},"geometry":{"type":"LineString","coordinates":[[19.472801,51.772131],[19.472393,51.772093]]}},{"type":"Feature","properties":{"mode":"bus","n":9,"arr":["51A","51B","53A","53B","61","96","N7A","N7B","Z13"],"lines":"51A, 51B, 53A, 53B, 61, 96, N7A, N7B, Z13"},"geometry":{"type":"LineString","coordinates":[[19.473108,51.772157],[19.472801,51.772131]]}},{"type":"Feature","properties":{"mode":"bus","n":9,"arr":["51A","51B","53A","53B","61","88A","88B","88C","88D"],"lines":"51A, 51B, 53A, 53B, 61, 88A, 88B, 88C, 88D"},"geometry":{"type":"LineString","coordinates":[[19.481102,51.778834],[19.480742,51.778742],[19.480581,51.778656],[19.478805,51.777084],[19.477335,51.775973],[19.476649,51.775368],[19.475728,51.774431],[19.475272,51.774013],[19.473108,51.772157]]}},{"type":"Feature","properties":{"mode":"bus","n":13,"arr":["51A","51B","53A","53B","61","87A","87B","88A","88B","88C","88D","N7A","N7B"],"lines":"51A, 51B, 53A, 53B, 61, 87A, 87B, 88A, 88B, 88C, 88D, N7A, N7B"},"geometry":{"type":"LineString","coordinates":[[19.481599,51.778998],[19.481385,51.778901],[19.481102,51.778834]]}},{"type":"Feature","properties":{"mode":"bus","n":18,"arr":["51A","51B","53A","53B","60A","60B","60C","60D","61","70","87A","87B","88A","88B","88C","88D","N7A","N7B"],"lines":"51A, 51B, 53A, 53B, 60A, 60B, 60C, 60D, 61, 70, 87A, 87B, 88A, 88B, 88C, 88D, N7A, N7B"},"geometry":{"type":"LineString","coordinates":[[19.481599,51.778998],[19.481713,51.779446]]}},{"type":"Feature","properties":{"mode":"bus","n":16,"arr":["51A","51B","53A","53B","60A","60B","60C","60D","61","70","88A","88B","88C","88D","N7A","N7B"],"lines":"51A, 51B, 53A, 53B, 60A, 60B, 60C, 60D, 61, 70, 88A, 88B, 88C, 88D, N7A, N7B"},"geometry":{"type":"LineString","coordinates":[[19.481713,51.779446],[19.481806,51.77963],[19.48193,51.779785]]}},{"type":"Feature","properties":{"mode":"bus","n":16,"arr":["51A","51B","53A","53B","60A","60B","60C","60D","61","70","88A","88B","88C","88D","N7A","N7B"],"lines":"51A, 51B, 53A, 53B, 60A, 60B, 60C, 60D, 61, 70, 88A, 88B, 88C, 88D, N7A, N7B"},"geometry":{"type":"LineString","coordinates":[[19.487527,51.790971],[19.486443,51.789776],[19.484079,51.787065],[19.483793,51.786681],[19.483622,51.786388],[19.483418,51.785911],[19.48329,51.785348],[19.483133,51.782653]]}},{"type":"Feature","properties":{"mode":"bus","n":18,"arr":["51A","51B","53A","53B","60A","60B","60C","60D","61","70","88A","88B","88C","88D","N4A","N4B","N7A","N7B"],"lines":"51A, 51B, 53A, 53B, 60A, 60B, 60C, 60D, 61, 70, 88A, 88B, 88C, 88D, N4A, N4B, N7A, N7B"},"geometry":{"type":"LineString","coordinates":[[19.483133,51.782653],[19.483057,51.781516],[19.482898,51.781008],[19.482624,51.780525],[19.48193,51.779785]]}},{"type":"Feature","properties":{"mode":"bus","n":20,"arr":["51A","51B","53A","53B","60A","60B","60C","60D","61","64A","64B","81A","81B","88A","88B","88C","88D","N7A","N7B","Z6"],"lines":"51A, 51B, 53A, 53B, 60A, 60B, 60C, 60D, 61, 64A, 64B, 81A, 81B, 88A, 88B, 88C, 88D, N7A, N7B, Z6"},"geometry":{"type":"LineString","coordinates":[[19.487527,51.790971],[19.48791,51.7914],[19.488355,51.791826],[19.488558,51.792079]]}},{"type":"Feature","properties":{"mode":"bus","n":7,"arr":["51A","51B","60A","60B","60C","60D","61"],"lines":"51A, 51B, 60A, 60B, 60C, 60D, 61"},"geometry":{"type":"LineString","coordinates":[[19.488558,51.792079],[19.488662,51.792268]]}},{"type":"Feature","properties":{"mode":"bus","n":7,"arr":["51A","51B","60A","60B","60C","60D","61"],"lines":"51A, 51B, 60A, 60B, 60C, 60D, 61"},"geometry":{"type":"LineString","coordinates":[[19.489459,51.800649],[19.488955,51.80033],[19.488586,51.800024],[19.488382,51.799807],[19.488027,51.799301],[19.487898,51.798994],[19.48785,51.798771],[19.487842,51.798458],[19.487927,51.797538],[19.488764,51.792926],[19.488765,51.792598],[19.48869,51.792336]]}},{"type":"Feature","properties":{"mode":"bus","n":7,"arr":["51A","51B","60A","60B","60C","60D","61"],"lines":"51A, 51B, 60A, 60B, 60C, 60D, 61"},"geometry":{"type":"LineString","coordinates":[[19.488426,51.792359],[19.488494,51.792709],[19.488476,51.793195],[19.487589,51.798177],[19.487564,51.79868],[19.487612,51.798957],[19.487707,51.799212],[19.488085,51.799787],[19.488518,51.80024],[19.488814,51.800454],[19.489316,51.800749]]}},{"type":"Feature","properties":{"mode":"bus","n":11,"arr":["51A","51B","60A","60B","60C","60D","61","88A","88B","88C","88D"],"lines":"51A, 51B, 60A, 60B, 60C, 60D, 61, 88A, 88B, 88C, 88D"},"geometry":{"type":"LineString","coordinates":[[19.48869,51.792336],[19.488662,51.792268]]}},{"type":"Feature","properties":{"mode":"bus","n":21,"arr":["51A","51B","53A","53B","53C","60A","60B","60C","60D","61","64A","64B","81A","81B","88A","88B","88C","88D","N7A","N7B","Z6"],"lines":"51A, 51B, 53A, 53B, 53C, 60A, 60B, 60C, 60D, 61, 64A, 64B, 81A, 81B, 88A, 88B, 88C, 88D, N7A, N7B, Z6"},"geometry":{"type":"LineString","coordinates":[[19.48752,51.791295],[19.488102,51.791851],[19.488275,51.792072],[19.488426,51.792359]]}},{"type":"Feature","properties":{"mode":"bus","n":16,"arr":["51A","51B","53A","53B","53C","60A","60B","60C","60D","61","88A","88B","88C","88D","N7A","N7B"],"lines":"51A, 51B, 53A, 53B, 53C, 60A, 60B, 60C, 60D, 61, 88A, 88B, 88C, 88D, N7A, N7B"},"geometry":{"type":"LineString","coordinates":[[19.487305,51.791049],[19.48752,51.791295]]}},{"type":"Feature","properties":{"mode":"bus","n":16,"arr":["51A","51B","53A","53B","53C","60A","60B","60C","60D","61","88A","88B","88C","88D","N7A","N7B"],"lines":"51A, 51B, 53A, 53B, 53C, 60A, 60B, 60C, 60D, 61, 88A, 88B, 88C, 88D, N7A, N7B"},"geometry":{"type":"LineString","coordinates":[[19.487112,51.790826],[19.487134,51.790852]]}},{"type":"Feature","properties":{"mode":"bus","n":17,"arr":["51A","51B","53A","53B","53C","60A","60B","60C","60D","61","70","88A","88B","88C","88D","N7A","N7B"],"lines":"51A, 51B, 53A, 53B, 53C, 60A, 60B, 60C, 60D, 61, 70, 88A, 88B, 88C, 88D, N7A, N7B"},"geometry":{"type":"LineString","coordinates":[[19.487134,51.790852],[19.487305,51.791049]]}},{"type":"Feature","properties":{"mode":"bus","n":17,"arr":["51A","51B","53A","53B","53C","60A","60B","60C","60D","61","70","88A","88B","88C","88D","N7A","N7B"],"lines":"51A, 51B, 53A, 53B, 53C, 60A, 60B, 60C, 60D, 61, 70, 88A, 88B, 88C, 88D, N7A, N7B"},"geometry":{"type":"LineString","coordinates":[[19.482916,51.78275],[19.483095,51.785421],[19.483229,51.785971],[19.483453,51.78648],[19.483691,51.786861],[19.483931,51.787167],[19.487112,51.790826]]}},{"type":"Feature","properties":{"mode":"bus","n":19,"arr":["51A","51B","53A","53B","53C","60A","60B","60C","60D","61","70","88A","88B","88C","88D","N4A","N4B","N7A","N7B"],"lines":"51A, 51B, 53A, 53B, 53C, 60A, 60B, 60C, 60D, 61, 70, 88A, 88B, 88C, 88D, N4A, N4B, N7A, N7B"},"geometry":{"type":"LineString","coordinates":[[19.482916,51.78275],[19.48284,51.781583],[19.482789,51.781303],[19.482694,51.781038],[19.482558,51.780773],[19.482389,51.780539],[19.482105,51.780241],[19.481571,51.779776]]}},{"type":"Feature","properties":{"mode":"bus","n":19,"arr":["51A","51B","53A","53B","53C","60A","60B","60C","60D","61","70","87A","87B","88A","88B","88C","88D","N7A","N7B"],"lines":"51A, 51B, 53A, 53B, 53C, 60A, 60B, 60C, 60D, 61, 70, 87A, 87B, 88A, 88B, 88C, 88D, N7A, N7B"},"geometry":{"type":"LineString","coordinates":[[19.481571,51.779776],[19.481239,51.779488]]}},{"type":"Feature","properties":{"mode":"bus","n":10,"arr":["51A","51B","53A","53B","53C","61","88A","88B","88C","88D"],"lines":"51A, 51B, 53A, 53B, 53C, 61, 88A, 88B, 88C, 88D"},"geometry":{"type":"LineString","coordinates":[[19.481239,51.779488],[19.481154,51.779465],[19.480959,51.779303],[19.480551,51.778857],[19.478545,51.777069],[19.477688,51.77642]]}},{"type":"Feature","properties":{"mode":"bus","n":11,"arr":["51A","51B","53A","53B","53C","61","86","88A","88B","88C","88D"],"lines":"51A, 51B, 53A, 53B, 53C, 61, 86, 88A, 88B, 88C, 88D"},"geometry":{"type":"LineString","coordinates":[[19.477688,51.77642],[19.477119,51.776],[19.476514,51.775469],[19.475448,51.77441]]}},{"type":"Feature","properties":{"mode":"bus","n":16,"arr":["51A","51B","53A","53B","53C","58A","58B","61","86","88A","88B","88C","88D","N7A","N7B","Z13"],"lines":"51A, 51B, 53A, 53B, 53C, 58A, 58B, 61, 86, 88A, 88B, 88C, 88D, N7A, N7B, Z13"},"geometry":{"type":"LineString","coordinates":[[19.475448,51.77441],[19.474367,51.773423],[19.472858,51.772195]]}},{"type":"Feature","properties":{"mode":"bus","n":10,"arr":["51A","51B","53A","53B","53C","61","86","N7A","N7B","Z13"],"lines":"51A, 51B, 53A, 53B, 53C, 61, 86, N7A, N7B, Z13"},"geometry":{"type":"LineString","coordinates":[[19.472801,51.772131],[19.472858,51.772195]]}},{"type":"Feature","properties":{"mode":"bus","n":7,"arr":["51A","51B","53A","53B","53C","61","86"],"lines":"51A, 51B, 53A, 53B, 53C, 61, 86"},"geometry":{"type":"LineString","coordinates":[[19.472801,51.772131],[19.472659,51.771905]]}},{"type":"Feature","properties":{"mode":"bus","n":10,"arr":["51A","51B","53A","53B","53C","57","61","85A","85B","86"],"lines":"51A, 51B, 53A, 53B, 53C, 57, 61, 85A, 85B, 86"},"geometry":{"type":"LineString","coordinates":[[19.472659,51.771905],[19.472559,51.771547],[19.472603,51.771442]]}},{"type":"Feature","properties":{"mode":"bus","n":10,"arr":["51A","51B","53A","53B","53C","57","61","85A","85B","86"],"lines":"51A, 51B, 53A, 53B, 53C, 57, 61, 85A, 85B, 86"},"geometry":{"type":"LineString","coordinates":[[19.472635,51.770806],[19.472599,51.770727],[19.472725,51.770132]]}},{"type":"Feature","properties":{"mode":"bus","n":16,"arr":["51A","51B","53A","53B","53C","57","58A","58B","61","85A","85B","86","88A","88B","88C","88D"],"lines":"51A, 51B, 53A, 53B, 53C, 57, 58A, 58B, 61, 85A, 85B, 86, 88A, 88B, 88C, 88D"},"geometry":{"type":"LineString","coordinates":[[19.472603,51.771442],[19.472635,51.770806]]}},{"type":"Feature","properties":{"mode":"bus","n":11,"arr":["51A","51B","53A","53B","53C","57","61","85A","85B","86","N8"],"lines":"51A, 51B, 53A, 53B, 53C, 57, 61, 85A, 85B, 86, N8"},"geometry":{"type":"LineString","coordinates":[[19.472725,51.770132],[19.472512,51.770145]]}},{"type":"Feature","properties":{"mode":"bus","n":11,"arr":["51A","51B","53A","53B","53C","57","61","85A","85B","86","N8"],"lines":"51A, 51B, 53A, 53B, 53C, 57, 61, 85A, 85B, 86, N8"},"geometry":{"type":"LineString","coordinates":[[19.472475,51.770147],[19.468699,51.770333]]}},{"type":"Feature","properties":{"mode":"bus","n":11,"arr":["52","56","62","63","70","71A","71B","75A","75B","N3A","N3B"],"lines":"52, 56, 62, 63, 70, 71A, 71B, 75A, 75B, N3A, N3B"},"geometry":{"type":"LineString","coordinates":[[19.485198,51.717962],[19.484546,51.72024],[19.483923,51.721322],[19.483049,51.722657],[19.481185,51.72455],[19.480438,51.725446]]}},{"type":"Feature","properties":{"mode":"bus","n":8,"arr":["52","56","70","75A","75B","H","N3A","N3B"],"lines":"52, 56, 70, 75A, 75B, H, N3A, N3B"},"geometry":{"type":"LineString","coordinates":[[19.480438,51.725446],[19.476844,51.729071]]}},{"type":"Feature","properties":{"mode":"bus","n":8,"arr":["52","56","70","75A","75B","H","N3A","N3B"],"lines":"52, 56, 70, 75A, 75B, H, N3A, N3B"},"geometry":{"type":"LineString","coordinates":[[19.476471,51.729367],[19.475525,51.730087],[19.475071,51.730493]]}},{"type":"Feature","properties":{"mode":"bus","n":6,"arr":["52","56","70","75A","75B","H"],"lines":"52, 56, 70, 75A, 75B, H"},"geometry":{"type":"LineString","coordinates":[[19.476844,51.729071],[19.476471,51.729367]]}},{"type":"Feature","properties":{"mode":"bus","n":5,"arr":["52","56","H","N3A","N3B"],"lines":"52, 56, H, N3A, N3B"},"geometry":{"type":"LineString","coordinates":[[19.475071,51.730493],[19.474874,51.730606]]}},{"type":"Feature","properties":{"mode":"bus","n":8,"arr":["52","56","69A","69B","70","F1","H","N6"],"lines":"52, 56, 69A, 69B, 70, F1, H, N6"},"geometry":{"type":"LineString","coordinates":[[19.474874,51.730606],[19.474855,51.7306]]}},{"type":"Feature","properties":{"mode":"bus","n":7,"arr":["52","56","69A","69B","F1","H","N6"],"lines":"52, 56, 69A, 69B, F1, H, N6"},"geometry":{"type":"LineString","coordinates":[[19.474855,51.7306],[19.473956,51.730299],[19.469904,51.728798]]}},{"type":"Feature","properties":{"mode":"bus","n":8,"arr":["52","56","63","69A","69B","F1","H","N6"],"lines":"52, 56, 63, 69A, 69B, F1, H, N6"},"geometry":{"type":"LineString","coordinates":[[19.469904,51.728798],[19.465111,51.726996],[19.464486,51.726855],[19.463953,51.726805]]}},{"type":"Feature","properties":{"mode":"bus","n":9,"arr":["52","56","57","63","69A","69B","F1","H","N6"],"lines":"52, 56, 57, 63, 69A, 69B, F1, H, N6"},"geometry":{"type":"LineString","coordinates":[[19.463953,51.726805],[19.463534,51.726779]]}},{"type":"Feature","properties":{"mode":"bus","n":8,"arr":["52","57","63","69A","69B","F1","H","N6"],"lines":"52, 57, 63, 69A, 69B, F1, H, N6"},"geometry":{"type":"LineString","coordinates":[[19.463534,51.726779],[19.463084,51.726781],[19.462173,51.726942],[19.461537,51.727122],[19.461013,51.727336],[19.458249,51.728728],[19.45738,51.729238],[19.456349,51.729696],[19.454749,51.730528],[19.454369,51.730774],[19.453819,51.731082],[19.453702,51.731262],[19.453693,51.731388]]}},{"type":"Feature","properties":{"mode":"bus","n":5,"arr":["52","65A","65B","77","93"],"lines":"52, 65A, 65B, 77, 93"},"geometry":{"type":"LineString","coordinates":[[19.436537,51.751298],[19.436717,51.750925],[19.437051,51.750358],[19.438149,51.748908],[19.439984,51.746345],[19.440386,51.745651],[19.440693,51.744923],[19.442155,51.740881],[19.442342,51.740128],[19.442437,51.739076],[19.442285,51.736408]]}},{"type":"Feature","properties":{"mode":"bus","n":5,"arr":["52","65A","65B","77","93"],"lines":"52, 65A, 65B, 77, 93"},"geometry":{"type":"LineString","coordinates":[[19.442048,51.736535],[19.442208,51.738715],[19.442204,51.739361],[19.442137,51.739994],[19.441994,51.740663],[19.441894,51.740974],[19.440559,51.744635],[19.440384,51.745004]]}},{"type":"Feature","properties":{"mode":"bus","n":7,"arr":["52","57","63","69A","69B","F1","N6"],"lines":"52, 57, 63, 69A, 69B, F1, N6"},"geometry":{"type":"LineString","coordinates":[[19.453051,51.730877],[19.453338,51.730904],[19.453576,51.73089],[19.453728,51.730859],[19.453894,51.730793],[19.456201,51.729585],[19.4569,51.729149],[19.457191,51.729006],[19.457938,51.728705],[19.461092,51.727116],[19.461798,51.726835],[19.463195,51.726431]]}},{"type":"Feature","properties":{"mode":"bus","n":8,"arr":["52","56","57","63","69A","69B","F1","N6"],"lines":"52, 56, 57, 63, 69A, 69B, F1, N6"},"geometry":{"type":"LineString","coordinates":[[19.463195,51.726431],[19.463302,51.726317],[19.463535,51.726176]]}},{"type":"Feature","properties":{"mode":"bus","n":6,"arr":["52","63","69A","69B","F1","N6"],"lines":"52, 63, 69A, 69B, F1, N6"},"geometry":{"type":"LineString","coordinates":[[19.463535,51.726176],[19.463733,51.726151],[19.463911,51.72617],[19.464268,51.72627],[19.464533,51.726391]]}},{"type":"Feature","properties":{"mode":"bus","n":7,"arr":["52","56","63","69A","69B","F1","N6"],"lines":"52, 56, 63, 69A, 69B, F1, N6"},"geometry":{"type":"LineString","coordinates":[[19.464533,51.726391],[19.464633,51.726457],[19.464662,51.726485],[19.464671,51.726519],[19.464668,51.726553],[19.464678,51.726586],[19.46471,51.726612],[19.465173,51.726859],[19.470034,51.728668]]}},{"type":"Feature","properties":{"mode":"bus","n":6,"arr":["52","56","69A","69B","F1","N6"],"lines":"52, 56, 69A, 69B, F1, N6"},"geometry":{"type":"LineString","coordinates":[[19.470034,51.728668],[19.473593,51.73001],[19.474327,51.730216],[19.474897,51.73042]]}},{"type":"Feature","properties":{"mode":"bus","n":5,"arr":["52","56","70","N3A","N3B"],"lines":"52, 56, 70, N3A, N3B"},"geometry":{"type":"LineString","coordinates":[[19.474897,51.73042],[19.475101,51.730181],[19.476213,51.729362],[19.476702,51.728959]]}},{"type":"Feature","properties":{"mode":"bus","n":7,"arr":["52","56","70","75A","75B","N3A","N3B"],"lines":"52, 56, 70, 75A, 75B, N3A, N3B"},"geometry":{"type":"LineString","coordinates":[[19.480201,51.72536],[19.479901,51.725725],[19.476702,51.728959]]}},{"type":"Feature","properties":{"mode":"bus","n":12,"arr":["52","56","62","63","70","71A","71B","75A","75B","H","N3A","N3B"],"lines":"52, 56, 62, 63, 70, 71A, 71B, 75A, 75B, H, N3A, N3B"},"geometry":{"type":"LineString","coordinates":[[19.484915,51.717971],[19.48443,51.719803],[19.484315,51.720099],[19.483641,51.721211],[19.483399,51.721707],[19.482997,51.722351],[19.482841,51.722571],[19.480705,51.724736],[19.480201,51.72536]]}},{"type":"Feature","properties":{"mode":"bus","n":10,"arr":["52","56","62","70","71A","71B","75A","75B","H","N3A"],"lines":"52, 56, 62, 70, 71A, 71B, 75A, 75B, H, N3A"},"geometry":{"type":"LineString","coordinates":[[19.484964,51.717842],[19.484915,51.717971]]}},{"type":"Feature","properties":{"mode":"bus","n":13,"arr":["53A","53B","64A","64B","81A","81B","88A","88B","88C","88D","N7A","N7B","Z6"],"lines":"53A, 53B, 64A, 64B, 81A, 81B, 88A, 88B, 88C, 88D, N7A, N7B, Z6"},"geometry":{"type":"LineString","coordinates":[[19.488558,51.792079],[19.489083,51.792244],[19.48976,51.792307],[19.489937,51.792342],[19.490059,51.7924]]}},{"type":"Feature","properties":{"mode":"bus","n":13,"arr":["53A","53B","64A","64B","81A","81B","88A","88B","88C","88D","N7A","N7B","Z6"],"lines":"53A, 53B, 64A, 64B, 81A, 81B, 88A, 88B, 88C, 88D, N7A, N7B, Z6"},"geometry":{"type":"LineString","coordinates":[[19.493705,51.793389],[19.493823,51.793385],[19.49593,51.793998],[19.501604,51.795571],[19.503102,51.795897]]}},{"type":"Feature","properties":{"mode":"bus","n":14,"arr":["53A","53B","53C","64A","64B","81A","81B","88A","88B","88C","88D","N7A","N7B","Z6"],"lines":"53A, 53B, 53C, 64A, 64B, 81A, 81B, 88A, 88B, 88C, 88D, N7A, N7B, Z6"},"geometry":{"type":"LineString","coordinates":[[19.488426,51.792359],[19.488755,51.792337],[19.489895,51.792414],[19.490059,51.7924],[19.490319,51.792457],[19.493705,51.793389],[19.493775,51.793451],[19.494975,51.793902],[19.495792,51.794157],[19.501305,51.795659],[19.501937,51.795818],[19.503039,51.796043]]}},{"type":"Feature","properties":{"mode":"bus","n":10,"arr":["53A","53B","64A","64B","88A","88B","88C","88D","N7A","N7B"],"lines":"53A, 53B, 64A, 64B, 88A, 88B, 88C, 88D, N7A, N7B"},"geometry":{"type":"LineString","coordinates":[[19.503102,51.795897],[19.504326,51.796081],[19.50554,51.7962],[19.507053,51.796264],[19.507254,51.796211],[19.507529,51.796204],[19.512405,51.796376],[19.5128,51.796409],[19.513101,51.796469],[19.516335,51.796584],[19.516552,51.796615],[19.517003,51.796761]]}},{"type":"Feature","properties":{"mode":"bus","n":10,"arr":["53A","53B","64A","64B","88A","88B","88C","88D","N7A","N7B"],"lines":"53A, 53B, 64A, 64B, 88A, 88B, 88C, 88D, N7A, N7B"},"geometry":{"type":"LineString","coordinates":[[19.503039,51.796043],[19.504226,51.796225],[19.50567,51.796361],[19.51484,51.796685]]}},{"type":"Feature","properties":{"mode":"bus","n":11,"arr":["53A","53B","53C","64A","64B","88A","88B","88C","88D","N7A","N7B"],"lines":"53A, 53B, 53C, 64A, 64B, 88A, 88B, 88C, 88D, N7A, N7B"},"geometry":{"type":"LineString","coordinates":[[19.51484,51.796685],[19.519097,51.796832],[19.519616,51.796834],[19.52036,51.796806],[19.524733,51.796538]]}},{"type":"Feature","properties":{"mode":"bus","n":8,"arr":["53A","53B","53C","88A","88B","88C","88D","N7A"],"lines":"53A, 53B, 53C, 88A, 88B, 88C, 88D, N7A"},"geometry":{"type":"LineString","coordinates":[[19.524733,51.796538],[19.527896,51.796264]]}},{"type":"Feature","properties":{"mode":"bus","n":7,"arr":["53A","53B","53C","88B","88C","88D","N7A"],"lines":"53A, 53B, 53C, 88B, 88C, 88D, N7A"},"geometry":{"type":"LineString","coordinates":[[19.527896,51.796264],[19.530751,51.796119],[19.534677,51.795964]]}},{"type":"Feature","properties":{"mode":"bus","n":6,"arr":["53A","53C","91A","91B","91C","N7A"],"lines":"53A, 53C, 91A, 91B, 91C, N7A"},"geometry":{"type":"LineString","coordinates":[[19.589676,51.793854],[19.58998,51.79364]]}},{"type":"Feature","properties":{"mode":"bus","n":5,"arr":["53A","53B","53C","N7A","N7B"],"lines":"53A, 53B, 53C, N7A, N7B"},"geometry":{"type":"LineString","coordinates":[[19.48869,51.792336],[19.488807,51.792288]]}},{"type":"Feature","properties":{"mode":"bus","n":10,"arr":["54B","60A","60B","60C","60D","70","80A","80B","96","Z13"],"lines":"54B, 60A, 60B, 60C, 60D, 70, 80A, 80B, 96, Z13"},"geometry":{"type":"LineString","coordinates":[[19.484926,51.761392],[19.484769,51.761648],[19.484584,51.762466],[19.484479,51.7633],[19.484125,51.764934],[19.484044,51.766082],[19.483686,51.767585],[19.483238,51.769847]]}},{"type":"Feature","properties":{"mode":"bus","n":10,"arr":["54B","60A","60B","60C","60D","70","80A","80B","96","Z13"],"lines":"54B, 60A, 60B, 60C, 60D, 70, 80A, 80B, 96, Z13"},"geometry":{"type":"LineString","coordinates":[[19.484266,51.766523],[19.484376,51.76591],[19.484438,51.764848],[19.484871,51.762874]]}},{"type":"Feature","properties":{"mode":"bus","n":7,"arr":["54B","55A","55B","55C","70","96","N8"],"lines":"54B, 55A, 55B, 55C, 70, 96, N8"},"geometry":{"type":"LineString","coordinates":[[19.489731,51.747649],[19.48972,51.747993],[19.489414,51.749008],[19.489356,51.749343],[19.489396,51.751116],[19.489367,51.751802]]}},{"type":"Feature","properties":{"mode":"bus","n":7,"arr":["54B","55A","55B","55C","70","96","N8"],"lines":"54B, 55A, 55B, 55C, 70, 96, N8"},"geometry":{"type":"LineString","coordinates":[[19.489976,51.747673],[19.489958,51.747733],[19.489947,51.74775],[19.489926,51.747759],[19.489896,51.747759],[19.48973,51.74774]]}},{"type":"Feature","properties":{"mode":"bus","n":11,"arr":["54B","55A","55B","55C","70","92A","92B","96","N5A","N5B","N8"],"lines":"54B, 55A, 55B, 55C, 70, 92A, 92B, 96, N5A, N5B, N8"},"geometry":{"type":"LineString","coordinates":[[19.493276,51.74806],[19.489731,51.747649]]}},{"type":"Feature","properties":{"mode":"bus","n":6,"arr":["54B","75A","75B","96","N5A","N5B"],"lines":"54B, 75A, 75B, 96, N5A, N5B"},"geometry":{"type":"LineString","coordinates":[[19.508443,51.750039],[19.504109,51.749541],[19.499956,51.748858],[19.495738,51.748382],[19.494481,51.748199],[19.493276,51.74806]]}},{"type":"Feature","properties":{"mode":"bus","n":5,"arr":["54B","64A","64B","75A","75B"],"lines":"54B, 64A, 64B, 75A, 75B"},"geometry":{"type":"LineString","coordinates":[[19.508108,51.763281],[19.508034,51.763554]]}},{"type":"Feature","properties":{"mode":"bus","n":5,"arr":["54B","58A","58B","N4A","N4B"],"lines":"54B, 58A, 58B, N4A, N4B"},"geometry":{"type":"LineString","coordinates":[[19.526569,51.774417],[19.543683,51.772671],[19.543708,51.772671],[19.543727,51.772675],[19.54374,51.772686],[19.543746,51.772701],[19.543964,51.774001],[19.543961,51.774022],[19.543945,51.774038],[19.543915,51.774048],[19.543799,51.774071]]}},{"type":"Feature","properties":{"mode":"bus","n":5,"arr":["54B","58A","58B","N4A","N4B"],"lines":"54B, 58A, 58B, N4A, N4B"},"geometry":{"type":"LineString","coordinates":[[19.543817,51.774246],[19.543747,51.774299],[19.543714,51.774316],[19.543673,51.774323],[19.543589,51.774327],[19.543256,51.774176]]}},{"type":"Feature","properties":{"mode":"bus","n":5,"arr":["54B","58A","58B","N4A","N4B"],"lines":"54B, 58A, 58B, N4A, N4B"},"geometry":{"type":"LineString","coordinates":[[19.542857,51.774127],[19.538665,51.774433],[19.538365,51.774475],[19.538068,51.77457],[19.537387,51.774971],[19.537229,51.775035],[19.53702,51.77509],[19.535784,51.775253]]}},{"type":"Feature","properties":{"mode":"bus","n":5,"arr":["54B","80A","80B","N1A","N1B"],"lines":"54B, 80A, 80B, N1A, N1B"},"geometry":{"type":"LineString","coordinates":[[19.50807,51.763422],[19.507866,51.763406]]}},{"type":"Feature","properties":{"mode":"bus","n":6,"arr":["54B","70","80A","80B","96","Z13"],"lines":"54B, 70, 80A, 80B, 96, Z13"},"geometry":{"type":"LineString","coordinates":[[19.484871,51.762874],[19.484766,51.762655],[19.484999,51.76163]]}},{"type":"Feature","properties":{"mode":"bus","n":6,"arr":["55A","55B","55C","69A","69B","76"],"lines":"55A, 55B, 55C, 69A, 69B, 76"},"geometry":{"type":"LineString","coordinates":[[19.383356,51.747389],[19.383393,51.747354]]}},{"type":"Feature","properties":{"mode":"bus","n":6,"arr":["55A","55B","55C","69A","69B","76"],"lines":"55A, 55B, 55C, 69A, 69B, 76"},"geometry":{"type":"LineString","coordinates":[[19.384124,51.747953],[19.384389,51.747776]]}},{"type":"Feature","properties":{"mode":"bus","n":10,"arr":["55A","55B","55C","69A","69B","76","80A","80B","99","N2"],"lines":"55A, 55B, 55C, 69A, 69B, 76, 80A, 80B, 99, N2"},"geometry":{"type":"LineString","coordinates":[[19.383393,51.747354],[19.384389,51.747776]]}},{"type":"Feature","properties":{"mode":"bus","n":7,"arr":["55A","55B","55C","80A","80B","99","N2"],"lines":"55A, 55B, 55C, 80A, 80B, 99, N2"},"geometry":{"type":"LineString","coordinates":[[19.384389,51.747776],[19.385531,51.748253],[19.386011,51.748416],[19.393509,51.750527],[19.393822,51.750633],[19.394228,51.750661]]}},{"type":"Feature","properties":{"mode":"bus","n":5,"arr":["55A","55B","55C","80A","80B"],"lines":"55A, 55B, 55C, 80A, 80B"},"geometry":{"type":"LineString","coordinates":[[19.394228,51.750661],[19.394437,51.750771],[19.399906,51.752229],[19.401431,51.752658],[19.401792,51.75274],[19.402418,51.752794],[19.403264,51.75274],[19.408176,51.752289],[19.408372,51.752229],[19.408544,51.752128],[19.409291,51.751408],[19.40949,51.751291],[19.409788,51.751179]]}},{"type":"Feature","properties":{"mode":"bus","n":5,"arr":["55A","55B","55C","76","99"],"lines":"55A, 55B, 55C, 76, 99"},"geometry":{"type":"LineString","coordinates":[[19.40732,51.749008],[19.407629,51.749231],[19.408857,51.750242],[19.409415,51.750769],[19.409788,51.751179]]}},{"type":"Feature","properties":{"mode":"bus","n":5,"arr":["55A","55B","55C","76","99"],"lines":"55A, 55B, 55C, 76, 99"},"geometry":{"type":"LineString","coordinates":[[19.406493,51.748165],[19.406834,51.748542],[19.407288,51.748978],[19.407297,51.748986],[19.407301,51.748992],[19.407302,51.748994],[19.407298,51.748994],[19.40729,51.74899],[19.407278,51.748983],[19.407015,51.748831],[19.406644,51.748552],[19.4062,51.74807]]}},{"type":"Feature","properties":{"mode":"bus","n":9,"arr":["55A","55B","55C","69A","69B","86","G1","N7A","N7B"],"lines":"55A, 55B, 55C, 69A, 69B, 86, G1, N7A, N7B"},"geometry":{"type":"LineString","coordinates":[[19.405202,51.741202],[19.405351,51.741233],[19.405583,51.741333],[19.406518,51.741494],[19.407469,51.741589],[19.407931,51.741606],[19.409045,51.741726],[19.410254,51.741918],[19.411049,51.742115],[19.413121,51.742741],[19.413743,51.742905]]}},{"type":"Feature","properties":{"mode":"bus","n":8,"arr":["55A","55B","55C","69A","69B","86","N7A","N7B"],"lines":"55A, 55B, 55C, 69A, 69B, 86, N7A, N7B"},"geometry":{"type":"LineString","coordinates":[[19.407931,51.741606],[19.40771,51.741559],[19.406332,51.741395],[19.405626,51.741261],[19.405351,51.741233]]}},{"type":"Feature","properties":{"mode":"bus","n":8,"arr":["55A","55B","55C","69A","69B","86","N7A","N7B"],"lines":"55A, 55B, 55C, 69A, 69B, 86, N7A, N7B"},"geometry":{"type":"LineString","coordinates":[[19.413743,51.742905],[19.413819,51.742981],[19.41422,51.743174],[19.415138,51.7437],[19.415426,51.743828],[19.415752,51.743951],[19.416837,51.744263],[19.417243,51.744422],[19.417637,51.74462],[19.418564,51.745162],[19.419235,51.74562],[19.419313,51.745783],[19.419264,51.746068]]}},{"type":"Feature","properties":{"mode":"bus","n":5,"arr":["55A","55B","55C","69A","69B"],"lines":"55A, 55B, 55C, 69A, 69B"},"geometry":{"type":"LineString","coordinates":[[19.419767,51.745481],[19.419557,51.745476],[19.419068,51.74534],[19.418564,51.745162]]}},{"type":"Feature","properties":{"mode":"bus","n":6,"arr":["55A","55B","55C","69A","69B","N2"],"lines":"55A, 55B, 55C, 69A, 69B, N2"},"geometry":{"type":"LineString","coordinates":[[19.420077,51.745757],[19.420003,51.745618],[19.419767,51.745481]]}},{"type":"Feature","properties":{"mode":"bus","n":12,"arr":["55A","55B","55C","65A","65B","67","69A","69B","86","N2","N7A","N7B"],"lines":"55A, 55B, 55C, 65A, 65B, 67, 69A, 69B, 86, N2, N7A, N7B"},"geometry":{"type":"LineString","coordinates":[[19.419914,51.746055],[19.420077,51.745757]]}},{"type":"Feature","properties":{"mode":"bus","n":14,"arr":["55A","55B","55C","65A","65B","67","69A","69B","86","97A","97B","N2","N7A","N7B"],"lines":"55A, 55B, 55C, 65A, 65B, 67, 69A, 69B, 86, 97A, 97B, N2, N7A, N7B"},"geometry":{"type":"LineString","coordinates":[[19.418953,51.748195],[19.419661,51.746489],[19.419914,51.746055]]}},{"type":"Feature","properties":{"mode":"bus","n":14,"arr":["55A","55B","55C","65A","65B","67","69A","69B","86","97A","97B","N2","N7A","N7B"],"lines":"55A, 55B, 55C, 65A, 65B, 67, 69A, 69B, 86, 97A, 97B, N2, N7A, N7B"},"geometry":{"type":"LineString","coordinates":[[19.419264,51.746068],[19.419089,51.746397],[19.418833,51.747016]]}},{"type":"Feature","properties":{"mode":"bus","n":11,"arr":["55A","55B","55C","65A","65B","69A","69B","97A","97B","N7A","N7B"],"lines":"55A, 55B, 55C, 65A, 65B, 69A, 69B, 97A, 97B, N7A, N7B"},"geometry":{"type":"LineString","coordinates":[[19.418316,51.748274],[19.418664,51.748302],[19.4188,51.748269],[19.418953,51.748195]]}},{"type":"Feature","properties":{"mode":"bus","n":13,"arr":["55A","55B","55C","65A","65B","67","69A","69B","86","97A","97B","N7A","N7B"],"lines":"55A, 55B, 55C, 65A, 65B, 67, 69A, 69B, 86, 97A, 97B, N7A, N7B"},"geometry":{"type":"LineString","coordinates":[[19.418833,51.747016],[19.418316,51.748274]]}},{"type":"Feature","properties":{"mode":"bus","n":11,"arr":["55A","55B","55C","65A","65B","67","69A","69B","97A","97B","N2"],"lines":"55A, 55B, 55C, 65A, 65B, 67, 69A, 69B, 97A, 97B, N2"},"geometry":{"type":"LineString","coordinates":[[19.419767,51.745481],[19.419264,51.746068]]}},{"type":"Feature","properties":{"mode":"bus","n":10,"arr":["55A","55B","55C","65A","65B","67","69A","69B","97A","97B"],"lines":"55A, 55B, 55C, 65A, 65B, 67, 69A, 69B, 97A, 97B"},"geometry":{"type":"LineString","coordinates":[[19.419767,51.745481],[19.420065,51.745197],[19.42037,51.744847]]}},{"type":"Feature","properties":{"mode":"bus","n":12,"arr":["55A","55B","55C","65A","65B","67","69A","69B","97A","97B","N7A","N7B"],"lines":"55A, 55B, 55C, 65A, 65B, 67, 69A, 69B, 97A, 97B, N7A, N7B"},"geometry":{"type":"LineString","coordinates":[[19.42037,51.744847],[19.420993,51.744032],[19.421181,51.743656],[19.421304,51.743295],[19.42142,51.742519]]}},{"type":"Feature","properties":{"mode":"bus","n":12,"arr":["55A","55B","55C","65A","65B","67","69A","69B","97A","97B","N7A","N7B"],"lines":"55A, 55B, 55C, 65A, 65B, 67, 69A, 69B, 97A, 97B, N7A, N7B"},"geometry":{"type":"LineString","coordinates":[[19.422075,51.742953],[19.422283,51.742672],[19.422306,51.742582],[19.422282,51.742465]]}},{"type":"Feature","properties":{"mode":"bus","n":12,"arr":["55A","55B","55C","65A","65B","67","69A","69B","97A","97B","N7A","N7B"],"lines":"55A, 55B, 55C, 65A, 65B, 67, 69A, 69B, 97A, 97B, N7A, N7B"},"geometry":{"type":"LineString","coordinates":[[19.420504,51.745026],[19.421592,51.743597]]}},{"type":"Feature","properties":{"mode":"bus","n":7,"arr":["55A","55B","55C","65A","65B","N7A","N7B"],"lines":"55A, 55B, 55C, 65A, 65B, N7A, N7B"},"geometry":{"type":"LineString","coordinates":[[19.433843,51.736785],[19.433298,51.736846],[19.426941,51.737257],[19.426486,51.737338],[19.425236,51.737729]]}},{"type":"Feature","properties":{"mode":"bus","n":8,"arr":["55A","55B","55C","69A","69B","F1","N7A","N7B"],"lines":"55A, 55B, 55C, 69A, 69B, F1, N7A, N7B"},"geometry":{"type":"LineString","coordinates":[[19.449513,51.736401],[19.449391,51.736372],[19.448201,51.736349],[19.445584,51.736354],[19.444085,51.736427],[19.442285,51.736408]]}},{"type":"Feature","properties":{"mode":"bus","n":9,"arr":["55A","55B","55C","69A","69B","F1","H","N7A","N7B"],"lines":"55A, 55B, 55C, 69A, 69B, F1, H, N7A, N7B"},"geometry":{"type":"LineString","coordinates":[[19.452965,51.7364],[19.449513,51.736401],[19.449366,51.736447],[19.448401,51.736509],[19.445945,51.736516],[19.44296,51.736555],[19.442048,51.736535]]}},{"type":"Feature","properties":{"mode":"bus","n":5,"arr":["55A","55B","55C","N7A","N7B"],"lines":"55A, 55B, 55C, N7A, N7B"},"geometry":{"type":"LineString","coordinates":[[19.451422,51.744472],[19.451507,51.744146],[19.451675,51.742992],[19.452155,51.740828],[19.452538,51.739688],[19.452648,51.738739],[19.452777,51.738127],[19.452819,51.73717],[19.452965,51.7364]]}},{"type":"Feature","properties":{"mode":"bus","n":5,"arr":["55A","55B","55C","N7A","N7B"],"lines":"55A, 55B, 55C, N7A, N7B"},"geometry":{"type":"LineString","coordinates":[[19.449658,51.75087],[19.44993,51.749642],[19.449993,51.749217],[19.450185,51.748514],[19.45087,51.745446],[19.450934,51.745094],[19.450988,51.74444],[19.451325,51.743481],[19.451961,51.74062],[19.452114,51.739658],[19.452384,51.738834],[19.452504,51.738347],[19.452562,51.737941],[19.452579,51.73738],[19.452513,51.736396]]}},{"type":"Feature","properties":{"mode":"bus","n":9,"arr":["55A","55B","55C","72A","72B","N4A","N4B","N7A","N7B"],"lines":"55A, 55B, 55C, 72A, 72B, N4A, N4B, N7A, N7B"},"geometry":{"type":"LineString","coordinates":[[19.449764,51.751905],[19.449859,51.751469],[19.449965,51.750619],[19.450415,51.74882],[19.450464,51.748362],[19.450721,51.747189],[19.451216,51.745001],[19.451422,51.744472]]}},{"type":"Feature","properties":{"mode":"bus","n":6,"arr":["55A","55B","55C","77","N7A","N7B"],"lines":"55A, 55B, 55C, 77, N7A, N7B"},"geometry":{"type":"LineString","coordinates":[[19.455554,51.752382],[19.449374,51.751864],[19.449349,51.751859],[19.449333,51.751851],[19.449325,51.751839],[19.449326,51.751823],[19.449405,51.751529],[19.449658,51.75087]]}},{"type":"Feature","properties":{"mode":"bus","n":9,"arr":["55A","55B","55C","57","77","N5A","N5B","N7A","N7B"],"lines":"55A, 55B, 55C, 57, 77, N5A, N5B, N7A, N7B"},"geometry":{"type":"LineString","coordinates":[[19.45736,51.752547],[19.455554,51.752382]]}},{"type":"Feature","properties":{"mode":"bus","n":5,"arr":["55A","55B","55C","57","77"],"lines":"55A, 55B, 55C, 57, 77"},"geometry":{"type":"LineString","coordinates":[[19.459889,51.752756],[19.45736,51.752547]]}},{"type":"Feature","properties":{"mode":"bus","n":6,"arr":["55A","55B","55C","57","77","101"],"lines":"55A, 55B, 55C, 57, 77, 101"},"geometry":{"type":"LineString","coordinates":[[19.464369,51.753146],[19.459889,51.752756]]}},{"type":"Feature","properties":{"mode":"bus","n":5,"arr":["55A","55B","55C","N3A","N3B"],"lines":"55A, 55B, 55C, N3A, N3B"},"geometry":{"type":"LineString","coordinates":[[19.464077,51.749337],[19.463768,51.750953],[19.46379,51.75124],[19.463842,51.7514],[19.46396,51.751497],[19.464663,51.751676],[19.464692,51.751688],[19.464707,51.751704],[19.464708,51.751726],[19.464369,51.753146]]}},{"type":"Feature","properties":{"mode":"bus","n":6,"arr":["55A","55B","55C","101","N3A","N3B"],"lines":"55A, 55B, 55C, 101, N3A, N3B"},"geometry":{"type":"LineString","coordinates":[[19.473065,51.751592],[19.464077,51.749337]]}},{"type":"Feature","properties":{"mode":"bus","n":9,"arr":["55A","55B","55C","70","75A","75B","92A","92B","N8"],"lines":"55A, 55B, 55C, 70, 75A, 75B, 92A, 92B, N8"},"geometry":{"type":"LineString","coordinates":[[19.493276,51.74806],[19.494877,51.74283],[19.495191,51.741699],[19.495293,51.74111]]}},{"type":"Feature","properties":{"mode":"bus","n":11,"arr":["55A","55B","55C","70","71A","71B","75A","75B","92A","92B","N8"],"lines":"55A, 55B, 55C, 70, 71A, 71B, 75A, 75B, 92A, 92B, N8"},"geometry":{"type":"LineString","coordinates":[[19.495293,51.74111],[19.495387,51.740261],[19.495354,51.739653],[19.494795,51.737857],[19.49465,51.737123]]}},{"type":"Feature","properties":{"mode":"bus","n":13,"arr":["55A","55B","55C","70","71A","71B","75A","75B","92A","92B","F1","N6","N8"],"lines":"55A, 55B, 55C, 70, 71A, 71B, 75A, 75B, 92A, 92B, F1, N6, N8"},"geometry":{"type":"LineString","coordinates":[[19.49465,51.737123],[19.494613,51.736935]]}},{"type":"Feature","properties":{"mode":"bus","n":11,"arr":["55A","55B","55C","70","71A","71B","75A","75B","F1","N6","N8"],"lines":"55A, 55B, 55C, 70, 71A, 71B, 75A, 75B, F1, N6, N8"},"geometry":{"type":"LineString","coordinates":[[19.494613,51.736935],[19.493995,51.733966],[19.493808,51.733171],[19.493739,51.733]]}},{"type":"Feature","properties":{"mode":"bus","n":10,"arr":["55A","55B","55C","69A","69B","72A","72B","75A","75B","N8"],"lines":"55A, 55B, 55C, 69A, 69B, 72A, 72B, 75A, 75B, N8"},"geometry":{"type":"LineString","coordinates":[[19.493739,51.733],[19.494268,51.732675],[19.494375,51.732578],[19.49458,51.732516],[19.496533,51.732294],[19.496888,51.732293]]}},{"type":"Feature","properties":{"mode":"bus","n":8,"arr":["55A","55B","55C","69A","69B","72A","72B","N8"],"lines":"55A, 55B, 55C, 69A, 69B, 72A, 72B, N8"},"geometry":{"type":"LineString","coordinates":[[19.496888,51.732293],[19.501242,51.732301],[19.502127,51.73232],[19.503208,51.732417]]}},{"type":"Feature","properties":{"mode":"bus","n":8,"arr":["55A","55B","55C","69A","69B","72A","72B","N8"],"lines":"55A, 55B, 55C, 69A, 69B, 72A, 72B, N8"},"geometry":{"type":"LineString","coordinates":[[19.504559,51.732292],[19.503265,51.732412],[19.503247,51.732414],[19.503237,51.732418],[19.503236,51.732422],[19.503243,51.732428],[19.503259,51.732434],[19.504418,51.732823],[19.504659,51.732848]]}},{"type":"Feature","properties":{"mode":"bus","n":10,"arr":["55A","55B","55C","69A","69B","71A","71B","72A","72B","N8"],"lines":"55A, 55B, 55C, 69A, 69B, 71A, 71B, 72A, 72B, N8"},"geometry":{"type":"LineString","coordinates":[[19.505243,51.736205],[19.504559,51.732292]]}},{"type":"Feature","properties":{"mode":"bus","n":15,"arr":["55A","55B","55C","69A","69B","71A","71B","72A","72B","92A","92B","F1","N6","N8","W"],"lines":"55A, 55B, 55C, 69A, 69B, 71A, 71B, 72A, 72B, 92A, 92B, F1, N6, N8, W"},"geometry":{"type":"LineString","coordinates":[[19.505203,51.735985],[19.506278,51.735893]]}},{"type":"Feature","properties":{"mode":"bus","n":15,"arr":["55A","55B","55C","69A","69B","71A","71B","72A","72B","92A","92B","F1","N6","N8","W"],"lines":"55A, 55B, 55C, 69A, 69B, 71A, 71B, 72A, 72B, 92A, 92B, F1, N6, N8, W"},"geometry":{"type":"LineString","coordinates":[[19.506021,51.736193],[19.505243,51.736205]]}},{"type":"Feature","properties":{"mode":"bus","n":8,"arr":["55A","55B","55C","92A","92B","F1","N6","N8"],"lines":"55A, 55B, 55C, 92A, 92B, F1, N6, N8"},"geometry":{"type":"LineString","coordinates":[[19.495218,51.736883],[19.499336,51.736516]]}},{"type":"Feature","properties":{"mode":"bus","n":6,"arr":["55A","55B","55C","92A","92B","N8"],"lines":"55A, 55B, 55C, 92A, 92B, N8"},"geometry":{"type":"LineString","coordinates":[[19.494613,51.736935],[19.495218,51.736883]]}},{"type":"Feature","properties":{"mode":"bus","n":6,"arr":["55A","55B","55C","65A","65B","67"],"lines":"55A, 55B, 55C, 65A, 65B, 67"},"geometry":{"type":"LineString","coordinates":[[19.422075,51.742953],[19.421592,51.743597]]}},{"type":"Feature","properties":{"mode":"bus","n":10,"arr":["55A","55B","55C","65A","65B","67","69A","69B","N7A","N7B"],"lines":"55A, 55B, 55C, 65A, 65B, 67, 69A, 69B, N7A, N7B"},"geometry":{"type":"LineString","coordinates":[[19.420315,51.745371],[19.420504,51.745026]]}},{"type":"Feature","properties":{"mode":"bus","n":11,"arr":["55A","55B","55C","65A","65B","67","69A","69B","86","N7A","N7B"],"lines":"55A, 55B, 55C, 65A, 65B, 67, 69A, 69B, 86, N7A, N7B"},"geometry":{"type":"LineString","coordinates":[[19.420077,51.745757],[19.420315,51.745371]]}},{"type":"Feature","properties":{"mode":"bus","n":12,"arr":["55B","55C","69A","69B","71A","71B","72A","72B","92A","92B","N8","W"],"lines":"55B, 55C, 69A, 69B, 71A, 71B, 72A, 72B, 92A, 92B, N8, W"},"geometry":{"type":"LineString","coordinates":[[19.506278,51.735893],[19.507389,51.735801],[19.508497,51.735751],[19.511512,51.735744],[19.512362,51.735721],[19.515232,51.735513]]}},{"type":"Feature","properties":{"mode":"bus","n":9,"arr":["55B","69B","71A","71B","72A","72B","92A","92B","N8"],"lines":"55B, 69B, 71A, 71B, 72A, 72B, 92A, 92B, N8"},"geometry":{"type":"LineString","coordinates":[[19.515232,51.735513],[19.520046,51.735148],[19.521448,51.735006],[19.524509,51.734813]]}},{"type":"Feature","properties":{"mode":"bus","n":11,"arr":["55B","55C","69B","71A","71B","72A","72B","92A","92B","F1","N8"],"lines":"55B, 55C, 69B, 71A, 71B, 72A, 72B, 92A, 92B, F1, N8"},"geometry":{"type":"LineString","coordinates":[[19.524069,51.73508],[19.515275,51.735732]]}},{"type":"Feature","properties":{"mode":"bus","n":13,"arr":["55B","55C","69A","69B","71A","71B","72A","72B","92A","92B","F1","N8","W"],"lines":"55B, 55C, 69A, 69B, 71A, 71B, 72A, 72B, 92A, 92B, F1, N8, W"},"geometry":{"type":"LineString","coordinates":[[19.515275,51.735732],[19.509266,51.736178],[19.506021,51.736193]]}},{"type":"Feature","properties":{"mode":"bus","n":10,"arr":["55C","71A","71B","72A","72B","92A","92B","F1","N8","W"],"lines":"55C, 71A, 71B, 72A, 72B, 92A, 92B, F1, N8, W"},"geometry":{"type":"LineString","coordinates":[[19.524477,51.735067],[19.524069,51.73508]]}},{"type":"Feature","properties":{"mode":"bus","n":9,"arr":["56","62","70","71A","71B","75A","75B","H","N3A"],"lines":"56, 62, 70, 71A, 71B, 75A, 75B, H, N3A"},"geometry":{"type":"LineString","coordinates":[[19.486679,51.713598],[19.48554,51.715872],[19.484964,51.717842]]}},{"type":"Feature","properties":{"mode":"bus","n":7,"arr":["56","62","70","71A","71B","H","N3A"],"lines":"56, 62, 70, 71A, 71B, H, N3A"},"geometry":{"type":"LineString","coordinates":[[19.48765,51.709424],[19.487846,51.709947],[19.487905,51.71025],[19.487915,51.710684],[19.48786,51.711056],[19.487737,51.711406],[19.487258,51.712351],[19.486679,51.713598]]}},{"type":"Feature","properties":{"mode":"bus","n":7,"arr":["56","62","70","71A","71B","H","N3A"],"lines":"56, 62, 70, 71A, 71B, H, N3A"},"geometry":{"type":"LineString","coordinates":[[19.487388,51.709297],[19.487591,51.709299]]}},{"type":"Feature","properties":{"mode":"bus","n":5,"arr":["56","71A","71B","93","H"],"lines":"56, 71A, 71B, 93, H"},"geometry":{"type":"LineString","coordinates":[[19.485716,51.707259],[19.487234,51.708857]]}},{"type":"Feature","properties":{"mode":"bus","n":7,"arr":["56","62","70","71A","71B","93","N3A"],"lines":"56, 62, 70, 71A, 71B, 93, N3A"},"geometry":{"type":"LineString","coordinates":[[19.488079,51.709302],[19.488138,51.709416]]}},{"type":"Feature","properties":{"mode":"bus","n":6,"arr":["56","62","70","71A","71B","N3A"],"lines":"56, 62, 70, 71A, 71B, N3A"},"geometry":{"type":"LineString","coordinates":[[19.488138,51.709416],[19.488308,51.709867],[19.488367,51.710184],[19.488378,51.710463],[19.488325,51.710802],[19.488207,51.711133],[19.486946,51.713599]]}},{"type":"Feature","properties":{"mode":"bus","n":8,"arr":["56","62","70","71A","71B","75A","75B","N3A"],"lines":"56, 62, 70, 71A, 71B, 75A, 75B, N3A"},"geometry":{"type":"LineString","coordinates":[[19.486946,51.713599],[19.485836,51.71578],[19.485238,51.71784]]}},{"type":"Feature","properties":{"mode":"bus","n":5,"arr":["56","62","70","71A","71B"],"lines":"56, 62, 70, 71A, 71B"},"geometry":{"type":"LineString","coordinates":[[19.485238,51.71784],[19.485198,51.717962]]}},{"type":"Feature","properties":{"mode":"bus","n":6,"arr":["57","63","72A","72B","N3A","N3B"],"lines":"57, 63, 72A, 72B, N3A, N3B"},"geometry":{"type":"LineString","coordinates":[[19.459112,51.736378],[19.459241,51.736236]]}},{"type":"Feature","properties":{"mode":"bus","n":5,"arr":["57","N4A","N4B","N5A","N5B"],"lines":"57, N4A, N4B, N5A, N5B"},"geometry":{"type":"LineString","coordinates":[[19.458132,51.74072],[19.458144,51.740663]]}},{"type":"Feature","properties":{"mode":"bus","n":5,"arr":["57","N4A","N4B","N5A","N5B"],"lines":"57, N4A, N4B, N5A, N5B"},"geometry":{"type":"LineString","coordinates":[[19.457246,51.744783],[19.45626,51.749185]]}},{"type":"Feature","properties":{"mode":"bus","n":7,"arr":["57","72A","72B","N4A","N4B","N5A","N5B"],"lines":"57, 72A, 72B, N4A, N4B, N5A, N5B"},"geometry":{"type":"LineString","coordinates":[[19.458132,51.74072],[19.457246,51.744783]]}},{"type":"Feature","properties":{"mode":"bus","n":7,"arr":["57","72A","72B","N4A","N4B","N5A","N5B"],"lines":"57, 72A, 72B, N4A, N4B, N5A, N5B"},"geometry":{"type":"LineString","coordinates":[[19.45626,51.749185],[19.455554,51.752382]]}},{"type":"Feature","properties":{"mode":"bus","n":5,"arr":["57","77","101","N3A","N3B"],"lines":"57, 77, 101, N3A, N3B"},"geometry":{"type":"LineString","coordinates":[[19.464369,51.753146],[19.463681,51.756324]]}},{"type":"Feature","properties":{"mode":"bus","n":5,"arr":["57","67","101","N3A","N3B"],"lines":"57, 67, 101, N3A, N3B"},"geometry":{"type":"LineString","coordinates":[[19.461548,51.765903],[19.461683,51.765439],[19.462847,51.760109],[19.462888,51.75956]]}},{"type":"Feature","properties":{"mode":"bus","n":5,"arr":["57","67","77","101","N8"],"lines":"57, 67, 77, 101, N8"},"geometry":{"type":"LineString","coordinates":[[19.464243,51.769376],[19.46445,51.768975]]}},{"type":"Feature","properties":{"mode":"bus","n":12,"arr":["57","58A","58B","61","88A","88B","88C","88D","101","N7A","N7B","Z13"],"lines":"57, 58A, 58B, 61, 88A, 88B, 88C, 88D, 101, N7A, N7B, Z13"},"geometry":{"type":"LineString","coordinates":[[19.466684,51.771538],[19.467138,51.770322],[19.467192,51.770242]]}},{"type":"Feature","properties":{"mode":"bus","n":7,"arr":["57","85A","85B","96","N4A","N4B","Z13"],"lines":"57, 85A, 85B, 96, N4A, N4B, Z13"},"geometry":{"type":"LineString","coordinates":[[19.469085,51.775928],[19.469294,51.774861],[19.469306,51.774562],[19.469253,51.774281],[19.469068,51.773859]]}},{"type":"Feature","properties":{"mode":"bus","n":5,"arr":["57","85A","85B","N4A","N4B"],"lines":"57, 85A, 85B, N4A, N4B"},"geometry":{"type":"LineString","coordinates":[[19.468716,51.778003],[19.469038,51.776427],[19.469085,51.775928]]}},{"type":"Feature","properties":{"mode":"bus","n":7,"arr":["57","85A","85B","87A","87B","N4A","N4B"],"lines":"57, 85A, 85B, 87A, 87B, N4A, N4B"},"geometry":{"type":"LineString","coordinates":[[19.476929,51.780873],[19.468308,51.780105],[19.468277,51.780098],[19.468261,51.780085],[19.468259,51.780064],[19.468716,51.778003]]}},{"type":"Feature","properties":{"mode":"bus","n":7,"arr":["57","64A","64B","70","81A","81B","Z6"],"lines":"57, 64A, 64B, 70, 81A, 81B, Z6"},"geometry":{"type":"LineString","coordinates":[[19.47906,51.789174],[19.47911,51.789036]]}},{"type":"Feature","properties":{"mode":"bus","n":6,"arr":["57","64A","64B","70","81A","81B"],"lines":"57, 64A, 64B, 70, 81A, 81B"},"geometry":{"type":"LineString","coordinates":[[19.478646,51.790509],[19.47906,51.789174]]}},{"type":"Feature","properties":{"mode":"bus","n":5,"arr":["57","70","81A","81B","N6"],"lines":"57, 70, 81A, 81B, N6"},"geometry":{"type":"LineString","coordinates":[[19.478267,51.791789],[19.478646,51.790509]]}},{"type":"Feature","properties":{"mode":"bus","n":5,"arr":["57","70","81A","81B","N6"],"lines":"57, 70, 81A, 81B, N6"},"geometry":{"type":"LineString","coordinates":[[19.46585,51.800557],[19.47692,51.800074],[19.476952,51.800068],[19.47697,51.800055],[19.476975,51.800035],[19.47688,51.798941],[19.476911,51.798577],[19.476562,51.795751],[19.476571,51.795528],[19.476725,51.79517],[19.47732,51.794465],[19.477449,51.794252],[19.47818,51.791885],[19.478239,51.79182],[19.478249,51.791811],[19.478258,51.791806],[19.478264,51.791807],[19.478269,51.791813],[19.478272,51.791825],[19.478281,51.791893],[19.478168,51.792396],[19.477599,51.794279],[19.477469,51.794501],[19.476861,51.795217],[19.476728,51.795564],[19.47674,51.795927],[19.477185,51.799328],[19.477174,51.800192],[19.477168,51.800212],[19.477148,51.800225],[19.477116,51.80023],[19.465865,51.800711]]}},{"type":"Feature","properties":{"mode":"bus","n":5,"arr":["57","64A","64B","85B","N6"],"lines":"57, 64A, 64B, 85B, N6"},"geometry":{"type":"LineString","coordinates":[[19.46767,51.786044],[19.467675,51.786129]]}},{"type":"Feature","properties":{"mode":"bus","n":14,"arr":["57","58A","58B","61","85A","85B","88A","88B","88C","88D","96","N7A","N7B","Z13"],"lines":"57, 58A, 58B, 61, 85A, 85B, 88A, 88B, 88C, 88D, 96, N7A, N7B, Z13"},"geometry":{"type":"LineString","coordinates":[[19.47106,51.771993],[19.469548,51.771861]]}},{"type":"Feature","properties":{"mode":"bus","n":6,"arr":["57","67","86","N7A","N7B","N8"],"lines":"57, 67, 86, N7A, N7B, N8"},"geometry":{"type":"LineString","coordinates":[[19.464215,51.769689],[19.464924,51.769819],[19.465278,51.769809],[19.46555,51.769767]]}},{"type":"Feature","properties":{"mode":"bus","n":7,"arr":["57","67","85B","86","N7A","N7B","N8"],"lines":"57, 67, 85B, 86, N7A, N7B, N8"},"geometry":{"type":"LineString","coordinates":[[19.464067,51.76966],[19.464215,51.769689]]}},{"type":"Feature","properties":{"mode":"bus","n":7,"arr":["58A","58B","88A","88B","88C","88D","101"],"lines":"58A, 58B, 88A, 88B, 88C, 88D, 101"},"geometry":{"type":"LineString","coordinates":[[19.472745,51.770039],[19.471557,51.770096]]}},{"type":"Feature","properties":{"mode":"bus","n":6,"arr":["58A","58B","88A","88B","88C","88D"],"lines":"58A, 58B, 88A, 88B, 88C, 88D"},"geometry":{"type":"LineString","coordinates":[[19.472635,51.770806],[19.472705,51.770729],[19.472774,51.770543],[19.472982,51.77021],[19.472989,51.770188],[19.472981,51.770169],[19.472959,51.770153],[19.472745,51.770039]]}},{"type":"Feature","properties":{"mode":"bus","n":6,"arr":["58A","58B","88A","88B","88C","88D"],"lines":"58A, 58B, 88A, 88B, 88C, 88D"},"geometry":{"type":"LineString","coordinates":[[19.472993,51.772058],[19.472817,51.771857],[19.472671,51.771525],[19.472603,51.771442]]}},{"type":"Feature","properties":{"mode":"bus","n":7,"arr":["58A","58B","61","88A","88B","88C","88D"],"lines":"58A, 58B, 61, 88A, 88B, 88C, 88D"},"geometry":{"type":"LineString","coordinates":[[19.473108,51.772157],[19.472993,51.772058]]}},{"type":"Feature","properties":{"mode":"bus","n":6,"arr":["58A","58B","96","N7A","N7B","Z13"],"lines":"58A, 58B, 96, N7A, N7B, Z13"},"geometry":{"type":"LineString","coordinates":[[19.474929,51.77232],[19.473108,51.772157]]}},{"type":"Feature","properties":{"mode":"bus","n":6,"arr":["58A","58B","96","N7A","N7B","Z13"],"lines":"58A, 58B, 96, N7A, N7B, Z13"},"geometry":{"type":"LineString","coordinates":[[19.481321,51.772883],[19.478353,51.77262],[19.47802,51.772566],[19.476601,51.77244]]}},{"type":"Feature","properties":{"mode":"bus","n":6,"arr":["58A","58B","96","N7A","N7B","Z13"],"lines":"58A, 58B, 96, N7A, N7B, Z13"},"geometry":{"type":"LineString","coordinates":[[19.475448,51.77441],[19.482106,51.774968],[19.482183,51.774969],[19.482259,51.774941],[19.48248,51.774797]]}},{"type":"Feature","properties":{"mode":"bus","n":10,"arr":["58A","58B","72B","90","91A","91B","91C","201","202","N5B"],"lines":"58A, 58B, 72B, 90, 91A, 91B, 91C, 201, 202, N5B"},"geometry":{"type":"LineString","coordinates":[[19.57945,51.753138],[19.575145,51.753921]]}},{"type":"Feature","properties":{"mode":"bus","n":10,"arr":["58A","58B","72B","90","91A","91B","91C","201","202","N5B"],"lines":"58A, 58B, 72B, 90, 91A, 91B, 91C, 201, 202, N5B"},"geometry":{"type":"LineString","coordinates":[[19.57501,51.7537],[19.58216,51.752393]]}},{"type":"Feature","properties":{"mode":"bus","n":10,"arr":["58A","58B","72B","90","91A","91B","91C","201","202","N5B"],"lines":"58A, 58B, 72B, 90, 91A, 91B, 91C, 201, 202, N5B"},"geometry":{"type":"LineString","coordinates":[[19.582269,51.752622],[19.579784,51.753077]]}},{"type":"Feature","properties":{"mode":"bus","n":11,"arr":["58A","58B","72B","90","91A","91B","91C","201","202","N5A","N5B"],"lines":"58A, 58B, 72B, 90, 91A, 91B, 91C, 201, 202, N5A, N5B"},"geometry":{"type":"LineString","coordinates":[[19.575145,51.753921],[19.574997,51.753947]]}},{"type":"Feature","properties":{"mode":"bus","n":8,"arr":["58A","58B","72B","90","91A","91B","91C","N5B"],"lines":"58A, 58B, 72B, 90, 91A, 91B, 91C, N5B"},"geometry":{"type":"LineString","coordinates":[[19.574997,51.753947],[19.57487,51.753724]]}},{"type":"Feature","properties":{"mode":"bus","n":9,"arr":["58A","58B","72B","90","91A","91B","91C","N5A","N5B"],"lines":"58A, 58B, 72B, 90, 91A, 91B, 91C, N5A, N5B"},"geometry":{"type":"LineString","coordinates":[[19.57487,51.753724],[19.574543,51.752998],[19.574545,51.752887]]}},{"type":"Feature","properties":{"mode":"bus","n":9,"arr":["58A","58B","72B","90","91A","91B","91C","N5A","N5B"],"lines":"58A, 58B, 72B, 90, 91A, 91B, 91C, N5A, N5B"},"geometry":{"type":"LineString","coordinates":[[19.574345,51.752467],[19.574545,51.752887],[19.574641,51.752974],[19.574764,51.753193],[19.57501,51.7537]]}},{"type":"Feature","properties":{"mode":"bus","n":7,"arr":["58A","58B","90","91A","91B","91C","N5B"],"lines":"58A, 58B, 90, 91A, 91B, 91C, N5B"},"geometry":{"type":"LineString","coordinates":[[19.57456,51.752426],[19.574345,51.752467]]}},{"type":"Feature","properties":{"mode":"bus","n":15,"arr":["58A","58B","72A","72B","80A","80B","90","91A","91B","91C","96","N1A","N1B","N5A","N5B"],"lines":"58A, 58B, 72A, 72B, 80A, 80B, 90, 91A, 91B, 91C, 96, N1A, N1B, N5A, N5B"},"geometry":{"type":"LineString","coordinates":[[19.574918,51.752359],[19.57456,51.752426]]}},{"type":"Feature","properties":{"mode":"bus","n":15,"arr":["58A","58B","72A","72B","80A","80B","90","91A","91B","91C","96","N1A","N1B","N5A","N5B"],"lines":"58A, 58B, 72A, 72B, 80A, 80B, 90, 91A, 91B, 91C, 96, N1A, N1B, N5A, N5B"},"geometry":{"type":"LineString","coordinates":[[19.574695,51.751805],[19.574323,51.751861]]}},{"type":"Feature","properties":{"mode":"bus","n":12,"arr":["58A","58B","72A","72B","90","91A","91B","91C","N1A","N1B","N5A","N5B"],"lines":"58A, 58B, 72A, 72B, 90, 91A, 91B, 91C, N1A, N1B, N5A, N5B"},"geometry":{"type":"LineString","coordinates":[[19.575125,51.752321],[19.574918,51.752359]]}},{"type":"Feature","properties":{"mode":"bus","n":8,"arr":["58A","58B","90","91A","91B","91C","N1A","N1B"],"lines":"58A, 58B, 90, 91A, 91B, 91C, N1A, N1B"},"geometry":{"type":"LineString","coordinates":[[19.574888,51.751774],[19.574782,51.751791]]}},{"type":"Feature","properties":{"mode":"bus","n":13,"arr":["58A","58B","80A","80B","90","91A","91B","91C","96","N1A","N1B","N5A","N5B"],"lines":"58A, 58B, 80A, 80B, 90, 91A, 91B, 91C, 96, N1A, N1B, N5A, N5B"},"geometry":{"type":"LineString","coordinates":[[19.574782,51.751791],[19.574695,51.751805]]}},{"type":"Feature","properties":{"mode":"bus","n":14,"arr":["58A","58B","72A","72B","80A","80B","90","91A","91B","91C","96","N1A","N1B","N5A"],"lines":"58A, 58B, 72A, 72B, 80A, 80B, 90, 91A, 91B, 91C, 96, N1A, N1B, N5A"},"geometry":{"type":"LineString","coordinates":[[19.574323,51.751861],[19.57456,51.752426]]}},{"type":"Feature","properties":{"mode":"bus","n":8,"arr":["72B","90","91A","91B","91C","201","202","N5B"],"lines":"72B, 90, 91A, 91B, 91C, 201, 202, N5B"},"geometry":{"type":"LineString","coordinates":[[19.589857,51.751252],[19.588047,51.751561],[19.582269,51.752622]]}},{"type":"Feature","properties":{"mode":"bus","n":8,"arr":["72B","90","91A","91B","91C","201","202","N5B"],"lines":"72B, 90, 91A, 91B, 91C, 201, 202, N5B"},"geometry":{"type":"LineString","coordinates":[[19.58216,51.752393],[19.587204,51.751465],[19.589659,51.75091]]}},{"type":"Feature","properties":{"mode":"bus","n":8,"arr":["72B","90","91A","91B","91C","201","202","N5B"],"lines":"72B, 90, 91A, 91B, 91C, 201, 202, N5B"},"geometry":{"type":"LineString","coordinates":[[19.579784,51.753077],[19.57945,51.753138]]}},{"type":"Feature","properties":{"mode":"bus","n":11,"arr":["58A","58B","60A","60B","60C","60D","70","96","N7A","N7B","Z13"],"lines":"58A, 58B, 60A, 60B, 60C, 60D, 70, 96, N7A, N7B, Z13"},"geometry":{"type":"LineString","coordinates":[[19.48248,51.774797],[19.482655,51.773768],[19.482839,51.773083]]}},{"type":"Feature","properties":{"mode":"bus","n":7,"arr":["58A","58B","88A","88B","88C","88D","Z13"],"lines":"58A, 58B, 88A, 88B, 88C, 88D, Z13"},"geometry":{"type":"LineString","coordinates":[[19.466684,51.771538],[19.465856,51.771465]]}},{"type":"Feature","properties":{"mode":"bus","n":8,"arr":["58A","58B","77","88A","88B","88C","88D","101"],"lines":"58A, 58B, 77, 88A, 88B, 88C, 88D, 101"},"geometry":{"type":"LineString","coordinates":[[19.471191,51.770115],[19.469672,51.770142],[19.468303,51.770211],[19.467535,51.770208],[19.467341,51.770232]]}},{"type":"Feature","properties":{"mode":"bus","n":14,"arr":["59","86","N1A","N1B","N2","N4A","N4B","N5A","N5B","N6","N7A","N7B","N8","Z13"],"lines":"59, 86, N1A, N1B, N2, N4A, N4B, N5A, N5B, N6, N7A, N7B, N8, Z13"},"geometry":{"type":"LineString","coordinates":[[19.448078,51.774104],[19.452448,51.774486]]}},{"type":"Feature","properties":{"mode":"bus","n":18,"arr":["59","86","87A","87B","96","100","N1A","N1B","N2","N4A","N4B","N5A","N5B","N6","N7A","N7B","N8","Z13"],"lines":"59, 86, 87A, 87B, 96, 100, N1A, N1B, N2, N4A, N4B, N5A, N5B, N6, N7A, N7B, N8, Z13"},"geometry":{"type":"LineString","coordinates":[[19.452448,51.774486],[19.452692,51.774507]]}},{"type":"Feature","properties":{"mode":"bus","n":12,"arr":["59","86","87A","87B","96","100","N4A","N4B","N7A","N7B","N8","Z13"],"lines":"59, 86, 87A, 87B, 96, 100, N4A, N4B, N7A, N7B, N8, Z13"},"geometry":{"type":"LineString","coordinates":[[19.452799,51.774516],[19.452692,51.774507]]}},{"type":"Feature","properties":{"mode":"bus","n":11,"arr":["86","87A","87B","96","100","N4A","N4B","N7A","N7B","N8","Z13"],"lines":"86, 87A, 87B, 96, 100, N4A, N4B, N7A, N7B, N8, Z13"},"geometry":{"type":"LineString","coordinates":[[19.455086,51.774708],[19.452799,51.774516]]}},{"type":"Feature","properties":{"mode":"bus","n":10,"arr":["86","87A","87B","96","N4A","N4B","N7A","N7B","N8","Z13"],"lines":"86, 87A, 87B, 96, N4A, N4B, N7A, N7B, N8, Z13"},"geometry":{"type":"LineString","coordinates":[[19.455155,51.774715],[19.455086,51.774708]]}},{"type":"Feature","properties":{"mode":"bus","n":9,"arr":["59","96","100","N1A","N1B","N2","N5A","N5B","N6"],"lines":"59, 96, 100, N1A, N1B, N2, N5A, N5B, N6"},"geometry":{"type":"LineString","coordinates":[[19.452692,51.774507],[19.452292,51.776425],[19.452282,51.776676],[19.45216,51.777243],[19.452111,51.77769],[19.451886,51.778753]]}},{"type":"Feature","properties":{"mode":"bus","n":11,"arr":["59","87A","87B","96","N1A","N1B","N2","N5A","N5B","N6","Z6"],"lines":"59, 87A, 87B, 96, N1A, N1B, N2, N5A, N5B, N6, Z6"},"geometry":{"type":"LineString","coordinates":[[19.451445,51.780382],[19.451596,51.779959],[19.451886,51.778753]]}},{"type":"Feature","properties":{"mode":"bus","n":11,"arr":["59","87A","87B","96","N1A","N1B","N2","N5A","N5B","N6","Z6"],"lines":"59, 87A, 87B, 96, N1A, N1B, N2, N5A, N5B, N6, Z6"},"geometry":{"type":"LineString","coordinates":[[19.450904,51.781907],[19.451402,51.780497]]}},{"type":"Feature","properties":{"mode":"bus","n":10,"arr":["59","87A","87B","96","N1A","N1B","N2","N5A","N5B","N6"],"lines":"59, 87A, 87B, 96, N1A, N1B, N2, N5A, N5B, N6"},"geometry":{"type":"LineString","coordinates":[[19.451402,51.780497],[19.451445,51.780382]]}},{"type":"Feature","properties":{"mode":"bus","n":10,"arr":["59","73","96","N1A","N1B","N2","N5A","N5B","N6","Z6"],"lines":"59, 73, 96, N1A, N1B, N2, N5A, N5B, N6, Z6"},"geometry":{"type":"LineString","coordinates":[[19.450571,51.782921],[19.450904,51.781907]]}},{"type":"Feature","properties":{"mode":"bus","n":8,"arr":["59","65A","65B","73","N2","N5A","N5B","N6"],"lines":"59, 65A, 65B, 73, N2, N5A, N5B, N6"},"geometry":{"type":"LineString","coordinates":[[19.44956,51.785941],[19.450212,51.78392],[19.450571,51.782921]]}},{"type":"Feature","properties":{"mode":"bus","n":7,"arr":["59","65A","65B","73","N2","N5A","N5B"],"lines":"59, 65A, 65B, 73, N2, N5A, N5B"},"geometry":{"type":"LineString","coordinates":[[19.449416,51.786586],[19.44956,51.785941]]}},{"type":"Feature","properties":{"mode":"bus","n":7,"arr":["59","65A","65B","73","N2","N5A","N5B"],"lines":"59, 65A, 65B, 73, N2, N5A, N5B"},"geometry":{"type":"LineString","coordinates":[[19.450285,51.782933],[19.448985,51.787046]]}},{"type":"Feature","properties":{"mode":"bus","n":6,"arr":["59","64A","64B","73","N5A","N5B"],"lines":"59, 64A, 64B, 73, N5A, N5B"},"geometry":{"type":"LineString","coordinates":[[19.449276,51.788119],[19.449384,51.788476],[19.449528,51.789286]]}},{"type":"Feature","properties":{"mode":"bus","n":5,"arr":["59","73","99","N5A","N5B"],"lines":"59, 73, 99, N5A, N5B"},"geometry":{"type":"LineString","coordinates":[[19.444568,51.797477],[19.444451,51.797639]]}},{"type":"Feature","properties":{"mode":"bus","n":8,"arr":["59","73","96","N1A","N1B","N2","N5A","N5B"],"lines":"59, 73, 96, N1A, N1B, N2, N5A, N5B"},"geometry":{"type":"LineString","coordinates":[[19.450551,51.782194],[19.450285,51.782933]]}},{"type":"Feature","properties":{"mode":"bus","n":7,"arr":["59","96","N1A","N1B","N2","N5A","N5B"],"lines":"59, 96, N1A, N1B, N2, N5A, N5B"},"geometry":{"type":"LineString","coordinates":[[19.45161,51.77863],[19.451356,51.779773],[19.450688,51.781672],[19.450551,51.782194]]}},{"type":"Feature","properties":{"mode":"bus","n":8,"arr":["59","96","N1A","N1B","N2","N5A","N5B","N6"],"lines":"59, 96, N1A, N1B, N2, N5A, N5B, N6"},"geometry":{"type":"LineString","coordinates":[[19.451624,51.778566],[19.45161,51.77863]]}},{"type":"Feature","properties":{"mode":"bus","n":11,"arr":["59","87A","87B","96","100","N1A","N1B","N2","N5A","N5B","N6"],"lines":"59, 87A, 87B, 96, 100, N1A, N1B, N2, N5A, N5B, N6"},"geometry":{"type":"LineString","coordinates":[[19.451953,51.776793],[19.451624,51.778566]]}},{"type":"Feature","properties":{"mode":"bus","n":11,"arr":["59","87A","87B","96","100","N1A","N1B","N2","N5A","N5B","N6"],"lines":"59, 87A, 87B, 96, 100, N1A, N1B, N2, N5A, N5B, N6"},"geometry":{"type":"LineString","coordinates":[[19.452004,51.77656],[19.452007,51.776545]]}},{"type":"Feature","properties":{"mode":"bus","n":10,"arr":["87A","87B","96","100","N1A","N1B","N2","N5A","N5B","N6"],"lines":"87A, 87B, 96, 100, N1A, N1B, N2, N5A, N5B, N6"},"geometry":{"type":"LineString","coordinates":[[19.452004,51.77656],[19.451953,51.776793]]}},{"type":"Feature","properties":{"mode":"bus","n":10,"arr":["87A","87B","96","100","N1A","N1B","N2","N5A","N5B","N6"],"lines":"87A, 87B, 96, 100, N1A, N1B, N2, N5A, N5B, N6"},"geometry":{"type":"LineString","coordinates":[[19.452007,51.776545],[19.452448,51.774486]]}},{"type":"Feature","properties":{"mode":"bus","n":9,"arr":["60A","60B","60C","60D","80A","80B","N1A","N1B","Z13"],"lines":"60A, 60B, 60C, 60D, 80A, 80B, N1A, N1B, Z13"},"geometry":{"type":"LineString","coordinates":[[19.495469,51.762512],[19.492348,51.762257],[19.491312,51.762132],[19.485179,51.761648]]}},{"type":"Feature","properties":{"mode":"bus","n":9,"arr":["60A","60B","60C","60D","80A","80B","N1A","N1B","Z13"],"lines":"60A, 60B, 60C, 60D, 80A, 80B, N1A, N1B, Z13"},"geometry":{"type":"LineString","coordinates":[[19.496911,51.762407],[19.487489,51.761635],[19.484926,51.761392]]}},{"type":"Feature","properties":{"mode":"bus","n":9,"arr":["60A","60B","60C","60D","80A","80B","N1A","N1B","Z13"],"lines":"60A, 60B, 60C, 60D, 80A, 80B, N1A, N1B, Z13"},"geometry":{"type":"LineString","coordinates":[[19.497018,51.76267],[19.496885,51.762656]]}},{"type":"Feature","properties":{"mode":"bus","n":7,"arr":["60A","60B","60C","60D","70","96","Z13"],"lines":"60A, 60B, 60C, 60D, 70, 96, Z13"},"geometry":{"type":"LineString","coordinates":[[19.482839,51.773083],[19.482968,51.772645],[19.483516,51.769907],[19.483734,51.769043],[19.484266,51.766523]]}},{"type":"Feature","properties":{"mode":"bus","n":7,"arr":["60A","60B","60C","60D","70","96","Z13"],"lines":"60A, 60B, 60C, 60D, 70, 96, Z13"},"geometry":{"type":"LineString","coordinates":[[19.483238,51.769847],[19.482618,51.772919]]}},{"type":"Feature","properties":{"mode":"bus","n":5,"arr":["60A","60B","60C","60D","70"],"lines":"60A, 60B, 60C, 60D, 70"},"geometry":{"type":"LineString","coordinates":[[19.481592,51.778947],[19.481599,51.778533],[19.481749,51.778035],[19.482315,51.775396],[19.48248,51.774797]]}},{"type":"Feature","properties":{"mode":"bus","n":5,"arr":["60A","60B","60C","60D","70"],"lines":"60A, 60B, 60C, 60D, 70"},"geometry":{"type":"LineString","coordinates":[[19.482618,51.772919],[19.482605,51.773157],[19.482292,51.774434],[19.481531,51.778125],[19.481405,51.778402],[19.481102,51.778834]]}},{"type":"Feature","properties":{"mode":"bus","n":7,"arr":["60A","60B","60C","60D","70","N7A","N7B"],"lines":"60A, 60B, 60C, 60D, 70, N7A, N7B"},"geometry":{"type":"LineString","coordinates":[[19.481599,51.778998],[19.481592,51.778947]]}},{"type":"Feature","properties":{"mode":"bus","n":9,"arr":["60A","60B","60C","60D","70","87A","87B","N7A","N7B"],"lines":"60A, 60B, 60C, 60D, 70, 87A, 87B, N7A, N7B"},"geometry":{"type":"LineString","coordinates":[[19.481102,51.778834],[19.481048,51.778986],[19.481054,51.779125],[19.481113,51.779285],[19.481233,51.779429],[19.481239,51.779488]]}},{"type":"Feature","properties":{"mode":"bus","n":5,"arr":["80A","80B","N1A","N1B","Z13"],"lines":"80A, 80B, N1A, N1B, Z13"},"geometry":{"type":"LineString","coordinates":[[19.49704,51.762418],[19.496911,51.762407]]}},{"type":"Feature","properties":{"mode":"bus","n":5,"arr":["80A","80B","N1A","N1B","Z13"],"lines":"80A, 80B, N1A, N1B, Z13"},"geometry":{"type":"LineString","coordinates":[[19.496885,51.762656],[19.496452,51.762595],[19.495469,51.762512]]}},{"type":"Feature","properties":{"mode":"bus","n":5,"arr":["80A","80B","N1A","N1B","Z13"],"lines":"80A, 80B, N1A, N1B, Z13"},"geometry":{"type":"LineString","coordinates":[[19.484999,51.76163],[19.485179,51.761648]]}},{"type":"Feature","properties":{"mode":"bus","n":5,"arr":["62","63","71A","71B","H"],"lines":"62, 63, 71A, 71B, H"},"geometry":{"type":"LineString","coordinates":[[19.480201,51.72536],[19.480657,51.725534],[19.480801,51.725632],[19.480841,51.725692],[19.480848,51.725802],[19.480826,51.725864],[19.480711,51.725932]]}},{"type":"Feature","properties":{"mode":"bus","n":5,"arr":["63","72A","72B","N3A","N3B"],"lines":"63, 72A, 72B, N3A, N3B"},"geometry":{"type":"LineString","coordinates":[[19.465522,51.734496],[19.460901,51.735717],[19.45958,51.7361],[19.459371,51.736167],[19.459241,51.736236]]}},{"type":"Feature","properties":{"mode":"bus","n":8,"arr":["64A","64B","75A","75B","80A","80B","N1A","N1B"],"lines":"64A, 64B, 75A, 75B, 80A, 80B, N1A, N1B"},"geometry":{"type":"LineString","coordinates":[[19.522431,51.763578],[19.519191,51.764172],[19.518343,51.764277]]}},{"type":"Feature","properties":{"mode":"bus","n":8,"arr":["64A","64B","75A","75B","80A","80B","N1A","N1B"],"lines":"64A, 64B, 75A, 75B, 80A, 80B, N1A, N1B"},"geometry":{"type":"LineString","coordinates":[[19.521419,51.763492],[19.520523,51.763589],[19.519683,51.763645],[19.518161,51.763666],[19.517569,51.763751],[19.515982,51.763725],[19.514958,51.76376],[19.513133,51.763726],[19.512956,51.763694],[19.512645,51.763563],[19.511714,51.763548],[19.510265,51.763477],[19.508108,51.763281]]}},{"type":"Feature","properties":{"mode":"bus","n":5,"arr":["64A","64B","88B","88C","88D"],"lines":"64A, 64B, 88B, 88C, 88D"},"geometry":{"type":"LineString","coordinates":[[19.492501,51.793124],[19.492545,51.793066]]}},{"type":"Feature","properties":{"mode":"bus","n":5,"arr":["64A","64B","81A","81B","Z6"],"lines":"64A, 64B, 81A, 81B, Z6"},"geometry":{"type":"LineString","coordinates":[[19.487,51.791184],[19.48752,51.791295]]}},{"type":"Feature","properties":{"mode":"bus","n":5,"arr":["64A","64B","81A","81B","Z6"],"lines":"64A, 64B, 81A, 81B, Z6"},"geometry":{"type":"LineString","coordinates":[[19.486942,51.791057],[19.486984,51.79107],[19.487305,51.791049]]}},{"type":"Feature","properties":{"mode":"bus","n":6,"arr":["64A","64B","70","81A","81B","Z6"],"lines":"64A, 64B, 70, 81A, 81B, Z6"},"geometry":{"type":"LineString","coordinates":[[19.485366,51.790778],[19.48605,51.790995],[19.486658,51.791148],[19.487,51.791184]]}},{"type":"Feature","properties":{"mode":"bus","n":6,"arr":["64A","64B","70","81A","81B","Z6"],"lines":"64A, 64B, 70, 81A, 81B, Z6"},"geometry":{"type":"LineString","coordinates":[[19.47911,51.789036],[19.48096,51.789636],[19.483893,51.790411],[19.485366,51.790778],[19.485745,51.790824],[19.486576,51.791026],[19.486942,51.791057]]}},{"type":"Feature","properties":{"mode":"bus","n":6,"arr":["64A","64B","70","81A","81B","Z6"],"lines":"64A, 64B, 70, 81A, 81B, Z6"},"geometry":{"type":"LineString","coordinates":[[19.487305,51.791049],[19.487527,51.790971]]}},{"type":"Feature","properties":{"mode":"bus","n":5,"arr":["64A","64B","85B","N6","Z6"],"lines":"64A, 64B, 85B, N6, Z6"},"geometry":{"type":"LineString","coordinates":[[19.467129,51.785999],[19.467675,51.786129]]}},{"type":"Feature","properties":{"mode":"bus","n":6,"arr":["64A","64B","85A","85B","N6","Z6"],"lines":"64A, 64B, 85A, 85B, N6, Z6"},"geometry":{"type":"LineString","coordinates":[[19.460204,51.784833],[19.460538,51.784894],[19.462196,51.785073],[19.46344,51.785312],[19.464287,51.785347],[19.464587,51.785384],[19.466204,51.785721],[19.466917,51.785913]]}},{"type":"Feature","properties":{"mode":"bus","n":6,"arr":["64A","64B","85A","85B","N6","Z6"],"lines":"64A, 64B, 85A, 85B, N6, Z6"},"geometry":{"type":"LineString","coordinates":[[19.460414,51.784768],[19.460373,51.78487]]}},{"type":"Feature","properties":{"mode":"bus","n":6,"arr":["64A","64B","85A","85B","N6","Z6"],"lines":"64A, 64B, 85A, 85B, N6, Z6"},"geometry":{"type":"LineString","coordinates":[[19.459633,51.787539],[19.460035,51.78553],[19.460154,51.785263],[19.460123,51.785139],[19.46023,51.784675]]}},{"type":"Feature","properties":{"mode":"bus","n":5,"arr":["64A","64B","65A","65B","N2"],"lines":"64A, 64B, 65A, 65B, N2"},"geometry":{"type":"LineString","coordinates":[[19.449278,51.787025],[19.449753,51.786945],[19.450888,51.78686],[19.45119,51.786869],[19.451546,51.78694],[19.451883,51.787091],[19.451906,51.787106],[19.451914,51.787124],[19.451906,51.787145],[19.451693,51.787441],[19.451686,51.787456],[19.451689,51.787467],[19.451703,51.787475],[19.451726,51.787479],[19.451899,51.787496],[19.4543,51.787527]]}},{"type":"Feature","properties":{"mode":"bus","n":5,"arr":["64A","64B","65A","65B","N2"],"lines":"64A, 64B, 65A, 65B, N2"},"geometry":{"type":"LineString","coordinates":[[19.452261,51.786652],[19.454075,51.786699],[19.454291,51.78668]]}},{"type":"Feature","properties":{"mode":"bus","n":5,"arr":["64A","64B","85A","85B","N6"],"lines":"64A, 64B, 85A, 85B, N6"},"geometry":{"type":"LineString","coordinates":[[19.466917,51.785913],[19.467081,51.785919],[19.46767,51.786044]]}},{"type":"Feature","properties":{"mode":"bus","n":6,"arr":["64B","80A","80B","96","N1A","N1B"],"lines":"64B, 80A, 80B, 96, N1A, N1B"},"geometry":{"type":"LineString","coordinates":[[19.531889,51.752835],[19.532067,51.752777],[19.532473,51.752725],[19.533641,51.752766],[19.534221,51.752725],[19.540252,51.751797],[19.540999,51.751641],[19.541997,51.751397]]}},{"type":"Feature","properties":{"mode":"bus","n":6,"arr":["64B","80A","80B","96","N1A","N1B"],"lines":"64B, 80A, 80B, 96, N1A, N1B"},"geometry":{"type":"LineString","coordinates":[[19.531874,51.752462],[19.532154,51.752533],[19.532585,51.752519],[19.533796,51.752364],[19.535548,51.752224],[19.536508,51.752171],[19.537179,51.752101],[19.538757,51.751872],[19.539404,51.751754],[19.54025,51.75156],[19.541489,51.751216]]}},{"type":"Feature","properties":{"mode":"bus","n":6,"arr":["64B","69A","69B","96","N5A","N5B"],"lines":"64B, 69A, 69B, 96, N5A, N5B"},"geometry":{"type":"LineString","coordinates":[[19.530978,51.752872],[19.530679,51.752813],[19.530189,51.752768],[19.529342,51.752825],[19.528745,51.75282],[19.525578,51.752359],[19.523934,51.752175],[19.523169,51.752119]]}},{"type":"Feature","properties":{"mode":"bus","n":6,"arr":["64B","69A","69B","96","N5A","N5B"],"lines":"64B, 69A, 69B, 96, N5A, N5B"},"geometry":{"type":"LineString","coordinates":[[19.520677,51.751728],[19.522257,51.75191],[19.523061,51.751911],[19.526307,51.752253],[19.529176,51.752345],[19.530388,51.752501],[19.530821,51.752478],[19.530992,51.752426]]}},{"type":"Feature","properties":{"mode":"bus","n":5,"arr":["65A","65B","96","N1A","N1B"],"lines":"65A, 65B, 96, N1A, N1B"},"geometry":{"type":"LineString","coordinates":[[19.434765,51.785842],[19.436643,51.785428],[19.439477,51.784853],[19.442907,51.784244],[19.446647,51.783611],[19.448507,51.783278],[19.45023,51.782941],[19.450571,51.782921]]}},{"type":"Feature","properties":{"mode":"bus","n":5,"arr":["65A","65B","87A","87B","99"],"lines":"65A, 65B, 87A, 87B, 99"},"geometry":{"type":"LineString","coordinates":[[19.42644,51.784856],[19.426248,51.782779],[19.426321,51.782366],[19.426741,51.781144]]}},{"type":"Feature","properties":{"mode":"bus","n":7,"arr":["65A","65B","87A","87B","99","N3A","N3B"],"lines":"65A, 65B, 87A, 87B, 99, N3A, N3B"},"geometry":{"type":"LineString","coordinates":[[19.427466,51.773553],[19.427318,51.77405],[19.427241,51.774443],[19.427447,51.777089],[19.427324,51.778536],[19.42685,51.780789],[19.426741,51.781144]]}},{"type":"Feature","properties":{"mode":"bus","n":9,"arr":["65A","65B","73","87A","87B","99","100","N3A","N3B"],"lines":"65A, 65B, 73, 87A, 87B, 99, 100, N3A, N3B"},"geometry":{"type":"LineString","coordinates":[[19.427466,51.773553],[19.427491,51.773495]]}},{"type":"Feature","properties":{"mode":"bus","n":7,"arr":["65A","65B","73","99","100","N3A","N3B"],"lines":"65A, 65B, 73, 99, 100, N3A, N3B"},"geometry":{"type":"LineString","coordinates":[[19.427491,51.773495],[19.427898,51.77252],[19.428751,51.77087],[19.428936,51.770472],[19.429027,51.770191]]}},{"type":"Feature","properties":{"mode":"bus","n":8,"arr":["65A","65B","73","99","100","N3A","N3B","N9"],"lines":"65A, 65B, 73, 99, 100, N3A, N3B, N9"},"geometry":{"type":"LineString","coordinates":[[19.429027,51.770191],[19.429045,51.770101]]}},{"type":"Feature","properties":{"mode":"bus","n":5,"arr":["65A","65B","99","N3A","N3B"],"lines":"65A, 65B, 99, N3A, N3B"},"geometry":{"type":"LineString","coordinates":[[19.429901,51.769202],[19.429629,51.769272],[19.429448,51.769422],[19.429038,51.769943],[19.429045,51.770101]]}},{"type":"Feature","properties":{"mode":"bus","n":11,"arr":["65A","65B","72A","72B","83","99","100","N3A","N3B","N9","Z13"],"lines":"65A, 65B, 72A, 72B, 83, 99, 100, N3A, N3B, N9, Z13"},"geometry":{"type":"LineString","coordinates":[[19.429901,51.769202],[19.431695,51.769019]]}},{"type":"Feature","properties":{"mode":"bus","n":9,"arr":["65A","65B","72A","72B","99","100","N3A","N3B","Z13"],"lines":"65A, 65B, 72A, 72B, 99, 100, N3A, N3B, Z13"},"geometry":{"type":"LineString","coordinates":[[19.431695,51.769019],[19.432062,51.769141]]}},{"type":"Feature","properties":{"mode":"bus","n":7,"arr":["65A","65B","72A","72B","99","N3A","N3B"],"lines":"65A, 65B, 72A, 72B, 99, N3A, N3B"},"geometry":{"type":"LineString","coordinates":[[19.432062,51.769141],[19.438055,51.771025]]}},{"type":"Feature","properties":{"mode":"bus","n":6,"arr":["65A","65B","72A","72B","N3A","N3B"],"lines":"65A, 65B, 72A, 72B, N3A, N3B"},"geometry":{"type":"LineString","coordinates":[[19.438055,51.771025],[19.443404,51.77272],[19.445233,51.772881]]}},{"type":"Feature","properties":{"mode":"bus","n":6,"arr":["65A","65B","72A","72B","83","86"],"lines":"65A, 65B, 72A, 72B, 83, 86"},"geometry":{"type":"LineString","coordinates":[[19.445945,51.769681],[19.446353,51.767866]]}},{"type":"Feature","properties":{"mode":"bus","n":5,"arr":["65A","65B","80A","80B","99"],"lines":"65A, 65B, 80A, 80B, 99"},"geometry":{"type":"LineString","coordinates":[[19.43936,51.764019],[19.43923,51.763525],[19.439241,51.763409],[19.441864,51.760883],[19.441874,51.760869],[19.441875,51.760856],[19.441865,51.760845],[19.441845,51.760835],[19.439045,51.75982],[19.438998,51.759776],[19.436432,51.75889],[19.43636,51.758838],[19.435107,51.758389],[19.433942,51.758011]]}},{"type":"Feature","properties":{"mode":"bus","n":5,"arr":["65A","65B","80A","80B","99"],"lines":"65A, 65B, 80A, 80B, 99"},"geometry":{"type":"LineString","coordinates":[[19.438648,51.763925],[19.431813,51.760981],[19.431574,51.760915]]}},{"type":"Feature","properties":{"mode":"bus","n":9,"arr":["65A","65B","67","69A","69B","97A","97B","N7A","N7B"],"lines":"65A, 65B, 67, 69A, 69B, 97A, 97B, N7A, N7B"},"geometry":{"type":"LineString","coordinates":[[19.422282,51.742465],[19.422,51.74233]]}},{"type":"Feature","properties":{"mode":"bus","n":5,"arr":["65A","65B","83","N9","Z13"],"lines":"65A, 65B, 83, N9, Z13"},"geometry":{"type":"LineString","coordinates":[[19.440626,51.769168],[19.441112,51.769242],[19.444201,51.769522]]}},{"type":"Feature","properties":{"mode":"bus","n":5,"arr":["65A","65B","83","N9","Z13"],"lines":"65A, 65B, 83, N9, Z13"},"geometry":{"type":"LineString","coordinates":[[19.43447,51.768877],[19.435442,51.768784],[19.43603,51.768782],[19.436682,51.768819],[19.438483,51.76899]]}},{"type":"Feature","properties":{"mode":"bus","n":10,"arr":["65A","65B","72A","72B","83","99","N3A","N3B","N9","Z13"],"lines":"65A, 65B, 72A, 72B, 83, 99, N3A, N3B, N9, Z13"},"geometry":{"type":"LineString","coordinates":[[19.43447,51.768877],[19.432062,51.769141]]}},{"type":"Feature","properties":{"mode":"bus","n":10,"arr":["65A","65B","72A","72B","83","99","100","N3A","N3B","N9"],"lines":"65A, 65B, 72A, 72B, 83, 99, 100, N3A, N3B, N9"},"geometry":{"type":"LineString","coordinates":[[19.429045,51.770101],[19.42918,51.769989],[19.429502,51.769589],[19.429628,51.769491],[19.429795,51.769411],[19.430093,51.769349],[19.432062,51.769141]]}},{"type":"Feature","properties":{"mode":"bus","n":5,"arr":["65A","65B","66","N2","Z3"],"lines":"65A, 65B, 66, N2, Z3"},"geometry":{"type":"LineString","coordinates":[[19.458048,51.80176],[19.458087,51.801866]]}},{"type":"Feature","properties":{"mode":"bus","n":6,"arr":["66","81A","81B","85A","85B","Z3"],"lines":"66, 81A, 81B, 85A, 85B, Z3"},"geometry":{"type":"LineString","coordinates":[[19.459545,51.800935],[19.458443,51.800987]]}},{"type":"Feature","properties":{"mode":"bus","n":5,"arr":["66","81A","81B","85B","Z3"],"lines":"66, 81A, 81B, 85B, Z3"},"geometry":{"type":"LineString","coordinates":[[19.458443,51.800987],[19.458227,51.800994]]}},{"type":"Feature","properties":{"mode":"bus","n":8,"arr":["67","69A","69B","97A","97B","G1","N7A","N7B"],"lines":"67, 69A, 69B, 97A, 97B, G1, N7A, N7B"},"geometry":{"type":"LineString","coordinates":[[19.431441,51.746301],[19.429568,51.746403],[19.42901,51.74641],[19.428364,51.746329],[19.42807,51.746243],[19.427894,51.746145],[19.427774,51.74603],[19.427713,51.745894],[19.427506,51.743592],[19.427446,51.743426],[19.427303,51.74325],[19.427282,51.743232],[19.427254,51.743221],[19.427219,51.743216],[19.423076,51.743089],[19.422612,51.743053],[19.422075,51.742953]]}},{"type":"Feature","properties":{"mode":"bus","n":6,"arr":["69A","69B","F1","H","N7A","N7B"],"lines":"69A, 69B, F1, H, N7A, N7B"},"geometry":{"type":"LineString","coordinates":[[19.43413,51.736973],[19.434028,51.73704],[19.433963,51.737183],[19.434571,51.745315],[19.434514,51.745437],[19.43438,51.745556],[19.43406,51.745721],[19.43342,51.745954],[19.432837,51.74613],[19.432346,51.746234],[19.431441,51.746301]]}},{"type":"Feature","properties":{"mode":"bus","n":6,"arr":["69A","69B","F1","H","N7A","N7B"],"lines":"69A, 69B, F1, H, N7A, N7B"},"geometry":{"type":"LineString","coordinates":[[19.453202,51.731957],[19.453021,51.732065],[19.452936,51.732201],[19.452869,51.73527],[19.45298,51.736081],[19.452965,51.7364]]}},{"type":"Feature","properties":{"mode":"bus","n":5,"arr":["67","72A","72B","N4A","N4B"],"lines":"67, 72A, 72B, N4A, N4B"},"geometry":{"type":"LineString","coordinates":[[19.449786,51.75798],[19.44885,51.757748]]}},{"type":"Feature","properties":{"mode":"bus","n":7,"arr":["67","69A","69B","97A","97B","N7A","N7B"],"lines":"67, 69A, 69B, 97A, 97B, N7A, N7B"},"geometry":{"type":"LineString","coordinates":[[19.42142,51.742519],[19.421561,51.742404],[19.421687,51.742345],[19.421844,51.742321],[19.422,51.74233]]}},{"type":"Feature","properties":{"mode":"bus","n":13,"arr":["68","69A","69B","76","80A","80B","86","94","99","G2","N2","N7A","N7B"],"lines":"68, 69A, 69B, 76, 80A, 80B, 86, 94, 99, G2, N2, N7A, N7B"},"geometry":{"type":"LineString","coordinates":[[19.383097,51.74155],[19.382637,51.742395]]}},{"type":"Feature","properties":{"mode":"bus","n":9,"arr":["68","69A","69B","76","86","94","G2","N7A","N7B"],"lines":"68, 69A, 69B, 76, 86, 94, G2, N7A, N7B"},"geometry":{"type":"LineString","coordinates":[[19.383817,51.740494],[19.383097,51.74155]]}},{"type":"Feature","properties":{"mode":"bus","n":10,"arr":["68","69A","69B","76","86","94","G1","G2","N7A","N7B"],"lines":"68, 69A, 69B, 76, 86, 94, G1, G2, N7A, N7B"},"geometry":{"type":"LineString","coordinates":[[19.38352,51.741215],[19.383715,51.740911],[19.383817,51.740494],[19.386018,51.737321]]}},{"type":"Feature","properties":{"mode":"bus","n":7,"arr":["68","69A","69B","86","94","G1","G2"],"lines":"68, 69A, 69B, 86, 94, G1, G2"},"geometry":{"type":"LineString","coordinates":[[19.386627,51.736422],[19.386018,51.737321]]}},{"type":"Feature","properties":{"mode":"bus","n":5,"arr":["68","86","94","G1","G2"],"lines":"68, 86, 94, G1, G2"},"geometry":{"type":"LineString","coordinates":[[19.386446,51.736367],[19.386627,51.736422]]}},{"type":"Feature","properties":{"mode":"bus","n":6,"arr":["68","94","G1","G2","N7A","N7B"],"lines":"68, 94, G1, G2, N7A, N7B"},"geometry":{"type":"LineString","coordinates":[[19.38369,51.741457],[19.383564,51.741343],[19.38352,51.741215]]}},{"type":"Feature","properties":{"mode":"bus","n":10,"arr":["68","80A","80B","94","99","G1","G2","N2","N7A","N7B"],"lines":"68, 80A, 80B, 94, 99, G1, G2, N2, N7A, N7B"},"geometry":{"type":"LineString","coordinates":[[19.384772,51.742322],[19.384793,51.742253],[19.38476,51.742191],[19.383867,51.741683],[19.383766,51.741499],[19.38369,51.741457]]}},{"type":"Feature","properties":{"mode":"bus","n":8,"arr":["68","80A","80B","94","G1","G2","N7A","N7B"],"lines":"68, 80A, 80B, 94, G1, G2, N7A, N7B"},"geometry":{"type":"LineString","coordinates":[[19.383979,51.742371],[19.384638,51.74236],[19.384731,51.742354],[19.384742,51.742352],[19.384751,51.742348],[19.384758,51.742342],[19.384772,51.742322]]}},{"type":"Feature","properties":{"mode":"bus","n":6,"arr":["69A","69B","75A","75B","N1A","N1B"],"lines":"69A, 69B, 75A, 75B, N1A, N1B"},"geometry":{"type":"LineString","coordinates":[[19.541971,51.762671],[19.542024,51.76267]]}},{"type":"Feature","properties":{"mode":"bus","n":6,"arr":["69A","69B","75A","75B","N1A","N1B"],"lines":"69A, 69B, 75A, 75B, N1A, N1B"},"geometry":{"type":"LineString","coordinates":[[19.543185,51.762511],[19.54329,51.76246],[19.543312,51.762417],[19.543177,51.76206]]}},{"type":"Feature","properties":{"mode":"bus","n":8,"arr":["69A","69B","75A","75B","82A","82B","N1A","N1B"],"lines":"69A, 69B, 75A, 75B, 82A, 82B, N1A, N1B"},"geometry":{"type":"LineString","coordinates":[[19.541971,51.762671],[19.541873,51.762651]]}},{"type":"Feature","properties":{"mode":"bus","n":8,"arr":["69A","69B","75A","75B","82A","82B","N1A","N1B"],"lines":"69A, 69B, 75A, 75B, 82A, 82B, N1A, N1B"},"geometry":{"type":"LineString","coordinates":[[19.541614,51.762444],[19.541514,51.76236]]}},{"type":"Feature","properties":{"mode":"bus","n":6,"arr":["69A","69B","82A","82B","N1A","N1B"],"lines":"69A, 69B, 82A, 82B, N1A, N1B"},"geometry":{"type":"LineString","coordinates":[[19.541873,51.762651],[19.541614,51.762444]]}},{"type":"Feature","properties":{"mode":"bus","n":7,"arr":["69A","69B","82A","82B","N1A","N1B","W"],"lines":"69A, 69B, 82A, 82B, N1A, N1B, W"},"geometry":{"type":"LineString","coordinates":[[19.536932,51.762425],[19.537157,51.762953],[19.537172,51.762972],[19.537196,51.762981],[19.537229,51.76298],[19.540262,51.762573],[19.541514,51.76236]]}},{"type":"Feature","properties":{"mode":"bus","n":7,"arr":["69A","69B","82A","82B","N1A","N1B","W"],"lines":"69A, 69B, 82A, 82B, N1A, N1B, W"},"geometry":{"type":"LineString","coordinates":[[19.538129,51.761818],[19.538579,51.762799]]}},{"type":"Feature","properties":{"mode":"bus","n":9,"arr":["69A","69B","82A","82B","201","202","N1A","N1B","W"],"lines":"69A, 69B, 82A, 82B, 201, 202, N1A, N1B, W"},"geometry":{"type":"LineString","coordinates":[[19.536874,51.762288],[19.536932,51.762425]]}},{"type":"Feature","properties":{"mode":"bus","n":8,"arr":["69A","69B","82A","82B","201","202","N1A","N1B"],"lines":"69A, 69B, 82A, 82B, 201, 202, N1A, N1B"},"geometry":{"type":"LineString","coordinates":[[19.536874,51.762288],[19.536435,51.761251]]}},{"type":"Feature","properties":{"mode":"bus","n":8,"arr":["69A","69B","82A","82B","201","202","N1A","N1B"],"lines":"69A, 69B, 82A, 82B, 201, 202, N1A, N1B"},"geometry":{"type":"LineString","coordinates":[[19.537765,51.761029],[19.538129,51.761818]]}},{"type":"Feature","properties":{"mode":"bus","n":11,"arr":["69A","69B","82A","82B","201","202","N1A","N1B","N5A","N5B","W"],"lines":"69A, 69B, 82A, 82B, 201, 202, N1A, N1B, N5A, N5B, W"},"geometry":{"type":"LineString","coordinates":[[19.536435,51.761251],[19.536194,51.760498]]}},{"type":"Feature","properties":{"mode":"bus","n":9,"arr":["69A","69B","80A","80B","N1A","N1B","N5A","N5B","W"],"lines":"69A, 69B, 80A, 80B, N1A, N1B, N5A, N5B, W"},"geometry":{"type":"LineString","coordinates":[[19.536194,51.760498],[19.53605,51.759342],[19.535962,51.758941],[19.535217,51.757127],[19.534977,51.756698],[19.534677,51.756289],[19.533804,51.755459],[19.532776,51.754563],[19.53156,51.753621],[19.531356,51.753335],[19.531284,51.753087],[19.531162,51.752964]]}},{"type":"Feature","properties":{"mode":"bus","n":9,"arr":["69A","69B","80A","80B","N1A","N1B","N5A","N5B","W"],"lines":"69A, 69B, 80A, 80B, N1A, N1B, N5A, N5B, W"},"geometry":{"type":"LineString","coordinates":[[19.531847,51.752871],[19.531834,51.752944],[19.531886,51.753061],[19.532274,51.75349],[19.532545,51.753962],[19.532716,51.754173],[19.534815,51.75606],[19.535268,51.756545],[19.535497,51.756897],[19.536249,51.758586],[19.536453,51.758937],[19.537357,51.760279]]}},{"type":"Feature","properties":{"mode":"bus","n":5,"arr":["69A","69B","96","N5A","N5B"],"lines":"69A, 69B, 96, N5A, N5B"},"geometry":{"type":"LineString","coordinates":[[19.523169,51.752119],[19.522725,51.751994],[19.522257,51.75191]]}},{"type":"Feature","properties":{"mode":"bus","n":6,"arr":["69A","69B","72A","72B","75A","75B"],"lines":"69A, 69B, 72A, 72B, 75A, 75B"},"geometry":{"type":"LineString","coordinates":[[19.496888,51.732293],[19.496554,51.732366],[19.494695,51.732577],[19.494268,51.732675]]}},{"type":"Feature","properties":{"mode":"bus","n":9,"arr":["69A","69B","70","72A","72B","75A","75B","F1","N6"],"lines":"69A, 69B, 70, 72A, 72B, 75A, 75B, F1, N6"},"geometry":{"type":"LineString","coordinates":[[19.478132,51.73165],[19.477822,51.731638],[19.477625,51.731591],[19.476252,51.731002]]}},{"type":"Feature","properties":{"mode":"bus","n":6,"arr":["69A","69B","72A","72B","F1","N6"],"lines":"69A, 69B, 72A, 72B, F1, N6"},"geometry":{"type":"LineString","coordinates":[[19.476252,51.731002],[19.475744,51.730955]]}},{"type":"Feature","properties":{"mode":"bus","n":8,"arr":["69A","69B","70","72A","72B","F1","H","N6"],"lines":"69A, 69B, 70, 72A, 72B, F1, H, N6"},"geometry":{"type":"LineString","coordinates":[[19.474874,51.730606],[19.474893,51.730612]]}},{"type":"Feature","properties":{"mode":"bus","n":6,"arr":["69A","69B","97A","97B","N7A","N7B"],"lines":"69A, 69B, 97A, 97B, N7A, N7B"},"geometry":{"type":"LineString","coordinates":[[19.421592,51.743597],[19.421888,51.743419],[19.422126,51.743309],[19.422522,51.743188],[19.423076,51.743089]]}},{"type":"Feature","properties":{"mode":"bus","n":6,"arr":["69A","69B","86","G1","N7A","N7B"],"lines":"69A, 69B, 86, G1, N7A, N7B"},"geometry":{"type":"LineString","coordinates":[[19.38871,51.737124],[19.388925,51.737027],[19.389347,51.736778],[19.389706,51.73665],[19.389757,51.736639],[19.389812,51.736642],[19.390984,51.73685],[19.391724,51.737018],[19.392352,51.737183],[19.397439,51.738668],[19.399705,51.739348],[19.402146,51.740315],[19.403081,51.740637],[19.403616,51.740801],[19.405202,51.741202]]}},{"type":"Feature","properties":{"mode":"bus","n":7,"arr":["69A","69B","76","86","G1","N7A","N7B"],"lines":"69A, 69B, 76, 86, G1, N7A, N7B"},"geometry":{"type":"LineString","coordinates":[[19.386018,51.737321],[19.386171,51.737332],[19.387862,51.737154],[19.38871,51.737124]]}},{"type":"Feature","properties":{"mode":"bus","n":8,"arr":["69A","69B","76","80A","80B","86","99","N2"],"lines":"69A, 69B, 76, 80A, 80B, 86, 99, N2"},"geometry":{"type":"LineString","coordinates":[[19.382762,51.742553],[19.382864,51.742324]]}},{"type":"Feature","properties":{"mode":"bus","n":8,"arr":["69A","69B","76","80A","80B","86","99","N2"],"lines":"69A, 69B, 76, 80A, 80B, 86, 99, N2"},"geometry":{"type":"LineString","coordinates":[[19.382157,51.743587],[19.382518,51.743106],[19.382671,51.742776]]}},{"type":"Feature","properties":{"mode":"bus","n":8,"arr":["69A","69B","76","80A","80B","86","99","N2"],"lines":"69A, 69B, 76, 80A, 80B, 86, 99, N2"},"geometry":{"type":"LineString","coordinates":[[19.382637,51.742395],[19.381215,51.745964],[19.381179,51.74615],[19.381274,51.746362],[19.381455,51.746521],[19.383393,51.747354]]}},{"type":"Feature","properties":{"mode":"bus","n":6,"arr":["69A","69B","76","80A","80B","86"],"lines":"69A, 69B, 76, 80A, 80B, 86"},"geometry":{"type":"LineString","coordinates":[[19.382671,51.742776],[19.382762,51.742553]]}},{"type":"Feature","properties":{"mode":"bus","n":5,"arr":["69A","69B","F1","N7A","N7B"],"lines":"69A, 69B, F1, N7A, N7B"},"geometry":{"type":"LineString","coordinates":[[19.452513,51.736396],[19.452624,51.735603],[19.452648,51.734633]]}},{"type":"Feature","properties":{"mode":"bus","n":7,"arr":["69A","69B","70","75A","75B","F1","N6"],"lines":"69A, 69B, 70, 75A, 75B, F1, N6"},"geometry":{"type":"LineString","coordinates":[[19.475071,51.730493],[19.476252,51.731002]]}},{"type":"Feature","properties":{"mode":"bus","n":6,"arr":["69A","69B","80A","80B","N1A","N1B"],"lines":"69A, 69B, 80A, 80B, N1A, N1B"},"geometry":{"type":"LineString","coordinates":[[19.537357,51.760279],[19.537604,51.76067],[19.537765,51.761029]]}},{"type":"Feature","properties":{"mode":"bus","n":9,"arr":["69A","69B","75A","75B","82A","82B","N1A","N1B","W"],"lines":"69A, 69B, 75A, 75B, 82A, 82B, N1A, N1B, W"},"geometry":{"type":"LineString","coordinates":[[19.541514,51.76236],[19.543177,51.76206]]}},{"type":"Feature","properties":{"mode":"bus","n":6,"arr":["70","81A","81B","85A","85B","N6"],"lines":"70, 81A, 81B, 85A, 85B, N6"},"geometry":{"type":"LineString","coordinates":[[19.461062,51.800719],[19.459693,51.800765]]}},{"type":"Feature","properties":{"mode":"bus","n":6,"arr":["70","81A","81B","85A","85B","N6"],"lines":"70, 81A, 81B, 85A, 85B, N6"},"geometry":{"type":"LineString","coordinates":[[19.464957,51.800736],[19.459748,51.800916]]}},{"type":"Feature","properties":{"mode":"bus","n":5,"arr":["70","81A","81B","85B","N6"],"lines":"70, 81A, 81B, 85B, N6"},"geometry":{"type":"LineString","coordinates":[[19.46585,51.800557],[19.461062,51.800719]]}},{"type":"Feature","properties":{"mode":"bus","n":5,"arr":["70","81A","81B","85B","N6"],"lines":"70, 81A, 81B, 85B, N6"},"geometry":{"type":"LineString","coordinates":[[19.465865,51.800711],[19.464957,51.800736]]}},{"type":"Feature","properties":{"mode":"bus","n":5,"arr":["70","71A","71B","F1","N6"],"lines":"70, 71A, 71B, F1, N6"},"geometry":{"type":"LineString","coordinates":[[19.49384,51.733326],[19.493714,51.733202],[19.493465,51.733067]]}},{"type":"Feature","properties":{"mode":"bus","n":8,"arr":["71A","71B","72A","72B","92A","92B","F1","N8"],"lines":"71A, 71B, 72A, 72B, 92A, 92B, F1, N8"},"geometry":{"type":"LineString","coordinates":[[19.534911,51.727593],[19.530371,51.731778],[19.527693,51.734199],[19.527608,51.734349],[19.527655,51.734484],[19.527779,51.734548],[19.528103,51.734622]]}},{"type":"Feature","properties":{"mode":"bus","n":8,"arr":["71A","71B","72A","72B","92A","92B","F1","N8"],"lines":"71A, 71B, 72A, 72B, 92A, 92B, F1, N8"},"geometry":{"type":"LineString","coordinates":[[19.529005,51.73454],[19.529165,51.734601],[19.529213,51.734661],[19.529196,51.734754],[19.529063,51.73484]]}},{"type":"Feature","properties":{"mode":"bus","n":9,"arr":["71A","71B","72A","72B","92A","92B","F1","N8","W"],"lines":"71A, 71B, 72A, 72B, 92A, 92B, F1, N8, W"},"geometry":{"type":"LineString","coordinates":[[19.528103,51.734622],[19.529005,51.73454]]}},{"type":"Feature","properties":{"mode":"bus","n":9,"arr":["71A","71B","72A","72B","92A","92B","F1","N8","W"],"lines":"71A, 71B, 72A, 72B, 92A, 92B, F1, N8, W"},"geometry":{"type":"LineString","coordinates":[[19.529063,51.73484],[19.524477,51.735067]]}},{"type":"Feature","properties":{"mode":"bus","n":6,"arr":["71A","71B","92A","92B","F1","N6"],"lines":"71A, 71B, 92A, 92B, F1, N6"},"geometry":{"type":"LineString","coordinates":[[19.49465,51.737123],[19.500117,51.73664]]}},{"type":"Feature","properties":{"mode":"bus","n":8,"arr":["71A","71B","72A","72B","92A","92B","N8","W"],"lines":"71A, 71B, 72A, 72B, 92A, 92B, N8, W"},"geometry":{"type":"LineString","coordinates":[[19.524509,51.734813],[19.526891,51.734685]]}},{"type":"Feature","properties":{"mode":"bus","n":7,"arr":["71A","71B","72A","72B","92A","92B","N8"],"lines":"71A, 71B, 72A, 72B, 92A, 92B, N8"},"geometry":{"type":"LineString","coordinates":[[19.526891,51.734685],[19.527261,51.734544],[19.527693,51.734199]]}},{"type":"Feature","properties":{"mode":"bus","n":13,"arr":["72A","72B","80A","80B","90","91A","91B","91C","96","N1A","N1B","N5A","N5B"],"lines":"72A, 72B, 80A, 80B, 90, 91A, 91B, 91C, 96, N1A, N1B, N5A, N5B"},"geometry":{"type":"LineString","coordinates":[[19.574323,51.751861],[19.57413,51.751911]]}},{"type":"Feature","properties":{"mode":"bus","n":6,"arr":["72A","80A","80B","96","N1A","N1B"],"lines":"72A, 80A, 80B, 96, N1A, N1B"},"geometry":{"type":"LineString","coordinates":[[19.57413,51.751911],[19.57384,51.750966],[19.573685,51.750589],[19.569363,51.741335]]}},{"type":"Feature","properties":{"mode":"bus","n":6,"arr":["72A","80A","80B","96","N1A","N1B"],"lines":"72A, 80A, 80B, 96, N1A, N1B"},"geometry":{"type":"LineString","coordinates":[[19.559289,51.742188],[19.56137,51.741834],[19.562339,51.741607],[19.567902,51.740646],[19.568449,51.740606],[19.5688,51.740542],[19.56901,51.740479],[19.569034,51.740474],[19.569053,51.740476],[19.569067,51.740484],[19.569077,51.740498],[19.569327,51.741098],[19.569358,51.741301],[19.569359,51.741311],[19.569357,51.741317],[19.569354,51.74132],[19.569349,51.741319],[19.569341,51.741315],[19.569332,51.741307],[19.569274,51.741255],[19.568916,51.740513]]}},{"type":"Feature","properties":{"mode":"bus","n":5,"arr":["72A","72B","N4A","N4B","N6"],"lines":"72A, 72B, N4A, N4B, N6"},"geometry":{"type":"LineString","coordinates":[[19.462893,51.739206],[19.462992,51.739364],[19.463009,51.739495],[19.462825,51.740285]]}},{"type":"Feature","properties":{"mode":"bus","n":9,"arr":["72A","72B","92A","92B","N4A","N4B","N5A","N5B","N6"],"lines":"72A, 72B, 92A, 92B, N4A, N4B, N5A, N5B, N6"},"geometry":{"type":"LineString","coordinates":[[19.462825,51.740285],[19.462762,51.740296]]}},{"type":"Feature","properties":{"mode":"bus","n":7,"arr":["72A","72B","N4A","N4B","N5A","N5B","N6"],"lines":"72A, 72B, N4A, N4B, N5A, N5B, N6"},"geometry":{"type":"LineString","coordinates":[[19.462762,51.740296],[19.462731,51.740297]]}},{"type":"Feature","properties":{"mode":"bus","n":12,"arr":["72A","72B","92A","92B","N3A","N3B","N4A","N4B","N5A","N5B","N6","Z11"],"lines":"72A, 72B, 92A, 92B, N3A, N3B, N4A, N4B, N5A, N5B, N6, Z11"},"geometry":{"type":"LineString","coordinates":[[19.46251,51.74117],[19.462565,51.741068],[19.462731,51.740297]]}},{"type":"Feature","properties":{"mode":"bus","n":6,"arr":["72A","72B","N4A","N4B","N5A","N5B"],"lines":"72A, 72B, N4A, N4B, N5A, N5B"},"geometry":{"type":"LineString","coordinates":[[19.462574,51.740364],[19.462432,51.741037],[19.46249,51.741136],[19.462495,51.741148],[19.462494,51.741157],[19.462486,51.741162],[19.462473,51.741165],[19.462453,51.741164],[19.461983,51.741112],[19.461201,51.740972],[19.458132,51.74072]]}},{"type":"Feature","properties":{"mode":"bus","n":6,"arr":["72A","72B","86","N2","N4A","N4B"],"lines":"72A, 72B, 86, N2, N4A, N4B"},"geometry":{"type":"LineString","coordinates":[[19.447569,51.762026],[19.447589,51.762179],[19.447074,51.764659]]}},{"type":"Feature","properties":{"mode":"bus","n":5,"arr":["72A","72B","99","N3A","N3B"],"lines":"72A, 72B, 99, N3A, N3B"},"geometry":{"type":"LineString","coordinates":[[19.438262,51.77012],[19.43447,51.768877]]}},{"type":"Feature","properties":{"mode":"bus","n":6,"arr":["72A","72B","73","83","100","N9"],"lines":"72A, 72B, 73, 83, 100, N9"},"geometry":{"type":"LineString","coordinates":[[19.428045,51.769755],[19.429045,51.770101]]}},{"type":"Feature","properties":{"mode":"bus","n":8,"arr":["72A","72B","73","83","97A","97B","100","N9"],"lines":"72A, 72B, 73, 83, 97A, 97B, 100, N9"},"geometry":{"type":"LineString","coordinates":[[19.426756,51.769301],[19.428045,51.769755]]}},{"type":"Feature","properties":{"mode":"bus","n":9,"arr":["72A","72B","73","83","97A","97B","100","N9","Z43"],"lines":"72A, 72B, 73, 83, 97A, 97B, 100, N9, Z43"},"geometry":{"type":"LineString","coordinates":[[19.426578,51.76924],[19.426756,51.769301]]}},{"type":"Feature","properties":{"mode":"bus","n":8,"arr":["72A","72B","83","97A","97B","100","N9","Z43"],"lines":"72A, 72B, 83, 97A, 97B, 100, N9, Z43"},"geometry":{"type":"LineString","coordinates":[[19.425632,51.7689],[19.426578,51.76924]]}},{"type":"Feature","properties":{"mode":"bus","n":8,"arr":["72A","72B","83","97A","97B","100","N9","Z43"],"lines":"72A, 72B, 83, 97A, 97B, 100, N9, Z43"},"geometry":{"type":"LineString","coordinates":[[19.425735,51.768694],[19.425358,51.76862],[19.423242,51.768077],[19.422918,51.767963],[19.421384,51.767291]]}},{"type":"Feature","properties":{"mode":"bus","n":7,"arr":["72A","72B","83","97A","97B","N9","Z43"],"lines":"72A, 72B, 83, 97A, 97B, N9, Z43"},"geometry":{"type":"LineString","coordinates":[[19.421302,51.767411],[19.421602,51.767576],[19.422971,51.76812],[19.424781,51.768618],[19.425632,51.7689]]}},{"type":"Feature","properties":{"mode":"bus","n":5,"arr":["72A","72B","83","N3A","N3B"],"lines":"72A, 72B, 83, N3A, N3B"},"geometry":{"type":"LineString","coordinates":[[19.398833,51.774319],[19.399901,51.774638],[19.404176,51.775748],[19.404678,51.775902]]}},{"type":"Feature","properties":{"mode":"bus","n":7,"arr":["72A","72B","83","97A","97B","N3A","N3B"],"lines":"72A, 72B, 83, 97A, 97B, N3A, N3B"},"geometry":{"type":"LineString","coordinates":[[19.398438,51.779359],[19.398927,51.779207]]}},{"type":"Feature","properties":{"mode":"bus","n":6,"arr":["72A","72B","83","100","N9","Z43"],"lines":"72A, 72B, 83, 100, N9, Z43"},"geometry":{"type":"LineString","coordinates":[[19.425735,51.768694],[19.42615,51.768756]]}},{"type":"Feature","properties":{"mode":"bus","n":5,"arr":["72A","72B","83","100","N9"],"lines":"72A, 72B, 83, 100, N9"},"geometry":{"type":"LineString","coordinates":[[19.42615,51.768756],[19.427777,51.768878]]}},{"type":"Feature","properties":{"mode":"bus","n":6,"arr":["72A","72B","83","100","N9","Z13"],"lines":"72A, 72B, 83, 100, N9, Z13"},"geometry":{"type":"LineString","coordinates":[[19.427777,51.768878],[19.429321,51.769198],[19.429525,51.769221],[19.429901,51.769202]]}},{"type":"Feature","properties":{"mode":"bus","n":6,"arr":["72A","72B","92A","92B","N6","Z11"],"lines":"72A, 72B, 92A, 92B, N6, Z11"},"geometry":{"type":"LineString","coordinates":[[19.46225,51.742357],[19.46251,51.74117]]}},{"type":"Feature","properties":{"mode":"bus","n":8,"arr":["72A","72B","N3A","N3B","N4A","N4B","N5A","N5B"],"lines":"72A, 72B, N3A, N3B, N4A, N4B, N5A, N5B"},"geometry":{"type":"LineString","coordinates":[[19.462604,51.740218],[19.462574,51.740364]]}},{"type":"Feature","properties":{"mode":"bus","n":7,"arr":["72B","90","91A","91B","91C","N5A","N5B"],"lines":"72B, 90, 91A, 91B, 91C, N5A, N5B"},"geometry":{"type":"LineString","coordinates":[[19.57413,51.751911],[19.574345,51.752467]]}},{"type":"Feature","properties":{"mode":"bus","n":5,"arr":["72B","91A","91B","91C","N5B"],"lines":"72B, 91A, 91B, 91C, N5B"},"geometry":{"type":"LineString","coordinates":[[19.590061,51.750849],[19.590236,51.751186]]}},{"type":"Feature","properties":{"mode":"bus","n":5,"arr":["72B","90","201","202","N5B"],"lines":"72B, 90, 201, 202, N5B"},"geometry":{"type":"LineString","coordinates":[[19.590236,51.751186],[19.589857,51.751252]]}},{"type":"Feature","properties":{"mode":"bus","n":5,"arr":["73","81A","81B","N5A","N5B"],"lines":"73, 81A, 81B, N5A, N5B"},"geometry":{"type":"LineString","coordinates":[[19.444451,51.797639],[19.444062,51.797527]]}},{"type":"Feature","properties":{"mode":"bus","n":6,"arr":["73","81A","81B","99","N5A","N5B"],"lines":"73, 81A, 81B, 99, N5A, N5B"},"geometry":{"type":"LineString","coordinates":[[19.444062,51.797527],[19.443386,51.797336],[19.443094,51.797291],[19.442906,51.797291],[19.441599,51.797412]]}},{"type":"Feature","properties":{"mode":"bus","n":6,"arr":["73","81A","81B","99","N5A","N5B"],"lines":"73, 81A, 81B, 99, N5A, N5B"},"geometry":{"type":"LineString","coordinates":[[19.424498,51.799223],[19.425157,51.799151],[19.425274,51.799109],[19.427451,51.798859],[19.433255,51.798228]]}},{"type":"Feature","properties":{"mode":"bus","n":6,"arr":["73","81A","81B","99","N5A","N5B"],"lines":"73, 81A, 81B, 99, N5A, N5B"},"geometry":{"type":"LineString","coordinates":[[19.421028,51.792164],[19.421137,51.792447],[19.421235,51.792605],[19.422618,51.794161],[19.422821,51.794422],[19.422962,51.794669],[19.423049,51.794881],[19.424231,51.799163]]}},{"type":"Feature","properties":{"mode":"bus","n":7,"arr":["73","81A","81B","85A","99","N5A","N5B"],"lines":"73, 81A, 81B, 85A, 99, N5A, N5B"},"geometry":{"type":"LineString","coordinates":[[19.444174,51.797369],[19.443256,51.797121],[19.443042,51.797091],[19.44284,51.797092],[19.442433,51.797153],[19.441599,51.797412],[19.434591,51.798069],[19.433312,51.798221],[19.433278,51.798221],[19.433252,51.798212],[19.433234,51.798194],[19.432867,51.797592],[19.431217,51.792105],[19.430102,51.790354]]}},{"type":"Feature","properties":{"mode":"bus","n":5,"arr":["73","89","99","N5A","N5B"],"lines":"73, 89, 99, N5A, N5B"},"geometry":{"type":"LineString","coordinates":[[19.419076,51.817967],[19.419189,51.818026],[19.419218,51.818036],[19.419246,51.818034],[19.419272,51.818022],[19.423602,51.814862],[19.423827,51.814735],[19.424123,51.814631],[19.424479,51.814571],[19.424804,51.814578],[19.425814,51.814748],[19.426051,51.81471],[19.426207,51.814606],[19.426856,51.813563],[19.426883,51.813377],[19.426871,51.813313],[19.426249,51.812796],[19.426134,51.812656],[19.426036,51.812438],[19.425882,51.811572],[19.425619,51.809687],[19.425586,51.809108]]}},{"type":"Feature","properties":{"mode":"bus","n":5,"arr":["73","89","99","N5A","N5B"],"lines":"73, 89, 99, N5A, N5B"},"geometry":{"type":"LineString","coordinates":[[19.425327,51.809077],[19.425173,51.810795],[19.4251,51.811153],[19.424839,51.811716],[19.42437,51.812358],[19.424362,51.812511],[19.424419,51.81261],[19.424551,51.812694],[19.426742,51.813756]]}},{"type":"Feature","properties":{"mode":"bus","n":5,"arr":["73","89","99","N5A","N5B"],"lines":"73, 89, 99, N5A, N5B"},"geometry":{"type":"LineString","coordinates":[[19.420047,51.817455],[19.41979,51.817374]]}},{"type":"Feature","properties":{"mode":"bus","n":8,"arr":["73","81A","81B","99","N1A","N1B","N5A","N5B"],"lines":"73, 81A, 81B, 99, N1A, N1B, N5A, N5B"},"geometry":{"type":"LineString","coordinates":[[19.425243,51.791308],[19.424637,51.791428],[19.424483,51.791491],[19.423819,51.791613],[19.423642,51.791617],[19.421028,51.792164]]}},{"type":"Feature","properties":{"mode":"bus","n":9,"arr":["73","81A","81B","85A","99","N1A","N1B","N5A","N5B"],"lines":"73, 81A, 81B, 85A, 99, N1A, N1B, N5A, N5B"},"geometry":{"type":"LineString","coordinates":[[19.430102,51.790354],[19.426167,51.791159],[19.42599,51.791157],[19.425243,51.791308]]}},{"type":"Feature","properties":{"mode":"bus","n":6,"arr":["75A","75B","80A","80B","N1A","N1B"],"lines":"75A, 75B, 80A, 80B, N1A, N1B"},"geometry":{"type":"LineString","coordinates":[[19.536194,51.760498],[19.534194,51.761131],[19.533211,51.761366],[19.522392,51.763344],[19.521419,51.763492]]}},{"type":"Feature","properties":{"mode":"bus","n":6,"arr":["75A","75B","80A","80B","N1A","N1B"],"lines":"75A, 75B, 80A, 80B, N1A, N1B"},"geometry":{"type":"LineString","coordinates":[[19.536435,51.761251],[19.534365,51.761438],[19.533528,51.761555],[19.522431,51.763578]]}},{"type":"Feature","properties":{"mode":"bus","n":6,"arr":["75A","75B","80A","80B","N1A","N1B"],"lines":"75A, 75B, 80A, 80B, N1A, N1B"},"geometry":{"type":"LineString","coordinates":[[19.518343,51.764277],[19.518333,51.764245],[19.518326,51.764235],[19.518315,51.764228],[19.518298,51.764225],[19.518062,51.764204],[19.516036,51.764167]]}},{"type":"Feature","properties":{"mode":"bus","n":8,"arr":["75A","75B","82A","82B","201","202","N1A","N1B"],"lines":"75A, 75B, 82A, 82B, 201, 202, N1A, N1B"},"geometry":{"type":"LineString","coordinates":[[19.536194,51.760498],[19.536697,51.760388],[19.537357,51.760279]]}},{"type":"Feature","properties":{"mode":"bus","n":9,"arr":["75A","75B","82A","82B","201","202","N5A","N5B","W"],"lines":"75A, 75B, 82A, 82B, 201, 202, N5A, N5B, W"},"geometry":{"type":"LineString","coordinates":[[19.537357,51.760279],[19.540007,51.760085],[19.540787,51.760013],[19.54126,51.759945],[19.542116,51.759886]]}},{"type":"Feature","properties":{"mode":"bus","n":9,"arr":["75A","75B","82A","82B","201","202","N5A","N5B","W"],"lines":"75A, 75B, 82A, 82B, 201, 202, N5A, N5B, W"},"geometry":{"type":"LineString","coordinates":[[19.545986,51.759181],[19.546695,51.758991],[19.546797,51.758909],[19.548652,51.758546],[19.551789,51.757683],[19.552614,51.757505],[19.553532,51.75735]]}},{"type":"Feature","properties":{"mode":"bus","n":9,"arr":["75A","75B","82A","82B","201","202","N5A","N5B","W"],"lines":"75A, 75B, 82A, 82B, 201, 202, N5A, N5B, W"},"geometry":{"type":"LineString","coordinates":[[19.553807,51.758072],[19.552035,51.75839],[19.549019,51.758735],[19.546885,51.759113],[19.546567,51.75912],[19.545986,51.759181],[19.542116,51.759886],[19.541309,51.760101],[19.54121,51.76015],[19.540448,51.760302],[19.537765,51.761029]]}},{"type":"Feature","properties":{"mode":"bus","n":5,"arr":["75A","75B","82A","82B","W"],"lines":"75A, 75B, 82A, 82B, W"},"geometry":{"type":"LineString","coordinates":[[19.553532,51.75735],[19.553646,51.757439],[19.553851,51.757948],[19.553807,51.758072]]}},{"type":"Feature","properties":{"mode":"bus","n":7,"arr":["75A","75B","80A","80B","N5A","N5B","W"],"lines":"75A, 75B, 80A, 80B, N5A, N5B, W"},"geometry":{"type":"LineString","coordinates":[[19.537765,51.761029],[19.536956,51.761182],[19.536435,51.761251]]}},{"type":"Feature","properties":{"mode":"bus","n":6,"arr":["77","80A","80B","83","101","N8"],"lines":"77, 80A, 80B, 83, 101, N8"},"geometry":{"type":"LineString","coordinates":[[19.473244,51.766924],[19.479758,51.767468],[19.479791,51.767467],[19.479813,51.767457],[19.479824,51.767437],[19.480556,51.764221]]}},{"type":"Feature","properties":{"mode":"bus","n":5,"arr":["77","80A","80B","83","101"],"lines":"77, 80A, 80B, 83, 101"},"geometry":{"type":"LineString","coordinates":[[19.469264,51.766576],[19.473244,51.766924]]}},{"type":"Feature","properties":{"mode":"bus","n":7,"arr":["78","81A","81B","89","96","N1A","N1B"],"lines":"78, 81A, 81B, 89, 96, N1A, N1B"},"geometry":{"type":"LineString","coordinates":[[19.408225,51.794889],[19.406535,51.795243],[19.394457,51.797637]]}},{"type":"Feature","properties":{"mode":"bus","n":7,"arr":["78","81A","81B","89","96","N1A","N1B"],"lines":"78, 81A, 81B, 89, 96, N1A, N1B"},"geometry":{"type":"LineString","coordinates":[[19.394428,51.797507],[19.402227,51.795947],[19.406592,51.79511],[19.409702,51.794435]]}},{"type":"Feature","properties":{"mode":"bus","n":7,"arr":["78","81A","81B","89","96","N1A","N1B"],"lines":"78, 81A, 81B, 89, 96, N1A, N1B"},"geometry":{"type":"LineString","coordinates":[[19.39427,51.797674],[19.39424,51.797543]]}},{"type":"Feature","properties":{"mode":"bus","n":5,"arr":["78","83","84A","84B","N1A"],"lines":"78, 83, 84A, 84B, N1A"},"geometry":{"type":"LineString","coordinates":[[19.376394,51.80111],[19.376545,51.801231]]}},{"type":"Feature","properties":{"mode":"bus","n":5,"arr":["80A","97A","97B","N9","Z43"],"lines":"80A, 97A, 97B, N9, Z43"},"geometry":{"type":"LineString","coordinates":[[19.40844,51.762674],[19.408155,51.762577]]}},{"type":"Feature","properties":{"mode":"bus","n":5,"arr":["80A","97A","97B","N9","Z43"],"lines":"80A, 97A, 97B, N9, Z43"},"geometry":{"type":"LineString","coordinates":[[19.413159,51.764378],[19.412994,51.76432]]}},{"type":"Feature","properties":{"mode":"bus","n":5,"arr":["80A","97A","97B","N9","Z43"],"lines":"80A, 97A, 97B, N9, Z43"},"geometry":{"type":"LineString","coordinates":[[19.42096,51.76714],[19.421302,51.767411]]}},{"type":"Feature","properties":{"mode":"bus","n":5,"arr":["80A","97A","97B","N9","Z43"],"lines":"80A, 97A, 97B, N9, Z43"},"geometry":{"type":"LineString","coordinates":[[19.407674,51.762412],[19.407821,51.762462]]}},{"type":"Feature","properties":{"mode":"bus","n":6,"arr":["80A","97A","97B","100","N9","Z43"],"lines":"80A, 97A, 97B, 100, N9, Z43"},"geometry":{"type":"LineString","coordinates":[[19.408155,51.762577],[19.407821,51.762462]]}},{"type":"Feature","properties":{"mode":"bus","n":6,"arr":["80A","97A","97B","100","N9","Z43"],"lines":"80A, 97A, 97B, 100, N9, Z43"},"geometry":{"type":"LineString","coordinates":[[19.412994,51.76432],[19.40844,51.762674]]}},{"type":"Feature","properties":{"mode":"bus","n":6,"arr":["80A","97A","97B","100","N9","Z43"],"lines":"80A, 97A, 97B, 100, N9, Z43"},"geometry":{"type":"LineString","coordinates":[[19.421384,51.767291],[19.413159,51.764378]]}},{"type":"Feature","properties":{"mode":"bus","n":5,"arr":["80A","80B","97A","97B","99"],"lines":"80A, 80B, 97A, 97B, 99"},"geometry":{"type":"LineString","coordinates":[[19.431574,51.760915],[19.431921,51.76064],[19.432444,51.760091],[19.433942,51.758011]]}},{"type":"Feature","properties":{"mode":"bus","n":5,"arr":["80A","80B","N2","N4A","N4B"],"lines":"80A, 80B, N2, N4A, N4B"},"geometry":{"type":"LineString","coordinates":[[19.45015,51.764216],[19.447787,51.763632]]}},{"type":"Feature","properties":{"mode":"bus","n":6,"arr":["80A","80B","83","N2","N4A","N4B"],"lines":"80A, 80B, 83, N2, N4A, N4B"},"geometry":{"type":"LineString","coordinates":[[19.452791,51.765068],[19.45246,51.765],[19.45015,51.764216]]}},{"type":"Feature","properties":{"mode":"bus","n":6,"arr":["80A","80B","83","N1A","N1B","N6"],"lines":"80A, 80B, 83, N1A, N1B, N6"},"geometry":{"type":"LineString","coordinates":[[19.45346,51.761983],[19.452791,51.765068]]}},{"type":"Feature","properties":{"mode":"bus","n":5,"arr":["80A","80B","83","N3A","N3B"],"lines":"80A, 80B, 83, N3A, N3B"},"geometry":{"type":"LineString","coordinates":[[19.462267,51.762708],[19.455004,51.762112]]}},{"type":"Feature","properties":{"mode":"bus","n":5,"arr":["80A","80B","96","N1A","N1B"],"lines":"80A, 80B, 96, N1A, N1B"},"geometry":{"type":"LineString","coordinates":[[19.541489,51.751216],[19.543025,51.750767],[19.543779,51.750516],[19.544974,51.750073],[19.546046,51.749636],[19.546307,51.74956]]}},{"type":"Feature","properties":{"mode":"bus","n":5,"arr":["80A","80B","96","N1A","N1B"],"lines":"80A, 80B, 96, N1A, N1B"},"geometry":{"type":"LineString","coordinates":[[19.541997,51.751397],[19.543215,51.751018],[19.544877,51.750362],[19.54547,51.750071],[19.546136,51.749708],[19.546307,51.74956],[19.546512,51.749471]]}},{"type":"Feature","properties":{"mode":"bus","n":7,"arr":["80A","80B","82A","82B","96","N1A","N1B"],"lines":"80A, 80B, 82A, 82B, 96, N1A, N1B"},"geometry":{"type":"LineString","coordinates":[[19.546512,51.749471],[19.54943,51.748261],[19.550404,51.747918],[19.551085,51.747712],[19.552109,51.747454],[19.554437,51.746967],[19.554661,51.746856],[19.554705,51.746705],[19.554621,51.746553],[19.551641,51.74373],[19.551622,51.743571],[19.551701,51.743489],[19.552031,51.74338],[19.554863,51.742884],[19.55658,51.742639],[19.559289,51.742188]]}},{"type":"Feature","properties":{"mode":"bus","n":6,"arr":["80A","80B","83","101","N3A","N3B"],"lines":"80A, 80B, 83, 101, N3A, N3B"},"geometry":{"type":"LineString","coordinates":[[19.461672,51.765914],[19.461548,51.765903]]}},{"type":"Feature","properties":{"mode":"bus","n":6,"arr":["80A","80B","83","N3A","N3B","N8"],"lines":"80A, 80B, 83, N3A, N3B, N8"},"geometry":{"type":"LineString","coordinates":[[19.454541,51.765318],[19.461548,51.765903]]}},{"type":"Feature","properties":{"mode":"bus","n":10,"arr":["80A","80B","83","N1A","N1B","N2","N4A","N4B","N6","N9"],"lines":"80A, 80B, 83, N1A, N1B, N2, N4A, N4B, N6, N9"},"geometry":{"type":"LineString","coordinates":[[19.452772,51.76517],[19.45427,51.765294]]}},{"type":"Feature","properties":{"mode":"bus","n":7,"arr":["80A","80B","83","N2","N4A","N4B","N9"],"lines":"80A, 80B, 83, N2, N4A, N4B, N9"},"geometry":{"type":"LineString","coordinates":[[19.450452,51.764971],[19.452772,51.76517]]}},{"type":"Feature","properties":{"mode":"bus","n":6,"arr":["80A","80B","N2","N4A","N4B","N9"],"lines":"80A, 80B, N2, N4A, N4B, N9"},"geometry":{"type":"LineString","coordinates":[[19.447074,51.764659],[19.450452,51.764971]]}},{"type":"Feature","properties":{"mode":"bus","n":5,"arr":["81A","81B","85A","85B","N6"],"lines":"81A, 81B, 85A, 85B, N6"},"geometry":{"type":"LineString","coordinates":[[19.459693,51.800765],[19.459512,51.800771]]}},{"type":"Feature","properties":{"mode":"bus","n":5,"arr":["82B","90","201","202","N5B"],"lines":"82B, 90, 201, 202, N5B"},"geometry":{"type":"LineString","coordinates":[[19.612006,51.740504],[19.624927,51.73321]]}},{"type":"Feature","properties":{"mode":"bus","n":17,"arr":["83","86","N1A","N1B","N2","N3A","N3B","N4A","N4B","N5A","N5B","N6","N7A","N7B","N8","N9","Z13"],"lines":"83, 86, N1A, N1B, N2, N3A, N3B, N4A, N4B, N5A, N5B, N6, N7A, N7B, N8, N9, Z13"},"geometry":{"type":"LineString","coordinates":[[19.448961,51.769944],[19.448958,51.769955]]}},{"type":"Feature","properties":{"mode":"bus","n":15,"arr":["83","N1A","N1B","N2","N3A","N3B","N4A","N4B","N5A","N5B","N6","N7A","N7B","N8","N9"],"lines":"83, N1A, N1B, N2, N3A, N3B, N4A, N4B, N5A, N5B, N6, N7A, N7B, N8, N9"},"geometry":{"type":"LineString","coordinates":[[19.449353,51.768126],[19.448961,51.769944]]}},{"type":"Feature","properties":{"mode":"bus","n":6,"arr":["84A","84B","96","N1B","N3A","N3B"],"lines":"84A, 84B, 96, N1B, N3A, N3B"},"geometry":{"type":"LineString","coordinates":[[19.366528,51.794465],[19.366538,51.794498]]}},{"type":"Feature","properties":{"mode":"bus","n":15,"arr":["86","N1A","N1B","N2","N3A","N3B","N4A","N4B","N5A","N5B","N6","N7A","N7B","N8","Z13"],"lines":"86, N1A, N1B, N2, N3A, N3B, N4A, N4B, N5A, N5B, N6, N7A, N7B, N8, Z13"},"geometry":{"type":"LineString","coordinates":[[19.448958,51.769955],[19.448078,51.774104]]}},{"type":"Feature","properties":{"mode":"bus","n":11,"arr":["86","87A","87B","96","101","N4A","N4B","N7A","N7B","N8","Z13"],"lines":"86, 87A, 87B, 96, 101, N4A, N4B, N7A, N7B, N8, Z13"},"geometry":{"type":"LineString","coordinates":[[19.462363,51.77535],[19.455155,51.774715]]}},{"type":"Feature","properties":{"mode":"bus","n":7,"arr":["86","87A","87B","96","N4A","N4B","Z13"],"lines":"86, 87A, 87B, 96, N4A, N4B, Z13"},"geometry":{"type":"LineString","coordinates":[[19.462491,51.775346],[19.462363,51.77535]]}},{"type":"Feature","properties":{"mode":"bus","n":5,"arr":["86","96","N4A","N4B","Z13"],"lines":"86, 96, N4A, N4B, Z13"},"geometry":{"type":"LineString","coordinates":[[19.469085,51.775928],[19.462491,51.775346]]}},{"type":"Feature","properties":{"mode":"bus","n":5,"arr":["86","101","N7A","N7B","Z13"],"lines":"86, 101, N7A, N7B, Z13"},"geometry":{"type":"LineString","coordinates":[[19.466258,51.773614],[19.466231,51.773531],[19.466684,51.771538]]}},{"type":"Feature","properties":{"mode":"bus","n":8,"arr":["86","96","101","N4A","N4B","N7A","N7B","Z13"],"lines":"86, 96, 101, N4A, N4B, N7A, N7B, Z13"},"geometry":{"type":"LineString","coordinates":[[19.466258,51.773614],[19.455602,51.772685]]}},{"type":"Feature","properties":{"mode":"bus","n":7,"arr":["86","96","N4A","N4B","N7A","N7B","Z13"],"lines":"86, 96, N4A, N4B, N7A, N7B, Z13"},"geometry":{"type":"LineString","coordinates":[[19.455602,51.772685],[19.455518,51.772677]]}},{"type":"Feature","properties":{"mode":"bus","n":8,"arr":["86","96","100","N4A","N4B","N7A","N7B","Z13"],"lines":"86, 96, 100, N4A, N4B, N7A, N7B, Z13"},"geometry":{"type":"LineString","coordinates":[[19.455518,51.772677],[19.453131,51.772453]]}},{"type":"Feature","properties":{"mode":"bus","n":6,"arr":["86","N4A","N4B","N7A","N7B","Z13"],"lines":"86, N4A, N4B, N7A, N7B, Z13"},"geometry":{"type":"LineString","coordinates":[[19.453131,51.772453],[19.452882,51.77243]]}},{"type":"Feature","properties":{"mode":"bus","n":12,"arr":["86","N1A","N1B","N2","N4A","N4B","N5A","N5B","N6","N7A","N7B","Z13"],"lines":"86, N1A, N1B, N2, N4A, N4B, N5A, N5B, N6, N7A, N7B, Z13"},"geometry":{"type":"LineString","coordinates":[[19.452882,51.77243],[19.451208,51.772266]]}},{"type":"Feature","properties":{"mode":"bus","n":6,"arr":["90","91A","91B","91C","201","202"],"lines":"90, 91A, 91B, 91C, 201, 202"},"geometry":{"type":"LineString","coordinates":[[19.589659,51.75091],[19.590061,51.750849]]}},{"type":"Feature","properties":{"mode":"bus","n":5,"arr":["92A","92B","F1","N6","W"],"lines":"92A, 92B, F1, N6, W"},"geometry":{"type":"LineString","coordinates":[[19.505243,51.736205],[19.503785,51.736314]]}},{"type":"Feature","properties":{"mode":"bus","n":5,"arr":["92A","92B","F1","N6","W"],"lines":"92A, 92B, F1, N6, W"},"geometry":{"type":"LineString","coordinates":[[19.503644,51.736136],[19.505203,51.735985]]}},{"type":"Feature","properties":{"mode":"bus","n":6,"arr":["92A","92B","N3A","N3B","N5A","N5B"],"lines":"92A, 92B, N3A, N3B, N5A, N5B"},"geometry":{"type":"LineString","coordinates":[[19.476062,51.745452],[19.476965,51.743635]]}},{"type":"Feature","properties":{"mode":"bus","n":6,"arr":["92A","92B","N3A","N3B","N5A","N5B"],"lines":"92A, 92B, N3A, N3B, N5A, N5B"},"geometry":{"type":"LineString","coordinates":[[19.464232,51.741339],[19.465092,51.740458]]}},{"type":"Feature","properties":{"mode":"bus","n":6,"arr":["92A","92B","N3A","N3B","N5A","N5B"],"lines":"92A, 92B, N3A, N3B, N5A, N5B"},"geometry":{"type":"LineString","coordinates":[[19.46251,51.74117],[19.462537,51.741173]]}},{"type":"Feature","properties":{"mode":"bus","n":5,"arr":["101","N7A","N7B","N8","Z13"],"lines":"101, N7A, N7B, N8, Z13"},"geometry":{"type":"LineString","coordinates":[[19.463368,51.771083],[19.463324,51.771257]]}},{"type":"Feature","properties":{"mode":"bus","n":7,"arr":["N1A","N1B","N5A","N5B","N6","N7A","N7B"],"lines":"N1A, N1B, N5A, N5B, N6, N7A, N7B"},"geometry":{"type":"LineString","coordinates":[[19.454565,51.765218],[19.455863,51.759283]]}},{"type":"Feature","properties":{"mode":"bus","n":10,"arr":["N1A","N1B","N2","N4A","N4B","N5A","N5B","N6","N7A","N7B"],"lines":"N1A, N1B, N2, N4A, N4B, N5A, N5B, N6, N7A, N7B"},"geometry":{"type":"LineString","coordinates":[[19.454541,51.765318],[19.454565,51.765218]]}},{"type":"Feature","properties":{"mode":"bus","n":10,"arr":["N1A","N1B","N2","N4A","N4B","N5A","N5B","N6","N7A","N7B"],"lines":"N1A, N1B, N2, N4A, N4B, N5A, N5B, N6, N7A, N7B"},"geometry":{"type":"LineString","coordinates":[[19.451208,51.772266],[19.452074,51.76836]]}},{"type":"Feature","properties":{"mode":"bus","n":13,"arr":["N1A","N1B","N2","N3A","N3B","N4A","N4B","N5A","N5B","N6","N7A","N7B","N8"],"lines":"N1A, N1B, N2, N3A, N3B, N4A, N4B, N5A, N5B, N6, N7A, N7B, N8"},"geometry":{"type":"LineString","coordinates":[[19.454029,51.767727],[19.454541,51.765318]]}},{"type":"Feature","properties":{"mode":"bus","n":13,"arr":["N1A","N1B","N2","N3A","N3B","N4A","N4B","N5A","N5B","N6","N7A","N7B","N8"],"lines":"N1A, N1B, N2, N3A, N3B, N4A, N4B, N5A, N5B, N6, N7A, N7B, N8"},"geometry":{"type":"LineString","coordinates":[[19.453424,51.768474],[19.453525,51.768482],[19.453555,51.768489],[19.453571,51.768502],[19.453573,51.768521],[19.453401,51.769338],[19.453403,51.769359],[19.453419,51.769373],[19.45345,51.76938],[19.453618,51.769396],[19.453643,51.769397],[19.453663,51.769392],[19.453676,51.769382],[19.453683,51.769366],[19.453881,51.768423]]}},{"type":"Feature","properties":{"mode":"bus","n":12,"arr":["N1A","N1B","N2","N3A","N3B","N4A","N4B","N5A","N5B","N6","N7A","N7B"],"lines":"N1A, N1B, N2, N3A, N3B, N4A, N4B, N5A, N5B, N6, N7A, N7B"},"geometry":{"type":"LineString","coordinates":[[19.453881,51.768423],[19.454029,51.767727]]}},{"type":"Feature","properties":{"mode":"bus","n":12,"arr":["N1A","N1B","N2","N3A","N3B","N4A","N4B","N5A","N5B","N6","N7A","N7B"],"lines":"N1A, N1B, N2, N3A, N3B, N4A, N4B, N5A, N5B, N6, N7A, N7B"},"geometry":{"type":"LineString","coordinates":[[19.453779,51.767556],[19.45358,51.768487]]}},{"type":"Feature","properties":{"mode":"bus","n":14,"arr":["N1A","N1B","N2","N3A","N3B","N4A","N4B","N5A","N5B","N6","N7A","N7B","N8","N9"],"lines":"N1A, N1B, N2, N3A, N3B, N4A, N4B, N5A, N5B, N6, N7A, N7B, N8, N9"},"geometry":{"type":"LineString","coordinates":[[19.449353,51.768126],[19.453424,51.768474]]}},{"type":"Feature","properties":{"mode":"bus","n":6,"arr":["N1A","N1B","N2","N5A","N5B","N6"],"lines":"N1A, N1B, N2, N5A, N5B, N6"},"geometry":{"type":"LineString","coordinates":[[19.452882,51.77243],[19.452448,51.774486]]}},{"type":"Feature","properties":{"mode":"bus","n":13,"arr":["N1A","N1B","N2","N3A","N3B","N4A","N4B","N5A","N5B","N6","N7A","N7B","N9"],"lines":"N1A, N1B, N2, N3A, N3B, N4A, N4B, N5A, N5B, N6, N7A, N7B, N9"},"geometry":{"type":"LineString","coordinates":[[19.45427,51.765294],[19.453779,51.767556]]}},{"type":"Feature","properties":{"mode":"bus","n":6,"arr":["N3A","N3B","N5A","N5B","N7A","N7B"],"lines":"N3A, N3B, N5A, N5B, N7A, N7B"},"geometry":{"type":"LineString","coordinates":[[19.455004,51.762112],[19.454766,51.763244],[19.45427,51.765294]]}},{"type":"Feature","properties":{"mode":"bus","n":5,"arr":["N5A","N5B","N7A","N7B","Z11"],"lines":"N5A, N5B, N7A, N7B, Z11"},"geometry":{"type":"LineString","coordinates":[[19.455932,51.758969],[19.456649,51.755739]]}},{"type":"Feature","properties":{"mode":"tram","n":5,"arr":["1","5","7","12","O"],"lines":"1, 5, 7, 12, O"},"geometry":{"type":"LineString","coordinates":[[19.46879,51.760255],[19.468808,51.760221]]}},{"type":"Feature","properties":{"mode":"tram","n":5,"arr":["1","4","5","15","45"],"lines":"1, 4, 5, 15, 45"},"geometry":{"type":"LineString","coordinates":[[19.4619,51.777426],[19.461848,51.77765]]}},{"type":"Feature","properties":{"mode":"tram","n":5,"arr":["1","4","5","15","45"],"lines":"1, 4, 5, 15, 45"},"geometry":{"type":"LineString","coordinates":[[19.451764,51.778816],[19.451936,51.778739],[19.452199,51.778735]]}},{"type":"Feature","properties":{"mode":"tram","n":5,"arr":["1","4","5","15","45"],"lines":"1, 4, 5, 15, 45"},"geometry":{"type":"LineString","coordinates":[[19.461808,51.777622],[19.461405,51.779371],[19.461359,51.779443],[19.461259,51.779503],[19.461095,51.779526],[19.460979,51.779517],[19.457264,51.779187]]}},{"type":"Feature","properties":{"mode":"tram","n":5,"arr":["1","4","5","15","O"],"lines":"1, 4, 5, 15, O"},"geometry":{"type":"LineString","coordinates":[[19.451975,51.778732],[19.457231,51.779213]]}},{"type":"Feature","properties":{"mode":"tram","n":6,"arr":["1","2","3","11","15","O"],"lines":"1, 2, 3, 11, 15, O"},"geometry":{"type":"LineString","coordinates":[[19.451768,51.778651],[19.451773,51.7786]]}},{"type":"Feature","properties":{"mode":"tram","n":6,"arr":["1","2","3","11","15","O"],"lines":"1, 2, 3, 11, 15, O"},"geometry":{"type":"LineString","coordinates":[[19.452091,51.77663],[19.451744,51.778464]]}},{"type":"Feature","properties":{"mode":"tram","n":5,"arr":["1","2","3","11","15"],"lines":"1, 2, 3, 11, 15"},"geometry":{"type":"LineString","coordinates":[[19.451766,51.778701],[19.451768,51.778651]]}},{"type":"Feature","properties":{"mode":"tram","n":8,"arr":["1","2","3","4","5","11","15","45"],"lines":"1, 2, 3, 4, 5, 11, 15, 45"},"geometry":{"type":"LineString","coordinates":[[19.451764,51.778816],[19.451766,51.778701]]}},{"type":"Feature","properties":{"mode":"tram","n":6,"arr":["2","3","4","5","11","45"],"lines":"2, 3, 4, 5, 11, 45"},"geometry":{"type":"LineString","coordinates":[[19.44919,51.78688],[19.450669,51.782299],[19.450829,51.781688],[19.451544,51.779764],[19.451764,51.778816]]}},{"type":"Feature","properties":{"mode":"tram","n":6,"arr":["2","3","4","5","11","45"],"lines":"2, 3, 4, 5, 11, 45"},"geometry":{"type":"LineString","coordinates":[[19.451691,51.778919],[19.451491,51.779747],[19.450772,51.781681],[19.450613,51.782294],[19.44914,51.786867]]}},{"type":"Feature","properties":{"mode":"tram","n":6,"arr":["1","4","5","15","45","O"],"lines":"1, 4, 5, 15, 45, O"},"geometry":{"type":"LineString","coordinates":[[19.457264,51.779187],[19.452199,51.778735]]}},{"type":"Feature","properties":{"mode":"tram","n":5,"arr":["2","3","7","11","O"],"lines":"2, 3, 7, 11, O"},"geometry":{"type":"LineString","coordinates":[[19.452202,51.776353],[19.452723,51.773966],[19.453186,51.771581],[19.453406,51.770719],[19.453487,51.769741],[19.453556,51.76939],[19.455681,51.759583],[19.45572,51.759435],[19.455791,51.759345],[19.455913,51.759275],[19.456098,51.759237]]}},{"type":"Feature","properties":{"mode":"tram","n":5,"arr":["2","3","7","11","O"],"lines":"2, 3, 7, 11, O"},"geometry":{"type":"LineString","coordinates":[[19.455744,51.759101],[19.454439,51.765109],[19.454328,51.76548],[19.453445,51.769658],[19.453346,51.770802],[19.453152,51.771535],[19.452679,51.773962],[19.452164,51.776294]]}},{"type":"Feature","properties":{"mode":"tram","n":6,"arr":["2","5","8","13","16","Z1"],"lines":"2, 5, 8, 13, 16, Z1"},"geometry":{"type":"LineString","coordinates":[[19.408661,51.794581],[19.418995,51.792501],[19.420793,51.79211]]}},{"type":"Feature","properties":{"mode":"tram","n":5,"arr":["2","3","4","11","45"],"lines":"2, 3, 4, 11, 45"},"geometry":{"type":"LineString","coordinates":[[19.44914,51.786867],[19.449105,51.787017]]}},{"type":"Feature","properties":{"mode":"tram","n":6,"arr":["5","6","15","16","41","Z2"],"lines":"5, 6, 15, 16, 41, Z2"},"geometry":{"type":"LineString","coordinates":[[19.45357,51.731391],[19.453585,51.731433]]}},{"type":"Feature","properties":{"mode":"tram","n":6,"arr":["5","6","15","16","41","Z2"],"lines":"5, 6, 15, 16, 41, Z2"},"geometry":{"type":"LineString","coordinates":[[19.453273,51.731864],[19.453193,51.731885]]}},{"type":"Feature","properties":{"mode":"tram","n":6,"arr":["5","6","15","16","41","Z2"],"lines":"5, 6, 15, 16, 41, Z2"},"geometry":{"type":"LineString","coordinates":[[19.452554,51.731803],[19.452412,51.731687],[19.45235,51.731515],[19.452355,51.731336],[19.452449,51.731121]]}},{"type":"Feature","properties":{"mode":"tram","n":6,"arr":["5","6","15","16","41","Z2"],"lines":"5, 6, 15, 16, 41, Z2"},"geometry":{"type":"LineString","coordinates":[[19.453048,51.730969],[19.453116,51.730991]]}},{"type":"Feature","properties":{"mode":"tram","n":5,"arr":["5","8","13","16","Z1"],"lines":"5, 8, 13, 16, Z1"},"geometry":{"type":"LineString","coordinates":[[19.420732,51.792086],[19.41887,51.792489],[19.40965,51.794334]]}},{"type":"Feature","properties":{"mode":"tram","n":5,"arr":["8","10A","10B","13","14"],"lines":"8, 10A, 10B, 13, 14"},"geometry":{"type":"LineString","coordinates":[[19.46879,51.760255],[19.475444,51.760822],[19.478421,51.76096],[19.479753,51.761049],[19.480771,51.761142],[19.481667,51.761257],[19.484656,51.761505]]}},{"type":"Feature","properties":{"mode":"tram","n":5,"arr":["8","10A","10B","13","14"],"lines":"8, 10A, 10B, 13, 14"},"geometry":{"type":"LineString","coordinates":[[19.485017,51.7615],[19.481599,51.761215],[19.480674,51.761096],[19.479758,51.761014],[19.478424,51.760924],[19.47545,51.760786],[19.468808,51.760221]]}},{"type":"Feature","properties":{"mode":"tram","n":6,"arr":["7","8","10A","10B","13","14"],"lines":"7, 8, 10A, 10B, 13, 14"},"geometry":{"type":"LineString","coordinates":[[19.468184,51.760203],[19.46879,51.760255]]}},{"type":"Feature","properties":{"mode":"tram","n":8,"arr":["7","8","10A","10B","12","13","14","O"],"lines":"7, 8, 10A, 10B, 12, 13, 14, O"},"geometry":{"type":"LineString","coordinates":[[19.458382,51.759363],[19.468184,51.760203]]}},{"type":"Feature","properties":{"mode":"tram","n":8,"arr":["7","8","10A","10B","12","13","14","O"],"lines":"7, 8, 10A, 10B, 12, 13, 14, O"},"geometry":{"type":"LineString","coordinates":[[19.468761,51.760217],[19.455744,51.759101]]}},{"type":"Feature","properties":{"mode":"tram","n":6,"arr":["8","10A","10B","12","13","14"],"lines":"8, 10A, 10B, 12, 13, 14"},"geometry":{"type":"LineString","coordinates":[[19.436337,51.756017],[19.438992,51.756035],[19.439891,51.756102],[19.440769,51.756218],[19.441635,51.756384],[19.450098,51.758322],[19.451464,51.758601],[19.452407,51.758761],[19.454012,51.758974],[19.458382,51.759363]]}},{"type":"Feature","properties":{"mode":"tram","n":6,"arr":["8","10A","10B","12","13","14"],"lines":"8, 10A, 10B, 12, 13, 14"},"geometry":{"type":"LineString","coordinates":[[19.455744,51.759101],[19.454394,51.758978],[19.453343,51.758854],[19.452067,51.758665],[19.451005,51.758472],[19.449912,51.75824],[19.441652,51.756351],[19.440784,51.756184],[19.439679,51.756046],[19.438768,51.75599],[19.435279,51.755982]]}},{"type":"Feature","properties":{"mode":"tram","n":7,"arr":["8","10A","10B","12","13","14","O"],"lines":"8, 10A, 10B, 12, 13, 14, O"},"geometry":{"type":"LineString","coordinates":[[19.468808,51.760221],[19.468761,51.760217]]}},{"type":"Feature","properties":{"mode":"tram","n":6,"arr":["8","9","10A","10B","13","14"],"lines":"8, 9, 10A, 10B, 13, 14"},"geometry":{"type":"LineString","coordinates":[[19.48526,51.76152],[19.485017,51.7615]]}}]}