{"type":"FeatureCollection","features":[{"type":"Feature","geometry":{"type":"Point","coordinates":[19.432176,51.75753]},"properties":{"name":"Dw. Łódź Kaliska","lines":"6.","arr":["6."],"terminus":1,"mode":"bus","color":"#0059a9","colorDark":"#00294f","angle":332,"snapDist":4,"label":1}},{"type":"Feature","geometry":{"type":"Point","coordinates":[19.433927,51.756968]},"properties":{"name":"Włókniarzy-Mickiewicza (Dw. Ł. Kaliska)","lines":"6., 52, 65A, 65B, 80A, 80B, 86, 93, 97A, 97B, 99, 100, N2","arr":["6.","52","65A","65B","80A","80B","86","93","97A","97B","99","100","N2"],"terminus":0,"mode":"bus","color":"#0059a9","colorDark":"#00294f","angle":251.5,"snapDist":6,"label":1}},{"type":"Feature","geometry":{"type":"Point","coordinates":[19.431605,51.755856]},"properties":{"name":"Bandurskiego-Dw. Łódź Kaliska","lines":"6., 67, 80A, 80B, 86, 97A, 97B, 99, 100, N2","arr":["6.","67","80A","80B","86","97A","97B","99","100","N2"],"terminus":0,"mode":"bus","color":"#0059a9","colorDark":"#00294f","angle":353.7,"snapDist":9,"label":1}},{"type":"Feature","geometry":{"type":"Point","coordinates":[19.426549,51.755925]},"properties":{"name":"Bandurskiego-Atlas Arena","lines":"6., 67, 80B, 86, 99, 100, N2","arr":["6.","67","80B","86","99","100","N2"],"terminus":0,"mode":"bus","color":"#0059a9","colorDark":"#00294f","angle":13.4,"snapDist":6,"label":1}},{"type":"Feature","geometry":{"type":"Point","coordinates":[19.421821,51.756153]},"properties":{"name":"Krzemieniecka-Kowieńska","lines":"6., 80B, 99, 100","arr":["6.","80B","99","100"],"terminus":0,"mode":"bus","color":"#0059a9","colorDark":"#00294f","angle":18.3,"snapDist":2,"label":1}},{"type":"Feature","geometry":{"type":"Point","coordinates":[19.414142,51.758102]},"properties":{"name":"Krzemieniecka-Retkińska","lines":"6., 76, 80A, 100","arr":["6.","76","80A","100"],"terminus":0,"mode":"bus","color":"#0059a9","colorDark":"#00294f","angle":26.2,"snapDist":6,"label":1}},{"type":"Feature","geometry":{"type":"Point","coordinates":[19.407101,51.762905]},"properties":{"name":"Krakowska-Konstantynowska (ZOO Orientari","lines":"6., 76, 97A, 97B","arr":["6.","76","97A","97B"],"terminus":0,"mode":"bus","color":"#0059a9","colorDark":"#00294f","angle":45.1,"snapDist":9,"label":1}},{"type":"Feature","geometry":{"type":"Point","coordinates":[19.404593,51.764845]},"properties":{"name":"Krakowska-Minerska","lines":"6., 76, 97A, 97B","arr":["6.","76","97A","97B"],"terminus":0,"mode":"bus","color":"#0059a9","colorDark":"#00294f","angle":65.4,"snapDist":7,"label":1}},{"type":"Feature","geometry":{"type":"Point","coordinates":[19.401928,51.76969]},"properties":{"name":"Krakowska-Michałowicza NŻ","lines":"6., 76, 97A, 97B","arr":["6.","76","97A","97B"],"terminus":0,"mode":"bus","color":"#0059a9","colorDark":"#00294f","angle":75.4,"snapDist":0,"label":1}},{"type":"Feature","geometry":{"type":"Point","coordinates":[19.398663,51.77478]},"properties":{"name":"Krakowska-Biegunowa","lines":"6., 72A, 72B, 76, 97A, 97B, N3A, N3B","arr":["6.","72A","72B","76","97A","97B","N3A","N3B"],"terminus":0,"mode":"bus","color":"#0059a9","colorDark":"#00294f","angle":90.5,"snapDist":5,"label":1}},{"type":"Feature","geometry":{"type":"Point","coordinates":[19.399414,51.77849]},"properties":{"name":"Krakowska-Siewna","lines":"6., 72A, 72B, 76, 97A, 97B, N3A, N3B","arr":["6.","72A","72B","76","97A","97B","N3A","N3B"],"terminus":0,"mode":"bus","color":"#0059a9","colorDark":"#00294f","angle":78.3,"snapDist":5,"label":1}},{"type":"Feature","geometry":{"type":"Point","coordinates":[19.394171,51.781707]},"properties":{"name":"Rąbieńska-Kwiatowa NŻ","lines":"6., 76, 83, N3A, N3B","arr":["6.","76","83","N3A","N3B"],"terminus":0,"mode":"bus","color":"#0059a9","colorDark":"#00294f","angle":28.2,"snapDist":4,"label":1}},{"type":"Feature","geometry":{"type":"Point","coordinates":[19.389474,51.782896]},"properties":{"name":"Rąbieńska-Traktorowa","lines":"6.","arr":["6."],"terminus":0,"mode":"bus","color":"#0059a9","colorDark":"#00294f","angle":15.4,"snapDist":2,"label":1}},{"type":"Feature","geometry":{"type":"Point","coordinates":[19.384976,51.784037]},"properties":{"name":"Rąbieńska-Podjazdowa NŻ","lines":"6.","arr":["6."],"terminus":0,"mode":"bus","color":"#0059a9","colorDark":"#00294f","angle":34.9,"snapDist":2,"label":1}},{"type":"Feature","geometry":{"type":"Point","coordinates":[19.379317,51.786128]},"properties":{"name":"Rąbieńska-Cieplarniana NŻ","lines":"6.","arr":["6."],"terminus":0,"mode":"bus","color":"#0059a9","colorDark":"#00294f","angle":34.8,"snapDist":0,"label":1}},{"type":"Feature","geometry":{"type":"Point","coordinates":[19.374072,51.787813]},"properties":{"name":"Rąbieńska-Szwadronowa NŻ","lines":"6.","arr":["6."],"terminus":0,"mode":"bus","color":"#0059a9","colorDark":"#00294f","angle":23.7,"snapDist":0,"label":1}},{"type":"Feature","geometry":{"type":"Point","coordinates":[19.367816,51.78909]},"properties":{"name":"Rąbieńska-Wojskowa NŻ","lines":"6.","arr":["6."],"terminus":0,"mode":"bus","color":"#0059a9","colorDark":"#00294f","angle":5.1,"snapDist":3,"label":1}},{"type":"Feature","geometry":{"type":"Point","coordinates":[19.354516,51.79016]},"properties":{"name":"Szczecińska-Rąbieńska","lines":"6.","arr":["6."],"terminus":0,"mode":"bus","color":"#0059a9","colorDark":"#00294f","angle":122.8,"snapDist":2,"label":1}},{"type":"Feature","geometry":{"type":"Point","coordinates":[19.361374,51.795523]},"properties":{"name":"Teofilów Rojna","lines":"6., 84A, 84B, 96, N1B, N3A, N3B","arr":["6.","84A","84B","96","N1B","N3A","N3B"],"terminus":1,"mode":"bus","color":"#0059a9","colorDark":"#00294f","angle":198.7,"snapDist":5,"label":1}},{"type":"Feature","geometry":{"type":"Point","coordinates":[19.369963,51.794803]},"properties":{"name":"Rojna-Wici","lines":"6., 84A, 84B, 96, N1B, N3A, N3B","arr":["6.","84A","84B","96","N1B","N3A","N3B"],"terminus":0,"mode":"bus","color":"#0059a9","colorDark":"#00294f","angle":167.2,"snapDist":8,"label":1}},{"type":"Feature","geometry":{"type":"Point","coordinates":[19.375448,51.797351]},"properties":{"name":"Rydzowa-Lniana","lines":"6., 78, 83, 84A, 84B, N1A","arr":["6.","78","83","84A","84B","N1A"],"terminus":0,"mode":"bus","color":"#0059a9","colorDark":"#00294f","angle":108.1,"snapDist":11,"label":1}},{"type":"Feature","geometry":{"type":"Point","coordinates":[19.377197,51.80095]},"properties":{"name":"Aleksandrowska-Szparagowa","lines":"6.","arr":["6."],"terminus":0,"mode":"bus","color":"#0059a9","colorDark":"#00294f","angle":198.1,"snapDist":8,"label":1}},{"type":"Feature","geometry":{"type":"Point","coordinates":[19.387296,51.799488]},"properties":{"name":"Kaczeńcowa-Aleksandrowska","lines":"6., 76","arr":["6.","76"],"terminus":0,"mode":"bus","color":"#0059a9","colorDark":"#00294f","angle":107.2,"snapDist":7,"label":1}},{"type":"Feature","geometry":{"type":"Point","coordinates":[19.388645,51.803647]},"properties":{"name":"Kaczeńcowa-Wersalska NŻ","lines":"6., 76","arr":["6.","76"],"terminus":0,"mode":"bus","color":"#0059a9","colorDark":"#00294f","angle":96.3,"snapDist":7,"label":1}},{"type":"Feature","geometry":{"type":"Point","coordinates":[19.391293,51.808598]},"properties":{"name":"Kaczeńcowa-św. Teresy NŻ","lines":"6., 76","arr":["6.","76"],"terminus":0,"mode":"bus","color":"#0059a9","colorDark":"#00294f","angle":110,"snapDist":3,"label":1}},{"type":"Feature","geometry":{"type":"Point","coordinates":[19.389558,51.809806]},"properties":{"name":"Św. Teresy-Kaczeńcowa NŻ","lines":"6., 76, 81A, 89","arr":["6.","76","81A","89"],"terminus":0,"mode":"bus","color":"#0059a9","colorDark":"#00294f","angle":20.4,"snapDist":6,"label":1}},{"type":"Feature","geometry":{"type":"Point","coordinates":[19.384001,51.811019]},"properties":{"name":"Św. Teresy-św. Teresy 109 NŻ","lines":"6., 76, 81A, 89","arr":["6.","76","81A","89"],"terminus":0,"mode":"bus","color":"#0059a9","colorDark":"#00294f","angle":16.4,"snapDist":9,"label":1}},{"type":"Feature","geometry":{"type":"Point","coordinates":[19.379434,51.812071]},"properties":{"name":"Św. Teresy-Szczecińska","lines":"6., 76, 81A, 89","arr":["6.","76","81A","89"],"terminus":0,"mode":"bus","color":"#0059a9","colorDark":"#00294f","angle":30.9,"snapDist":9,"label":1}},{"type":"Feature","geometry":{"type":"Point","coordinates":[19.382883,51.816885]},"properties":{"name":"Szczecińska-cm. Szczecińska","lines":"6.","arr":["6."],"terminus":0,"mode":"bus","color":"#0059a9","colorDark":"#00294f","angle":125.6,"snapDist":5,"label":1}},{"type":"Feature","geometry":{"type":"Point","coordinates":[19.389018,51.822738]},"properties":{"name":"Szczecińska-Liściasta NŻ","lines":"6.","arr":["6."],"terminus":0,"mode":"bus","color":"#0059a9","colorDark":"#00294f","angle":111.9,"snapDist":2,"label":1}},{"type":"Feature","geometry":{"type":"Point","coordinates":[19.391323,51.826272]},"properties":{"name":"Konstantynowska-Kocidłowska","lines":"6.","arr":["6."],"terminus":0,"mode":"bus","color":"#0059a9","colorDark":"#00294f","angle":111.8,"snapDist":6,"label":1}},{"type":"Feature","geometry":{"type":"Point","coordinates":[19.396412,51.834184]},"properties":{"name":"Konstantynowska-Okręglik (Zgierz)","lines":"6.","arr":["6."],"terminus":0,"mode":"bus","color":"#0059a9","colorDark":"#00294f","angle":111.8,"snapDist":4,"label":1}},{"type":"Feature","geometry":{"type":"Point","coordinates":[19.40059,51.842062]},"properties":{"name":"Konstantynowska-tor PKP (Zgierz)","lines":"6.","arr":["6."],"terminus":0,"mode":"bus","color":"#0059a9","colorDark":"#00294f","angle":100.7,"snapDist":7,"label":1}},{"type":"Feature","geometry":{"type":"Point","coordinates":[19.40133,51.844479]},"properties":{"name":"Konstantynowska-cmentarz (Zgierz)","lines":"6.","arr":["6."],"terminus":0,"mode":"bus","color":"#0059a9","colorDark":"#00294f","angle":100.3,"snapDist":6,"label":1}},{"type":"Feature","geometry":{"type":"Point","coordinates":[19.402727,51.850137]},"properties":{"name":"Śniechowskiego (Zgierz)","lines":"6.","arr":["6."],"terminus":0,"mode":"bus","color":"#0059a9","colorDark":"#00294f","angle":138.2,"snapDist":5,"label":1}},{"type":"Feature","geometry":{"type":"Point","coordinates":[19.406605,51.851509]},"properties":{"name":"Śniechowskiego-Łódzka (Zgierz)","lines":"6.","arr":["6."],"terminus":0,"mode":"bus","color":"#0059a9","colorDark":"#00294f","angle":150.5,"snapDist":6,"label":1}},{"type":"Feature","geometry":{"type":"Point","coordinates":[19.408106,51.852718]},"properties":{"name":"Popiełuszki-Łódzka (Zgierz)","lines":"6.","arr":["6."],"terminus":0,"mode":"bus","color":"#0059a9","colorDark":"#00294f","angle":102.8,"snapDist":4,"label":1}},{"type":"Feature","geometry":{"type":"Point","coordinates":[19.409056,51.855409]},"properties":{"name":"ks. Popieluszki (Zgierz)","lines":"6.","arr":["6."],"terminus":0,"mode":"bus","color":"#0059a9","colorDark":"#00294f","angle":101.8,"snapDist":0,"label":1}},{"type":"Feature","geometry":{"type":"Point","coordinates":[19.416556,51.854835]},"properties":{"name":"1 Maja-pl. Kilińskiego (Zgierz)","lines":"6., 61","arr":["6.","61"],"terminus":0,"mode":"bus","color":"#0059a9","colorDark":"#00294f","angle":104.7,"snapDist":7,"label":1}},{"type":"Feature","geometry":{"type":"Point","coordinates":[19.417928,51.858429]},"properties":{"name":"1 Maja-Dubois (Zgierz)","lines":"6., 61","arr":["6.","61"],"terminus":0,"mode":"bus","color":"#0059a9","colorDark":"#00294f","angle":100.2,"snapDist":1,"label":1}},{"type":"Feature","geometry":{"type":"Point","coordinates":[19.416236,51.861423]},"properties":{"name":"1 Maja-Piłsudskiego (Zgierz)","lines":"6., 61","arr":["6.","61"],"terminus":0,"mode":"bus","color":"#0059a9","colorDark":"#00294f","angle":67.3,"snapDist":5,"label":1}},{"type":"Feature","geometry":{"type":"Point","coordinates":[19.408735,51.861161]},"properties":{"name":"Piłsudskiego-szkoła nr 1 (Zgierz)","lines":"6., 61","arr":["6.","61"],"terminus":0,"mode":"bus","color":"#0059a9","colorDark":"#00294f","angle":341.3,"snapDist":1,"label":1}},{"type":"Feature","geometry":{"type":"Point","coordinates":[19.406632,51.860636]},"properties":{"name":"Piątkowska /park (Zgierz)","lines":"6.","arr":["6."],"terminus":0,"mode":"bus","color":"#0059a9","colorDark":"#00294f","angle":273.6,"snapDist":7,"label":1}},{"type":"Feature","geometry":{"type":"Point","coordinates":[19.404166,51.859922]},"properties":{"name":"Gałczyńskiego-Łęczycka (Zgierz)","lines":"6.","arr":["6."],"terminus":0,"mode":"bus","color":"#0059a9","colorDark":"#00294f","angle":235.2,"snapDist":20,"label":1}},{"type":"Feature","geometry":{"type":"Point","coordinates":[19.393976,51.861111]},"properties":{"name":"Gałczyńskiego-Parzęczewska (Zgierz)","lines":"6., 61","arr":["6.","61"],"terminus":0,"mode":"bus","color":"#0059a9","colorDark":"#00294f","angle":313.4,"snapDist":6,"label":1}},{"type":"Feature","geometry":{"type":"Point","coordinates":[19.390763,51.857669]},"properties":{"name":"Gałczyńskiego-Tuwima (Zgierz)","lines":"6., 61","arr":["6.","61"],"terminus":0,"mode":"bus","color":"#0059a9","colorDark":"#00294f","angle":277.6,"snapDist":9,"label":1}},{"type":"Feature","geometry":{"type":"Point","coordinates":[19.385017,51.857836]},"properties":{"name":"Tuwima-Sezam (Zgierz)","lines":"6., 61","arr":["6.","61"],"terminus":0,"mode":"bus","color":"#0059a9","colorDark":"#00294f","angle":3.8,"snapDist":3,"label":1}},{"type":"Feature","geometry":{"type":"Point","coordinates":[19.379938,51.85809]},"properties":{"name":"Tuwima-Boya-Żeleńskiego (Zgierz)","lines":"6., 61","arr":["6.","61"],"terminus":0,"mode":"bus","color":"#0059a9","colorDark":"#00294f","angle":4.3,"snapDist":2,"label":1}},{"type":"Feature","geometry":{"type":"Point","coordinates":[19.378185,51.860235]},"properties":{"name":"Staffa-przychodnia (Zgierz)","lines":"6., 61","arr":["6.","61"],"terminus":0,"mode":"bus","color":"#0059a9","colorDark":"#00294f","angle":84.5,"snapDist":6,"label":1}},{"type":"Feature","geometry":{"type":"Point","coordinates":[19.377747,51.863029]},"properties":{"name":"Staffa-szkoła (Zgierz)","lines":"6., 61","arr":["6.","61"],"terminus":0,"mode":"bus","color":"#0059a9","colorDark":"#00294f","angle":84.7,"snapDist":1,"label":1}},{"type":"Feature","geometry":{"type":"Point","coordinates":[19.378426,51.866876]},"properties":{"name":"Staffa-Os. 650-lecia (Zgierz)","lines":"6., 61","arr":["6.","61"],"terminus":0,"mode":"bus","color":"#0059a9","colorDark":"#00294f","angle":191.2,"snapDist":2,"label":1}},{"type":"Feature","geometry":{"type":"Point","coordinates":[19.382053,51.867874]},"properties":{"name":"Parzęczewska-Parzęczewska /Staffa(Zg.)","lines":"6.","arr":["6."],"terminus":1,"mode":"bus","color":"#0059a9","colorDark":"#00294f","angle":210.1,"snapDist":3,"label":1}},{"type":"Feature","geometry":{"type":"Point","coordinates":[19.378059,51.866038]},"properties":{"name":"Staffa-Os. 650-lecia (Zgierz)","lines":"6., 61","arr":["6.","61"],"terminus":0,"mode":"bus","color":"#0059a9","colorDark":"#00294f","angle":281.2,"snapDist":7,"label":0}},{"type":"Feature","geometry":{"type":"Point","coordinates":[19.37783,51.862486]},"properties":{"name":"Staffa-szkoła (Zgierz)","lines":"6., 61","arr":["6.","61"],"terminus":0,"mode":"bus","color":"#0059a9","colorDark":"#00294f","angle":264.4,"snapDist":7,"label":0}},{"type":"Feature","geometry":{"type":"Point","coordinates":[19.378417,51.858771]},"properties":{"name":"Staffa-przychodnia (Zgierz)","lines":"6., 61","arr":["6.","61"],"terminus":0,"mode":"bus","color":"#0059a9","colorDark":"#00294f","angle":264.4,"snapDist":12,"label":0}},{"type":"Feature","geometry":{"type":"Point","coordinates":[19.380595,51.858054]},"properties":{"name":"Tuwima-Boya-Żeleńskiego (Zgierz)","lines":"6., 61","arr":["6.","61"],"terminus":0,"mode":"bus","color":"#0059a9","colorDark":"#00294f","angle":185.5,"snapDist":4,"label":0}},{"type":"Feature","geometry":{"type":"Point","coordinates":[19.386365,51.857754]},"properties":{"name":"Sezam (Zgierz)","lines":"6., 61","arr":["6.","61"],"terminus":0,"mode":"bus","color":"#0059a9","colorDark":"#00294f","angle":187.3,"snapDist":8,"label":1}},{"type":"Feature","geometry":{"type":"Point","coordinates":[19.391096,51.858636]},"properties":{"name":"Gałczyńskiego-Tuwima (Zgierz)","lines":"6., 61","arr":["6.","61"],"terminus":0,"mode":"bus","color":"#0059a9","colorDark":"#00294f","angle":113,"snapDist":2,"label":0}},{"type":"Feature","geometry":{"type":"Point","coordinates":[19.394112,51.8612]},"properties":{"name":"Gałczyńskiego-Parzęczewska (Zgierz)","lines":"6., 61","arr":["6.","61"],"terminus":0,"mode":"bus","color":"#0059a9","colorDark":"#00294f","angle":133.3,"snapDist":2,"label":0}},{"type":"Feature","geometry":{"type":"Point","coordinates":[19.403941,51.859797]},"properties":{"name":"Łęczycka (Zgierz)","lines":"6.","arr":["6."],"terminus":0,"mode":"bus","color":"#0059a9","colorDark":"#00294f","angle":164.2,"snapDist":3,"label":1}},{"type":"Feature","geometry":{"type":"Point","coordinates":[19.406618,51.86051]},"properties":{"name":"Piątkowska /park (Zgierz)","lines":"6.","arr":["6."],"terminus":0,"mode":"bus","color":"#0059a9","colorDark":"#00294f","angle":93.9,"snapDist":0,"label":0}},{"type":"Feature","geometry":{"type":"Point","coordinates":[19.407887,51.86099]},"properties":{"name":"Piłsudskiego-szkoła nr 1 (Zgierz)","lines":"6., 61","arr":["6.","61"],"terminus":0,"mode":"bus","color":"#0059a9","colorDark":"#00294f","angle":160.5,"snapDist":5,"label":0}},{"type":"Feature","geometry":{"type":"Point","coordinates":[19.416315,51.861307]},"properties":{"name":"1 Maja-Piłsudskiego (Zgierz)","lines":"6., 61","arr":["6.","61"],"terminus":0,"mode":"bus","color":"#0059a9","colorDark":"#00294f","angle":247.3,"snapDist":5,"label":0}},{"type":"Feature","geometry":{"type":"Point","coordinates":[19.41784,51.858149]},"properties":{"name":"1 Maja-Dubois (Zgierz)","lines":"6., 61","arr":["6.","61"],"terminus":0,"mode":"bus","color":"#0059a9","colorDark":"#00294f","angle":282.4,"snapDist":6,"label":0}},{"type":"Feature","geometry":{"type":"Point","coordinates":[19.416186,51.854744]},"properties":{"name":"Długa-pl. Kilińskiego (Zgierz)","lines":"6.","arr":["6."],"terminus":0,"mode":"bus","color":"#0059a9","colorDark":"#00294f","angle":13.7,"snapDist":4,"label":1}},{"type":"Feature","geometry":{"type":"Point","coordinates":[19.408831,51.85477]},"properties":{"name":"Popiełuszki-ks. Popieluszki (Zgierz)","lines":"6.","arr":["6."],"terminus":0,"mode":"bus","color":"#0059a9","colorDark":"#00294f","angle":282.4,"snapDist":0,"label":1}},{"type":"Feature","geometry":{"type":"Point","coordinates":[19.408181,51.852923]},"properties":{"name":"Popiełuszki-Łódzka (Zgierz)","lines":"6.","arr":["6."],"terminus":0,"mode":"bus","color":"#0059a9","colorDark":"#00294f","angle":282.9,"snapDist":4,"label":0}},{"type":"Feature","geometry":{"type":"Point","coordinates":[19.402653,51.850134]},"properties":{"name":"Śniechowskiego-Śniechowskiego (Zgierz)","lines":"6.","arr":["6."],"terminus":0,"mode":"bus","color":"#0059a9","colorDark":"#00294f","angle":343.2,"snapDist":1,"label":1}},{"type":"Feature","geometry":{"type":"Point","coordinates":[19.402347,51.847902]},"properties":{"name":"Konstantynowska-Sokołowska(Zgierz)","lines":"6.","arr":["6."],"terminus":0,"mode":"bus","color":"#0059a9","colorDark":"#00294f","angle":277.4,"snapDist":7,"label":1}},{"type":"Feature","geometry":{"type":"Point","coordinates":[19.401494,51.845021]},"properties":{"name":"Konstantynowska-cmentarz (Zgierz)","lines":"6.","arr":["6."],"terminus":0,"mode":"bus","color":"#0059a9","colorDark":"#00294f","angle":280.6,"snapDist":5,"label":0}},{"type":"Feature","geometry":{"type":"Point","coordinates":[19.400565,51.84198]},"properties":{"name":"Konstantynowska-tor PKP (Zgierz)","lines":"6.","arr":["6."],"terminus":0,"mode":"bus","color":"#0059a9","colorDark":"#00294f","angle":280.7,"snapDist":18,"label":0}},{"type":"Feature","geometry":{"type":"Point","coordinates":[19.398272,51.837045]},"properties":{"name":"Konstantynowska-Kwasowa","lines":"6.","arr":["6."],"terminus":0,"mode":"bus","color":"#0059a9","colorDark":"#00294f","angle":291.6,"snapDist":5,"label":1}},{"type":"Feature","geometry":{"type":"Point","coordinates":[19.396325,51.83405]},"properties":{"name":"Konstantynowska-Okręglik (Zgierz)","lines":"6.","arr":["6."],"terminus":0,"mode":"bus","color":"#0059a9","colorDark":"#00294f","angle":291.2,"snapDist":6,"label":0}},{"type":"Feature","geometry":{"type":"Point","coordinates":[19.391214,51.826104]},"properties":{"name":"Konstantynowska-Kocidłowska","lines":"6.","arr":["6."],"terminus":0,"mode":"bus","color":"#0059a9","colorDark":"#00294f","angle":292,"snapDist":5,"label":0}},{"type":"Feature","geometry":{"type":"Point","coordinates":[19.389027,51.822751]},"properties":{"name":"Szczecińska-Liściasta NŻ","lines":"6.","arr":["6."],"terminus":0,"mode":"bus","color":"#0059a9","colorDark":"#00294f","angle":291.9,"snapDist":3,"label":0}},{"type":"Feature","geometry":{"type":"Point","coordinates":[19.382267,51.816348]},"properties":{"name":"Szczecińska-cm. Szczecińska","lines":"6.","arr":["6."],"terminus":0,"mode":"bus","color":"#0059a9","colorDark":"#00294f","angle":305.2,"snapDist":2,"label":0}},{"type":"Feature","geometry":{"type":"Point","coordinates":[19.378925,51.813366]},"properties":{"name":"Szczecińska-św. Teresy","lines":"6., 76, 81A, 89","arr":["6.","76","81A","89"],"terminus":0,"mode":"bus","color":"#0059a9","colorDark":"#00294f","angle":301.9,"snapDist":3,"label":1}},{"type":"Feature","geometry":{"type":"Point","coordinates":[19.383054,51.811191]},"properties":{"name":"Św. Teresy-św. Teresy 109 NŻ","lines":"6., 76, 81A, 89","arr":["6.","76","81A","89"],"terminus":0,"mode":"bus","color":"#0059a9","colorDark":"#00294f","angle":196.3,"snapDist":8,"label":0}},{"type":"Feature","geometry":{"type":"Point","coordinates":[19.390773,51.809527]},"properties":{"name":"Św. Teresy-Kaczeńcowa NŻ","lines":"6., 76, 81A, 89","arr":["6.","76","81A","89"],"terminus":0,"mode":"bus","color":"#0059a9","colorDark":"#00294f","angle":201,"snapDist":14,"label":0}},{"type":"Feature","geometry":{"type":"Point","coordinates":[19.388591,51.803206]},"properties":{"name":"Kaczeńcowa-Wersalska NŻ","lines":"6., 76","arr":["6.","76"],"terminus":0,"mode":"bus","color":"#0059a9","colorDark":"#00294f","angle":276.1,"snapDist":4,"label":0}},{"type":"Feature","geometry":{"type":"Point","coordinates":[19.387566,51.800049]},"properties":{"name":"Kaczeńcowa-Warecka NŻ","lines":"6., 76","arr":["6.","76"],"terminus":0,"mode":"bus","color":"#0059a9","colorDark":"#00294f","angle":294.9,"snapDist":13,"label":1}},{"type":"Feature","geometry":{"type":"Point","coordinates":[19.385589,51.799399]},"properties":{"name":"Aleksandrowska-Kaczeńcowa","lines":"6.","arr":["6."],"terminus":0,"mode":"bus","color":"#0059a9","colorDark":"#00294f","angle":17.8,"snapDist":7,"label":1}},{"type":"Feature","geometry":{"type":"Point","coordinates":[19.375807,51.800702]},"properties":{"name":"Rydzowa-Aleksandrowska","lines":"6., 78, 83, 84A, 84B, N1A","arr":["6.","78","83","84A","84B","N1A"],"terminus":0,"mode":"bus","color":"#0059a9","colorDark":"#00294f","angle":288.1,"snapDist":6,"label":1}},{"type":"Feature","geometry":{"type":"Point","coordinates":[19.37528,51.797032]},"properties":{"name":"Rydzowa-Lniana","lines":"6., 78, 83, 84A, 84B, N1A","arr":["6.","78","83","84A","84B","N1A"],"terminus":0,"mode":"bus","color":"#0059a9","colorDark":"#00294f","angle":287.7,"snapDist":7,"label":0}},{"type":"Feature","geometry":{"type":"Point","coordinates":[19.371555,51.794884]},"properties":{"name":"Rojna-Wici","lines":"6., 84A, 84B, 96, N1B, N3A, N3B","arr":["6.","84A","84B","96","N1B","N3A","N3B"],"terminus":0,"mode":"bus","color":"#0059a9","colorDark":"#00294f","angle":2.8,"snapDist":7,"label":0}},{"type":"Feature","geometry":{"type":"Point","coordinates":[19.359744,51.795272]},"properties":{"name":"Szczecińska-Rojna","lines":"6.","arr":["6."],"terminus":0,"mode":"bus","color":"#0059a9","colorDark":"#00294f","angle":301.2,"snapDist":1,"label":1}},{"type":"Feature","geometry":{"type":"Point","coordinates":[19.355519,51.789835]},"properties":{"name":"Rąbieńska-Szczecińska","lines":"6.","arr":["6."],"terminus":0,"mode":"bus","color":"#0059a9","colorDark":"#00294f","angle":185.6,"snapDist":6,"label":1}},{"type":"Feature","geometry":{"type":"Point","coordinates":[19.366336,51.789174]},"properties":{"name":"Rąbieńska-Wojskowa NŻ","lines":"6.","arr":["6."],"terminus":0,"mode":"bus","color":"#0059a9","colorDark":"#00294f","angle":184.9,"snapDist":5,"label":0}},{"type":"Feature","geometry":{"type":"Point","coordinates":[19.371846,51.788506]},"properties":{"name":"Rąbieńska-Szwadronowa NŻ","lines":"6.","arr":["6."],"terminus":0,"mode":"bus","color":"#0059a9","colorDark":"#00294f","angle":210.5,"snapDist":0,"label":0}},{"type":"Feature","geometry":{"type":"Point","coordinates":[19.378697,51.786392]},"properties":{"name":"Rąbieńska-Cieplarniana NŻ","lines":"6.","arr":["6."],"terminus":0,"mode":"bus","color":"#0059a9","colorDark":"#00294f","angle":215.2,"snapDist":4,"label":0}},{"type":"Feature","geometry":{"type":"Point","coordinates":[19.384279,51.784325]},"properties":{"name":"Rąbieńska-Podjazdowa NŻ","lines":"6.","arr":["6."],"terminus":0,"mode":"bus","color":"#0059a9","colorDark":"#00294f","angle":214.2,"snapDist":5,"label":0}},{"type":"Feature","geometry":{"type":"Point","coordinates":[19.390115,51.782787]},"properties":{"name":"Rąbieńska-Traktorowa","lines":"6.","arr":["6."],"terminus":0,"mode":"bus","color":"#0059a9","colorDark":"#00294f","angle":195.5,"snapDist":7,"label":0}},{"type":"Feature","geometry":{"type":"Point","coordinates":[19.395166,51.781306]},"properties":{"name":"Rąbieńska-Kwiatowa NŻ","lines":"6., 76, 83, N3A, N3B","arr":["6.","76","83","N3A","N3B"],"terminus":0,"mode":"bus","color":"#0059a9","colorDark":"#00294f","angle":217.1,"snapDist":6,"label":0}},{"type":"Feature","geometry":{"type":"Point","coordinates":[19.398256,51.779434]},"properties":{"name":"Złotno-Siewna","lines":"6., 72A, 72B, 76, 83, 97A, 97B, N3A, N3B","arr":["6.","72A","72B","76","83","97A","97B","N3A","N3B"],"terminus":0,"mode":"bus","color":"#0059a9","colorDark":"#00294f","angle":213,"snapDist":6,"label":1}},{"type":"Feature","geometry":{"type":"Point","coordinates":[19.39879,51.775356]},"properties":{"name":"Krakowska-Biegunowa","lines":"6., 72A, 72B, 76, 83, 97A, 97B, N3A, N3B","arr":["6.","72A","72B","76","83","97A","97B","N3A","N3B"],"terminus":0,"mode":"bus","color":"#0059a9","colorDark":"#00294f","angle":279.7,"snapDist":9,"label":0}},{"type":"Feature","geometry":{"type":"Point","coordinates":[19.40196,51.769614]},"properties":{"name":"Krakowska-Michałowicza NŻ","lines":"6., 76, 97A, 97B","arr":["6.","76","97A","97B"],"terminus":0,"mode":"bus","color":"#0059a9","colorDark":"#00294f","angle":255.4,"snapDist":6,"label":0}},{"type":"Feature","geometry":{"type":"Point","coordinates":[19.404701,51.764514]},"properties":{"name":"Krakowska-Minerska","lines":"6., 76, 97A, 97B","arr":["6.","76","97A","97B"],"terminus":0,"mode":"bus","color":"#0059a9","colorDark":"#00294f","angle":241,"snapDist":3,"label":0}},{"type":"Feature","geometry":{"type":"Point","coordinates":[19.408662,51.761815]},"properties":{"name":"Krzemieniecka-Konstantynowska (ZOO Orien","lines":"6., 76, 80A","arr":["6.","76","80A"],"terminus":0,"mode":"bus","color":"#0059a9","colorDark":"#00294f","angle":226.1,"snapDist":9,"label":1}},{"type":"Feature","geometry":{"type":"Point","coordinates":[19.415965,51.757485]},"properties":{"name":"Krzemieniecka-Retkińska","lines":"6., 80B, 99","arr":["6.","80B","99"],"terminus":0,"mode":"bus","color":"#0059a9","colorDark":"#00294f","angle":189.4,"snapDist":6,"label":0}},{"type":"Feature","geometry":{"type":"Point","coordinates":[19.420724,51.756398]},"properties":{"name":"Krzemieniecka-Kowieńska","lines":"6., 80B, 99","arr":["6.","80B","99"],"terminus":0,"mode":"bus","color":"#0059a9","colorDark":"#00294f","angle":200.9,"snapDist":5,"label":0}},{"type":"Feature","geometry":{"type":"Point","coordinates":[19.426607,51.755584]},"properties":{"name":"Bandurskiego-Atlas Arena","lines":"6., 67, 80B, 86, 99, N2","arr":["6.","67","80B","86","99","N2"],"terminus":0,"mode":"bus","color":"#0059a9","colorDark":"#00294f","angle":193.2,"snapDist":5,"label":0}},{"type":"Feature","geometry":{"type":"Point","coordinates":[19.432847,51.7558]},"properties":{"name":"Bandurskiego-Dw. Łódź Kaliska","lines":"6., 80A, 80B, 86, 97A, 97B, 99, N2","arr":["6.","80A","80B","86","97A","97B","99","N2"],"terminus":0,"mode":"bus","color":"#0059a9","colorDark":"#00294f","angle":170.9,"snapDist":6,"label":0}},{"type":"Feature","geometry":{"type":"Point","coordinates":[19.434498,51.756827]},"properties":{"name":"Włókniarzy-Mickiewicza (Dw. Ł. Kaliska)","lines":"6., 52, 65A, 65B, 80A, 80B, 86, 93, 97A, 97B, 99, N2","arr":["6.","52","65A","65B","80A","80B","86","93","97A","97B","99","N2"],"terminus":0,"mode":"bus","color":"#0059a9","colorDark":"#00294f","angle":70.7,"snapDist":4,"label":0}},{"type":"Feature","geometry":{"type":"Point","coordinates":[19.494005,51.651778]},"properties":{"name":"Tuszyńska (Rzgów)","lines":"50A, 50B, 56","arr":["50A","50B","56"],"terminus":1,"mode":"bus","color":"#0059a9","colorDark":"#00294f","angle":86.7,"snapDist":4,"label":1}},{"type":"Feature","geometry":{"type":"Point","coordinates":[19.492984,51.656738]},"properties":{"name":"Tuszyńska-Kamienna NŻ (Rzgów)","lines":"50A, 50B, 56","arr":["50A","50B","56"],"terminus":0,"mode":"bus","color":"#0059a9","colorDark":"#00294f","angle":86.8,"snapDist":3,"label":1}},{"type":"Feature","geometry":{"type":"Point","coordinates":[19.492645,51.659335]},"properties":{"name":"Tuszyńska-Wąwozowa NŻ (Rzgów)","lines":"50A, 50B, 56","arr":["50A","50B","56"],"terminus":0,"mode":"bus","color":"#0059a9","colorDark":"#00294f","angle":77.9,"snapDist":2,"label":1}},{"type":"Feature","geometry":{"type":"Point","coordinates":[19.490125,51.662445]},"properties":{"name":"Pl. 500-lecia (Rzgów)","lines":"50A, 50B, 56","arr":["50A","50B","56"],"terminus":0,"mode":"bus","color":"#0059a9","colorDark":"#00294f","angle":63.9,"snapDist":9,"label":1}},{"type":"Feature","geometry":{"type":"Point","coordinates":[19.486471,51.667526]},"properties":{"name":"Rudzka-Łódzka NŻ (Rzgów)","lines":"50A, 50B, 56","arr":["50A","50B","56"],"terminus":0,"mode":"bus","color":"#0059a9","colorDark":"#00294f","angle":47.5,"snapDist":6,"label":1}},{"type":"Feature","geometry":{"type":"Point","coordinates":[19.479921,51.671949]},"properties":{"name":"Rudzka-Mała NŻ (Rzgów)","lines":"50A, 50B, 56","arr":["50A","50B","56"],"terminus":0,"mode":"bus","color":"#0059a9","colorDark":"#00294f","angle":47.2,"snapDist":2,"label":1}},{"type":"Feature","geometry":{"type":"Point","coordinates":[19.47508,51.675167]},"properties":{"name":"Rudzka-Nasienna NŻ (Rzgów)","lines":"50A, 50B","arr":["50A","50B"],"terminus":0,"mode":"bus","color":"#0059a9","colorDark":"#00294f","angle":46.6,"snapDist":4,"label":1}},{"type":"Feature","geometry":{"type":"Point","coordinates":[19.469965,51.678294]},"properties":{"name":"Cmentarz NŻ (Stara Gadka)","lines":"50A, 50B","arr":["50A","50B"],"terminus":0,"mode":"bus","color":"#0059a9","colorDark":"#00294f","angle":44.2,"snapDist":2,"label":1}},{"type":"Feature","geometry":{"type":"Point","coordinates":[19.4624,51.682854]},"properties":{"name":"Zdrojowa NŻ (Stara Gadka)","lines":"50A, 50B","arr":["50A","50B"],"terminus":0,"mode":"bus","color":"#0059a9","colorDark":"#00294f","angle":44,"snapDist":1,"label":1}},{"type":"Feature","geometry":{"type":"Point","coordinates":[19.452055,51.689089]},"properties":{"name":"Rudzka-Skrajna","lines":"50A, 50B","arr":["50A","50B"],"terminus":0,"mode":"bus","color":"#0059a9","colorDark":"#00294f","angle":44.9,"snapDist":6,"label":1}},{"type":"Feature","geometry":{"type":"Point","coordinates":[19.445298,51.693157]},"properties":{"name":"Rudzka-Cienista NŻ","lines":"50A, 50B","arr":["50A","50B"],"terminus":0,"mode":"bus","color":"#0059a9","colorDark":"#00294f","angle":43.8,"snapDist":5,"label":1}},{"type":"Feature","geometry":{"type":"Point","coordinates":[19.440723,51.698612]},"properties":{"name":"Rudzka-Popioły","lines":"50A, 50B","arr":["50A","50B"],"terminus":0,"mode":"bus","color":"#0059a9","colorDark":"#00294f","angle":69.1,"snapDist":6,"label":1}},{"type":"Feature","geometry":{"type":"Point","coordinates":[19.438547,51.70084]},"properties":{"name":"Rudzka-Farna","lines":"50A, 50B, 68","arr":["50A","50B","68"],"terminus":0,"mode":"bus","color":"#0059a9","colorDark":"#00294f","angle":75.8,"snapDist":0,"label":1}},{"type":"Feature","geometry":{"type":"Point","coordinates":[19.436838,51.703509]},"properties":{"name":"Rudzka-Przestrzenna","lines":"50A, 50B, 68, 75A, 75B, N4A, N4B","arr":["50A","50B","68","75A","75B","N4A","N4B"],"terminus":0,"mode":"bus","color":"#0059a9","colorDark":"#00294f","angle":51.2,"snapDist":0,"label":1}},{"type":"Feature","geometry":{"type":"Point","coordinates":[19.433575,51.705952]},"properties":{"name":"Rudzka-Municypalna","lines":"50A, 50B, 68, 75A, 75B, N4A, N4B","arr":["50A","50B","68","75A","75B","N4A","N4B"],"terminus":0,"mode":"bus","color":"#0059a9","colorDark":"#00294f","angle":56.7,"snapDist":0,"label":1}},{"type":"Feature","geometry":{"type":"Point","coordinates":[19.429293,51.710407]},"properties":{"name":"Rudzka-Pabianicka NŻ","lines":"50A, 50B, 68, 75A, 75B, N4A, N4B","arr":["50A","50B","68","75A","75B","N4A","N4B"],"terminus":0,"mode":"bus","color":"#0059a9","colorDark":"#00294f","angle":58.6,"snapDist":1,"label":1}},{"type":"Feature","geometry":{"type":"Point","coordinates":[19.429031,51.711488]},"properties":{"name":"Pabianicka-Rudzka","lines":"50A, 50B, 68, N4A, N4B","arr":["50A","50B","68","N4A","N4B"],"terminus":0,"mode":"bus","color":"#0059a9","colorDark":"#00294f","angle":126.9,"snapDist":3,"label":1}},{"type":"Feature","geometry":{"type":"Point","coordinates":[19.433954,51.715534]},"properties":{"name":"Pabianicka-Dubois","lines":"50A, 50B, 62, 63, 68, N4A, N4B","arr":["50A","50B","62","63","68","N4A","N4B"],"terminus":0,"mode":"bus","color":"#0059a9","colorDark":"#00294f","angle":126.9,"snapDist":10,"label":1}},{"type":"Feature","geometry":{"type":"Point","coordinates":[19.437576,51.718512]},"properties":{"name":"Pabianicka-3 Maja","lines":"50A, 50B, 63, 68, N4A, N4B","arr":["50A","50B","63","68","N4A","N4B"],"terminus":0,"mode":"bus","color":"#0059a9","colorDark":"#00294f","angle":126.6,"snapDist":0,"label":1}},{"type":"Feature","geometry":{"type":"Point","coordinates":[19.443092,51.723036]},"properties":{"name":"Pabianicka-Prądzyńskiego","lines":"50A, 50B, 63, 68, N4A, N4B","arr":["50A","50B","63","68","N4A","N4B"],"terminus":0,"mode":"bus","color":"#0059a9","colorDark":"#00294f","angle":127.1,"snapDist":7,"label":1}},{"type":"Feature","geometry":{"type":"Point","coordinates":[19.448431,51.727376]},"properties":{"name":"Pabianicka-Jana Pawła II","lines":"50A, 50B, 52, 63, 68, N4A, N4B","arr":["50A","50B","52","63","68","N4A","N4B"],"terminus":0,"mode":"bus","color":"#0059a9","colorDark":"#00294f","angle":126.6,"snapDist":7,"label":1}},{"type":"Feature","geometry":{"type":"Point","coordinates":[19.451867,51.730161]},"properties":{"name":"Pabianicka-Rondo Lotników Lwowskich","lines":"50A, 50B, 52, 63, 68, N4A, N4B","arr":["50A","50B","52","63","68","N4A","N4B"],"terminus":0,"mode":"bus","color":"#0059a9","colorDark":"#00294f","angle":128.3,"snapDist":4,"label":1}},{"type":"Feature","geometry":{"type":"Point","coordinates":[19.45424,51.732174]},"properties":{"name":"Pabianicka-Rondo Lotników Lwowskich","lines":"50A, 50B, 57, 68, N4A, N4B, N6","arr":["50A","50B","57","68","N4A","N4B","N6"],"terminus":0,"mode":"bus","color":"#0059a9","colorDark":"#00294f","angle":127.4,"snapDist":4,"label":1}},{"type":"Feature","geometry":{"type":"Point","coordinates":[19.459644,51.736568]},"properties":{"name":"Pabianicka-Wólczańska","lines":"50A, 50B, 63, 68, 72A, 72B, N3A, N3B, N4A, N4B, N6","arr":["50A","50B","63","68","72A","72B","N3A","N3B","N4A","N4B","N6"],"terminus":0,"mode":"bus","color":"#0059a9","colorDark":"#00294f","angle":126.8,"snapDist":0,"label":1}},{"type":"Feature","geometry":{"type":"Point","coordinates":[19.463128,51.740302]},"properties":{"name":"pl. Niepodległości","lines":"50A, 50B, 63, 68, 92A, 92B, Z11","arr":["50A","50B","63","68","92A","92B","Z11"],"terminus":1,"mode":"bus","color":"#0059a9","colorDark":"#00294f","angle":352.7,"snapDist":4,"label":1}},{"type":"Feature","geometry":{"type":"Point","coordinates":[19.458717,51.736031]},"properties":{"name":"Pabianicka-Wólczańska","lines":"50A, 50B, 57, 68, N4A, N4B, N6","arr":["50A","50B","57","68","N4A","N4B","N6"],"terminus":0,"mode":"bus","color":"#0059a9","colorDark":"#00294f","angle":304.5,"snapDist":0,"label":0}},{"type":"Feature","geometry":{"type":"Point","coordinates":[19.454208,51.732424]},"properties":{"name":"Pabianicka-Rondo Lotników Lwowskich","lines":"50A, 50B, 57, 68, N4A, N4B, N6, N7A, N7B","arr":["50A","50B","57","68","N4A","N4B","N6","N7A","N7B"],"terminus":0,"mode":"bus","color":"#0059a9","colorDark":"#00294f","angle":307.3,"snapDist":8,"label":0}},{"type":"Feature","geometry":{"type":"Point","coordinates":[19.448895,51.728136]},"properties":{"name":"Pabianicka-Jana Pawła II","lines":"50A, 50B, 52, 63, 68, N4A, N4B","arr":["50A","50B","52","63","68","N4A","N4B"],"terminus":0,"mode":"bus","color":"#0059a9","colorDark":"#00294f","angle":312.1,"snapDist":2,"label":0}},{"type":"Feature","geometry":{"type":"Point","coordinates":[19.446869,51.72633]},"properties":{"name":"Pabianicka-Dw. Łódź Pabianicka NŻ","lines":"50A, 50B, 63, 68, N4A, N4B","arr":["50A","50B","63","68","N4A","N4B"],"terminus":0,"mode":"bus","color":"#0059a9","colorDark":"#00294f","angle":303.9,"snapDist":0,"label":1}},{"type":"Feature","geometry":{"type":"Point","coordinates":[19.442737,51.723199]},"properties":{"name":"Pabianicka-Prądzyńskiego","lines":"50A, 50B, 63, 68, 77, N4A, N4B","arr":["50A","50B","63","68","77","N4A","N4B"],"terminus":0,"mode":"bus","color":"#0059a9","colorDark":"#00294f","angle":306.8,"snapDist":6,"label":0}},{"type":"Feature","geometry":{"type":"Point","coordinates":[19.437359,51.718743]},"properties":{"name":"Pabianicka-3 Maja","lines":"50A, 50B, 63, 68, N4A, N4B","arr":["50A","50B","63","68","N4A","N4B"],"terminus":0,"mode":"bus","color":"#0059a9","colorDark":"#00294f","angle":306.4,"snapDist":5,"label":0}},{"type":"Feature","geometry":{"type":"Point","coordinates":[19.433674,51.715711]},"properties":{"name":"Pabianicka-Dubois","lines":"50A, 50B","arr":["50A","50B"],"terminus":0,"mode":"bus","color":"#0059a9","colorDark":"#00294f","angle":307.1,"snapDist":7,"label":0}},{"type":"Feature","geometry":{"type":"Point","coordinates":[19.428965,51.710624]},"properties":{"name":"Rudzka-Pabianicka","lines":"50A, 50B, 68, 75A, 75B","arr":["50A","50B","68","75A","75B"],"terminus":0,"mode":"bus","color":"#0059a9","colorDark":"#00294f","angle":247.8,"snapDist":4,"label":1}},{"type":"Feature","geometry":{"type":"Point","coordinates":[19.434384,51.705172]},"properties":{"name":"Rudzka-Municypalna","lines":"50A, 50B, 68, 75A, 75B","arr":["50A","50B","68","75A","75B"],"terminus":0,"mode":"bus","color":"#0059a9","colorDark":"#00294f","angle":229.5,"snapDist":0,"label":0}},{"type":"Feature","geometry":{"type":"Point","coordinates":[19.43758,51.70265]},"properties":{"name":"Rudzka-Przestrzenna","lines":"50A, 50B, 68","arr":["50A","50B","68"],"terminus":0,"mode":"bus","color":"#0059a9","colorDark":"#00294f","angle":243.7,"snapDist":0,"label":0}},{"type":"Feature","geometry":{"type":"Point","coordinates":[19.438261,51.70127]},"properties":{"name":"Rudzka-Farna","lines":"50A, 50B, 68","arr":["50A","50B","68"],"terminus":0,"mode":"bus","color":"#0059a9","colorDark":"#00294f","angle":257.1,"snapDist":0,"label":0}},{"type":"Feature","geometry":{"type":"Point","coordinates":[19.440986,51.698038]},"properties":{"name":"Rudzka-Popioły","lines":"50A, 50B","arr":["50A","50B"],"terminus":0,"mode":"bus","color":"#0059a9","colorDark":"#00294f","angle":250.4,"snapDist":9,"label":0}},{"type":"Feature","geometry":{"type":"Point","coordinates":[19.446299,51.692555]},"properties":{"name":"Rudzka-Cienista NŻ","lines":"50A, 50B","arr":["50A","50B"],"terminus":0,"mode":"bus","color":"#0059a9","colorDark":"#00294f","angle":224.3,"snapDist":4,"label":0}},{"type":"Feature","geometry":{"type":"Point","coordinates":[19.453364,51.688294]},"properties":{"name":"Stara Gadka-Skrajna","lines":"50A, 50B","arr":["50A","50B"],"terminus":0,"mode":"bus","color":"#0059a9","colorDark":"#00294f","angle":224.2,"snapDist":8,"label":1}},{"type":"Feature","geometry":{"type":"Point","coordinates":[19.461857,51.683181]},"properties":{"name":"Uczniowska NŻ (Stara Gadka)","lines":"50A, 50B","arr":["50A","50B"],"terminus":0,"mode":"bus","color":"#0059a9","colorDark":"#00294f","angle":224.5,"snapDist":10,"label":1}},{"type":"Feature","geometry":{"type":"Point","coordinates":[19.470445,51.678005]},"properties":{"name":"Cmentarz NŻ (Stara Gadka)","lines":"50A, 50B","arr":["50A","50B"],"terminus":0,"mode":"bus","color":"#0059a9","colorDark":"#00294f","angle":224.1,"snapDist":5,"label":0}},{"type":"Feature","geometry":{"type":"Point","coordinates":[19.474026,51.675838]},"properties":{"name":"Rudzka-Nasienna NŻ (Rzgów)","lines":"50A, 50B, 56","arr":["50A","50B","56"],"terminus":0,"mode":"bus","color":"#0059a9","colorDark":"#00294f","angle":225.5,"snapDist":4,"label":0}},{"type":"Feature","geometry":{"type":"Point","coordinates":[19.480114,51.671821]},"properties":{"name":"Rudzka-Mała NŻ (Rzgów)","lines":"50A, 50B","arr":["50A","50B"],"terminus":0,"mode":"bus","color":"#0059a9","colorDark":"#00294f","angle":227.2,"snapDist":5,"label":0}},{"type":"Feature","geometry":{"type":"Point","coordinates":[19.486264,51.667665]},"properties":{"name":"Rudzka-Łódzka NŻ (Rzgów)","lines":"50A, 50B","arr":["50A","50B"],"terminus":0,"mode":"bus","color":"#0059a9","colorDark":"#00294f","angle":227.3,"snapDist":4,"label":0}},{"type":"Feature","geometry":{"type":"Point","coordinates":[19.490081,51.662501]},"properties":{"name":"Pl. 500-lecia (Rzgów)","lines":"50A, 50B, 56","arr":["50A","50B","56"],"terminus":0,"mode":"bus","color":"#0059a9","colorDark":"#00294f","angle":244.1,"snapDist":5,"label":0}},{"type":"Feature","geometry":{"type":"Point","coordinates":[19.492754,51.658822]},"properties":{"name":"Tuszyńska-Wąwozowa NŻ (Rzgów)","lines":"50A, 50B, 56","arr":["50A","50B","56"],"terminus":0,"mode":"bus","color":"#0059a9","colorDark":"#00294f","angle":266,"snapDist":4,"label":0}},{"type":"Feature","geometry":{"type":"Point","coordinates":[19.492997,51.656592]},"properties":{"name":"Tuszyńska-Kamienna NŻ (Rzgów)","lines":"50A, 50B, 56","arr":["50A","50B","56"],"terminus":0,"mode":"bus","color":"#0059a9","colorDark":"#00294f","angle":266.8,"snapDist":3,"label":0}},{"type":"Feature","geometry":{"type":"Point","coordinates":[19.48648,51.646431]},"properties":{"name":"CT Ptak Mandoria (Rzgów)","lines":"50B, 56","arr":["50B","56"],"terminus":1,"mode":"bus","color":"#0059a9","colorDark":"#00294f","angle":-3.3,"snapDist":18,"label":1}},{"type":"Feature","geometry":{"type":"Point","coordinates":[19.493908,51.647149]},"properties":{"name":"Tuszyńska-CH PTAK NŻ (Rzgów)","lines":"50B, 56","arr":["50B","56"],"terminus":0,"mode":"bus","color":"#0059a9","colorDark":"#00294f","angle":86,"snapDist":2,"label":1}},{"type":"Feature","geometry":{"type":"Point","coordinates":[19.493492,51.651113]},"properties":{"name":"Tuszyńska-Rzemieślnicza NŻ (Rzgów)","lines":"50B, 56","arr":["50B","56"],"terminus":0,"mode":"bus","color":"#0059a9","colorDark":"#00294f","angle":266.6,"snapDist":6,"label":1}},{"type":"Feature","geometry":{"type":"Point","coordinates":[19.493976,51.646532]},"properties":{"name":"Tuszyńska-CH PTAK NŻ (Rzgów)","lines":"50B, 56","arr":["50B","56"],"terminus":0,"mode":"bus","color":"#0059a9","colorDark":"#00294f","angle":266.4,"snapDist":3,"label":0}},{"type":"Feature","geometry":{"type":"Point","coordinates":[19.468737,51.770331]},"properties":{"name":"Dw. Łódź Fabryczna","lines":"51A, 51B, 53A, 53B, 53C, 57, 61, 67, 85A, 85B, 86","arr":["51A","51B","53A","53B","53C","57","61","67","85A","85B","86"],"terminus":1,"mode":"bus","color":"#0059a9","colorDark":"#00294f","angle":4.8,"snapDist":2,"label":1}},{"type":"Feature","geometry":{"type":"Point","coordinates":[19.465743,51.769805]},"properties":{"name":"Rodziny Poznańskich-Dw. Łódź Fabryczna","lines":"51A, 51B, 53A, 53B, 57, 67, 85B, 86, N7A, N7B, N8, Z13","arr":["51A","51B","53A","53B","57","67","85B","86","N7A","N7B","N8","Z13"],"terminus":0,"mode":"bus","color":"#0059a9","colorDark":"#00294f","angle":342.6,"snapDist":3,"label":1}},{"type":"Feature","geometry":{"type":"Point","coordinates":[19.470466,51.771948]},"properties":{"name":"Narutowicza-pl. Dąbrowskiego","lines":"51A, 51B, 53A, 53B, 57, 61, 67, 85A, 85B, 96, N7A, N7B, Z13","arr":["51A","51B","53A","53B","57","61","67","85A","85B","96","N7A","N7B","Z13"],"terminus":0,"mode":"bus","color":"#0059a9","colorDark":"#00294f","angle":172.2,"snapDist":2,"label":1}},{"type":"Feature","geometry":{"type":"Point","coordinates":[19.473995,51.772908]},"properties":{"name":"Uniwersytecka-Narutowicza","lines":"51A, 51B, 53A, 53B, 61, 88A, 88B, 88C, 88D","arr":["51A","51B","53A","53B","61","88A","88B","88C","88D"],"terminus":0,"mode":"bus","color":"#0059a9","colorDark":"#00294f","angle":126.3,"snapDist":7,"label":1}},{"type":"Feature","geometry":{"type":"Point","coordinates":[19.476611,51.775331]},"properties":{"name":"Uniwersytecka-Rewolucji 1905r.","lines":"51A, 51B, 53A, 53B, 61, 88A, 88B, 88C, 88D","arr":["51A","51B","53A","53B","61","88A","88B","88C","88D"],"terminus":0,"mode":"bus","color":"#0059a9","colorDark":"#00294f","angle":122.7,"snapDist":6,"label":1}},{"type":"Feature","geometry":{"type":"Point","coordinates":[19.480043,51.77818]},"properties":{"name":"Uniwersytecka-Rondo Solidarności","lines":"51A, 51B, 53A, 53B, 61, 88A, 88B, 88C, 88D","arr":["51A","51B","53A","53B","61","88A","88B","88C","88D"],"terminus":0,"mode":"bus","color":"#0059a9","colorDark":"#00294f","angle":124.7,"snapDist":4,"label":1}},{"type":"Feature","geometry":{"type":"Point","coordinates":[19.48305,51.781471]},"properties":{"name":"Palki-Źródłowa","lines":"51A, 51B, 53A, 53B, 60A, 60B, 60C, 60D, 61, 70, 88A, 88B, 88C, 88D, N4A, N4B, N7A, N7B","arr":["51A","51B","53A","53B","60A","60B","60C","60D","61","70","88A","88B","88C","88D","N4A","N4B","N7A","N7B"],"terminus":0,"mode":"bus","color":"#0059a9","colorDark":"#00294f","angle":96.6,"snapDist":10,"label":1}},{"type":"Feature","geometry":{"type":"Point","coordinates":[19.484895,51.788002]},"properties":{"name":"Palki-Smutna","lines":"51A, 51B, 53A, 53B, 60A, 60B, 60C, 60D, 61, 70, 88A, 88B, 88C, 88D, N7A, N7B","arr":["51A","51B","53A","53B","60A","60B","60C","60D","61","70","88A","88B","88C","88D","N7A","N7B"],"terminus":0,"mode":"bus","color":"#0059a9","colorDark":"#00294f","angle":118.5,"snapDist":7,"label":1}},{"type":"Feature","geometry":{"type":"Point","coordinates":[19.486634,51.789979]},"properties":{"name":"Palki-Wojska Polskiego","lines":"51A, 51B, 53A, 53B, 60A, 60B, 60C, 60D, 61, 88A, 88B, 88C, 88D, N7A, N7B","arr":["51A","51B","53A","53B","60A","60B","60C","60D","61","88A","88B","88C","88D","N7A","N7B"],"terminus":0,"mode":"bus","color":"#0059a9","colorDark":"#00294f","angle":120.3,"snapDist":0,"label":1}},{"type":"Feature","geometry":{"type":"Point","coordinates":[19.48866,51.793547]},"properties":{"name":"Strykowska-Wojska Polskiego NŻ","lines":"51A, 51B, 60A, 60B, 60C, 60D, 61","arr":["51A","51B","60A","60B","60C","60D","61"],"terminus":0,"mode":"bus","color":"#0059a9","colorDark":"#00294f","angle":84,"snapDist":3,"label":1}},{"type":"Feature","geometry":{"type":"Point","coordinates":[19.487895,51.79783]},"properties":{"name":"Strykowska-Inflancka","lines":"51A, 51B, 60A, 60B, 60C, 60D, 61","arr":["51A","51B","60A","60B","60C","60D","61"],"terminus":0,"mode":"bus","color":"#0059a9","colorDark":"#00294f","angle":86.8,"snapDist":0,"label":1}},{"type":"Feature","geometry":{"type":"Point","coordinates":[19.48872,51.80115]},"properties":{"name":"Wycieczkowa-Strykowska","lines":"51A, 51B, 61","arr":["51A","51B","61"],"terminus":0,"mode":"bus","color":"#0059a9","colorDark":"#00294f","angle":71.8,"snapDist":11,"label":1}},{"type":"Feature","geometry":{"type":"Point","coordinates":[19.487276,51.80583]},"properties":{"name":"Wycieczkowa-Wypoczynkowa NŻ","lines":"51A, 51B, 61","arr":["51A","51B","61"],"terminus":0,"mode":"bus","color":"#0059a9","colorDark":"#00294f","angle":84.6,"snapDist":0,"label":1}},{"type":"Feature","geometry":{"type":"Point","coordinates":[19.487244,51.81011]},"properties":{"name":"Wycieczkowa-Woskowa NŻ","lines":"51A, 51B, 61","arr":["51A","51B","61"],"terminus":0,"mode":"bus","color":"#0059a9","colorDark":"#00294f","angle":90.5,"snapDist":2,"label":1}},{"type":"Feature","geometry":{"type":"Point","coordinates":[19.487242,51.813313]},"properties":{"name":"Wycieczkowa-Warszawska","lines":"51A, 51B, 61","arr":["51A","51B","61"],"terminus":0,"mode":"bus","color":"#0059a9","colorDark":"#00294f","angle":82.3,"snapDist":6,"label":1}},{"type":"Feature","geometry":{"type":"Point","coordinates":[19.486533,51.81725]},"properties":{"name":"Wycieczkowa-Rogowska NŻ","lines":"51A, 51B, 61","arr":["51A","51B","61"],"terminus":0,"mode":"bus","color":"#0059a9","colorDark":"#00294f","angle":87.2,"snapDist":0,"label":1}},{"type":"Feature","geometry":{"type":"Point","coordinates":[19.48732,51.821862]},"properties":{"name":"Wycieczkowa-Wiewiórcza NŻ","lines":"51A, 51B, 61","arr":["51A","51B","61"],"terminus":0,"mode":"bus","color":"#0059a9","colorDark":"#00294f","angle":96.5,"snapDist":2,"label":1}},{"type":"Feature","geometry":{"type":"Point","coordinates":[19.487949,51.82526]},"properties":{"name":"Wycieczkowa-Nowaka-Jeziorańskiego NŻ","lines":"51A, 51B, 61","arr":["51A","51B","61"],"terminus":0,"mode":"bus","color":"#0059a9","colorDark":"#00294f","angle":96.4,"snapDist":0,"label":1}},{"type":"Feature","geometry":{"type":"Point","coordinates":[19.483604,51.834924]},"properties":{"name":"Wycieczkowa-Wycieczkowa 86 NŻ","lines":"51A, 51B, 61","arr":["51A","51B","61"],"terminus":0,"mode":"bus","color":"#0059a9","colorDark":"#00294f","angle":70.7,"snapDist":2,"label":1}},{"type":"Feature","geometry":{"type":"Point","coordinates":[19.474865,51.846866]},"properties":{"name":"Okólna-Łagiewniki","lines":"51A, 51B","arr":["51A","51B"],"terminus":1,"mode":"bus","color":"#0059a9","colorDark":"#00294f","angle":323.9,"snapDist":1,"label":1}},{"type":"Feature","geometry":{"type":"Point","coordinates":[19.483338,51.83539]},"properties":{"name":"Wycieczkowa-Wycieczkowa 86 NŻ","lines":"51A, 51B, 61","arr":["51A","51B","61"],"terminus":0,"mode":"bus","color":"#0059a9","colorDark":"#00294f","angle":250.7,"snapDist":4,"label":0}},{"type":"Feature","geometry":{"type":"Point","coordinates":[19.487994,51.82551]},"properties":{"name":"Wycieczkowa-Nowaka-Jeziorańskiego NŻ","lines":"51A, 51B, 61","arr":["51A","51B","61"],"terminus":0,"mode":"bus","color":"#0059a9","colorDark":"#00294f","angle":276.4,"snapDist":0,"label":0}},{"type":"Feature","geometry":{"type":"Point","coordinates":[19.487283,51.82166]},"properties":{"name":"Wycieczkowa-Wiewiórcza NŻ","lines":"51A, 51B, 61","arr":["51A","51B","61"],"terminus":0,"mode":"bus","color":"#0059a9","colorDark":"#00294f","angle":276.5,"snapDist":0,"label":0}},{"type":"Feature","geometry":{"type":"Point","coordinates":[19.48659,51.817901]},"properties":{"name":"Wycieczkowa-Rogowska NŻ","lines":"51A, 51B, 61","arr":["51A","51B","61"],"terminus":0,"mode":"bus","color":"#0059a9","colorDark":"#00294f","angle":276.5,"snapDist":1,"label":0}},{"type":"Feature","geometry":{"type":"Point","coordinates":[19.487017,51.814345]},"properties":{"name":"Wycieczkowa-Warszawska","lines":"51A, 51B, 61","arr":["51A","51B","61"],"terminus":0,"mode":"bus","color":"#0059a9","colorDark":"#00294f","angle":262,"snapDist":4,"label":0}},{"type":"Feature","geometry":{"type":"Point","coordinates":[19.487237,51.809819]},"properties":{"name":"Wycieczkowa-Woskowa NŻ","lines":"51A, 51B, 61","arr":["51A","51B","61"],"terminus":0,"mode":"bus","color":"#0059a9","colorDark":"#00294f","angle":271.4,"snapDist":5,"label":0}},{"type":"Feature","geometry":{"type":"Point","coordinates":[19.487198,51.806524]},"properties":{"name":"Wycieczkowa-Wypoczynkowa NŻ","lines":"51A, 51B, 61","arr":["51A","51B","61"],"terminus":0,"mode":"bus","color":"#0059a9","colorDark":"#00294f","angle":267.2,"snapDist":8,"label":0}},{"type":"Feature","geometry":{"type":"Point","coordinates":[19.488692,51.801205]},"properties":{"name":"Wycieczkowa-Strykowska","lines":"51A, 51B, 61","arr":["51A","51B","61"],"terminus":0,"mode":"bus","color":"#0059a9","colorDark":"#00294f","angle":253.5,"snapDist":6,"label":0}},{"type":"Feature","geometry":{"type":"Point","coordinates":[19.487744,51.797355]},"properties":{"name":"Strykowska-Inflancka","lines":"51A, 51B, 60A, 60B, 60C, 60D, 61","arr":["51A","51B","60A","60B","60C","60D","61"],"terminus":0,"mode":"bus","color":"#0059a9","colorDark":"#00294f","angle":263.7,"snapDist":5,"label":0}},{"type":"Feature","geometry":{"type":"Point","coordinates":[19.486647,51.790291]},"properties":{"name":"Palki-Wojska Polskiego","lines":"51A, 51B, 53A, 53B, 53C, 60A, 60B, 60C, 60D, 61, 70, 88A, 88B, 88C, 88D, N7A, N7B","arr":["51A","51B","53A","53B","53C","60A","60B","60C","60D","61","70","88A","88B","88C","88D","N7A","N7B"],"terminus":0,"mode":"bus","color":"#0059a9","colorDark":"#00294f","angle":298.1,"snapDist":11,"label":0}},{"type":"Feature","geometry":{"type":"Point","coordinates":[19.484009,51.787257]},"properties":{"name":"Palki-Smutna","lines":"51A, 51B, 53A, 53B, 53C, 60A, 60B, 60C, 60D, 61, 70, 88A, 88B, 88C, 88D, N7A, N7B","arr":["51A","51B","53A","53B","53C","60A","60B","60C","60D","61","70","88A","88B","88C","88D","N7A","N7B"],"terminus":0,"mode":"bus","color":"#0059a9","colorDark":"#00294f","angle":298.3,"snapDist":10,"label":0}},{"type":"Feature","geometry":{"type":"Point","coordinates":[19.48212,51.780256]},"properties":{"name":"Palki-Źródłowa","lines":"51A, 51B, 53A, 53B, 53C, 61, 88A, 88B, 88C, 88D, N4A, N4B","arr":["51A","51B","53A","53B","53C","61","88A","88B","88C","88D","N4A","N4B"],"terminus":0,"mode":"bus","color":"#0059a9","colorDark":"#00294f","angle":303,"snapDist":9,"label":0}},{"type":"Feature","geometry":{"type":"Point","coordinates":[19.480142,51.778486]},"properties":{"name":"Uniwersytecka-rondo Solidarności","lines":"51A, 51B, 53A, 53B, 53C, 61, 88A, 88B, 88C, 88D","arr":["51A","51B","53A","53B","53C","61","88A","88B","88C","88D"],"terminus":0,"mode":"bus","color":"#0059a9","colorDark":"#00294f","angle":304.6,"snapDist":3,"label":1}},{"type":"Feature","geometry":{"type":"Point","coordinates":[19.477019,51.775917]},"properties":{"name":"Uniwersytecka-Rewolucji 1905r.","lines":"51A, 51B, 53A, 53B, 53C, 61, 86, 88A, 88B, 88C, 88D","arr":["51A","51B","53A","53B","53C","61","86","88A","88B","88C","88D"],"terminus":0,"mode":"bus","color":"#0059a9","colorDark":"#00294f","angle":306.6,"snapDist":2,"label":0}},{"type":"Feature","geometry":{"type":"Point","coordinates":[19.473509,51.772737]},"properties":{"name":"Uniwersytecka-Narutowicza","lines":"51A, 51B, 53A, 53B, 53C, 58A, 58B, 61, 86, 88A, 88B, 88C, 88D, N7A, N7B, Z13","arr":["51A","51B","53A","53B","53C","58A","58B","61","86","88A","88B","88C","88D","N7A","N7B","Z13"],"terminus":0,"mode":"bus","color":"#0059a9","colorDark":"#00294f","angle":308.1,"snapDist":8,"label":0}},{"type":"Feature","geometry":{"type":"Point","coordinates":[19.471114,51.770216]},"properties":{"name":"Rodziny Poznańskich-Dw. Łódź Fabryczna","lines":"51A, 51B, 53A, 53B, 53C, 61, 67, 85A, 85B, 86","arr":["51A","51B","53A","53B","53C","61","67","85A","85B","86"],"terminus":0,"mode":"bus","color":"#0059a9","colorDark":"#00294f","angle":4.5,"snapDist":5,"label":1}},{"type":"Feature","geometry":{"type":"Point","coordinates":[19.475004,51.846928]},"properties":{"name":"Okólna-Łagiewniki","lines":"51B, 61, 66","arr":["51B","61","66"],"terminus":0,"mode":"bus","color":"#0059a9","colorDark":"#00294f","angle":323.9,"snapDist":2,"label":0}},{"type":"Feature","geometry":{"type":"Point","coordinates":[19.468784,51.846702]},"properties":{"name":"Okólna-Łagiewnicka","lines":"51B, 61, 66","arr":["51B","61","66"],"terminus":0,"mode":"bus","color":"#0059a9","colorDark":"#00294f","angle":14.7,"snapDist":4,"label":1}},{"type":"Feature","geometry":{"type":"Point","coordinates":[19.459909,51.848124]},"properties":{"name":"Okólna-Secesyjna NŻ","lines":"51B, 61","arr":["51B","61"],"terminus":0,"mode":"bus","color":"#0059a9","colorDark":"#00294f","angle":14.3,"snapDist":3,"label":1}},{"type":"Feature","geometry":{"type":"Point","coordinates":[19.465957,51.851307]},"properties":{"name":"DK nr 71-Łagiewniki Nowe NŻ","lines":"51B","arr":["51B"],"terminus":0,"mode":"bus","color":"#0059a9","colorDark":"#00294f","angle":152.6,"snapDist":3,"label":1}},{"type":"Feature","geometry":{"type":"Point","coordinates":[19.473301,51.853614]},"properties":{"name":"DK nr 71-Przyklasztorze NŻ","lines":"51B","arr":["51B"],"terminus":0,"mode":"bus","color":"#0059a9","colorDark":"#00294f","angle":153.3,"snapDist":3,"label":1}},{"type":"Feature","geometry":{"type":"Point","coordinates":[19.481352,51.85616]},"properties":{"name":"DK nr 71-Godlewskiego NŻ","lines":"51B","arr":["51B"],"terminus":0,"mode":"bus","color":"#0059a9","colorDark":"#00294f","angle":152.6,"snapDist":1,"label":1}},{"type":"Feature","geometry":{"type":"Point","coordinates":[19.490634,51.858863]},"properties":{"name":"Łódź Skotniki","lines":"51B","arr":["51B"],"terminus":1,"mode":"bus","color":"#0059a9","colorDark":"#00294f","angle":221.5,"snapDist":3,"label":1}},{"type":"Feature","geometry":{"type":"Point","coordinates":[19.480784,51.855982]},"properties":{"name":"DK nr 71-Godlewskiego NŻ","lines":"51B","arr":["51B"],"terminus":0,"mode":"bus","color":"#0059a9","colorDark":"#00294f","angle":333.1,"snapDist":10,"label":0}},{"type":"Feature","geometry":{"type":"Point","coordinates":[19.473343,51.853627]},"properties":{"name":"DK nr 71-Przyklasztorze NŻ","lines":"51B","arr":["51B"],"terminus":0,"mode":"bus","color":"#0059a9","colorDark":"#00294f","angle":333.3,"snapDist":7,"label":0}},{"type":"Feature","geometry":{"type":"Point","coordinates":[19.462795,51.850315]},"properties":{"name":"DK nr 71-Łagiewniki Nowe NŻ","lines":"51B","arr":["51B"],"terminus":0,"mode":"bus","color":"#0059a9","colorDark":"#00294f","angle":333.2,"snapDist":7,"label":1}},{"type":"Feature","geometry":{"type":"Point","coordinates":[19.46064,51.848008]},"properties":{"name":"Okólna-Secesyjna NŻ","lines":"51B, 61","arr":["51B","61"],"terminus":0,"mode":"bus","color":"#0059a9","colorDark":"#00294f","angle":194.3,"snapDist":6,"label":0}},{"type":"Feature","geometry":{"type":"Point","coordinates":[19.46626,51.847107]},"properties":{"name":"Okólna-Antyczna NŻ","lines":"51B, 61","arr":["51B","61"],"terminus":0,"mode":"bus","color":"#0059a9","colorDark":"#00294f","angle":194.5,"snapDist":5,"label":1}},{"type":"Feature","geometry":{"type":"Point","coordinates":[19.469052,51.846658]},"properties":{"name":"Okólna-Łagiewnicka","lines":"51B, 61, 66","arr":["51B","61","66"],"terminus":0,"mode":"bus","color":"#0059a9","colorDark":"#00294f","angle":194.9,"snapDist":3,"label":0}},{"type":"Feature","geometry":{"type":"Point","coordinates":[19.503876,51.720102]},"properties":{"name":"Komorniki","lines":"52","arr":["52"],"terminus":1,"mode":"bus","color":"#0059a9","colorDark":"#00294f","angle":258.2,"snapDist":18,"label":1}},{"type":"Feature","geometry":{"type":"Point","coordinates":[19.496158,51.719347]},"properties":{"name":"Kurczaki-cm. Kurczaki","lines":"52, 75A, 75B, N3A","arr":["52","75A","75B","N3A"],"terminus":0,"mode":"bus","color":"#0059a9","colorDark":"#00294f","angle":347.8,"snapDist":3,"label":1}},{"type":"Feature","geometry":{"type":"Point","coordinates":[19.491334,51.718663]},"properties":{"name":"Kurczaki-Socjalna","lines":"52, 75A, 75B, N3A","arr":["52","75A","75B","N3A"],"terminus":0,"mode":"bus","color":"#0059a9","colorDark":"#00294f","angle":347.1,"snapDist":4,"label":1}},{"type":"Feature","geometry":{"type":"Point","coordinates":[19.485002,51.718645]},"properties":{"name":"Rzgowska-Kurczaki","lines":"52, 56, 62, 63, 70, 71A, 71B, 75A, 75B, N3A, N3B","arr":["52","56","62","63","70","71A","71B","75A","75B","N3A","N3B"],"terminus":0,"mode":"bus","color":"#0059a9","colorDark":"#00294f","angle":80.2,"snapDist":10,"label":1}},{"type":"Feature","geometry":{"type":"Point","coordinates":[19.484007,51.721183]},"properties":{"name":"Rzgowska-cm. Rzgowska","lines":"52, 56, 62, 63, 70, 71A, 71B, 75A, 75B, N3A, N3B","arr":["52","56","62","63","70","71A","71B","75A","75B","N3A","N3B"],"terminus":0,"mode":"bus","color":"#0059a9","colorDark":"#00294f","angle":69,"snapDist":5,"label":1}},{"type":"Feature","geometry":{"type":"Point","coordinates":[19.48092,51.724855]},"properties":{"name":"Rzgowska-Dachowa","lines":"52, 56, 70, 75A, 75B, N3A, N3B","arr":["52","56","70","75A","75B","N3A","N3B"],"terminus":0,"mode":"bus","color":"#0059a9","colorDark":"#00294f","angle":62.7,"snapDist":9,"label":1}},{"type":"Feature","geometry":{"type":"Point","coordinates":[19.473821,51.730249]},"properties":{"name":"Paderewskiego-Rzgowska","lines":"52, 56, H","arr":["52","56","H"],"terminus":0,"mode":"bus","color":"#0059a9","colorDark":"#00294f","angle":328.6,"snapDist":3,"label":1}},{"type":"Feature","geometry":{"type":"Point","coordinates":[19.469183,51.728516]},"properties":{"name":"Paderewskiego-Tuszyńska","lines":"52, 56, 63, 69A, 69B, F1, H, N6","arr":["52","56","63","69A","69B","F1","H","N6"],"terminus":0,"mode":"bus","color":"#0059a9","colorDark":"#00294f","angle":328.4,"snapDist":6,"label":1}},{"type":"Feature","geometry":{"type":"Point","coordinates":[19.462234,51.726929]},"properties":{"name":"Paderewskiego-Karpacka","lines":"52, 57, 63, 69A, 69B, F1, H, N6","arr":["52","57","63","69A","69B","F1","H","N6"],"terminus":0,"mode":"bus","color":"#0059a9","colorDark":"#00294f","angle":18.3,"snapDist":1,"label":1}},{"type":"Feature","geometry":{"type":"Point","coordinates":[19.456593,51.729584]},"properties":{"name":"Paderewskiego-Zaolziańska","lines":"52, 57, 63, 69A, 69B, F1, H, N6","arr":["52","57","63","69A","69B","F1","H","N6"],"terminus":0,"mode":"bus","color":"#0059a9","colorDark":"#00294f","angle":34.3,"snapDist":2,"label":1}},{"type":"Feature","geometry":{"type":"Point","coordinates":[19.44696,51.727705]},"properties":{"name":"Jana Pawła II-Pabianicka","lines":"52, 93","arr":["52","93"],"terminus":0,"mode":"bus","color":"#0059a9","colorDark":"#00294f","angle":47.4,"snapDist":7,"label":1}},{"type":"Feature","geometry":{"type":"Point","coordinates":[19.442,51.732754]},"properties":{"name":"Jana Pawła II-Rogozińskiego","lines":"52, 93","arr":["52","93"],"terminus":0,"mode":"bus","color":"#0059a9","colorDark":"#00294f","angle":92.6,"snapDist":10,"label":1}},{"type":"Feature","geometry":{"type":"Point","coordinates":[19.442324,51.737214]},"properties":{"name":"Jana Pawła II-Obywatelska","lines":"52, 65A, 65B, 77, 93","arr":["52","65A","65B","77","93"],"terminus":0,"mode":"bus","color":"#0059a9","colorDark":"#00294f","angle":92.2,"snapDist":11,"label":1}},{"type":"Feature","geometry":{"type":"Point","coordinates":[19.440444,51.745531]},"properties":{"name":"Jana Pawła II-Wróblewskiego","lines":"52, 65A, 65B, 77, 93","arr":["52","65A","65B","77","93"],"terminus":0,"mode":"bus","color":"#0059a9","colorDark":"#00294f","angle":73.3,"snapDist":11,"label":1}},{"type":"Feature","geometry":{"type":"Point","coordinates":[19.437917,51.749207]},"properties":{"name":"Jana Pawła II-Łaska","lines":"52, 65A, 65B, 77, 93","arr":["52","65A","65B","77","93"],"terminus":0,"mode":"bus","color":"#0059a9","colorDark":"#00294f","angle":64.4,"snapDist":3,"label":1}},{"type":"Feature","geometry":{"type":"Point","coordinates":[19.432761,51.757227]},"properties":{"name":"Karolewska-Włókniarzy (Dw. Ł. Kaliska)","lines":"52, 93","arr":["52","93"],"terminus":0,"mode":"bus","color":"#0059a9","colorDark":"#00294f","angle":303.2,"snapDist":7,"label":1}},{"type":"Feature","geometry":{"type":"Point","coordinates":[19.43113,51.756696]},"properties":{"name":"Dw. Łódź Kaliska","lines":"52, 93","arr":["52","93"],"terminus":1,"mode":"bus","color":"#0059a9","colorDark":"#00294f","angle":246.9,"snapDist":7,"label":0}},{"type":"Feature","geometry":{"type":"Point","coordinates":[19.432712,51.757181]},"properties":{"name":"Karolewska-Włókniarzy (Dw. Ł. Kaliska)","lines":"52, 93","arr":["52","93"],"terminus":0,"mode":"bus","color":"#0059a9","colorDark":"#00294f","angle":123.2,"snapDist":6,"label":0}},{"type":"Feature","geometry":{"type":"Point","coordinates":[19.437525,51.749362]},"properties":{"name":"Jana Pawła II-Łaska","lines":"52, 65A, 65B, 93","arr":["52","65A","65B","93"],"terminus":0,"mode":"bus","color":"#0059a9","colorDark":"#00294f","angle":241.3,"snapDist":10,"label":0}},{"type":"Feature","geometry":{"type":"Point","coordinates":[19.440069,51.745714]},"properties":{"name":"Jana Pawła II-Wróblewskiego","lines":"52, 65A, 65B, 93","arr":["52","65A","65B","93"],"terminus":0,"mode":"bus","color":"#0059a9","colorDark":"#00294f","angle":254.1,"snapDist":6,"label":0}},{"type":"Feature","geometry":{"type":"Point","coordinates":[19.44202,51.735808]},"properties":{"name":"Jana Pawła II-Obywatelska","lines":"52, 93","arr":["52","93"],"terminus":0,"mode":"bus","color":"#0059a9","colorDark":"#00294f","angle":272.5,"snapDist":4,"label":0}},{"type":"Feature","geometry":{"type":"Point","coordinates":[19.44177,51.732123]},"properties":{"name":"Jana Pawła II-Rogozińskiego","lines":"52, 93","arr":["52","93"],"terminus":0,"mode":"bus","color":"#0059a9","colorDark":"#00294f","angle":268.4,"snapDist":12,"label":0}},{"type":"Feature","geometry":{"type":"Point","coordinates":[19.457546,51.728865]},"properties":{"name":"Paderewskiego-Zaolziańska","lines":"52, 57, 63, 69A, 69B, F1, N6","arr":["52","57","63","69A","69B","F1","N6"],"terminus":0,"mode":"bus","color":"#0059a9","colorDark":"#00294f","angle":212.1,"snapDist":6,"label":0}},{"type":"Feature","geometry":{"type":"Point","coordinates":[19.46425,51.726264]},"properties":{"name":"Paderewskiego-Karpacka","lines":"52, 63, 69A, 69B, F1, N6","arr":["52","63","69A","69B","F1","N6"],"terminus":0,"mode":"bus","color":"#0059a9","colorDark":"#00294f","angle":151.1,"snapDist":6,"label":0}},{"type":"Feature","geometry":{"type":"Point","coordinates":[19.470717,51.728935]},"properties":{"name":"Paderewskiego-Tuszyńska","lines":"52, 56, 69A, 69B, F1, N6","arr":["52","56","69A","69B","F1","N6"],"terminus":0,"mode":"bus","color":"#0059a9","colorDark":"#00294f","angle":149,"snapDist":10,"label":0}},{"type":"Feature","geometry":{"type":"Point","coordinates":[19.476415,51.729205]},"properties":{"name":"Rzgowska-Bankowa","lines":"52, 56, 70","arr":["52","56","70"],"terminus":0,"mode":"bus","color":"#0059a9","colorDark":"#00294f","angle":233,"snapDist":8,"label":1}},{"type":"Feature","geometry":{"type":"Point","coordinates":[19.481106,51.724325]},"properties":{"name":"Rzgowska-Dachowa","lines":"52, 56, 62, 63, 70, 71A, 71B, 75A, 75B, H, N3A, N3B","arr":["52","56","62","63","70","71A","71B","75A","75B","H","N3A","N3B"],"terminus":0,"mode":"bus","color":"#0059a9","colorDark":"#00294f","angle":238.1,"snapDist":5,"label":0}},{"type":"Feature","geometry":{"type":"Point","coordinates":[19.484082,51.720494]},"properties":{"name":"Rzgowska-cm. Rzgowska","lines":"52, 56, 62, 63, 70, 71A, 71B, 75A, 75B, H, N3A, N3B","arr":["52","56","62","63","70","71A","71B","75A","75B","H","N3A","N3B"],"terminus":0,"mode":"bus","color":"#0059a9","colorDark":"#00294f","angle":249.8,"snapDist":5,"label":0}},{"type":"Feature","geometry":{"type":"Point","coordinates":[19.486119,51.717939]},"properties":{"name":"Kurczaki-Rzgowska","lines":"52, 75A, 75B, N3A","arr":["52","75A","75B","N3A"],"terminus":0,"mode":"bus","color":"#0059a9","colorDark":"#00294f","angle":167.8,"snapDist":7,"label":1}},{"type":"Feature","geometry":{"type":"Point","coordinates":[19.490366,51.718527]},"properties":{"name":"Kurczaki-Socjalna","lines":"52, 75A, 75B, N3A","arr":["52","75A","75B","N3A"],"terminus":0,"mode":"bus","color":"#0059a9","colorDark":"#00294f","angle":167.2,"snapDist":4,"label":0}},{"type":"Feature","geometry":{"type":"Point","coordinates":[19.495866,51.719307]},"properties":{"name":"Kurczaki-cm. Kurczaki","lines":"52, 75A, 75B, N3A","arr":["52","75A","75B","N3A"],"terminus":0,"mode":"bus","color":"#0059a9","colorDark":"#00294f","angle":167.8,"snapDist":8,"label":0}},{"type":"Feature","geometry":{"type":"Point","coordinates":[19.494784,51.793665]},"properties":{"name":"Wojska Polskiego-Łomnicka NŻ","lines":"53A, 53B, 64A, 64B, 81A, 81B, 88A, 88B, 88C, 88D, N7A, N7B, Z6","arr":["53A","53B","64A","64B","81A","81B","88A","88B","88C","88D","N7A","N7B","Z6"],"terminus":0,"mode":"bus","color":"#0059a9","colorDark":"#00294f","angle":154.6,"snapDist":4,"label":1}},{"type":"Feature","geometry":{"type":"Point","coordinates":[19.50406,51.796046]},"properties":{"name":"Brzezińska-Śnieżna NŻ","lines":"53A, 53B, 64A, 64B, 88A, 88B, 88C, 88D, N7A, N7B","arr":["53A","53B","64A","64B","88A","88B","88C","88D","N7A","N7B"],"terminus":0,"mode":"bus","color":"#0059a9","colorDark":"#00294f","angle":167.7,"snapDist":6,"label":1}},{"type":"Feature","geometry":{"type":"Point","coordinates":[19.510868,51.796318]},"properties":{"name":"Brzezińska-CH M1","lines":"53A, 53B, 64A, 64B, 88A, 88B, 88C, 88D, N7A, N7B","arr":["53A","53B","64A","64B","88A","88B","88C","88D","N7A","N7B"],"terminus":0,"mode":"bus","color":"#0059a9","colorDark":"#00294f","angle":177,"snapDist":3,"label":1}},{"type":"Feature","geometry":{"type":"Point","coordinates":[19.516056,51.796573]},"properties":{"name":"Brzezińska-Kerna NŻ","lines":"53A, 53B, 64A, 64B, 88A, 88B, 88C, 88D, N7A, N7B","arr":["53A","53B","64A","64B","88A","88B","88C","88D","N7A","N7B"],"terminus":0,"mode":"bus","color":"#0059a9","colorDark":"#00294f","angle":176.4,"snapDist":5,"label":1}},{"type":"Feature","geometry":{"type":"Point","coordinates":[19.523541,51.796607]},"properties":{"name":"Brzezińska-Janosika","lines":"53A, 53B, 64A, 64B, 88A, 88B, 88C, 88D, N7A, N7B","arr":["53A","53B","64A","64B","88A","88B","88C","88D","N7A","N7B"],"terminus":0,"mode":"bus","color":"#0059a9","colorDark":"#00294f","angle":185.1,"snapDist":9,"label":1}},{"type":"Feature","geometry":{"type":"Point","coordinates":[19.534058,51.795984]},"properties":{"name":"Brzezińska-Marmurowa","lines":"53A, 53B, 88B, 88C, 88D, N7A","arr":["53A","53B","88B","88C","88D","N7A"],"terminus":0,"mode":"bus","color":"#0059a9","colorDark":"#00294f","angle":183.6,"snapDist":9,"label":1}},{"type":"Feature","geometry":{"type":"Point","coordinates":[19.54935,51.795984]},"properties":{"name":"Brzezińska-Karkonoska NŻ","lines":"53A, 53B, N7A","arr":["53A","53B","N7A"],"terminus":0,"mode":"bus","color":"#0059a9","colorDark":"#00294f","angle":180.2,"snapDist":4,"label":1}},{"type":"Feature","geometry":{"type":"Point","coordinates":[19.55456,51.795972]},"properties":{"name":"Brzezińska-Olkuska NŻ","lines":"53A, 53B, N7A","arr":["53A","53B","N7A"],"terminus":0,"mode":"bus","color":"#0059a9","colorDark":"#00294f","angle":180.3,"snapDist":4,"label":1}},{"type":"Feature","geometry":{"type":"Point","coordinates":[19.566026,51.795354]},"properties":{"name":"Brzezińska-Granatowa NŻ","lines":"53A, 53B, N7A","arr":["53A","53B","N7A"],"terminus":0,"mode":"bus","color":"#0059a9","colorDark":"#00294f","angle":185.9,"snapDist":4,"label":1}},{"type":"Feature","geometry":{"type":"Point","coordinates":[19.575272,51.794763]},"properties":{"name":"Brzezińska-Hiacyntowa NŻ","lines":"53A, 53B, N7A","arr":["53A","53B","N7A"],"terminus":0,"mode":"bus","color":"#0059a9","colorDark":"#00294f","angle":185.8,"snapDist":8,"label":1}},{"type":"Feature","geometry":{"type":"Point","coordinates":[19.589083,51.793695]},"properties":{"name":"Brzezińska-Nowosolna","lines":"53A, 53C, N7A","arr":["53A","53C","N7A"],"terminus":1,"mode":"bus","color":"#0059a9","colorDark":"#00294f","angle":223,"snapDist":1,"label":1}},{"type":"Feature","geometry":{"type":"Point","coordinates":[19.573379,51.794883]},"properties":{"name":"Brzezińska-Hiacyntowa NŻ","lines":"53A, 53B, 53C, N7A","arr":["53A","53B","53C","N7A"],"terminus":0,"mode":"bus","color":"#0059a9","colorDark":"#00294f","angle":5.8,"snapDist":7,"label":0}},{"type":"Feature","geometry":{"type":"Point","coordinates":[19.564162,51.795475]},"properties":{"name":"Brzezińska-Granatowa NŻ","lines":"53A, 53B, 53C, N7A","arr":["53A","53B","53C","N7A"],"terminus":0,"mode":"bus","color":"#0059a9","colorDark":"#00294f","angle":6,"snapDist":5,"label":0}},{"type":"Feature","geometry":{"type":"Point","coordinates":[19.55379,51.795974]},"properties":{"name":"Brzezińska-Olkuska NŻ","lines":"53A, 53B, 53C, N7A","arr":["53A","53B","53C","N7A"],"terminus":0,"mode":"bus","color":"#0059a9","colorDark":"#00294f","angle":0.2,"snapDist":5,"label":0}},{"type":"Feature","geometry":{"type":"Point","coordinates":[19.54842,51.795986]},"properties":{"name":"Brzezińska-Karkonoska NŻ","lines":"53A, 53B, 53C, N7A","arr":["53A","53B","53C","N7A"],"terminus":0,"mode":"bus","color":"#0059a9","colorDark":"#00294f","angle":0.2,"snapDist":8,"label":0}},{"type":"Feature","geometry":{"type":"Point","coordinates":[19.534266,51.795976]},"properties":{"name":"Brzezińska-Marmurowa","lines":"53A, 53B, 53C, 88B, 88C, 88D, N7A","arr":["53A","53B","53C","88B","88C","88D","N7A"],"terminus":0,"mode":"bus","color":"#0059a9","colorDark":"#00294f","angle":3.5,"snapDist":5,"label":0}},{"type":"Feature","geometry":{"type":"Point","coordinates":[19.523033,51.796636]},"properties":{"name":"Brzezińska-Janosika","lines":"53A, 53B, 53C, 64A, 64B, 88A, 88B, 88C, 88D, N7A, N7B","arr":["53A","53B","53C","64A","64B","88A","88B","88C","88D","N7A","N7B"],"terminus":0,"mode":"bus","color":"#0059a9","colorDark":"#00294f","angle":5.6,"snapDist":5,"label":0}},{"type":"Feature","geometry":{"type":"Point","coordinates":[19.513033,51.796622]},"properties":{"name":"Brzezińska-Kerna NŻ","lines":"53A, 53B, 64A, 64B, 88A, 88B, 88C, 88D, N7A, N7B","arr":["53A","53B","64A","64B","88A","88B","88C","88D","N7A","N7B"],"terminus":0,"mode":"bus","color":"#0059a9","colorDark":"#00294f","angle":356.6,"snapDist":3,"label":0}},{"type":"Feature","geometry":{"type":"Point","coordinates":[19.501638,51.795745]},"properties":{"name":"Brzezińska-Śnieżna NŻ","lines":"53A, 53B, 53C, 64A, 64B, 81A, 81B, 88A, 88B, 88C, 88D, N7A, N7B, Z6","arr":["53A","53B","53C","64A","64B","81A","81B","88A","88B","88C","88D","N7A","N7B","Z6"],"terminus":0,"mode":"bus","color":"#0059a9","colorDark":"#00294f","angle":338.5,"snapDist":5,"label":0}},{"type":"Feature","geometry":{"type":"Point","coordinates":[19.492662,51.793098]},"properties":{"name":"Wojska Polskiego-Łomnicka NŻ","lines":"53A, 53B, 53C, 64A, 64B, 81A, 81B, 88A, 88B, 88C, 88D, N7A, N7B, Z6","arr":["53A","53B","53C","64A","64B","81A","81B","88A","88B","88C","88D","N7A","N7B","Z6"],"terminus":0,"mode":"bus","color":"#0059a9","colorDark":"#00294f","angle":336,"snapDist":9,"label":0}},{"type":"Feature","geometry":{"type":"Point","coordinates":[19.59037,51.793812]},"properties":{"name":"Brzezińska-Nowosolna","lines":"53B","arr":["53B"],"terminus":0,"mode":"bus","color":"#0059a9","colorDark":"#00294f","angle":185.5,"snapDist":7,"label":0}},{"type":"Feature","geometry":{"type":"Point","coordinates":[19.601948,51.793121]},"properties":{"name":"Brzezińska-Tatarkiewicza NŻ","lines":"53B","arr":["53B"],"terminus":0,"mode":"bus","color":"#0059a9","colorDark":"#00294f","angle":185.8,"snapDist":6,"label":1}},{"type":"Feature","geometry":{"type":"Point","coordinates":[19.610197,51.792604]},"properties":{"name":"Brzezińska-Autostrada A1","lines":"53B","arr":["53B"],"terminus":0,"mode":"bus","color":"#0059a9","colorDark":"#00294f","angle":185.8,"snapDist":5,"label":1}},{"type":"Feature","geometry":{"type":"Point","coordinates":[19.624801,51.79429]},"properties":{"name":"Natolin NŻ","lines":"53B","arr":["53B"],"terminus":0,"mode":"bus","color":"#0059a9","colorDark":"#00294f","angle":149.3,"snapDist":5,"label":1}},{"type":"Feature","geometry":{"type":"Point","coordinates":[19.639233,51.799539]},"properties":{"name":"Teolin NŻ","lines":"53B","arr":["53B"],"terminus":0,"mode":"bus","color":"#0059a9","colorDark":"#00294f","angle":149.2,"snapDist":6,"label":1}},{"type":"Feature","geometry":{"type":"Point","coordinates":[19.661601,51.806403]},"properties":{"name":"Lipiny 67 NŻ","lines":"53B","arr":["53B"],"terminus":0,"mode":"bus","color":"#0059a9","colorDark":"#00294f","angle":181,"snapDist":5,"label":1}},{"type":"Feature","geometry":{"type":"Point","coordinates":[19.66738,51.806364]},"properties":{"name":"Lipiny","lines":"53B","arr":["53B"],"terminus":0,"mode":"bus","color":"#0059a9","colorDark":"#00294f","angle":180.2,"snapDist":8,"label":1}},{"type":"Feature","geometry":{"type":"Point","coordinates":[19.677626,51.805787]},"properties":{"name":"Paprotnia-Moczydła NŻ","lines":"53B","arr":["53B"],"terminus":0,"mode":"bus","color":"#0059a9","colorDark":"#00294f","angle":188.2,"snapDist":8,"label":1}},{"type":"Feature","geometry":{"type":"Point","coordinates":[19.692829,51.804387]},"properties":{"name":"Paprotnia NŻ","lines":"53B","arr":["53B"],"terminus":0,"mode":"bus","color":"#0059a9","colorDark":"#00294f","angle":188.6,"snapDist":9,"label":1}},{"type":"Feature","geometry":{"type":"Point","coordinates":[19.705444,51.80355]},"properties":{"name":"Paprotnia I NŻ","lines":"53B","arr":["53B"],"terminus":0,"mode":"bus","color":"#0059a9","colorDark":"#00294f","angle":184.9,"snapDist":3,"label":1}},{"type":"Feature","geometry":{"type":"Point","coordinates":[19.71949,51.802738]},"properties":{"name":"Łódzka NŻ (Brzeziny)","lines":"53B","arr":["53B"],"terminus":0,"mode":"bus","color":"#0059a9","colorDark":"#00294f","angle":185.3,"snapDist":8,"label":1}},{"type":"Feature","geometry":{"type":"Point","coordinates":[19.743426,51.801066]},"properties":{"name":"Kościuszki (Brzeziny)","lines":"53B","arr":["53B"],"terminus":0,"mode":"bus","color":"#0059a9","colorDark":"#00294f","angle":182.6,"snapDist":8,"label":1}},{"type":"Feature","geometry":{"type":"Point","coordinates":[19.751565,51.799689]},"properties":{"name":"Św. Anny (Brzeziny)","lines":"53B","arr":["53B"],"terminus":0,"mode":"bus","color":"#0059a9","colorDark":"#00294f","angle":254.8,"snapDist":8,"label":1}},{"type":"Feature","geometry":{"type":"Point","coordinates":[19.758876,51.801229]},"properties":{"name":"Bohaterów Warszawy-szkoła (Brzeziny)","lines":"53B","arr":["53B"],"terminus":0,"mode":"bus","color":"#0059a9","colorDark":"#00294f","angle":87.2,"snapDist":2,"label":1}},{"type":"Feature","geometry":{"type":"Point","coordinates":[19.762289,51.803861]},"properties":{"name":"Głowackiego (Brzeziny)","lines":"53B","arr":["53B"],"terminus":1,"mode":"bus","color":"#0059a9","colorDark":"#00294f","angle":171.7,"snapDist":5,"label":1}},{"type":"Feature","geometry":{"type":"Point","coordinates":[19.762952,51.80097]},"properties":{"name":"Przedwiośnie (Brzeziny)","lines":"53B","arr":["53B"],"terminus":0,"mode":"bus","color":"#0059a9","colorDark":"#00294f","angle":270.1,"snapDist":4,"label":1}},{"type":"Feature","geometry":{"type":"Point","coordinates":[19.755967,51.802334]},"properties":{"name":"Modrzewskiego-Biedronka (Brzeziny)","lines":"53B","arr":["53B"],"terminus":0,"mode":"bus","color":"#0059a9","colorDark":"#00294f","angle":94.1,"snapDist":6,"label":1}},{"type":"Feature","geometry":{"type":"Point","coordinates":[19.755539,51.805514]},"properties":{"name":"Woj. Polskiego (Brzeziny)","lines":"53B","arr":["53B"],"terminus":0,"mode":"bus","color":"#0059a9","colorDark":"#00294f","angle":305.7,"snapDist":5,"label":1}},{"type":"Feature","geometry":{"type":"Point","coordinates":[19.752644,51.80092]},"properties":{"name":"Traugutta (Brzeziny)","lines":"53B","arr":["53B"],"terminus":0,"mode":"bus","color":"#0059a9","colorDark":"#00294f","angle":343.7,"snapDist":3,"label":1}},{"type":"Feature","geometry":{"type":"Point","coordinates":[19.74241,51.801096]},"properties":{"name":"Kościuszki (Brzeziny)","lines":"53B","arr":["53B"],"terminus":0,"mode":"bus","color":"#0059a9","colorDark":"#00294f","angle":4.5,"snapDist":8,"label":0}},{"type":"Feature","geometry":{"type":"Point","coordinates":[19.720243,51.802694]},"properties":{"name":"Łódzka NŻ (Brzeziny)","lines":"53B","arr":["53B"],"terminus":0,"mode":"bus","color":"#0059a9","colorDark":"#00294f","angle":5.3,"snapDist":5,"label":0}},{"type":"Feature","geometry":{"type":"Point","coordinates":[19.708825,51.803363]},"properties":{"name":"Paprotnia I NŻ","lines":"53B","arr":["53B"],"terminus":0,"mode":"bus","color":"#0059a9","colorDark":"#00294f","angle":4.6,"snapDist":4,"label":1}},{"type":"Feature","geometry":{"type":"Point","coordinates":[19.693855,51.804295]},"properties":{"name":"Paprotnia NŻ","lines":"53B","arr":["53B"],"terminus":0,"mode":"bus","color":"#0059a9","colorDark":"#00294f","angle":8.3,"snapDist":7,"label":0}},{"type":"Feature","geometry":{"type":"Point","coordinates":[19.676904,51.805855]},"properties":{"name":"Paprotnia-Moczydła NŻ","lines":"53B","arr":["53B"],"terminus":0,"mode":"bus","color":"#0059a9","colorDark":"#00294f","angle":8.5,"snapDist":3,"label":0}},{"type":"Feature","geometry":{"type":"Point","coordinates":[19.669488,51.806347]},"properties":{"name":"Lipiny","lines":"53B","arr":["53B"],"terminus":0,"mode":"bus","color":"#0059a9","colorDark":"#00294f","angle":0.8,"snapDist":8,"label":0}},{"type":"Feature","geometry":{"type":"Point","coordinates":[19.65917,51.806232]},"properties":{"name":"Lipiny 67 NŻ","lines":"53B","arr":["53B"],"terminus":0,"mode":"bus","color":"#0059a9","colorDark":"#00294f","angle":351,"snapDist":4,"label":0}},{"type":"Feature","geometry":{"type":"Point","coordinates":[19.641278,51.800278]},"properties":{"name":"Teolin NŻ","lines":"53B","arr":["53B"],"terminus":0,"mode":"bus","color":"#0059a9","colorDark":"#00294f","angle":330,"snapDist":7,"label":0}},{"type":"Feature","geometry":{"type":"Point","coordinates":[19.627314,51.795214]},"properties":{"name":"Natolin NŻ","lines":"53B","arr":["53B"],"terminus":0,"mode":"bus","color":"#0059a9","colorDark":"#00294f","angle":329.3,"snapDist":7,"label":0}},{"type":"Feature","geometry":{"type":"Point","coordinates":[19.609224,51.792665]},"properties":{"name":"Brzezińska-Autostrada A1","lines":"53B","arr":["53B"],"terminus":0,"mode":"bus","color":"#0059a9","colorDark":"#00294f","angle":5.8,"snapDist":4,"label":0}},{"type":"Feature","geometry":{"type":"Point","coordinates":[19.599284,51.793282]},"properties":{"name":"Brzezińska-Tatarkiewicza NŻ","lines":"53B","arr":["53B"],"terminus":0,"mode":"bus","color":"#0059a9","colorDark":"#00294f","angle":5.4,"snapDist":4,"label":0}},{"type":"Feature","geometry":{"type":"Point","coordinates":[19.59152,51.793744]},"properties":{"name":"Brzezińska-Nowosolna","lines":"53B","arr":["53B"],"terminus":0,"mode":"bus","color":"#0059a9","colorDark":"#00294f","angle":5.5,"snapDist":7,"label":0}},{"type":"Feature","geometry":{"type":"Point","coordinates":[19.515065,51.796165]},"properties":{"name":"Kerna-Brzezińska","lines":"53C","arr":["53C"],"terminus":0,"mode":"bus","color":"#0059a9","colorDark":"#00294f","angle":255.8,"snapDist":2,"label":1}},{"type":"Feature","geometry":{"type":"Point","coordinates":[19.51301,51.792995]},"properties":{"name":"Centrum Handlowe","lines":"53C","arr":["53C"],"terminus":0,"mode":"bus","color":"#0059a9","colorDark":"#00294f","angle":276.7,"snapDist":5,"label":1}},{"type":"Feature","geometry":{"type":"Point","coordinates":[19.505952,51.792001]},"properties":{"name":"Śnieżna-Stokowska NŻ","lines":"53C, 81A, 81B, Z6","arr":["53C","81A","81B","Z6"],"terminus":0,"mode":"bus","color":"#0059a9","colorDark":"#00294f","angle":66,"snapDist":5,"label":1}},{"type":"Feature","geometry":{"type":"Point","coordinates":[19.504289,51.794313]},"properties":{"name":"Śnieżna-Brzezińska NŻ","lines":"53C, 81A, 81B, Z6","arr":["53C","81A","81B","Z6"],"terminus":0,"mode":"bus","color":"#0059a9","colorDark":"#00294f","angle":66,"snapDist":5,"label":1}},{"type":"Feature","geometry":{"type":"Point","coordinates":[19.485932,51.767321]},"properties":{"name":"pl. Mikulskiego","lines":"54B, Z13","arr":["54B","Z13"],"terminus":1,"mode":"bus","color":"#0059a9","colorDark":"#00294f","angle":226,"snapDist":9,"label":1}},{"type":"Feature","geometry":{"type":"Point","coordinates":[19.483761,51.767257]},"properties":{"name":"Kopcińskiego-Tuwima","lines":"54B, 60A, 60B, 60C, 60D, 70, 80A, 80B, 96, Z13","arr":["54B","60A","60B","60C","60D","70","80A","80B","96","Z13"],"terminus":0,"mode":"bus","color":"#0059a9","colorDark":"#00294f","angle":261.9,"snapDist":6,"label":1}},{"type":"Feature","geometry":{"type":"Point","coordinates":[19.485892,51.760647]},"properties":{"name":"Śmigłego Rydza-Piłsudskiego","lines":"54B, 70, 96","arr":["54B","70","96"],"terminus":0,"mode":"bus","color":"#0059a9","colorDark":"#00294f","angle":237.2,"snapDist":7,"label":1}},{"type":"Feature","geometry":{"type":"Point","coordinates":[19.488251,51.75778]},"properties":{"name":"Śmigłego Rydza-Zbiorcza","lines":"54B, 70, 96","arr":["54B","70","96"],"terminus":0,"mode":"bus","color":"#0059a9","colorDark":"#00294f","angle":249.2,"snapDist":0,"label":1}},{"type":"Feature","geometry":{"type":"Point","coordinates":[19.489393,51.75092]},"properties":{"name":"Śmigłego Rydza-Milionowa","lines":"54B, 55A, 55B, 55C, 70, 96, N8","arr":["54B","55A","55B","55C","70","96","N8"],"terminus":0,"mode":"bus","color":"#0059a9","colorDark":"#00294f","angle":270.5,"snapDist":2,"label":1}},{"type":"Feature","geometry":{"type":"Point","coordinates":[19.489653,51.748219]},"properties":{"name":"Śmigłego Rydza-Przybyszewskiego","lines":"54B, 55A, 55B, 55C, 70, 96, N8","arr":["54B","55A","55B","55C","70","96","N8"],"terminus":0,"mode":"bus","color":"#0059a9","colorDark":"#00294f","angle":259.3,"snapDist":5,"label":1}},{"type":"Feature","geometry":{"type":"Point","coordinates":[19.492666,51.747996]},"properties":{"name":"Przybyszewskiego-Tatrzańska","lines":"54B, 55A, 55B, 55C, 70, 92A, 92B, 96, N5A, N5B, N8","arr":["54B","55A","55B","55C","70","92A","92B","96","N5A","N5B","N8"],"terminus":0,"mode":"bus","color":"#0059a9","colorDark":"#00294f","angle":169.6,"snapDist":5,"label":1}},{"type":"Feature","geometry":{"type":"Point","coordinates":[19.499307,51.748792]},"properties":{"name":"Przybyszewskiego-Zapadła","lines":"54B, 75A, 75B, 96, N5A, N5B","arr":["54B","75A","75B","96","N5A","N5B"],"terminus":0,"mode":"bus","color":"#0059a9","colorDark":"#00294f","angle":169.5,"snapDist":5,"label":1}},{"type":"Feature","geometry":{"type":"Point","coordinates":[19.5058,51.749744]},"properties":{"name":"Przybyszewskiego-Nurta-Kaszyńskiego","lines":"54B, 75A, 75B, 96, N5A, N5B","arr":["54B","75A","75B","96","N5A","N5B"],"terminus":0,"mode":"bus","color":"#0059a9","colorDark":"#00294f","angle":169.8,"snapDist":4,"label":1}},{"type":"Feature","geometry":{"type":"Point","coordinates":[19.512512,51.750492]},"properties":{"name":"Niciarniana-Dw. Łódź Zarzew NŻ","lines":"54B, 75A, 75B","arr":["54B","75A","75B"],"terminus":0,"mode":"bus","color":"#0059a9","colorDark":"#00294f","angle":93.9,"snapDist":3,"label":1}},{"type":"Feature","geometry":{"type":"Point","coordinates":[19.509785,51.757704]},"properties":{"name":"Niciarniana-Niciarniana 45 NŻ","lines":"54B, 75A, 75B","arr":["54B","75A","75B"],"terminus":0,"mode":"bus","color":"#0059a9","colorDark":"#00294f","angle":79.4,"snapDist":4,"label":1}},{"type":"Feature","geometry":{"type":"Point","coordinates":[19.509165,51.759784]},"properties":{"name":"Niciarniana-przychodnia NŻ","lines":"54B, 75A, 75B","arr":["54B","75A","75B"],"terminus":0,"mode":"bus","color":"#0059a9","colorDark":"#00294f","angle":79.7,"snapDist":4,"label":1}},{"type":"Feature","geometry":{"type":"Point","coordinates":[19.507842,51.76422]},"properties":{"name":"Niciarniana-Piłsudskiego","lines":"54B, 64A, 64B","arr":["54B","64A","64B"],"terminus":0,"mode":"bus","color":"#0059a9","colorDark":"#00294f","angle":79.7,"snapDist":6,"label":1}},{"type":"Feature","geometry":{"type":"Point","coordinates":[19.506396,51.768912]},"properties":{"name":"Niciarniana-Dw. Łódź Niciarniana NŻ","lines":"54B, 64A, 64B","arr":["54B","64A","64B"],"terminus":0,"mode":"bus","color":"#0059a9","colorDark":"#00294f","angle":79,"snapDist":4,"label":1}},{"type":"Feature","geometry":{"type":"Point","coordinates":[19.505733,51.771171]},"properties":{"name":"Niciarniana-Czechosłowacka","lines":"54B, 64A, 64B","arr":["54B","64A","64B"],"terminus":0,"mode":"bus","color":"#0059a9","colorDark":"#00294f","angle":86.3,"snapDist":6,"label":1}},{"type":"Feature","geometry":{"type":"Point","coordinates":[19.509397,51.772106]},"properties":{"name":"Czechosłowacka-Mazowiecka","lines":"54B, 58B, 64A, 64B","arr":["54B","58B","64A","64B"],"terminus":0,"mode":"bus","color":"#0059a9","colorDark":"#00294f","angle":190.5,"snapDist":6,"label":1}},{"type":"Feature","geometry":{"type":"Point","coordinates":[19.515321,51.770477]},"properties":{"name":"Czechosłowacka-Edwarda NŻ","lines":"54B, 58B, 64A, 64B","arr":["54B","58B","64A","64B"],"terminus":0,"mode":"bus","color":"#0059a9","colorDark":"#00294f","angle":208.7,"snapDist":7,"label":1}},{"type":"Feature","geometry":{"type":"Point","coordinates":[19.520827,51.774376]},"properties":{"name":"Edwarda-Pomorska","lines":"54B, 58B, 64A, 64B","arr":["54B","58B","64A","64B"],"terminus":0,"mode":"bus","color":"#0059a9","colorDark":"#00294f","angle":133.9,"snapDist":4,"label":1}},{"type":"Feature","geometry":{"type":"Point","coordinates":[19.534479,51.773623]},"properties":{"name":"Pomorska-Kasprowy Wierch NŻ","lines":"54B, 58A, 58B, N4A, N4B","arr":["54B","58A","58B","N4A","N4B"],"terminus":0,"mode":"bus","color":"#0059a9","colorDark":"#00294f","angle":189.4,"snapDist":8,"label":1}},{"type":"Feature","geometry":{"type":"Point","coordinates":[19.543317,51.774208]},"properties":{"name":"Skalna-Juhasowa","lines":"54B, 58A, 58B","arr":["54B","58A","58B"],"terminus":0,"mode":"bus","color":"#0059a9","colorDark":"#00294f","angle":320.3,"snapDist":6,"label":0}},{"type":"Feature","geometry":{"type":"Point","coordinates":[19.552041,51.7718]},"properties":{"name":"Pomorska-Arniki NŻ","lines":"54B, 58A, 58B","arr":["54B","58A","58B"],"terminus":0,"mode":"bus","color":"#0059a9","colorDark":"#00294f","angle":189.6,"snapDist":5,"label":1}},{"type":"Feature","geometry":{"type":"Point","coordinates":[19.563162,51.770666]},"properties":{"name":"Pomorska-Henrykowska NŻ","lines":"54B, 58A, 58B","arr":["54B","58A","58B"],"terminus":0,"mode":"bus","color":"#0059a9","colorDark":"#00294f","angle":189.1,"snapDist":5,"label":1}},{"type":"Feature","geometry":{"type":"Point","coordinates":[19.569075,51.77008]},"properties":{"name":"Pomorska-Iglasta","lines":"54B, 58A, 58B","arr":["54B","58A","58B"],"terminus":0,"mode":"bus","color":"#0059a9","colorDark":"#00294f","angle":189,"snapDist":2,"label":1}},{"type":"Feature","geometry":{"type":"Point","coordinates":[19.573388,51.770559]},"properties":{"name":"Pomorska-Popielarnia NŻ","lines":"54B","arr":["54B"],"terminus":0,"mode":"bus","color":"#0059a9","colorDark":"#00294f","angle":165.1,"snapDist":3,"label":1}},{"type":"Feature","geometry":{"type":"Point","coordinates":[19.581092,51.774411]},"properties":{"name":"Pomorska-Pomorska 466 NŻ","lines":"54B","arr":["54B"],"terminus":0,"mode":"bus","color":"#0059a9","colorDark":"#00294f","angle":140.1,"snapDist":3,"label":1}},{"type":"Feature","geometry":{"type":"Point","coordinates":[19.588237,51.780272]},"properties":{"name":"Pomorska-Śródziemnomorska NŻ","lines":"54B","arr":["54B"],"terminus":0,"mode":"bus","color":"#0059a9","colorDark":"#00294f","angle":93.9,"snapDist":3,"label":1}},{"type":"Feature","geometry":{"type":"Point","coordinates":[19.588691,51.784513]},"properties":{"name":"Pomorska-Gryfa Pomorskiego NŻ","lines":"54B","arr":["54B"],"terminus":0,"mode":"bus","color":"#0059a9","colorDark":"#00294f","angle":93.8,"snapDist":5,"label":1}},{"type":"Feature","geometry":{"type":"Point","coordinates":[19.589122,51.788543]},"properties":{"name":"Pomorska-Wendy NŻ","lines":"54B","arr":["54B"],"terminus":0,"mode":"bus","color":"#0059a9","colorDark":"#00294f","angle":93.8,"snapDist":5,"label":1}},{"type":"Feature","geometry":{"type":"Point","coordinates":[19.589594,51.793022]},"properties":{"name":"Pomorska-Nowosolna","lines":"54B","arr":["54B"],"terminus":0,"mode":"bus","color":"#0059a9","colorDark":"#00294f","angle":93.5,"snapDist":3,"label":1}},{"type":"Feature","geometry":{"type":"Point","coordinates":[19.580411,51.800956]},"properties":{"name":"Kasprowicza-ROD Relaks NŻ","lines":"54B","arr":["54B"],"terminus":0,"mode":"bus","color":"#0059a9","colorDark":"#00294f","angle":51.4,"snapDist":3,"label":1}},{"type":"Feature","geometry":{"type":"Point","coordinates":[19.576299,51.804105]},"properties":{"name":"Kasprowicza-Witkacego NŻ","lines":"54B","arr":["54B"],"terminus":0,"mode":"bus","color":"#0059a9","colorDark":"#00294f","angle":50.8,"snapDist":3,"label":1}},{"type":"Feature","geometry":{"type":"Point","coordinates":[19.573284,51.806417]},"properties":{"name":"ROD Polanka","lines":"54B","arr":["54B"],"terminus":0,"mode":"bus","color":"#0059a9","colorDark":"#00294f","angle":50.7,"snapDist":4,"label":0}},{"type":"Feature","geometry":{"type":"Point","coordinates":[19.5733,51.806405]},"properties":{"name":"ROD Polanka","lines":"54B","arr":["54B"],"terminus":1,"mode":"bus","color":"#0059a9","colorDark":"#00294f","angle":-129.1,"snapDist":4,"label":1}},{"type":"Feature","geometry":{"type":"Point","coordinates":[19.576327,51.804084]},"properties":{"name":"Kasprowicza-Witkacego NŻ","lines":"54B","arr":["54B"],"terminus":0,"mode":"bus","color":"#0059a9","colorDark":"#00294f","angle":230.8,"snapDist":6,"label":0}},{"type":"Feature","geometry":{"type":"Point","coordinates":[19.580317,51.801028]},"properties":{"name":"Kasprowicza-ROD Relaks NŻ","lines":"54B","arr":["54B"],"terminus":0,"mode":"bus","color":"#0059a9","colorDark":"#00294f","angle":231.2,"snapDist":5,"label":0}},{"type":"Feature","geometry":{"type":"Point","coordinates":[19.589611,51.793196]},"properties":{"name":"Pomorska-Nowosolna","lines":"54B","arr":["54B"],"terminus":0,"mode":"bus","color":"#0059a9","colorDark":"#00294f","angle":273.9,"snapDist":6,"label":0}},{"type":"Feature","geometry":{"type":"Point","coordinates":[19.589146,51.788766]},"properties":{"name":"Pomorska-Wendy NŻ","lines":"54B","arr":["54B"],"terminus":0,"mode":"bus","color":"#0059a9","colorDark":"#00294f","angle":273.8,"snapDist":7,"label":0}},{"type":"Feature","geometry":{"type":"Point","coordinates":[19.588757,51.785107]},"properties":{"name":"Pomorska-Gryfa Pomorskiego NŻ","lines":"54B","arr":["54B"],"terminus":0,"mode":"bus","color":"#0059a9","colorDark":"#00294f","angle":273.9,"snapDist":5,"label":0}},{"type":"Feature","geometry":{"type":"Point","coordinates":[19.588202,51.779956]},"properties":{"name":"Pomorska-Śródziemnomorska NŻ","lines":"54B","arr":["54B"],"terminus":0,"mode":"bus","color":"#0059a9","colorDark":"#00294f","angle":274,"snapDist":6,"label":0}},{"type":"Feature","geometry":{"type":"Point","coordinates":[19.580135,51.773917]},"properties":{"name":"Pomorska-Pomorska 466 NŻ","lines":"54B","arr":["54B"],"terminus":0,"mode":"bus","color":"#0059a9","colorDark":"#00294f","angle":320.1,"snapDist":5,"label":0}},{"type":"Feature","geometry":{"type":"Point","coordinates":[19.574574,51.771055]},"properties":{"name":"Pomorska-Popielarnia NŻ","lines":"54B","arr":["54B"],"terminus":0,"mode":"bus","color":"#0059a9","colorDark":"#00294f","angle":319.7,"snapDist":4,"label":0}},{"type":"Feature","geometry":{"type":"Point","coordinates":[19.569116,51.770076]},"properties":{"name":"Pomorska-Iglasta","lines":"54B, 58A, 58B","arr":["54B","58A","58B"],"terminus":0,"mode":"bus","color":"#0059a9","colorDark":"#00294f","angle":9,"snapDist":6,"label":0}},{"type":"Feature","geometry":{"type":"Point","coordinates":[19.563672,51.770612]},"properties":{"name":"Pomorska-Henrykowska NŻ","lines":"54B, 58A, 58B","arr":["54B","58A","58B"],"terminus":0,"mode":"bus","color":"#0059a9","colorDark":"#00294f","angle":9.9,"snapDist":3,"label":0}},{"type":"Feature","geometry":{"type":"Point","coordinates":[19.553707,51.771627]},"properties":{"name":"Pomorska-Arniki NŻ","lines":"54B, 58A, 58B","arr":["54B","58A","58B"],"terminus":0,"mode":"bus","color":"#0059a9","colorDark":"#00294f","angle":9.4,"snapDist":1,"label":0}},{"type":"Feature","geometry":{"type":"Point","coordinates":[19.54311,51.774114]},"properties":{"name":"Skalna-Juhasowa","lines":"54B, 58A, 58B, N4A, N4B","arr":["54B","58A","58B","N4A","N4B"],"terminus":1,"mode":"bus","color":"#0059a9","colorDark":"#00294f","angle":4.8,"snapDist":8,"label":1}},{"type":"Feature","geometry":{"type":"Point","coordinates":[19.536068,51.775216]},"properties":{"name":"Skalna-Kasprowy Wierch NŻ","lines":"54B, 58A, 58B, N4A, N4B","arr":["54B","58A","58B","N4A","N4B"],"terminus":0,"mode":"bus","color":"#0059a9","colorDark":"#00294f","angle":11.8,"snapDist":7,"label":1}},{"type":"Feature","geometry":{"type":"Point","coordinates":[19.520792,51.774353]},"properties":{"name":"Edwarda-Pomorska","lines":"54B, 58B, 64A, 64B","arr":["54B","58B","64A","64B"],"terminus":0,"mode":"bus","color":"#0059a9","colorDark":"#00294f","angle":313.9,"snapDist":6,"label":0}},{"type":"Feature","geometry":{"type":"Point","coordinates":[19.515335,51.770472]},"properties":{"name":"Czechosłowacka-Edwarda NŻ","lines":"54B, 58B, 64A, 64B","arr":["54B","58B","64A","64B"],"terminus":0,"mode":"bus","color":"#0059a9","colorDark":"#00294f","angle":29.9,"snapDist":6,"label":0}},{"type":"Feature","geometry":{"type":"Point","coordinates":[19.509082,51.772112]},"properties":{"name":"Czechosłowacka-Mazowiecka","lines":"54B, 58B, 64A, 64B","arr":["54B","58B","64A","64B"],"terminus":0,"mode":"bus","color":"#0059a9","colorDark":"#00294f","angle":352.8,"snapDist":6,"label":0}},{"type":"Feature","geometry":{"type":"Point","coordinates":[19.506254,51.77172]},"properties":{"name":"Czechosłowacka-Niciarniana","lines":"54B, 58A, 58B, 64A, 64B","arr":["54B","58A","58B","64A","64B"],"terminus":0,"mode":"bus","color":"#0059a9","colorDark":"#00294f","angle":348.2,"snapDist":5,"label":1}},{"type":"Feature","geometry":{"type":"Point","coordinates":[19.506554,51.768404]},"properties":{"name":"Niciarniana-Dw. Łódź Niciarniana NŻ","lines":"54B, 64A, 64B","arr":["54B","64A","64B"],"terminus":0,"mode":"bus","color":"#0059a9","colorDark":"#00294f","angle":259.3,"snapDist":9,"label":0}},{"type":"Feature","geometry":{"type":"Point","coordinates":[19.508335,51.762573]},"properties":{"name":"Niciarniana-Piłsudskiego","lines":"54B, 75A, 75B","arr":["54B","75A","75B"],"terminus":0,"mode":"bus","color":"#0059a9","colorDark":"#00294f","angle":259.8,"snapDist":8,"label":0}},{"type":"Feature","geometry":{"type":"Point","coordinates":[19.509323,51.759262]},"properties":{"name":"Niciarniana-przychodnia NŻ","lines":"54B, 75A, 75B","arr":["54B","75A","75B"],"terminus":0,"mode":"bus","color":"#0059a9","colorDark":"#00294f","angle":259.3,"snapDist":7,"label":0}},{"type":"Feature","geometry":{"type":"Point","coordinates":[19.509956,51.757134]},"properties":{"name":"Niciarniana-Niciarniana 45 NŻ","lines":"54B, 75A, 75B","arr":["54B","75A","75B"],"terminus":0,"mode":"bus","color":"#0059a9","colorDark":"#00294f","angle":259.2,"snapDist":8,"label":0}},{"type":"Feature","geometry":{"type":"Point","coordinates":[19.51151,51.751688]},"properties":{"name":"Niciarniana-Dw. Łódź Zarzew NŻ","lines":"54B, 75A, 75B","arr":["54B","75A","75B"],"terminus":0,"mode":"bus","color":"#0059a9","colorDark":"#00294f","angle":319,"snapDist":6,"label":0}},{"type":"Feature","geometry":{"type":"Point","coordinates":[19.50677,51.749845]},"properties":{"name":"Przybyszewskiego-Nurta-Kaszyńskiego","lines":"54B, 75A, 75B, 96, N5A, N5B","arr":["54B","75A","75B","96","N5A","N5B"],"terminus":0,"mode":"bus","color":"#0059a9","colorDark":"#00294f","angle":349.6,"snapDist":4,"label":0}},{"type":"Feature","geometry":{"type":"Point","coordinates":[19.499898,51.748852]},"properties":{"name":"Przybyszewskiego-Zapadła","lines":"54B, 75A, 75B, 96, N5A, N5B","arr":["54B","75A","75B","96","N5A","N5B"],"terminus":0,"mode":"bus","color":"#0059a9","colorDark":"#00294f","angle":349.9,"snapDist":3,"label":0}},{"type":"Feature","geometry":{"type":"Point","coordinates":[19.490593,51.74774]},"properties":{"name":"Przybyszewskiego-Śmigłego-Rydza","lines":"54B, 55A, 55B, 55C, 70, 96, N5A, N5B, N8","arr":["54B","55A","55B","55C","70","96","N5A","N5B","N8"],"terminus":0,"mode":"bus","color":"#0059a9","colorDark":"#00294f","angle":349.1,"snapDist":5,"label":1}},{"type":"Feature","geometry":{"type":"Point","coordinates":[19.489336,51.75256]},"properties":{"name":"Śmigłego Rydza-Milionowa","lines":"54B, 70, 96","arr":["54B","70","96"],"terminus":0,"mode":"bus","color":"#0059a9","colorDark":"#00294f","angle":88.8,"snapDist":2,"label":0}},{"type":"Feature","geometry":{"type":"Point","coordinates":[19.488129,51.75798]},"properties":{"name":"Śmigłego Rydza-Zbiorcza","lines":"54B, 70, 96","arr":["54B","70","96"],"terminus":0,"mode":"bus","color":"#0059a9","colorDark":"#00294f","angle":69.2,"snapDist":0,"label":0}},{"type":"Feature","geometry":{"type":"Point","coordinates":[19.484813,51.762429]},"properties":{"name":"Kopcińskiego-Piłsudskiego","lines":"54B, 60A, 60B, 60C, 60D, 70, 80A, 80B, 96, Z13","arr":["54B","60A","60B","60C","60D","70","80A","80B","96","Z13"],"terminus":0,"mode":"bus","color":"#0059a9","colorDark":"#00294f","angle":82.1,"snapDist":1,"label":1}},{"type":"Feature","geometry":{"type":"Point","coordinates":[19.383304,51.747439]},"properties":{"name":"Retkinia Kusocińskiego","lines":"55A, 55B, 55C, 86","arr":["55A","55B","55C","86"],"terminus":1,"mode":"bus","color":"#0059a9","colorDark":"#00294f","angle":237.7,"snapDist":14,"label":1}},{"type":"Feature","geometry":{"type":"Point","coordinates":[19.384999,51.748034]},"properties":{"name":"Kusocińskiego-Popiełuszki","lines":"55A, 55B, 55C, 80A, 80B, 99, N2","arr":["55A","55B","55C","80A","80B","99","N2"],"terminus":0,"mode":"bus","color":"#0059a9","colorDark":"#00294f","angle":145.6,"snapDist":9,"label":1}},{"type":"Feature","geometry":{"type":"Point","coordinates":[19.392279,51.750185]},"properties":{"name":"Kusocińskiego-Armii Krajowej","lines":"55A, 55B, 55C, 80A, 80B, 99, N2","arr":["55A","55B","55C","80A","80B","99","N2"],"terminus":0,"mode":"bus","color":"#0059a9","colorDark":"#00294f","angle":155.3,"snapDist":7,"label":1}},{"type":"Feature","geometry":{"type":"Point","coordinates":[19.399967,51.752246]},"properties":{"name":"Kusocińskiego-Babickiego","lines":"55A, 55B, 55C, 80A, 80B","arr":["55A","55B","55C","80A","80B"],"terminus":0,"mode":"bus","color":"#0059a9","colorDark":"#00294f","angle":156.4,"snapDist":6,"label":1}},{"type":"Feature","geometry":{"type":"Point","coordinates":[19.407205,51.752383]},"properties":{"name":"Kusocińskiego-Retkińska","lines":"55A, 55B, 55C, 80A, 80B","arr":["55A","55B","55C","80A","80B"],"terminus":0,"mode":"bus","color":"#0059a9","colorDark":"#00294f","angle":188.3,"snapDist":7,"label":1}},{"type":"Feature","geometry":{"type":"Point","coordinates":[19.405705,51.747111]},"properties":{"name":"Retkińska-Wyszyńskiego","lines":"55A, 55B, 55C","arr":["55A","55B","55C"],"terminus":0,"mode":"bus","color":"#0059a9","colorDark":"#00294f","angle":280.9,"snapDist":0,"label":1}},{"type":"Feature","geometry":{"type":"Point","coordinates":[19.40543,51.744843]},"properties":{"name":"Retkińska-Zagrodniki","lines":"55A, 55B, 55C","arr":["55A","55B","55C"],"terminus":0,"mode":"bus","color":"#0059a9","colorDark":"#00294f","angle":267.8,"snapDist":8,"label":1}},{"type":"Feature","geometry":{"type":"Point","coordinates":[19.406351,51.741398]},"properties":{"name":"Maratońska-Dw. Łódź Retkinia","lines":"55A, 55B, 55C, 69A, 69B, 86, N7A, N7B","arr":["55A","55B","55C","69A","69B","86","N7A","N7B"],"terminus":0,"mode":"bus","color":"#0059a9","colorDark":"#00294f","angle":167,"snapDist":9,"label":1}},{"type":"Feature","geometry":{"type":"Point","coordinates":[19.411843,51.742357]},"properties":{"name":"Maratońska-Obywatelska","lines":"55A, 55B, 55C, 69A, 69B, 86, N7A, N7B","arr":["55A","55B","55C","69A","69B","86","N7A","N7B"],"terminus":0,"mode":"bus","color":"#0059a9","colorDark":"#00294f","angle":153.8,"snapDist":6,"label":1}},{"type":"Feature","geometry":{"type":"Point","coordinates":[19.418997,51.746618]},"properties":{"name":"Waltera-Janke-Wyszyńskiego","lines":"55A, 55B, 55C, 65A, 65B, 67, 69A, 69B, 86, 97A, 97B, N7A, N7B","arr":["55A","55B","55C","65A","65B","67","69A","69B","86","97A","97B","N7A","N7B"],"terminus":0,"mode":"bus","color":"#0059a9","colorDark":"#00294f","angle":255.5,"snapDist":3,"label":1}},{"type":"Feature","geometry":{"type":"Point","coordinates":[19.421486,51.741853]},"properties":{"name":"Waltera-Janke-Nowe Sady NŻ","lines":"55A, 55B, 55C, 65A, 65B","arr":["55A","55B","55C","65A","65B"],"terminus":0,"mode":"bus","color":"#0059a9","colorDark":"#00294f","angle":266.3,"snapDist":5,"label":1}},{"type":"Feature","geometry":{"type":"Point","coordinates":[19.427563,51.737208]},"properties":{"name":"Obywatelska-Elektronowa NŻ","lines":"55A, 55B, 55C, 65A, 65B, N7A, N7B","arr":["55A","55B","55C","65A","65B","N7A","N7B"],"terminus":0,"mode":"bus","color":"#0059a9","colorDark":"#00294f","angle":185.2,"snapDist":10,"label":1}},{"type":"Feature","geometry":{"type":"Point","coordinates":[19.431525,51.73696]},"properties":{"name":"Obywatelska-Obywatelska 106","lines":"55A, 55B, 55C, 65A, 65B, N7A, N7B","arr":["55A","55B","55C","65A","65B","N7A","N7B"],"terminus":0,"mode":"bus","color":"#0059a9","colorDark":"#00294f","angle":185.7,"snapDist":3,"label":1}},{"type":"Feature","geometry":{"type":"Point","coordinates":[19.435744,51.736472]},"properties":{"name":"Obywatelska-Nowe Sady","lines":"55A, 55B, 55C, 65A, 65B, 69A, 69B, 77, F1, N7A, N7B","arr":["55A","55B","55C","65A","65B","69A","69B","77","F1","N7A","N7B"],"terminus":0,"mode":"bus","color":"#0059a9","colorDark":"#00294f","angle":184.9,"snapDist":4,"label":1}},{"type":"Feature","geometry":{"type":"Point","coordinates":[19.443018,51.736418]},"properties":{"name":"Obywatelska-Jana Pawła II","lines":"55A, 55B, 55C, 69A, 69B, F1, N7A, N7B","arr":["55A","55B","55C","69A","69B","F1","N7A","N7B"],"terminus":0,"mode":"bus","color":"#0059a9","colorDark":"#00294f","angle":179.1,"snapDist":10,"label":1}},{"type":"Feature","geometry":{"type":"Point","coordinates":[19.44628,51.736351]},"properties":{"name":"Obywatelska-Cieszkowskiego NŻ","lines":"55A, 55B, 55C, 69A, 69B, F1, N7A, N7B","arr":["55A","55B","55C","69A","69B","F1","N7A","N7B"],"terminus":0,"mode":"bus","color":"#0059a9","colorDark":"#00294f","angle":180.1,"snapDist":5,"label":1}},{"type":"Feature","geometry":{"type":"Point","coordinates":[19.452877,51.736839]},"properties":{"name":"Politechniki-Obywatelska","lines":"55A, 55B, 55C, N7A, N7B","arr":["55A","55B","55C","N7A","N7B"],"terminus":0,"mode":"bus","color":"#0059a9","colorDark":"#00294f","angle":81.9,"snapDist":9,"label":1}},{"type":"Feature","geometry":{"type":"Point","coordinates":[19.45224,51.740523]},"properties":{"name":"Politechniki-Skrzywana","lines":"55A, 55B, 55C, N7A, N7B","arr":["55A","55B","55C","N7A","N7B"],"terminus":0,"mode":"bus","color":"#0059a9","colorDark":"#00294f","angle":77.2,"snapDist":8,"label":1}},{"type":"Feature","geometry":{"type":"Point","coordinates":[19.451319,51.744747]},"properties":{"name":"Politechniki-Wróblewskiego (kampus PŁ)","lines":"55A, 55B, 55C, 72A, 72B, N4A, N4B, N7A, N7B","arr":["55A","55B","55C","72A","72B","N4A","N4B","N7A","N7B"],"terminus":0,"mode":"bus","color":"#0059a9","colorDark":"#00294f","angle":75.8,"snapDist":6,"label":1}},{"type":"Feature","geometry":{"type":"Point","coordinates":[19.450533,51.748046]},"properties":{"name":"Politechniki-park im. Klepacza NŻ","lines":"55A, 55B, 55C, 72A, 72B, N4A, N4B, N7A, N7B","arr":["55A","55B","55C","72A","72B","N4A","N4B","N7A","N7B"],"terminus":0,"mode":"bus","color":"#0059a9","colorDark":"#00294f","angle":82.2,"snapDist":3,"label":1}},{"type":"Feature","geometry":{"type":"Point","coordinates":[19.449908,51.751085]},"properties":{"name":"Politechniki-Radwańska (kampus PŁ)","lines":"55A, 55B, 55C, 72A, 72B, N4A, N4B, N7A, N7B","arr":["55A","55B","55C","72A","72B","N4A","N4B","N7A","N7B"],"terminus":0,"mode":"bus","color":"#0059a9","colorDark":"#00294f","angle":86.3,"snapDist":8,"label":1}},{"type":"Feature","geometry":{"type":"Point","coordinates":[19.454962,51.752336]},"properties":{"name":"Radwańska-Wólczańska","lines":"55A, 55B, 55C, 72A, 72B, 77, N4A, N4B, N7A, N7B","arr":["55A","55B","55C","72A","72B","77","N4A","N4B","N7A","N7B"],"terminus":0,"mode":"bus","color":"#0059a9","colorDark":"#00294f","angle":172.3,"snapDist":4,"label":1}},{"type":"Feature","geometry":{"type":"Point","coordinates":[19.460976,51.752852]},"properties":{"name":"Brzeźna-Piotrkowska","lines":"55A, 55B, 55C, 57, 77","arr":["55A","55B","55C","57","77"],"terminus":0,"mode":"bus","color":"#0059a9","colorDark":"#00294f","angle":172.3,"snapDist":7,"label":1}},{"type":"Feature","geometry":{"type":"Point","coordinates":[19.46387,51.750397]},"properties":{"name":"Sienkiewicza-Tymienieckiego(Ericsson) NŻ","lines":"55A, 55B, 55C, N3A, N3B","arr":["55A","55B","55C","N3A","N3B"],"terminus":0,"mode":"bus","color":"#0059a9","colorDark":"#00294f","angle":263.2,"snapDist":6,"label":1}},{"type":"Feature","geometry":{"type":"Point","coordinates":[19.472241,51.751386]},"properties":{"name":"Tymienieckiego-Kilińskiego","lines":"55A, 55B, 55C, 101, N3A, N3B","arr":["55A","55B","55C","101","N3A","N3B"],"terminus":0,"mode":"bus","color":"#0059a9","colorDark":"#00294f","angle":158.1,"snapDist":9,"label":1}},{"type":"Feature","geometry":{"type":"Point","coordinates":[19.478432,51.752957]},"properties":{"name":"Tymienieckiego-ŁSSE","lines":"55A, 55B, 55C, 101","arr":["55A","55B","55C","101"],"terminus":0,"mode":"bus","color":"#0059a9","colorDark":"#00294f","angle":157.9,"snapDist":7,"label":1}},{"type":"Feature","geometry":{"type":"Point","coordinates":[19.482536,51.753996]},"properties":{"name":"Tymienieckiego-Przędzalniana","lines":"55A, 55B, 55C, 101","arr":["55A","55B","55C","101"],"terminus":0,"mode":"bus","color":"#0059a9","colorDark":"#00294f","angle":157.6,"snapDist":4,"label":1}},{"type":"Feature","geometry":{"type":"Point","coordinates":[19.484524,51.75349]},"properties":{"name":"Przędzalniana-Tymienieckiego NŻ","lines":"55A, 55B, 55C, N8","arr":["55A","55B","55C","N8"],"terminus":0,"mode":"bus","color":"#0059a9","colorDark":"#00294f","angle":247.1,"snapDist":11,"label":1}},{"type":"Feature","geometry":{"type":"Point","coordinates":[19.486361,51.751392]},"properties":{"name":"Milionowa-Przędzalniana","lines":"55A, 55B, 55C, N8","arr":["55A","55B","55C","N8"],"terminus":0,"mode":"bus","color":"#0059a9","colorDark":"#00294f","angle":167.6,"snapDist":9,"label":1}},{"type":"Feature","geometry":{"type":"Point","coordinates":[19.494742,51.74325]},"properties":{"name":"Tatrzańska-Grota-Roweckiego","lines":"55A, 55B, 55C, 70, 75A, 75B, 92A, 92B, N8","arr":["55A","55B","55C","70","75A","75B","92A","92B","N8"],"terminus":0,"mode":"bus","color":"#0059a9","colorDark":"#00294f","angle":258.8,"snapDist":6,"label":1}},{"type":"Feature","geometry":{"type":"Point","coordinates":[19.494771,51.73775]},"properties":{"name":"Tatrzańska-Dąbrowskiego","lines":"55A, 55B, 55C, 70, 75A, 75B, 92A, 92B, N8","arr":["55A","55B","55C","70","75A","75B","92A","92B","N8"],"terminus":0,"mode":"bus","color":"#0059a9","colorDark":"#00294f","angle":278,"snapDist":0,"label":1}},{"type":"Feature","geometry":{"type":"Point","coordinates":[19.494465,51.736213]},"properties":{"name":"Tatrzańska-Rydla","lines":"55A, 55B, 55C, 70, 71A, 71B, 75A, 75B, F1, N6, N8","arr":["55A","55B","55C","70","71A","71B","75A","75B","F1","N6","N8"],"terminus":0,"mode":"bus","color":"#0059a9","colorDark":"#00294f","angle":277.2,"snapDist":6,"label":1}},{"type":"Feature","geometry":{"type":"Point","coordinates":[19.493996,51.733975]},"properties":{"name":"Tatrzańska-Broniewskiego","lines":"55A, 55B, 55C, 70, 71A, 71B, 75A, 75B, F1, N6, N8","arr":["55A","55B","55C","70","71A","71B","75A","75B","F1","N6","N8"],"terminus":0,"mode":"bus","color":"#0059a9","colorDark":"#00294f","angle":277.4,"snapDist":5,"label":1}},{"type":"Feature","geometry":{"type":"Point","coordinates":[19.495897,51.732365]},"properties":{"name":"Felińskiego-Konspiracyjnego WP","lines":"55A, 55B, 55C, 69A, 69B, 72A, 72B, 75A, 75B, N8","arr":["55A","55B","55C","69A","69B","72A","72B","75A","75B","N8"],"terminus":0,"mode":"bus","color":"#0059a9","colorDark":"#00294f","angle":190.2,"snapDist":3,"label":1}},{"type":"Feature","geometry":{"type":"Point","coordinates":[19.500558,51.732298]},"properties":{"name":"Felińskiego-Kadłubka","lines":"55A, 55B, 55C, 69A, 69B, 72A, 72B, N8","arr":["55A","55B","55C","69A","69B","72A","72B","N8"],"terminus":0,"mode":"bus","color":"#0059a9","colorDark":"#00294f","angle":178.9,"snapDist":8,"label":1}},{"type":"Feature","geometry":{"type":"Point","coordinates":[19.503904,51.732351]},"properties":{"name":"Felińskiego-Gojawiczyńskiej","lines":"55A, 55B, 55C, 69A, 69B, 72A, 72B, N8","arr":["55A","55B","55C","69A","69B","72A","72B","N8"],"terminus":0,"mode":"bus","color":"#0059a9","colorDark":"#00294f","angle":188,"snapDist":7,"label":1}},{"type":"Feature","geometry":{"type":"Point","coordinates":[19.504993,51.734779]},"properties":{"name":"Gojawiczyńskiej-Dąbrowskiego","lines":"55A, 55B, 55C, 69A, 69B, 71A, 71B, 72A, 72B, N8","arr":["55A","55B","55C","69A","69B","71A","71B","72A","72B","N8"],"terminus":0,"mode":"bus","color":"#0059a9","colorDark":"#00294f","angle":96.3,"snapDist":1,"label":1}},{"type":"Feature","geometry":{"type":"Point","coordinates":[19.509657,51.736533]},"properties":{"name":"Dw. Łódź Dąbrowa","lines":"55A, F1, N6","arr":["55A","F1","N6"],"terminus":1,"mode":"bus","color":"#0059a9","colorDark":"#00294f","angle":351.2,"snapDist":61,"label":1}},{"type":"Feature","geometry":{"type":"Point","coordinates":[19.505078,51.735265]},"properties":{"name":"Gojawiczyńskiej-Dąbrowskiego","lines":"55A, 55B, 55C, 69A, 69B, 71A, 71B, 72A, 72B, N8","arr":["55A","55B","55C","69A","69B","71A","71B","72A","72B","N8"],"terminus":0,"mode":"bus","color":"#0059a9","colorDark":"#00294f","angle":275.9,"snapDist":5,"label":0}},{"type":"Feature","geometry":{"type":"Point","coordinates":[19.503811,51.732614]},"properties":{"name":"Felińskiego-Gojawiczyńskiej","lines":"55A, 55B, 55C, 69A, 69B, 72A, 72B, N8","arr":["55A","55B","55C","69A","69B","72A","72B","N8"],"terminus":0,"mode":"bus","color":"#0059a9","colorDark":"#00294f","angle":331,"snapDist":6,"label":0}},{"type":"Feature","geometry":{"type":"Point","coordinates":[19.50046,51.732297]},"properties":{"name":"Felińskiego-Kadłubka","lines":"55A, 55B, 55C, 69A, 69B, 72A, 72B, N8","arr":["55A","55B","55C","69A","69B","72A","72B","N8"],"terminus":0,"mode":"bus","color":"#0059a9","colorDark":"#00294f","angle":359.3,"snapDist":1,"label":0}},{"type":"Feature","geometry":{"type":"Point","coordinates":[19.49788,51.732285]},"properties":{"name":"Felińskiego-Konspiracyjnego WP","lines":"55A, 55B, 55C, 69A, 69B, 72A, 72B, N8","arr":["55A","55B","55C","69A","69B","72A","72B","N8"],"terminus":0,"mode":"bus","color":"#0059a9","colorDark":"#00294f","angle":359.6,"snapDist":1,"label":0}},{"type":"Feature","geometry":{"type":"Point","coordinates":[19.494435,51.736064]},"properties":{"name":"Tatrzańska-Rydla","lines":"55A, 55B, 55C, 70, 71A, 71B, 75A, 75B, F1, N6, N8","arr":["55A","55B","55C","70","71A","71B","75A","75B","F1","N6","N8"],"terminus":0,"mode":"bus","color":"#0059a9","colorDark":"#00294f","angle":97.2,"snapDist":3,"label":0}},{"type":"Feature","geometry":{"type":"Point","coordinates":[19.494895,51.738191]},"properties":{"name":"Tatrzańska-Dąbrowskiego","lines":"55A, 55B, 55C, 70, 71A, 71B, 75A, 75B, N8","arr":["55A","55B","55C","70","71A","71B","75A","75B","N8"],"terminus":0,"mode":"bus","color":"#0059a9","colorDark":"#00294f","angle":101.8,"snapDist":0,"label":0}},{"type":"Feature","geometry":{"type":"Point","coordinates":[19.494539,51.7439]},"properties":{"name":"Tatrzańska-Grota-Roweckiego","lines":"55A, 55B, 55C, 70, 75A, 75B, N8","arr":["55A","55B","55C","70","75A","75B","N8"],"terminus":0,"mode":"bus","color":"#0059a9","colorDark":"#00294f","angle":79.4,"snapDist":0,"label":0}},{"type":"Feature","geometry":{"type":"Point","coordinates":[19.493757,51.746488]},"properties":{"name":"Tatrzańska-Brzechwy NŻ","lines":"55A, 55B, 55C, 70, 75A, 75B, N8","arr":["55A","55B","55C","70","75A","75B","N8"],"terminus":0,"mode":"bus","color":"#0059a9","colorDark":"#00294f","angle":79.2,"snapDist":1,"label":1}},{"type":"Feature","geometry":{"type":"Point","coordinates":[19.488477,51.751707]},"properties":{"name":"Milionowa-Śmigłego-Rydza NŻ","lines":"55A, 55B, 55C, N8","arr":["55A","55B","55C","N8"],"terminus":0,"mode":"bus","color":"#0059a9","colorDark":"#00294f","angle":332.7,"snapDist":4,"label":1}},{"type":"Feature","geometry":{"type":"Point","coordinates":[19.485687,51.751611]},"properties":{"name":"Przędzalniana-Milionowa","lines":"55A, 55B, 55C, N8","arr":["55A","55B","55C","N8"],"terminus":0,"mode":"bus","color":"#0059a9","colorDark":"#00294f","angle":67.1,"snapDist":8,"label":1}},{"type":"Feature","geometry":{"type":"Point","coordinates":[19.482872,51.754082]},"properties":{"name":"Tymienieckiego-Przędzalniana","lines":"55A, 55B, 55C","arr":["55A","55B","55C"],"terminus":0,"mode":"bus","color":"#0059a9","colorDark":"#00294f","angle":337.7,"snapDist":6,"label":0}},{"type":"Feature","geometry":{"type":"Point","coordinates":[19.477373,51.752685]},"properties":{"name":"Tymienieckiego-ŁSSE","lines":"55A, 55B, 55C","arr":["55A","55B","55C"],"terminus":0,"mode":"bus","color":"#0059a9","colorDark":"#00294f","angle":337.5,"snapDist":4,"label":0}},{"type":"Feature","geometry":{"type":"Point","coordinates":[19.471827,51.751283]},"properties":{"name":"Tymienieckiego-Kilińskiego","lines":"55A, 55B, 55C, N3A, N3B","arr":["55A","55B","55C","N3A","N3B"],"terminus":0,"mode":"bus","color":"#0059a9","colorDark":"#00294f","angle":337.9,"snapDist":7,"label":0}},{"type":"Feature","geometry":{"type":"Point","coordinates":[19.464948,51.749553]},"properties":{"name":"Tymienieckiego-Sienkiewicza NŻ","lines":"55A, 55B, 55C, N3A, N3B","arr":["55A","55B","55C","N3A","N3B"],"terminus":0,"mode":"bus","color":"#0059a9","colorDark":"#00294f","angle":338.2,"snapDist":3,"label":1}},{"type":"Feature","geometry":{"type":"Point","coordinates":[19.460305,51.752794]},"properties":{"name":"Brzeźna-Piotrkowska","lines":"55A, 55B, 55C, 57, 77, 101","arr":["55A","55B","55C","57","77","101"],"terminus":0,"mode":"bus","color":"#0059a9","colorDark":"#00294f","angle":352.1,"snapDist":7,"label":0}},{"type":"Feature","geometry":{"type":"Point","coordinates":[19.45631,51.752454]},"properties":{"name":"Radwańska-Wólczańska","lines":"55A, 55B, 55C, 57, 77, N5A, N5B, N7A, N7B","arr":["55A","55B","55C","57","77","N5A","N5B","N7A","N7B"],"terminus":0,"mode":"bus","color":"#0059a9","colorDark":"#00294f","angle":352.4,"snapDist":5,"label":0}},{"type":"Feature","geometry":{"type":"Point","coordinates":[19.449425,51.751471]},"properties":{"name":"Politechniki-Radwańska (kampus PŁ)","lines":"55A, 55B, 55C, 77, N7A, N7B","arr":["55A","55B","55C","77","N7A","N7B"],"terminus":0,"mode":"bus","color":"#0059a9","colorDark":"#00294f","angle":257.7,"snapDist":6,"label":0}},{"type":"Feature","geometry":{"type":"Point","coordinates":[19.450263,51.74817]},"properties":{"name":"Politechniki-park im. Klepacza NŻ","lines":"55A, 55B, 55C, N7A, N7B","arr":["55A","55B","55C","N7A","N7B"],"terminus":0,"mode":"bus","color":"#0059a9","colorDark":"#00294f","angle":261.9,"snapDist":0,"label":0}},{"type":"Feature","geometry":{"type":"Point","coordinates":[19.450943,51.744984]},"properties":{"name":"Politechniki-Wróblewskiego (kampus PŁ)","lines":"55A, 55B, 55C, N7A, N7B","arr":["55A","55B","55C","N7A","N7B"],"terminus":0,"mode":"bus","color":"#0059a9","colorDark":"#00294f","angle":266.9,"snapDist":8,"label":0}},{"type":"Feature","geometry":{"type":"Point","coordinates":[19.452324,51.73902]},"properties":{"name":"Politechniki-Skrzywana","lines":"55A, 55B, 55C, N7A, N7B","arr":["55A","55B","55C","N7A","N7B"],"terminus":0,"mode":"bus","color":"#0059a9","colorDark":"#00294f","angle":257.9,"snapDist":11,"label":0}},{"type":"Feature","geometry":{"type":"Point","coordinates":[19.45171,51.736396]},"properties":{"name":"Obywatelska-Politechniki","lines":"55A, 55B, 55C, 69A, 69B, F1, H, N7A, N7B","arr":["55A","55B","55C","69A","69B","F1","H","N7A","N7B"],"terminus":0,"mode":"bus","color":"#0059a9","colorDark":"#00294f","angle":0.4,"snapDist":5,"label":1}},{"type":"Feature","geometry":{"type":"Point","coordinates":[19.44704,51.736514]},"properties":{"name":"Obywatelska-Cieszkowskiego","lines":"55A, 55B, 55C, 69A, 69B, F1, H, N7A, N7B","arr":["55A","55B","55C","69A","69B","F1","H","N7A","N7B"],"terminus":0,"mode":"bus","color":"#0059a9","colorDark":"#00294f","angle":0.2,"snapDist":2,"label":1}},{"type":"Feature","geometry":{"type":"Point","coordinates":[19.441151,51.736524]},"properties":{"name":"Obywatelska-Jana Pawła II","lines":"55A, 55B, 55C, 65A, 65B, 69A, 69B, 77, F1, H, N7A, N7B","arr":["55A","55B","55C","65A","65B","69A","69B","77","F1","H","N7A","N7B"],"terminus":0,"mode":"bus","color":"#0059a9","colorDark":"#00294f","angle":359.1,"snapDist":4,"label":0}},{"type":"Feature","geometry":{"type":"Point","coordinates":[19.435576,51.736702]},"properties":{"name":"Obywatelska-Nowe Sady","lines":"55A, 55B, 55C, 65A, 65B, 69A, 69B, 77, F1, H, N7A, N7B","arr":["55A","55B","55C","65A","65B","69A","69B","77","F1","H","N7A","N7B"],"terminus":0,"mode":"bus","color":"#0059a9","colorDark":"#00294f","angle":7.3,"snapDist":2,"label":0}},{"type":"Feature","geometry":{"type":"Point","coordinates":[19.431137,51.736984]},"properties":{"name":"Obywatelska-Obywatelska 106","lines":"55A, 55B, 55C, 65A, 65B","arr":["55A","55B","55C","65A","65B"],"terminus":0,"mode":"bus","color":"#0059a9","colorDark":"#00294f","angle":5.7,"snapDist":2,"label":0}},{"type":"Feature","geometry":{"type":"Point","coordinates":[19.426021,51.737478]},"properties":{"name":"Obywatelska-Elektronowa NŻ","lines":"55A, 55B, 55C, 65A, 65B","arr":["55A","55B","55C","65A","65B"],"terminus":0,"mode":"bus","color":"#0059a9","colorDark":"#00294f","angle":28.6,"snapDist":3,"label":0}},{"type":"Feature","geometry":{"type":"Point","coordinates":[19.422113,51.741933]},"properties":{"name":"Waltera-Janke-Nowe Sady NŻ","lines":"55A, 55B, 55C, 65A, 65B","arr":["55A","55B","55C","65A","65B"],"terminus":0,"mode":"bus","color":"#0059a9","colorDark":"#00294f","angle":101.2,"snapDist":2,"label":0}},{"type":"Feature","geometry":{"type":"Point","coordinates":[19.411844,51.742357]},"properties":{"name":"Maratońska-Obywatelska","lines":"55A, 55B, 55C, 69A, 69B, 86, G1, N7A, N7B","arr":["55A","55B","55C","69A","69B","86","G1","N7A","N7B"],"terminus":0,"mode":"bus","color":"#0059a9","colorDark":"#00294f","angle":333.8,"snapDist":12,"label":0}},{"type":"Feature","geometry":{"type":"Point","coordinates":[19.405315,51.742059]},"properties":{"name":"Retkińska-Dw. Łódź Retkinia","lines":"55A, 55B, 55C","arr":["55A","55B","55C"],"terminus":0,"mode":"bus","color":"#0059a9","colorDark":"#00294f","angle":98.2,"snapDist":7,"label":1}},{"type":"Feature","geometry":{"type":"Point","coordinates":[19.405597,51.745702]},"properties":{"name":"Retkińska-Zagrodniki","lines":"55A, 55B, 55C","arr":["55A","55B","55C"],"terminus":0,"mode":"bus","color":"#0059a9","colorDark":"#00294f","angle":94.4,"snapDist":2,"label":0}},{"type":"Feature","geometry":{"type":"Point","coordinates":[19.407386,51.749055]},"properties":{"name":"Retkińska-Wyszyńskiego","lines":"55A, 55B, 55C, 76, 99","arr":["55A","55B","55C","76","99"],"terminus":0,"mode":"bus","color":"#0059a9","colorDark":"#00294f","angle":131.1,"snapDist":6,"label":1}},{"type":"Feature","geometry":{"type":"Point","coordinates":[19.399379,51.752091]},"properties":{"name":"Kusocińskiego-Babickiego","lines":"55A, 55B, 55C, 80A, 80B","arr":["55A","55B","55C","80A","80B"],"terminus":0,"mode":"bus","color":"#0059a9","colorDark":"#00294f","angle":337.4,"snapDist":7,"label":0}},{"type":"Feature","geometry":{"type":"Point","coordinates":[19.391359,51.749925]},"properties":{"name":"Kusocińskiego-Armii Krajowej","lines":"55A, 55B, 55C, 80A, 80B, 99, N2","arr":["55A","55B","55C","80A","80B","99","N2"],"terminus":0,"mode":"bus","color":"#0059a9","colorDark":"#00294f","angle":334.9,"snapDist":3,"label":0}},{"type":"Feature","geometry":{"type":"Point","coordinates":[19.51092,51.735745]},"properties":{"name":"Dąbrowskiego-Dw. Łódź Dąbrowa NŻ","lines":"55B, 55C, 69A, 69B, 71A, 71B, 72A, 72B, 92A, 92B, N8, W","arr":["55B","55C","69A","69B","71A","71B","72A","72B","92A","92B","N8","W"],"terminus":0,"mode":"bus","color":"#0059a9","colorDark":"#00294f","angle":180.1,"snapDist":8,"label":1}},{"type":"Feature","geometry":{"type":"Point","coordinates":[19.515814,51.735469]},"properties":{"name":"Dąbrowskiego-Ossendowskiego NŻ","lines":"55B, 69B, 71A, 71B, 72A, 72B, 92A, 92B, N8","arr":["55B","69B","71A","71B","72A","72B","92A","92B","N8"],"terminus":0,"mode":"bus","color":"#0059a9","colorDark":"#00294f","angle":186.9,"snapDist":8,"label":1}},{"type":"Feature","geometry":{"type":"Point","coordinates":[19.522131,51.73497]},"properties":{"name":"Dąbrowskiego-Lodowa","lines":"55B, 69B, 71A, 71B, 72A, 72B, 92A, 92B, N8","arr":["55B","69B","71A","71B","72A","72B","92A","92B","N8"],"terminus":0,"mode":"bus","color":"#0059a9","colorDark":"#00294f","angle":184.4,"snapDist":10,"label":1}},{"type":"Feature","geometry":{"type":"Point","coordinates":[19.524334,51.73719]},"properties":{"name":"Lodowa-Lodowa 91 NŻ","lines":"55B, 69A, 69B","arr":["55B","69A","69B"],"terminus":0,"mode":"bus","color":"#0059a9","colorDark":"#00294f","angle":89.6,"snapDist":2,"label":1}},{"type":"Feature","geometry":{"type":"Point","coordinates":[19.524088,51.740234]},"properties":{"name":"Lodowa-Dostawcza NŻ","lines":"55B, 69A, 69B","arr":["55B","69A","69B"],"terminus":0,"mode":"bus","color":"#0059a9","colorDark":"#00294f","angle":80.4,"snapDist":4,"label":1}},{"type":"Feature","geometry":{"type":"Point","coordinates":[19.522455,51.746133]},"properties":{"name":"Lodowa-Andrzejewskiej NŻ","lines":"55B, 69A, 69B","arr":["55B","69A","69B"],"terminus":0,"mode":"bus","color":"#0059a9","colorDark":"#00294f","angle":78.8,"snapDist":4,"label":1}},{"type":"Feature","geometry":{"type":"Point","coordinates":[19.520782,51.748365]},"properties":{"name":"cm. Zarzew","lines":"55B, 64A","arr":["55B","64A"],"terminus":1,"mode":"bus","color":"#0059a9","colorDark":"#00294f","angle":248.7,"snapDist":5,"label":1}},{"type":"Feature","geometry":{"type":"Point","coordinates":[19.522445,51.746164]},"properties":{"name":"Lodowa-Andrzejewskiej NŻ","lines":"55B, 69A, 69B","arr":["55B","69A","69B"],"terminus":0,"mode":"bus","color":"#0059a9","colorDark":"#00294f","angle":258.8,"snapDist":8,"label":0}},{"type":"Feature","geometry":{"type":"Point","coordinates":[19.524132,51.740071]},"properties":{"name":"Lodowa-Dostawcza NŻ","lines":"55B, 69A, 69B","arr":["55B","69A","69B"],"terminus":0,"mode":"bus","color":"#0059a9","colorDark":"#00294f","angle":260.8,"snapDist":8,"label":0}},{"type":"Feature","geometry":{"type":"Point","coordinates":[19.524332,51.737341]},"properties":{"name":"Lodowa-Lodowa 91 NŻ","lines":"55B, 69A, 69B","arr":["55B","69A","69B"],"terminus":0,"mode":"bus","color":"#0059a9","colorDark":"#00294f","angle":269.6,"snapDist":9,"label":0}},{"type":"Feature","geometry":{"type":"Point","coordinates":[19.523327,51.735123]},"properties":{"name":"Dąbrowskiego-Lodowa","lines":"55B, 55C, 69B, 71A, 71B, 72A, 72B, 92A, 92B, F1, N8","arr":["55B","55C","69B","71A","71B","72A","72B","92A","92B","F1","N8"],"terminus":0,"mode":"bus","color":"#0059a9","colorDark":"#00294f","angle":6.6,"snapDist":7,"label":0}},{"type":"Feature","geometry":{"type":"Point","coordinates":[19.516037,51.735674]},"properties":{"name":"Dąbrowskiego-Ossendowskiego NŻ","lines":"55B, 55C, 69B, 71A, 71B, 72A, 72B, 92A, 92B, F1, N8","arr":["55B","55C","69B","71A","71B","72A","72B","92A","92B","F1","N8"],"terminus":0,"mode":"bus","color":"#0059a9","colorDark":"#00294f","angle":6.8,"snapDist":2,"label":0}},{"type":"Feature","geometry":{"type":"Point","coordinates":[19.511187,51.736042]},"properties":{"name":"Dąbrowskiego-Dw. Łódź Dąbrowa NŻ","lines":"55B, 55C, 69A, 69B, 71A, 71B, 72A, 72B, 92A, 92B, F1, N8, W","arr":["55B","55C","69A","69B","71A","71B","72A","72B","92A","92B","F1","N8","W"],"terminus":0,"mode":"bus","color":"#0059a9","colorDark":"#00294f","angle":6.8,"snapDist":8,"label":0}},{"type":"Feature","geometry":{"type":"Point","coordinates":[19.515136,51.735052]},"properties":{"name":"Ossendowskiego-Dąbrowskiego NŻ","lines":"55C, 69A, W","arr":["55C","69A","W"],"terminus":0,"mode":"bus","color":"#0059a9","colorDark":"#00294f","angle":277.2,"snapDist":7,"label":1}},{"type":"Feature","geometry":{"type":"Point","coordinates":[19.512284,51.730735]},"properties":{"name":"Ossendowskiego-Lodowa NŻ","lines":"55C, 69A, W","arr":["55C","69A","W"],"terminus":0,"mode":"bus","color":"#0059a9","colorDark":"#00294f","angle":277.7,"snapDist":4,"label":1}},{"type":"Feature","geometry":{"type":"Point","coordinates":[19.517909,51.728831]},"properties":{"name":"Lodowa-Ordonówny NŻ","lines":"55C, 69A, W","arr":["55C","69A","W"],"terminus":0,"mode":"bus","color":"#0059a9","colorDark":"#00294f","angle":187.4,"snapDist":5,"label":1}},{"type":"Feature","geometry":{"type":"Point","coordinates":[19.524056,51.730162]},"properties":{"name":"Lodowa-Lodowa 97 NŻ","lines":"55C, 69A, W","arr":["55C","69A","W"],"terminus":1,"mode":"bus","color":"#0059a9","colorDark":"#00294f","angle":91.6,"snapDist":9,"label":1}},{"type":"Feature","geometry":{"type":"Point","coordinates":[19.464415,51.726139]},"properties":{"name":"Piastów Kurak","lines":"56, 57","arr":["56","57"],"terminus":1,"mode":"bus","color":"#0059a9","colorDark":"#00294f","angle":132.5,"snapDist":1,"label":1}},{"type":"Feature","geometry":{"type":"Point","coordinates":[19.48515,51.717237]},"properties":{"name":"Rzgowska-Kurczaki","lines":"56, 62, 70, 71A, 71B, 75A, 75B, H, N3A","arr":["56","62","70","71A","71B","75A","75B","H","N3A"],"terminus":0,"mode":"bus","color":"#0059a9","colorDark":"#00294f","angle":260.3,"snapDist":11,"label":0}},{"type":"Feature","geometry":{"type":"Point","coordinates":[19.486403,51.714139]},"properties":{"name":"Rzgowska-św. Wojciecha","lines":"56, 62, 70, 71A, 71B, 75A, 75B, H, N3A","arr":["56","62","70","71A","71B","75A","75B","H","N3A"],"terminus":0,"mode":"bus","color":"#0059a9","colorDark":"#00294f","angle":252,"snapDist":10,"label":1}},{"type":"Feature","geometry":{"type":"Point","coordinates":[19.486826,51.708438]},"properties":{"name":"Rzgowska-Paradna","lines":"56, 71A, 71B, 93, H","arr":["56","71A","71B","93","H"],"terminus":0,"mode":"bus","color":"#0059a9","colorDark":"#00294f","angle":300.3,"snapDist":9,"label":1}},{"type":"Feature","geometry":{"type":"Point","coordinates":[19.481882,51.703158]},"properties":{"name":"Rzgowska-ICZMP szpital","lines":"56, 93, H","arr":["56","93","H"],"terminus":0,"mode":"bus","color":"#0059a9","colorDark":"#00294f","angle":299.4,"snapDist":5,"label":1}},{"type":"Feature","geometry":{"type":"Point","coordinates":[19.479113,51.698947]},"properties":{"name":"Rzgowska-Zagłoby NŻ","lines":"56","arr":["56"],"terminus":0,"mode":"bus","color":"#0059a9","colorDark":"#00294f","angle":280.5,"snapDist":8,"label":1}},{"type":"Feature","geometry":{"type":"Point","coordinates":[19.476684,51.690688]},"properties":{"name":"Starowa Góra-Centralna NŻ (Starowa Góra)","lines":"56","arr":["56"],"terminus":0,"mode":"bus","color":"#0059a9","colorDark":"#00294f","angle":276.3,"snapDist":2,"label":1}},{"type":"Feature","geometry":{"type":"Point","coordinates":[19.47731,51.682443]},"properties":{"name":"Łódzka-Ustronna NŻ (Rzgów)","lines":"56","arr":["56"],"terminus":0,"mode":"bus","color":"#0059a9","colorDark":"#00294f","angle":247.5,"snapDist":4,"label":1}},{"type":"Feature","geometry":{"type":"Point","coordinates":[19.48056,51.67761]},"properties":{"name":"Łódzka-Kopernika NŻ (Rzgów)","lines":"56","arr":["56"],"terminus":0,"mode":"bus","color":"#0059a9","colorDark":"#00294f","angle":247.6,"snapDist":6,"label":1}},{"type":"Feature","geometry":{"type":"Point","coordinates":[19.484264,51.672114]},"properties":{"name":"Łódzka-Bema NŻ (Rzgów)","lines":"56","arr":["56"],"terminus":0,"mode":"bus","color":"#0059a9","colorDark":"#00294f","angle":247.3,"snapDist":7,"label":1}},{"type":"Feature","geometry":{"type":"Point","coordinates":[19.48706,51.66785]},"properties":{"name":"Łódzka-Sucharskiego NŻ (Rzgów)","lines":"56","arr":["56"],"terminus":0,"mode":"bus","color":"#0059a9","colorDark":"#00294f","angle":247.8,"snapDist":3,"label":1}},{"type":"Feature","geometry":{"type":"Point","coordinates":[19.477783,51.67338]},"properties":{"name":"Rudzka-Katowicka NŻ (Rzgów)","lines":"56","arr":["56"],"terminus":0,"mode":"bus","color":"#0059a9","colorDark":"#00294f","angle":47.4,"snapDist":2,"label":1}},{"type":"Feature","geometry":{"type":"Point","coordinates":[19.476354,51.683173]},"properties":{"name":"Rzgów-Zachodnia-Łódzka NŻ (Rzgów)","lines":"56","arr":["56"],"terminus":0,"mode":"bus","color":"#0059a9","colorDark":"#00294f","angle":91.5,"snapDist":14,"label":1}},{"type":"Feature","geometry":{"type":"Point","coordinates":[19.477388,51.691038]},"properties":{"name":"Starowa Góra-Centralna NŻ (Starowa Góra)","lines":"56","arr":["56"],"terminus":0,"mode":"bus","color":"#0059a9","colorDark":"#00294f","angle":97.2,"snapDist":7,"label":0}},{"type":"Feature","geometry":{"type":"Point","coordinates":[19.47852,51.696243]},"properties":{"name":"Starowa Góra-Zagłoby NŻ","lines":"56","arr":["56"],"terminus":0,"mode":"bus","color":"#0059a9","colorDark":"#00294f","angle":99.8,"snapDist":8,"label":1}},{"type":"Feature","geometry":{"type":"Point","coordinates":[19.480045,51.700635]},"properties":{"name":"Rzgowska-Bartoszewskiego NŻ","lines":"56, 93","arr":["56","93"],"terminus":0,"mode":"bus","color":"#0059a9","colorDark":"#00294f","angle":107.6,"snapDist":5,"label":1}},{"type":"Feature","geometry":{"type":"Point","coordinates":[19.483614,51.704724]},"properties":{"name":"Rzgowska-ICZMP szpital NŻ","lines":"56, 93","arr":["56","93"],"terminus":0,"mode":"bus","color":"#0059a9","colorDark":"#00294f","angle":120.1,"snapDist":8,"label":1}},{"type":"Feature","geometry":{"type":"Point","coordinates":[19.487605,51.708686]},"properties":{"name":"Rzgowska-Paradna","lines":"56, 71A, 71B","arr":["56","71A","71B"],"terminus":0,"mode":"bus","color":"#0059a9","colorDark":"#00294f","angle":122.2,"snapDist":5,"label":0}},{"type":"Feature","geometry":{"type":"Point","coordinates":[19.486719,51.71404]},"properties":{"name":"Rzgowska-św. Wojciecha","lines":"56, 62, 70, 71A, 71B, 75A, 75B, N3A","arr":["56","62","70","71A","71B","75A","75B","N3A"],"terminus":0,"mode":"bus","color":"#0059a9","colorDark":"#00294f","angle":72.4,"snapDist":7,"label":0}},{"type":"Feature","geometry":{"type":"Point","coordinates":[19.458583,51.738577]},"properties":{"name":"Wólczańska-Skargi","lines":"57","arr":["57"],"terminus":0,"mode":"bus","color":"#0059a9","colorDark":"#00294f","angle":82.6,"snapDist":3,"label":1}},{"type":"Feature","geometry":{"type":"Point","coordinates":[19.457698,51.742672]},"properties":{"name":"Wólczańska-Skrzywana NŻ","lines":"57, 72A, 72B, N4A, N4B, N5A, N5B","arr":["57","72A","72B","N4A","N4B","N5A","N5B"],"terminus":0,"mode":"bus","color":"#0059a9","colorDark":"#00294f","angle":82.1,"snapDist":6,"label":1}},{"type":"Feature","geometry":{"type":"Point","coordinates":[19.456953,51.746076]},"properties":{"name":"Wólczańska-Czerwona","lines":"57, N5A, N5B","arr":["57","N5A","N5B"],"terminus":0,"mode":"bus","color":"#0059a9","colorDark":"#00294f","angle":83,"snapDist":3,"label":1}},{"type":"Feature","geometry":{"type":"Point","coordinates":[19.456116,51.749837]},"properties":{"name":"Wólczańska-Skorupki","lines":"57, N5A, N5B","arr":["57","N5A","N5B"],"terminus":0,"mode":"bus","color":"#0059a9","colorDark":"#00294f","angle":82.4,"snapDist":2,"label":1}},{"type":"Feature","geometry":{"type":"Point","coordinates":[19.455669,51.751887]},"properties":{"name":"Wólczańska-Radwańska","lines":"57, N5A, N5B","arr":["57","N5A","N5B"],"terminus":0,"mode":"bus","color":"#0059a9","colorDark":"#00294f","angle":81.8,"snapDist":2,"label":1}},{"type":"Feature","geometry":{"type":"Point","coordinates":[19.464073,51.754503]},"properties":{"name":"Sienkiewicza-Pogotowie Ratunkowe","lines":"57, 77, N3A, N3B","arr":["57","77","N3A","N3B"],"terminus":0,"mode":"bus","color":"#0059a9","colorDark":"#00294f","angle":82.2,"snapDist":6,"label":1}},{"type":"Feature","geometry":{"type":"Point","coordinates":[19.463227,51.758185]},"properties":{"name":"Sienkiewicza-Piłsudskiego","lines":"57, N3A, N3B","arr":["57","N3A","N3B"],"terminus":0,"mode":"bus","color":"#0059a9","colorDark":"#00294f","angle":82.1,"snapDist":4,"label":1}},{"type":"Feature","geometry":{"type":"Point","coordinates":[19.462591,51.761228]},"properties":{"name":"Sienkiewicza-Roosevelta","lines":"57, 67, N3A, N3B","arr":["57","67","N3A","N3B"],"terminus":0,"mode":"bus","color":"#0059a9","colorDark":"#00294f","angle":82.1,"snapDist":1,"label":1}},{"type":"Feature","geometry":{"type":"Point","coordinates":[19.461933,51.764226]},"properties":{"name":"Sienkiewicza-park Sienkiewicza","lines":"57, 67, N3A, N3B","arr":["57","67","N3A","N3B"],"terminus":0,"mode":"bus","color":"#0059a9","colorDark":"#00294f","angle":82.4,"snapDist":3,"label":1}},{"type":"Feature","geometry":{"type":"Point","coordinates":[19.460948,51.768835]},"properties":{"name":"Sienkiewicza-Traugutta","lines":"57, 67","arr":["57","67"],"terminus":0,"mode":"bus","color":"#0059a9","colorDark":"#00294f","angle":82.2,"snapDist":4,"label":1}},{"type":"Feature","geometry":{"type":"Point","coordinates":[19.466549,51.769961]},"properties":{"name":"Rodziny Poznańskich-Dw. Łódź Fabryczna","lines":"57, 58A, 58B, 67, 77, 88A, 88B, 88C, 88D, 101, N7A, N7B, N8, Z13","arr":["57","58A","58B","67","77","88A","88B","88C","88D","101","N7A","N7B","N8","Z13"],"terminus":0,"mode":"bus","color":"#0059a9","colorDark":"#00294f","angle":162.6,"snapDist":5,"label":0}},{"type":"Feature","geometry":{"type":"Point","coordinates":[19.469203,51.772858]},"properties":{"name":"Sterlinga-pl. Dąbrowskiego","lines":"57, 85B","arr":["57","85B"],"terminus":0,"mode":"bus","color":"#0059a9","colorDark":"#00294f","angle":78.3,"snapDist":7,"label":1}},{"type":"Feature","geometry":{"type":"Point","coordinates":[19.469241,51.77514]},"properties":{"name":"Sterlinga-Rewolucji 1905r.","lines":"57, 85B","arr":["57","85B"],"terminus":0,"mode":"bus","color":"#0059a9","colorDark":"#00294f","angle":83.3,"snapDist":0,"label":1}},{"type":"Feature","geometry":{"type":"Point","coordinates":[19.468868,51.777268]},"properties":{"name":"Sterlinga-Pomorska","lines":"57, 85B, N4A, N4B","arr":["57","85B","N4A","N4B"],"terminus":0,"mode":"bus","color":"#0059a9","colorDark":"#00294f","angle":82.9,"snapDist":1,"label":1}},{"type":"Feature","geometry":{"type":"Point","coordinates":[19.468358,51.779617]},"properties":{"name":"Sterlinga-Północna","lines":"57, 85B, N4A, N4B","arr":["57","85B","N4A","N4B"],"terminus":0,"mode":"bus","color":"#0059a9","colorDark":"#00294f","angle":82.1,"snapDist":2,"label":1}},{"type":"Feature","geometry":{"type":"Point","coordinates":[19.472978,51.780521]},"properties":{"name":"Północna-Kamińskiego","lines":"57, 85B, 87A, 87B, N4A, N4B","arr":["57","85B","87A","87B","N4A","N4B"],"terminus":0,"mode":"bus","color":"#0059a9","colorDark":"#00294f","angle":171.9,"snapDist":6,"label":1}},{"type":"Feature","geometry":{"type":"Point","coordinates":[19.470446,51.783495]},"properties":{"name":"Źródłowa-Bulwary Nad Łódką NŻ","lines":"57, 85B","arr":["57","85B"],"terminus":0,"mode":"bus","color":"#0059a9","colorDark":"#00294f","angle":30,"snapDist":2,"label":1}},{"type":"Feature","geometry":{"type":"Point","coordinates":[19.467607,51.785288]},"properties":{"name":"Źródłowa-Wojska Polskiego NŻ","lines":"57, 85B","arr":["57","85B"],"terminus":0,"mode":"bus","color":"#0059a9","colorDark":"#00294f","angle":86.7,"snapDist":3,"label":1}},{"type":"Feature","geometry":{"type":"Point","coordinates":[19.472138,51.787182]},"properties":{"name":"Wojska Polskiego-Głowackiego NŻ","lines":"57, Z6","arr":["57","Z6"],"terminus":0,"mode":"bus","color":"#0059a9","colorDark":"#00294f","angle":156.5,"snapDist":0,"label":1}},{"type":"Feature","geometry":{"type":"Point","coordinates":[19.478904,51.789657]},"properties":{"name":"Sporna-Wojska Polskiego","lines":"57, 64A, 64B, 70, 81A, 81B","arr":["57","64A","64B","70","81A","81B"],"terminus":0,"mode":"bus","color":"#0059a9","colorDark":"#00294f","angle":79.4,"snapDist":8,"label":1}},{"type":"Feature","geometry":{"type":"Point","coordinates":[19.478091,51.79265]},"properties":{"name":"Sporna-Bracka","lines":"57, 70, 81A, 81B, N6","arr":["57","70","81A","81B","N6"],"terminus":0,"mode":"bus","color":"#0059a9","colorDark":"#00294f","angle":79.5,"snapDist":6,"label":1}},{"type":"Feature","geometry":{"type":"Point","coordinates":[19.476982,51.795061]},"properties":{"name":"Zagajnikowa-Okopowa","lines":"57, 70, 81A, 81B, N6","arr":["57","70","81A","81B","N6"],"terminus":0,"mode":"bus","color":"#0059a9","colorDark":"#00294f","angle":61.3,"snapDist":2,"label":1}},{"type":"Feature","geometry":{"type":"Point","coordinates":[19.477134,51.798994]},"properties":{"name":"Zagajnikowa-Radlińskiej NŻ","lines":"57, 70, 81A, 81B, N6","arr":["57","70","81A","81B","N6"],"terminus":0,"mode":"bus","color":"#0059a9","colorDark":"#00294f","angle":96.2,"snapDist":5,"label":1}},{"type":"Feature","geometry":{"type":"Point","coordinates":[19.47638,51.800257]},"properties":{"name":"Inflancka-Zagajnikowa","lines":"57, 70, 81A, 81B, N6","arr":["57","70","81A","81B","N6"],"terminus":0,"mode":"bus","color":"#0059a9","colorDark":"#00294f","angle":4.1,"snapDist":0,"label":1}},{"type":"Feature","geometry":{"type":"Point","coordinates":[19.47125,51.800478]},"properties":{"name":"Inflancka-Gibalskiego","lines":"57, 70, 81A, 81B, N6","arr":["57","70","81A","81B","N6"],"terminus":0,"mode":"bus","color":"#0059a9","colorDark":"#00294f","angle":3.4,"snapDist":0,"label":1}},{"type":"Feature","geometry":{"type":"Point","coordinates":[19.465745,51.799386]},"properties":{"name":"Marysińska-Inflancka","lines":"57, N6","arr":["57","N6"],"terminus":0,"mode":"bus","color":"#0059a9","colorDark":"#00294f","angle":275.3,"snapDist":4,"label":1}},{"type":"Feature","geometry":{"type":"Point","coordinates":[19.465449,51.79614]},"properties":{"name":"Marysińska-Okopowa","lines":"57, N6","arr":["57","N6"],"terminus":0,"mode":"bus","color":"#0059a9","colorDark":"#00294f","angle":269.6,"snapDist":4,"label":1}},{"type":"Feature","geometry":{"type":"Point","coordinates":[19.46602,51.793263]},"properties":{"name":"Marysin Stadion","lines":"57, N6","arr":["57","N6"],"terminus":1,"mode":"bus","color":"#0059a9","colorDark":"#00294f","angle":179.9,"snapDist":7,"label":1}},{"type":"Feature","geometry":{"type":"Point","coordinates":[19.465448,51.7963]},"properties":{"name":"Marysińska-Okopowa","lines":"57, N6","arr":["57","N6"],"terminus":0,"mode":"bus","color":"#0059a9","colorDark":"#00294f","angle":90.6,"snapDist":4,"label":0}},{"type":"Feature","geometry":{"type":"Point","coordinates":[19.466381,51.800534]},"properties":{"name":"Inflancka-Marysińska","lines":"57, 70, 81A, 81B, N6","arr":["57","70","81A","81B","N6"],"terminus":0,"mode":"bus","color":"#0059a9","colorDark":"#00294f","angle":184.5,"snapDist":9,"label":0}},{"type":"Feature","geometry":{"type":"Point","coordinates":[19.472472,51.800273]},"properties":{"name":"Inflancka-Gibalskiego","lines":"57, 70, 81A, 81B, N6","arr":["57","70","81A","81B","N6"],"terminus":0,"mode":"bus","color":"#0059a9","colorDark":"#00294f","angle":184.7,"snapDist":10,"label":0}},{"type":"Feature","geometry":{"type":"Point","coordinates":[19.476924,51.799386]},"properties":{"name":"Zagajnikowa-Inflancka","lines":"57, 70, 81A, 81B, N6","arr":["57","70","81A","81B","N6"],"terminus":0,"mode":"bus","color":"#0059a9","colorDark":"#00294f","angle":273.5,"snapDist":7,"label":1}},{"type":"Feature","geometry":{"type":"Point","coordinates":[19.476562,51.795749]},"properties":{"name":"Zagajnikowa-Okopowa","lines":"57, 70, 81A, 81B, N6","arr":["57","70","81A","81B","N6"],"terminus":0,"mode":"bus","color":"#0059a9","colorDark":"#00294f","angle":271.8,"snapDist":3,"label":0}},{"type":"Feature","geometry":{"type":"Point","coordinates":[19.47815,51.791971]},"properties":{"name":"Sporna-Bracka","lines":"57, 70, 81A, 81B, N6","arr":["57","70","81A","81B","N6"],"terminus":0,"mode":"bus","color":"#0059a9","colorDark":"#00294f","angle":258,"snapDist":6,"label":0}},{"type":"Feature","geometry":{"type":"Point","coordinates":[19.478509,51.788872]},"properties":{"name":"Wojska Polskiego-Sporna","lines":"57, Z6","arr":["57","Z6"],"terminus":0,"mode":"bus","color":"#0059a9","colorDark":"#00294f","angle":337.2,"snapDist":0,"label":1}},{"type":"Feature","geometry":{"type":"Point","coordinates":[19.470779,51.786913]},"properties":{"name":"Wojska Polskiego-Głowackiego NŻ","lines":"57, Z6","arr":["57","Z6"],"terminus":0,"mode":"bus","color":"#0059a9","colorDark":"#00294f","angle":345.6,"snapDist":0,"label":0}},{"type":"Feature","geometry":{"type":"Point","coordinates":[19.467606,51.785303]},"properties":{"name":"Źródłowa-Wojska Polskiego NŻ","lines":"57, 85A, 85B","arr":["57","85A","85B"],"terminus":0,"mode":"bus","color":"#0059a9","colorDark":"#00294f","angle":266.7,"snapDist":5,"label":0}},{"type":"Feature","geometry":{"type":"Point","coordinates":[19.471011,51.783293]},"properties":{"name":"Źródłowa-Bulwary Nad Łódką NŻ","lines":"57, 85A, 85B","arr":["57","85A","85B"],"terminus":0,"mode":"bus","color":"#0059a9","colorDark":"#00294f","angle":210,"snapDist":4,"label":0}},{"type":"Feature","geometry":{"type":"Point","coordinates":[19.475256,51.780725]},"properties":{"name":"Północna-Kamińskiego","lines":"57, 85A, 85B, 87A, 87B, N4A, N4B","arr":["57","85A","85B","87A","87B","N4A","N4B"],"terminus":0,"mode":"bus","color":"#0059a9","colorDark":"#00294f","angle":351.9,"snapDist":3,"label":0}},{"type":"Feature","geometry":{"type":"Point","coordinates":[19.469072,51.780178]},"properties":{"name":"Północna-Sterlinga","lines":"57, 85A, 85B, 87A, 87B, N4A, N4B","arr":["57","85A","85B","87A","87B","N4A","N4B"],"terminus":0,"mode":"bus","color":"#0059a9","colorDark":"#00294f","angle":351.9,"snapDist":6,"label":1}},{"type":"Feature","geometry":{"type":"Point","coordinates":[19.468662,51.778257]},"properties":{"name":"Sterlinga-Pomorska","lines":"57, 85A, 85B, 87A, 87B, N4A, N4B","arr":["57","85A","85B","87A","87B","N4A","N4B"],"terminus":0,"mode":"bus","color":"#0059a9","colorDark":"#00294f","angle":262.3,"snapDist":6,"label":0}},{"type":"Feature","geometry":{"type":"Point","coordinates":[19.469262,51.77503]},"properties":{"name":"Sterlinga-Rewolucji 1905r.","lines":"57, 85A, 85B, 96, N4A, N4B, Z13","arr":["57","85A","85B","96","N4A","N4B","Z13"],"terminus":0,"mode":"bus","color":"#0059a9","colorDark":"#00294f","angle":263.3,"snapDist":0,"label":0}},{"type":"Feature","geometry":{"type":"Point","coordinates":[19.461448,51.76906]},"properties":{"name":"Traugutta-Sienkiewicza","lines":"57, N8","arr":["57","N8"],"terminus":0,"mode":"bus","color":"#0059a9","colorDark":"#00294f","angle":2.9,"snapDist":2,"label":1}},{"type":"Feature","geometry":{"type":"Point","coordinates":[19.461596,51.765674]},"properties":{"name":"Sienkiewicza-Tuwima","lines":"57, 101","arr":["57","101"],"terminus":0,"mode":"bus","color":"#0059a9","colorDark":"#00294f","angle":262.8,"snapDist":4,"label":1}},{"type":"Feature","geometry":{"type":"Point","coordinates":[19.462571,51.761317]},"properties":{"name":"Sienkiewicza-Roosevelta","lines":"57, 101, N3A, N3B","arr":["57","101","N3A","N3B"],"terminus":0,"mode":"bus","color":"#0059a9","colorDark":"#00294f","angle":262.1,"snapDist":6,"label":0}},{"type":"Feature","geometry":{"type":"Point","coordinates":[19.463014,51.758979]},"properties":{"name":"Sienkiewicza-Piłsudskiego","lines":"57, 101, N3A, N3B","arr":["57","101","N3A","N3B"],"terminus":0,"mode":"bus","color":"#0059a9","colorDark":"#00294f","angle":260.8,"snapDist":7,"label":0}},{"type":"Feature","geometry":{"type":"Point","coordinates":[19.463977,51.754945]},"properties":{"name":"Sienkiewicza-Pogotowie Ratunkowe","lines":"57, 101, N3A, N3B","arr":["57","101","N3A","N3B"],"terminus":0,"mode":"bus","color":"#0059a9","colorDark":"#00294f","angle":262.6,"snapDist":5,"label":0}},{"type":"Feature","geometry":{"type":"Point","coordinates":[19.456075,51.750027]},"properties":{"name":"Wólczańska-Skorupki","lines":"57, 72A, 72B, N4A, N4B, N5A, N5B","arr":["57","72A","72B","N4A","N4B","N5A","N5B"],"terminus":0,"mode":"bus","color":"#0059a9","colorDark":"#00294f","angle":262.3,"snapDist":6,"label":0}},{"type":"Feature","geometry":{"type":"Point","coordinates":[19.456874,51.746434]},"properties":{"name":"Wólczańska-Czerwona","lines":"57, 72A, 72B, N4A, N4B, N5A, N5B","arr":["57","72A","72B","N4A","N4B","N5A","N5B"],"terminus":0,"mode":"bus","color":"#0059a9","colorDark":"#00294f","angle":262,"snapDist":3,"label":0}},{"type":"Feature","geometry":{"type":"Point","coordinates":[19.457375,51.744205]},"properties":{"name":"Wólczańska-Skrzywana NŻ","lines":"57, N4A, N4B, N5A, N5B","arr":["57","N4A","N4B","N5A","N5B"],"terminus":0,"mode":"bus","color":"#0059a9","colorDark":"#00294f","angle":262.5,"snapDist":5,"label":0}},{"type":"Feature","geometry":{"type":"Point","coordinates":[19.458486,51.739039]},"properties":{"name":"Wólczańska-Skargi","lines":"57","arr":["57"],"terminus":0,"mode":"bus","color":"#0059a9","colorDark":"#00294f","angle":262.6,"snapDist":7,"label":0}},{"type":"Feature","geometry":{"type":"Point","coordinates":[19.471117,51.770119]},"properties":{"name":"Dw. Łódź Fabryczna","lines":"58A, 58B, 77, 88A, 88B, 88C, 88D, 101","arr":["58A","58B","77","88A","88B","88C","88D","101"],"terminus":1,"mode":"bus","color":"#0059a9","colorDark":"#00294f","angle":184.8,"snapDist":5,"label":0}},{"type":"Feature","geometry":{"type":"Point","coordinates":[19.475983,51.772419]},"properties":{"name":"Narutowicza-Tramwajowa","lines":"58A, 58B, 96, N7A, N7B, Z13","arr":["58A","58B","96","N7A","N7B","Z13"],"terminus":0,"mode":"bus","color":"#0059a9","colorDark":"#00294f","angle":171.6,"snapDist":3,"label":1}},{"type":"Feature","geometry":{"type":"Point","coordinates":[19.484197,51.773161]},"properties":{"name":"Narutowicza-Kopcińskiego","lines":"58A, 58B, N7A, N7B","arr":["58A","58B","N7A","N7B"],"terminus":0,"mode":"bus","color":"#0059a9","colorDark":"#00294f","angle":185.5,"snapDist":12,"label":1}},{"type":"Feature","geometry":{"type":"Point","coordinates":[19.488377,51.773509]},"properties":{"name":"Narutowicza-Matejki (kampus UŁ)","lines":"58A, 58B, N7A, N7B","arr":["58A","58B","N7A","N7B"],"terminus":0,"mode":"bus","color":"#0059a9","colorDark":"#00294f","angle":172,"snapDist":11,"label":1}},{"type":"Feature","geometry":{"type":"Point","coordinates":[19.494338,51.774042]},"properties":{"name":"Narutowicza-Radiostacja","lines":"58A, 58B, N7A, N7B","arr":["58A","58B","N7A","N7B"],"terminus":0,"mode":"bus","color":"#0059a9","colorDark":"#00294f","angle":171.6,"snapDist":10,"label":1}},{"type":"Feature","geometry":{"type":"Point","coordinates":[19.49908,51.771678]},"properties":{"name":"Konstytucyjna-Małachowskiego NŻ","lines":"58A, 58B","arr":["58A","58B"],"terminus":0,"mode":"bus","color":"#0059a9","colorDark":"#00294f","angle":262.1,"snapDist":6,"label":1}},{"type":"Feature","geometry":{"type":"Point","coordinates":[19.50485,51.771529]},"properties":{"name":"Małachowskiego-Niciarniana","lines":"58A, 58B","arr":["58A","58B"],"terminus":0,"mode":"bus","color":"#0059a9","colorDark":"#00294f","angle":162.6,"snapDist":9,"label":1}},{"type":"Feature","geometry":{"type":"Point","coordinates":[19.508269,51.772729]},"properties":{"name":"CKD parking","lines":"58A","arr":["58A"],"terminus":0,"mode":"bus","color":"#0059a9","colorDark":"#00294f","angle":80.5,"snapDist":1,"label":1}},{"type":"Feature","geometry":{"type":"Point","coordinates":[19.508168,51.774377]},"properties":{"name":"CKD szpital","lines":"58A","arr":["58A"],"terminus":0,"mode":"bus","color":"#0059a9","colorDark":"#00294f","angle":80.2,"snapDist":2,"label":1}},{"type":"Feature","geometry":{"type":"Point","coordinates":[19.508194,51.775652]},"properties":{"name":"CKD stomatologia","lines":"58A","arr":["58A"],"terminus":0,"mode":"bus","color":"#0059a9","colorDark":"#00294f","angle":171,"snapDist":3,"label":1}},{"type":"Feature","geometry":{"type":"Point","coordinates":[19.510195,51.776074]},"properties":{"name":"Pomorska-Dw. Łódź Stoki NŻ","lines":"58A","arr":["58A"],"terminus":0,"mode":"bus","color":"#0059a9","colorDark":"#00294f","angle":191.7,"snapDist":5,"label":1}},{"type":"Feature","geometry":{"type":"Point","coordinates":[19.520827,51.774978]},"properties":{"name":"Pomorska-Edwarda","lines":"58A","arr":["58A"],"terminus":0,"mode":"bus","color":"#0059a9","colorDark":"#00294f","angle":189,"snapDist":3,"label":1}},{"type":"Feature","geometry":{"type":"Point","coordinates":[19.522391,51.776999]},"properties":{"name":"Krokusowa-Zrębowa NŻ","lines":"58A, 58B, 64A, 64B","arr":["58A","58B","64A","64B"],"terminus":0,"mode":"bus","color":"#0059a9","colorDark":"#00294f","angle":102,"snapDist":5,"label":1}},{"type":"Feature","geometry":{"type":"Point","coordinates":[19.521703,51.779244]},"properties":{"name":"Janosika-Pszczyńska NŻ","lines":"58A, 58B, 64A, 64B","arr":["58A","58B","64A","64B"],"terminus":0,"mode":"bus","color":"#0059a9","colorDark":"#00294f","angle":96.2,"snapDist":4,"label":1}},{"type":"Feature","geometry":{"type":"Point","coordinates":[19.522337,51.782852]},"properties":{"name":"Janosika-Telefoniczna","lines":"58A, 58B, 64A, 64B","arr":["58A","58B","64A","64B"],"terminus":0,"mode":"bus","color":"#0059a9","colorDark":"#00294f","angle":95.3,"snapDist":2,"label":1}},{"type":"Feature","geometry":{"type":"Point","coordinates":[19.525166,51.782912]},"properties":{"name":"Telefoniczna-Pieniny","lines":"58A, 58B, N4A, N4B","arr":["58A","58B","N4A","N4B"],"terminus":0,"mode":"bus","color":"#0059a9","colorDark":"#00294f","angle":189.2,"snapDist":7,"label":1}},{"type":"Feature","geometry":{"type":"Point","coordinates":[19.52735,51.779027]},"properties":{"name":"Pieniny-Giewont","lines":"58A, 58B, N4A, N4B","arr":["58A","58B","N4A","N4B"],"terminus":0,"mode":"bus","color":"#0059a9","colorDark":"#00294f","angle":217.5,"snapDist":14,"label":1}},{"type":"Feature","geometry":{"type":"Point","coordinates":[19.576682,51.758387]},"properties":{"name":"Transmisyjna-Kosodrzewiny NŻ","lines":"58A, 58B","arr":["58A","58B"],"terminus":0,"mode":"bus","color":"#0059a9","colorDark":"#00294f","angle":249.1,"snapDist":5,"label":1}},{"type":"Feature","geometry":{"type":"Point","coordinates":[19.574427,51.752109]},"properties":{"name":"Janów","lines":"58A, 58B, 72A, 72B, 80A, 80B, 90, 91A, 91B, 91C, 96, N1A, N1B, N5A","arr":["58A","58B","72A","72B","80A","80B","90","91A","91B","91C","96","N1A","N1B","N5A"],"terminus":0,"mode":"bus","color":"#0059a9","colorDark":"#00294f","angle":104.6,"snapDist":0,"label":0}},{"type":"Feature","geometry":{"type":"Point","coordinates":[19.574934,51.752026]},"properties":{"name":"Janów","lines":"58A, 58B, 90, 91A, 91B, 91C, N1A, N1B, N5A, N5B","arr":["58A","58B","90","91A","91B","91C","N1A","N1B","N5A","N5B"],"terminus":1,"mode":"bus","color":"#0059a9","colorDark":"#00294f","angle":291.8,"snapDist":5,"label":1}},{"type":"Feature","geometry":{"type":"Point","coordinates":[19.575936,51.75353]},"properties":{"name":"Rokicińska-Hetmańska NŻ","lines":"58A, 58B, 72B, 90, 91A, 91B, 91C, 201, 202, N5B","arr":["58A","58B","72B","90","91A","91B","91C","201","202","N5B"],"terminus":0,"mode":"bus","color":"#0059a9","colorDark":"#00294f","angle":195.7,"snapDist":12,"label":1}},{"type":"Feature","geometry":{"type":"Point","coordinates":[19.581543,51.752755]},"properties":{"name":"Rokicińska-Transmisyjna","lines":"58A, 58B, 72B, 90, 91A, 91B, 91C, 201, 202, N5B","arr":["58A","58B","72B","90","91A","91B","91C","201","202","N5B"],"terminus":0,"mode":"bus","color":"#0059a9","colorDark":"#00294f","angle":16.3,"snapDist":2,"label":1}},{"type":"Feature","geometry":{"type":"Point","coordinates":[19.576653,51.758434]},"properties":{"name":"Transmisyjna-Kosodrzewiny NŻ","lines":"58A, 58B","arr":["58A","58B"],"terminus":0,"mode":"bus","color":"#0059a9","colorDark":"#00294f","angle":69.1,"snapDist":2,"label":0}},{"type":"Feature","geometry":{"type":"Point","coordinates":[19.528119,51.778692]},"properties":{"name":"Giewont-Pieniny NŻ","lines":"58A, 58B, N4A, N4B","arr":["58A","58B","N4A","N4B"],"terminus":0,"mode":"bus","color":"#0059a9","colorDark":"#00294f","angle":-141.2,"snapDist":17,"label":1}},{"type":"Feature","geometry":{"type":"Point","coordinates":[19.525112,51.782917]},"properties":{"name":"Telefoniczna-Pieniny","lines":"58A, 58B, N4A, N4B","arr":["58A","58B","N4A","N4B"],"terminus":0,"mode":"bus","color":"#0059a9","colorDark":"#00294f","angle":8.1,"snapDist":4,"label":0}},{"type":"Feature","geometry":{"type":"Point","coordinates":[19.522264,51.782427]},"properties":{"name":"Janosika-Telefoniczna","lines":"58A, 58B, 64A, 64B","arr":["58A","58B","64A","64B"],"terminus":0,"mode":"bus","color":"#0059a9","colorDark":"#00294f","angle":276.1,"snapDist":3,"label":0}},{"type":"Feature","geometry":{"type":"Point","coordinates":[19.521806,51.779843]},"properties":{"name":"Janosika-Pszczyńska NŻ","lines":"58A, 58B, 64A, 64B","arr":["58A","58B","64A","64B"],"terminus":0,"mode":"bus","color":"#0059a9","colorDark":"#00294f","angle":276.5,"snapDist":7,"label":0}},{"type":"Feature","geometry":{"type":"Point","coordinates":[19.522463,51.777212]},"properties":{"name":"Krokusowa-Zrębowa NŻ","lines":"58A, 58B, 64A, 64B","arr":["58A","58B","64A","64B"],"terminus":0,"mode":"bus","color":"#0059a9","colorDark":"#00294f","angle":281.9,"snapDist":4,"label":0}},{"type":"Feature","geometry":{"type":"Point","coordinates":[19.520717,51.774989]},"properties":{"name":"Pomorska-Edwarda","lines":"58A","arr":["58A"],"terminus":0,"mode":"bus","color":"#0059a9","colorDark":"#00294f","angle":8.9,"snapDist":6,"label":0}},{"type":"Feature","geometry":{"type":"Point","coordinates":[19.509703,51.776375]},"properties":{"name":"Poronińska-Dw. Łódź Stoki NŻ","lines":"58A","arr":["58A"],"terminus":0,"mode":"bus","color":"#0059a9","colorDark":"#00294f","angle":73.2,"snapDist":2,"label":1}},{"type":"Feature","geometry":{"type":"Point","coordinates":[19.507903,51.774491]},"properties":{"name":"CKD szpital","lines":"58A","arr":["58A"],"terminus":0,"mode":"bus","color":"#0059a9","colorDark":"#00294f","angle":260.1,"snapDist":1,"label":0}},{"type":"Feature","geometry":{"type":"Point","coordinates":[19.508287,51.772665]},"properties":{"name":"CKD parking","lines":"58A","arr":["58A"],"terminus":0,"mode":"bus","color":"#0059a9","colorDark":"#00294f","angle":260.2,"snapDist":3,"label":0}},{"type":"Feature","geometry":{"type":"Point","coordinates":[19.499117,51.771516]},"properties":{"name":"Konstytucyjna-Małachowskiego NŻ","lines":"58A, 58B","arr":["58A","58B"],"terminus":0,"mode":"bus","color":"#0059a9","colorDark":"#00294f","angle":82.1,"snapDist":3,"label":0}},{"type":"Feature","geometry":{"type":"Point","coordinates":[19.49503,51.774106]},"properties":{"name":"Narutowicza-Radiostacja","lines":"58A, 58B, N7A, N7B","arr":["58A","58B","N7A","N7B"],"terminus":0,"mode":"bus","color":"#0059a9","colorDark":"#00294f","angle":348.8,"snapDist":11,"label":0}},{"type":"Feature","geometry":{"type":"Point","coordinates":[19.490067,51.77366]},"properties":{"name":"Narutowicza-Matejki (kampus UŁ)","lines":"58A, 58B, N7A, N7B","arr":["58A","58B","N7A","N7B"],"terminus":0,"mode":"bus","color":"#0059a9","colorDark":"#00294f","angle":351.7,"snapDist":8,"label":0}},{"type":"Feature","geometry":{"type":"Point","coordinates":[19.483991,51.773173]},"properties":{"name":"Narutowicza-Kopcińskiego","lines":"58A, 58B, N7A, N7B","arr":["58A","58B","N7A","N7B"],"terminus":0,"mode":"bus","color":"#0059a9","colorDark":"#00294f","angle":5.5,"snapDist":6,"label":0}},{"type":"Feature","geometry":{"type":"Point","coordinates":[19.477846,51.774613]},"properties":{"name":"Jaracza-Wierzbowa","lines":"58A, 58B, 96, N7A, N7B, Z13","arr":["58A","58B","96","N7A","N7B","Z13"],"terminus":0,"mode":"bus","color":"#0059a9","colorDark":"#00294f","angle":352.4,"snapDist":3,"label":1}},{"type":"Feature","geometry":{"type":"Point","coordinates":[19.469989,51.771904]},"properties":{"name":"Narutowicza-pl. Dąbrowskiego","lines":"58A, 58B, 88A, 88B, 88C, 88D, N7A, N7B, Z13","arr":["58A","58B","88A","88B","88C","88D","N7A","N7B","Z13"],"terminus":0,"mode":"bus","color":"#0059a9","colorDark":"#00294f","angle":351.5,"snapDist":4,"label":0}},{"type":"Feature","geometry":{"type":"Point","coordinates":[19.465844,51.771464]},"properties":{"name":"Narutowicza-P.O.W. NŻ","lines":"58A, 58B, 88A, 88B, 88C, 88D, Z13","arr":["58A","58B","88A","88B","88C","88D","Z13"],"terminus":0,"mode":"bus","color":"#0059a9","colorDark":"#00294f","angle":352.1,"snapDist":2,"label":1}},{"type":"Feature","geometry":{"type":"Point","coordinates":[19.468735,51.770189]},"properties":{"name":"Dw. Łódź Fabryczna","lines":"58A, 58B, 77, 88A, 88B, 88C, 88D","arr":["58A","58B","77","88A","88B","88C","88D"],"terminus":0,"mode":"bus","color":"#0059a9","colorDark":"#00294f","angle":184.7,"snapDist":4,"label":0}},{"type":"Feature","geometry":{"type":"Point","coordinates":[19.448251,51.776231]},"properties":{"name":"Legionów-Gdańska","lines":"59","arr":["59"],"terminus":1,"mode":"bus","color":"#0059a9","colorDark":"#00294f","angle":352,"snapDist":8,"label":1}},{"type":"Feature","geometry":{"type":"Point","coordinates":[19.451703,51.774417]},"properties":{"name":"Próchnika-Zachodnia","lines":"59, 86, N4A, N4B, N7A, N7B, N8, Z13","arr":["59","86","N4A","N4B","N7A","N7B","N8","Z13"],"terminus":0,"mode":"bus","color":"#0059a9","colorDark":"#00294f","angle":171.5,"snapDist":3,"label":1}},{"type":"Feature","geometry":{"type":"Point","coordinates":[19.452473,51.775547]},"properties":{"name":"Zachodnia-Legionów","lines":"59, 96, 100, N1A, N1B, N2, N5A, N5B, N6","arr":["59","96","100","N1A","N1B","N2","N5A","N5B","N6"],"terminus":0,"mode":"bus","color":"#0059a9","colorDark":"#00294f","angle":82.4,"snapDist":3,"label":1}},{"type":"Feature","geometry":{"type":"Point","coordinates":[19.45147,51.780313]},"properties":{"name":"Zachodnia-Manufaktura","lines":"59, 87A, 87B, 96, N1A, N1B, N2, N5A, N5B, N6, Z6","arr":["59","87A","87B","96","N1A","N1B","N2","N5A","N5B","N6","Z6"],"terminus":1,"mode":"bus","color":"#0059a9","colorDark":"#00294f","angle":77.4,"snapDist":4,"label":1}},{"type":"Feature","geometry":{"type":"Point","coordinates":[19.450383,51.783478]},"properties":{"name":"Zachodnia-Lutomierska","lines":"59, 65A, 65B, 73, N2, N5A, N5B, N6","arr":["59","65A","65B","73","N2","N5A","N5B","N6"],"terminus":0,"mode":"bus","color":"#0059a9","colorDark":"#00294f","angle":78.4,"snapDist":7,"label":1}},{"type":"Feature","geometry":{"type":"Point","coordinates":[19.449496,51.786191]},"properties":{"name":"Zachodnia-Limanowskiego","lines":"59, 65A, 65B, 73, N2, N5A, N5B, N6","arr":["59","65A","65B","73","N2","N5A","N5B","N6"],"terminus":0,"mode":"bus","color":"#0059a9","colorDark":"#00294f","angle":81.8,"snapDist":1,"label":1}},{"type":"Feature","geometry":{"type":"Point","coordinates":[19.449472,51.790018]},"properties":{"name":"Zgierska-Dolna","lines":"59, 73, N5A, N5B","arr":["59","73","N5A","N5B"],"terminus":0,"mode":"bus","color":"#0059a9","colorDark":"#00294f","angle":83.1,"snapDist":11,"label":1}},{"type":"Feature","geometry":{"type":"Point","coordinates":[19.445875,51.795493]},"properties":{"name":"Zgierska-Sędziowska","lines":"59, 73, N5A, N5B","arr":["59","73","N5A","N5B"],"terminus":0,"mode":"bus","color":"#0059a9","colorDark":"#00294f","angle":65.8,"snapDist":7,"label":1}},{"type":"Feature","geometry":{"type":"Point","coordinates":[19.443949,51.798324]},"properties":{"name":"Zgierska-Julianowska","lines":"59, 99","arr":["59","99"],"terminus":0,"mode":"bus","color":"#0059a9","colorDark":"#00294f","angle":65.3,"snapDist":7,"label":1}},{"type":"Feature","geometry":{"type":"Point","coordinates":[19.439456,51.806974]},"properties":{"name":"Zgierska-cm. Radogoszcz","lines":"59","arr":["59"],"terminus":0,"mode":"bus","color":"#0059a9","colorDark":"#00294f","angle":74.3,"snapDist":2,"label":1}},{"type":"Feature","geometry":{"type":"Point","coordinates":[19.435794,51.815631]},"properties":{"name":"Sikorskiego-Zgierska","lines":"59, N2","arr":["59","N2"],"terminus":0,"mode":"bus","color":"#0059a9","colorDark":"#00294f","angle":169.2,"snapDist":6,"label":1}},{"type":"Feature","geometry":{"type":"Point","coordinates":[19.444841,51.817592]},"properties":{"name":"Sikorskiego-Nastrojowa","lines":"59, N2","arr":["59","N2"],"terminus":0,"mode":"bus","color":"#0059a9","colorDark":"#00294f","angle":155.9,"snapDist":10,"label":1}},{"type":"Feature","geometry":{"type":"Point","coordinates":[19.448758,51.819959]},"properties":{"name":"Świtezianki-Sikorskiego","lines":"59, 65A, 65B","arr":["59","65A","65B"],"terminus":0,"mode":"bus","color":"#0059a9","colorDark":"#00294f","angle":101.1,"snapDist":5,"label":1}},{"type":"Feature","geometry":{"type":"Point","coordinates":[19.447911,51.822262]},"properties":{"name":"Świtezianki-Syrenki","lines":"59, 65A, 65B","arr":["59","65A","65B"],"terminus":0,"mode":"bus","color":"#0059a9","colorDark":"#00294f","angle":67.5,"snapDist":5,"label":1}},{"type":"Feature","geometry":{"type":"Point","coordinates":[19.443401,51.824966]},"properties":{"name":"Świtezianki-Dw. Łódź Radogoszcz Wsch. NŻ","lines":"59, 65A, 65B","arr":["59","65A","65B"],"terminus":0,"mode":"bus","color":"#0059a9","colorDark":"#00294f","angle":40.6,"snapDist":2,"label":1}},{"type":"Feature","geometry":{"type":"Point","coordinates":[19.438527,51.824745]},"properties":{"name":"Radogoszcz Wschód","lines":"59, 65A, 65B, N2","arr":["59","65A","65B","N2"],"terminus":0,"mode":"bus","color":"#0059a9","colorDark":"#00294f","angle":61.5,"snapDist":6,"label":0}},{"type":"Feature","geometry":{"type":"Point","coordinates":[19.438506,51.824769]},"properties":{"name":"Radogoszcz Wschód","lines":"59","arr":["59"],"terminus":1,"mode":"bus","color":"#0059a9","colorDark":"#00294f","angle":-118.5,"snapDist":23,"label":1}},{"type":"Feature","geometry":{"type":"Point","coordinates":[19.443826,51.82474]},"properties":{"name":"Świtezianki-Dw. Łódź Radogoszcz Wsch. NŻ","lines":"59, 65A, 65B, 89","arr":["59","65A","65B","89"],"terminus":0,"mode":"bus","color":"#0059a9","colorDark":"#00294f","angle":220.7,"snapDist":6,"label":0}},{"type":"Feature","geometry":{"type":"Point","coordinates":[19.448137,51.821925]},"properties":{"name":"Świtezianki-Syrenki","lines":"59, 65A, 65B, 89","arr":["59","65A","65B","89"],"terminus":0,"mode":"bus","color":"#0059a9","colorDark":"#00294f","angle":247.5,"snapDist":4,"label":0}},{"type":"Feature","geometry":{"type":"Point","coordinates":[19.448469,51.818944]},"properties":{"name":"Świtezianki-Sikorskiego","lines":"59, 65A, 65B, 89","arr":["59","65A","65B","89"],"terminus":0,"mode":"bus","color":"#0059a9","colorDark":"#00294f","angle":274,"snapDist":10,"label":0}},{"type":"Feature","geometry":{"type":"Point","coordinates":[19.443724,51.817452]},"properties":{"name":"Sikorskiego-Nastrojowa","lines":"59, N2","arr":["59","N2"],"terminus":0,"mode":"bus","color":"#0059a9","colorDark":"#00294f","angle":336.7,"snapDist":9,"label":0}},{"type":"Feature","geometry":{"type":"Point","coordinates":[19.439307,51.816281]},"properties":{"name":"Sikorskiego-Herlinga-Grudzińskiego","lines":"59, N2","arr":["59","N2"],"terminus":0,"mode":"bus","color":"#0059a9","colorDark":"#00294f","angle":341.8,"snapDist":8,"label":1}},{"type":"Feature","geometry":{"type":"Point","coordinates":[19.434506,51.814878]},"properties":{"name":"Zgierska-Sikorskiego","lines":"59","arr":["59"],"terminus":0,"mode":"bus","color":"#0059a9","colorDark":"#00294f","angle":248.8,"snapDist":9,"label":1}},{"type":"Feature","geometry":{"type":"Point","coordinates":[19.439479,51.806922]},"properties":{"name":"Zgierska-cm. Radogoszcz","lines":"59","arr":["59"],"terminus":0,"mode":"bus","color":"#0059a9","colorDark":"#00294f","angle":254.3,"snapDist":5,"label":0}},{"type":"Feature","geometry":{"type":"Point","coordinates":[19.444554,51.796812]},"properties":{"name":"Zgierska-Julianowska","lines":"59, 73, N5A, N5B","arr":["59","73","N5A","N5B"],"terminus":0,"mode":"bus","color":"#0059a9","colorDark":"#00294f","angle":247.3,"snapDist":9,"label":0}},{"type":"Feature","geometry":{"type":"Point","coordinates":[19.445867,51.794968]},"properties":{"name":"Zgierska-Sędziowska","lines":"59, 73, N5A, N5B","arr":["59","73","N5A","N5B"],"terminus":0,"mode":"bus","color":"#0059a9","colorDark":"#00294f","angle":245.7,"snapDist":10,"label":0}},{"type":"Feature","geometry":{"type":"Point","coordinates":[19.448988,51.790078]},"properties":{"name":"Zgierska-Dolna","lines":"59, 73, N5A, N5B","arr":["59","73","N5A","N5B"],"terminus":0,"mode":"bus","color":"#0059a9","colorDark":"#00294f","angle":263.4,"snapDist":8,"label":0}},{"type":"Feature","geometry":{"type":"Point","coordinates":[19.449219,51.786325]},"properties":{"name":"Zachodnia-Limanowskiego","lines":"59, 65A, 65B, 73, N2, N5A, N5B","arr":["59","65A","65B","73","N2","N5A","N5B"],"terminus":0,"mode":"bus","color":"#0059a9","colorDark":"#00294f","angle":258.6,"snapDist":8,"label":0}},{"type":"Feature","geometry":{"type":"Point","coordinates":[19.450445,51.782526]},"properties":{"name":"Zachodnia-Lutomierska NŻ","lines":"59, 73, N1A, N1B, N2, N5A, N5B","arr":["59","73","N1A","N1B","N2","N5A","N5B"],"terminus":0,"mode":"bus","color":"#0059a9","colorDark":"#00294f","angle":258.3,"snapDist":9,"label":1}},{"type":"Feature","geometry":{"type":"Point","coordinates":[19.450956,51.780903]},"properties":{"name":"Zachodnia-Manufaktura","lines":"59, 96, N1A, N1B, N2, N5A, N5B","arr":["59","96","N1A","N1B","N2","N5A","N5B"],"terminus":0,"mode":"bus","color":"#0059a9","colorDark":"#00294f","angle":257.3,"snapDist":7,"label":0}},{"type":"Feature","geometry":{"type":"Point","coordinates":[19.451763,51.777905]},"properties":{"name":"Zachodnia-Legionów","lines":"59, 87A, 87B, 96, 100, N1A, N1B, N2, N5A, N5B, N6","arr":["59","87A","87B","96","100","N1A","N1B","N2","N5A","N5B","N6"],"terminus":0,"mode":"bus","color":"#0059a9","colorDark":"#00294f","angle":262.5,"snapDist":4,"label":1}},{"type":"Feature","geometry":{"type":"Point","coordinates":[19.49421,51.764331]},"properties":{"name":"CH Tulipan","lines":"60A, 60B, 60C, 60D","arr":["60A","60B","60C","60D"],"terminus":1,"mode":"bus","color":"#0059a9","colorDark":"#00294f","angle":346.1,"snapDist":26,"label":1}},{"type":"Feature","geometry":{"type":"Point","coordinates":[19.492305,51.762252]},"properties":{"name":"Piłsudskiego-Sarnia","lines":"60A, 60B, 60C, 60D, 80A, 80B, N1A, N1B, Z13","arr":["60A","60B","60C","60D","80A","80B","N1A","N1B","Z13"],"terminus":0,"mode":"bus","color":"#0059a9","colorDark":"#00294f","angle":350.6,"snapDist":6,"label":1}},{"type":"Feature","geometry":{"type":"Point","coordinates":[19.487635,51.761829]},"properties":{"name":"Piłsudskiego-Śmigłego-Rydza","lines":"60A, 60B, 60C, 60D, 80A, 80B, N1A, N1B, Z13","arr":["60A","60B","60C","60D","80A","80B","N1A","N1B","Z13"],"terminus":0,"mode":"bus","color":"#0059a9","colorDark":"#00294f","angle":353.7,"snapDist":3,"label":1}},{"type":"Feature","geometry":{"type":"Point","coordinates":[19.484095,51.76734]},"properties":{"name":"Kopcińskiego-Tuwima","lines":"60A, 60B, 60C, 60D, 70, 96, Z13","arr":["60A","60B","60C","60D","70","96","Z13"],"terminus":0,"mode":"bus","color":"#0059a9","colorDark":"#00294f","angle":82.6,"snapDist":0,"label":0}},{"type":"Feature","geometry":{"type":"Point","coordinates":[19.48312,51.77187]},"properties":{"name":"Kopcińskiego-Narutowicza","lines":"60A, 60B, 60C, 60D, 70, 96, Z13","arr":["60A","60B","60C","60D","70","96","Z13"],"terminus":0,"mode":"bus","color":"#0059a9","colorDark":"#00294f","angle":83.2,"snapDist":0,"label":1}},{"type":"Feature","geometry":{"type":"Point","coordinates":[19.481762,51.777973]},"properties":{"name":"Kopcińskiego-Rondo Solidarności","lines":"60A, 60B, 60C, 60D, 70","arr":["60A","60B","60C","60D","70"],"terminus":0,"mode":"bus","color":"#0059a9","colorDark":"#00294f","angle":82.4,"snapDist":6,"label":1}},{"type":"Feature","geometry":{"type":"Point","coordinates":[19.493307,51.802745]},"properties":{"name":"Strykowska-Kwarcowa NŻ","lines":"60A, 60B, 60C, 60D","arr":["60A","60B","60C","60D"],"terminus":0,"mode":"bus","color":"#0059a9","colorDark":"#00294f","angle":138.4,"snapDist":10,"label":1}},{"type":"Feature","geometry":{"type":"Point","coordinates":[19.49937,51.806849]},"properties":{"name":"Strykowska-Opolska NŻ","lines":"60A, 60B, 60C, 60D","arr":["60A","60B","60C","60D"],"terminus":0,"mode":"bus","color":"#0059a9","colorDark":"#00294f","angle":136.6,"snapDist":9,"label":1}},{"type":"Feature","geometry":{"type":"Point","coordinates":[19.503016,51.81255]},"properties":{"name":"Strykowska-Herbowa","lines":"60A, 60B, 60C, 60D","arr":["60A","60B","60C","60D"],"terminus":0,"mode":"bus","color":"#0059a9","colorDark":"#00294f","angle":102.5,"snapDist":10,"label":1}},{"type":"Feature","geometry":{"type":"Point","coordinates":[19.50613,51.818964]},"properties":{"name":"Strykowska-Rogowska NŻ","lines":"60A, 60B, 60C","arr":["60A","60B","60C"],"terminus":0,"mode":"bus","color":"#0059a9","colorDark":"#00294f","angle":138.7,"snapDist":2,"label":1}},{"type":"Feature","geometry":{"type":"Point","coordinates":[19.519907,51.825033]},"properties":{"name":"Strykowska-Łodzianka NŻ","lines":"60A, 60B, 60C","arr":["60A","60B","60C"],"terminus":0,"mode":"bus","color":"#0059a9","colorDark":"#00294f","angle":144.7,"snapDist":10,"label":1}},{"type":"Feature","geometry":{"type":"Point","coordinates":[19.530997,51.829897]},"properties":{"name":"Strykowska-Okólna NŻ","lines":"60A, 60B, 60C","arr":["60A","60B","60C"],"terminus":0,"mode":"bus","color":"#0059a9","colorDark":"#00294f","angle":144.6,"snapDist":5,"label":1}},{"type":"Feature","geometry":{"type":"Point","coordinates":[19.541254,51.834383]},"properties":{"name":"Strykowska-Jana i Cecylii NŻ","lines":"60A, 60B, 60C","arr":["60A","60B","60C"],"terminus":0,"mode":"bus","color":"#0059a9","colorDark":"#00294f","angle":146.6,"snapDist":6,"label":1}},{"type":"Feature","geometry":{"type":"Point","coordinates":[19.550063,51.838249]},"properties":{"name":"Strykowska-Strykowska 241 NŻ","lines":"60A, 60B, 60C","arr":["60A","60B","60C"],"terminus":0,"mode":"bus","color":"#0059a9","colorDark":"#00294f","angle":144.6,"snapDist":8,"label":1}},{"type":"Feature","geometry":{"type":"Point","coordinates":[19.557945,51.841906]},"properties":{"name":"Strykowska-Imielnik Nowy","lines":"60A, 60B, 60C","arr":["60A","60B","60C"],"terminus":1,"mode":"bus","color":"#0059a9","colorDark":"#00294f","angle":124.1,"snapDist":7,"label":1}},{"type":"Feature","geometry":{"type":"Point","coordinates":[19.549625,51.838056]},"properties":{"name":"Strykowska-Strykowska 241 NŻ","lines":"60A, 60B, 60C","arr":["60A","60B","60C"],"terminus":0,"mode":"bus","color":"#0059a9","colorDark":"#00294f","angle":324.4,"snapDist":9,"label":0}},{"type":"Feature","geometry":{"type":"Point","coordinates":[19.540139,51.833898]},"properties":{"name":"Strykowska-Jana i Cecylii NŻ","lines":"60A, 60B, 60C","arr":["60A","60B","60C"],"terminus":0,"mode":"bus","color":"#0059a9","colorDark":"#00294f","angle":324.7,"snapDist":7,"label":0}},{"type":"Feature","geometry":{"type":"Point","coordinates":[19.530219,51.829557]},"properties":{"name":"Strykowska-Okólna NŻ","lines":"60A, 60B, 60C","arr":["60A","60B","60C"],"terminus":0,"mode":"bus","color":"#0059a9","colorDark":"#00294f","angle":324.9,"snapDist":6,"label":0}},{"type":"Feature","geometry":{"type":"Point","coordinates":[19.521631,51.825789]},"properties":{"name":"Strykowska-Łodzianka NŻ","lines":"60A, 60B, 60C","arr":["60A","60B","60C"],"terminus":0,"mode":"bus","color":"#0059a9","colorDark":"#00294f","angle":324.6,"snapDist":10,"label":0}},{"type":"Feature","geometry":{"type":"Point","coordinates":[19.507021,51.819379]},"properties":{"name":"Strykowska-Rogowska NŻ","lines":"60A, 60B, 60C","arr":["60A","60B","60C"],"terminus":0,"mode":"bus","color":"#0059a9","colorDark":"#00294f","angle":324.6,"snapDist":10,"label":0}},{"type":"Feature","geometry":{"type":"Point","coordinates":[19.502953,51.812378]},"properties":{"name":"Strykowska-Herbowa","lines":"60A, 60B, 60C, 60D","arr":["60A","60B","60C","60D"],"terminus":0,"mode":"bus","color":"#0059a9","colorDark":"#00294f","angle":282.8,"snapDist":11,"label":0}},{"type":"Feature","geometry":{"type":"Point","coordinates":[19.499535,51.806944]},"properties":{"name":"Strykowska-Opolska NŻ","lines":"60A, 60B, 60C, 60D","arr":["60A","60B","60C","60D"],"terminus":0,"mode":"bus","color":"#0059a9","colorDark":"#00294f","angle":316.4,"snapDist":5,"label":0}},{"type":"Feature","geometry":{"type":"Point","coordinates":[19.493018,51.802584]},"properties":{"name":"Strykowska-Kwarcowa NŻ","lines":"60A, 60B, 60C, 60D","arr":["60A","60B","60C","60D"],"terminus":0,"mode":"bus","color":"#0059a9","colorDark":"#00294f","angle":319.3,"snapDist":8,"label":0}},{"type":"Feature","geometry":{"type":"Point","coordinates":[19.481529,51.778134]},"properties":{"name":"Kopcińskiego-rondo Solidarności","lines":"60A, 60B, 60C, 60D, 70","arr":["60A","60B","60C","60D","70"],"terminus":0,"mode":"bus","color":"#0059a9","colorDark":"#00294f","angle":259.3,"snapDist":8,"label":1}},{"type":"Feature","geometry":{"type":"Point","coordinates":[19.48277,51.7721]},"properties":{"name":"Kopcińskiego-Narutowicza","lines":"60A, 60B, 60C, 60D, 70, 96, Z13","arr":["60A","60B","60C","60D","70","96","Z13"],"terminus":0,"mode":"bus","color":"#0059a9","colorDark":"#00294f","angle":262.7,"snapDist":0,"label":0}},{"type":"Feature","geometry":{"type":"Point","coordinates":[19.486884,51.761567]},"properties":{"name":"Piłsudskiego-Śmigłego-Rydza","lines":"60A, 60B, 60C, 60D, 80A, 80B, N1A, N1B, Z13","arr":["60A","60B","60C","60D","80A","80B","N1A","N1B","Z13"],"terminus":0,"mode":"bus","color":"#0059a9","colorDark":"#00294f","angle":171.3,"snapDist":7,"label":0}},{"type":"Feature","geometry":{"type":"Point","coordinates":[19.497412,51.764162]},"properties":{"name":"CH Tulipan","lines":"60A, 60B, 60C, 60D","arr":["60A","60B","60C","60D"],"terminus":0,"mode":"bus","color":"#0059a9","colorDark":"#00294f","angle":108,"snapDist":1,"label":1}},{"type":"Feature","geometry":{"type":"Point","coordinates":[19.497387,51.764115]},"properties":{"name":"CH Tulipan","lines":"60A, 60B, 60C, 60D","arr":["60A","60B","60C","60D"],"terminus":0,"mode":"bus","color":"#0059a9","colorDark":"#00294f","angle":108,"snapDist":2,"label":0}},{"type":"Feature","geometry":{"type":"Point","coordinates":[19.569761,51.846285]},"properties":{"name":"Stary Imielnik-Stary Imielnik 17","lines":"60B","arr":["60B"],"terminus":0,"mode":"bus","color":"#0059a9","colorDark":"#00294f","angle":161.8,"snapDist":4,"label":1}},{"type":"Feature","geometry":{"type":"Point","coordinates":[19.580944,51.846861]},"properties":{"name":"Stary Imielnik-Stary Imielnik 45A","lines":"60B","arr":["60B"],"terminus":0,"mode":"bus","color":"#0059a9","colorDark":"#00294f","angle":187.2,"snapDist":2,"label":1}},{"type":"Feature","geometry":{"type":"Point","coordinates":[19.592609,51.852013]},"properties":{"name":"Dobieszków O.Sz. i W.","lines":"60B","arr":["60B"],"terminus":0,"mode":"bus","color":"#0059a9","colorDark":"#00294f","angle":136.4,"snapDist":5,"label":1}},{"type":"Feature","geometry":{"type":"Point","coordinates":[19.599103,51.855944]},"properties":{"name":"Dobieszków Młyn","lines":"60B","arr":["60B"],"terminus":0,"mode":"bus","color":"#0059a9","colorDark":"#00294f","angle":39.1,"snapDist":5,"label":1}},{"type":"Feature","geometry":{"type":"Point","coordinates":[19.591548,51.859724]},"properties":{"name":"Dobieszków Wieś","lines":"60B","arr":["60B"],"terminus":0,"mode":"bus","color":"#0059a9","colorDark":"#00294f","angle":40.5,"snapDist":2,"label":1}},{"type":"Feature","geometry":{"type":"Point","coordinates":[19.580614,51.863819]},"properties":{"name":"Michałówek-Michałówek","lines":"60B","arr":["60B"],"terminus":0,"mode":"bus","color":"#0059a9","colorDark":"#00294f","angle":25.5,"snapDist":3,"label":1}},{"type":"Feature","geometry":{"type":"Point","coordinates":[19.570724,51.866899]},"properties":{"name":"Michałówek Dobra","lines":"60B","arr":["60B"],"terminus":1,"mode":"bus","color":"#0059a9","colorDark":"#00294f","angle":292.9,"snapDist":3,"label":1}},{"type":"Feature","geometry":{"type":"Point","coordinates":[19.581636,51.863582]},"properties":{"name":"Michałówek-Michałówek 26","lines":"60B","arr":["60B"],"terminus":0,"mode":"bus","color":"#0059a9","colorDark":"#00294f","angle":190.2,"snapDist":2,"label":1}},{"type":"Feature","geometry":{"type":"Point","coordinates":[19.591913,51.859536]},"properties":{"name":"Dobieszków Wieś","lines":"60B","arr":["60B"],"terminus":0,"mode":"bus","color":"#0059a9","colorDark":"#00294f","angle":218.4,"snapDist":4,"label":0}},{"type":"Feature","geometry":{"type":"Point","coordinates":[19.599235,51.855297]},"properties":{"name":"Dobieszków Młyn","lines":"60B","arr":["60B"],"terminus":0,"mode":"bus","color":"#0059a9","colorDark":"#00294f","angle":294.2,"snapDist":3,"label":0}},{"type":"Feature","geometry":{"type":"Point","coordinates":[19.592472,51.851923]},"properties":{"name":"Dobieszków Hotel","lines":"60B","arr":["60B"],"terminus":0,"mode":"bus","color":"#0059a9","colorDark":"#00294f","angle":312.7,"snapDist":1,"label":1}},{"type":"Feature","geometry":{"type":"Point","coordinates":[19.580642,51.846888]},"properties":{"name":"Stary Imielnik-Stary Imielnik 45","lines":"60B","arr":["60B"],"terminus":0,"mode":"bus","color":"#0059a9","colorDark":"#00294f","angle":8.5,"snapDist":4,"label":1}},{"type":"Feature","geometry":{"type":"Point","coordinates":[19.57033,51.8464]},"properties":{"name":"Stary Imielnik-Stary Imielnik 18","lines":"60B","arr":["60B"],"terminus":0,"mode":"bus","color":"#0059a9","colorDark":"#00294f","angle":342.4,"snapDist":0,"label":1}},{"type":"Feature","geometry":{"type":"Point","coordinates":[19.558298,51.842291]},"properties":{"name":"Strykowska-Imielnik Nowy","lines":"60B, 60C","arr":["60B","60C"],"terminus":0,"mode":"bus","color":"#0059a9","colorDark":"#00294f","angle":297.7,"snapDist":2,"label":0}},{"type":"Feature","geometry":{"type":"Point","coordinates":[19.56507,51.858006]},"properties":{"name":"Dobra Nowiny","lines":"60C","arr":["60C"],"terminus":0,"mode":"bus","color":"#0059a9","colorDark":"#00294f","angle":104.4,"snapDist":3,"label":1}},{"type":"Feature","geometry":{"type":"Point","coordinates":[19.570183,51.867561]},"properties":{"name":"Dobra","lines":"60C","arr":["60C"],"terminus":0,"mode":"bus","color":"#0059a9","colorDark":"#00294f","angle":116.9,"snapDist":5,"label":1}},{"type":"Feature","geometry":{"type":"Point","coordinates":[19.581094,51.880064]},"properties":{"name":"Sosnowiec","lines":"60C","arr":["60C"],"terminus":0,"mode":"bus","color":"#0059a9","colorDark":"#00294f","angle":119.9,"snapDist":8,"label":1}},{"type":"Feature","geometry":{"type":"Point","coordinates":[19.580787,51.892922]},"properties":{"name":"Corning (Smolice)","lines":"60C","arr":["60C"],"terminus":0,"mode":"bus","color":"#0059a9","colorDark":"#00294f","angle":19.1,"snapDist":7,"label":1}},{"type":"Feature","geometry":{"type":"Point","coordinates":[19.598184,51.89621]},"properties":{"name":"Warszawska-Legionów (Stryków)","lines":"60C","arr":["60C"],"terminus":0,"mode":"bus","color":"#0059a9","colorDark":"#00294f","angle":124.2,"snapDist":8,"label":1}},{"type":"Feature","geometry":{"type":"Point","coordinates":[19.601024,51.900849]},"properties":{"name":"pl. Łukasińskiego (Stryków)","lines":"60C","arr":["60C"],"terminus":0,"mode":"bus","color":"#0059a9","colorDark":"#00294f","angle":169.9,"snapDist":2,"label":1}},{"type":"Feature","geometry":{"type":"Point","coordinates":[19.604613,51.902653]},"properties":{"name":"Kopernika-Słowackiego (Stryków)","lines":"60C","arr":["60C"],"terminus":0,"mode":"bus","color":"#0059a9","colorDark":"#00294f","angle":40.2,"snapDist":4,"label":1}},{"type":"Feature","geometry":{"type":"Point","coordinates":[19.595258,51.905497]},"properties":{"name":"Kopernika-Kolejowa (Stryków)","lines":"60C","arr":["60C"],"terminus":0,"mode":"bus","color":"#0059a9","colorDark":"#00294f","angle":6.6,"snapDist":7,"label":1}},{"type":"Feature","geometry":{"type":"Point","coordinates":[19.594267,51.91026]},"properties":{"name":"Stryków Dworzec PKP","lines":"60C","arr":["60C"],"terminus":1,"mode":"bus","color":"#0059a9","colorDark":"#00294f","angle":346.9,"snapDist":12,"label":1}},{"type":"Feature","geometry":{"type":"Point","coordinates":[19.595369,51.905489]},"properties":{"name":"Kopernika-Kolejowa (Stryków)","lines":"60C","arr":["60C"],"terminus":0,"mode":"bus","color":"#0059a9","colorDark":"#00294f","angle":188.4,"snapDist":4,"label":0}},{"type":"Feature","geometry":{"type":"Point","coordinates":[19.603693,51.903137]},"properties":{"name":"Kopernika-Słowackiego (Stryków)","lines":"60C","arr":["60C"],"terminus":0,"mode":"bus","color":"#0059a9","colorDark":"#00294f","angle":219.9,"snapDist":7,"label":0}},{"type":"Feature","geometry":{"type":"Point","coordinates":[19.601883,51.900735]},"properties":{"name":"pl. Łukasińskiego (Stryków)","lines":"60C","arr":["60C"],"terminus":0,"mode":"bus","color":"#0059a9","colorDark":"#00294f","angle":227.5,"snapDist":4,"label":0}},{"type":"Feature","geometry":{"type":"Point","coordinates":[19.596667,51.894829]},"properties":{"name":"Warszawska-Legionów (Stryków)","lines":"60C","arr":["60C"],"terminus":0,"mode":"bus","color":"#0059a9","colorDark":"#00294f","angle":304.2,"snapDist":8,"label":0}},{"type":"Feature","geometry":{"type":"Point","coordinates":[19.580566,51.89297]},"properties":{"name":"Corning (Smolice)","lines":"60C","arr":["60C"],"terminus":0,"mode":"bus","color":"#0059a9","colorDark":"#00294f","angle":19.2,"snapDist":7,"label":0}},{"type":"Feature","geometry":{"type":"Point","coordinates":[19.581837,51.880841]},"properties":{"name":"Sosnowiec","lines":"60C","arr":["60C"],"terminus":0,"mode":"bus","color":"#0059a9","colorDark":"#00294f","angle":300.6,"snapDist":9,"label":0}},{"type":"Feature","geometry":{"type":"Point","coordinates":[19.569397,51.86661]},"properties":{"name":"Dobra","lines":"60C","arr":["60C"],"terminus":0,"mode":"bus","color":"#0059a9","colorDark":"#00294f","angle":296.8,"snapDist":7,"label":0}},{"type":"Feature","geometry":{"type":"Point","coordinates":[19.563671,51.854745]},"properties":{"name":"Dobra Nowiny","lines":"60C","arr":["60C"],"terminus":0,"mode":"bus","color":"#0059a9","colorDark":"#00294f","angle":284.9,"snapDist":2,"label":1}},{"type":"Feature","geometry":{"type":"Point","coordinates":[19.498716,51.814882]},"properties":{"name":"Łupkowa-Kobaltowa","lines":"60D","arr":["60D"],"terminus":0,"mode":"bus","color":"#0059a9","colorDark":"#00294f","angle":354.2,"snapDist":4,"label":1}},{"type":"Feature","geometry":{"type":"Point","coordinates":[19.486076,51.813158]},"properties":{"name":"Warszawska-Wycieczkowa","lines":"60D","arr":["60D"],"terminus":0,"mode":"bus","color":"#0059a9","colorDark":"#00294f","angle":325.6,"snapDist":4,"label":1}},{"type":"Feature","geometry":{"type":"Point","coordinates":[19.480183,51.810661]},"properties":{"name":"Warszawska-Centralna NŻ","lines":"60D, Z3","arr":["60D","Z3"],"terminus":0,"mode":"bus","color":"#0059a9","colorDark":"#00294f","angle":325.6,"snapDist":5,"label":1}},{"type":"Feature","geometry":{"type":"Point","coordinates":[19.473377,51.807776]},"properties":{"name":"Warszawska-Dw. Łódź Warszawska NŻ","lines":"60D, Z3","arr":["60D","Z3"],"terminus":0,"mode":"bus","color":"#0059a9","colorDark":"#00294f","angle":325.6,"snapDist":5,"label":1}},{"type":"Feature","geometry":{"type":"Point","coordinates":[19.48072,51.806385]},"properties":{"name":"Marysin Tęczowa","lines":"60D","arr":["60D"],"terminus":1,"mode":"bus","color":"#0059a9","colorDark":"#00294f","angle":183.6,"snapDist":14,"label":1}},{"type":"Feature","geometry":{"type":"Point","coordinates":[19.480029,51.810596]},"properties":{"name":"Warszawska-Centralna NŻ","lines":"60D, Z3","arr":["60D","Z3"],"terminus":0,"mode":"bus","color":"#0059a9","colorDark":"#00294f","angle":145.6,"snapDist":6,"label":0}},{"type":"Feature","geometry":{"type":"Point","coordinates":[19.486674,51.813411]},"properties":{"name":"Wycieczkowa","lines":"60D, Z3","arr":["60D","Z3"],"terminus":0,"mode":"bus","color":"#0059a9","colorDark":"#00294f","angle":145.6,"snapDist":6,"label":1}},{"type":"Feature","geometry":{"type":"Point","coordinates":[19.498156,51.814846]},"properties":{"name":"Łupkowa-Kobaltowa","lines":"60D","arr":["60D"],"terminus":0,"mode":"bus","color":"#0059a9","colorDark":"#00294f","angle":173.6,"snapDist":9,"label":0}},{"type":"Feature","geometry":{"type":"Point","coordinates":[19.452687,51.849246]},"properties":{"name":"Okólna-Okólna 244","lines":"61","arr":["61"],"terminus":0,"mode":"bus","color":"#0059a9","colorDark":"#00294f","angle":13.6,"snapDist":4,"label":1}},{"type":"Feature","geometry":{"type":"Point","coordinates":[19.440935,51.851023]},"properties":{"name":"Długa-Łagiewnicka (Zgierz)","lines":"61","arr":["61"],"terminus":0,"mode":"bus","color":"#0059a9","colorDark":"#00294f","angle":13.8,"snapDist":4,"label":1}},{"type":"Feature","geometry":{"type":"Point","coordinates":[19.434941,51.851931]},"properties":{"name":"Długa-Sierakowskiego (Zgierz)","lines":"61","arr":["61"],"terminus":0,"mode":"bus","color":"#0059a9","colorDark":"#00294f","angle":13.8,"snapDist":0,"label":1}},{"type":"Feature","geometry":{"type":"Point","coordinates":[19.427222,51.853091]},"properties":{"name":"Długa-Spacerowa (Zgierz)","lines":"61","arr":["61"],"terminus":0,"mode":"bus","color":"#0059a9","colorDark":"#00294f","angle":14,"snapDist":2,"label":1}},{"type":"Feature","geometry":{"type":"Point","coordinates":[19.4214,51.853955]},"properties":{"name":"Długa-Skłodowskiej-Curie (Zgierz)","lines":"61","arr":["61"],"terminus":0,"mode":"bus","color":"#0059a9","colorDark":"#00294f","angle":13,"snapDist":6,"label":1}},{"type":"Feature","geometry":{"type":"Point","coordinates":[19.405984,51.86412]},"properties":{"name":"Musierowicza-Piątkowska (Zgierz)","lines":"61","arr":["61"],"terminus":0,"mode":"bus","color":"#0059a9","colorDark":"#00294f","angle":352.9,"snapDist":2,"label":1}},{"type":"Feature","geometry":{"type":"Point","coordinates":[19.401523,51.863562]},"properties":{"name":"Musierowicza-Łęczycka (Zgierz)","lines":"61","arr":["61"],"terminus":0,"mode":"bus","color":"#0059a9","colorDark":"#00294f","angle":346.5,"snapDist":7,"label":1}},{"type":"Feature","geometry":{"type":"Point","coordinates":[19.382085,51.867765]},"properties":{"name":"Parzęczewska /Staffa(Zg.)","lines":"61","arr":["61"],"terminus":1,"mode":"bus","color":"#0059a9","colorDark":"#00294f","angle":211,"snapDist":9,"label":1}},{"type":"Feature","geometry":{"type":"Point","coordinates":[19.401844,51.863611]},"properties":{"name":"Musierowicza-Łęczycka (Zgierz)","lines":"61","arr":["61"],"terminus":0,"mode":"bus","color":"#0059a9","colorDark":"#00294f","angle":165.8,"snapDist":1,"label":0}},{"type":"Feature","geometry":{"type":"Point","coordinates":[19.405714,51.864099]},"properties":{"name":"Musierowicza-Piątkowska (Zgierz)","lines":"61","arr":["61"],"terminus":0,"mode":"bus","color":"#0059a9","colorDark":"#00294f","angle":172.9,"snapDist":3,"label":0}},{"type":"Feature","geometry":{"type":"Point","coordinates":[19.416878,51.854638]},"properties":{"name":"Długa-pl. Kilińskiego (Zgierz)","lines":"61","arr":["61"],"terminus":0,"mode":"bus","color":"#0059a9","colorDark":"#00294f","angle":194.4,"snapDist":2,"label":0}},{"type":"Feature","geometry":{"type":"Point","coordinates":[19.420597,51.854077]},"properties":{"name":"Długa-Skłodowskiej-Curie (Zgierz)","lines":"61","arr":["61"],"terminus":0,"mode":"bus","color":"#0059a9","colorDark":"#00294f","angle":194.2,"snapDist":2,"label":0}},{"type":"Feature","geometry":{"type":"Point","coordinates":[19.426116,51.853261]},"properties":{"name":"Długa-Spacerowa (Zgierz)","lines":"61","arr":["61"],"terminus":0,"mode":"bus","color":"#0059a9","colorDark":"#00294f","angle":193.7,"snapDist":5,"label":0}},{"type":"Feature","geometry":{"type":"Point","coordinates":[19.436669,51.851672]},"properties":{"name":"Długa-Sierakowskiego (Zgierz)","lines":"61","arr":["61"],"terminus":0,"mode":"bus","color":"#0059a9","colorDark":"#00294f","angle":193.7,"snapDist":3,"label":0}},{"type":"Feature","geometry":{"type":"Point","coordinates":[19.44313,51.850689]},"properties":{"name":"Długa-Łagiewnicka (Zgierz)","lines":"61","arr":["61"],"terminus":0,"mode":"bus","color":"#0059a9","colorDark":"#00294f","angle":194.1,"snapDist":6,"label":0}},{"type":"Feature","geometry":{"type":"Point","coordinates":[19.453795,51.849078]},"properties":{"name":"Okólna-Okólna 244","lines":"61","arr":["61"],"terminus":0,"mode":"bus","color":"#0059a9","colorDark":"#00294f","angle":193.7,"snapDist":4,"label":0}},{"type":"Feature","geometry":{"type":"Point","coordinates":[19.475014,51.846933]},"properties":{"name":"Okólna-Łagiewniki","lines":"61, 66","arr":["61","66"],"terminus":0,"mode":"bus","color":"#0059a9","colorDark":"#00294f","angle":143.9,"snapDist":10,"label":0}},{"type":"Feature","geometry":{"type":"Point","coordinates":[19.411896,51.718411]},"properties":{"name":"Bionanopark","lines":"62","arr":["62"],"terminus":1,"mode":"bus","color":"#0059a9","colorDark":"#00294f","angle":109.4,"snapDist":2,"label":1}},{"type":"Feature","geometry":{"type":"Point","coordinates":[19.415331,51.719913]},"properties":{"name":"Dubois-Pusta NŻ","lines":"62","arr":["62"],"terminus":0,"mode":"bus","color":"#0059a9","colorDark":"#00294f","angle":151,"snapDist":4,"label":1}},{"type":"Feature","geometry":{"type":"Point","coordinates":[19.426741,51.723073]},"properties":{"name":"Prądzyńskiego-Rozwojowa","lines":"62, 63","arr":["62","63"],"terminus":0,"mode":"bus","color":"#0059a9","colorDark":"#00294f","angle":182,"snapDist":3,"label":1}},{"type":"Feature","geometry":{"type":"Point","coordinates":[19.432784,51.722871]},"properties":{"name":"Prądzyńskiego-Darniowa NŻ","lines":"62, 63","arr":["62","63"],"terminus":0,"mode":"bus","color":"#0059a9","colorDark":"#00294f","angle":182.8,"snapDist":6,"label":1}},{"type":"Feature","geometry":{"type":"Point","coordinates":[19.431286,51.718702]},"properties":{"name":"Pokładowa-Świętojańska NŻ","lines":"62, 63","arr":["62","63"],"terminus":0,"mode":"bus","color":"#0059a9","colorDark":"#00294f","angle":297.5,"snapDist":2,"label":1}},{"type":"Feature","geometry":{"type":"Point","coordinates":[19.431842,51.715603]},"properties":{"name":"Dubois-Pabianicka","lines":"62, 63","arr":["62","63"],"terminus":0,"mode":"bus","color":"#0059a9","colorDark":"#00294f","angle":210.6,"snapDist":4,"label":1}},{"type":"Feature","geometry":{"type":"Point","coordinates":[19.436006,51.716299]},"properties":{"name":"Starorudzka-Pabianicka NŻ","lines":"62, N4A, N4B","arr":["62","N4A","N4B"],"terminus":0,"mode":"bus","color":"#0059a9","colorDark":"#00294f","angle":259.2,"snapDist":5,"label":1}},{"type":"Feature","geometry":{"type":"Point","coordinates":[19.437927,51.710251]},"properties":{"name":"Starorudzka-Demokratyczna","lines":"62, N4A, N4B","arr":["62","N4A","N4B"],"terminus":0,"mode":"bus","color":"#0059a9","colorDark":"#00294f","angle":258.6,"snapDist":6,"label":1}},{"type":"Feature","geometry":{"type":"Point","coordinates":[19.444154,51.71068]},"properties":{"name":"Demokratyczna-Dzwonowa","lines":"62","arr":["62"],"terminus":0,"mode":"bus","color":"#0059a9","colorDark":"#00294f","angle":168.6,"snapDist":6,"label":1}},{"type":"Feature","geometry":{"type":"Point","coordinates":[19.450726,51.711505]},"properties":{"name":"Demokratyczna-Matowa NŻ","lines":"62","arr":["62"],"terminus":0,"mode":"bus","color":"#0059a9","colorDark":"#00294f","angle":168.9,"snapDist":5,"label":1}},{"type":"Feature","geometry":{"type":"Point","coordinates":[19.458988,51.711915]},"properties":{"name":"Demokratyczna-Demokratyczna 117 NŻ","lines":"62","arr":["62"],"terminus":0,"mode":"bus","color":"#0059a9","colorDark":"#00294f","angle":183.6,"snapDist":8,"label":1}},{"type":"Feature","geometry":{"type":"Point","coordinates":[19.46361,51.711688]},"properties":{"name":"Demokratyczna-Bartoszewskiego","lines":"62, 75A, 75B, 93","arr":["62","75A","75B","93"],"terminus":0,"mode":"bus","color":"#0059a9","colorDark":"#00294f","angle":182.3,"snapDist":0,"label":1}},{"type":"Feature","geometry":{"type":"Point","coordinates":[19.472736,51.711238]},"properties":{"name":"Paradna-Obszerna NŻ","lines":"62, N3B","arr":["62","N3B"],"terminus":0,"mode":"bus","color":"#0059a9","colorDark":"#00294f","angle":200,"snapDist":9,"label":1}},{"type":"Feature","geometry":{"type":"Point","coordinates":[19.47808,51.710022]},"properties":{"name":"Paradna-Matek Polskich","lines":"62, N3B","arr":["62","N3B"],"terminus":0,"mode":"bus","color":"#0059a9","colorDark":"#00294f","angle":199.4,"snapDist":6,"label":1}},{"type":"Feature","geometry":{"type":"Point","coordinates":[19.475728,51.706839]},"properties":{"name":"Matek Polskich-Sczanieckiej","lines":"62, N3A, N3B","arr":["62","N3A","N3B"],"terminus":0,"mode":"bus","color":"#0059a9","colorDark":"#00294f","angle":304,"snapDist":8,"label":1}},{"type":"Feature","geometry":{"type":"Point","coordinates":[19.478786,51.704194]},"properties":{"name":"Matek Polskich-Przednia","lines":"62, N3A, N3B","arr":["62","N3A","N3B"],"terminus":0,"mode":"bus","color":"#0059a9","colorDark":"#00294f","angle":213.1,"snapDist":3,"label":1}},{"type":"Feature","geometry":{"type":"Point","coordinates":[19.482104,51.70517]},"properties":{"name":"Matek Polskich-ICZMP szpital","lines":"62, 70, 93","arr":["62","70","93"],"terminus":0,"mode":"bus","color":"#0059a9","colorDark":"#00294f","angle":120.2,"snapDist":4,"label":1}},{"type":"Feature","geometry":{"type":"Point","coordinates":[19.485617,51.709366]},"properties":{"name":"Paradna-Rzgowska","lines":"62, 70, 93, N3A","arr":["62","70","93","N3A"],"terminus":0,"mode":"bus","color":"#0059a9","colorDark":"#00294f","angle":178.7,"snapDist":11,"label":1}},{"type":"Feature","geometry":{"type":"Point","coordinates":[19.480721,51.726103]},"properties":{"name":"Dw. Łódź Chojny","lines":"62, 63, 71A, 71B, H","arr":["62","63","71A","71B","H"],"terminus":1,"mode":"bus","color":"#0059a9","colorDark":"#00294f","angle":-105.2,"snapDist":26,"label":1}},{"type":"Feature","geometry":{"type":"Point","coordinates":[19.487071,51.709422]},"properties":{"name":"Paradna-Rzgowska","lines":"62, 70, 93, N3A","arr":["62","70","93","N3A"],"terminus":0,"mode":"bus","color":"#0059a9","colorDark":"#00294f","angle":359,"snapDist":5,"label":0}},{"type":"Feature","geometry":{"type":"Point","coordinates":[19.484755,51.708493]},"properties":{"name":"Matek Polskich-ICZMP przychodnia","lines":"62, 70, 93","arr":["62","70","93"],"terminus":0,"mode":"bus","color":"#0059a9","colorDark":"#00294f","angle":277,"snapDist":6,"label":1}},{"type":"Feature","geometry":{"type":"Point","coordinates":[19.482426,51.705514]},"properties":{"name":"Matek Polskich-ICZMP szpital","lines":"62, 70, 93","arr":["62","70","93"],"terminus":0,"mode":"bus","color":"#0059a9","colorDark":"#00294f","angle":299.9,"snapDist":4,"label":0}},{"type":"Feature","geometry":{"type":"Point","coordinates":[19.47837,51.704361]},"properties":{"name":"Matek Polskich-Przednia","lines":"62, N3A, N3B","arr":["62","N3A","N3B"],"terminus":0,"mode":"bus","color":"#0059a9","colorDark":"#00294f","angle":32.2,"snapDist":3,"label":0}},{"type":"Feature","geometry":{"type":"Point","coordinates":[19.476022,51.707109]},"properties":{"name":"Matek Polskich-Sczanieckiej","lines":"62, N3A, N3B","arr":["62","N3A","N3B"],"terminus":0,"mode":"bus","color":"#0059a9","colorDark":"#00294f","angle":123.9,"snapDist":10,"label":0}},{"type":"Feature","geometry":{"type":"Point","coordinates":[19.47739,51.710171]},"properties":{"name":"Paradna-Matek Polskich","lines":"62, N3B","arr":["62","N3B"],"terminus":0,"mode":"bus","color":"#0059a9","colorDark":"#00294f","angle":18.5,"snapDist":2,"label":0}},{"type":"Feature","geometry":{"type":"Point","coordinates":[19.474293,51.710869]},"properties":{"name":"Paradna-Obszerna NŻ","lines":"62, N3B","arr":["62","N3B"],"terminus":0,"mode":"bus","color":"#0059a9","colorDark":"#00294f","angle":21.7,"snapDist":5,"label":0}},{"type":"Feature","geometry":{"type":"Point","coordinates":[19.465068,51.71177]},"properties":{"name":"Demokratyczna-Trybunalska","lines":"62, 75A, 75B, 93","arr":["62","75A","75B","93"],"terminus":0,"mode":"bus","color":"#0059a9","colorDark":"#00294f","angle":3.1,"snapDist":2,"label":1}},{"type":"Feature","geometry":{"type":"Point","coordinates":[19.460729,51.711923]},"properties":{"name":"Demokratyczna-Bartoszewskiego NŻ","lines":"62","arr":["62"],"terminus":0,"mode":"bus","color":"#0059a9","colorDark":"#00294f","angle":1.4,"snapDist":3,"label":1}},{"type":"Feature","geometry":{"type":"Point","coordinates":[19.450205,51.711442]},"properties":{"name":"Demokratyczna-Matowa NŻ","lines":"62","arr":["62"],"terminus":0,"mode":"bus","color":"#0059a9","colorDark":"#00294f","angle":348.9,"snapDist":5,"label":0}},{"type":"Feature","geometry":{"type":"Point","coordinates":[19.445314,51.710829]},"properties":{"name":"Demokratyczna-Dzwonowa","lines":"62","arr":["62"],"terminus":0,"mode":"bus","color":"#0059a9","colorDark":"#00294f","angle":348.3,"snapDist":5,"label":0}},{"type":"Feature","geometry":{"type":"Point","coordinates":[19.437091,51.709797]},"properties":{"name":"Demokratyczna-Starorudzka","lines":"62","arr":["62"],"terminus":0,"mode":"bus","color":"#0059a9","colorDark":"#00294f","angle":348.6,"snapDist":4,"label":1}},{"type":"Feature","geometry":{"type":"Point","coordinates":[19.43185,51.713198]},"properties":{"name":"Gombrowicza-Pabianicka NŻ","lines":"62","arr":["62"],"terminus":0,"mode":"bus","color":"#0059a9","colorDark":"#00294f","angle":37.6,"snapDist":5,"label":1}},{"type":"Feature","geometry":{"type":"Point","coordinates":[19.432354,51.715421]},"properties":{"name":"Dubois-Pabianicka","lines":"62, 63, 68","arr":["62","63","68"],"terminus":0,"mode":"bus","color":"#0059a9","colorDark":"#00294f","angle":29.9,"snapDist":5,"label":0}},{"type":"Feature","geometry":{"type":"Point","coordinates":[19.423779,51.718376]},"properties":{"name":"Dubois-Hoffmanowej NŻ","lines":"62","arr":["62"],"terminus":0,"mode":"bus","color":"#0059a9","colorDark":"#00294f","angle":28.8,"snapDist":3,"label":1}},{"type":"Feature","geometry":{"type":"Point","coordinates":[19.416297,51.72025]},"properties":{"name":"Dubois-Pusta NŻ","lines":"62","arr":["62"],"terminus":0,"mode":"bus","color":"#0059a9","colorDark":"#00294f","angle":329.9,"snapDist":5,"label":0}},{"type":"Feature","geometry":{"type":"Point","coordinates":[19.460248,51.735903]},"properties":{"name":"Bednarska-Pabianicka","lines":"63, 72A, 72B, N3A, N3B","arr":["63","72A","72B","N3A","N3B"],"terminus":0,"mode":"bus","color":"#0059a9","colorDark":"#00294f","angle":205.3,"snapDist":3,"label":1}},{"type":"Feature","geometry":{"type":"Point","coordinates":[19.464755,51.734696]},"properties":{"name":"Bednarska-Unicka NŻ","lines":"63, 72A, 72B, N3A, N3B","arr":["63","72A","72B","N3A","N3B"],"terminus":0,"mode":"bus","color":"#0059a9","colorDark":"#00294f","angle":201.3,"snapDist":7,"label":1}},{"type":"Feature","geometry":{"type":"Point","coordinates":[19.466768,51.732112]},"properties":{"name":"Tuszyńska-Piaseczna NŻ","lines":"63","arr":["63"],"terminus":0,"mode":"bus","color":"#0059a9","colorDark":"#00294f","angle":242.3,"snapDist":3,"label":1}},{"type":"Feature","geometry":{"type":"Point","coordinates":[19.439659,51.723312]},"properties":{"name":"Zamojska-Prądzyńskiego NŻ","lines":"63","arr":["63"],"terminus":0,"mode":"bus","color":"#0059a9","colorDark":"#00294f","angle":93.6,"snapDist":3,"label":1}},{"type":"Feature","geometry":{"type":"Point","coordinates":[19.436769,51.726829]},"properties":{"name":"Św. Franciszka-Zwrotnikowa","lines":"63","arr":["63"],"terminus":0,"mode":"bus","color":"#0059a9","colorDark":"#00294f","angle":2.4,"snapDist":2,"label":1}},{"type":"Feature","geometry":{"type":"Point","coordinates":[19.431454,51.726986]},"properties":{"name":"Św. Franciszka-Zenitowa","lines":"63","arr":["63"],"terminus":0,"mode":"bus","color":"#0059a9","colorDark":"#00294f","angle":3.1,"snapDist":7,"label":1}},{"type":"Feature","geometry":{"type":"Point","coordinates":[19.422674,51.727045]},"properties":{"name":"Św. Franciszka-Czahary","lines":"63, 77","arr":["63","77"],"terminus":1,"mode":"bus","color":"#0059a9","colorDark":"#00294f","angle":132.4,"snapDist":2,"label":1}},{"type":"Feature","geometry":{"type":"Point","coordinates":[19.42328,51.723727]},"properties":{"name":"Czahary-Prądzyńskiego NŻ","lines":"63","arr":["63"],"terminus":0,"mode":"bus","color":"#0059a9","colorDark":"#00294f","angle":260.3,"snapDist":5,"label":1}},{"type":"Feature","geometry":{"type":"Point","coordinates":[19.441276,51.718252]},"properties":{"name":"3 Maja-Korczaka NŻ","lines":"63","arr":["63"],"terminus":0,"mode":"bus","color":"#0059a9","colorDark":"#00294f","angle":201.4,"snapDist":5,"label":1}},{"type":"Feature","geometry":{"type":"Point","coordinates":[19.448542,51.716522]},"properties":{"name":"3 Maja-Morska","lines":"63","arr":["63"],"terminus":0,"mode":"bus","color":"#0059a9","colorDark":"#00294f","angle":200.6,"snapDist":6,"label":1}},{"type":"Feature","geometry":{"type":"Point","coordinates":[19.45242,51.715843]},"properties":{"name":"3 Maja-Świetlicowa NŻ","lines":"63","arr":["63"],"terminus":0,"mode":"bus","color":"#0059a9","colorDark":"#00294f","angle":190.6,"snapDist":4,"label":1}},{"type":"Feature","geometry":{"type":"Point","coordinates":[19.457689,51.717772]},"properties":{"name":"Pryncypalna-Bartoszewskiego NŻ","lines":"63","arr":["63"],"terminus":0,"mode":"bus","color":"#0059a9","colorDark":"#00294f","angle":148.3,"snapDist":8,"label":1}},{"type":"Feature","geometry":{"type":"Point","coordinates":[19.460053,51.718668]},"properties":{"name":"Pryncypalna-Mocna NŻ","lines":"63","arr":["63"],"terminus":0,"mode":"bus","color":"#0059a9","colorDark":"#00294f","angle":148.6,"snapDist":6,"label":1}},{"type":"Feature","geometry":{"type":"Point","coordinates":[19.466705,51.721194]},"properties":{"name":"Pryncypalna-Kosynierów Gdyńskich NŻ","lines":"63","arr":["63"],"terminus":0,"mode":"bus","color":"#0059a9","colorDark":"#00294f","angle":149,"snapDist":3,"label":1}},{"type":"Feature","geometry":{"type":"Point","coordinates":[19.470013,51.722458]},"properties":{"name":"Pryncypalna-Mieszkalna","lines":"63","arr":["63"],"terminus":0,"mode":"bus","color":"#0059a9","colorDark":"#00294f","angle":148.5,"snapDist":2,"label":1}},{"type":"Feature","geometry":{"type":"Point","coordinates":[19.473895,51.723536]},"properties":{"name":"Kongresowa-Pryncypalna NŻ","lines":"63","arr":["63"],"terminus":0,"mode":"bus","color":"#0059a9","colorDark":"#00294f","angle":239.7,"snapDist":4,"label":1}},{"type":"Feature","geometry":{"type":"Point","coordinates":[19.476782,51.720589]},"properties":{"name":"Kongresowa-Jutrzenki","lines":"63","arr":["63"],"terminus":0,"mode":"bus","color":"#0059a9","colorDark":"#00294f","angle":239,"snapDist":4,"label":1}},{"type":"Feature","geometry":{"type":"Point","coordinates":[19.480286,51.718007]},"properties":{"name":"Strażacka-Tuszyńska NŻ","lines":"63, N3B","arr":["63","N3B"],"terminus":0,"mode":"bus","color":"#0059a9","colorDark":"#00294f","angle":205.2,"snapDist":6,"label":1}},{"type":"Feature","geometry":{"type":"Point","coordinates":[19.483163,51.717742]},"properties":{"name":"Strażacka-Rzgowska","lines":"63, N3B","arr":["63","N3B"],"terminus":0,"mode":"bus","color":"#0059a9","colorDark":"#00294f","angle":346.5,"snapDist":7,"label":1}},{"type":"Feature","geometry":{"type":"Point","coordinates":[19.479545,51.71822]},"properties":{"name":"Strażacka-Tuszyńska NŻ","lines":"63, N3B","arr":["63","N3B"],"terminus":0,"mode":"bus","color":"#0059a9","colorDark":"#00294f","angle":24.6,"snapDist":2,"label":0}},{"type":"Feature","geometry":{"type":"Point","coordinates":[19.477116,51.720256]},"properties":{"name":"Kongresowa-Jutrzenki","lines":"63","arr":["63"],"terminus":0,"mode":"bus","color":"#0059a9","colorDark":"#00294f","angle":58.7,"snapDist":5,"label":0}},{"type":"Feature","geometry":{"type":"Point","coordinates":[19.474196,51.723221]},"properties":{"name":"Kongresowa-Pryncypalna NŻ","lines":"63","arr":["63"],"terminus":0,"mode":"bus","color":"#0059a9","colorDark":"#00294f","angle":59.2,"snapDist":2,"label":0}},{"type":"Feature","geometry":{"type":"Point","coordinates":[19.470657,51.722703]},"properties":{"name":"Pryncypalna-Mieszkalna","lines":"63","arr":["63"],"terminus":0,"mode":"bus","color":"#0059a9","colorDark":"#00294f","angle":328.3,"snapDist":2,"label":0}},{"type":"Feature","geometry":{"type":"Point","coordinates":[19.467115,51.721346]},"properties":{"name":"Pryncypalna-Kosynierów Gdyńskich NŻ","lines":"63","arr":["63"],"terminus":0,"mode":"bus","color":"#0059a9","colorDark":"#00294f","angle":149,"snapDist":7,"label":0}},{"type":"Feature","geometry":{"type":"Point","coordinates":[19.459607,51.718502]},"properties":{"name":"Pryncypalna-Mocna NŻ","lines":"63","arr":["63"],"terminus":0,"mode":"bus","color":"#0059a9","colorDark":"#00294f","angle":328.7,"snapDist":2,"label":0}},{"type":"Feature","geometry":{"type":"Point","coordinates":[19.456491,51.717379]},"properties":{"name":"Pryncypalna-Bartoszewskiego NŻ","lines":"63","arr":["63"],"terminus":0,"mode":"bus","color":"#0059a9","colorDark":"#00294f","angle":328.1,"snapDist":7,"label":0}},{"type":"Feature","geometry":{"type":"Point","coordinates":[19.452008,51.715891]},"properties":{"name":"3 Maja-Świetlicowa NŻ","lines":"63","arr":["63"],"terminus":0,"mode":"bus","color":"#0059a9","colorDark":"#00294f","angle":10.6,"snapDist":4,"label":0}},{"type":"Feature","geometry":{"type":"Point","coordinates":[19.447783,51.716699]},"properties":{"name":"3 Maja-Morska","lines":"63","arr":["63"],"terminus":0,"mode":"bus","color":"#0059a9","colorDark":"#00294f","angle":20.8,"snapDist":1,"label":0}},{"type":"Feature","geometry":{"type":"Point","coordinates":[19.442296,51.717992]},"properties":{"name":"3 Maja-Korczaka NŻ","lines":"63","arr":["63"],"terminus":0,"mode":"bus","color":"#0059a9","colorDark":"#00294f","angle":20.8,"snapDist":5,"label":0}},{"type":"Feature","geometry":{"type":"Point","coordinates":[19.431755,51.719258]},"properties":{"name":"Pokładowa-Świętojańska NŻ","lines":"63","arr":["63"],"terminus":0,"mode":"bus","color":"#0059a9","colorDark":"#00294f","angle":117.6,"snapDist":4,"label":0}},{"type":"Feature","geometry":{"type":"Point","coordinates":[19.430876,51.722938]},"properties":{"name":"Prądzyńskiego-Darniowa NŻ","lines":"63, 77","arr":["63","77"],"terminus":0,"mode":"bus","color":"#0059a9","colorDark":"#00294f","angle":3.5,"snapDist":5,"label":0}},{"type":"Feature","geometry":{"type":"Point","coordinates":[19.426979,51.723067]},"properties":{"name":"Prądzyńskiego-Rozwojowa","lines":"63, 77","arr":["63","77"],"terminus":0,"mode":"bus","color":"#0059a9","colorDark":"#00294f","angle":2.3,"snapDist":3,"label":0}},{"type":"Feature","geometry":{"type":"Point","coordinates":[19.423308,51.723626]},"properties":{"name":"Czahary-Prądzyńskiego","lines":"63, 77","arr":["63","77"],"terminus":0,"mode":"bus","color":"#0059a9","colorDark":"#00294f","angle":80.3,"snapDist":3,"label":1}},{"type":"Feature","geometry":{"type":"Point","coordinates":[19.431496,51.726985]},"properties":{"name":"Św. Franciszka-Zenitowa","lines":"63, 77","arr":["63","77"],"terminus":0,"mode":"bus","color":"#0059a9","colorDark":"#00294f","angle":183.1,"snapDist":8,"label":0}},{"type":"Feature","geometry":{"type":"Point","coordinates":[19.439056,51.726753]},"properties":{"name":"Św. Franciszka-Zwrotnikowa","lines":"63, 77","arr":["63","77"],"terminus":0,"mode":"bus","color":"#0059a9","colorDark":"#00294f","angle":183.1,"snapDist":7,"label":0}},{"type":"Feature","geometry":{"type":"Point","coordinates":[19.444712,51.726399]},"properties":{"name":"Leszczowa-Dw. Łódź Pabianicka NŻ","lines":"63, 77","arr":["63","77"],"terminus":0,"mode":"bus","color":"#0059a9","colorDark":"#00294f","angle":239.6,"snapDist":4,"label":1}},{"type":"Feature","geometry":{"type":"Point","coordinates":[19.468937,51.729656]},"properties":{"name":"Tuszyńska-Paderewskiego NŻ","lines":"63","arr":["63"],"terminus":0,"mode":"bus","color":"#0059a9","colorDark":"#00294f","angle":55,"snapDist":3,"label":1}},{"type":"Feature","geometry":{"type":"Point","coordinates":[19.466783,51.732094]},"properties":{"name":"Tuszyńska-Piaseczna NŻ","lines":"63","arr":["63"],"terminus":0,"mode":"bus","color":"#0059a9","colorDark":"#00294f","angle":62.3,"snapDist":1,"label":0}},{"type":"Feature","geometry":{"type":"Point","coordinates":[19.465062,51.734615]},"properties":{"name":"Bednarska-Unicka NŻ","lines":"63, 72A, 72B, N3A, N3B","arr":["63","72A","72B","N3A","N3B"],"terminus":0,"mode":"bus","color":"#0059a9","colorDark":"#00294f","angle":23.2,"snapDist":3,"label":0}},{"type":"Feature","geometry":{"type":"Point","coordinates":[19.516292,51.747482]},"properties":{"name":"Papiernicza-Urząd Skarbowy Widzew","lines":"64A","arr":["64A"],"terminus":0,"mode":"bus","color":"#0059a9","colorDark":"#00294f","angle":357.7,"snapDist":3,"label":1}},{"type":"Feature","geometry":{"type":"Point","coordinates":[19.518485,51.751215]},"properties":{"name":"Przybyszewskiego-Mechaniczna (CRO) NŻ","lines":"64A","arr":["64A"],"terminus":0,"mode":"bus","color":"#0059a9","colorDark":"#00294f","angle":165.7,"snapDist":4,"label":1}},{"type":"Feature","geometry":{"type":"Point","coordinates":[19.52074,51.752459]},"properties":{"name":"Lodowa-Przybyszewskiego","lines":"64A, 64B","arr":["64A","64B"],"terminus":0,"mode":"bus","color":"#0059a9","colorDark":"#00294f","angle":78.8,"snapDist":6,"label":1}},{"type":"Feature","geometry":{"type":"Point","coordinates":[19.518144,51.759843]},"properties":{"name":"Widzewska-Wiejska","lines":"64A, 64B","arr":["64A","64B"],"terminus":0,"mode":"bus","color":"#0059a9","colorDark":"#00294f","angle":79.7,"snapDist":5,"label":1}},{"type":"Feature","geometry":{"type":"Point","coordinates":[19.516921,51.764183]},"properties":{"name":"Piłsudskiego-Widzew Stadion","lines":"64A, 64B, 75A, 75B, 80A, 80B, N1A, N1B","arr":["64A","64B","75A","75B","80A","80B","N1A","N1B"],"terminus":0,"mode":"bus","color":"#0059a9","colorDark":"#00294f","angle":358.4,"snapDist":2,"label":1}},{"type":"Feature","geometry":{"type":"Point","coordinates":[19.523546,51.787757]},"properties":{"name":"Janosika-Wyżynna","lines":"64A, 64B, N7B","arr":["64A","64B","N7B"],"terminus":0,"mode":"bus","color":"#0059a9","colorDark":"#00294f","angle":95.1,"snapDist":9,"label":1}},{"type":"Feature","geometry":{"type":"Point","coordinates":[19.524326,51.791993]},"properties":{"name":"Janosika-Powstańców Śląskich","lines":"64A, 64B, N7B","arr":["64A","64B","N7B"],"terminus":0,"mode":"bus","color":"#0059a9","colorDark":"#00294f","angle":95.7,"snapDist":3,"label":1}},{"type":"Feature","geometry":{"type":"Point","coordinates":[19.486435,51.791092]},"properties":{"name":"Wojska Polskiego-Palki","lines":"64A, 64B, 70, 81A, 81B, Z6","arr":["64A","64B","70","81A","81B","Z6"],"terminus":0,"mode":"bus","color":"#0059a9","colorDark":"#00294f","angle":337.8,"snapDist":5,"label":1}},{"type":"Feature","geometry":{"type":"Point","coordinates":[19.474477,51.790405]},"properties":{"name":"Boya-Żeleńskiego-Sucharskiego","lines":"64A, 64B, N6","arr":["64A","64B","N6"],"terminus":0,"mode":"bus","color":"#0059a9","colorDark":"#00294f","angle":7.1,"snapDist":7,"label":1}},{"type":"Feature","geometry":{"type":"Point","coordinates":[19.467899,51.789259]},"properties":{"name":"Obr. Westerplatte-Organizacji WiN","lines":"64A, 64B, N6","arr":["64A","64B","N6"],"terminus":0,"mode":"bus","color":"#0059a9","colorDark":"#00294f","angle":270.7,"snapDist":6,"label":1}},{"type":"Feature","geometry":{"type":"Point","coordinates":[19.464798,51.785428]},"properties":{"name":"Wojska Polskiego-Marynarska","lines":"64A, 64B, 85B, N6, Z6","arr":["64A","64B","85B","N6","Z6"],"terminus":0,"mode":"bus","color":"#0059a9","colorDark":"#00294f","angle":341.9,"snapDist":8,"label":1}},{"type":"Feature","geometry":{"type":"Point","coordinates":[19.46167,51.785013]},"properties":{"name":"Wojska Polskiego-Franciszkańska","lines":"64A, 64B, 85B, N6, Z6","arr":["64A","64B","85B","N6","Z6"],"terminus":0,"mode":"bus","color":"#0059a9","colorDark":"#00294f","angle":350.9,"snapDist":4,"label":1}},{"type":"Feature","geometry":{"type":"Point","coordinates":[19.459161,51.787532]},"properties":{"name":"Organizacji WiN-Franciszkańska","lines":"64A, 64B, N6, Z6","arr":["64A","64B","N6","Z6"],"terminus":0,"mode":"bus","color":"#0059a9","colorDark":"#00294f","angle":358.8,"snapDist":3,"label":1}},{"type":"Feature","geometry":{"type":"Point","coordinates":[19.453731,51.787514]},"properties":{"name":"Bałucki Rynek-Bałucki Rynek","lines":"64A, 64B, 65A, 65B, N2, N6, Z6","arr":["64A","64B","65A","65B","N2","N6","Z6"],"terminus":0,"mode":"bus","color":"#0059a9","colorDark":"#00294f","angle":359.3,"snapDist":4,"label":1}},{"type":"Feature","geometry":{"type":"Point","coordinates":[19.449935,51.786933]},"properties":{"name":"Limanowskiego-Zachodnia","lines":"64A, 64B","arr":["64A","64B"],"terminus":0,"mode":"bus","color":"#0059a9","colorDark":"#00294f","angle":6.4,"snapDist":3,"label":1}},{"type":"Feature","geometry":{"type":"Point","coordinates":[19.449307,51.788219]},"properties":{"name":"Zachodnia-Limanowskiego","lines":"64A, 64B","arr":["64A","64B"],"terminus":1,"mode":"bus","color":"#0059a9","colorDark":"#00294f","angle":101,"snapDist":61,"label":1}},{"type":"Feature","geometry":{"type":"Point","coordinates":[19.453108,51.786681]},"properties":{"name":"Bałucki Rynek-Bałucki Rynek","lines":"64A, 64B, 65A, 65B, N2","arr":["64A","64B","65A","65B","N2"],"terminus":0,"mode":"bus","color":"#0059a9","colorDark":"#00294f","angle":178.3,"snapDist":5,"label":0}},{"type":"Feature","geometry":{"type":"Point","coordinates":[19.458418,51.786753]},"properties":{"name":"Zawiszy Czarnego-Franciszkańska NŻ","lines":"64A, 64B","arr":["64A","64B"],"terminus":0,"mode":"bus","color":"#0059a9","colorDark":"#00294f","angle":178.2,"snapDist":5,"label":1}},{"type":"Feature","geometry":{"type":"Point","coordinates":[19.460077,51.785436]},"properties":{"name":"Franciszkańska-Wojska Polskiego","lines":"64A, 64B, 85A, 85B","arr":["64A","64B","85A","85B"],"terminus":0,"mode":"bus","color":"#0059a9","colorDark":"#00294f","angle":254.7,"snapDist":7,"label":1}},{"type":"Feature","geometry":{"type":"Point","coordinates":[19.465628,51.785594]},"properties":{"name":"Wojska Polskiego-Marynarska","lines":"64A, 64B, 85A, 85B, N6, Z6","arr":["64A","64B","85A","85B","N6","Z6"],"terminus":0,"mode":"bus","color":"#0059a9","colorDark":"#00294f","angle":162.3,"snapDist":3,"label":0}},{"type":"Feature","geometry":{"type":"Point","coordinates":[19.467887,51.78854]},"properties":{"name":"Obr. Westerplatte-Organizacji WiN","lines":"64A, 64B, N6","arr":["64A","64B","N6"],"terminus":0,"mode":"bus","color":"#0059a9","colorDark":"#00294f","angle":90.1,"snapDist":3,"label":0}},{"type":"Feature","geometry":{"type":"Point","coordinates":[19.475639,51.790324]},"properties":{"name":"Boya-Żeleńskiego-Sucharskiego","lines":"64A, 64B, N6","arr":["64A","64B","N6"],"terminus":0,"mode":"bus","color":"#0059a9","colorDark":"#00294f","angle":186.1,"snapDist":6,"label":0}},{"type":"Feature","geometry":{"type":"Point","coordinates":[19.479833,51.789273]},"properties":{"name":"Wojska Polskiego-Sporna","lines":"64A, 64B, 70, 81A, 81B, Z6","arr":["64A","64B","70","81A","81B","Z6"],"terminus":0,"mode":"bus","color":"#0059a9","colorDark":"#00294f","angle":151.7,"snapDist":5,"label":0}},{"type":"Feature","geometry":{"type":"Point","coordinates":[19.485962,51.790879]},"properties":{"name":"Wojska Polskiego-Palki","lines":"64A, 64B, 81A, 81B, Z6","arr":["64A","64B","81A","81B","Z6"],"terminus":0,"mode":"bus","color":"#0059a9","colorDark":"#00294f","angle":158,"snapDist":11,"label":0}},{"type":"Feature","geometry":{"type":"Point","coordinates":[19.523801,51.792386]},"properties":{"name":"Janosika-Powstańców Śląskich","lines":"64A, 64B, N7B","arr":["64A","64B","N7B"],"terminus":0,"mode":"bus","color":"#0059a9","colorDark":"#00294f","angle":274.1,"snapDist":7,"label":0}},{"type":"Feature","geometry":{"type":"Point","coordinates":[19.523554,51.787816]},"properties":{"name":"Janosika-Wyżynna","lines":"64A, 64B, N7B","arr":["64A","64B","N7B"],"terminus":0,"mode":"bus","color":"#0059a9","colorDark":"#00294f","angle":275.3,"snapDist":5,"label":0}},{"type":"Feature","geometry":{"type":"Point","coordinates":[19.50901,51.763369]},"properties":{"name":"Piłsudskiego-Niciarniana","lines":"64A, 64B, 75A, 75B, 80A, 80B, N1A, N1B","arr":["64A","64B","75A","75B","80A","80B","N1A","N1B"],"terminus":0,"mode":"bus","color":"#0059a9","colorDark":"#00294f","angle":170.7,"snapDist":4,"label":1}},{"type":"Feature","geometry":{"type":"Point","coordinates":[19.517059,51.763744]},"properties":{"name":"Piłsudskiego-Widzew Stadion","lines":"64A, 64B, 75A, 75B, 80A, 80B, N1A, N1B","arr":["64A","64B","75A","75B","80A","80B","N1A","N1B"],"terminus":0,"mode":"bus","color":"#0059a9","colorDark":"#00294f","angle":178.4,"snapDist":3,"label":0}},{"type":"Feature","geometry":{"type":"Point","coordinates":[19.518031,51.760222]},"properties":{"name":"Widzewska-Wiejska","lines":"64A, 64B","arr":["64A","64B"],"terminus":0,"mode":"bus","color":"#0059a9","colorDark":"#00294f","angle":259.4,"snapDist":7,"label":0}},{"type":"Feature","geometry":{"type":"Point","coordinates":[19.520489,51.75263]},"properties":{"name":"Lodowa-Przybyszewskiego NŻ","lines":"64A","arr":["64A"],"terminus":0,"mode":"bus","color":"#0059a9","colorDark":"#00294f","angle":270.6,"snapDist":5,"label":1}},{"type":"Feature","geometry":{"type":"Point","coordinates":[19.520865,51.751139]},"properties":{"name":"Lodowa-Przybyszewskiego NŻ","lines":"64A, 69A, 69B","arr":["64A","69A","69B"],"terminus":0,"mode":"bus","color":"#0059a9","colorDark":"#00294f","angle":258.1,"snapDist":10,"label":0}},{"type":"Feature","geometry":{"type":"Point","coordinates":[19.521451,51.749411]},"properties":{"name":"Lodowa-cm. Zarzew","lines":"64A, 69A, 69B","arr":["64A","69A","69B"],"terminus":0,"mode":"bus","color":"#0059a9","colorDark":"#00294f","angle":259.6,"snapDist":7,"label":1}},{"type":"Feature","geometry":{"type":"Point","coordinates":[19.541918,51.751751]},"properties":{"name":"Widzew Czajkowskiego","lines":"64B","arr":["64B"],"terminus":1,"mode":"bus","color":"#0059a9","colorDark":"#00294f","angle":194.9,"snapDist":5,"label":1}},{"type":"Feature","geometry":{"type":"Point","coordinates":[19.533319,51.752756]},"properties":{"name":"Przybyszewskiego-Rondo Sybiraków","lines":"64B, 80A, 80B, 96, N1A, N1B","arr":["64B","80A","80B","96","N1A","N1B"],"terminus":0,"mode":"bus","color":"#0059a9","colorDark":"#00294f","angle":354.9,"snapDist":1,"label":1}},{"type":"Feature","geometry":{"type":"Point","coordinates":[19.528277,51.752763]},"properties":{"name":"Przybyszewskiego-Rondo Sybiraków","lines":"64B, 69A, 69B, 96, N5A, N5B","arr":["64B","69A","69B","96","N5A","N5B"],"terminus":0,"mode":"bus","color":"#0059a9","colorDark":"#00294f","angle":346.1,"snapDist":8,"label":1}},{"type":"Feature","geometry":{"type":"Point","coordinates":[19.521762,51.751857]},"properties":{"name":"Przybyszewskiego-Lodowa","lines":"64B, 69A, 69B, 96, N5A, N5B","arr":["64B","69A","69B","96","N5A","N5B"],"terminus":0,"mode":"bus","color":"#0059a9","colorDark":"#00294f","angle":170,"snapDist":3,"label":1}},{"type":"Feature","geometry":{"type":"Point","coordinates":[19.529447,51.752368]},"properties":{"name":"Przybyszewskiego-Rondo Sybiraków","lines":"64B, 69A, 69B, 96, N5A, N5B","arr":["64B","69A","69B","96","N5A","N5B"],"terminus":0,"mode":"bus","color":"#0059a9","colorDark":"#00294f","angle":170.7,"snapDist":5,"label":0}},{"type":"Feature","geometry":{"type":"Point","coordinates":[19.53295,51.752475]},"properties":{"name":"Przybyszewskiego-Rondo Sybiraków","lines":"64B, 80A, 80B, 96, N1A, N1B","arr":["64B","80A","80B","96","N1A","N1B"],"terminus":0,"mode":"bus","color":"#0059a9","colorDark":"#00294f","angle":193.3,"snapDist":3,"label":0}},{"type":"Feature","geometry":{"type":"Point","coordinates":[19.541688,51.751477]},"properties":{"name":"Przybyszewskiego-Czajkowskiego","lines":"64B, 80A, 80B, 96, N1A, N1B","arr":["64B","80A","80B","96","N1A","N1B"],"terminus":0,"mode":"bus","color":"#0059a9","colorDark":"#00294f","angle":22.7,"snapDist":4,"label":1}},{"type":"Feature","geometry":{"type":"Point","coordinates":[19.438226,51.824703]},"properties":{"name":"Radogoszcz Wschód","lines":"65A, 65B","arr":["65A","65B"],"terminus":1,"mode":"bus","color":"#0059a9","colorDark":"#00294f","angle":187.4,"snapDist":10,"label":0}},{"type":"Feature","geometry":{"type":"Point","coordinates":[19.453758,51.816808]},"properties":{"name":"Sikorskiego-Dw. Łódź Arturówek NŻ","lines":"65A, 65B, N2","arr":["65A","65B","N2"],"terminus":0,"mode":"bus","color":"#0059a9","colorDark":"#00294f","angle":223.2,"snapDist":9,"label":1}},{"type":"Feature","geometry":{"type":"Point","coordinates":[19.455289,51.812184]},"properties":{"name":"Łagiewnicka-Sowińskiego","lines":"65A, 65B, 66, N2","arr":["65A","65B","66","N2"],"terminus":0,"mode":"bus","color":"#0059a9","colorDark":"#00294f","angle":265.4,"snapDist":5,"label":1}},{"type":"Feature","geometry":{"type":"Point","coordinates":[19.458182,51.807658]},"properties":{"name":"Łagiewnicka-Morelowa NŻ","lines":"65A, 65B, 66, N2","arr":["65A","65B","66","N2"],"terminus":0,"mode":"bus","color":"#0059a9","colorDark":"#00294f","angle":241.4,"snapDist":6,"label":1}},{"type":"Feature","geometry":{"type":"Point","coordinates":[19.458969,51.80456]},"properties":{"name":"Łagiewnicka-Litewska NŻ","lines":"65A, 65B, 66, N2","arr":["65A","65B","66","N2"],"terminus":0,"mode":"bus","color":"#0059a9","colorDark":"#00294f","angle":277.5,"snapDist":9,"label":1}},{"type":"Feature","geometry":{"type":"Point","coordinates":[19.457903,51.802123]},"properties":{"name":"Łagiewnicka-Rondo Powstańców 1863r.","lines":"65A, 65B, N2","arr":["65A","65B","N2"],"terminus":0,"mode":"bus","color":"#0059a9","colorDark":"#00294f","angle":288.1,"snapDist":6,"label":1}},{"type":"Feature","geometry":{"type":"Point","coordinates":[19.456303,51.798999]},"properties":{"name":"Łagiewnicka-Murarska","lines":"65A, 65B, N2","arr":["65A","65B","N2"],"terminus":0,"mode":"bus","color":"#0059a9","colorDark":"#00294f","angle":282.4,"snapDist":6,"label":1}},{"type":"Feature","geometry":{"type":"Point","coordinates":[19.455483,51.795083]},"properties":{"name":"Łagiewnicka-Kowalska","lines":"65A, 65B, N2","arr":["65A","65B","N2"],"terminus":0,"mode":"bus","color":"#0059a9","colorDark":"#00294f","angle":278.2,"snapDist":6,"label":1}},{"type":"Feature","geometry":{"type":"Point","coordinates":[19.454358,51.789849]},"properties":{"name":"Łagiewnicka-Dolna","lines":"65A, 65B, N2","arr":["65A","65B","N2"],"terminus":0,"mode":"bus","color":"#0059a9","colorDark":"#00294f","angle":272,"snapDist":3,"label":1}},{"type":"Feature","geometry":{"type":"Point","coordinates":[19.44906,51.783169]},"properties":{"name":"Lutomierska-Zachodnia","lines":"65A, 65B, 96, N1A, N1B","arr":["65A","65B","96","N1A","N1B"],"terminus":0,"mode":"bus","color":"#0059a9","colorDark":"#00294f","angle":17.6,"snapDist":0,"label":1}},{"type":"Feature","geometry":{"type":"Point","coordinates":[19.436397,51.785481]},"properties":{"name":"Lutomierska-Czarnkowska","lines":"65A, 65B, 96, N1A, N1B","arr":["65A","65B","96","N1A","N1B"],"terminus":0,"mode":"bus","color":"#0059a9","colorDark":"#00294f","angle":19.3,"snapDist":7,"label":1}},{"type":"Feature","geometry":{"type":"Point","coordinates":[19.432756,51.785214]},"properties":{"name":"Kutrzeby-Odolanowska","lines":"65A, 65B","arr":["65A","65B"],"terminus":0,"mode":"bus","color":"#0059a9","colorDark":"#00294f","angle":338.2,"snapDist":7,"label":1}},{"type":"Feature","geometry":{"type":"Point","coordinates":[19.426388,51.784415]},"properties":{"name":"Kasprzaka-Kutrzeby","lines":"65A, 65B, 87A, 87B, 99","arr":["65A","65B","87A","87B","99"],"terminus":0,"mode":"bus","color":"#0059a9","colorDark":"#00294f","angle":274,"snapDist":7,"label":1}},{"type":"Feature","geometry":{"type":"Point","coordinates":[19.426935,51.780327]},"properties":{"name":"Kasprzaka-Drewnowska","lines":"65A, 65B, 87A, 87B, 99, N3A, N3B","arr":["65A","65B","87A","87B","99","N3A","N3B"],"terminus":0,"mode":"bus","color":"#0059a9","colorDark":"#00294f","angle":262.9,"snapDist":6,"label":1}},{"type":"Feature","geometry":{"type":"Point","coordinates":[19.427263,51.774769]},"properties":{"name":"Kasprzaka-Srebrzyńska","lines":"65A, 65B, 87A, 87B, 99, N3A, N3B","arr":["65A","65B","87A","87B","99","N3A","N3B"],"terminus":0,"mode":"bus","color":"#0059a9","colorDark":"#00294f","angle":271.7,"snapDist":4,"label":1}},{"type":"Feature","geometry":{"type":"Point","coordinates":[19.428925,51.770497]},"properties":{"name":"Kasprzaka-Legionów","lines":"65A, 65B, 73, 99, 100, N3A, N3B","arr":["65A","65B","73","99","100","N3A","N3B"],"terminus":0,"mode":"bus","color":"#0059a9","colorDark":"#00294f","angle":255.7,"snapDist":7,"label":1}},{"type":"Feature","geometry":{"type":"Point","coordinates":[19.437039,51.7707]},"properties":{"name":"1 Maja-Żeligowskiego","lines":"65A, 65B, 72A, 72B, 99, N3A, N3B","arr":["65A","65B","72A","72B","99","N3A","N3B"],"terminus":0,"mode":"bus","color":"#0059a9","colorDark":"#00294f","angle":152.6,"snapDist":8,"label":1}},{"type":"Feature","geometry":{"type":"Point","coordinates":[19.44122,51.772037]},"properties":{"name":"1 Maja-Pogonowskiego","lines":"65A, 65B, 72A, 72B, N3A, N3B","arr":["65A","65B","72A","72B","N3A","N3B"],"terminus":0,"mode":"bus","color":"#0059a9","colorDark":"#00294f","angle":151.9,"snapDist":6,"label":1}},{"type":"Feature","geometry":{"type":"Point","coordinates":[19.445348,51.772259]},"properties":{"name":"Żeromskiego-Więckowskiego (LO nr 1)","lines":"65A, 65B, 72A, 72B","arr":["65A","65B","72A","72B"],"terminus":0,"mode":"bus","color":"#0059a9","colorDark":"#00294f","angle":262.7,"snapDist":7,"label":1}},{"type":"Feature","geometry":{"type":"Point","coordinates":[19.4461,51.768995]},"properties":{"name":"Żeromskiego-pl. Barlickiego","lines":"65A, 65B, 72A, 72B, 86","arr":["65A","65B","72A","72B","86"],"terminus":0,"mode":"bus","color":"#0059a9","colorDark":"#00294f","angle":262.1,"snapDist":4,"label":1}},{"type":"Feature","geometry":{"type":"Point","coordinates":[19.443584,51.767637]},"properties":{"name":"6 Sierpnia-Pogonowskiego NŻ","lines":"65A, 65B","arr":["65A","65B"],"terminus":0,"mode":"bus","color":"#0059a9","colorDark":"#00294f","angle":352.2,"snapDist":7,"label":1}},{"type":"Feature","geometry":{"type":"Point","coordinates":[19.439517,51.763142]},"properties":{"name":"Łąkowa-Struga","lines":"65A, 65B, 80A, 80B, 99","arr":["65A","65B","80A","80B","99"],"terminus":0,"mode":"bus","color":"#0059a9","colorDark":"#00294f","angle":237.4,"snapDist":9,"label":1}},{"type":"Feature","geometry":{"type":"Point","coordinates":[19.441317,51.761418]},"properties":{"name":"Łąkowa-Karolewska","lines":"65A, 65B, 80A, 80B, 99","arr":["65A","65B","80A","80B","99"],"terminus":0,"mode":"bus","color":"#0059a9","colorDark":"#00294f","angle":239.1,"snapDist":6,"label":1}},{"type":"Feature","geometry":{"type":"Point","coordinates":[19.435468,51.75852]},"properties":{"name":"Karolewska-Włókniarzy","lines":"65A, 65B, 80A, 80B, 99","arr":["65A","65B","80A","80B","99"],"terminus":0,"mode":"bus","color":"#0059a9","colorDark":"#00294f","angle":329.5,"snapDist":4,"label":1}},{"type":"Feature","geometry":{"type":"Point","coordinates":[19.416897,51.740573]},"properties":{"name":"Pienista-Obywatelska","lines":"65A, 65B","arr":["65A","65B"],"terminus":0,"mode":"bus","color":"#0059a9","colorDark":"#00294f","angle":323.8,"snapDist":8,"label":1}},{"type":"Feature","geometry":{"type":"Point","coordinates":[19.413999,51.739123]},"properties":{"name":"Pienista-Rusałki NŻ","lines":"65A, 65B","arr":["65A","65B"],"terminus":0,"mode":"bus","color":"#0059a9","colorDark":"#00294f","angle":321,"snapDist":5,"label":1}},{"type":"Feature","geometry":{"type":"Point","coordinates":[19.407668,51.735938]},"properties":{"name":"Pienista-Komandorska","lines":"65A, 65B","arr":["65A","65B"],"terminus":0,"mode":"bus","color":"#0059a9","colorDark":"#00294f","angle":321,"snapDist":7,"label":1}},{"type":"Feature","geometry":{"type":"Point","coordinates":[19.405029,51.732958]},"properties":{"name":"Maczka-Pienista NŻ","lines":"65A, 65B","arr":["65A","65B"],"terminus":0,"mode":"bus","color":"#0059a9","colorDark":"#00294f","angle":271.5,"snapDist":8,"label":1}},{"type":"Feature","geometry":{"type":"Point","coordinates":[19.403907,51.728518]},"properties":{"name":"Maczka-Aeroklub NŻ","lines":"65A, 65B","arr":["65A","65B"],"terminus":0,"mode":"bus","color":"#0059a9","colorDark":"#00294f","angle":340.4,"snapDist":1,"label":1}},{"type":"Feature","geometry":{"type":"Point","coordinates":[19.400717,51.727369]},"properties":{"name":"Lotnisko","lines":"65A, 65B","arr":["65A","65B"],"terminus":1,"mode":"bus","color":"#0059a9","colorDark":"#00294f","angle":165.5,"snapDist":9,"label":1}},{"type":"Feature","geometry":{"type":"Point","coordinates":[19.405043,51.73328]},"properties":{"name":"Maczka-Pienista NŻ","lines":"65A, 65B","arr":["65A","65B"],"terminus":0,"mode":"bus","color":"#0059a9","colorDark":"#00294f","angle":91.5,"snapDist":2,"label":0}},{"type":"Feature","geometry":{"type":"Point","coordinates":[19.408349,51.736277]},"properties":{"name":"Pienista-Komandorska","lines":"65A, 65B","arr":["65A","65B"],"terminus":0,"mode":"bus","color":"#0059a9","colorDark":"#00294f","angle":141.2,"snapDist":7,"label":0}},{"type":"Feature","geometry":{"type":"Point","coordinates":[19.413329,51.738781]},"properties":{"name":"Pienista-Rusałki NŻ","lines":"65A, 65B","arr":["65A","65B"],"terminus":0,"mode":"bus","color":"#0059a9","colorDark":"#00294f","angle":140.2,"snapDist":4,"label":0}},{"type":"Feature","geometry":{"type":"Point","coordinates":[19.416677,51.740465]},"properties":{"name":"Pienista-Obywatelska","lines":"65A, 65B","arr":["65A","65B"],"terminus":0,"mode":"bus","color":"#0059a9","colorDark":"#00294f","angle":141,"snapDist":4,"label":0}},{"type":"Feature","geometry":{"type":"Point","coordinates":[19.433693,51.758365]},"properties":{"name":"Włókniarzy-Karolewska (Dw. Ł. Kaliska)","lines":"65A, 65B, 80A, 80B, 97A, 97B, 99","arr":["65A","65B","80A","80B","97A","97B","99"],"terminus":0,"mode":"bus","color":"#0059a9","colorDark":"#00294f","angle":66.2,"snapDist":1,"label":1}},{"type":"Feature","geometry":{"type":"Point","coordinates":[19.432789,51.761402]},"properties":{"name":"Struga-Włókniarzy","lines":"65A, 65B, 80A, 80B, 99","arr":["65A","65B","80A","80B","99"],"terminus":0,"mode":"bus","color":"#0059a9","colorDark":"#00294f","angle":144.1,"snapDist":7,"label":1}},{"type":"Feature","geometry":{"type":"Point","coordinates":[19.439333,51.765078]},"properties":{"name":"Żeligowskiego-Struga","lines":"65A, 65B, 99, N9","arr":["65A","65B","99","N9"],"terminus":0,"mode":"bus","color":"#0059a9","colorDark":"#00294f","angle":82.8,"snapDist":2,"label":1}},{"type":"Feature","geometry":{"type":"Point","coordinates":[19.441833,51.767479]},"properties":{"name":"6 Sierpnia-Pogonowskiego NŻ","lines":"65A, 65B","arr":["65A","65B"],"terminus":0,"mode":"bus","color":"#0059a9","colorDark":"#00294f","angle":171.7,"snapDist":3,"label":0}},{"type":"Feature","geometry":{"type":"Point","coordinates":[19.446118,51.768912]},"properties":{"name":"Żeromskiego-pl. Barlickiego","lines":"65A, 65B, 72A, 72B, 83, 86","arr":["65A","65B","72A","72B","83","86"],"terminus":0,"mode":"bus","color":"#0059a9","colorDark":"#00294f","angle":82.2,"snapDist":6,"label":0}},{"type":"Feature","geometry":{"type":"Point","coordinates":[19.428938,51.770466]},"properties":{"name":"Kasprzaka-Legionów","lines":"65A, 65B, 99, 100, N3A, N3B","arr":["65A","65B","99","100","N3A","N3B"],"terminus":0,"mode":"bus","color":"#0059a9","colorDark":"#00294f","angle":77.1,"snapDist":7,"label":0}},{"type":"Feature","geometry":{"type":"Point","coordinates":[19.427337,51.773982]},"properties":{"name":"Kasprzaka-Srebrzyńska","lines":"65A, 65B, 87A, 87B, 99, N3A, N3B","arr":["65A","65B","87A","87B","99","N3A","N3B"],"terminus":0,"mode":"bus","color":"#0059a9","colorDark":"#00294f","angle":80,"snapDist":5,"label":0}},{"type":"Feature","geometry":{"type":"Point","coordinates":[19.426883,51.780631]},"properties":{"name":"Kasprzaka-Drewnowska","lines":"65A, 65B, 87A, 87B, 99, N3A, N3B","arr":["65A","65B","87A","87B","99","N3A","N3B"],"terminus":0,"mode":"bus","color":"#0059a9","colorDark":"#00294f","angle":84.1,"snapDist":9,"label":0}},{"type":"Feature","geometry":{"type":"Point","coordinates":[19.426399,51.784514]},"properties":{"name":"Kasprzaka-Kutrzeby","lines":"65A, 65B, 87A, 87B, 99","arr":["65A","65B","87A","87B","99"],"terminus":0,"mode":"bus","color":"#0059a9","colorDark":"#00294f","angle":94,"snapDist":6,"label":0}},{"type":"Feature","geometry":{"type":"Point","coordinates":[19.431732,51.785053]},"properties":{"name":"Kutrzeby-Odolanowska","lines":"65A, 65B","arr":["65A","65B"],"terminus":0,"mode":"bus","color":"#0059a9","colorDark":"#00294f","angle":174.6,"snapDist":6,"label":0}},{"type":"Feature","geometry":{"type":"Point","coordinates":[19.437902,51.785169]},"properties":{"name":"Lutomierska-Czarnkowska","lines":"65A, 65B, 96, N1A, N1B","arr":["65A","65B","96","N1A","N1B"],"terminus":0,"mode":"bus","color":"#0059a9","colorDark":"#00294f","angle":198.6,"snapDist":7,"label":0}},{"type":"Feature","geometry":{"type":"Point","coordinates":[19.454891,51.791856]},"properties":{"name":"Łagiewnicka-Dolna","lines":"65A, 65B, N2","arr":["65A","65B","N2"],"terminus":0,"mode":"bus","color":"#0059a9","colorDark":"#00294f","angle":97.2,"snapDist":5,"label":1}},{"type":"Feature","geometry":{"type":"Point","coordinates":[19.455504,51.795175]},"properties":{"name":"Łagiewnicka-Kowalska","lines":"65A, 65B, N2","arr":["65A","65B","N2"],"terminus":0,"mode":"bus","color":"#0059a9","colorDark":"#00294f","angle":98.2,"snapDist":4,"label":0}},{"type":"Feature","geometry":{"type":"Point","coordinates":[19.456363,51.799165]},"properties":{"name":"Łagiewnicka-Murarska","lines":"65A, 65B, N2","arr":["65A","65B","N2"],"terminus":0,"mode":"bus","color":"#0059a9","colorDark":"#00294f","angle":102.6,"snapDist":3,"label":0}},{"type":"Feature","geometry":{"type":"Point","coordinates":[19.45697,51.800292]},"properties":{"name":"Łagiewnicka-Rondo Powstańców 1863r.","lines":"65A, 65B, N2","arr":["65A","65B","N2"],"terminus":0,"mode":"bus","color":"#0059a9","colorDark":"#00294f","angle":111.9,"snapDist":10,"label":0}},{"type":"Feature","geometry":{"type":"Point","coordinates":[19.459067,51.804377]},"properties":{"name":"Łagiewnicka-Litewska NŻ","lines":"65A, 65B, 66, N2","arr":["65A","65B","66","N2"],"terminus":0,"mode":"bus","color":"#0059a9","colorDark":"#00294f","angle":97.9,"snapDist":6,"label":0}},{"type":"Feature","geometry":{"type":"Point","coordinates":[19.45789,51.808216]},"properties":{"name":"Łagiewnicka-Morelowa NŻ","lines":"65A, 65B, 66, N2","arr":["65A","65B","66","N2"],"terminus":0,"mode":"bus","color":"#0059a9","colorDark":"#00294f","angle":61.5,"snapDist":5,"label":0}},{"type":"Feature","geometry":{"type":"Point","coordinates":[19.455444,51.812377]},"properties":{"name":"Łagiewnicka-Sowińskiego","lines":"65A, 65B, 66, N2","arr":["65A","65B","66","N2"],"terminus":0,"mode":"bus","color":"#0059a9","colorDark":"#00294f","angle":85.6,"snapDist":5,"label":0}},{"type":"Feature","geometry":{"type":"Point","coordinates":[19.454114,51.816777]},"properties":{"name":"Sikorskiego-Dw. Łódź Arturówek NŻ","lines":"65A, 65B, N2","arr":["65A","65B","N2"],"terminus":0,"mode":"bus","color":"#0059a9","colorDark":"#00294f","angle":47.5,"snapDist":7,"label":0}},{"type":"Feature","geometry":{"type":"Point","coordinates":[19.395874,51.72866]},"properties":{"name":"Sortownia","lines":"65B","arr":["65B"],"terminus":1,"mode":"bus","color":"#0059a9","colorDark":"#00294f","angle":269.8,"snapDist":12,"label":1}},{"type":"Feature","geometry":{"type":"Point","coordinates":[19.459347,51.801277]},"properties":{"name":"Rondo Powstańców 1863r.","lines":"66, 70, N6, Z3","arr":["66","70","N6","Z3"],"terminus":1,"mode":"bus","color":"#0059a9","colorDark":"#00294f","angle":247.6,"snapDist":4,"label":1}},{"type":"Feature","geometry":{"type":"Point","coordinates":[19.458403,51.800988]},"properties":{"name":"Inflancka-Rondo Powstańców 1863r.","lines":"66, 70, 81A, 81B, N6, Z3","arr":["66","70","81A","81B","N6","Z3"],"terminus":0,"mode":"bus","color":"#0059a9","colorDark":"#00294f","angle":3,"snapDist":9,"label":1}},{"type":"Feature","geometry":{"type":"Point","coordinates":[19.455126,51.816369]},"properties":{"name":"Łagiewnicka-Dw. Łódź Arturówek NŻ","lines":"66","arr":["66"],"terminus":0,"mode":"bus","color":"#0059a9","colorDark":"#00294f","angle":145.8,"snapDist":7,"label":1}},{"type":"Feature","geometry":{"type":"Point","coordinates":[19.459026,51.823603]},"properties":{"name":"Łagiewnicka-Przepiórcza NŻ","lines":"66","arr":["66"],"terminus":0,"mode":"bus","color":"#0059a9","colorDark":"#00294f","angle":106.2,"snapDist":1,"label":1}},{"type":"Feature","geometry":{"type":"Point","coordinates":[19.461813,51.826804]},"properties":{"name":"Łagiewnicka-Pszczelna NŻ","lines":"66","arr":["66"],"terminus":0,"mode":"bus","color":"#0059a9","colorDark":"#00294f","angle":120.5,"snapDist":5,"label":1}},{"type":"Feature","geometry":{"type":"Point","coordinates":[19.463487,51.829112]},"properties":{"name":"Łagiewnicka-Łagiewnicka 292 NŻ","lines":"66","arr":["66"],"terminus":0,"mode":"bus","color":"#0059a9","colorDark":"#00294f","angle":110.1,"snapDist":4,"label":1}},{"type":"Feature","geometry":{"type":"Point","coordinates":[19.466678,51.836803]},"properties":{"name":"Łagiewnicka-Kuropatwia NŻ","lines":"66","arr":["66"],"terminus":0,"mode":"bus","color":"#0059a9","colorDark":"#00294f","angle":110.1,"snapDist":1,"label":1}},{"type":"Feature","geometry":{"type":"Point","coordinates":[19.467465,51.84123]},"properties":{"name":"Łagiewnicka-Jaskółcza NŻ","lines":"66","arr":["66"],"terminus":0,"mode":"bus","color":"#0059a9","colorDark":"#00294f","angle":88,"snapDist":0,"label":1}},{"type":"Feature","geometry":{"type":"Point","coordinates":[19.468073,51.845991]},"properties":{"name":"Łagiewnicka-Łagiewnicka 311 NŻ","lines":"66","arr":["66"],"terminus":0,"mode":"bus","color":"#0059a9","colorDark":"#00294f","angle":91.7,"snapDist":3,"label":1}},{"type":"Feature","geometry":{"type":"Point","coordinates":[19.502013,51.845088]},"properties":{"name":"Okólna-Serwituty NŻ","lines":"66","arr":["66"],"terminus":0,"mode":"bus","color":"#0059a9","colorDark":"#00294f","angle":182.3,"snapDist":5,"label":1}},{"type":"Feature","geometry":{"type":"Point","coordinates":[19.507336,51.843604]},"properties":{"name":"Okólna-Modrzew","lines":"66","arr":["66"],"terminus":1,"mode":"bus","color":"#0059a9","colorDark":"#00294f","angle":105,"snapDist":2,"label":1}},{"type":"Feature","geometry":{"type":"Point","coordinates":[19.502007,51.845088]},"properties":{"name":"Okólna-Serwituty NŻ","lines":"66","arr":["66"],"terminus":0,"mode":"bus","color":"#0059a9","colorDark":"#00294f","angle":2.3,"snapDist":5,"label":0}},{"type":"Feature","geometry":{"type":"Point","coordinates":[19.467452,51.841382]},"properties":{"name":"Łagiewnicka-Jaskółcza NŻ","lines":"66","arr":["66"],"terminus":0,"mode":"bus","color":"#0059a9","colorDark":"#00294f","angle":267.1,"snapDist":4,"label":0}},{"type":"Feature","geometry":{"type":"Point","coordinates":[19.466845,51.837092]},"properties":{"name":"Łagiewnicka-Kuropatwia NŻ","lines":"66","arr":["66"],"terminus":0,"mode":"bus","color":"#0059a9","colorDark":"#00294f","angle":288.8,"snapDist":10,"label":0}},{"type":"Feature","geometry":{"type":"Point","coordinates":[19.463716,51.829503]},"properties":{"name":"Łagiewnicka-Łagiewnicka 292 NŻ","lines":"66","arr":["66"],"terminus":0,"mode":"bus","color":"#0059a9","colorDark":"#00294f","angle":289.9,"snapDist":6,"label":0}},{"type":"Feature","geometry":{"type":"Point","coordinates":[19.461557,51.826539]},"properties":{"name":"Łagiewnicka-Pszczelna NŻ","lines":"66","arr":["66"],"terminus":0,"mode":"bus","color":"#0059a9","colorDark":"#00294f","angle":300.8,"snapDist":5,"label":0}},{"type":"Feature","geometry":{"type":"Point","coordinates":[19.458731,51.822979]},"properties":{"name":"Łagiewnicka-Przepiórcza NŻ","lines":"66","arr":["66"],"terminus":0,"mode":"bus","color":"#0059a9","colorDark":"#00294f","angle":286.5,"snapDist":4,"label":0}},{"type":"Feature","geometry":{"type":"Point","coordinates":[19.456342,51.817642]},"properties":{"name":"Łagiewnicka-Dw. Łódź Arturówek NŻ","lines":"66","arr":["66"],"terminus":0,"mode":"bus","color":"#0059a9","colorDark":"#00294f","angle":275.9,"snapDist":8,"label":0}},{"type":"Feature","geometry":{"type":"Point","coordinates":[19.431439,51.746279]},"properties":{"name":"Nowe Sady-zajezdnia NOWE SADY","lines":"67, 97A, 97B, F1, G1, H","arr":["67","97A","97B","F1","G1","H"],"terminus":1,"mode":"bus","color":"#0059a9","colorDark":"#00294f","angle":93,"snapDist":26,"label":1}},{"type":"Feature","geometry":{"type":"Point","coordinates":[19.430348,51.746357]},"properties":{"name":"Nowe Sady-zajezdnia MPK NŻ","lines":"67, 69A, 69B, 97A, 97B, G1, N7A, N7B","arr":["67","69A","69B","97A","97B","G1","N7A","N7B"],"terminus":0,"mode":"bus","color":"#0059a9","colorDark":"#00294f","angle":4.8,"snapDist":1,"label":1}},{"type":"Feature","geometry":{"type":"Point","coordinates":[19.426544,51.74319]},"properties":{"name":"Nowe Sady-ROD Olimpijka NŻ","lines":"67, 69A, 69B, 97A, 97B, G1, N7A, N7B","arr":["67","69A","69B","97A","97B","G1","N7A","N7B"],"terminus":0,"mode":"bus","color":"#0059a9","colorDark":"#00294f","angle":357.5,"snapDist":6,"label":1}},{"type":"Feature","geometry":{"type":"Point","coordinates":[19.423635,51.743105]},"properties":{"name":"Nowe Sady-Waltera-Janke NŻ","lines":"67, 69A, 69B, 97A, 97B, G1, N7A, N7B","arr":["67","69A","69B","97A","97B","G1","N7A","N7B"],"terminus":0,"mode":"bus","color":"#0059a9","colorDark":"#00294f","angle":357.3,"snapDist":7,"label":1}},{"type":"Feature","geometry":{"type":"Point","coordinates":[19.41956,51.746727]},"properties":{"name":"Waltera-Janke-Wyszyńskiego","lines":"67, 86, N2","arr":["67","86","N2"],"terminus":0,"mode":"bus","color":"#0059a9","colorDark":"#00294f","angle":75.3,"snapDist":1,"label":0}},{"type":"Feature","geometry":{"type":"Point","coordinates":[19.419184,51.750464]},"properties":{"name":"Bandurskiego-Wróblewskiego","lines":"67, 86, N2","arr":["67","86","N2"],"terminus":0,"mode":"bus","color":"#0059a9","colorDark":"#00294f","angle":114,"snapDist":6,"label":1}},{"type":"Feature","geometry":{"type":"Point","coordinates":[19.421629,51.753881]},"properties":{"name":"Bandurskiego-Wileńska","lines":"67, 86, N2","arr":["67","86","N2"],"terminus":0,"mode":"bus","color":"#0059a9","colorDark":"#00294f","angle":113.6,"snapDist":11,"label":1}},{"type":"Feature","geometry":{"type":"Point","coordinates":[19.432117,51.755568]},"properties":{"name":"Bandurskiego-Dw. Łódź Kaliska","lines":"67","arr":["67"],"terminus":0,"mode":"bus","color":"#0059a9","colorDark":"#00294f","angle":172.3,"snapDist":7,"label":0}},{"type":"Feature","geometry":{"type":"Point","coordinates":[19.442953,51.756568]},"properties":{"name":"Mickiewicza-Łąkowa NŻ","lines":"67","arr":["67"],"terminus":0,"mode":"bus","color":"#0059a9","colorDark":"#00294f","angle":159.7,"snapDist":3,"label":1}},{"type":"Feature","geometry":{"type":"Point","coordinates":[19.446779,51.757272]},"properties":{"name":"Mickiewicza-Żeromskiego","lines":"67","arr":["67"],"terminus":0,"mode":"bus","color":"#0059a9","colorDark":"#00294f","angle":163,"snapDist":3,"label":1}},{"type":"Feature","geometry":{"type":"Point","coordinates":[19.457475,51.759101]},"properties":{"name":"Piotrkowska Centrum","lines":"67, Z11","arr":["67","Z11"],"terminus":1,"mode":"bus","color":"#0059a9","colorDark":"#00294f","angle":172.1,"snapDist":2,"label":1}},{"type":"Feature","geometry":{"type":"Point","coordinates":[19.46619,51.76546]},"properties":{"name":"Kilińskiego-Tuwima","lines":"67","arr":["67"],"terminus":0,"mode":"bus","color":"#0059a9","colorDark":"#00294f","angle":253.5,"snapDist":8,"label":1}},{"type":"Feature","geometry":{"type":"Point","coordinates":[19.466962,51.763898]},"properties":{"name":"Kilińskiego-Nawrot","lines":"67","arr":["67"],"terminus":0,"mode":"bus","color":"#0059a9","colorDark":"#00294f","angle":253,"snapDist":3,"label":1}},{"type":"Feature","geometry":{"type":"Point","coordinates":[19.467473,51.760261]},"properties":{"name":"Piłsudskiego-Kilińskiego","lines":"67, N1A, N1B","arr":["67","N1A","N1B"],"terminus":0,"mode":"bus","color":"#0059a9","colorDark":"#00294f","angle":352.2,"snapDist":7,"label":1}},{"type":"Feature","geometry":{"type":"Point","coordinates":[19.454953,51.759175]},"properties":{"name":"Mickiewicza-Kościuszki","lines":"67","arr":["67"],"terminus":0,"mode":"bus","color":"#0059a9","colorDark":"#00294f","angle":351.8,"snapDist":2,"label":1}},{"type":"Feature","geometry":{"type":"Point","coordinates":[19.449836,51.758528]},"properties":{"name":"Mickiewicza-Żeromskiego","lines":"67","arr":["67"],"terminus":0,"mode":"bus","color":"#0059a9","colorDark":"#00294f","angle":345.6,"snapDist":7,"label":1}},{"type":"Feature","geometry":{"type":"Point","coordinates":[19.441661,51.756468]},"properties":{"name":"Mickiewicza-Łąkowa NŻ","lines":"67","arr":["67"],"terminus":0,"mode":"bus","color":"#0059a9","colorDark":"#00294f","angle":340.4,"snapDist":0,"label":0}},{"type":"Feature","geometry":{"type":"Point","coordinates":[19.421378,51.753841]},"properties":{"name":"Bandurskiego-Wileńska","lines":"67, 86, N2","arr":["67","86","N2"],"terminus":0,"mode":"bus","color":"#0059a9","colorDark":"#00294f","angle":294.1,"snapDist":13,"label":0}},{"type":"Feature","geometry":{"type":"Point","coordinates":[19.418734,51.750265]},"properties":{"name":"Bandurskiego-Wróblewskiego","lines":"67, 86, N2","arr":["67","86","N2"],"terminus":0,"mode":"bus","color":"#0059a9","colorDark":"#00294f","angle":294.4,"snapDist":9,"label":0}},{"type":"Feature","geometry":{"type":"Point","coordinates":[19.422826,51.743072]},"properties":{"name":"Nowe Sady-Waltera-Janke NŻ","lines":"67, 69A, 69B, 97A, 97B, N7A, N7B","arr":["67","69A","69B","97A","97B","N7A","N7B"],"terminus":0,"mode":"bus","color":"#0059a9","colorDark":"#00294f","angle":173.3,"snapDist":2,"label":0}},{"type":"Feature","geometry":{"type":"Point","coordinates":[19.426658,51.743193]},"properties":{"name":"Nowe Sady-ROD Olimpijka NŻ","lines":"67, 69A, 69B, 97A, 97B, N7A, N7B","arr":["67","69A","69B","97A","97B","N7A","N7B"],"terminus":0,"mode":"bus","color":"#0059a9","colorDark":"#00294f","angle":177.5,"snapDist":3,"label":0}},{"type":"Feature","geometry":{"type":"Point","coordinates":[19.430623,51.746343]},"properties":{"name":"Nowe Sady-zajezdnia MPK NŻ","lines":"67, 69A, 69B, 97A, 97B, N7A, N7B","arr":["67","69A","69B","97A","97B","N7A","N7B"],"terminus":0,"mode":"bus","color":"#0059a9","colorDark":"#00294f","angle":184.8,"snapDist":3,"label":0}},{"type":"Feature","geometry":{"type":"Point","coordinates":[19.38348,51.74238]},"properties":{"name":"Retkinia","lines":"68, 80A, 80B, 94, G1, G2, N7A, N7B","arr":["68","80A","80B","94","G1","G2","N7A","N7B"],"terminus":1,"mode":"bus","color":"#0059a9","colorDark":"#00294f","angle":359.5,"snapDist":8,"label":1}},{"type":"Feature","geometry":{"type":"Point","coordinates":[19.384197,51.739946]},"properties":{"name":"Popiełuszki-Popiełuszki 21","lines":"68, 69A, 69B, 76, 86, 94, G2, N7A, N7B","arr":["68","69A","69B","76","86","94","G2","N7A","N7B"],"terminus":0,"mode":"bus","color":"#0059a9","colorDark":"#00294f","angle":247.1,"snapDist":10,"label":1}},{"type":"Feature","geometry":{"type":"Point","coordinates":[19.38521,51.736324]},"properties":{"name":"Maratońska-Popiełuszki","lines":"68, 94, G2","arr":["68","94","G2"],"terminus":0,"mode":"bus","color":"#0059a9","colorDark":"#00294f","angle":358,"snapDist":1,"label":1}},{"type":"Feature","geometry":{"type":"Point","coordinates":[19.379354,51.735851]},"properties":{"name":"Maratońska-Gimnastyczna NŻ","lines":"68, 94, G2","arr":["68","94","G2"],"terminus":0,"mode":"bus","color":"#0059a9","colorDark":"#00294f","angle":345.1,"snapDist":9,"label":1}},{"type":"Feature","geometry":{"type":"Point","coordinates":[19.375875,51.734889]},"properties":{"name":"Maratońska-Kolarska NŻ","lines":"68, 94, G2","arr":["68","94","G2"],"terminus":0,"mode":"bus","color":"#0059a9","colorDark":"#00294f","angle":334,"snapDist":4,"label":1}},{"type":"Feature","geometry":{"type":"Point","coordinates":[19.366209,51.732329]},"properties":{"name":"Maratońska-Golfowa","lines":"68, 94","arr":["68","94"],"terminus":0,"mode":"bus","color":"#0059a9","colorDark":"#00294f","angle":339.7,"snapDist":10,"label":1}},{"type":"Feature","geometry":{"type":"Point","coordinates":[19.360828,51.730864]},"properties":{"name":"Maratońska-Trasa S14 NŻ","lines":"68, 94","arr":["68","94"],"terminus":0,"mode":"bus","color":"#0059a9","colorDark":"#00294f","angle":337.4,"snapDist":3,"label":1}},{"type":"Feature","geometry":{"type":"Point","coordinates":[19.352816,51.727452]},"properties":{"name":"Maratońska-Sanitariuszek NŻ","lines":"68, 94","arr":["68","94"],"terminus":0,"mode":"bus","color":"#0059a9","colorDark":"#00294f","angle":299.7,"snapDist":0,"label":1}},{"type":"Feature","geometry":{"type":"Point","coordinates":[19.349468,51.727112]},"properties":{"name":"Sanitariuszek-G.O.Ś. NŻ","lines":"68, 94","arr":["68","94"],"terminus":0,"mode":"bus","color":"#0059a9","colorDark":"#00294f","angle":55,"snapDist":2,"label":1}},{"type":"Feature","geometry":{"type":"Point","coordinates":[19.35515,51.722515]},"properties":{"name":"Sanitariuszek-Biwakowa NŻ","lines":"68","arr":["68"],"terminus":0,"mode":"bus","color":"#0059a9","colorDark":"#00294f","angle":238.1,"snapDist":3,"label":1}},{"type":"Feature","geometry":{"type":"Point","coordinates":[19.359309,51.7189]},"properties":{"name":"Sanitariuszek-Dw. Łódź Lublinek NŻ","lines":"68","arr":["68"],"terminus":0,"mode":"bus","color":"#0059a9","colorDark":"#00294f","angle":233.1,"snapDist":0,"label":1}},{"type":"Feature","geometry":{"type":"Point","coordinates":[19.366008,51.71297]},"properties":{"name":"Sanitariuszek-Łaskowice NŻ","lines":"68","arr":["68"],"terminus":0,"mode":"bus","color":"#0059a9","colorDark":"#00294f","angle":259.3,"snapDist":0,"label":1}},{"type":"Feature","geometry":{"type":"Point","coordinates":[19.370285,51.709672]},"properties":{"name":"Łaskowice-Nad Dobrzynką NŻ","lines":"68","arr":["68"],"terminus":0,"mode":"bus","color":"#0059a9","colorDark":"#00294f","angle":309.9,"snapDist":0,"label":1}},{"type":"Feature","geometry":{"type":"Point","coordinates":[19.381809,51.709016]},"properties":{"name":"Chocianowicka-Chocianowicka 199 NŻ","lines":"68","arr":["68"],"terminus":0,"mode":"bus","color":"#0059a9","colorDark":"#00294f","angle":185,"snapDist":7,"label":1}},{"type":"Feature","geometry":{"type":"Point","coordinates":[19.391638,51.708411]},"properties":{"name":"Chocianowicka-Chocianowicka 143 NŻ","lines":"68","arr":["68"],"terminus":0,"mode":"bus","color":"#0059a9","colorDark":"#00294f","angle":185.5,"snapDist":6,"label":1}},{"type":"Feature","geometry":{"type":"Point","coordinates":[19.401797,51.707793]},"properties":{"name":"Chocianowicka-Chocianowicka 95 NŻ","lines":"68","arr":["68"],"terminus":0,"mode":"bus","color":"#0059a9","colorDark":"#00294f","angle":185.9,"snapDist":5,"label":1}},{"type":"Feature","geometry":{"type":"Point","coordinates":[19.410237,51.707267]},"properties":{"name":"Chocianowicka-Chocianowicka 57 NŻ","lines":"68","arr":["68"],"terminus":0,"mode":"bus","color":"#0059a9","colorDark":"#00294f","angle":185.3,"snapDist":5,"label":1}},{"type":"Feature","geometry":{"type":"Point","coordinates":[19.4218,51.70583]},"properties":{"name":"Pabianicka-Chocianowicka","lines":"68, 75A, 75B, N4A, N4B","arr":["68","75A","75B","N4A","N4B"],"terminus":0,"mode":"bus","color":"#0059a9","colorDark":"#00294f","angle":308.5,"snapDist":0,"label":1}},{"type":"Feature","geometry":{"type":"Point","coordinates":[19.418163,51.702993]},"properties":{"name":"Pabianicka-Długa","lines":"68, 75A, 75B, N4A, N4B","arr":["68","75A","75B","N4A","N4B"],"terminus":0,"mode":"bus","color":"#0059a9","colorDark":"#00294f","angle":306.6,"snapDist":1,"label":1}},{"type":"Feature","geometry":{"type":"Point","coordinates":[19.419749,51.701598]},"properties":{"name":"Mierzejowa-Długa NŻ","lines":"68","arr":["68"],"terminus":0,"mode":"bus","color":"#0059a9","colorDark":"#00294f","angle":178.2,"snapDist":3,"label":1}},{"type":"Feature","geometry":{"type":"Point","coordinates":[19.42672,51.701726]},"properties":{"name":"Mierzejowa-Koszalińska NŻ","lines":"68","arr":["68"],"terminus":0,"mode":"bus","color":"#0059a9","colorDark":"#00294f","angle":178.3,"snapDist":0,"label":1}},{"type":"Feature","geometry":{"type":"Point","coordinates":[19.431131,51.700161]},"properties":{"name":"Farna-Albańska NŻ","lines":"68","arr":["68"],"terminus":0,"mode":"bus","color":"#0059a9","colorDark":"#00294f","angle":194.7,"snapDist":0,"label":1}},{"type":"Feature","geometry":{"type":"Point","coordinates":[19.438261,51.699719]},"properties":{"name":"Farna-Plażowa NŻ","lines":"68","arr":["68"],"terminus":0,"mode":"bus","color":"#0059a9","colorDark":"#00294f","angle":148.7,"snapDist":0,"label":1}},{"type":"Feature","geometry":{"type":"Point","coordinates":[19.425354,51.712912]},"properties":{"name":"Starogardzka-Odrzańska","lines":"68","arr":["68"],"terminus":0,"mode":"bus","color":"#0059a9","colorDark":"#00294f","angle":312.7,"snapDist":1,"label":1}},{"type":"Feature","geometry":{"type":"Point","coordinates":[19.438195,51.699695]},"properties":{"name":"Farna-Plażowa NŻ","lines":"68","arr":["68"],"terminus":0,"mode":"bus","color":"#0059a9","colorDark":"#00294f","angle":328.8,"snapDist":1,"label":0}},{"type":"Feature","geometry":{"type":"Point","coordinates":[19.430252,51.700304]},"properties":{"name":"Farna-Albańska NŻ","lines":"68","arr":["68"],"terminus":0,"mode":"bus","color":"#0059a9","colorDark":"#00294f","angle":14.7,"snapDist":0,"label":0}},{"type":"Feature","geometry":{"type":"Point","coordinates":[19.426021,51.701714]},"properties":{"name":"Mierzejowa-Koszalińska NŻ","lines":"68","arr":["68"],"terminus":0,"mode":"bus","color":"#0059a9","colorDark":"#00294f","angle":358.4,"snapDist":3,"label":0}},{"type":"Feature","geometry":{"type":"Point","coordinates":[19.41835,51.701572]},"properties":{"name":"Mierzejowa-Długa NŻ","lines":"68","arr":["68"],"terminus":0,"mode":"bus","color":"#0059a9","colorDark":"#00294f","angle":358.6,"snapDist":0,"label":0}},{"type":"Feature","geometry":{"type":"Point","coordinates":[19.418215,51.702632]},"properties":{"name":"Pabianicka-Długa NŻ","lines":"68, 75A, 75B, N4A, N4B","arr":["68","75A","75B","N4A","N4B"],"terminus":0,"mode":"bus","color":"#0059a9","colorDark":"#00294f","angle":126.9,"snapDist":0,"label":1}},{"type":"Feature","geometry":{"type":"Point","coordinates":[19.421754,51.706535]},"properties":{"name":"Chocianowicka-Pabianicka","lines":"68","arr":["68"],"terminus":0,"mode":"bus","color":"#0059a9","colorDark":"#00294f","angle":6.3,"snapDist":4,"label":1}},{"type":"Feature","geometry":{"type":"Point","coordinates":[19.410173,51.707271]},"properties":{"name":"Chocianowicka-Chocianowicka 57 NŻ","lines":"68","arr":["68"],"terminus":0,"mode":"bus","color":"#0059a9","colorDark":"#00294f","angle":5.3,"snapDist":6,"label":0}},{"type":"Feature","geometry":{"type":"Point","coordinates":[19.401555,51.707809]},"properties":{"name":"Chocianowicka-Chocianowicka 95 NŻ","lines":"68","arr":["68"],"terminus":0,"mode":"bus","color":"#0059a9","colorDark":"#00294f","angle":6.1,"snapDist":3,"label":0}},{"type":"Feature","geometry":{"type":"Point","coordinates":[19.39211,51.708381]},"properties":{"name":"Chocianowicka-Chocianowicka 143 NŻ","lines":"68","arr":["68"],"terminus":0,"mode":"bus","color":"#0059a9","colorDark":"#00294f","angle":5.6,"snapDist":0,"label":0}},{"type":"Feature","geometry":{"type":"Point","coordinates":[19.381603,51.709027]},"properties":{"name":"Chocianowicka-Chocianowicka 199 NŻ","lines":"68","arr":["68"],"terminus":0,"mode":"bus","color":"#0059a9","colorDark":"#00294f","angle":5,"snapDist":6,"label":0}},{"type":"Feature","geometry":{"type":"Point","coordinates":[19.371498,51.709658]},"properties":{"name":"Łaskowice-Nad Dobrzynką NŻ","lines":"68","arr":["68"],"terminus":0,"mode":"bus","color":"#0059a9","colorDark":"#00294f","angle":5.7,"snapDist":1,"label":0}},{"type":"Feature","geometry":{"type":"Point","coordinates":[19.366065,51.71277]},"properties":{"name":"Sanitariuszek-Łaskowice NŻ","lines":"68","arr":["68"],"terminus":0,"mode":"bus","color":"#0059a9","colorDark":"#00294f","angle":79.9,"snapDist":0,"label":0}},{"type":"Feature","geometry":{"type":"Point","coordinates":[19.358966,51.719184]},"properties":{"name":"Sanitariuszek-Dw. Łódź Lublinek NŻ","lines":"68","arr":["68"],"terminus":0,"mode":"bus","color":"#0059a9","colorDark":"#00294f","angle":53.4,"snapDist":3,"label":0}},{"type":"Feature","geometry":{"type":"Point","coordinates":[19.354701,51.72296]},"properties":{"name":"Sanitariuszek-Biwakowa NŻ","lines":"68","arr":["68"],"terminus":0,"mode":"bus","color":"#0059a9","colorDark":"#00294f","angle":57.5,"snapDist":0,"label":0}},{"type":"Feature","geometry":{"type":"Point","coordinates":[19.35235,51.727002]},"properties":{"name":"Maratońska-Sanitariuszek NŻ","lines":"68, 94","arr":["68","94"],"terminus":0,"mode":"bus","color":"#0059a9","colorDark":"#00294f","angle":125.2,"snapDist":4,"label":0}},{"type":"Feature","geometry":{"type":"Point","coordinates":[19.359501,51.730637]},"properties":{"name":"Maratońska-Trasa S14 NŻ","lines":"68, 94","arr":["68","94"],"terminus":0,"mode":"bus","color":"#0059a9","colorDark":"#00294f","angle":164.6,"snapDist":0,"label":0}},{"type":"Feature","geometry":{"type":"Point","coordinates":[19.367883,51.732753]},"properties":{"name":"Maratońska-Golfowa","lines":"68, 94, G1, G2","arr":["68","94","G1","G2"],"terminus":0,"mode":"bus","color":"#0059a9","colorDark":"#00294f","angle":156.8,"snapDist":6,"label":0}},{"type":"Feature","geometry":{"type":"Point","coordinates":[19.37706,51.73525]},"properties":{"name":"Maratońska-Kolarska NŻ","lines":"68, 94, G1, G2","arr":["68","94","G1","G2"],"terminus":0,"mode":"bus","color":"#0059a9","colorDark":"#00294f","angle":153.8,"snapDist":0,"label":0}},{"type":"Feature","geometry":{"type":"Point","coordinates":[19.379176,51.73582]},"properties":{"name":"Maratońska-Gimnastyczna NŻ","lines":"68, 94, G1, G2","arr":["68","94","G1","G2"],"terminus":0,"mode":"bus","color":"#0059a9","colorDark":"#00294f","angle":163.7,"snapDist":6,"label":0}},{"type":"Feature","geometry":{"type":"Point","coordinates":[19.38574,51.736336]},"properties":{"name":"Maratońska-Popiełuszki","lines":"68, 94, G1, G2","arr":["68","94","G1","G2"],"terminus":0,"mode":"bus","color":"#0059a9","colorDark":"#00294f","angle":178,"snapDist":0,"label":0}},{"type":"Feature","geometry":{"type":"Point","coordinates":[19.384005,51.740223]},"properties":{"name":"Popiełuszki-Popiełuszki 21","lines":"68, 69A, 69B, 76, 86, 94, G1, G2, N7A, N7B","arr":["68","69A","69B","76","86","94","G1","G2","N7A","N7B"],"terminus":0,"mode":"bus","color":"#0059a9","colorDark":"#00294f","angle":66.7,"snapDist":5,"label":0}},{"type":"Feature","geometry":{"type":"Point","coordinates":[19.384478,51.742032]},"properties":{"name":"Retkinia","lines":"68, 80A, 80B, 94, 99, G1, G2, N2, N7A, N7B","arr":["68","80A","80B","94","99","G1","G2","N2","N7A","N7B"],"terminus":0,"mode":"bus","color":"#0059a9","colorDark":"#00294f","angle":137.5,"snapDist":0,"label":0}},{"type":"Feature","geometry":{"type":"Point","coordinates":[19.542422,51.762617]},"properties":{"name":"Służbowa-Dw. Łódź Widzew","lines":"69A, 69B, N1A, N1B","arr":["69A","69B","N1A","N1B"],"terminus":1,"mode":"bus","color":"#0059a9","colorDark":"#00294f","angle":12.3,"snapDist":3,"label":1}},{"type":"Feature","geometry":{"type":"Point","coordinates":[19.536703,51.761886]},"properties":{"name":"Puszkina-Rondo Inwalidów","lines":"69A, 69B, 82A, 82B, N1A, N1B","arr":["69A","69B","82A","82B","N1A","N1B"],"terminus":0,"mode":"bus","color":"#0059a9","colorDark":"#00294f","angle":284.9,"snapDist":6,"label":1}},{"type":"Feature","geometry":{"type":"Point","coordinates":[19.535772,51.758428]},"properties":{"name":"Puszkina-Chmielowskiego","lines":"69A, 69B, 80A, 80B, N1A, N1B, N5A, N5B, W","arr":["69A","69B","80A","80B","N1A","N1B","N5A","N5B","W"],"terminus":0,"mode":"bus","color":"#0059a9","colorDark":"#00294f","angle":285,"snapDist":5,"label":1}},{"type":"Feature","geometry":{"type":"Point","coordinates":[19.531808,51.753821]},"properties":{"name":"Puszkina-Rondo Sybiraków","lines":"69A, 69B, 80A, 80B, N1A, N1B, N5A, N5B, W","arr":["69A","69B","80A","80B","N1A","N1B","N5A","N5B","W"],"terminus":0,"mode":"bus","color":"#0059a9","colorDark":"#00294f","angle":309.1,"snapDist":5,"label":1}},{"type":"Feature","geometry":{"type":"Point","coordinates":[19.52148,51.751826]},"properties":{"name":"Przybyszewskiego-Lodowa","lines":"69A, 69B, 96, N5A, N5B","arr":["69A","69B","96","N5A","N5B"],"terminus":0,"mode":"bus","color":"#0059a9","colorDark":"#00294f","angle":350,"snapDist":4,"label":0}},{"type":"Feature","geometry":{"type":"Point","coordinates":[19.524047,51.733281]},"properties":{"name":"Lodowa-Dąbrowskiego NŻ","lines":"69A, W","arr":["69A","W"],"terminus":0,"mode":"bus","color":"#0059a9","colorDark":"#00294f","angle":269.2,"snapDist":7,"label":1}},{"type":"Feature","geometry":{"type":"Point","coordinates":[19.524074,51.730749]},"properties":{"name":"Lodowa-Lodowa 97 NŻ","lines":"69A, W","arr":["69A","W"],"terminus":0,"mode":"bus","color":"#0059a9","colorDark":"#00294f","angle":270.8,"snapDist":6,"label":0}},{"type":"Feature","geometry":{"type":"Point","coordinates":[19.518284,51.728802]},"properties":{"name":"Lodowa-Ordonówny NŻ","lines":"69A, W","arr":["69A","W"],"terminus":0,"mode":"bus","color":"#0059a9","colorDark":"#00294f","angle":7.2,"snapDist":3,"label":0}},{"type":"Feature","geometry":{"type":"Point","coordinates":[19.512363,51.731096]},"properties":{"name":"Ossendowskiego-Lodowa NŻ","lines":"69A, W","arr":["69A","W"],"terminus":0,"mode":"bus","color":"#0059a9","colorDark":"#00294f","angle":97.7,"snapDist":5,"label":0}},{"type":"Feature","geometry":{"type":"Point","coordinates":[19.51511,51.734926]},"properties":{"name":"Ossendowskiego-Dąbrowskiego NŻ","lines":"69A, W","arr":["69A","W"],"terminus":0,"mode":"bus","color":"#0059a9","colorDark":"#00294f","angle":97.6,"snapDist":5,"label":0}},{"type":"Feature","geometry":{"type":"Point","coordinates":[19.490784,51.732923]},"properties":{"name":"Broniewskiego-Śmigłego-Rydza","lines":"69A, 69B, 70, 71A, 71B, 72A, 72B, F1, N6","arr":["69A","69B","70","71A","71B","72A","72B","F1","N6"],"terminus":0,"mode":"bus","color":"#0059a9","colorDark":"#00294f","angle":354.9,"snapDist":3,"label":1}},{"type":"Feature","geometry":{"type":"Point","coordinates":[19.480134,51.732014]},"properties":{"name":"Broniewskiego-Kraszewskiego","lines":"69A, 69B, 70, 72A, 72B, F1, N6","arr":["69A","69B","70","72A","72B","F1","N6"],"terminus":0,"mode":"bus","color":"#0059a9","colorDark":"#00294f","angle":342.4,"snapDist":5,"label":1}},{"type":"Feature","geometry":{"type":"Point","coordinates":[19.476004,51.730979]},"properties":{"name":"Broniewskiego-Kilińskiego","lines":"69A, 69B, 72A, 72B, F1, N6","arr":["69A","69B","72A","72B","F1","N6"],"terminus":0,"mode":"bus","color":"#0059a9","colorDark":"#00294f","angle":351.5,"snapDist":11,"label":1}},{"type":"Feature","geometry":{"type":"Point","coordinates":[19.452919,51.73301]},"properties":{"name":"Politechniki-Rondo Lotników Lwowskich","lines":"69A, 69B, F1, H, N7A, N7B","arr":["69A","69B","F1","H","N7A","N7B"],"terminus":0,"mode":"bus","color":"#0059a9","colorDark":"#00294f","angle":89.3,"snapDist":3,"label":1}},{"type":"Feature","geometry":{"type":"Point","coordinates":[19.434258,51.741062]},"properties":{"name":"Nowe Sady-Elektronowa NŻ","lines":"69A, 69B, F1, H, N7A, N7B","arr":["69A","69B","F1","H","N7A","N7B"],"terminus":0,"mode":"bus","color":"#0059a9","colorDark":"#00294f","angle":93.1,"snapDist":5,"label":1}},{"type":"Feature","geometry":{"type":"Point","coordinates":[19.404085,51.740925]},"properties":{"name":"Maratońska-Dw. Łódź Retkinia","lines":"69A, 69B, 86, G1, N7A, N7B","arr":["69A","69B","86","G1","N7A","N7B"],"terminus":0,"mode":"bus","color":"#0059a9","colorDark":"#00294f","angle":336.8,"snapDist":8,"label":0}},{"type":"Feature","geometry":{"type":"Point","coordinates":[19.397342,51.73864]},"properties":{"name":"Maratońska-Plocka","lines":"69A, 69B, 86, G1, N7A, N7B","arr":["69A","69B","86","G1","N7A","N7B"],"terminus":0,"mode":"bus","color":"#0059a9","colorDark":"#00294f","angle":335.2,"snapDist":9,"label":1}},{"type":"Feature","geometry":{"type":"Point","coordinates":[19.390391,51.736736]},"properties":{"name":"Maratońska-Maratońska 91 NŻ","lines":"69A, 69B, 86, G1, N7A, N7B","arr":["69A","69B","86","G1","N7A","N7B"],"terminus":0,"mode":"bus","color":"#0059a9","colorDark":"#00294f","angle":343.8,"snapDist":5,"label":1}},{"type":"Feature","geometry":{"type":"Point","coordinates":[19.387601,51.737178]},"properties":{"name":"Maratońska (wew.)-Popiełuszki","lines":"69A, 69B, 76, 86, G1, N7A, N7B","arr":["69A","69B","76","86","G1","N7A","N7B"],"terminus":0,"mode":"bus","color":"#0059a9","colorDark":"#00294f","angle":9.9,"snapDist":4,"label":1}},{"type":"Feature","geometry":{"type":"Point","coordinates":[19.381986,51.74402]},"properties":{"name":"Popiełuszki-Pływacka NŻ","lines":"69A, 69B, 76, 80A, 80B, 86, 99, N2","arr":["69A","69B","76","80A","80B","86","99","N2"],"terminus":0,"mode":"bus","color":"#0059a9","colorDark":"#00294f","angle":76,"snapDist":5,"label":1}},{"type":"Feature","geometry":{"type":"Point","coordinates":[19.383537,51.747757]},"properties":{"name":"Retkinia Kusocińskiego","lines":"69A, 69B","arr":["69A","69B"],"terminus":1,"mode":"bus","color":"#0059a9","colorDark":"#00294f","angle":325.7,"snapDist":9,"label":0}},{"type":"Feature","geometry":{"type":"Point","coordinates":[19.383007,51.741699]},"properties":{"name":"Popiełuszki-Wyszyńskiego","lines":"69A, 69B, 76, 86","arr":["69A","69B","76","86"],"terminus":0,"mode":"bus","color":"#0059a9","colorDark":"#00294f","angle":250.1,"snapDist":6,"label":1}},{"type":"Feature","geometry":{"type":"Point","coordinates":[19.38623,51.737018]},"properties":{"name":"Popiełuszki-Maratońska","lines":"69A, 69B, 86","arr":["69A","69B","86"],"terminus":0,"mode":"bus","color":"#0059a9","colorDark":"#00294f","angle":246.6,"snapDist":11,"label":1}},{"type":"Feature","geometry":{"type":"Point","coordinates":[19.391193,51.736894]},"properties":{"name":"Maratońska-Maratońska 91 NŻ","lines":"69A, 69B, 86, N7A, N7B","arr":["69A","69B","86","N7A","N7B"],"terminus":0,"mode":"bus","color":"#0059a9","colorDark":"#00294f","angle":160.2,"snapDist":8,"label":0}},{"type":"Feature","geometry":{"type":"Point","coordinates":[19.398061,51.738851]},"properties":{"name":"Maratońska-Plocka","lines":"69A, 69B, 86, N7A, N7B","arr":["69A","69B","86","N7A","N7B"],"terminus":0,"mode":"bus","color":"#0059a9","colorDark":"#00294f","angle":154.5,"snapDist":6,"label":0}},{"type":"Feature","geometry":{"type":"Point","coordinates":[19.434274,51.741298]},"properties":{"name":"Nowe Sady-Elektronowa NŻ","lines":"69A, 69B, F1","arr":["69A","69B","F1"],"terminus":0,"mode":"bus","color":"#0059a9","colorDark":"#00294f","angle":272.3,"snapDist":5,"label":0}},{"type":"Feature","geometry":{"type":"Point","coordinates":[19.452545,51.736136]},"properties":{"name":"Politechniki-Obywatelska","lines":"69A, 69B, F1, N7A, N7B","arr":["69A","69B","F1","N7A","N7B"],"terminus":0,"mode":"bus","color":"#0059a9","colorDark":"#00294f","angle":263.6,"snapDist":6,"label":0}},{"type":"Feature","geometry":{"type":"Point","coordinates":[19.452679,51.733128]},"properties":{"name":"Politechniki-Rondo Lotników Lwowskich","lines":"69A, 69B, F1","arr":["69A","69B","F1"],"terminus":0,"mode":"bus","color":"#0059a9","colorDark":"#00294f","angle":272.3,"snapDist":7,"label":0}},{"type":"Feature","geometry":{"type":"Point","coordinates":[19.476637,51.731169]},"properties":{"name":"Broniewskiego-Kilińskiego","lines":"69A, 69B, 70, 72A, 72B, 75A, 75B, F1, N3A, N3B, N6","arr":["69A","69B","70","72A","72B","75A","75B","F1","N3A","N3B","N6"],"terminus":0,"mode":"bus","color":"#0059a9","colorDark":"#00294f","angle":144.9,"snapDist":4,"label":0}},{"type":"Feature","geometry":{"type":"Point","coordinates":[19.48183,51.732223]},"properties":{"name":"Broniewskiego-Kraszewskiego","lines":"69A, 69B, 70, 72A, 72B, F1, N6","arr":["69A","69B","70","72A","72B","F1","N6"],"terminus":0,"mode":"bus","color":"#0059a9","colorDark":"#00294f","angle":171.7,"snapDist":5,"label":0}},{"type":"Feature","geometry":{"type":"Point","coordinates":[19.486579,51.732478]},"properties":{"name":"Broniewskiego-Śmigłego-Rydza","lines":"69A, 69B, 70, 72A, 72B, F1, N6","arr":["69A","69B","70","72A","72B","F1","N6"],"terminus":0,"mode":"bus","color":"#0059a9","colorDark":"#00294f","angle":178.9,"snapDist":2,"label":1}},{"type":"Feature","geometry":{"type":"Point","coordinates":[19.492604,51.733022]},"properties":{"name":"Broniewskiego-Tatrzańska","lines":"69A, 69B, 70, 71A, 71B, 72A, 72B, F1, N6","arr":["69A","69B","70","71A","71B","72A","72B","F1","N6"],"terminus":0,"mode":"bus","color":"#0059a9","colorDark":"#00294f","angle":175.1,"snapDist":5,"label":1}},{"type":"Feature","geometry":{"type":"Point","coordinates":[19.524205,51.734185]},"properties":{"name":"Lodowa-Dąbrowskiego NŻ","lines":"69A, W","arr":["69A","W"],"terminus":0,"mode":"bus","color":"#0059a9","colorDark":"#00294f","angle":104.6,"snapDist":11,"label":0}},{"type":"Feature","geometry":{"type":"Point","coordinates":[19.521271,51.750033]},"properties":{"name":"Lodowa-cm. Zarzew","lines":"69A, 69B","arr":["69A","69B"],"terminus":0,"mode":"bus","color":"#0059a9","colorDark":"#00294f","angle":80,"snapDist":5,"label":0}},{"type":"Feature","geometry":{"type":"Point","coordinates":[19.532653,51.754105]},"properties":{"name":"Puszkina-Rondo Sybiraków","lines":"69A, 69B, 80A, 80B, N1A, N1B, N5A, N5B, W","arr":["69A","69B","80A","80B","N1A","N1B","N5A","N5B","W"],"terminus":0,"mode":"bus","color":"#0059a9","colorDark":"#00294f","angle":116.7,"snapDist":4,"label":0}},{"type":"Feature","geometry":{"type":"Point","coordinates":[19.536391,51.758835]},"properties":{"name":"Puszkina-rondo Inwalidów","lines":"69A, 69B, 80A, 80B, N1A, N1B, N5A, N5B, W","arr":["69A","69B","80A","80B","N1A","N1B","N5A","N5B","W"],"terminus":0,"mode":"bus","color":"#0059a9","colorDark":"#00294f","angle":109.4,"snapDist":5,"label":1}},{"type":"Feature","geometry":{"type":"Point","coordinates":[19.53794,51.761415]},"properties":{"name":"Puszkina-Rondo Inwalidów","lines":"69A, 69B, 82A, 82B, N1A, N1B","arr":["69A","69B","82A","82B","N1A","N1B"],"terminus":0,"mode":"bus","color":"#0059a9","colorDark":"#00294f","angle":106.1,"snapDist":2,"label":0}},{"type":"Feature","geometry":{"type":"Point","coordinates":[19.543276,51.762279]},"properties":{"name":"Dw. Łódź Widzew","lines":"69A, 69B, 75A, 75B, 82A, 82B","arr":["69A","69B","75A","75B","82A","82B"],"terminus":0,"mode":"bus","color":"#0059a9","colorDark":"#00294f","angle":105.3,"snapDist":4,"label":0}},{"type":"Feature","geometry":{"type":"Point","coordinates":[19.481348,51.703031]},"properties":{"name":"Instytut CZMP","lines":"70","arr":["70"],"terminus":1,"mode":"bus","color":"#0059a9","colorDark":"#00294f","angle":-60,"snapDist":39,"label":1}},{"type":"Feature","geometry":{"type":"Point","coordinates":[19.46506,51.800734]},"properties":{"name":"Inflancka-Marysińska","lines":"70, 81A, 81B, 85A, 85B, N6","arr":["70","81A","81B","85A","85B","N6"],"terminus":1,"mode":"bus","color":"#0059a9","colorDark":"#00294f","angle":2.2,"snapDist":0,"label":1}},{"type":"Feature","geometry":{"type":"Point","coordinates":[19.489106,51.706949]},"properties":{"name":"Józefów-Rzgowska NŻ","lines":"71A, 71B","arr":["71A","71B"],"terminus":0,"mode":"bus","color":"#0059a9","colorDark":"#00294f","angle":187.8,"snapDist":3,"label":1}},{"type":"Feature","geometry":{"type":"Point","coordinates":[19.495578,51.706492]},"properties":{"name":"Józefów-Nowe Górki NŻ","lines":"71A, 71B","arr":["71A","71B"],"terminus":0,"mode":"bus","color":"#0059a9","colorDark":"#00294f","angle":177.7,"snapDist":4,"label":1}},{"type":"Feature","geometry":{"type":"Point","coordinates":[19.504692,51.70637]},"properties":{"name":"Józefów-Józefów 60 NŻ","lines":"71A, 71B","arr":["71A","71B"],"terminus":0,"mode":"bus","color":"#0059a9","colorDark":"#00294f","angle":181.7,"snapDist":6,"label":1}},{"type":"Feature","geometry":{"type":"Point","coordinates":[19.510278,51.706433]},"properties":{"name":"Józefów-Bieszczadzka NŻ","lines":"71A, 71B","arr":["71A","71B"],"terminus":0,"mode":"bus","color":"#0059a9","colorDark":"#00294f","angle":176.8,"snapDist":3,"label":1}},{"type":"Feature","geometry":{"type":"Point","coordinates":[19.511693,51.69826]},"properties":{"name":"600-lecia miasta Łodzi-Nowe Górki NŻ","lines":"71A, 71B","arr":["71A","71B"],"terminus":0,"mode":"bus","color":"#0059a9","colorDark":"#00294f","angle":186.5,"snapDist":4,"label":1}},{"type":"Feature","geometry":{"type":"Point","coordinates":[19.526294,51.698611]},"properties":{"name":"Bronisin-Paprociowa NŻ","lines":"71A","arr":["71A"],"terminus":0,"mode":"bus","color":"#0059a9","colorDark":"#00294f","angle":251.3,"snapDist":4,"label":1}},{"type":"Feature","geometry":{"type":"Point","coordinates":[19.528487,51.694536]},"properties":{"name":"Bronisin-Konspiracji NŻ","lines":"71A","arr":["71A"],"terminus":0,"mode":"bus","color":"#0059a9","colorDark":"#00294f","angle":255.8,"snapDist":3,"label":1}},{"type":"Feature","geometry":{"type":"Point","coordinates":[19.529191,51.691212]},"properties":{"name":"Bronisin-Brójecka NŻ","lines":"71A","arr":["71A"],"terminus":0,"mode":"bus","color":"#0059a9","colorDark":"#00294f","angle":262.7,"snapDist":1,"label":1}},{"type":"Feature","geometry":{"type":"Point","coordinates":[19.533781,51.692492]},"properties":{"name":"Bronisin Dworski-Pogodna NŻ","lines":"71A","arr":["71A"],"terminus":0,"mode":"bus","color":"#0059a9","colorDark":"#00294f","angle":123.9,"snapDist":2,"label":1}},{"type":"Feature","geometry":{"type":"Point","coordinates":[19.539378,51.697601]},"properties":{"name":"Brójecka-Paprociowa NŻ","lines":"71A","arr":["71A"],"terminus":0,"mode":"bus","color":"#0059a9","colorDark":"#00294f","angle":123.1,"snapDist":4,"label":1}},{"type":"Feature","geometry":{"type":"Point","coordinates":[19.544945,51.707959]},"properties":{"name":"Brójecka-Czternastu Straconych NŻ","lines":"71A","arr":["71A"],"terminus":0,"mode":"bus","color":"#0059a9","colorDark":"#00294f","angle":85.8,"snapDist":2,"label":1}},{"type":"Feature","geometry":{"type":"Point","coordinates":[19.543428,51.711726]},"properties":{"name":"Kolumny-Tomaszowska","lines":"71A, 71B, 92A, 92B","arr":["71A","71B","92A","92B"],"terminus":0,"mode":"bus","color":"#0059a9","colorDark":"#00294f","angle":163.3,"snapDist":5,"label":1}},{"type":"Feature","geometry":{"type":"Point","coordinates":[19.541554,51.716823]},"properties":{"name":"Tomaszowska-Małego Rycerza NŻ","lines":"71A, 71B, 92A, 92B","arr":["71A","71B","92A","92B"],"terminus":0,"mode":"bus","color":"#0059a9","colorDark":"#00294f","angle":73.9,"snapDist":3,"label":1}},{"type":"Feature","geometry":{"type":"Point","coordinates":[19.539616,51.720911]},"properties":{"name":"Tomaszowska-Jędrzejowska","lines":"71A, 71B, 92A, 92B","arr":["71A","71B","92A","92B"],"terminus":0,"mode":"bus","color":"#0059a9","colorDark":"#00294f","angle":73.5,"snapDist":7,"label":1}},{"type":"Feature","geometry":{"type":"Point","coordinates":[19.537974,51.724442]},"properties":{"name":"Tomaszowska-Ofiar Terroryzmu 11 Września","lines":"71A, 71B, 92A, 92B, F1","arr":["71A","71B","92A","92B","F1"],"terminus":0,"mode":"bus","color":"#0059a9","colorDark":"#00294f","angle":73.3,"snapDist":7,"label":1}},{"type":"Feature","geometry":{"type":"Point","coordinates":[19.527315,51.722738]},"properties":{"name":"Kotoniarska-Szybowa NŻ","lines":"71A, 71B","arr":["71A","71B"],"terminus":0,"mode":"bus","color":"#0059a9","colorDark":"#00294f","angle":345.1,"snapDist":1,"label":1}},{"type":"Feature","geometry":{"type":"Point","coordinates":[19.520326,51.723461]},"properties":{"name":"Młynek","lines":"71A, 71B","arr":["71A","71B"],"terminus":0,"mode":"bus","color":"#0059a9","colorDark":"#00294f","angle":40.9,"snapDist":18,"label":1}},{"type":"Feature","geometry":{"type":"Point","coordinates":[19.52667,51.722633]},"properties":{"name":"Kotoniarska-Szybowa NŻ","lines":"71A, 71B","arr":["71A","71B"],"terminus":0,"mode":"bus","color":"#0059a9","colorDark":"#00294f","angle":345.7,"snapDist":3,"label":0}},{"type":"Feature","geometry":{"type":"Point","coordinates":[19.536776,51.72585]},"properties":{"name":"Tomaszowska-Ofiar Terroryzmu 11 Września","lines":"71A, 71B, 72B, 92A, 92B, F1","arr":["71A","71B","72B","92A","92B","F1"],"terminus":0,"mode":"bus","color":"#0059a9","colorDark":"#00294f","angle":56.7,"snapDist":6,"label":0}},{"type":"Feature","geometry":{"type":"Point","coordinates":[19.535152,51.727371]},"properties":{"name":"Tomaszowska-Olechowska","lines":"71A, 71B, 72B, 92A, 92B, F1","arr":["71A","71B","72B","92A","92B","F1"],"terminus":0,"mode":"bus","color":"#0059a9","colorDark":"#00294f","angle":56.6,"snapDist":4,"label":1}},{"type":"Feature","geometry":{"type":"Point","coordinates":[19.529666,51.732418]},"properties":{"name":"Tomaszowska-Bławatna NŻ","lines":"71A, 71B, 72A, 72B, 92A, 92B, F1","arr":["71A","71B","72A","72B","92A","92B","F1"],"terminus":0,"mode":"bus","color":"#0059a9","colorDark":"#00294f","angle":56.5,"snapDist":4,"label":1}},{"type":"Feature","geometry":{"type":"Point","coordinates":[19.52842,51.734872]},"properties":{"name":"Dąbrowskiego-Tomaszowska NŻ","lines":"71A, 71B, 72A, 72B, 92A, 92B, F1, N8, W","arr":["71A","71B","72A","72B","92A","92B","F1","N8","W"],"terminus":0,"mode":"bus","color":"#0059a9","colorDark":"#00294f","angle":4.6,"snapDist":9,"label":1}},{"type":"Feature","geometry":{"type":"Point","coordinates":[19.498751,51.727926]},"properties":{"name":"Śląska-Konspiracyjnego WP","lines":"71A, 71B","arr":["71A","71B"],"terminus":0,"mode":"bus","color":"#0059a9","colorDark":"#00294f","angle":359.3,"snapDist":5,"label":1}},{"type":"Feature","geometry":{"type":"Point","coordinates":[19.490009,51.728986]},"properties":{"name":"Niższa-Śląska","lines":"71A, 71B","arr":["71A","71B"],"terminus":0,"mode":"bus","color":"#0059a9","colorDark":"#00294f","angle":78.9,"snapDist":2,"label":1}},{"type":"Feature","geometry":{"type":"Point","coordinates":[19.489416,51.731587]},"properties":{"name":"Niższa-Broniewskiego","lines":"71A, 71B","arr":["71A","71B"],"terminus":0,"mode":"bus","color":"#0059a9","colorDark":"#00294f","angle":80.7,"snapDist":9,"label":1}},{"type":"Feature","geometry":{"type":"Point","coordinates":[19.499162,51.740747]},"properties":{"name":"park Podolski","lines":"71A, 71B","arr":["71A","71B"],"terminus":1,"mode":"bus","color":"#0059a9","colorDark":"#00294f","angle":189.5,"snapDist":1,"label":1}},{"type":"Feature","geometry":{"type":"Point","coordinates":[19.49952,51.736692]},"properties":{"name":"Dąbrowskiego-Kossaka","lines":"71A, 71B, 92A, 92B, F1, N6","arr":["71A","71B","92A","92B","F1","N6"],"terminus":0,"mode":"bus","color":"#0059a9","colorDark":"#00294f","angle":8.1,"snapDist":10,"label":1}},{"type":"Feature","geometry":{"type":"Point","coordinates":[19.489951,51.729152]},"properties":{"name":"Niższa-Śląska","lines":"71A, 71B","arr":["71A","71B"],"terminus":0,"mode":"bus","color":"#0059a9","colorDark":"#00294f","angle":257.6,"snapDist":6,"label":0}},{"type":"Feature","geometry":{"type":"Point","coordinates":[19.498859,51.727926]},"properties":{"name":"Śląska-Konspiracyjnego WP","lines":"71A, 71B","arr":["71A","71B"],"terminus":0,"mode":"bus","color":"#0059a9","colorDark":"#00294f","angle":179.3,"snapDist":5,"label":0}},{"type":"Feature","geometry":{"type":"Point","coordinates":[19.529977,51.732129]},"properties":{"name":"Tomaszowska-Bławatna NŻ","lines":"71A, 71B, 72A, 72B, 92A, 92B","arr":["71A","71B","72A","72B","92A","92B"],"terminus":0,"mode":"bus","color":"#0059a9","colorDark":"#00294f","angle":235.2,"snapDist":6,"label":0}},{"type":"Feature","geometry":{"type":"Point","coordinates":[19.534627,51.727856]},"properties":{"name":"Tomaszowska-Olechowska","lines":"71A, 71B, 72A, 72B, 92A, 92B","arr":["71A","71B","72A","72B","92A","92B"],"terminus":0,"mode":"bus","color":"#0059a9","colorDark":"#00294f","angle":236.4,"snapDist":7,"label":0}},{"type":"Feature","geometry":{"type":"Point","coordinates":[19.537846,51.724707]},"properties":{"name":"Tomaszowska-Ofiar Terroryzmu 11 Września","lines":"71A, 71B, 92A, 92B","arr":["71A","71B","92A","92B"],"terminus":0,"mode":"bus","color":"#0059a9","colorDark":"#00294f","angle":253.8,"snapDist":7,"label":0}},{"type":"Feature","geometry":{"type":"Point","coordinates":[19.539769,51.720588]},"properties":{"name":"Tomaszowska-Jędrzejowska","lines":"71A, 71B, 92A, 92B","arr":["71A","71B","92A","92B"],"terminus":0,"mode":"bus","color":"#0059a9","colorDark":"#00294f","angle":253.7,"snapDist":7,"label":0}},{"type":"Feature","geometry":{"type":"Point","coordinates":[19.541891,51.716093]},"properties":{"name":"Tomaszowska-Małego Rycerza NŻ","lines":"71A, 71B, 92A, 92B","arr":["71A","71B","92A","92B"],"terminus":0,"mode":"bus","color":"#0059a9","colorDark":"#00294f","angle":254.2,"snapDist":5,"label":0}},{"type":"Feature","geometry":{"type":"Point","coordinates":[19.54339,51.711719]},"properties":{"name":"Kolumny-Tomaszowska","lines":"71A, 71B, 92A, 92B","arr":["71A","71B","92A","92B"],"terminus":0,"mode":"bus","color":"#0059a9","colorDark":"#00294f","angle":343.2,"snapDist":0,"label":0}},{"type":"Feature","geometry":{"type":"Point","coordinates":[19.544675,51.708632]},"properties":{"name":"Brójecka-Czternastu Straconych NŻ","lines":"71A","arr":["71A"],"terminus":0,"mode":"bus","color":"#0059a9","colorDark":"#00294f","angle":253.4,"snapDist":5,"label":0}},{"type":"Feature","geometry":{"type":"Point","coordinates":[19.539127,51.697375]},"properties":{"name":"Brójecka-Paprociowa NŻ","lines":"71A","arr":["71A"],"terminus":0,"mode":"bus","color":"#0059a9","colorDark":"#00294f","angle":305,"snapDist":5,"label":0}},{"type":"Feature","geometry":{"type":"Point","coordinates":[19.533658,51.692372]},"properties":{"name":"Bronisin Dworski-Pogodna NŻ","lines":"71A","arr":["71A"],"terminus":0,"mode":"bus","color":"#0059a9","colorDark":"#00294f","angle":304.8,"snapDist":1,"label":0}},{"type":"Feature","geometry":{"type":"Point","coordinates":[19.529083,51.691739]},"properties":{"name":"Bronisin-Brójecka NŻ","lines":"71A","arr":["71A"],"terminus":0,"mode":"bus","color":"#0059a9","colorDark":"#00294f","angle":82.8,"snapDist":1,"label":0}},{"type":"Feature","geometry":{"type":"Point","coordinates":[19.528496,51.694515]},"properties":{"name":"Bronisin-Konspiracji NŻ","lines":"71A","arr":["71A"],"terminus":0,"mode":"bus","color":"#0059a9","colorDark":"#00294f","angle":75.8,"snapDist":2,"label":0}},{"type":"Feature","geometry":{"type":"Point","coordinates":[19.526092,51.698974]},"properties":{"name":"Bronisin-Paprociowa NŻ","lines":"71A","arr":["71A"],"terminus":0,"mode":"bus","color":"#0059a9","colorDark":"#00294f","angle":70.6,"snapDist":2,"label":0}},{"type":"Feature","geometry":{"type":"Point","coordinates":[19.510851,51.706452]},"properties":{"name":"Józefów-Bieszczadzka NŻ","lines":"71A, 71B","arr":["71A","71B"],"terminus":0,"mode":"bus","color":"#0059a9","colorDark":"#00294f","angle":357.3,"snapDist":2,"label":0}},{"type":"Feature","geometry":{"type":"Point","coordinates":[19.50504,51.706364]},"properties":{"name":"Józefów-Józefów 60 NŻ","lines":"71A, 71B","arr":["71A","71B"],"terminus":0,"mode":"bus","color":"#0059a9","colorDark":"#00294f","angle":0.9,"snapDist":1,"label":0}},{"type":"Feature","geometry":{"type":"Point","coordinates":[19.496261,51.706504]},"properties":{"name":"Józefów-Nowe Górki NŻ","lines":"71A, 71B","arr":["71A","71B"],"terminus":0,"mode":"bus","color":"#0059a9","colorDark":"#00294f","angle":358.4,"snapDist":2,"label":0}},{"type":"Feature","geometry":{"type":"Point","coordinates":[19.487576,51.707079]},"properties":{"name":"Józefów-Rzgowska NŻ","lines":"71A, 71B","arr":["71A","71B"],"terminus":0,"mode":"bus","color":"#0059a9","colorDark":"#00294f","angle":6.9,"snapDist":2,"label":0}},{"type":"Feature","geometry":{"type":"Point","coordinates":[19.522389,51.699123]},"properties":{"name":"Bronisin-600-lecia miasta Łodzi NŻ","lines":"71B","arr":["71B"],"terminus":0,"mode":"bus","color":"#0059a9","colorDark":"#00294f","angle":342.9,"snapDist":2,"label":1}},{"type":"Feature","geometry":{"type":"Point","coordinates":[19.519723,51.702878]},"properties":{"name":"Bronisin-Wiskicka NŻ","lines":"71B","arr":["71B"],"terminus":0,"mode":"bus","color":"#0059a9","colorDark":"#00294f","angle":79.1,"snapDist":1,"label":1}},{"type":"Feature","geometry":{"type":"Point","coordinates":[19.519379,51.708284]},"properties":{"name":"Kolumny-Bronisin NŻ","lines":"71B","arr":["71B"],"terminus":0,"mode":"bus","color":"#0059a9","colorDark":"#00294f","angle":168.6,"snapDist":4,"label":1}},{"type":"Feature","geometry":{"type":"Point","coordinates":[19.523361,51.708786]},"properties":{"name":"Kolumny-Wrzecionowa NŻ","lines":"71B","arr":["71B"],"terminus":0,"mode":"bus","color":"#0059a9","colorDark":"#00294f","angle":168.2,"snapDist":6,"label":1}},{"type":"Feature","geometry":{"type":"Point","coordinates":[19.531083,51.709772]},"properties":{"name":"Kolumny-Kolumny 242 NŻ","lines":"71B","arr":["71B"],"terminus":0,"mode":"bus","color":"#0059a9","colorDark":"#00294f","angle":168.2,"snapDist":6,"label":1}},{"type":"Feature","geometry":{"type":"Point","coordinates":[19.537182,51.710552]},"properties":{"name":"Kolumny-Cierniówki NŻ","lines":"71B","arr":["71B"],"terminus":0,"mode":"bus","color":"#0059a9","colorDark":"#00294f","angle":168.2,"snapDist":3,"label":1}},{"type":"Feature","geometry":{"type":"Point","coordinates":[19.537281,51.710565]},"properties":{"name":"Kolumny-Cierniówki NŻ","lines":"71B","arr":["71B"],"terminus":0,"mode":"bus","color":"#0059a9","colorDark":"#00294f","angle":348.9,"snapDist":4,"label":0}},{"type":"Feature","geometry":{"type":"Point","coordinates":[19.531933,51.70988]},"properties":{"name":"Kolumny-Kolumny 242 NŻ","lines":"71B","arr":["71B"],"terminus":0,"mode":"bus","color":"#0059a9","colorDark":"#00294f","angle":348.2,"snapDist":4,"label":0}},{"type":"Feature","geometry":{"type":"Point","coordinates":[19.524768,51.708966]},"properties":{"name":"Kolumny-Wrzecionowa NŻ","lines":"71B","arr":["71B"],"terminus":0,"mode":"bus","color":"#0059a9","colorDark":"#00294f","angle":348.4,"snapDist":3,"label":0}},{"type":"Feature","geometry":{"type":"Point","coordinates":[19.518889,51.708223]},"properties":{"name":"Kolumny-Bronisin NŻ","lines":"71B","arr":["71B"],"terminus":0,"mode":"bus","color":"#0059a9","colorDark":"#00294f","angle":348.6,"snapDist":3,"label":0}},{"type":"Feature","geometry":{"type":"Point","coordinates":[19.519641,51.703194]},"properties":{"name":"Bronisin-Wiskicka NŻ","lines":"71B","arr":["71B"],"terminus":0,"mode":"bus","color":"#0059a9","colorDark":"#00294f","angle":261.7,"snapDist":3,"label":0}},{"type":"Feature","geometry":{"type":"Point","coordinates":[19.521845,51.69902]},"properties":{"name":"Bronisin-600-lecia miasta Łodzi NŻ","lines":"71B","arr":["71B"],"terminus":0,"mode":"bus","color":"#0059a9","colorDark":"#00294f","angle":163.1,"snapDist":78,"label":0}},{"type":"Feature","geometry":{"type":"Point","coordinates":[19.574922,51.752007]},"properties":{"name":"Janów","lines":"72A, 72B, N5B","arr":["72A","72B","N5B"],"terminus":1,"mode":"bus","color":"#0059a9","colorDark":"#00294f","angle":291.8,"snapDist":4,"label":0}},{"type":"Feature","geometry":{"type":"Point","coordinates":[19.573202,51.74956]},"properties":{"name":"Hetmańska-Juranda ze Spychowa NŻ","lines":"72A, 80A, 80B, 96, N1A, N1B","arr":["72A","80A","80B","96","N1A","N1B"],"terminus":0,"mode":"bus","color":"#0059a9","colorDark":"#00294f","angle":286.2,"snapDist":8,"label":1}},{"type":"Feature","geometry":{"type":"Point","coordinates":[19.571627,51.74619]},"properties":{"name":"Hetmańska-Zagłoby NŻ","lines":"72A, 80A, 80B, 96, N1A, N1B","arr":["72A","80A","80B","96","N1A","N1B"],"terminus":0,"mode":"bus","color":"#0059a9","colorDark":"#00294f","angle":286.2,"snapDist":12,"label":1}},{"type":"Feature","geometry":{"type":"Point","coordinates":[19.570305,51.743369]},"properties":{"name":"Hetmańska-Dąbrówki","lines":"72A, 80A, 80B, 96, N1A, N1B","arr":["72A","80A","80B","96","N1A","N1B"],"terminus":0,"mode":"bus","color":"#0059a9","colorDark":"#00294f","angle":286.1,"snapDist":8,"label":1}},{"type":"Feature","geometry":{"type":"Point","coordinates":[19.568046,51.740647]},"properties":{"name":"Zakładowa-Hetmańska","lines":"72A, 80A, 80B, 96, N1A, N1B","arr":["72A","80A","80B","96","N1A","N1B"],"terminus":0,"mode":"bus","color":"#0059a9","colorDark":"#00294f","angle":15.4,"snapDist":6,"label":1}},{"type":"Feature","geometry":{"type":"Point","coordinates":[19.561552,51.741793]},"properties":{"name":"Zakładowa-Odnowiciela","lines":"72A, 80A, 80B, 96, N1A, N1B","arr":["72A","80A","80B","96","N1A","N1B"],"terminus":0,"mode":"bus","color":"#0059a9","colorDark":"#00294f","angle":21,"snapDist":9,"label":1}},{"type":"Feature","geometry":{"type":"Point","coordinates":[19.558991,51.741678]},"properties":{"name":"Olechowska-Zakładowa NŻ","lines":"72A, 82A, 82B","arr":["72A","82A","82B"],"terminus":0,"mode":"bus","color":"#0059a9","colorDark":"#00294f","angle":295.6,"snapDist":3,"label":1}},{"type":"Feature","geometry":{"type":"Point","coordinates":[19.552963,51.738231]},"properties":{"name":"Olechowska-Przewozowa NŻ","lines":"72A","arr":["72A"],"terminus":0,"mode":"bus","color":"#0059a9","colorDark":"#00294f","angle":317.6,"snapDist":4,"label":1}},{"type":"Feature","geometry":{"type":"Point","coordinates":[19.547358,51.734963]},"properties":{"name":"Olechowska-Olechowska 56 NŻ","lines":"72A","arr":["72A"],"terminus":0,"mode":"bus","color":"#0059a9","colorDark":"#00294f","angle":316.3,"snapDist":6,"label":1}},{"type":"Feature","geometry":{"type":"Point","coordinates":[19.543276,51.732531]},"properties":{"name":"Olechowska-Olechowska 36 NŻ","lines":"72A","arr":["72A"],"terminus":0,"mode":"bus","color":"#0059a9","colorDark":"#00294f","angle":316,"snapDist":5,"label":1}},{"type":"Feature","geometry":{"type":"Point","coordinates":[19.540117,51.730643]},"properties":{"name":"Olechowska-Olechowska 22 NŻ","lines":"72A","arr":["72A"],"terminus":0,"mode":"bus","color":"#0059a9","colorDark":"#00294f","angle":315.9,"snapDist":6,"label":1}},{"type":"Feature","geometry":{"type":"Point","coordinates":[19.535513,51.727941]},"properties":{"name":"Olechowska-Tomaszowska","lines":"72A","arr":["72A"],"terminus":0,"mode":"bus","color":"#0059a9","colorDark":"#00294f","angle":316.9,"snapDist":4,"label":1}},{"type":"Feature","geometry":{"type":"Point","coordinates":[19.473855,51.731645]},"properties":{"name":"Rzgowska-Paderewskiego","lines":"72A, 72B, N3A, N3B","arr":["72A","72B","N3A","N3B"],"terminus":0,"mode":"bus","color":"#0059a9","colorDark":"#00294f","angle":57.9,"snapDist":5,"label":1}},{"type":"Feature","geometry":{"type":"Point","coordinates":[19.471445,51.734075]},"properties":{"name":"Rzgowska-Lecznicza","lines":"72A, 72B, N3A, N3B","arr":["72A","72B","N3A","N3B"],"terminus":0,"mode":"bus","color":"#0059a9","colorDark":"#00294f","angle":58.5,"snapDist":5,"label":1}},{"type":"Feature","geometry":{"type":"Point","coordinates":[19.462579,51.741005]},"properties":{"name":"Piotrkowska-pl. Niepodległości","lines":"72A, 72B, 92A, 92B, N4A, N4B, N5A, N5B, N6, Z11","arr":["72A","72B","92A","92B","N4A","N4B","N5A","N5B","N6","Z11"],"terminus":0,"mode":"bus","color":"#0059a9","colorDark":"#00294f","angle":82.6,"snapDist":4,"label":1}},{"type":"Feature","geometry":{"type":"Point","coordinates":[19.449101,51.754699]},"properties":{"name":"Żeromskiego-Żwirki NŻ","lines":"72A, 72B, N4A, N4B","arr":["72A","72B","N4A","N4B"],"terminus":0,"mode":"bus","color":"#0059a9","colorDark":"#00294f","angle":82.9,"snapDist":1,"label":1}},{"type":"Feature","geometry":{"type":"Point","coordinates":[19.44823,51.759265]},"properties":{"name":"Żeromskiego-Mickiewicza NŻ","lines":"72A, 72B, N4A, N4B","arr":["72A","72B","N4A","N4B"],"terminus":0,"mode":"bus","color":"#0059a9","colorDark":"#00294f","angle":81.9,"snapDist":4,"label":1}},{"type":"Feature","geometry":{"type":"Point","coordinates":[19.447537,51.762433]},"properties":{"name":"Żeromskiego-Kopernika","lines":"72A, 72B, 86, N4A, N4B","arr":["72A","72B","86","N4A","N4B"],"terminus":0,"mode":"bus","color":"#0059a9","colorDark":"#00294f","angle":82.7,"snapDist":6,"label":1}},{"type":"Feature","geometry":{"type":"Point","coordinates":[19.447007,51.764965]},"properties":{"name":"Żeromskiego-Struga","lines":"72A, 72B, 83, 86","arr":["72A","72B","83","86"],"terminus":0,"mode":"bus","color":"#0059a9","colorDark":"#00294f","angle":82,"snapDist":4,"label":1}},{"type":"Feature","geometry":{"type":"Point","coordinates":[19.443152,51.771529]},"properties":{"name":"Więckowskiego-Pogonowskiego","lines":"72A, 72B, N3A, N3B","arr":["72A","72B","N3A","N3B"],"terminus":0,"mode":"bus","color":"#0059a9","colorDark":"#00294f","angle":351.4,"snapDist":6,"label":1}},{"type":"Feature","geometry":{"type":"Point","coordinates":[19.437595,51.769914]},"properties":{"name":"Więckowskiego-Żeligowskiego","lines":"72A, 72B, 99, N3A, N3B","arr":["72A","72B","99","N3A","N3B"],"terminus":0,"mode":"bus","color":"#0059a9","colorDark":"#00294f","angle":331.8,"snapDist":1,"label":1}},{"type":"Feature","geometry":{"type":"Point","coordinates":[19.433395,51.769004]},"properties":{"name":"Zielona-1 Maja","lines":"72A, 72B, 83, 99, N3A, N3B, N9, Z13","arr":["72A","72B","83","99","N3A","N3B","N9","Z13"],"terminus":0,"mode":"bus","color":"#0059a9","colorDark":"#00294f","angle":10.2,"snapDist":2,"label":1}},{"type":"Feature","geometry":{"type":"Point","coordinates":[19.427011,51.769395]},"properties":{"name":"Legionów-Włókniarzy","lines":"72A, 72B, 73, 83, 97A, 97B, N9, Z43","arr":["72A","72B","73","83","97A","97B","N9","Z43"],"terminus":1,"mode":"bus","color":"#0059a9","colorDark":"#00294f","angle":330.6,"snapDist":6,"label":1}},{"type":"Feature","geometry":{"type":"Point","coordinates":[19.420801,51.768147]},"properties":{"name":"Unii Lubelskiej-Konstantynowska (Fala)","lines":"72A, 72B, 83","arr":["72A","72B","83"],"terminus":0,"mode":"bus","color":"#0059a9","colorDark":"#00294f","angle":67.2,"snapDist":7,"label":1}},{"type":"Feature","geometry":{"type":"Point","coordinates":[19.416128,51.773076]},"properties":{"name":"Srebrzyńska-Unii Lubelskiej","lines":"72A, 72B, N3A, N3B","arr":["72A","72B","N3A","N3B"],"terminus":0,"mode":"bus","color":"#0059a9","colorDark":"#00294f","angle":17.1,"snapDist":5,"label":1}},{"type":"Feature","geometry":{"type":"Point","coordinates":[19.40964,51.774319]},"properties":{"name":"Srebrzyńska-Jarzynowa","lines":"72A, 72B, N3A, N3B","arr":["72A","72B","N3A","N3B"],"terminus":0,"mode":"bus","color":"#0059a9","colorDark":"#00294f","angle":17,"snapDist":5,"label":1}},{"type":"Feature","geometry":{"type":"Point","coordinates":[19.406192,51.775653]},"properties":{"name":"Srebrzyńska-cm. Mania","lines":"72A, 72B, N3A, N3B","arr":["72A","72B","N3A","N3B"],"terminus":0,"mode":"bus","color":"#0059a9","colorDark":"#00294f","angle":48.7,"snapDist":6,"label":1}},{"type":"Feature","geometry":{"type":"Point","coordinates":[19.393424,51.779569]},"properties":{"name":"Złotno-Kwiatowa NŻ","lines":"72A, 72B, 97A, 97B","arr":["72A","72B","97A","97B"],"terminus":0,"mode":"bus","color":"#0059a9","colorDark":"#00294f","angle":344.3,"snapDist":4,"label":1}},{"type":"Feature","geometry":{"type":"Point","coordinates":[19.387236,51.778281]},"properties":{"name":"Złotno-Podchorążych","lines":"72A, 72B","arr":["72A","72B"],"terminus":0,"mode":"bus","color":"#0059a9","colorDark":"#00294f","angle":348.6,"snapDist":6,"label":1}},{"type":"Feature","geometry":{"type":"Point","coordinates":[19.383588,51.777843]},"properties":{"name":"Złotno-Zaporowa","lines":"72A, 72B","arr":["72A","72B"],"terminus":0,"mode":"bus","color":"#0059a9","colorDark":"#00294f","angle":348.9,"snapDist":6,"label":1}},{"type":"Feature","geometry":{"type":"Point","coordinates":[19.37692,51.777031]},"properties":{"name":"Złotno-Legnicka NŻ","lines":"72A, 72B","arr":["72A","72B"],"terminus":0,"mode":"bus","color":"#0059a9","colorDark":"#00294f","angle":348.5,"snapDist":3,"label":1}},{"type":"Feature","geometry":{"type":"Point","coordinates":[19.36764,51.77588]},"properties":{"name":"Złotno-Stare Złotno NŻ","lines":"72A, 72B","arr":["72A","72B"],"terminus":0,"mode":"bus","color":"#0059a9","colorDark":"#00294f","angle":347.9,"snapDist":3,"label":1}},{"type":"Feature","geometry":{"type":"Point","coordinates":[19.359658,51.775932]},"properties":{"name":"Złotno-Złotno 141 NŻ","lines":"72A, 72B","arr":["72A","72B"],"terminus":0,"mode":"bus","color":"#0059a9","colorDark":"#00294f","angle":1.6,"snapDist":5,"label":1}},{"type":"Feature","geometry":{"type":"Point","coordinates":[19.347721,51.775495]},"properties":{"name":"Złotno-Huta Jagodnica","lines":"72A, 72B","arr":["72A","72B"],"terminus":0,"mode":"bus","color":"#0059a9","colorDark":"#00294f","angle":353.3,"snapDist":6,"label":0}},{"type":"Feature","geometry":{"type":"Point","coordinates":[19.349114,51.77534]},"properties":{"name":"Złotno-Huta Jagodnica","lines":"72A, 72B","arr":["72A","72B"],"terminus":0,"mode":"bus","color":"#0059a9","colorDark":"#00294f","angle":89.3,"snapDist":2,"label":0}},{"type":"Feature","geometry":{"type":"Point","coordinates":[19.349411,51.775618]},"properties":{"name":"Złotno-Huta Jagodnica","lines":"72A, 72B","arr":["72A","72B"],"terminus":1,"mode":"bus","color":"#0059a9","colorDark":"#00294f","angle":353.3,"snapDist":5,"label":1}},{"type":"Feature","geometry":{"type":"Point","coordinates":[19.359492,51.775934]},"properties":{"name":"Złotno-Złotno 141 NŻ","lines":"72A, 72B","arr":["72A","72B"],"terminus":0,"mode":"bus","color":"#0059a9","colorDark":"#00294f","angle":181.6,"snapDist":4,"label":0}},{"type":"Feature","geometry":{"type":"Point","coordinates":[19.367803,51.775901]},"properties":{"name":"Złotno-Stare Złotno NŻ","lines":"72A, 72B","arr":["72A","72B"],"terminus":0,"mode":"bus","color":"#0059a9","colorDark":"#00294f","angle":170.1,"snapDist":7,"label":0}},{"type":"Feature","geometry":{"type":"Point","coordinates":[19.37556,51.776861]},"properties":{"name":"Złotno-Legnicka NŻ","lines":"72A, 72B","arr":["72A","72B"],"terminus":0,"mode":"bus","color":"#0059a9","colorDark":"#00294f","angle":168.7,"snapDist":7,"label":0}},{"type":"Feature","geometry":{"type":"Point","coordinates":[19.383551,51.777838]},"properties":{"name":"Złotno-Zaporowa","lines":"72A, 72B","arr":["72A","72B"],"terminus":0,"mode":"bus","color":"#0059a9","colorDark":"#00294f","angle":168.8,"snapDist":7,"label":0}},{"type":"Feature","geometry":{"type":"Point","coordinates":[19.389358,51.778658]},"properties":{"name":"Złotno-Podchorążych","lines":"72A, 72B, 97A, 97B","arr":["72A","72B","97A","97B"],"terminus":0,"mode":"bus","color":"#0059a9","colorDark":"#00294f","angle":156.6,"snapDist":2,"label":0}},{"type":"Feature","geometry":{"type":"Point","coordinates":[19.39416,51.779697]},"properties":{"name":"Złotno-Kwiatowa NŻ","lines":"72A, 72B, 97A, 97B","arr":["72A","72B","97A","97B"],"terminus":0,"mode":"bus","color":"#0059a9","colorDark":"#00294f","angle":164.5,"snapDist":8,"label":0}},{"type":"Feature","geometry":{"type":"Point","coordinates":[19.405288,51.775894]},"properties":{"name":"Srebrzyńska-cm. Mania","lines":"72A, 72B, N3A, N3B","arr":["72A","72B","N3A","N3B"],"terminus":0,"mode":"bus","color":"#0059a9","colorDark":"#00294f","angle":174.9,"snapDist":9,"label":0}},{"type":"Feature","geometry":{"type":"Point","coordinates":[19.40856,51.774529]},"properties":{"name":"Srebrzyńska-Jarzynowa","lines":"72A, 72B, N3A, N3B","arr":["72A","72B","N3A","N3B"],"terminus":0,"mode":"bus","color":"#0059a9","colorDark":"#00294f","angle":197.6,"snapDist":9,"label":0}},{"type":"Feature","geometry":{"type":"Point","coordinates":[19.416958,51.772916]},"properties":{"name":"Srebrzyńska-Unii Lubelskiej","lines":"72A, 72B, N3A, N3B","arr":["72A","72B","N3A","N3B"],"terminus":0,"mode":"bus","color":"#0059a9","colorDark":"#00294f","angle":197.2,"snapDist":7,"label":0}},{"type":"Feature","geometry":{"type":"Point","coordinates":[19.421846,51.767493]},"properties":{"name":"Konstantynowska-Unii Lubelskiej (Fala)","lines":"72A, 72B, 83, 97A, 97B, 100, N9, Z43","arr":["72A","72B","83","97A","97B","100","N9","Z43"],"terminus":0,"mode":"bus","color":"#0059a9","colorDark":"#00294f","angle":144.3,"snapDist":9,"label":1}},{"type":"Feature","geometry":{"type":"Point","coordinates":[19.427082,51.768821]},"properties":{"name":"Legionów-Włókniarzy","lines":"72A, 72B, 83, 100, N9, Z13","arr":["72A","72B","83","100","N9","Z13"],"terminus":1,"mode":"bus","color":"#0059a9","colorDark":"#00294f","angle":174.5,"snapDist":6,"label":0}},{"type":"Feature","geometry":{"type":"Point","coordinates":[19.447009,51.764956]},"properties":{"name":"Żeromskiego-Struga","lines":"72A, 72B, 86","arr":["72A","72B","86"],"terminus":0,"mode":"bus","color":"#0059a9","colorDark":"#00294f","angle":262,"snapDist":3,"label":0}},{"type":"Feature","geometry":{"type":"Point","coordinates":[19.447457,51.762823]},"properties":{"name":"Żeromskiego-Kopernika","lines":"72A, 72B, 86, N2, N4A, N4B","arr":["72A","72B","86","N2","N4A","N4B"],"terminus":0,"mode":"bus","color":"#0059a9","colorDark":"#00294f","angle":262.8,"snapDist":3,"label":0}},{"type":"Feature","geometry":{"type":"Point","coordinates":[19.448087,51.76001]},"properties":{"name":"Żeromskiego-Mickiewicza","lines":"72A, 72B, N4A, N4B","arr":["72A","72B","N4A","N4B"],"terminus":0,"mode":"bus","color":"#0059a9","colorDark":"#00294f","angle":263.4,"snapDist":19,"label":1}},{"type":"Feature","geometry":{"type":"Point","coordinates":[19.461468,51.745919]},"properties":{"name":"Czerwona-Piotrkowska NŻ","lines":"72A, 72B","arr":["72A","72B"],"terminus":0,"mode":"bus","color":"#0059a9","colorDark":"#00294f","angle":262.3,"snapDist":181,"label":1}},{"type":"Feature","geometry":{"type":"Point","coordinates":[19.462556,51.740446]},"properties":{"name":"Piotrkowska-pl. Niepodległości","lines":"72A, 72B, N3A, N3B, N4A, N4B, N5A, N5B, N6, Z11","arr":["72A","72B","N3A","N3B","N4A","N4B","N5A","N5B","N6","Z11"],"terminus":0,"mode":"bus","color":"#0059a9","colorDark":"#00294f","angle":262.5,"snapDist":4,"label":0}},{"type":"Feature","geometry":{"type":"Point","coordinates":[19.471049,51.734475]},"properties":{"name":"Rzgowska-Lecznicza","lines":"72A, 72B, N3A, N3B","arr":["72A","72B","N3A","N3B"],"terminus":0,"mode":"bus","color":"#0059a9","colorDark":"#00294f","angle":238.6,"snapDist":10,"label":0}},{"type":"Feature","geometry":{"type":"Point","coordinates":[19.474543,51.730948]},"properties":{"name":"Rzgowska-Paderewskiego","lines":"72A, 72B","arr":["72A","72B"],"terminus":0,"mode":"bus","color":"#0059a9","colorDark":"#00294f","angle":238.3,"snapDist":6,"label":0}},{"type":"Feature","geometry":{"type":"Point","coordinates":[19.539581,51.730319]},"properties":{"name":"Olechowska-Olechowska 22 NŻ","lines":"72A","arr":["72A"],"terminus":0,"mode":"bus","color":"#0059a9","colorDark":"#00294f","angle":136.2,"snapDist":3,"label":0}},{"type":"Feature","geometry":{"type":"Point","coordinates":[19.54356,51.732699]},"properties":{"name":"Olechowska-Olechowska 36 NŻ","lines":"72A","arr":["72A"],"terminus":0,"mode":"bus","color":"#0059a9","colorDark":"#00294f","angle":136.1,"snapDist":3,"label":0}},{"type":"Feature","geometry":{"type":"Point","coordinates":[19.547614,51.735113]},"properties":{"name":"Olechowska-Olechowska 56 NŻ","lines":"72A","arr":["72A"],"terminus":0,"mode":"bus","color":"#0059a9","colorDark":"#00294f","angle":136.4,"snapDist":4,"label":0}},{"type":"Feature","geometry":{"type":"Point","coordinates":[19.552679,51.738066]},"properties":{"name":"Olechowska-Przewozowa NŻ","lines":"72A","arr":["72A"],"terminus":0,"mode":"bus","color":"#0059a9","colorDark":"#00294f","angle":136.4,"snapDist":4,"label":0}},{"type":"Feature","geometry":{"type":"Point","coordinates":[19.558993,51.74168]},"properties":{"name":"Olechowska-Zakładowa NŻ","lines":"72A, 82A, 82B","arr":["72A","82A","82B"],"terminus":0,"mode":"bus","color":"#0059a9","colorDark":"#00294f","angle":115.6,"snapDist":5,"label":0}},{"type":"Feature","geometry":{"type":"Point","coordinates":[19.562506,51.741578]},"properties":{"name":"Zakładowa-Odnowiciela","lines":"72A, 80A, 80B, 96, N1A, N1B","arr":["72A","80A","80B","96","N1A","N1B"],"terminus":0,"mode":"bus","color":"#0059a9","colorDark":"#00294f","angle":195.6,"snapDist":7,"label":0}},{"type":"Feature","geometry":{"type":"Point","coordinates":[19.569222,51.740816]},"properties":{"name":"Hetmańska-Zakładowa","lines":"72A, 80A, 80B, 96, N1A, N1B","arr":["72A","80A","80B","96","N1A","N1B"],"terminus":0,"mode":"bus","color":"#0059a9","colorDark":"#00294f","angle":103.3,"snapDist":3,"label":1}},{"type":"Feature","geometry":{"type":"Point","coordinates":[19.570334,51.743432]},"properties":{"name":"Hetmańska-Dąbrówki NŻ","lines":"72A, 80A, 80B, 96, N1A, N1B","arr":["72A","80A","80B","96","N1A","N1B"],"terminus":0,"mode":"bus","color":"#0059a9","colorDark":"#00294f","angle":106.1,"snapDist":5,"label":1}},{"type":"Feature","geometry":{"type":"Point","coordinates":[19.572206,51.747424]},"properties":{"name":"Hetmańska-Zagłoby NŻ","lines":"72A, 80A, 80B, 96, N1A, N1B","arr":["72A","80A","80B","96","N1A","N1B"],"terminus":0,"mode":"bus","color":"#0059a9","colorDark":"#00294f","angle":106.4,"snapDist":10,"label":0}},{"type":"Feature","geometry":{"type":"Point","coordinates":[19.583219,51.752198]},"properties":{"name":"Rokicińska-Transmisyjna","lines":"72B, 90, 91A, 91B, 91C, 201, 202, N5B","arr":["72B","90","91A","91B","91C","201","202","N5B"],"terminus":0,"mode":"bus","color":"#0059a9","colorDark":"#00294f","angle":196.7,"snapDist":0,"label":0}},{"type":"Feature","geometry":{"type":"Point","coordinates":[19.589477,51.750145]},"properties":{"name":"Józefiaka-Rokicińska NŻ","lines":"72B, N5B","arr":["72B","N5B"],"terminus":0,"mode":"bus","color":"#0059a9","colorDark":"#00294f","angle":280,"snapDist":3,"label":1}},{"type":"Feature","geometry":{"type":"Point","coordinates":[19.58421,51.737221]},"properties":{"name":"Józefiaka-Zakładowa NŻ","lines":"72B, 82A, 82B","arr":["72B","82A","82B"],"terminus":0,"mode":"bus","color":"#0059a9","colorDark":"#00294f","angle":285.2,"snapDist":8,"label":1}},{"type":"Feature","geometry":{"type":"Point","coordinates":[19.575924,51.733819]},"properties":{"name":"Olechów","lines":"72B","arr":["72B"],"terminus":0,"mode":"bus","color":"#0059a9","colorDark":"#00294f","angle":240.2,"snapDist":4,"label":1}},{"type":"Feature","geometry":{"type":"Point","coordinates":[19.568586,51.733447]},"properties":{"name":"Ofiar Terroryzmu 11 Września-Dell NŻ","lines":"72B, 82A, 82B","arr":["72B","82A","82B"],"terminus":0,"mode":"bus","color":"#0059a9","colorDark":"#00294f","angle":347.1,"snapDist":5,"label":1}},{"type":"Feature","geometry":{"type":"Point","coordinates":[19.5607,51.732114]},"properties":{"name":"Ofiar Terroryzmu 11 Września-Transmisyjn","lines":"72B","arr":["72B"],"terminus":0,"mode":"bus","color":"#0059a9","colorDark":"#00294f","angle":334,"snapDist":9,"label":1}},{"type":"Feature","geometry":{"type":"Point","coordinates":[19.551819,51.729516]},"properties":{"name":"Ofiar Terroryzmu 11 Września-Informatycz","lines":"72B","arr":["72B"],"terminus":0,"mode":"bus","color":"#0059a9","colorDark":"#00294f","angle":334.9,"snapDist":8,"label":1}},{"type":"Feature","geometry":{"type":"Point","coordinates":[19.53871,51.725548]},"properties":{"name":"Ofiar Terroryzmu 11 Września-Tomaszowska","lines":"72B","arr":["72B"],"terminus":0,"mode":"bus","color":"#0059a9","colorDark":"#00294f","angle":155.3,"snapDist":8,"label":1}},{"type":"Feature","geometry":{"type":"Point","coordinates":[19.553396,51.729855]},"properties":{"name":"Ofiar Terroryzmu 11 Września-Informatycz","lines":"72B","arr":["72B"],"terminus":0,"mode":"bus","color":"#0059a9","colorDark":"#00294f","angle":155,"snapDist":10,"label":0}},{"type":"Feature","geometry":{"type":"Point","coordinates":[19.562984,51.73262]},"properties":{"name":"Ofiar Terroryzmu 11 Września-Transmisyjn","lines":"72B, 82A, 82B","arr":["72B","82A","82B"],"terminus":0,"mode":"bus","color":"#0059a9","colorDark":"#00294f","angle":165.2,"snapDist":7,"label":0}},{"type":"Feature","geometry":{"type":"Point","coordinates":[19.569111,51.733433]},"properties":{"name":"Ofiar Terroryzmu 11 Września-Dell NŻ","lines":"72B, 82A, 82B","arr":["72B","82A","82B"],"terminus":0,"mode":"bus","color":"#0059a9","colorDark":"#00294f","angle":167.3,"snapDist":6,"label":0}},{"type":"Feature","geometry":{"type":"Point","coordinates":[19.58488,51.738338]},"properties":{"name":"Józefiaka-Zakładowa NŻ","lines":"72B, N5B","arr":["72B","N5B"],"terminus":0,"mode":"bus","color":"#0059a9","colorDark":"#00294f","angle":105.2,"snapDist":8,"label":0}},{"type":"Feature","geometry":{"type":"Point","coordinates":[19.58908,51.751383]},"properties":{"name":"Rokicińska-Józefiaka","lines":"72B, 90, 91A, 91B, 91C, 201, 202, N5B","arr":["72B","90","91A","91B","91C","201","202","N5B"],"terminus":0,"mode":"bus","color":"#0059a9","colorDark":"#00294f","angle":15.1,"snapDist":5,"label":1}},{"type":"Feature","geometry":{"type":"Point","coordinates":[19.42321,51.772849]},"properties":{"name":"Srebrzyńska-Koziny","lines":"73","arr":["73"],"terminus":1,"mode":"bus","color":"#0059a9","colorDark":"#00294f","angle":166.7,"snapDist":16,"label":1}},{"type":"Feature","geometry":{"type":"Point","coordinates":[19.42811,51.773685]},"properties":{"name":"Srebrzyńska-Kasprzaka","lines":"73, 87A, 87B, 100","arr":["73","87A","87B","100"],"terminus":0,"mode":"bus","color":"#0059a9","colorDark":"#00294f","angle":160.9,"snapDist":4,"label":1}},{"type":"Feature","geometry":{"type":"Point","coordinates":[19.437171,51.776008]},"properties":{"name":"Ogrodowa-cm. Ogrodowa","lines":"73, 87A, 87B, 100","arr":["73","87A","87B","100"],"terminus":0,"mode":"bus","color":"#0059a9","colorDark":"#00294f","angle":155.2,"snapDist":5,"label":1}},{"type":"Feature","geometry":{"type":"Point","coordinates":[19.443061,51.78112]},"properties":{"name":"Drewnowska-Piwna","lines":"73","arr":["73"],"terminus":0,"mode":"bus","color":"#0059a9","colorDark":"#00294f","angle":163.6,"snapDist":5,"label":1}},{"type":"Feature","geometry":{"type":"Point","coordinates":[19.443339,51.797326]},"properties":{"name":"Pojezierska-Zgierska","lines":"73, 81A, 81B, 99, N5A, N5B","arr":["73","81A","81B","99","N5A","N5B"],"terminus":0,"mode":"bus","color":"#0059a9","colorDark":"#00294f","angle":341.1,"snapDist":4,"label":1}},{"type":"Feature","geometry":{"type":"Point","coordinates":[19.437818,51.797762]},"properties":{"name":"Pojezierska-Sierakowskiego","lines":"73, 81A, 81B, 99, N5A, N5B","arr":["73","81A","81B","99","N5A","N5B"],"terminus":0,"mode":"bus","color":"#0059a9","colorDark":"#00294f","angle":8.6,"snapDist":1,"label":1}},{"type":"Feature","geometry":{"type":"Point","coordinates":[19.431532,51.798423]},"properties":{"name":"Pojezierska-Grunwaldzka","lines":"73, 81A, 81B, 99, N5A, N5B","arr":["73","81A","81B","99","N5A","N5B"],"terminus":0,"mode":"bus","color":"#0059a9","colorDark":"#00294f","angle":10.4,"snapDist":3,"label":1}},{"type":"Feature","geometry":{"type":"Point","coordinates":[19.42636,51.79899]},"properties":{"name":"Pojezierska-Włókniarzy","lines":"73, 81A, 81B, 99, N5A, N5B","arr":["73","81A","81B","99","N5A","N5B"],"terminus":0,"mode":"bus","color":"#0059a9","colorDark":"#00294f","angle":10.1,"snapDist":8,"label":1}},{"type":"Feature","geometry":{"type":"Point","coordinates":[19.426003,51.80527]},"properties":{"name":"Włókniarzy-św. Teresy NŻ","lines":"73, 89, N5A, N5B","arr":["73","89","N5A","N5B"],"terminus":0,"mode":"bus","color":"#0059a9","colorDark":"#00294f","angle":89.6,"snapDist":7,"label":1}},{"type":"Feature","geometry":{"type":"Point","coordinates":[19.425617,51.809664]},"properties":{"name":"Włókniarzy-Liściasta NŻ","lines":"73, 89, 99, N5A, N5B","arr":["73","89","99","N5A","N5B"],"terminus":0,"mode":"bus","color":"#0059a9","colorDark":"#00294f","angle":93.5,"snapDist":6,"label":1}},{"type":"Feature","geometry":{"type":"Point","coordinates":[19.422493,51.81567]},"properties":{"name":"11 Listopada-Jantarowa","lines":"73, 89, 99, N5A, N5B","arr":["73","89","99","N5A","N5B"],"terminus":0,"mode":"bus","color":"#0059a9","colorDark":"#00294f","angle":50,"snapDist":5,"label":1}},{"type":"Feature","geometry":{"type":"Point","coordinates":[19.419024,51.817643]},"properties":{"name":"Radogoszcz Zachód","lines":"73, 89, N5A, N5B","arr":["73","89","N5A","N5B"],"terminus":1,"mode":"bus","color":"#0059a9","colorDark":"#00294f","angle":230,"snapDist":6,"label":1}},{"type":"Feature","geometry":{"type":"Point","coordinates":[19.422896,51.815375]},"properties":{"name":"11 Listopada-Jantarowa","lines":"73, 89, 99, N5A, N5B","arr":["73","89","99","N5A","N5B"],"terminus":0,"mode":"bus","color":"#0059a9","colorDark":"#00294f","angle":229.7,"snapDist":8,"label":0}},{"type":"Feature","geometry":{"type":"Point","coordinates":[19.425224,51.810185]},"properties":{"name":"Włókniarzy-Liściasta NŻ","lines":"73, 89, 99, N5A, N5B","arr":["73","89","99","N5A","N5B"],"terminus":0,"mode":"bus","color":"#0059a9","colorDark":"#00294f","angle":267.2,"snapDist":11,"label":0}},{"type":"Feature","geometry":{"type":"Point","coordinates":[19.425593,51.803835]},"properties":{"name":"Włókniarzy-św. Teresy NŻ","lines":"73, N5A, N5B","arr":["73","N5A","N5B"],"terminus":0,"mode":"bus","color":"#0059a9","colorDark":"#00294f","angle":278.6,"snapDist":11,"label":0}},{"type":"Feature","geometry":{"type":"Point","coordinates":[19.424076,51.798601]},"properties":{"name":"Włókniarzy-Pojezierska","lines":"73, 81A, 81B, N5A, N5B","arr":["73","81A","81B","N5A","N5B"],"terminus":0,"mode":"bus","color":"#0059a9","colorDark":"#00294f","angle":279.8,"snapDist":6,"label":1}},{"type":"Feature","geometry":{"type":"Point","coordinates":[19.425976,51.79116]},"properties":{"name":"Limanowskiego-Mokra","lines":"73, 81A, 81B, 85A, 99, N1A, N1B, N5A, N5B","arr":["73","81A","81B","85A","99","N1A","N1B","N5A","N5B"],"terminus":0,"mode":"bus","color":"#0059a9","colorDark":"#00294f","angle":198.2,"snapDist":3,"label":1}},{"type":"Feature","geometry":{"type":"Point","coordinates":[19.432074,51.794944]},"properties":{"name":"Hipoteczna-Olsztyńska","lines":"73, 81A, 81B, 85A, 99, N5A, N5B","arr":["73","81A","81B","85A","99","N5A","N5B"],"terminus":0,"mode":"bus","color":"#0059a9","colorDark":"#00294f","angle":100.6,"snapDist":3,"label":1}},{"type":"Feature","geometry":{"type":"Point","coordinates":[19.432733,51.797143]},"properties":{"name":"Hipoteczna-Pojezierska","lines":"73, 81A, 81B, 85A, 99, N5A, N5B","arr":["73","81A","81B","85A","99","N5A","N5B"],"terminus":0,"mode":"bus","color":"#0059a9","colorDark":"#00294f","angle":100.5,"snapDist":2,"label":1}},{"type":"Feature","geometry":{"type":"Point","coordinates":[19.436692,51.797869]},"properties":{"name":"Pojezierska-Sierakowskiego","lines":"73, 81A, 81B, 85A, 99, N5A, N5B","arr":["73","81A","81B","85A","99","N5A","N5B"],"terminus":0,"mode":"bus","color":"#0059a9","colorDark":"#00294f","angle":188.8,"snapDist":6,"label":0}},{"type":"Feature","geometry":{"type":"Point","coordinates":[19.443581,51.781268]},"properties":{"name":"Drewnowska-Piwna","lines":"73, 87A, 87B","arr":["73","87A","87B"],"terminus":0,"mode":"bus","color":"#0059a9","colorDark":"#00294f","angle":335.6,"snapDist":5,"label":0}},{"type":"Feature","geometry":{"type":"Point","coordinates":[19.436183,51.775704]},"properties":{"name":"Ogrodowa-cm. Ogrodowa","lines":"73, 87A, 87B, 100","arr":["73","87A","87B","100"],"terminus":0,"mode":"bus","color":"#0059a9","colorDark":"#00294f","angle":333.2,"snapDist":2,"label":0}},{"type":"Feature","geometry":{"type":"Point","coordinates":[19.429694,51.774058]},"properties":{"name":"Srebrzyńska-Kasprzaka NŻ","lines":"73, 87A, 87B, 100","arr":["73","87A","87B","100"],"terminus":0,"mode":"bus","color":"#0059a9","colorDark":"#00294f","angle":339.5,"snapDist":3,"label":1}},{"type":"Feature","geometry":{"type":"Point","coordinates":[19.413324,51.700969]},"properties":{"name":"Chocianowice IKEA","lines":"75A, 75B, N4A, N4B","arr":["75A","75B","N4A","N4B"],"terminus":1,"mode":"bus","color":"#0059a9","colorDark":"#00294f","angle":135.6,"snapDist":15,"label":1}},{"type":"Feature","geometry":{"type":"Point","coordinates":[19.423404,51.706658]},"properties":{"name":"Pabianicka-Chocianowicka","lines":"75A, 75B, N4A, N4B","arr":["75A","75B","N4A","N4B"],"terminus":0,"mode":"bus","color":"#0059a9","colorDark":"#00294f","angle":134.2,"snapDist":9,"label":0}},{"type":"Feature","geometry":{"type":"Point","coordinates":[19.437792,51.703095]},"properties":{"name":"Przestrzenna-Rudzka","lines":"75A, 75B","arr":["75A","75B"],"terminus":0,"mode":"bus","color":"#0059a9","colorDark":"#00294f","angle":155.1,"snapDist":3,"label":1}},{"type":"Feature","geometry":{"type":"Point","coordinates":[19.442931,51.703156]},"properties":{"name":"Przestrzenna-Sławna NŻ","lines":"75A, 75B","arr":["75A","75B"],"terminus":0,"mode":"bus","color":"#0059a9","colorDark":"#00294f","angle":181.1,"snapDist":3,"label":1}},{"type":"Feature","geometry":{"type":"Point","coordinates":[19.448948,51.703275]},"properties":{"name":"Przestrzenna-Karowa NŻ","lines":"75A, 75B","arr":["75A","75B"],"terminus":0,"mode":"bus","color":"#0059a9","colorDark":"#00294f","angle":164.3,"snapDist":3,"label":1}},{"type":"Feature","geometry":{"type":"Point","coordinates":[19.448276,51.707527]},"properties":{"name":"Pańska-Ekonomiczna NŻ","lines":"75A","arr":["75A"],"terminus":0,"mode":"bus","color":"#0059a9","colorDark":"#00294f","angle":78,"snapDist":2,"label":1}},{"type":"Feature","geometry":{"type":"Point","coordinates":[19.450423,51.708122]},"properties":{"name":"Ekonomiczna-Kwaterunkowa NŻ","lines":"75A","arr":["75A"],"terminus":0,"mode":"bus","color":"#0059a9","colorDark":"#00294f","angle":168.5,"snapDist":2,"label":1}},{"type":"Feature","geometry":{"type":"Point","coordinates":[19.455571,51.708768]},"properties":{"name":"Ekonomiczna-Graniczna NŻ","lines":"75A","arr":["75A"],"terminus":0,"mode":"bus","color":"#0059a9","colorDark":"#00294f","angle":168.7,"snapDist":3,"label":1}},{"type":"Feature","geometry":{"type":"Point","coordinates":[19.458263,51.707135]},"properties":{"name":"Graniczna-Przestrzenna NŻ","lines":"75A","arr":["75A"],"terminus":0,"mode":"bus","color":"#0059a9","colorDark":"#00294f","angle":248.6,"snapDist":5,"label":1}},{"type":"Feature","geometry":{"type":"Point","coordinates":[19.46199,51.70327]},"properties":{"name":"Siostrzana-Graniczna NŻ","lines":"75A, 75B","arr":["75A","75B"],"terminus":0,"mode":"bus","color":"#0059a9","colorDark":"#00294f","angle":148.5,"snapDist":8,"label":1}},{"type":"Feature","geometry":{"type":"Point","coordinates":[19.467202,51.705929]},"properties":{"name":"Bartoszewskiego-Siostrzana","lines":"75A, 75B","arr":["75A","75B"],"terminus":0,"mode":"bus","color":"#0059a9","colorDark":"#00294f","angle":58.6,"snapDist":9,"label":1}},{"type":"Feature","geometry":{"type":"Point","coordinates":[19.466448,51.714924]},"properties":{"name":"Trybunalska-Kwietniowa NŻ","lines":"75A, 75B, N3B","arr":["75A","75B","N3B"],"terminus":0,"mode":"bus","color":"#0059a9","colorDark":"#00294f","angle":105.7,"snapDist":6,"label":1}},{"type":"Feature","geometry":{"type":"Point","coordinates":[19.467964,51.718267]},"properties":{"name":"Trybunalska-Kosynierów Gdyńskich","lines":"75A, 75B, N3B","arr":["75A","75B","N3B"],"terminus":0,"mode":"bus","color":"#0059a9","colorDark":"#00294f","angle":105.7,"snapDist":7,"label":1}},{"type":"Feature","geometry":{"type":"Point","coordinates":[19.472683,51.716651]},"properties":{"name":"Kosynierów Gdyńskich-Łazowskiego","lines":"75A, 75B","arr":["75A","75B"],"terminus":0,"mode":"bus","color":"#0059a9","colorDark":"#00294f","angle":213.1,"snapDist":5,"label":1}},{"type":"Feature","geometry":{"type":"Point","coordinates":[19.475486,51.715533]},"properties":{"name":"Kosynierów Gdyńskich-Wczesna NŻ","lines":"75A, 75B","arr":["75A","75B"],"terminus":0,"mode":"bus","color":"#0059a9","colorDark":"#00294f","angle":213,"snapDist":8,"label":1}},{"type":"Feature","geometry":{"type":"Point","coordinates":[19.481877,51.71361]},"properties":{"name":"Kosynierów Gdyńskich-Królewska","lines":"75A, 75B","arr":["75A","75B"],"terminus":0,"mode":"bus","color":"#0059a9","colorDark":"#00294f","angle":204.7,"snapDist":6,"label":1}},{"type":"Feature","geometry":{"type":"Point","coordinates":[19.480328,51.727856]},"properties":{"name":"Kilińskiego-Dw. Łódź Chojny","lines":"75A, 75B","arr":["75A","75B"],"terminus":0,"mode":"bus","color":"#0059a9","colorDark":"#00294f","angle":256.7,"snapDist":8,"label":1}},{"type":"Feature","geometry":{"type":"Point","coordinates":[19.491371,51.728087]},"properties":{"name":"Śląska-Niższa NŻ","lines":"75A, 75B","arr":["75A","75B"],"terminus":0,"mode":"bus","color":"#0059a9","colorDark":"#00294f","angle":182.3,"snapDist":2,"label":1}},{"type":"Feature","geometry":{"type":"Point","coordinates":[19.498157,51.728228]},"properties":{"name":"Konspiracyjnego WP-Śląska","lines":"75A, 75B","arr":["75A","75B"],"terminus":0,"mode":"bus","color":"#0059a9","colorDark":"#00294f","angle":78.4,"snapDist":1,"label":1}},{"type":"Feature","geometry":{"type":"Point","coordinates":[19.497086,51.731617]},"properties":{"name":"Konspiracyjnego WP-Felińskiego","lines":"75A, 75B","arr":["75A","75B"],"terminus":0,"mode":"bus","color":"#0059a9","colorDark":"#00294f","angle":78.7,"snapDist":2,"label":1}},{"type":"Feature","geometry":{"type":"Point","coordinates":[19.52845,51.762242]},"properties":{"name":"Rokicińska-Maszynowa","lines":"75A, 75B, 80A, 80B, N1A, N1B","arr":["75A","75B","80A","80B","N1A","N1B"],"terminus":0,"mode":"bus","color":"#0059a9","colorDark":"#00294f","angle":196.4,"snapDist":5,"label":1}},{"type":"Feature","geometry":{"type":"Point","coordinates":[19.538641,51.76018]},"properties":{"name":"Rokicińska-Rondo Inwalidów","lines":"75A, 75B, 82A, 82B, 201, 202, N5A, N5B, W","arr":["75A","75B","82A","82B","201","202","N5A","N5B","W"],"terminus":0,"mode":"bus","color":"#0059a9","colorDark":"#00294f","angle":186.4,"snapDist":7,"label":1}},{"type":"Feature","geometry":{"type":"Point","coordinates":[19.543816,51.759575]},"properties":{"name":"Rokicińska-Gogola","lines":"75A, 75B, 82A, 82B, 201, 202, N5A, N5B, W","arr":["75A","75B","82A","82B","201","202","N5A","N5B","W"],"terminus":0,"mode":"bus","color":"#0059a9","colorDark":"#00294f","angle":196.5,"snapDist":6,"label":1}},{"type":"Feature","geometry":{"type":"Point","coordinates":[19.549498,51.758322]},"properties":{"name":"Rokicińska-Lermontowa","lines":"75A, 75B, 82A, 82B, 201, 202, N5A, N5B, W","arr":["75A","75B","82A","82B","201","202","N5A","N5B","W"],"terminus":0,"mode":"bus","color":"#0059a9","colorDark":"#00294f","angle":204.3,"snapDist":6,"label":1}},{"type":"Feature","geometry":{"type":"Point","coordinates":[19.55398,51.758451]},"properties":{"name":"Augustów-Rokicińska NŻ","lines":"75A, 75B, W","arr":["75A","75B","W"],"terminus":0,"mode":"bus","color":"#0059a9","colorDark":"#00294f","angle":106.6,"snapDist":4,"label":1}},{"type":"Feature","geometry":{"type":"Point","coordinates":[19.551289,51.76074]},"properties":{"name":"Służbowa-Jurczyńskiego NŻ","lines":"75A, 75B, W","arr":["75A","75B","W"],"terminus":0,"mode":"bus","color":"#0059a9","colorDark":"#00294f","angle":9.3,"snapDist":4,"label":1}},{"type":"Feature","geometry":{"type":"Point","coordinates":[19.541614,51.762444]},"properties":{"name":"Dw. Łódź Widzew","lines":"75A, 75B","arr":["75A","75B"],"terminus":1,"mode":"bus","color":"#0059a9","colorDark":"#00294f","angle":306.5,"snapDist":12,"label":1}},{"type":"Feature","geometry":{"type":"Point","coordinates":[19.543339,51.762031]},"properties":{"name":"Służbowa-Dw. Łódź Widzew","lines":"75A, 75B, W","arr":["75A","75B","W"],"terminus":0,"mode":"bus","color":"#0059a9","colorDark":"#00294f","angle":196.4,"snapDist":9,"label":0}},{"type":"Feature","geometry":{"type":"Point","coordinates":[19.55149,51.76072]},"properties":{"name":"Służbowa-Jurczyńskiego NŻ","lines":"75A, 75B, W","arr":["75A","75B","W"],"terminus":0,"mode":"bus","color":"#0059a9","colorDark":"#00294f","angle":189.2,"snapDist":4,"label":0}},{"type":"Feature","geometry":{"type":"Point","coordinates":[19.554428,51.759224]},"properties":{"name":"Augustów-Rokicińska NŻ","lines":"75A, 75B, W","arr":["75A","75B","W"],"terminus":0,"mode":"bus","color":"#0059a9","colorDark":"#00294f","angle":287.8,"snapDist":9,"label":0}},{"type":"Feature","geometry":{"type":"Point","coordinates":[19.549975,51.758625]},"properties":{"name":"Rokicińska-Lermontowa","lines":"75A, 75B, 82A, 82B, 201, 202, N5A, N5B, W","arr":["75A","75B","82A","82B","201","202","N5A","N5B","W"],"terminus":0,"mode":"bus","color":"#0059a9","colorDark":"#00294f","angle":9.8,"snapDist":6,"label":0}},{"type":"Feature","geometry":{"type":"Point","coordinates":[19.544185,51.759508]},"properties":{"name":"Rokicińska-Gogola","lines":"75A, 75B, 82A, 82B, 201, 202, N5A, N5B, W","arr":["75A","75B","82A","82B","201","202","N5A","N5B","W"],"terminus":0,"mode":"bus","color":"#0059a9","colorDark":"#00294f","angle":16.4,"snapDist":4,"label":0}},{"type":"Feature","geometry":{"type":"Point","coordinates":[19.540043,51.760416]},"properties":{"name":"Rokicińska-Rondo Inwalidów","lines":"75A, 75B, 82A, 82B, 201, 202, N5A, N5B","arr":["75A","75B","82A","82B","201","202","N5A","N5B"],"terminus":0,"mode":"bus","color":"#0059a9","colorDark":"#00294f","angle":24.5,"snapDist":3,"label":0}},{"type":"Feature","geometry":{"type":"Point","coordinates":[19.528649,51.762442]},"properties":{"name":"Rokicińska-Maszynowa","lines":"75A, 75B, 80A, 80B, N1A, N1B","arr":["75A","75B","80A","80B","N1A","N1B"],"terminus":0,"mode":"bus","color":"#0059a9","colorDark":"#00294f","angle":16.4,"snapDist":13,"label":0}},{"type":"Feature","geometry":{"type":"Point","coordinates":[19.493616,51.746949]},"properties":{"name":"Tatrzańska-Brzechwy NŻ","lines":"75A, 75B","arr":["75A","75B"],"terminus":0,"mode":"bus","color":"#0059a9","colorDark":"#00294f","angle":259.2,"snapDist":0,"label":0}},{"type":"Feature","geometry":{"type":"Point","coordinates":[19.498191,51.728125]},"properties":{"name":"Konspiracyjnego WP-Śląska","lines":"75A, 75B","arr":["75A","75B"],"terminus":0,"mode":"bus","color":"#0059a9","colorDark":"#00294f","angle":258.4,"snapDist":3,"label":0}},{"type":"Feature","geometry":{"type":"Point","coordinates":[19.490839,51.728101]},"properties":{"name":"Śląska-Niższa","lines":"75A, 75B","arr":["75A","75B"],"terminus":0,"mode":"bus","color":"#0059a9","colorDark":"#00294f","angle":2.3,"snapDist":2,"label":1}},{"type":"Feature","geometry":{"type":"Point","coordinates":[19.47972,51.727231]},"properties":{"name":"Śląska-Dw. Łódź Chojny","lines":"75A, 75B, N3A, N3B","arr":["75A","75B","N3A","N3B"],"terminus":0,"mode":"bus","color":"#0059a9","colorDark":"#00294f","angle":348.2,"snapDist":7,"label":1}},{"type":"Feature","geometry":{"type":"Point","coordinates":[19.481318,51.713771]},"properties":{"name":"Kosynierów Gdyńskich-Królewska","lines":"75A, 75B","arr":["75A","75B"],"terminus":0,"mode":"bus","color":"#0059a9","colorDark":"#00294f","angle":24.9,"snapDist":4,"label":0}},{"type":"Feature","geometry":{"type":"Point","coordinates":[19.476134,51.715274]},"properties":{"name":"Kosynierów Gdyńskich-Wczesna NŻ","lines":"75A, 75B","arr":["75A","75B"],"terminus":0,"mode":"bus","color":"#0059a9","colorDark":"#00294f","angle":31.9,"snapDist":2,"label":0}},{"type":"Feature","geometry":{"type":"Point","coordinates":[19.47196,51.716942]},"properties":{"name":"Kosynierów Gdyńskich-Łazowskiego","lines":"75A, 75B, N3B","arr":["75A","75B","N3B"],"terminus":0,"mode":"bus","color":"#0059a9","colorDark":"#00294f","angle":33.2,"snapDist":4,"label":0}},{"type":"Feature","geometry":{"type":"Point","coordinates":[19.468911,51.718172]},"properties":{"name":"Kosynierów Gdyńskich-Trybunalska","lines":"75A, 75B, N3B","arr":["75A","75B","N3B"],"terminus":0,"mode":"bus","color":"#0059a9","colorDark":"#00294f","angle":33,"snapDist":2,"label":1}},{"type":"Feature","geometry":{"type":"Point","coordinates":[19.46622,51.714125]},"properties":{"name":"Trybunalska-Kwietniowa NŻ","lines":"75A, 75B, N3B","arr":["75A","75B","N3B"],"terminus":0,"mode":"bus","color":"#0059a9","colorDark":"#00294f","angle":274.4,"snapDist":7,"label":0}},{"type":"Feature","geometry":{"type":"Point","coordinates":[19.462468,51.711203]},"properties":{"name":"Bartoszewskiego-Demokratyczna","lines":"75A, 75B","arr":["75A","75B"],"terminus":0,"mode":"bus","color":"#0059a9","colorDark":"#00294f","angle":256.6,"snapDist":11,"label":1}},{"type":"Feature","geometry":{"type":"Point","coordinates":[19.466709,51.705103]},"properties":{"name":"Siostrzana-Bartoszewskiego","lines":"75A, 75B, H","arr":["75A","75B","H"],"terminus":0,"mode":"bus","color":"#0059a9","colorDark":"#00294f","angle":320.3,"snapDist":5,"label":1}},{"type":"Feature","geometry":{"type":"Point","coordinates":[19.462244,51.703366]},"properties":{"name":"Siostrzana-Graniczna NŻ","lines":"75A, 75B, H","arr":["75A","75B","H"],"terminus":0,"mode":"bus","color":"#0059a9","colorDark":"#00294f","angle":328.5,"snapDist":3,"label":0}},{"type":"Feature","geometry":{"type":"Point","coordinates":[19.458787,51.706322]},"properties":{"name":"Graniczna-Przestrzenna NŻ","lines":"75A","arr":["75A"],"terminus":0,"mode":"bus","color":"#0059a9","colorDark":"#00294f","angle":68.4,"snapDist":5,"label":0}},{"type":"Feature","geometry":{"type":"Point","coordinates":[19.454851,51.708677]},"properties":{"name":"Ekonomiczna-Graniczna NŻ","lines":"75A","arr":["75A"],"terminus":0,"mode":"bus","color":"#0059a9","colorDark":"#00294f","angle":347.5,"snapDist":0,"label":0}},{"type":"Feature","geometry":{"type":"Point","coordinates":[19.451412,51.708244]},"properties":{"name":"Ekonomiczna-Kwaterunkowa NŻ","lines":"75A","arr":["75A"],"terminus":0,"mode":"bus","color":"#0059a9","colorDark":"#00294f","angle":348.5,"snapDist":1,"label":0}},{"type":"Feature","geometry":{"type":"Point","coordinates":[19.447856,51.707802]},"properties":{"name":"Ekonomiczna-Pańska NŻ","lines":"75A","arr":["75A"],"terminus":0,"mode":"bus","color":"#0059a9","colorDark":"#00294f","angle":348.4,"snapDist":2,"label":1}},{"type":"Feature","geometry":{"type":"Point","coordinates":[19.44387,51.703145]},"properties":{"name":"Przestrzenna-Sławna NŻ","lines":"75A, 75B","arr":["75A","75B"],"terminus":0,"mode":"bus","color":"#0059a9","colorDark":"#00294f","angle":0.9,"snapDist":2,"label":0}},{"type":"Feature","geometry":{"type":"Point","coordinates":[19.456896,51.704798]},"properties":{"name":"Przestrzenna-Tabelowa NŻ","lines":"75B","arr":["75B"],"terminus":0,"mode":"bus","color":"#0059a9","colorDark":"#00294f","angle":162.1,"snapDist":3,"label":1}},{"type":"Feature","geometry":{"type":"Point","coordinates":[19.45617,51.704659]},"properties":{"name":"Przestrzenna-Tabelowa NŻ","lines":"75B","arr":["75B"],"terminus":0,"mode":"bus","color":"#0059a9","colorDark":"#00294f","angle":343.3,"snapDist":5,"label":0}},{"type":"Feature","geometry":{"type":"Point","coordinates":[19.450255,51.703507]},"properties":{"name":"Przestrzenna-Karowa NŻ","lines":"75B","arr":["75B"],"terminus":0,"mode":"bus","color":"#0059a9","colorDark":"#00294f","angle":344.4,"snapDist":4,"label":0}},{"type":"Feature","geometry":{"type":"Point","coordinates":[19.383211,51.747732]},"properties":{"name":"Retkinia Kusocińskiego","lines":"76","arr":["76"],"terminus":1,"mode":"bus","color":"#0059a9","colorDark":"#00294f","angle":301.9,"snapDist":11,"label":0}},{"type":"Feature","geometry":{"type":"Point","coordinates":[19.387792,51.73716]},"properties":{"name":"Maratońska (wew.)-Popiełuszki","lines":"76, N7A, N7B","arr":["76","N7A","N7B"],"terminus":0,"mode":"bus","color":"#0059a9","colorDark":"#00294f","angle":188.6,"snapDist":6,"label":0}},{"type":"Feature","geometry":{"type":"Point","coordinates":[19.397062,51.73908]},"properties":{"name":"Maratońska (wew.)-Plocka","lines":"76","arr":["76"],"terminus":0,"mode":"bus","color":"#0059a9","colorDark":"#00294f","angle":154.7,"snapDist":6,"label":1}},{"type":"Feature","geometry":{"type":"Point","coordinates":[19.401328,51.742173]},"properties":{"name":"Armii Krajowej-Batalionów Chłopskich","lines":"76","arr":["76"],"terminus":0,"mode":"bus","color":"#0059a9","colorDark":"#00294f","angle":65.1,"snapDist":7,"label":1}},{"type":"Feature","geometry":{"type":"Point","coordinates":[19.399419,51.746502]},"properties":{"name":"Wyszyńskiego-Armii Krajowej","lines":"76, 99, N2","arr":["76","99","N2"],"terminus":0,"mode":"bus","color":"#0059a9","colorDark":"#00294f","angle":155.9,"snapDist":5,"label":1}},{"type":"Feature","geometry":{"type":"Point","coordinates":[19.405637,51.748058]},"properties":{"name":"Wyszyńskiego-Retkińska","lines":"76, 99, N2","arr":["76","99","N2"],"terminus":0,"mode":"bus","color":"#0059a9","colorDark":"#00294f","angle":176.5,"snapDist":3,"label":1}},{"type":"Feature","geometry":{"type":"Point","coordinates":[19.411078,51.752909]},"properties":{"name":"Retkińska-Kusocińskiego","lines":"76, 80A, 80B, 99","arr":["76","80A","80B","99"],"terminus":0,"mode":"bus","color":"#0059a9","colorDark":"#00294f","angle":114.4,"snapDist":8,"label":1}},{"type":"Feature","geometry":{"type":"Point","coordinates":[19.391814,51.783753]},"properties":{"name":"Traktorowa-Rąbieńska","lines":"76, 83, N3A, N3B","arr":["76","83","N3A","N3B"],"terminus":0,"mode":"bus","color":"#0059a9","colorDark":"#00294f","angle":96.9,"snapDist":3,"label":1}},{"type":"Feature","geometry":{"type":"Point","coordinates":[19.392459,51.78713]},"properties":{"name":"Traktorowa-Nektarowa NŻ","lines":"76, 83, N3A, N3B","arr":["76","83","N3A","N3B"],"terminus":0,"mode":"bus","color":"#0059a9","colorDark":"#00294f","angle":96.8,"snapDist":9,"label":1}},{"type":"Feature","geometry":{"type":"Point","coordinates":[19.39184,51.792567]},"properties":{"name":"Rojna-Traktorowa","lines":"76, 78, 83, 96, N1A, N1B, N3A, N3B","arr":["76","78","83","96","N1A","N1B","N3A","N3B"],"terminus":0,"mode":"bus","color":"#0059a9","colorDark":"#00294f","angle":4.4,"snapDist":0,"label":1}},{"type":"Feature","geometry":{"type":"Point","coordinates":[19.385805,51.793585]},"properties":{"name":"Rojna-Kaczeńcowa","lines":"76, 78, 83, 96, N1A, N1B, N3A, N3B","arr":["76","78","83","96","N1A","N1B","N3A","N3B"],"terminus":0,"mode":"bus","color":"#0059a9","colorDark":"#00294f","angle":17.9,"snapDist":12,"label":1}},{"type":"Feature","geometry":{"type":"Point","coordinates":[19.385511,51.795994]},"properties":{"name":"Kaczeńcowa-Lniana","lines":"76","arr":["76"],"terminus":0,"mode":"bus","color":"#0059a9","colorDark":"#00294f","angle":108.2,"snapDist":1,"label":1}},{"type":"Feature","geometry":{"type":"Point","coordinates":[19.382159,51.816976]},"properties":{"name":"cm. Szczecińska","lines":"76","arr":["76"],"terminus":1,"mode":"bus","color":"#0059a9","colorDark":"#00294f","angle":189,"snapDist":21,"label":1}},{"type":"Feature","geometry":{"type":"Point","coordinates":[19.386487,51.798023]},"properties":{"name":"Kaczeńcowa-Aleksandrowska","lines":"76","arr":["76"],"terminus":0,"mode":"bus","color":"#0059a9","colorDark":"#00294f","angle":280.6,"snapDist":10,"label":0}},{"type":"Feature","geometry":{"type":"Point","coordinates":[19.385472,51.795919]},"properties":{"name":"Kaczeńcowa-Lniana","lines":"76","arr":["76"],"terminus":0,"mode":"bus","color":"#0059a9","colorDark":"#00294f","angle":288.3,"snapDist":7,"label":0}},{"type":"Feature","geometry":{"type":"Point","coordinates":[19.385692,51.793608]},"properties":{"name":"Rojna-Kaczeńcowa","lines":"76, 78, 83, 96, N1A, N1B, N3A, N3B","arr":["76","78","83","96","N1A","N1B","N3A","N3B"],"terminus":0,"mode":"bus","color":"#0059a9","colorDark":"#00294f","angle":198.3,"snapDist":11,"label":0}},{"type":"Feature","geometry":{"type":"Point","coordinates":[19.393343,51.791844]},"properties":{"name":"Traktorowa-Rojna","lines":"76, 83, N3A, N3B","arr":["76","83","N3A","N3B"],"terminus":0,"mode":"bus","color":"#0059a9","colorDark":"#00294f","angle":273.4,"snapDist":12,"label":0}},{"type":"Feature","geometry":{"type":"Point","coordinates":[19.39235,51.786551]},"properties":{"name":"Traktorowa-Nektarowa NŻ","lines":"76, 83, N3A, N3B","arr":["76","83","N3A","N3B"],"terminus":0,"mode":"bus","color":"#0059a9","colorDark":"#00294f","angle":276.5,"snapDist":8,"label":0}},{"type":"Feature","geometry":{"type":"Point","coordinates":[19.391684,51.783084]},"properties":{"name":"Traktorowa-Rąbieńska","lines":"76, 83, N3A, N3B","arr":["76","83","N3A","N3B"],"terminus":0,"mode":"bus","color":"#0059a9","colorDark":"#00294f","angle":276.1,"snapDist":6,"label":0}},{"type":"Feature","geometry":{"type":"Point","coordinates":[19.414314,51.757348]},"properties":{"name":"Retkińska-Krzemieniecka","lines":"76, 80A, 80B, 99","arr":["76","80A","80B","99"],"terminus":0,"mode":"bus","color":"#0059a9","colorDark":"#00294f","angle":293.5,"snapDist":3,"label":1}},{"type":"Feature","geometry":{"type":"Point","coordinates":[19.412466,51.754796]},"properties":{"name":"Retkińska-Wileńska","lines":"76, 80A, 80B, 99","arr":["76","80A","80B","99"],"terminus":0,"mode":"bus","color":"#0059a9","colorDark":"#00294f","angle":294.9,"snapDist":9,"label":1}},{"type":"Feature","geometry":{"type":"Point","coordinates":[19.410232,51.751753]},"properties":{"name":"Retkińska-Kusocińskiego","lines":"76, 80A, 80B, 99","arr":["76","80A","80B","99"],"terminus":0,"mode":"bus","color":"#0059a9","colorDark":"#00294f","angle":294.2,"snapDist":10,"label":0}},{"type":"Feature","geometry":{"type":"Point","coordinates":[19.404966,51.748032]},"properties":{"name":"Wyszyńskiego-Retkińska","lines":"76, 99, N2","arr":["76","99","N2"],"terminus":0,"mode":"bus","color":"#0059a9","colorDark":"#00294f","angle":355.8,"snapDist":5,"label":0}},{"type":"Feature","geometry":{"type":"Point","coordinates":[19.398857,51.746347]},"properties":{"name":"Wyszyńskiego-Armii Krajowej","lines":"76, 99, N2","arr":["76","99","N2"],"terminus":0,"mode":"bus","color":"#0059a9","colorDark":"#00294f","angle":335.2,"snapDist":3,"label":0}},{"type":"Feature","geometry":{"type":"Point","coordinates":[19.40104,51.742554]},"properties":{"name":"Armii Krajowej-Batalionów Chłopskich","lines":"76","arr":["76"],"terminus":0,"mode":"bus","color":"#0059a9","colorDark":"#00294f","angle":245.2,"snapDist":9,"label":0}},{"type":"Feature","geometry":{"type":"Point","coordinates":[19.397285,51.739145]},"properties":{"name":"Maratońska (wew.)-Plocka","lines":"76","arr":["76"],"terminus":0,"mode":"bus","color":"#0059a9","colorDark":"#00294f","angle":334.6,"snapDist":6,"label":0}},{"type":"Feature","geometry":{"type":"Point","coordinates":[19.430382,51.727341]},"properties":{"name":"Zenitowa-św. Franciszka","lines":"77","arr":["77"],"terminus":0,"mode":"bus","color":"#0059a9","colorDark":"#00294f","angle":93.4,"snapDist":2,"label":1}},{"type":"Feature","geometry":{"type":"Point","coordinates":[19.433533,51.731612]},"properties":{"name":"Nowe Sady-Pustynna","lines":"77","arr":["77"],"terminus":0,"mode":"bus","color":"#0059a9","colorDark":"#00294f","angle":93.2,"snapDist":3,"label":1}},{"type":"Feature","geometry":{"type":"Point","coordinates":[19.442678,51.75126]},"properties":{"name":"Radwańska-Inżynierska NŻ","lines":"77","arr":["77"],"terminus":0,"mode":"bus","color":"#0059a9","colorDark":"#00294f","angle":171.8,"snapDist":6,"label":1}},{"type":"Feature","geometry":{"type":"Point","coordinates":[19.447892,51.751732]},"properties":{"name":"Radwańska-Politechniki (kampus PŁ)","lines":"77","arr":["77"],"terminus":0,"mode":"bus","color":"#0059a9","colorDark":"#00294f","angle":171.2,"snapDist":8,"label":1}},{"type":"Feature","geometry":{"type":"Point","coordinates":[19.468817,51.757285]},"properties":{"name":"Wigury-Kilińskiego NŻ","lines":"77","arr":["77"],"terminus":0,"mode":"bus","color":"#0059a9","colorDark":"#00294f","angle":162.7,"snapDist":10,"label":1}},{"type":"Feature","geometry":{"type":"Point","coordinates":[19.474109,51.756222]},"properties":{"name":"Fabryczna-Targowa NŻ","lines":"77","arr":["77"],"terminus":0,"mode":"bus","color":"#0059a9","colorDark":"#00294f","angle":162.9,"snapDist":10,"label":1}},{"type":"Feature","geometry":{"type":"Point","coordinates":[19.481324,51.757595]},"properties":{"name":"Fabryczna-Przędzalniana NŻ","lines":"77","arr":["77"],"terminus":0,"mode":"bus","color":"#0059a9","colorDark":"#00294f","angle":163.4,"snapDist":6,"label":1}},{"type":"Feature","geometry":{"type":"Point","coordinates":[19.481055,51.762015]},"properties":{"name":"Przędzalniana-Piłsudskiego","lines":"77, 101, N8","arr":["77","101","N8"],"terminus":0,"mode":"bus","color":"#0059a9","colorDark":"#00294f","angle":82.5,"snapDist":4,"label":1}},{"type":"Feature","geometry":{"type":"Point","coordinates":[19.480382,51.764978]},"properties":{"name":"Przędzalniana-Nawrot","lines":"77, 80A, 80B, 83, 101, N8","arr":["77","80A","80B","83","101","N8"],"terminus":0,"mode":"bus","color":"#0059a9","colorDark":"#00294f","angle":81.9,"snapDist":1,"label":1}},{"type":"Feature","geometry":{"type":"Point","coordinates":[19.477164,51.767251]},"properties":{"name":"Tuwima-Wysoka","lines":"77, 80A, 80B, 83, 101, N8","arr":["77","80A","80B","83","101","N8"],"terminus":0,"mode":"bus","color":"#0059a9","colorDark":"#00294f","angle":352.9,"snapDist":2,"label":1}},{"type":"Feature","geometry":{"type":"Point","coordinates":[19.472009,51.766819]},"properties":{"name":"Tuwima-Targowa (Planetarium)","lines":"77, 80A, 80B, 83, 101","arr":["77","80A","80B","83","101"],"terminus":0,"mode":"bus","color":"#0059a9","colorDark":"#00294f","angle":352.2,"snapDist":5,"label":1}},{"type":"Feature","geometry":{"type":"Point","coordinates":[19.46668,51.766355]},"properties":{"name":"Tuwima-Kilińskiego (EC1 Centr. Nauki)","lines":"77, 80A, 80B, 83","arr":["77","80A","80B","83"],"terminus":0,"mode":"bus","color":"#0059a9","colorDark":"#00294f","angle":352.2,"snapDist":5,"label":1}},{"type":"Feature","geometry":{"type":"Point","coordinates":[19.47992,51.766996]},"properties":{"name":"Przędzalniana-Tuwima","lines":"77, N8","arr":["77","N8"],"terminus":0,"mode":"bus","color":"#0059a9","colorDark":"#00294f","angle":261.9,"snapDist":5,"label":1}},{"type":"Feature","geometry":{"type":"Point","coordinates":[19.480646,51.763832]},"properties":{"name":"Przędzalniana-Nawrot","lines":"77, N8","arr":["77","N8"],"terminus":0,"mode":"bus","color":"#0059a9","colorDark":"#00294f","angle":261.7,"snapDist":9,"label":0}},{"type":"Feature","geometry":{"type":"Point","coordinates":[19.481055,51.762016]},"properties":{"name":"Przędzalniana-Piłsudskiego","lines":"77, N8","arr":["77","N8"],"terminus":0,"mode":"bus","color":"#0059a9","colorDark":"#00294f","angle":262.5,"snapDist":5,"label":0}},{"type":"Feature","geometry":{"type":"Point","coordinates":[19.481099,51.757553]},"properties":{"name":"Fabryczna-Przędzalniana NŻ","lines":"77, 101","arr":["77","101"],"terminus":0,"mode":"bus","color":"#0059a9","colorDark":"#00294f","angle":342.6,"snapDist":7,"label":0}},{"type":"Feature","geometry":{"type":"Point","coordinates":[19.471784,51.755773]},"properties":{"name":"Fabryczna-Kilińskiego NŻ","lines":"77","arr":["77"],"terminus":0,"mode":"bus","color":"#0059a9","colorDark":"#00294f","angle":342.5,"snapDist":1,"label":1}},{"type":"Feature","geometry":{"type":"Point","coordinates":[19.465464,51.754212]},"properties":{"name":"Abramowskiego-Sienkiewicza","lines":"77","arr":["77"],"terminus":0,"mode":"bus","color":"#0059a9","colorDark":"#00294f","angle":342.9,"snapDist":3,"label":1}},{"type":"Feature","geometry":{"type":"Point","coordinates":[19.443888,51.750365]},"properties":{"name":"Rembielińskiego-Inżynierska NŻ","lines":"77","arr":["77"],"terminus":0,"mode":"bus","color":"#0059a9","colorDark":"#00294f","angle":351.6,"snapDist":4,"label":1}},{"type":"Feature","geometry":{"type":"Point","coordinates":[19.441681,51.747942]},"properties":{"name":"Proletariacka-Sowia NŻ","lines":"77","arr":["77"],"terminus":0,"mode":"bus","color":"#0059a9","colorDark":"#00294f","angle":262.1,"snapDist":10,"label":1}},{"type":"Feature","geometry":{"type":"Point","coordinates":[19.442351,51.74491]},"properties":{"name":"Proletariacka-Wróblewskiego NŻ","lines":"77","arr":["77"],"terminus":0,"mode":"bus","color":"#0059a9","colorDark":"#00294f","angle":262.4,"snapDist":8,"label":1}},{"type":"Feature","geometry":{"type":"Point","coordinates":[19.43237,51.73115]},"properties":{"name":"Pustynna-Nowe Sady","lines":"77","arr":["77"],"terminus":0,"mode":"bus","color":"#0059a9","colorDark":"#00294f","angle":1.8,"snapDist":1,"label":1}},{"type":"Feature","geometry":{"type":"Point","coordinates":[19.437897,51.722693]},"properties":{"name":"Prądzyńskiego-Pokładowa NŻ","lines":"77","arr":["77"],"terminus":0,"mode":"bus","color":"#0059a9","colorDark":"#00294f","angle":2.6,"snapDist":4,"label":1}},{"type":"Feature","geometry":{"type":"Point","coordinates":[19.407137,51.794206]},"properties":{"name":"Woronicza-Dw. Łódź Żabieniec","lines":"78, 81A, 81B, 89","arr":["78","81A","81B","89"],"terminus":1,"mode":"bus","color":"#0059a9","colorDark":"#00294f","angle":59.7,"snapDist":7,"label":1}},{"type":"Feature","geometry":{"type":"Point","coordinates":[19.40744,51.795054]},"properties":{"name":"Limanowskiego-Dw. Łódź Żabieniec","lines":"78, 81A, 81B, 89, 96, N1A, N1B","arr":["78","81A","81B","89","96","N1A","N1B"],"terminus":0,"mode":"bus","color":"#0059a9","colorDark":"#00294f","angle":18.8,"snapDist":4,"label":1}},{"type":"Feature","geometry":{"type":"Point","coordinates":[19.401419,51.796247]},"properties":{"name":"Aleksandrowska-Bielicowa","lines":"78, 81A, 81B, 89, 96, N1A, N1B","arr":["78","81A","81B","89","96","N1A","N1B"],"terminus":0,"mode":"bus","color":"#0059a9","colorDark":"#00294f","angle":16.9,"snapDist":5,"label":1}},{"type":"Feature","geometry":{"type":"Point","coordinates":[19.394188,51.79712]},"properties":{"name":"Traktorowa-Aleksandrowska","lines":"78, 81B, 96, N1A, N1B","arr":["78","81B","96","N1A","N1B"],"terminus":0,"mode":"bus","color":"#0059a9","colorDark":"#00294f","angle":271.9,"snapDist":0,"label":1}},{"type":"Feature","geometry":{"type":"Point","coordinates":[19.393866,51.794427]},"properties":{"name":"Traktorowa-Łanowa","lines":"78, 81B, 96, N1A, N1B","arr":["78","81B","96","N1A","N1B"],"terminus":0,"mode":"bus","color":"#0059a9","colorDark":"#00294f","angle":281.1,"snapDist":7,"label":1}},{"type":"Feature","geometry":{"type":"Point","coordinates":[19.379966,51.793739]},"properties":{"name":"Rojna-Wiernej Rzeki","lines":"78, 83, 96, N1A, N1B, N3A, N3B","arr":["78","83","96","N1A","N1B","N3A","N3B"],"terminus":0,"mode":"bus","color":"#0059a9","colorDark":"#00294f","angle":2.2,"snapDist":7,"label":1}},{"type":"Feature","geometry":{"type":"Point","coordinates":[19.375063,51.794607]},"properties":{"name":"Rojna-Rydzowa","lines":"78, 83, 96, N1A, N1B, N3A, N3B","arr":["78","83","96","N1A","N1B","N3A","N3B"],"terminus":0,"mode":"bus","color":"#0059a9","colorDark":"#00294f","angle":18.2,"snapDist":4,"label":1}},{"type":"Feature","geometry":{"type":"Point","coordinates":[19.375446,51.801434]},"properties":{"name":"Aleksandrowska-Szparagowa","lines":"78, 84A, 84B, N1A","arr":["78","84A","84B","N1A"],"terminus":0,"mode":"bus","color":"#0059a9","colorDark":"#00294f","angle":18,"snapDist":5,"label":0}},{"type":"Feature","geometry":{"type":"Point","coordinates":[19.368825,51.802761]},"properties":{"name":"Aleksandrowska-Szczecińska","lines":"78, 84A, 84B, N1A","arr":["78","84A","84B","N1A"],"terminus":0,"mode":"bus","color":"#0059a9","colorDark":"#00294f","angle":17.8,"snapDist":6,"label":1}},{"type":"Feature","geometry":{"type":"Point","coordinates":[19.356626,51.805045]},"properties":{"name":"Aleksandrowska-Chochoła","lines":"78, 84A, 84B, N1A","arr":["78","84A","84B","N1A"],"terminus":0,"mode":"bus","color":"#0059a9","colorDark":"#00294f","angle":17.9,"snapDist":5,"label":1}},{"type":"Feature","geometry":{"type":"Point","coordinates":[19.347931,51.809022]},"properties":{"name":"Aleksandrowska-Spadkowa NŻ","lines":"78, 84A, 84B, N1A","arr":["78","84A","84B","N1A"],"terminus":0,"mode":"bus","color":"#0059a9","colorDark":"#00294f","angle":40.7,"snapDist":4,"label":1}},{"type":"Feature","geometry":{"type":"Point","coordinates":[19.339303,51.812028]},"properties":{"name":"Aleksandrowska-Romanowska NŻ","lines":"78, 84B, N1A","arr":["78","84B","N1A"],"terminus":0,"mode":"bus","color":"#0059a9","colorDark":"#00294f","angle":18.6,"snapDist":4,"label":1}},{"type":"Feature","geometry":{"type":"Point","coordinates":[19.329126,51.814148]},"properties":{"name":"Szatonia","lines":"78, 84B, N1A","arr":["78","84B","N1A"],"terminus":0,"mode":"bus","color":"#0059a9","colorDark":"#00294f","angle":18.6,"snapDist":7,"label":1}},{"type":"Feature","geometry":{"type":"Point","coordinates":[19.319587,51.816129]},"properties":{"name":"Wojska Polskiego-Bratoszewskiego (Aleks.","lines":"78, N1A","arr":["78","N1A"],"terminus":0,"mode":"bus","color":"#0059a9","colorDark":"#00294f","angle":18.6,"snapDist":5,"label":1}},{"type":"Feature","geometry":{"type":"Point","coordinates":[19.312304,51.817643]},"properties":{"name":"Wojska Polskiego-Krótka (Aleksandrów)","lines":"78, N1A","arr":["78","N1A"],"terminus":0,"mode":"bus","color":"#0059a9","colorDark":"#00294f","angle":18.5,"snapDist":8,"label":1}},{"type":"Feature","geometry":{"type":"Point","coordinates":[19.307443,51.818649]},"properties":{"name":"Wojska Polskiego-Południowa (Aleksandrów","lines":"78, N1A","arr":["78","N1A"],"terminus":0,"mode":"bus","color":"#0059a9","colorDark":"#00294f","angle":18.2,"snapDist":6,"label":1}},{"type":"Feature","geometry":{"type":"Point","coordinates":[19.304931,51.821432]},"properties":{"name":"Warszawska (Aleksandrów)","lines":"78, N1A","arr":["78","N1A"],"terminus":0,"mode":"bus","color":"#0059a9","colorDark":"#00294f","angle":109.9,"snapDist":7,"label":1}},{"type":"Feature","geometry":{"type":"Point","coordinates":[19.308033,51.82701]},"properties":{"name":"Targowy Rynek (Aleksandrów)","lines":"78, 97A, N1A","arr":["78","97A","N1A"],"terminus":1,"mode":"bus","color":"#0059a9","colorDark":"#00294f","angle":287.2,"snapDist":56,"label":1}},{"type":"Feature","geometry":{"type":"Point","coordinates":[19.305329,51.822148]},"properties":{"name":"Warszawska 16 (Aleksandrów)","lines":"78, N1A","arr":["78","N1A"],"terminus":0,"mode":"bus","color":"#0059a9","colorDark":"#00294f","angle":289,"snapDist":11,"label":1}},{"type":"Feature","geometry":{"type":"Point","coordinates":[19.307791,51.818579]},"properties":{"name":"Wojska Polskiego-Południowa (Aleksandrów","lines":"78, 97A, N1A","arr":["78","97A","N1A"],"terminus":0,"mode":"bus","color":"#0059a9","colorDark":"#00294f","angle":198.2,"snapDist":5,"label":0}},{"type":"Feature","geometry":{"type":"Point","coordinates":[19.317576,51.816547]},"properties":{"name":"Wojska Polskiego-Bratoszewskiego (Aleks.","lines":"78, 97A, N1A","arr":["78","97A","N1A"],"terminus":0,"mode":"bus","color":"#0059a9","colorDark":"#00294f","angle":198.3,"snapDist":10,"label":0}},{"type":"Feature","geometry":{"type":"Point","coordinates":[19.330414,51.813878]},"properties":{"name":"Szatonia","lines":"78, 84B, N1A","arr":["78","84B","N1A"],"terminus":0,"mode":"bus","color":"#0059a9","colorDark":"#00294f","angle":198.6,"snapDist":12,"label":0}},{"type":"Feature","geometry":{"type":"Point","coordinates":[19.341135,51.811646]},"properties":{"name":"Aleksandrowska-Romanowska NŻ","lines":"78, 84A, 84B, N1A","arr":["78","84A","84B","N1A"],"terminus":0,"mode":"bus","color":"#0059a9","colorDark":"#00294f","angle":198.5,"snapDist":5,"label":0}},{"type":"Feature","geometry":{"type":"Point","coordinates":[19.34728,51.809368]},"properties":{"name":"Aleksandrowska-Spadkowa NŻ","lines":"78, 84A, 84B, N1A","arr":["78","84A","84B","N1A"],"terminus":0,"mode":"bus","color":"#0059a9","colorDark":"#00294f","angle":220.6,"snapDist":8,"label":0}},{"type":"Feature","geometry":{"type":"Point","coordinates":[19.358406,51.804691]},"properties":{"name":"Aleksandrowska-Chochoła","lines":"78, 84A, 84B, N1A","arr":["78","84A","84B","N1A"],"terminus":0,"mode":"bus","color":"#0059a9","colorDark":"#00294f","angle":197.6,"snapDist":6,"label":0}},{"type":"Feature","geometry":{"type":"Point","coordinates":[19.369526,51.802489]},"properties":{"name":"Aleksandrowska-Szczecińska","lines":"78, 84A, 84B, N1A","arr":["78","84A","84B","N1A"],"terminus":0,"mode":"bus","color":"#0059a9","colorDark":"#00294f","angle":198,"snapDist":6,"label":0}},{"type":"Feature","geometry":{"type":"Point","coordinates":[19.375262,51.794568]},"properties":{"name":"Rojna-Rydzowa","lines":"78, 83, 96, N1A, N1B, N3A, N3B","arr":["78","83","96","N1A","N1B","N3A","N3B"],"terminus":0,"mode":"bus","color":"#0059a9","colorDark":"#00294f","angle":198.3,"snapDist":9,"label":0}},{"type":"Feature","geometry":{"type":"Point","coordinates":[19.37977,51.793686]},"properties":{"name":"Rojna-Wiernej Rzeki","lines":"78, 83, 96, N1A, N1B, N3A, N3B","arr":["78","83","96","N1A","N1B","N3A","N3B"],"terminus":0,"mode":"bus","color":"#0059a9","colorDark":"#00294f","angle":186.5,"snapDist":6,"label":0}},{"type":"Feature","geometry":{"type":"Point","coordinates":[19.393573,51.793055]},"properties":{"name":"Traktorowa-Rojna","lines":"78, 81B, 96, N1A, N1B","arr":["78","81B","96","N1A","N1B"],"terminus":1,"mode":"bus","color":"#0059a9","colorDark":"#00294f","angle":92.8,"snapDist":11,"label":1}},{"type":"Feature","geometry":{"type":"Point","coordinates":[19.394028,51.795363]},"properties":{"name":"Traktorowa-Łanowa","lines":"78, 81B, 96, N1A, N1B","arr":["78","81B","96","N1A","N1B"],"terminus":0,"mode":"bus","color":"#0059a9","colorDark":"#00294f","angle":94.5,"snapDist":4,"label":0}},{"type":"Feature","geometry":{"type":"Point","coordinates":[19.395599,51.797275]},"properties":{"name":"Aleksandrowska-Traktorowa","lines":"78, 81A, 81B, 89, 96, N1A, N1B","arr":["78","81A","81B","89","96","N1A","N1B"],"terminus":0,"mode":"bus","color":"#0059a9","colorDark":"#00294f","angle":197.9,"snapDist":6,"label":1}},{"type":"Feature","geometry":{"type":"Point","coordinates":[19.403547,51.795693]},"properties":{"name":"Aleksandrowska-Bielicowa","lines":"78, 81A, 81B, 89, 96, N1A, N1B","arr":["78","81A","81B","89","96","N1A","N1B"],"terminus":0,"mode":"bus","color":"#0059a9","colorDark":"#00294f","angle":197.4,"snapDist":4,"label":0}},{"type":"Feature","geometry":{"type":"Point","coordinates":[19.40879,51.76186]},"properties":{"name":"Krzemieniecka-Konstantynowska","lines":"80A, 100","arr":["80A","100"],"terminus":0,"mode":"bus","color":"#0059a9","colorDark":"#00294f","angle":46,"snapDist":0,"label":1}},{"type":"Feature","geometry":{"type":"Point","coordinates":[19.412883,51.76428]},"properties":{"name":"Konstantynowska-ZOO Orientarium","lines":"80A, 97A, 97B, 100, N9, Z43","arr":["80A","97A","97B","100","N9","Z43"],"terminus":1,"mode":"bus","color":"#0059a9","colorDark":"#00294f","angle":149.8,"snapDist":6,"label":1}},{"type":"Feature","geometry":{"type":"Point","coordinates":[19.422702,51.765341]},"properties":{"name":"Unii Lubelskiej-Aquapark Fala","lines":"80A","arr":["80A"],"terminus":0,"mode":"bus","color":"#0059a9","colorDark":"#00294f","angle":247.1,"snapDist":3,"label":1}},{"type":"Feature","geometry":{"type":"Point","coordinates":[19.428946,51.757749]},"properties":{"name":"Unii Lubelskiej-Sport Arena P&R","lines":"80A","arr":["80A"],"terminus":0,"mode":"bus","color":"#0059a9","colorDark":"#00294f","angle":240.3,"snapDist":2,"label":1}},{"type":"Feature","geometry":{"type":"Point","coordinates":[19.443214,51.761988]},"properties":{"name":"Skłodowskiej Curie-Pogonowskiego NŻ","lines":"80A, 80B","arr":["80A","80B"],"terminus":0,"mode":"bus","color":"#0059a9","colorDark":"#00294f","angle":149.6,"snapDist":6,"label":1}},{"type":"Feature","geometry":{"type":"Point","coordinates":[19.446587,51.763244]},"properties":{"name":"Skłodowskiej Curie-Żeromskiego","lines":"80A, 80B","arr":["80A","80B"],"terminus":0,"mode":"bus","color":"#0059a9","colorDark":"#00294f","angle":149.1,"snapDist":3,"label":1}},{"type":"Feature","geometry":{"type":"Point","coordinates":[19.450808,51.764438]},"properties":{"name":"Struga-Gdańska","lines":"80A, 80B, 83, N2, N4A, N4B","arr":["80A","80B","83","N2","N4A","N4B"],"terminus":0,"mode":"bus","color":"#0059a9","colorDark":"#00294f","angle":151.1,"snapDist":7,"label":1}},{"type":"Feature","geometry":{"type":"Point","coordinates":[19.456359,51.762221]},"properties":{"name":"Zamenhofa-Piotrkowska","lines":"80A, 80B, 83, N3A, N3B","arr":["80A","80B","83","N3A","N3B"],"terminus":0,"mode":"bus","color":"#0059a9","colorDark":"#00294f","angle":172.6,"snapDist":6,"label":1}},{"type":"Feature","geometry":{"type":"Point","coordinates":[19.46144,51.762645]},"properties":{"name":"Nawrot-Sienkiewicza","lines":"80A, 80B, 83, N3A, N3B","arr":["80A","80B","83","N3A","N3B"],"terminus":0,"mode":"bus","color":"#0059a9","colorDark":"#00294f","angle":172.1,"snapDist":5,"label":1}},{"type":"Feature","geometry":{"type":"Point","coordinates":[19.466528,51.763064]},"properties":{"name":"Nawrot-Kilińskiego","lines":"80A, 80B, 83","arr":["80A","80B","83"],"terminus":0,"mode":"bus","color":"#0059a9","colorDark":"#00294f","angle":172.3,"snapDist":6,"label":1}},{"type":"Feature","geometry":{"type":"Point","coordinates":[19.473383,51.763632]},"properties":{"name":"Nawrot-Targowa","lines":"80A, 80B, 83","arr":["80A","80B","83"],"terminus":0,"mode":"bus","color":"#0059a9","colorDark":"#00294f","angle":172.5,"snapDist":4,"label":1}},{"type":"Feature","geometry":{"type":"Point","coordinates":[19.477224,51.763938]},"properties":{"name":"Nawrot-Wysoka","lines":"80A, 80B, 83","arr":["80A","80B","83"],"terminus":0,"mode":"bus","color":"#0059a9","colorDark":"#00294f","angle":172.2,"snapDist":3,"label":1}},{"type":"Feature","geometry":{"type":"Point","coordinates":[19.480143,51.767499]},"properties":{"name":"Tuwima-Przędzalniana","lines":"80A, 80B, 83","arr":["80A","80B","83"],"terminus":0,"mode":"bus","color":"#0059a9","colorDark":"#00294f","angle":172.6,"snapDist":9,"label":1}},{"type":"Feature","geometry":{"type":"Point","coordinates":[19.482441,51.767676]},"properties":{"name":"Tuwima-Rodziny Kindermannów NŻ","lines":"80A, 80B, 83","arr":["80A","80B","83"],"terminus":0,"mode":"bus","color":"#0059a9","colorDark":"#00294f","angle":173,"snapDist":0,"label":1}},{"type":"Feature","geometry":{"type":"Point","coordinates":[19.494245,51.762189]},"properties":{"name":"Piłsudskiego-Sarnia","lines":"80A, 80B, N1A, N1B","arr":["80A","80B","N1A","N1B"],"terminus":0,"mode":"bus","color":"#0059a9","colorDark":"#00294f","angle":172.4,"snapDist":8,"label":0}},{"type":"Feature","geometry":{"type":"Point","coordinates":[19.497984,51.762496]},"properties":{"name":"Piłsudskiego-CH Tulipan","lines":"80A, 80B, N1A, N1B","arr":["80A","80B","N1A","N1B"],"terminus":0,"mode":"bus","color":"#0059a9","colorDark":"#00294f","angle":172.4,"snapDist":3,"label":1}},{"type":"Feature","geometry":{"type":"Point","coordinates":[19.503521,51.762943]},"properties":{"name":"Piłsudskiego-Konstytucyjna (Wi-Ma)","lines":"80A, 80B, N1A, N1B","arr":["80A","80B","N1A","N1B"],"terminus":0,"mode":"bus","color":"#0059a9","colorDark":"#00294f","angle":172.7,"snapDist":5,"label":1}},{"type":"Feature","geometry":{"type":"Point","coordinates":[19.541075,51.751332]},"properties":{"name":"Przybyszewskiego-Czajkowskiego","lines":"80A, 80B, 96, N1A, N1B","arr":["80A","80B","96","N1A","N1B"],"terminus":0,"mode":"bus","color":"#0059a9","colorDark":"#00294f","angle":204.3,"snapDist":8,"label":0}},{"type":"Feature","geometry":{"type":"Point","coordinates":[19.547067,51.749226]},"properties":{"name":"Przybyszewskiego-Augustów NŻ","lines":"80A, 80B, 82A, 82B, 96, N1A, N1B","arr":["80A","80B","82A","82B","96","N1A","N1B"],"terminus":0,"mode":"bus","color":"#0059a9","colorDark":"#00294f","angle":213.2,"snapDist":3,"label":1}},{"type":"Feature","geometry":{"type":"Point","coordinates":[19.552093,51.744157]},"properties":{"name":"Książąt Polskich-Zakładowa","lines":"80A, 80B, 82A, 82B, 96, N1A, N1B","arr":["80A","80B","82A","82B","96","N1A","N1B"],"terminus":0,"mode":"bus","color":"#0059a9","colorDark":"#00294f","angle":303.9,"snapDist":9,"label":1}},{"type":"Feature","geometry":{"type":"Point","coordinates":[19.554261,51.742989]},"properties":{"name":"Zakładowa-Piasta Kołodzieja","lines":"80A, 80B, 82A, 82B, 96, N1A, N1B","arr":["80A","80B","82A","82B","96","N1A","N1B"],"terminus":0,"mode":"bus","color":"#0059a9","colorDark":"#00294f","angle":195.8,"snapDist":8,"label":1}},{"type":"Feature","geometry":{"type":"Point","coordinates":[19.57481,51.751835]},"properties":{"name":"Janów","lines":"80A, 80B, 96","arr":["80A","80B","96"],"terminus":1,"mode":"bus","color":"#0059a9","colorDark":"#00294f","angle":291.8,"snapDist":22,"label":0}},{"type":"Feature","geometry":{"type":"Point","coordinates":[19.552969,51.743213]},"properties":{"name":"Zakładowa-Książąt Polskich","lines":"80A, 80B, 82A, 82B, 96, N1A, N1B","arr":["80A","80B","82A","82B","96","N1A","N1B"],"terminus":0,"mode":"bus","color":"#0059a9","colorDark":"#00294f","angle":16.1,"snapDist":10,"label":1}},{"type":"Feature","geometry":{"type":"Point","coordinates":[19.547589,51.749012]},"properties":{"name":"Przybyszewskiego-Augustów NŻ","lines":"80A, 80B, 82A, 82B, 96, N1A, N1B","arr":["80A","80B","82A","82B","96","N1A","N1B"],"terminus":0,"mode":"bus","color":"#0059a9","colorDark":"#00294f","angle":34.2,"snapDist":4,"label":0}},{"type":"Feature","geometry":{"type":"Point","coordinates":[19.507182,51.763351]},"properties":{"name":"Piłsudskiego-Niciarniana","lines":"80A, 80B, N1A, N1B","arr":["80A","80B","N1A","N1B"],"terminus":0,"mode":"bus","color":"#0059a9","colorDark":"#00294f","angle":352.6,"snapDist":1,"label":0}},{"type":"Feature","geometry":{"type":"Point","coordinates":[19.501972,51.763044]},"properties":{"name":"Piłsudskiego-Konstytucyjna (Wi-Ma)","lines":"80A, 80B, N1A, N1B","arr":["80A","80B","N1A","N1B"],"terminus":0,"mode":"bus","color":"#0059a9","colorDark":"#00294f","angle":352.7,"snapDist":6,"label":0}},{"type":"Feature","geometry":{"type":"Point","coordinates":[19.49634,51.762585]},"properties":{"name":"Piłsudskiego-CH Tulipan","lines":"80A, 80B, N1A, N1B","arr":["80A","80B","N1A","N1B"],"terminus":0,"mode":"bus","color":"#0059a9","colorDark":"#00294f","angle":351.8,"snapDist":10,"label":0}},{"type":"Feature","geometry":{"type":"Point","coordinates":[19.485482,51.767355]},"properties":{"name":"Wydawnicza-Rodziny Grohmanów NŻ","lines":"80A, 80B","arr":["80A","80B"],"terminus":0,"mode":"bus","color":"#0059a9","colorDark":"#00294f","angle":67,"snapDist":4,"label":1}},{"type":"Feature","geometry":{"type":"Point","coordinates":[19.48226,51.767661]},"properties":{"name":"Tuwima-Rodziny Kindermannów NŻ","lines":"80A, 80B, 83","arr":["80A","80B","83"],"terminus":0,"mode":"bus","color":"#0059a9","colorDark":"#00294f","angle":351.9,"snapDist":0,"label":0}},{"type":"Feature","geometry":{"type":"Point","coordinates":[19.461127,51.765869]},"properties":{"name":"Tuwima-Sienkiewicza","lines":"80A, 80B, 83, N3A, N3B, N8","arr":["80A","80B","83","N3A","N3B","N8"],"terminus":0,"mode":"bus","color":"#0059a9","colorDark":"#00294f","angle":352.6,"snapDist":3,"label":1}},{"type":"Feature","geometry":{"type":"Point","coordinates":[19.456448,51.765486]},"properties":{"name":"Struga-Piotrkowska","lines":"80A, 80B, 83, N3A, N3B, N8","arr":["80A","80B","83","N3A","N3B","N8"],"terminus":0,"mode":"bus","color":"#0059a9","colorDark":"#00294f","angle":351.9,"snapDist":4,"label":1}},{"type":"Feature","geometry":{"type":"Point","coordinates":[19.453408,51.765221]},"properties":{"name":"Struga-Kościuszki","lines":"80A, 80B, 83","arr":["80A","80B","83"],"terminus":0,"mode":"bus","color":"#0059a9","colorDark":"#00294f","angle":352.7,"snapDist":4,"label":1}},{"type":"Feature","geometry":{"type":"Point","coordinates":[19.449498,51.764888]},"properties":{"name":"Struga-Gdańska","lines":"80A, 80B, 83, N2, N4A, N4B, N9","arr":["80A","80B","83","N2","N4A","N4B","N9"],"terminus":0,"mode":"bus","color":"#0059a9","colorDark":"#00294f","angle":351.4,"snapDist":8,"label":0}},{"type":"Feature","geometry":{"type":"Point","coordinates":[19.44654,51.764613]},"properties":{"name":"Struga-Żeromskiego","lines":"80A, 80B, N9","arr":["80A","80B","N9"],"terminus":0,"mode":"bus","color":"#0059a9","colorDark":"#00294f","angle":352.4,"snapDist":5,"label":1}},{"type":"Feature","geometry":{"type":"Point","coordinates":[19.444338,51.764432]},"properties":{"name":"Struga-Pogonowskiego NŻ","lines":"80A, 80B, N9","arr":["80A","80B","N9"],"terminus":0,"mode":"bus","color":"#0059a9","colorDark":"#00294f","angle":352.5,"snapDist":4,"label":1}},{"type":"Feature","geometry":{"type":"Point","coordinates":[19.440907,51.76414]},"properties":{"name":"Struga-Żeligowskiego","lines":"80A, 80B, N9","arr":["80A","80B","N9"],"terminus":0,"mode":"bus","color":"#0059a9","colorDark":"#00294f","angle":352.3,"snapDist":3,"label":1}},{"type":"Feature","geometry":{"type":"Point","coordinates":[19.428887,51.757814]},"properties":{"name":"Unii Lubelskiej-Dw. Łódź Kaliska","lines":"80A","arr":["80A"],"terminus":0,"mode":"bus","color":"#0059a9","colorDark":"#00294f","angle":60.3,"snapDist":6,"label":1}},{"type":"Feature","geometry":{"type":"Point","coordinates":[19.422974,51.764943]},"properties":{"name":"Unii Lubelskiej-Aquapark Fala","lines":"80A","arr":["80A"],"terminus":0,"mode":"bus","color":"#0059a9","colorDark":"#00294f","angle":67.1,"snapDist":5,"label":0}},{"type":"Feature","geometry":{"type":"Point","coordinates":[19.383742,51.747503]},"properties":{"name":"Kusocińskiego-Popiełuszki","lines":"80A, 80B, 99, N2","arr":["80A","80B","99","N2"],"terminus":0,"mode":"bus","color":"#0059a9","colorDark":"#00294f","angle":325.4,"snapDist":5,"label":0}},{"type":"Feature","geometry":{"type":"Point","coordinates":[19.512619,51.791946]},"properties":{"name":"Sikawa Centrum Handlowe","lines":"81A, 81B, Z6","arr":["81A","81B","Z6"],"terminus":1,"mode":"bus","color":"#0059a9","colorDark":"#00294f","angle":267.8,"snapDist":18,"label":1}},{"type":"Feature","geometry":{"type":"Point","coordinates":[19.451321,51.799577]},"properties":{"name":"Julianowska-Żarnowcowa","lines":"81A, 81B","arr":["81A","81B"],"terminus":0,"mode":"bus","color":"#0059a9","colorDark":"#00294f","angle":335.3,"snapDist":10,"label":1}},{"type":"Feature","geometry":{"type":"Point","coordinates":[19.421183,51.799507]},"properties":{"name":"Pojezierska-Elektrociepłownia EC3 NŻ","lines":"81A, 81B","arr":["81A","81B"],"terminus":0,"mode":"bus","color":"#0059a9","colorDark":"#00294f","angle":9.7,"snapDist":7,"label":1}},{"type":"Feature","geometry":{"type":"Point","coordinates":[19.411902,51.800484]},"properties":{"name":"Pojezierska-Brukowa","lines":"81A, 81B","arr":["81A","81B"],"terminus":0,"mode":"bus","color":"#0059a9","colorDark":"#00294f","angle":9.7,"snapDist":7,"label":1}},{"type":"Feature","geometry":{"type":"Point","coordinates":[19.410068,51.79808]},"properties":{"name":"Brukowa-Zbąszyńska NŻ","lines":"81A, 81B, 89","arr":["81A","81B","89"],"terminus":0,"mode":"bus","color":"#0059a9","colorDark":"#00294f","angle":281.6,"snapDist":0,"label":1}},{"type":"Feature","geometry":{"type":"Point","coordinates":[19.394521,51.798999]},"properties":{"name":"Traktorowa-Sierpowa","lines":"81A, 89","arr":["81A","89"],"terminus":0,"mode":"bus","color":"#0059a9","colorDark":"#00294f","angle":95,"snapDist":12,"label":1}},{"type":"Feature","geometry":{"type":"Point","coordinates":[19.395058,51.801969]},"properties":{"name":"Traktorowa-Duńska NŻ","lines":"81A, 89","arr":["81A","89"],"terminus":0,"mode":"bus","color":"#0059a9","colorDark":"#00294f","angle":96.6,"snapDist":9,"label":1}},{"type":"Feature","geometry":{"type":"Point","coordinates":[19.39538,51.803939]},"properties":{"name":"Traktorowa-Ludowa NŻ","lines":"81A, 89","arr":["81A","89"],"terminus":0,"mode":"bus","color":"#0059a9","colorDark":"#00294f","angle":95.5,"snapDist":10,"label":1}},{"type":"Feature","geometry":{"type":"Point","coordinates":[19.396078,51.807624]},"properties":{"name":"Traktorowa-św. Teresy NŻ","lines":"81A, 89","arr":["81A","89"],"terminus":0,"mode":"bus","color":"#0059a9","colorDark":"#00294f","angle":97.1,"snapDist":13,"label":1}},{"type":"Feature","geometry":{"type":"Point","coordinates":[19.3818,51.816917]},"properties":{"name":"cm. Szczecińska","lines":"81A","arr":["81A"],"terminus":1,"mode":"bus","color":"#0059a9","colorDark":"#00294f","angle":155.5,"snapDist":2,"label":0}},{"type":"Feature","geometry":{"type":"Point","coordinates":[19.39502,51.808469]},"properties":{"name":"Św. Teresy-Traktorowa NŻ","lines":"81A, 89","arr":["81A","89"],"terminus":0,"mode":"bus","color":"#0059a9","colorDark":"#00294f","angle":199.7,"snapDist":16,"label":1}},{"type":"Feature","geometry":{"type":"Point","coordinates":[19.395808,51.806231]},"properties":{"name":"Traktorowa-Ludowa NŻ","lines":"81A, 89","arr":["81A","89"],"terminus":0,"mode":"bus","color":"#0059a9","colorDark":"#00294f","angle":276.8,"snapDist":8,"label":1}},{"type":"Feature","geometry":{"type":"Point","coordinates":[19.394907,51.80116]},"properties":{"name":"Traktorowa-Duńska NŻ","lines":"81A, 89","arr":["81A","89"],"terminus":0,"mode":"bus","color":"#0059a9","colorDark":"#00294f","angle":276.4,"snapDist":9,"label":0}},{"type":"Feature","geometry":{"type":"Point","coordinates":[19.409329,51.795884]},"properties":{"name":"Brukowa-Zbąszyńska NŻ","lines":"81A, 81B, 89","arr":["81A","81B","89"],"terminus":0,"mode":"bus","color":"#0059a9","colorDark":"#00294f","angle":101.7,"snapDist":2,"label":1}},{"type":"Feature","geometry":{"type":"Point","coordinates":[19.410766,51.800122]},"properties":{"name":"Brukowa-Pojezierska","lines":"81A, 81B, 89","arr":["81A","81B","89"],"terminus":0,"mode":"bus","color":"#0059a9","colorDark":"#00294f","angle":101.8,"snapDist":7,"label":1}},{"type":"Feature","geometry":{"type":"Point","coordinates":[19.420126,51.799619]},"properties":{"name":"Pojezierska-Elektrociepłownia EC3 NŻ","lines":"81A, 81B","arr":["81A","81B"],"terminus":0,"mode":"bus","color":"#0059a9","colorDark":"#00294f","angle":189.3,"snapDist":11,"label":0}},{"type":"Feature","geometry":{"type":"Point","coordinates":[19.445451,51.797726]},"properties":{"name":"Julianowska-Zgierska","lines":"81A, 81B, 85A","arr":["81A","81B","85A"],"terminus":0,"mode":"bus","color":"#0059a9","colorDark":"#00294f","angle":155.3,"snapDist":8,"label":1}},{"type":"Feature","geometry":{"type":"Point","coordinates":[19.452506,51.79974]},"properties":{"name":"Julianowska-Żarnowcowa","lines":"81A, 81B, 85A","arr":["81A","81B","85A"],"terminus":0,"mode":"bus","color":"#0059a9","colorDark":"#00294f","angle":155.4,"snapDist":12,"label":0}},{"type":"Feature","geometry":{"type":"Point","coordinates":[19.458348,51.800811]},"properties":{"name":"Inflancka-Rondo Powstańców 1863r.","lines":"81A, 81B, 85A, 85B","arr":["81A","81B","85A","85B"],"terminus":0,"mode":"bus","color":"#0059a9","colorDark":"#00294f","angle":183.1,"snapDist":10,"label":0}},{"type":"Feature","geometry":{"type":"Point","coordinates":[19.503738,51.795077]},"properties":{"name":"Śnieżna-Brzezińska NŻ","lines":"81A, 81B, Z6","arr":["81A","81B","Z6"],"terminus":0,"mode":"bus","color":"#0059a9","colorDark":"#00294f","angle":246,"snapDist":7,"label":0}},{"type":"Feature","geometry":{"type":"Point","coordinates":[19.506671,51.791003]},"properties":{"name":"Śnieżna-Stokowska NŻ","lines":"81A, 81B, Z6","arr":["81A","81B","Z6"],"terminus":0,"mode":"bus","color":"#0059a9","colorDark":"#00294f","angle":246,"snapDist":9,"label":0}},{"type":"Feature","geometry":{"type":"Point","coordinates":[19.627307,51.744927]},"properties":{"name":"Sąsieczno","lines":"82A","arr":["82A"],"terminus":1,"mode":"bus","color":"#0059a9","colorDark":"#00294f","angle":139.4,"snapDist":11,"label":1}},{"type":"Feature","geometry":{"type":"Point","coordinates":[19.623176,51.747823]},"properties":{"name":"Gajcego-Rataja NŻ","lines":"82A","arr":["82A"],"terminus":0,"mode":"bus","color":"#0059a9","colorDark":"#00294f","angle":313.7,"snapDist":4,"label":1}},{"type":"Feature","geometry":{"type":"Point","coordinates":[19.620057,51.745769]},"properties":{"name":"Gajcego-Szelburg-Zarembiny NŻ","lines":"82A","arr":["82A"],"terminus":0,"mode":"bus","color":"#0059a9","colorDark":"#00294f","angle":312.7,"snapDist":3,"label":1}},{"type":"Feature","geometry":{"type":"Point","coordinates":[19.615103,51.742506]},"properties":{"name":"Gajcego-Dw. Łódź Andrzejów NŻ","lines":"82A","arr":["82A"],"terminus":0,"mode":"bus","color":"#0059a9","colorDark":"#00294f","angle":312,"snapDist":4,"label":1}},{"type":"Feature","geometry":{"type":"Point","coordinates":[19.610104,51.739249]},"properties":{"name":"Gajcego-szkoła","lines":"82A, 82B, N5B","arr":["82A","82B","N5B"],"terminus":0,"mode":"bus","color":"#0059a9","colorDark":"#00294f","angle":313.3,"snapDist":5,"label":1}},{"type":"Feature","geometry":{"type":"Point","coordinates":[19.608465,51.738169]},"properties":{"name":"Gajcego-Zakładowa NŻ","lines":"82A, 82B, N5B","arr":["82A","82B","N5B"],"terminus":0,"mode":"bus","color":"#0059a9","colorDark":"#00294f","angle":312.4,"snapDist":5,"label":1}},{"type":"Feature","geometry":{"type":"Point","coordinates":[19.598911,51.736958]},"properties":{"name":"Zakładowa-Dyspozytorska NŻ","lines":"82A, 82B, N5B","arr":["82A","82B","N5B"],"terminus":0,"mode":"bus","color":"#0059a9","colorDark":"#00294f","angle":359.6,"snapDist":6,"label":1}},{"type":"Feature","geometry":{"type":"Point","coordinates":[19.591688,51.736933]},"properties":{"name":"Zakładowa-Tranzytowa NŻ","lines":"82A, 82B, N5B","arr":["82A","82B","N5B"],"terminus":0,"mode":"bus","color":"#0059a9","colorDark":"#00294f","angle":1.8,"snapDist":5,"label":1}},{"type":"Feature","geometry":{"type":"Point","coordinates":[19.587276,51.737307]},"properties":{"name":"Zakładowa-Dorabialskiej NŻ","lines":"82A, 82B, N5B","arr":["82A","82B","N5B"],"terminus":0,"mode":"bus","color":"#0059a9","colorDark":"#00294f","angle":14.7,"snapDist":4,"label":1}},{"type":"Feature","geometry":{"type":"Point","coordinates":[19.561231,51.73273]},"properties":{"name":"Transmisyjna-Ofiar Terroryzmu 11 Wrześni","lines":"82A, 82B","arr":["82A","82B"],"terminus":0,"mode":"bus","color":"#0059a9","colorDark":"#00294f","angle":56,"snapDist":4,"label":1}},{"type":"Feature","geometry":{"type":"Point","coordinates":[19.547631,51.750472]},"properties":{"name":"Augustów-Bacewicz NŻ","lines":"82A, 82B","arr":["82A","82B"],"terminus":0,"mode":"bus","color":"#0059a9","colorDark":"#00294f","angle":122.9,"snapDist":2,"label":1}},{"type":"Feature","geometry":{"type":"Point","coordinates":[19.550924,51.753391]},"properties":{"name":"Augustów-Wujaka NŻ","lines":"82A, 82B","arr":["82A","82B"],"terminus":0,"mode":"bus","color":"#0059a9","colorDark":"#00294f","angle":124.6,"snapDist":2,"label":1}},{"type":"Feature","geometry":{"type":"Point","coordinates":[19.553268,51.756695]},"properties":{"name":"Augustów-Rokicińska NŻ","lines":"82A, 82B","arr":["82A","82B"],"terminus":0,"mode":"bus","color":"#0059a9","colorDark":"#00294f","angle":104.7,"snapDist":2,"label":0}},{"type":"Feature","geometry":{"type":"Point","coordinates":[19.542764,51.762135]},"properties":{"name":"Dw. Łódź Widzew","lines":"82A, 82B","arr":["82A","82B"],"terminus":1,"mode":"bus","color":"#0059a9","colorDark":"#00294f","angle":16.3,"snapDist":50,"label":0}},{"type":"Feature","geometry":{"type":"Point","coordinates":[19.553301,51.756773]},"properties":{"name":"Augustów-Rokicińska NŻ","lines":"82A, 82B","arr":["82A","82B"],"terminus":0,"mode":"bus","color":"#0059a9","colorDark":"#00294f","angle":284.6,"snapDist":3,"label":0}},{"type":"Feature","geometry":{"type":"Point","coordinates":[19.55073,51.753217]},"properties":{"name":"Augustów-Wujaka NŻ","lines":"82A, 82B","arr":["82A","82B"],"terminus":0,"mode":"bus","color":"#0059a9","colorDark":"#00294f","angle":304.6,"snapDist":3,"label":0}},{"type":"Feature","geometry":{"type":"Point","coordinates":[19.548997,51.751688]},"properties":{"name":"Augustów-Bacewicz NŻ","lines":"82A, 82B","arr":["82A","82B"],"terminus":0,"mode":"bus","color":"#0059a9","colorDark":"#00294f","angle":304.8,"snapDist":8,"label":0}},{"type":"Feature","geometry":{"type":"Point","coordinates":[19.585144,51.737643]},"properties":{"name":"Zakładowa-Józefiaka NŻ","lines":"82A, 82B, N5B","arr":["82A","82B","N5B"],"terminus":0,"mode":"bus","color":"#0059a9","colorDark":"#00294f","angle":194.3,"snapDist":4,"label":1}},{"type":"Feature","geometry":{"type":"Point","coordinates":[19.587664,51.737241]},"properties":{"name":"Zakładowa-Dorabialskiej NŻ","lines":"82A, 82B, N5B","arr":["82A","82B","N5B"],"terminus":0,"mode":"bus","color":"#0059a9","colorDark":"#00294f","angle":196.2,"snapDist":6,"label":0}},{"type":"Feature","geometry":{"type":"Point","coordinates":[19.590634,51.736971]},"properties":{"name":"Zakładowa-Tranzytowa NŻ","lines":"82A, 82B, N5B","arr":["82A","82B","N5B"],"terminus":0,"mode":"bus","color":"#0059a9","colorDark":"#00294f","angle":183.6,"snapDist":5,"label":0}},{"type":"Feature","geometry":{"type":"Point","coordinates":[19.5977,51.736951]},"properties":{"name":"Zakładowa-Dyspozytorska NŻ","lines":"82A, 82B, N5B","arr":["82A","82B","N5B"],"terminus":0,"mode":"bus","color":"#0059a9","colorDark":"#00294f","angle":179.7,"snapDist":5,"label":0}},{"type":"Feature","geometry":{"type":"Point","coordinates":[19.607689,51.737282]},"properties":{"name":"Gajcego-Zakładowa","lines":"82A, 82B, N5B","arr":["82A","82B","N5B"],"terminus":0,"mode":"bus","color":"#0059a9","colorDark":"#00294f","angle":75.8,"snapDist":4,"label":1}},{"type":"Feature","geometry":{"type":"Point","coordinates":[19.610493,51.739502]},"properties":{"name":"Gajcego-szkoła","lines":"82A, 82B, N5B","arr":["82A","82B","N5B"],"terminus":0,"mode":"bus","color":"#0059a9","colorDark":"#00294f","angle":133.5,"snapDist":4,"label":0}},{"type":"Feature","geometry":{"type":"Point","coordinates":[19.612584,51.740874]},"properties":{"name":"Gajcego-Rokicińska NŻ","lines":"82A","arr":["82A"],"terminus":0,"mode":"bus","color":"#0059a9","colorDark":"#00294f","angle":134.5,"snapDist":5,"label":1}},{"type":"Feature","geometry":{"type":"Point","coordinates":[19.615128,51.742523]},"properties":{"name":"Gajcego-Dw. Łódź Andrzejów NŻ","lines":"82A","arr":["82A"],"terminus":0,"mode":"bus","color":"#0059a9","colorDark":"#00294f","angle":132,"snapDist":4,"label":0}},{"type":"Feature","geometry":{"type":"Point","coordinates":[19.62009,51.745791]},"properties":{"name":"Gajcego-Szelburg-Zarembiny NŻ","lines":"82A","arr":["82A"],"terminus":0,"mode":"bus","color":"#0059a9","colorDark":"#00294f","angle":132.7,"snapDist":2,"label":0}},{"type":"Feature","geometry":{"type":"Point","coordinates":[19.623178,51.747825]},"properties":{"name":"Gajcego-Rataja NŻ","lines":"82A","arr":["82A"],"terminus":0,"mode":"bus","color":"#0059a9","colorDark":"#00294f","angle":133.7,"snapDist":4,"label":0}},{"type":"Feature","geometry":{"type":"Point","coordinates":[19.610298,51.691837]},"properties":{"name":"Stróża Ludwików","lines":"82B","arr":["82B"],"terminus":1,"mode":"bus","color":"#0059a9","colorDark":"#00294f","angle":104.2,"snapDist":1,"label":1}},{"type":"Feature","geometry":{"type":"Point","coordinates":[19.614415,51.696291]},"properties":{"name":"Tuszyńska-Gajowa NŻ (Stróża)","lines":"82B","arr":["82B"],"terminus":0,"mode":"bus","color":"#0059a9","colorDark":"#00294f","angle":117.4,"snapDist":3,"label":1}},{"type":"Feature","geometry":{"type":"Point","coordinates":[19.619904,51.702691]},"properties":{"name":"Tuszyńska-Kolumny (Stróża)","lines":"82B","arr":["82B"],"terminus":0,"mode":"bus","color":"#0059a9","colorDark":"#00294f","angle":117.4,"snapDist":5,"label":1}},{"type":"Feature","geometry":{"type":"Point","coordinates":[19.62266,51.706414]},"properties":{"name":"Tuszyńska-Akacjowa NŻ (Wiśniowa Góra)","lines":"82B","arr":["82B"],"terminus":0,"mode":"bus","color":"#0059a9","colorDark":"#00294f","angle":114.6,"snapDist":4,"label":1}},{"type":"Feature","geometry":{"type":"Point","coordinates":[19.626223,51.711335]},"properties":{"name":"Tuszyńska-Jedn. Wojskowa (Wiśniowa Góra)","lines":"82B","arr":["82B"],"terminus":0,"mode":"bus","color":"#0059a9","colorDark":"#00294f","angle":113,"snapDist":4,"label":1}},{"type":"Feature","geometry":{"type":"Point","coordinates":[19.629337,51.715851]},"properties":{"name":"Tuszyńska-Piekarnicza (Wiśniowa Góra)","lines":"82B","arr":["82B"],"terminus":0,"mode":"bus","color":"#0059a9","colorDark":"#00294f","angle":112.2,"snapDist":3,"label":1}},{"type":"Feature","geometry":{"type":"Point","coordinates":[19.632917,51.721111]},"properties":{"name":"Tuszyńska-Szkoła (Wiśniowa Góra)","lines":"82B","arr":["82B"],"terminus":0,"mode":"bus","color":"#0059a9","colorDark":"#00294f","angle":112.4,"snapDist":3,"label":1}},{"type":"Feature","geometry":{"type":"Point","coordinates":[19.636384,51.72668]},"properties":{"name":"Rokicińska-O.S.P. (Andrespol)","lines":"82B, 201, 202, N5B","arr":["82B","201","202","N5B"],"terminus":0,"mode":"bus","color":"#0059a9","colorDark":"#00294f","angle":42.8,"snapDist":5,"label":1}},{"type":"Feature","geometry":{"type":"Point","coordinates":[19.632268,51.729022]},"properties":{"name":"Rokicińska-Młynarska (Andrespol)","lines":"82B, 201, 202, N5B","arr":["82B","201","202","N5B"],"terminus":0,"mode":"bus","color":"#0059a9","colorDark":"#00294f","angle":42.5,"snapDist":7,"label":1}},{"type":"Feature","geometry":{"type":"Point","coordinates":[19.627899,51.731536]},"properties":{"name":"Rokicińska-Andrzejki","lines":"82B, 201, 202, N5B","arr":["82B","201","202","N5B"],"terminus":0,"mode":"bus","color":"#0059a9","colorDark":"#00294f","angle":43,"snapDist":5,"label":1}},{"type":"Feature","geometry":{"type":"Point","coordinates":[19.618639,51.736752]},"properties":{"name":"Rokicińska-Gwarna","lines":"82B, 90, 201, 202, N5B","arr":["82B","90","201","202","N5B"],"terminus":0,"mode":"bus","color":"#0059a9","colorDark":"#00294f","angle":42.4,"snapDist":4,"label":1}},{"type":"Feature","geometry":{"type":"Point","coordinates":[19.612356,51.740308]},"properties":{"name":"Rokicińska-Gajcego","lines":"82B, 90, 201, 202, N5B","arr":["82B","90","201","202","N5B"],"terminus":0,"mode":"bus","color":"#0059a9","colorDark":"#00294f","angle":222,"snapDist":6,"label":1}},{"type":"Feature","geometry":{"type":"Point","coordinates":[19.617185,51.737578]},"properties":{"name":"Rokicińska-Gwarna","lines":"82B, 90, 201, 202, N5B","arr":["82B","90","201","202","N5B"],"terminus":0,"mode":"bus","color":"#0059a9","colorDark":"#00294f","angle":222.4,"snapDist":9,"label":0}},{"type":"Feature","geometry":{"type":"Point","coordinates":[19.628199,51.731363]},"properties":{"name":"Rokicińska-Andrzejki","lines":"82B, 201, 202, N5B","arr":["82B","201","202","N5B"],"terminus":0,"mode":"bus","color":"#0059a9","colorDark":"#00294f","angle":222.7,"snapDist":8,"label":0}},{"type":"Feature","geometry":{"type":"Point","coordinates":[19.633222,51.728478]},"properties":{"name":"Rokicińska-Młynarska (Andrespol)","lines":"82B, 201, 202, N5B","arr":["82B","201","202","N5B"],"terminus":0,"mode":"bus","color":"#0059a9","colorDark":"#00294f","angle":222.9,"snapDist":7,"label":0}},{"type":"Feature","geometry":{"type":"Point","coordinates":[19.637828,51.724856]},"properties":{"name":"Tuszyńska-Urząd Gminy (Andrespol)","lines":"82B","arr":["82B"],"terminus":0,"mode":"bus","color":"#0059a9","colorDark":"#00294f","angle":313.2,"snapDist":5,"label":1}},{"type":"Feature","geometry":{"type":"Point","coordinates":[19.632368,51.720311]},"properties":{"name":"Tuszyńska-Szkoła (Wiśniowa Góra)","lines":"82B","arr":["82B"],"terminus":0,"mode":"bus","color":"#0059a9","colorDark":"#00294f","angle":293.4,"snapDist":8,"label":0}},{"type":"Feature","geometry":{"type":"Point","coordinates":[19.628988,51.715354]},"properties":{"name":"Tuszyńska-Piekarnicza (Wiśniowa Góra)","lines":"82B","arr":["82B"],"terminus":0,"mode":"bus","color":"#0059a9","colorDark":"#00294f","angle":294.3,"snapDist":4,"label":0}},{"type":"Feature","geometry":{"type":"Point","coordinates":[19.625818,51.71074]},"properties":{"name":"Tuszyńska-Jedn. Wojskowa (Wiśniowa Góra)","lines":"82B","arr":["82B"],"terminus":0,"mode":"bus","color":"#0059a9","colorDark":"#00294f","angle":292.4,"snapDist":9,"label":0}},{"type":"Feature","geometry":{"type":"Point","coordinates":[19.623091,51.706992]},"properties":{"name":"Tuszyńska-Akacjowa NŻ (Wiśniowa Góra)","lines":"82B","arr":["82B"],"terminus":0,"mode":"bus","color":"#0059a9","colorDark":"#00294f","angle":295.1,"snapDist":5,"label":0}},{"type":"Feature","geometry":{"type":"Point","coordinates":[19.619958,51.702759]},"properties":{"name":"Tuszyńska-Kolumny (Stróża)","lines":"82B","arr":["82B"],"terminus":0,"mode":"bus","color":"#0059a9","colorDark":"#00294f","angle":296,"snapDist":3,"label":0}},{"type":"Feature","geometry":{"type":"Point","coordinates":[19.614686,51.696612]},"properties":{"name":"Tuszyńska-Gajowa NŻ (Stróża)","lines":"82B","arr":["82B"],"terminus":0,"mode":"bus","color":"#0059a9","colorDark":"#00294f","angle":297.5,"snapDist":7,"label":0}},{"type":"Feature","geometry":{"type":"Point","coordinates":[19.485834,51.767333]},"properties":{"name":"pl. Mikulskiego","lines":"83","arr":["83"],"terminus":1,"mode":"bus","color":"#0059a9","colorDark":"#00294f","angle":201.5,"snapDist":7,"label":0}},{"type":"Feature","geometry":{"type":"Point","coordinates":[19.4375,51.768889]},"properties":{"name":"Zielona-pl. Hallera","lines":"83, N9, Z13","arr":["83","N9","Z13"],"terminus":0,"mode":"bus","color":"#0059a9","colorDark":"#00294f","angle":352,"snapDist":0,"label":1}},{"type":"Feature","geometry":{"type":"Point","coordinates":[19.417426,51.773118]},"properties":{"name":"Unii Lubelskiej-Srebrzyńska","lines":"83","arr":["83"],"terminus":0,"mode":"bus","color":"#0059a9","colorDark":"#00294f","angle":69.1,"snapDist":7,"label":1}},{"type":"Feature","geometry":{"type":"Point","coordinates":[19.415716,51.775877]},"properties":{"name":"Unii Lubelskiej-Praussa","lines":"83, N3A, N3B","arr":["83","N3A","N3B"],"terminus":0,"mode":"bus","color":"#0059a9","colorDark":"#00294f","angle":69.1,"snapDist":1,"label":1}},{"type":"Feature","geometry":{"type":"Point","coordinates":[19.409354,51.779829]},"properties":{"name":"Borowa-Siewna NŻ","lines":"83","arr":["83"],"terminus":0,"mode":"bus","color":"#0059a9","colorDark":"#00294f","angle":44.7,"snapDist":6,"label":1}},{"type":"Feature","geometry":{"type":"Point","coordinates":[19.40053,51.779335]},"properties":{"name":"Siewna-Krakowska NŻ","lines":"83","arr":["83"],"terminus":0,"mode":"bus","color":"#0059a9","colorDark":"#00294f","angle":345.9,"snapDist":3,"label":1}},{"type":"Feature","geometry":{"type":"Point","coordinates":[19.377224,51.801983]},"properties":{"name":"Szparagowa-Aleksandrowska","lines":"83","arr":["83"],"terminus":0,"mode":"bus","color":"#0059a9","colorDark":"#00294f","angle":110.3,"snapDist":11,"label":1}},{"type":"Feature","geometry":{"type":"Point","coordinates":[19.37876,51.804676]},"properties":{"name":"Szparagowa-Morgowa","lines":"83","arr":["83"],"terminus":0,"mode":"bus","color":"#0059a9","colorDark":"#00294f","angle":109.3,"snapDist":2,"label":1}},{"type":"Feature","geometry":{"type":"Point","coordinates":[19.379759,51.808331]},"properties":{"name":"Wersalska-Wersalska 47 NŻ","lines":"83","arr":["83"],"terminus":0,"mode":"bus","color":"#0059a9","colorDark":"#00294f","angle":48.6,"snapDist":7,"label":1}},{"type":"Feature","geometry":{"type":"Point","coordinates":[19.376809,51.810447]},"properties":{"name":"Wersalska-Szczecińska","lines":"83","arr":["83"],"terminus":0,"mode":"bus","color":"#0059a9","colorDark":"#00294f","angle":49.1,"snapDist":7,"label":0}},{"type":"Feature","geometry":{"type":"Point","coordinates":[19.376661,51.810173]},"properties":{"name":"Wersalska-Szczecińska","lines":"83","arr":["83"],"terminus":1,"mode":"bus","color":"#0059a9","colorDark":"#00294f","angle":192.8,"snapDist":12,"label":1}},{"type":"Feature","geometry":{"type":"Point","coordinates":[19.379435,51.808559]},"properties":{"name":"Wersalska-Wersalska 47 NŻ","lines":"83","arr":["83"],"terminus":0,"mode":"bus","color":"#0059a9","colorDark":"#00294f","angle":228.9,"snapDist":3,"label":0}},{"type":"Feature","geometry":{"type":"Point","coordinates":[19.378403,51.804041]},"properties":{"name":"Szparagowa-Morgowa","lines":"83","arr":["83"],"terminus":0,"mode":"bus","color":"#0059a9","colorDark":"#00294f","angle":289.2,"snapDist":3,"label":0}},{"type":"Feature","geometry":{"type":"Point","coordinates":[19.405259,51.776114]},"properties":{"name":"Solec-cm. Mania","lines":"83","arr":["83"],"terminus":0,"mode":"bus","color":"#0059a9","colorDark":"#00294f","angle":150.3,"snapDist":4,"label":1}},{"type":"Feature","geometry":{"type":"Point","coordinates":[19.410392,51.777952]},"properties":{"name":"Solec-Borowa NŻ","lines":"83","arr":["83"],"terminus":0,"mode":"bus","color":"#0059a9","colorDark":"#00294f","angle":150.3,"snapDist":7,"label":1}},{"type":"Feature","geometry":{"type":"Point","coordinates":[19.415203,51.776709]},"properties":{"name":"Unii Lubelskiej-Praussa","lines":"83, N3A, N3B","arr":["83","N3A","N3B"],"terminus":0,"mode":"bus","color":"#0059a9","colorDark":"#00294f","angle":249.2,"snapDist":6,"label":0}},{"type":"Feature","geometry":{"type":"Point","coordinates":[19.417265,51.773375]},"properties":{"name":"Unii Lubelskiej-Srebrzyńska","lines":"83","arr":["83"],"terminus":0,"mode":"bus","color":"#0059a9","colorDark":"#00294f","angle":249.2,"snapDist":8,"label":0}},{"type":"Feature","geometry":{"type":"Point","coordinates":[19.432792,51.768914]},"properties":{"name":"Zielona-1 Maja","lines":"83, N9, Z13","arr":["83","N9","Z13"],"terminus":0,"mode":"bus","color":"#0059a9","colorDark":"#00294f","angle":190,"snapDist":5,"label":0}},{"type":"Feature","geometry":{"type":"Point","coordinates":[19.439471,51.768916]},"properties":{"name":"Zielona-pl. Hallera","lines":"83, N9, Z13","arr":["83","N9","Z13"],"terminus":0,"mode":"bus","color":"#0059a9","colorDark":"#00294f","angle":171.1,"snapDist":9,"label":0}},{"type":"Feature","geometry":{"type":"Point","coordinates":[19.445618,51.769651]},"properties":{"name":"Zielona-pl. Barlickiego","lines":"83, N9, Z13","arr":["83","N9","Z13"],"terminus":0,"mode":"bus","color":"#0059a9","colorDark":"#00294f","angle":171.6,"snapDist":6,"label":1}},{"type":"Feature","geometry":{"type":"Point","coordinates":[19.4487,51.769931]},"properties":{"name":"Zielona-Gdańska","lines":"83, 86, N9, Z13","arr":["83","86","N9","Z13"],"terminus":0,"mode":"bus","color":"#0059a9","colorDark":"#00294f","angle":171.9,"snapDist":5,"label":1}},{"type":"Feature","geometry":{"type":"Point","coordinates":[19.449984,51.765169]},"properties":{"name":"Gdańska-Struga","lines":"83","arr":["83"],"terminus":0,"mode":"bus","color":"#0059a9","colorDark":"#00294f","angle":263.6,"snapDist":9,"label":1}},{"type":"Feature","geometry":{"type":"Point","coordinates":[19.485133,51.76767]},"properties":{"name":"Wydawnicza-Rodziny Grohmanów NŻ","lines":"83","arr":["83"],"terminus":0,"mode":"bus","color":"#0059a9","colorDark":"#00294f","angle":253.7,"snapDist":4,"label":0}},{"type":"Feature","geometry":{"type":"Point","coordinates":[19.325961,51.807459]},"properties":{"name":"Zielony Romanów","lines":"84A","arr":["84A"],"terminus":1,"mode":"bus","color":"#0059a9","colorDark":"#00294f","angle":79.4,"snapDist":19,"label":1}},{"type":"Feature","geometry":{"type":"Point","coordinates":[19.336898,51.807155]},"properties":{"name":"Romanowska-Romanowska 27 NŻ","lines":"84A","arr":["84A"],"terminus":0,"mode":"bus","color":"#0059a9","colorDark":"#00294f","angle":177.8,"snapDist":4,"label":1}},{"type":"Feature","geometry":{"type":"Point","coordinates":[19.340168,51.810841]},"properties":{"name":"Romanowska-Aleksandrowska NŻ","lines":"84A","arr":["84A"],"terminus":0,"mode":"bus","color":"#0059a9","colorDark":"#00294f","angle":108.5,"snapDist":4,"label":1}},{"type":"Feature","geometry":{"type":"Point","coordinates":[19.361417,51.795514]},"properties":{"name":"Teofilów Rojna","lines":"84A, 84B, 96, N1B, N3A, N3B","arr":["84A","84B","96","N1B","N3A","N3B"],"terminus":0,"mode":"bus","color":"#0059a9","colorDark":"#00294f","angle":18.7,"snapDist":32,"label":0}},{"type":"Feature","geometry":{"type":"Point","coordinates":[19.340402,51.811273]},"properties":{"name":"Romanowska-Aleksandrowska NŻ","lines":"84A","arr":["84A"],"terminus":0,"mode":"bus","color":"#0059a9","colorDark":"#00294f","angle":288.5,"snapDist":2,"label":0}},{"type":"Feature","geometry":{"type":"Point","coordinates":[19.335491,51.807119]},"properties":{"name":"Romanowska-Romanowska 27 NŻ","lines":"84A","arr":["84A"],"terminus":0,"mode":"bus","color":"#0059a9","colorDark":"#00294f","angle":357.8,"snapDist":2,"label":0}},{"type":"Feature","geometry":{"type":"Point","coordinates":[19.319656,51.808241]},"properties":{"name":"Poselska (Aleksandrów)","lines":"84B","arr":["84B"],"terminus":1,"mode":"bus","color":"#0059a9","colorDark":"#00294f","angle":167.7,"snapDist":27,"label":1}},{"type":"Feature","geometry":{"type":"Point","coordinates":[19.319179,51.810849]},"properties":{"name":"Konstantynowska-CPN NŻ (Aleksandrów)","lines":"84B, 97A","arr":["84B","97A"],"terminus":0,"mode":"bus","color":"#0059a9","colorDark":"#00294f","angle":70.3,"snapDist":4,"label":1}},{"type":"Feature","geometry":{"type":"Point","coordinates":[19.425288,51.791467]},"properties":{"name":"Limanowskiego-zajezdnia LIMANOWSKIEGO","lines":"85A","arr":["85A"],"terminus":1,"mode":"bus","color":"#0059a9","colorDark":"#00294f","angle":279.9,"snapDist":22,"label":1}},{"type":"Feature","geometry":{"type":"Point","coordinates":[19.460974,51.799977]},"properties":{"name":"Franciszkańska-Inflancka","lines":"85A, 85B","arr":["85A","85B"],"terminus":0,"mode":"bus","color":"#0059a9","colorDark":"#00294f","angle":274.3,"snapDist":5,"label":1}},{"type":"Feature","geometry":{"type":"Point","coordinates":[19.46049,51.795667]},"properties":{"name":"Franciszkańska-Kowalska","lines":"85A, 85B","arr":["85A","85B"],"terminus":0,"mode":"bus","color":"#0059a9","colorDark":"#00294f","angle":273.1,"snapDist":6,"label":1}},{"type":"Feature","geometry":{"type":"Point","coordinates":[19.460027,51.791024]},"properties":{"name":"Franciszkańska-Tokarzewskiego","lines":"85A, 85B","arr":["85A","85B"],"terminus":0,"mode":"bus","color":"#0059a9","colorDark":"#00294f","angle":277.8,"snapDist":5,"label":1}},{"type":"Feature","geometry":{"type":"Point","coordinates":[19.459545,51.787977]},"properties":{"name":"Franciszkańska-Organizacji WiN NŻ","lines":"85A, 85B","arr":["85A","85B"],"terminus":0,"mode":"bus","color":"#0059a9","colorDark":"#00294f","angle":263,"snapDist":6,"label":1}},{"type":"Feature","geometry":{"type":"Point","coordinates":[19.459506,51.788175]},"properties":{"name":"Franciszkańska-Organizacji WiN NŻ","lines":"85B","arr":["85B"],"terminus":0,"mode":"bus","color":"#0059a9","colorDark":"#00294f","angle":82.9,"snapDist":4,"label":0}},{"type":"Feature","geometry":{"type":"Point","coordinates":[19.460016,51.790976]},"properties":{"name":"Franciszkańska-Tokarzewskiego","lines":"85B","arr":["85B"],"terminus":0,"mode":"bus","color":"#0059a9","colorDark":"#00294f","angle":97.8,"snapDist":5,"label":0}},{"type":"Feature","geometry":{"type":"Point","coordinates":[19.460493,51.7957]},"properties":{"name":"Franciszkańska-Kowalska","lines":"85B","arr":["85B"],"terminus":0,"mode":"bus","color":"#0059a9","colorDark":"#00294f","angle":93.1,"snapDist":0,"label":0}},{"type":"Feature","geometry":{"type":"Point","coordinates":[19.460989,51.800097]},"properties":{"name":"Franciszkańska-Inflancka NŻ","lines":"85B","arr":["85B"],"terminus":0,"mode":"bus","color":"#0059a9","colorDark":"#00294f","angle":94.2,"snapDist":10,"label":1}},{"type":"Feature","geometry":{"type":"Point","coordinates":[19.465932,51.801345]},"properties":{"name":"Marysińska-Inflancka","lines":"85B","arr":["85B"],"terminus":0,"mode":"bus","color":"#0059a9","colorDark":"#00294f","angle":94.2,"snapDist":7,"label":0}},{"type":"Feature","geometry":{"type":"Point","coordinates":[19.46847,51.805587]},"properties":{"name":"Warszawska-Deczyńskiego NŻ","lines":"85B, Z3","arr":["85B","Z3"],"terminus":0,"mode":"bus","color":"#0059a9","colorDark":"#00294f","angle":145.1,"snapDist":4,"label":1}},{"type":"Feature","geometry":{"type":"Point","coordinates":[19.47277,51.809623]},"properties":{"name":"Skrzydlata-Dojazdowa","lines":"85B","arr":["85B"],"terminus":0,"mode":"bus","color":"#0059a9","colorDark":"#00294f","angle":93.8,"snapDist":5,"label":1}},{"type":"Feature","geometry":{"type":"Point","coordinates":[19.473143,51.813175]},"properties":{"name":"Skrzydlata-Kasztelańska NŻ","lines":"85B","arr":["85B"],"terminus":0,"mode":"bus","color":"#0059a9","colorDark":"#00294f","angle":93.7,"snapDist":9,"label":1}},{"type":"Feature","geometry":{"type":"Point","coordinates":[19.473702,51.818172]},"properties":{"name":"Skrzydlata-Żucza NŻ","lines":"85B","arr":["85B"],"terminus":0,"mode":"bus","color":"#0059a9","colorDark":"#00294f","angle":94.1,"snapDist":3,"label":1}},{"type":"Feature","geometry":{"type":"Point","coordinates":[19.47431,51.82132]},"properties":{"name":"Arturówek","lines":"85B","arr":["85B"],"terminus":1,"mode":"bus","color":"#0059a9","colorDark":"#00294f","angle":4,"snapDist":1,"label":1}},{"type":"Feature","geometry":{"type":"Point","coordinates":[19.473669,51.817887]},"properties":{"name":"Skrzydlata-Żucza NŻ","lines":"85B","arr":["85B"],"terminus":0,"mode":"bus","color":"#0059a9","colorDark":"#00294f","angle":274.1,"snapDist":5,"label":0}},{"type":"Feature","geometry":{"type":"Point","coordinates":[19.473142,51.813166]},"properties":{"name":"Skrzydlata-Kasztelańska NŻ","lines":"85B","arr":["85B"],"terminus":0,"mode":"bus","color":"#0059a9","colorDark":"#00294f","angle":273.7,"snapDist":6,"label":0}},{"type":"Feature","geometry":{"type":"Point","coordinates":[19.472728,51.809227]},"properties":{"name":"Skrzydlata-Dojazdowa","lines":"85B","arr":["85B"],"terminus":0,"mode":"bus","color":"#0059a9","colorDark":"#00294f","angle":273.8,"snapDist":5,"label":0}},{"type":"Feature","geometry":{"type":"Point","coordinates":[19.468322,51.805523]},"properties":{"name":"Warszawska-Deczyńskiego NŻ","lines":"85B, Z3","arr":["85B","Z3"],"terminus":0,"mode":"bus","color":"#0059a9","colorDark":"#00294f","angle":325.1,"snapDist":5,"label":0}},{"type":"Feature","geometry":{"type":"Point","coordinates":[19.437348,51.758067]},"properties":{"name":"Kopernika-Tobaco Park","lines":"86, N2","arr":["86","N2"],"terminus":0,"mode":"bus","color":"#0059a9","colorDark":"#00294f","angle":150.6,"snapDist":7,"label":1}},{"type":"Feature","geometry":{"type":"Point","coordinates":[19.442174,51.759863]},"properties":{"name":"Kopernika-Łąkowa","lines":"86, N2","arr":["86","N2"],"terminus":0,"mode":"bus","color":"#0059a9","colorDark":"#00294f","angle":146.8,"snapDist":7,"label":1}},{"type":"Feature","geometry":{"type":"Point","coordinates":[19.446917,51.761771]},"properties":{"name":"Kopernika-Żeromskiego","lines":"86, N2","arr":["86","N2"],"terminus":0,"mode":"bus","color":"#0059a9","colorDark":"#00294f","angle":147,"snapDist":5,"label":1}},{"type":"Feature","geometry":{"type":"Point","coordinates":[19.448339,51.772864]},"properties":{"name":"Gdańska-1 Maja","lines":"86, N1A, N1B, N2, N4A, N4B, N5A, N5B, N6, N7A, N7B, N8, Z13","arr":["86","N1A","N1B","N2","N4A","N4B","N5A","N5B","N6","N7A","N7B","N8","Z13"],"terminus":0,"mode":"bus","color":"#0059a9","colorDark":"#00294f","angle":82.6,"snapDist":6,"label":1}},{"type":"Feature","geometry":{"type":"Point","coordinates":[19.45454,51.774662]},"properties":{"name":"Próchnika-Piotrkowska","lines":"86, 87A, 87B, 96, 100, N4A, N4B, N7A, N7B, N8, Z13","arr":["86","87A","87B","96","100","N4A","N4B","N7A","N7B","N8","Z13"],"terminus":0,"mode":"bus","color":"#0059a9","colorDark":"#00294f","angle":172.3,"snapDist":0,"label":1}},{"type":"Feature","geometry":{"type":"Point","coordinates":[19.459269,51.775082]},"properties":{"name":"Rewolucji 1905r.-Wschodnia","lines":"86, 87A, 87B, 96, 101, N4A, N4B, N7A, N7B, N8, Z13","arr":["86","87A","87B","96","101","N4A","N4B","N7A","N7B","N8","Z13"],"terminus":0,"mode":"bus","color":"#0059a9","colorDark":"#00294f","angle":171.5,"snapDist":0,"label":1}},{"type":"Feature","geometry":{"type":"Point","coordinates":[19.463109,51.775405]},"properties":{"name":"Rewolucji 1905r.-Kilińskiego","lines":"86, 96, N4A, N4B, Z13","arr":["86","96","N4A","N4B","Z13"],"terminus":0,"mode":"bus","color":"#0059a9","colorDark":"#00294f","angle":172,"snapDist":1,"label":1}},{"type":"Feature","geometry":{"type":"Point","coordinates":[19.467661,51.7758]},"properties":{"name":"Rewolucji 1905r.-Sterlinga NŻ","lines":"86, 96, N4A, N4B, Z13","arr":["86","96","N4A","N4B","Z13"],"terminus":0,"mode":"bus","color":"#0059a9","colorDark":"#00294f","angle":172,"snapDist":5,"label":1}},{"type":"Feature","geometry":{"type":"Point","coordinates":[19.474554,51.776399]},"properties":{"name":"Rewolucji 1905r.-Kamińskiego NŻ","lines":"86","arr":["86"],"terminus":0,"mode":"bus","color":"#0059a9","colorDark":"#00294f","angle":172,"snapDist":3,"label":1}},{"type":"Feature","geometry":{"type":"Point","coordinates":[19.461958,51.773235]},"properties":{"name":"Jaracza-Kilińskiego","lines":"86, 96, 101, N4A, N4B, N7A, N7B, Z13","arr":["86","96","101","N4A","N4B","N7A","N7B","Z13"],"terminus":0,"mode":"bus","color":"#0059a9","colorDark":"#00294f","angle":352.1,"snapDist":4,"label":1}},{"type":"Feature","geometry":{"type":"Point","coordinates":[19.456072,51.772727]},"properties":{"name":"Jaracza-Piotrkowska","lines":"86, 96, N4A, N4B, N7A, N7B, Z13","arr":["86","96","N4A","N4B","N7A","N7B","Z13"],"terminus":0,"mode":"bus","color":"#0059a9","colorDark":"#00294f","angle":351.9,"snapDist":6,"label":1}},{"type":"Feature","geometry":{"type":"Point","coordinates":[19.452267,51.772371]},"properties":{"name":"Więckowskiego-Zachodnia","lines":"86, N1A, N1B, N2, N4A, N4B, N5A, N5B, N6, N7A, N7B, Z13","arr":["86","N1A","N1B","N2","N4A","N4B","N5A","N5B","N6","N7A","N7B","Z13"],"terminus":0,"mode":"bus","color":"#0059a9","colorDark":"#00294f","angle":351,"snapDist":3,"label":1}},{"type":"Feature","geometry":{"type":"Point","coordinates":[19.448903,51.770211]},"properties":{"name":"Gdańska-Zielona","lines":"86, N3A, N3B, Z13","arr":["86","N3A","N3B","Z13"],"terminus":0,"mode":"bus","color":"#0059a9","colorDark":"#00294f","angle":262.4,"snapDist":1,"label":1}},{"type":"Feature","geometry":{"type":"Point","coordinates":[19.443218,51.760284]},"properties":{"name":"Kopernika-Łąkowa","lines":"86, N2","arr":["86","N2"],"terminus":0,"mode":"bus","color":"#0059a9","colorDark":"#00294f","angle":326.9,"snapDist":5,"label":0}},{"type":"Feature","geometry":{"type":"Point","coordinates":[19.438358,51.758419]},"properties":{"name":"Kopernika-Tobaco Park","lines":"86, N2","arr":["86","N2"],"terminus":0,"mode":"bus","color":"#0059a9","colorDark":"#00294f","angle":330.6,"snapDist":4,"label":0}},{"type":"Feature","geometry":{"type":"Point","coordinates":[19.499448,51.789586]},"properties":{"name":"Doły Smutna","lines":"87A","arr":["87A"],"terminus":1,"mode":"bus","color":"#0059a9","colorDark":"#00294f","angle":348,"snapDist":3,"label":1}},{"type":"Feature","geometry":{"type":"Point","coordinates":[19.492063,51.787833]},"properties":{"name":"Doły-Smutna NŻ","lines":"87A","arr":["87A"],"terminus":0,"mode":"bus","color":"#0059a9","colorDark":"#00294f","angle":277.4,"snapDist":6,"label":1}},{"type":"Feature","geometry":{"type":"Point","coordinates":[19.491242,51.783853]},"properties":{"name":"Doły-Telefoniczna NŻ","lines":"87A","arr":["87A"],"terminus":0,"mode":"bus","color":"#0059a9","colorDark":"#00294f","angle":277.2,"snapDist":6,"label":1}},{"type":"Feature","geometry":{"type":"Point","coordinates":[19.489376,51.783301]},"properties":{"name":"Telefoniczna-Tamka NŻ","lines":"87A, 87B, N4A, N4B","arr":["87A","87B","N4A","N4B"],"terminus":0,"mode":"bus","color":"#0059a9","colorDark":"#00294f","angle":349.9,"snapDist":2,"label":1}},{"type":"Feature","geometry":{"type":"Point","coordinates":[19.489116,51.778215]},"properties":{"name":"Pomorska-Tamka NŻ","lines":"87A, 87B","arr":["87A","87B"],"terminus":0,"mode":"bus","color":"#0059a9","colorDark":"#00294f","angle":9.8,"snapDist":2,"label":1}},{"type":"Feature","geometry":{"type":"Point","coordinates":[19.486697,51.778476]},"properties":{"name":"Pomorska-Matejki","lines":"87A, 87B, N7A, N7B","arr":["87A","87B","N7A","N7B"],"terminus":0,"mode":"bus","color":"#0059a9","colorDark":"#00294f","angle":10.1,"snapDist":5,"label":1}},{"type":"Feature","geometry":{"type":"Point","coordinates":[19.483032,51.778865]},"properties":{"name":"Pomorska-rondo Solidarności","lines":"87A, 87B, N7A, N7B","arr":["87A","87B","N7A","N7B"],"terminus":0,"mode":"bus","color":"#0059a9","colorDark":"#00294f","angle":10,"snapDist":7,"label":1}},{"type":"Feature","geometry":{"type":"Point","coordinates":[19.462541,51.777469]},"properties":{"name":"Pomorska-Kilińskiego","lines":"87A, 87B","arr":["87A","87B"],"terminus":0,"mode":"bus","color":"#0059a9","colorDark":"#00294f","angle":352,"snapDist":6,"label":1}},{"type":"Feature","geometry":{"type":"Point","coordinates":[19.461478,51.779143]},"properties":{"name":"Kilińskiego-Północna","lines":"87A, 87B","arr":["87A","87B"],"terminus":0,"mode":"bus","color":"#0059a9","colorDark":"#00294f","angle":81.8,"snapDist":6,"label":1}},{"type":"Feature","geometry":{"type":"Point","coordinates":[19.460023,51.779516]},"properties":{"name":"Północna-Kilińskiego NŻ","lines":"87A, 87B","arr":["87A","87B"],"terminus":0,"mode":"bus","color":"#0059a9","colorDark":"#00294f","angle":351.7,"snapDist":2,"label":1}},{"type":"Feature","geometry":{"type":"Point","coordinates":[19.455257,51.779092]},"properties":{"name":"Północna-Nowomiejska","lines":"87A, 87B","arr":["87A","87B"],"terminus":0,"mode":"bus","color":"#0059a9","colorDark":"#00294f","angle":351.8,"snapDist":3,"label":1}},{"type":"Feature","geometry":{"type":"Point","coordinates":[19.44973,51.782057]},"properties":{"name":"Drewnowska-Zachodnia","lines":"87A, 87B","arr":["87A","87B"],"terminus":0,"mode":"bus","color":"#0059a9","colorDark":"#00294f","angle":30.3,"snapDist":7,"label":1}},{"type":"Feature","geometry":{"type":"Point","coordinates":[19.42727,51.788168]},"properties":{"name":"Lutomierska-Klonowa","lines":"87A, 87B, 96","arr":["87A","87B","96"],"terminus":0,"mode":"bus","color":"#0059a9","colorDark":"#00294f","angle":21.5,"snapDist":4,"label":1}},{"type":"Feature","geometry":{"type":"Point","coordinates":[19.422857,51.789371]},"properties":{"name":"Lutomierska-Włókniarzy","lines":"87A, 87B, 96","arr":["87A","87B","96"],"terminus":0,"mode":"bus","color":"#0059a9","colorDark":"#00294f","angle":22.6,"snapDist":6,"label":1}},{"type":"Feature","geometry":{"type":"Point","coordinates":[19.418255,51.786612]},"properties":{"name":"Żubardź","lines":"87A, 87B","arr":["87A","87B"],"terminus":1,"mode":"bus","color":"#0059a9","colorDark":"#00294f","angle":101.4,"snapDist":36,"label":1}},{"type":"Feature","geometry":{"type":"Point","coordinates":[19.419888,51.789858]},"properties":{"name":"Inowrocławska-Lutomierska","lines":"87A, 87B","arr":["87A","87B"],"terminus":0,"mode":"bus","color":"#0059a9","colorDark":"#00294f","angle":107.2,"snapDist":3,"label":1}},{"type":"Feature","geometry":{"type":"Point","coordinates":[19.422947,51.78926]},"properties":{"name":"Lutomierska-Włókniarzy","lines":"87A, 87B, 96","arr":["87A","87B","96"],"terminus":0,"mode":"bus","color":"#0059a9","colorDark":"#00294f","angle":202.6,"snapDist":5,"label":0}},{"type":"Feature","geometry":{"type":"Point","coordinates":[19.42763,51.788077]},"properties":{"name":"Lutomierska-Klonowa","lines":"87A, 87B, 96","arr":["87A","87B","96"],"terminus":0,"mode":"bus","color":"#0059a9","colorDark":"#00294f","angle":203.2,"snapDist":7,"label":0}},{"type":"Feature","geometry":{"type":"Point","coordinates":[19.440039,51.776981]},"properties":{"name":"Ogrodowa-Karskiego","lines":"87A, 87B, 100","arr":["87A","87B","100"],"terminus":0,"mode":"bus","color":"#0059a9","colorDark":"#00294f","angle":148.2,"snapDist":5,"label":1}},{"type":"Feature","geometry":{"type":"Point","coordinates":[19.4466,51.778182]},"properties":{"name":"Ogrodowa-Gdańska","lines":"87A, 87B, 100","arr":["87A","87B","100"],"terminus":0,"mode":"bus","color":"#0059a9","colorDark":"#00294f","angle":171.6,"snapDist":5,"label":1}},{"type":"Feature","geometry":{"type":"Point","coordinates":[19.461987,51.77696]},"properties":{"name":"Kilińskiego-Pomorska","lines":"87A, 87B","arr":["87A","87B"],"terminus":0,"mode":"bus","color":"#0059a9","colorDark":"#00294f","angle":81.7,"snapDist":0,"label":1}},{"type":"Feature","geometry":{"type":"Point","coordinates":[19.467038,51.77998]},"properties":{"name":"Północna-Sterlinga","lines":"87A, 87B","arr":["87A","87B"],"terminus":0,"mode":"bus","color":"#0059a9","colorDark":"#00294f","angle":171.5,"snapDist":6,"label":0}},{"type":"Feature","geometry":{"type":"Point","coordinates":[19.482991,51.77887]},"properties":{"name":"Pomorska-rondo Solidarności","lines":"87A, 87B, N7A, N7B","arr":["87A","87B","N7A","N7B"],"terminus":0,"mode":"bus","color":"#0059a9","colorDark":"#00294f","angle":189.6,"snapDist":4,"label":0}},{"type":"Feature","geometry":{"type":"Point","coordinates":[19.485048,51.778654]},"properties":{"name":"Pomorska-Matejki","lines":"87A, 87B, N7A, N7B","arr":["87A","87B","N7A","N7B"],"terminus":0,"mode":"bus","color":"#0059a9","colorDark":"#00294f","angle":189.7,"snapDist":7,"label":0}},{"type":"Feature","geometry":{"type":"Point","coordinates":[19.489101,51.778217]},"properties":{"name":"Pomorska-Tamka","lines":"87A, 87B, N7A, N7B","arr":["87A","87B","N7A","N7B"],"terminus":0,"mode":"bus","color":"#0059a9","colorDark":"#00294f","angle":189.8,"snapDist":9,"label":1}},{"type":"Feature","geometry":{"type":"Point","coordinates":[19.489263,51.780571]},"properties":{"name":"Tamka-Styrska NŻ","lines":"87A, 87B","arr":["87A","87B"],"terminus":0,"mode":"bus","color":"#0059a9","colorDark":"#00294f","angle":82.3,"snapDist":1,"label":1}},{"type":"Feature","geometry":{"type":"Point","coordinates":[19.488781,51.782607]},"properties":{"name":"Tamka-Telefoniczna NŻ","lines":"87A, 87B","arr":["87A","87B"],"terminus":0,"mode":"bus","color":"#0059a9","colorDark":"#00294f","angle":81.9,"snapDist":3,"label":1}},{"type":"Feature","geometry":{"type":"Point","coordinates":[19.491216,51.783733]},"properties":{"name":"Doły-Telefoniczna NŻ","lines":"87A","arr":["87A"],"terminus":0,"mode":"bus","color":"#0059a9","colorDark":"#00294f","angle":97.6,"snapDist":2,"label":0}},{"type":"Feature","geometry":{"type":"Point","coordinates":[19.492103,51.788025]},"properties":{"name":"Doły-Smutna NŻ","lines":"87A","arr":["87A"],"terminus":0,"mode":"bus","color":"#0059a9","colorDark":"#00294f","angle":97.3,"snapDist":5,"label":0}},{"type":"Feature","geometry":{"type":"Point","coordinates":[19.509278,51.782657]},"properties":{"name":"Telefoniczna Zajezdnia","lines":"87B, N7B","arr":["87B","N7B"],"terminus":1,"mode":"bus","color":"#0059a9","colorDark":"#00294f","angle":5.8,"snapDist":11,"label":1}},{"type":"Feature","geometry":{"type":"Point","coordinates":[19.50749,51.782385]},"properties":{"name":"Telefoniczna-Telefoniczna Zajezdnia NŻ","lines":"87B, N4A, N4B","arr":["87B","N4A","N4B"],"terminus":0,"mode":"bus","color":"#0059a9","colorDark":"#00294f","angle":7.6,"snapDist":5,"label":1}},{"type":"Feature","geometry":{"type":"Point","coordinates":[19.504162,51.782661]},"properties":{"name":"Telefoniczna-Telefoniczna 27 NŻ","lines":"87B, N4A, N4B","arr":["87B","N4A","N4B"],"terminus":0,"mode":"bus","color":"#0059a9","colorDark":"#00294f","angle":7.6,"snapDist":4,"label":1}},{"type":"Feature","geometry":{"type":"Point","coordinates":[19.493895,51.782917]},"properties":{"name":"Telefoniczna-Bystrzycka NŻ","lines":"87B, N4A, N4B","arr":["87B","N4A","N4B"],"terminus":0,"mode":"bus","color":"#0059a9","colorDark":"#00294f","angle":13.9,"snapDist":2,"label":1}},{"type":"Feature","geometry":{"type":"Point","coordinates":[19.493186,51.783026]},"properties":{"name":"Telefoniczna-Bystrzycka NŻ","lines":"87B, N4A, N4B","arr":["87B","N4A","N4B"],"terminus":0,"mode":"bus","color":"#0059a9","colorDark":"#00294f","angle":195.4,"snapDist":4,"label":0}},{"type":"Feature","geometry":{"type":"Point","coordinates":[19.503483,51.782697]},"properties":{"name":"Telefoniczna-Telefoniczna 27 NŻ","lines":"87B, N4A, N4B","arr":["87B","N4A","N4B"],"terminus":0,"mode":"bus","color":"#0059a9","colorDark":"#00294f","angle":183.7,"snapDist":3,"label":0}},{"type":"Feature","geometry":{"type":"Point","coordinates":[19.507458,51.782388]},"properties":{"name":"Telefoniczna-Telefoniczna Zajezdnia NŻ","lines":"87B, N4A, N4B","arr":["87B","N4A","N4B"],"terminus":0,"mode":"bus","color":"#0059a9","colorDark":"#00294f","angle":187.7,"snapDist":4,"label":0}},{"type":"Feature","geometry":{"type":"Point","coordinates":[19.529428,51.800752]},"properties":{"name":"Zjazdowa-Beskidzka NŻ","lines":"88A","arr":["88A"],"terminus":0,"mode":"bus","color":"#0059a9","colorDark":"#00294f","angle":103.7,"snapDist":1,"label":1}},{"type":"Feature","geometry":{"type":"Point","coordinates":[19.530628,51.803756]},"properties":{"name":"Zjazdowa-Budy","lines":"88A","arr":["88A"],"terminus":0,"mode":"bus","color":"#0059a9","colorDark":"#00294f","angle":100.5,"snapDist":4,"label":1}},{"type":"Feature","geometry":{"type":"Point","coordinates":[19.531331,51.806066]},"properties":{"name":"Zjazdowa-Opolska NŻ","lines":"88A","arr":["88A"],"terminus":0,"mode":"bus","color":"#0059a9","colorDark":"#00294f","angle":100.7,"snapDist":3,"label":1}},{"type":"Feature","geometry":{"type":"Point","coordinates":[19.53462,51.80946]},"properties":{"name":"Zjazdowa-Moskuliki NŻ","lines":"88A","arr":["88A"],"terminus":0,"mode":"bus","color":"#0059a9","colorDark":"#00294f","angle":73,"snapDist":0,"label":1}},{"type":"Feature","geometry":{"type":"Point","coordinates":[19.53322,51.814692]},"properties":{"name":"Łukaszew Zjazdowa","lines":"88A","arr":["88A"],"terminus":1,"mode":"bus","color":"#0059a9","colorDark":"#00294f","angle":340.7,"snapDist":10,"label":1}},{"type":"Feature","geometry":{"type":"Point","coordinates":[19.534565,51.809567]},"properties":{"name":"Zjazdowa-Moskuliki NŻ","lines":"88A","arr":["88A"],"terminus":0,"mode":"bus","color":"#0059a9","colorDark":"#00294f","angle":252.3,"snapDist":3,"label":0}},{"type":"Feature","geometry":{"type":"Point","coordinates":[19.532197,51.806906]},"properties":{"name":"Opolska-Zjazdowa NŻ","lines":"88A","arr":["88A"],"terminus":0,"mode":"bus","color":"#0059a9","colorDark":"#00294f","angle":354.5,"snapDist":5,"label":1}},{"type":"Feature","geometry":{"type":"Point","coordinates":[19.530383,51.802811]},"properties":{"name":"Zjazdowa-Budy","lines":"88A","arr":["88A"],"terminus":0,"mode":"bus","color":"#0059a9","colorDark":"#00294f","angle":276.6,"snapDist":9,"label":0}},{"type":"Feature","geometry":{"type":"Point","coordinates":[19.528581,51.798572]},"properties":{"name":"Zjazdowa-Beskidzka NŻ","lines":"88A","arr":["88A"],"terminus":0,"mode":"bus","color":"#0059a9","colorDark":"#00294f","angle":283.5,"snapDist":14,"label":1}},{"type":"Feature","geometry":{"type":"Point","coordinates":[19.536406,51.799248]},"properties":{"name":"Marmurowa-Beskidzka NŻ","lines":"88B, 88C, 88D","arr":["88B","88C","88D"],"terminus":0,"mode":"bus","color":"#0059a9","colorDark":"#00294f","angle":125.7,"snapDist":5,"label":1}},{"type":"Feature","geometry":{"type":"Point","coordinates":[19.545367,51.807062]},"properties":{"name":"Marmurowa-Opolska NŻ","lines":"88B, 88C, 88D","arr":["88B","88C","88D"],"terminus":0,"mode":"bus","color":"#0059a9","colorDark":"#00294f","angle":124.4,"snapDist":4,"label":1}},{"type":"Feature","geometry":{"type":"Point","coordinates":[19.550116,51.810775]},"properties":{"name":"Marmurowa-Moskuliki","lines":"88B, 88C, 88D","arr":["88B","88C","88D"],"terminus":0,"mode":"bus","color":"#0059a9","colorDark":"#00294f","angle":127.3,"snapDist":5,"label":1}},{"type":"Feature","geometry":{"type":"Point","coordinates":[19.561522,51.816714]},"properties":{"name":"Dąbrowa NŻ","lines":"88B, 88C, 88D","arr":["88B","88C","88D"],"terminus":0,"mode":"bus","color":"#0059a9","colorDark":"#00294f","angle":129.3,"snapDist":1,"label":1}},{"type":"Feature","geometry":{"type":"Point","coordinates":[19.562821,51.823391]},"properties":{"name":"Kopanka-Kopanka 24a NŻ","lines":"88B, 88C, 88D","arr":["88B","88C","88D"],"terminus":0,"mode":"bus","color":"#0059a9","colorDark":"#00294f","angle":94.8,"snapDist":1,"label":1}},{"type":"Feature","geometry":{"type":"Point","coordinates":[19.565051,51.82719]},"properties":{"name":"Kalonka NŻ","lines":"88B, 88C, 88D","arr":["88B","88C","88D"],"terminus":0,"mode":"bus","color":"#0059a9","colorDark":"#00294f","angle":181.2,"snapDist":4,"label":1}},{"type":"Feature","geometry":{"type":"Point","coordinates":[19.569251,51.827678]},"properties":{"name":"Kalonka II","lines":"88B, 88C, 88D","arr":["88B","88C","88D"],"terminus":0,"mode":"bus","color":"#0059a9","colorDark":"#00294f","angle":162.8,"snapDist":4,"label":1}},{"type":"Feature","geometry":{"type":"Point","coordinates":[19.575209,51.824933]},"properties":{"name":"Kalonka-Kalonka Centrum Ojca Pio","lines":"88B","arr":["88B"],"terminus":0,"mode":"bus","color":"#0059a9","colorDark":"#00294f","angle":121.5,"snapDist":22,"label":0}},{"type":"Feature","geometry":{"type":"Point","coordinates":[19.584216,51.822199]},"properties":{"name":"Bukowiec-Bukowiec 61 NŻ","lines":"88B, 91B","arr":["88B","91B"],"terminus":0,"mode":"bus","color":"#0059a9","colorDark":"#00294f","angle":190.3,"snapDist":10,"label":1}},{"type":"Feature","geometry":{"type":"Point","coordinates":[19.590205,51.821205]},"properties":{"name":"Grabina-Grabina 50 NŻ","lines":"88B, 91B","arr":["88B","91B"],"terminus":0,"mode":"bus","color":"#0059a9","colorDark":"#00294f","angle":200.7,"snapDist":3,"label":1}},{"type":"Feature","geometry":{"type":"Point","coordinates":[19.597142,51.819608]},"properties":{"name":"Grabina-Grabina/Lipowa NŻ","lines":"88B","arr":["88B"],"terminus":0,"mode":"bus","color":"#0059a9","colorDark":"#00294f","angle":19.5,"snapDist":12,"label":1}},{"type":"Feature","geometry":{"type":"Point","coordinates":[19.609627,51.81677]},"properties":{"name":"Janów 6c NŻ","lines":"88B","arr":["88B"],"terminus":0,"mode":"bus","color":"#0059a9","colorDark":"#00294f","angle":199.8,"snapDist":4,"label":1}},{"type":"Feature","geometry":{"type":"Point","coordinates":[19.620654,51.813598]},"properties":{"name":"Janów wieś NŻ","lines":"88B, 91C","arr":["88B","91C"],"terminus":0,"mode":"bus","color":"#0059a9","colorDark":"#00294f","angle":117.7,"snapDist":4,"label":1}},{"type":"Feature","geometry":{"type":"Point","coordinates":[19.626089,51.820117]},"properties":{"name":"Plichtów NŻ","lines":"88B, 91C","arr":["88B","91C"],"terminus":0,"mode":"bus","color":"#0059a9","colorDark":"#00294f","angle":117.2,"snapDist":2,"label":1}},{"type":"Feature","geometry":{"type":"Point","coordinates":[19.627832,51.826401]},"properties":{"name":"Byszewy NŻ","lines":"88B, 91C","arr":["88B","91C"],"terminus":0,"mode":"bus","color":"#0059a9","colorDark":"#00294f","angle":91.4,"snapDist":3,"label":1}},{"type":"Feature","geometry":{"type":"Point","coordinates":[19.630586,51.832261]},"properties":{"name":"Byszewy Majątek NŻ","lines":"88B, 91C","arr":["88B","91C"],"terminus":0,"mode":"bus","color":"#0059a9","colorDark":"#00294f","angle":108.1,"snapDist":4,"label":1}},{"type":"Feature","geometry":{"type":"Point","coordinates":[19.633329,51.839754]},"properties":{"name":"Byszewska-Boginia NŻ","lines":"88B, 88C, 91C","arr":["88B","88C","91C"],"terminus":0,"mode":"bus","color":"#0059a9","colorDark":"#00294f","angle":79.4,"snapDist":4,"label":1}},{"type":"Feature","geometry":{"type":"Point","coordinates":[19.632034,51.84534]},"properties":{"name":"Stare Skoszewy 23 NŻ","lines":"88B, 88C, 91C","arr":["88B","88C","91C"],"terminus":0,"mode":"bus","color":"#0059a9","colorDark":"#00294f","angle":89.6,"snapDist":5,"label":1}},{"type":"Feature","geometry":{"type":"Point","coordinates":[19.635319,51.85089]},"properties":{"name":"Skoszewy (szkoła)","lines":"88B, 88C, 91C","arr":["88B","88C","91C"],"terminus":0,"mode":"bus","color":"#0059a9","colorDark":"#00294f","angle":111.1,"snapDist":3,"label":1}},{"type":"Feature","geometry":{"type":"Point","coordinates":[19.638874,51.854854]},"properties":{"name":"Skoszewy","lines":"88B, 88C, 91C","arr":["88B","88C","91C"],"terminus":1,"mode":"bus","color":"#0059a9","colorDark":"#00294f","angle":183.1,"snapDist":10,"label":1}},{"type":"Feature","geometry":{"type":"Point","coordinates":[19.635233,51.850752]},"properties":{"name":"Skoszewy (szkoła)","lines":"88B, 88C, 91C","arr":["88B","88C","91C"],"terminus":0,"mode":"bus","color":"#0059a9","colorDark":"#00294f","angle":291.1,"snapDist":2,"label":0}},{"type":"Feature","geometry":{"type":"Point","coordinates":[19.632036,51.84517]},"properties":{"name":"Stare Skoszewy 26 NŻ","lines":"88B, 88C, 91C","arr":["88B","88C","91C"],"terminus":0,"mode":"bus","color":"#0059a9","colorDark":"#00294f","angle":269.6,"snapDist":5,"label":1}},{"type":"Feature","geometry":{"type":"Point","coordinates":[19.633417,51.839425]},"properties":{"name":"Byszewska-Boginia NŻ","lines":"88B, 88C, 91C","arr":["88B","88C","91C"],"terminus":0,"mode":"bus","color":"#0059a9","colorDark":"#00294f","angle":259.9,"snapDist":3,"label":0}},{"type":"Feature","geometry":{"type":"Point","coordinates":[19.630436,51.831975]},"properties":{"name":"Byszewy Majątek NŻ","lines":"88B, 91C","arr":["88B","91C"],"terminus":0,"mode":"bus","color":"#0059a9","colorDark":"#00294f","angle":287.8,"snapDist":2,"label":0}},{"type":"Feature","geometry":{"type":"Point","coordinates":[19.627821,51.82596]},"properties":{"name":"Byszewy NŻ","lines":"88B, 91C","arr":["88B","91C"],"terminus":0,"mode":"bus","color":"#0059a9","colorDark":"#00294f","angle":270.1,"snapDist":5,"label":0}},{"type":"Feature","geometry":{"type":"Point","coordinates":[19.625927,51.819921]},"properties":{"name":"Plichtów NŻ","lines":"88B, 91C","arr":["88B","91C"],"terminus":0,"mode":"bus","color":"#0059a9","colorDark":"#00294f","angle":297.3,"snapDist":2,"label":0}},{"type":"Feature","geometry":{"type":"Point","coordinates":[19.620735,51.813696]},"properties":{"name":"Janów wieś NŻ","lines":"88B, 91C","arr":["88B","91C"],"terminus":0,"mode":"bus","color":"#0059a9","colorDark":"#00294f","angle":297.2,"snapDist":3,"label":0}},{"type":"Feature","geometry":{"type":"Point","coordinates":[19.609643,51.816766]},"properties":{"name":"Janów 7b NŻ","lines":"88B","arr":["88B"],"terminus":0,"mode":"bus","color":"#0059a9","colorDark":"#00294f","angle":19.8,"snapDist":8,"label":1}},{"type":"Feature","geometry":{"type":"Point","coordinates":[19.597302,51.819573]},"properties":{"name":"Grabina-Grabina/Lipowa NŻ","lines":"88B","arr":["88B"],"terminus":0,"mode":"bus","color":"#0059a9","colorDark":"#00294f","angle":19.5,"snapDist":8,"label":0}},{"type":"Feature","geometry":{"type":"Point","coordinates":[19.590812,51.821066]},"properties":{"name":"Grabina-Grabina 50 NŻ","lines":"88B, 91B","arr":["88B","91B"],"terminus":0,"mode":"bus","color":"#0059a9","colorDark":"#00294f","angle":20.3,"snapDist":2,"label":0}},{"type":"Feature","geometry":{"type":"Point","coordinates":[19.584153,51.822206]},"properties":{"name":"Bukowiec-Bukowiec 61 NŻ","lines":"88B, 91B","arr":["88B","91B"],"terminus":0,"mode":"bus","color":"#0059a9","colorDark":"#00294f","angle":10.3,"snapDist":5,"label":0}},{"type":"Feature","geometry":{"type":"Point","coordinates":[19.575574,51.824748]},"properties":{"name":"Kalonka-Kalonka Centrum Ojca Pio","lines":"88B, 88D, 91B","arr":["88B","88D","91B"],"terminus":1,"mode":"bus","color":"#0059a9","colorDark":"#00294f","angle":35.7,"snapDist":5,"label":1}},{"type":"Feature","geometry":{"type":"Point","coordinates":[19.568776,51.827588]},"properties":{"name":"Kalonka II","lines":"88B, 88C, 88D","arr":["88B","88C","88D"],"terminus":0,"mode":"bus","color":"#0059a9","colorDark":"#00294f","angle":343.1,"snapDist":4,"label":0}},{"type":"Feature","geometry":{"type":"Point","coordinates":[19.56537,51.82719]},"properties":{"name":"Kalonka NŻ","lines":"88B, 88C, 88D","arr":["88B","88C","88D"],"terminus":0,"mode":"bus","color":"#0059a9","colorDark":"#00294f","angle":0.1,"snapDist":3,"label":0}},{"type":"Feature","geometry":{"type":"Point","coordinates":[19.562762,51.822918]},"properties":{"name":"Kopanka-Kopanka 24a NŻ","lines":"88B, 88C, 88D","arr":["88B","88C","88D"],"terminus":0,"mode":"bus","color":"#0059a9","colorDark":"#00294f","angle":273.4,"snapDist":4,"label":0}},{"type":"Feature","geometry":{"type":"Point","coordinates":[19.561339,51.816575]},"properties":{"name":"Dąbrowa NŻ","lines":"88B, 88C, 88D","arr":["88B","88C","88D"],"terminus":0,"mode":"bus","color":"#0059a9","colorDark":"#00294f","angle":309.3,"snapDist":6,"label":0}},{"type":"Feature","geometry":{"type":"Point","coordinates":[19.549744,51.810487]},"properties":{"name":"Marmurowa-Moskuliki","lines":"88B, 88C, 88D","arr":["88B","88C","88D"],"terminus":0,"mode":"bus","color":"#0059a9","colorDark":"#00294f","angle":310.5,"snapDist":4,"label":0}},{"type":"Feature","geometry":{"type":"Point","coordinates":[19.545384,51.807077]},"properties":{"name":"Marmurowa-Opolska NŻ","lines":"88B, 88C, 88D","arr":["88B","88C","88D"],"terminus":0,"mode":"bus","color":"#0059a9","colorDark":"#00294f","angle":304.4,"snapDist":4,"label":0}},{"type":"Feature","geometry":{"type":"Point","coordinates":[19.536177,51.79905]},"properties":{"name":"Marmurowa-Beskidzka NŻ","lines":"88B, 88C, 88D","arr":["88B","88C","88D"],"terminus":0,"mode":"bus","color":"#0059a9","colorDark":"#00294f","angle":305.7,"snapDist":6,"label":0}},{"type":"Feature","geometry":{"type":"Point","coordinates":[19.535045,51.797166]},"properties":{"name":"Marmurowa-Brzezińska","lines":"88B, 88C, 88D","arr":["88B","88C","88D"],"terminus":0,"mode":"bus","color":"#0059a9","colorDark":"#00294f","angle":281.1,"snapDist":8,"label":1}},{"type":"Feature","geometry":{"type":"Point","coordinates":[19.574452,51.828666]},"properties":{"name":"Kalonka (osiedle)","lines":"88C","arr":["88C"],"terminus":0,"mode":"bus","color":"#0059a9","colorDark":"#00294f","angle":162.6,"snapDist":4,"label":1}},{"type":"Feature","geometry":{"type":"Point","coordinates":[19.583624,51.830809]},"properties":{"name":"Niecki NŻ","lines":"88C","arr":["88C"],"terminus":0,"mode":"bus","color":"#0059a9","colorDark":"#00294f","angle":140.1,"snapDist":3,"label":1}},{"type":"Feature","geometry":{"type":"Point","coordinates":[19.588842,51.833411]},"properties":{"name":"Borchówka 21 NŻ","lines":"88C","arr":["88C"],"terminus":0,"mode":"bus","color":"#0059a9","colorDark":"#00294f","angle":141.3,"snapDist":3,"label":1}},{"type":"Feature","geometry":{"type":"Point","coordinates":[19.596464,51.837254]},"properties":{"name":"Borchówka 39 NŻ","lines":"88C","arr":["88C"],"terminus":0,"mode":"bus","color":"#0059a9","colorDark":"#00294f","angle":145.7,"snapDist":2,"label":1}},{"type":"Feature","geometry":{"type":"Point","coordinates":[19.602034,51.839391]},"properties":{"name":"Borchówka Las NŻ","lines":"88C","arr":["88C"],"terminus":0,"mode":"bus","color":"#0059a9","colorDark":"#00294f","angle":152.5,"snapDist":4,"label":1}},{"type":"Feature","geometry":{"type":"Point","coordinates":[19.606909,51.834321]},"properties":{"name":"Borchówka 7 NŻ","lines":"88C","arr":["88C"],"terminus":0,"mode":"bus","color":"#0059a9","colorDark":"#00294f","angle":156.8,"snapDist":4,"label":1}},{"type":"Feature","geometry":{"type":"Point","coordinates":[19.617678,51.836388]},"properties":{"name":"Boginia działki NŻ","lines":"88C","arr":["88C"],"terminus":0,"mode":"bus","color":"#0059a9","colorDark":"#00294f","angle":177.6,"snapDist":3,"label":1}},{"type":"Feature","geometry":{"type":"Point","coordinates":[19.626688,51.836691]},"properties":{"name":"Boginia chłodnia NŻ","lines":"88C","arr":["88C"],"terminus":0,"mode":"bus","color":"#0059a9","colorDark":"#00294f","angle":177.1,"snapDist":2,"label":1}},{"type":"Feature","geometry":{"type":"Point","coordinates":[19.626343,51.83668]},"properties":{"name":"Boginia chłodnia NŻ","lines":"88C","arr":["88C"],"terminus":0,"mode":"bus","color":"#0059a9","colorDark":"#00294f","angle":356.2,"snapDist":3,"label":0}},{"type":"Feature","geometry":{"type":"Point","coordinates":[19.618342,51.83641]},"properties":{"name":"Boginia działki NŻ","lines":"88C","arr":["88C"],"terminus":0,"mode":"bus","color":"#0059a9","colorDark":"#00294f","angle":356.8,"snapDist":2,"label":0}},{"type":"Feature","geometry":{"type":"Point","coordinates":[19.607457,51.834463]},"properties":{"name":"Borchówka 7 NŻ","lines":"88C","arr":["88C"],"terminus":0,"mode":"bus","color":"#0059a9","colorDark":"#00294f","angle":338.9,"snapDist":3,"label":0}},{"type":"Feature","geometry":{"type":"Point","coordinates":[19.602361,51.839495]},"properties":{"name":"Borchówka Las NŻ","lines":"88C","arr":["88C"],"terminus":0,"mode":"bus","color":"#0059a9","colorDark":"#00294f","angle":332.8,"snapDist":3,"label":0}},{"type":"Feature","geometry":{"type":"Point","coordinates":[19.596658,51.837334]},"properties":{"name":"Borchówka 39 NŻ","lines":"88C","arr":["88C"],"terminus":0,"mode":"bus","color":"#0059a9","colorDark":"#00294f","angle":326.4,"snapDist":3,"label":0}},{"type":"Feature","geometry":{"type":"Point","coordinates":[19.589741,51.833864]},"properties":{"name":"Borchówka 21 NŻ","lines":"88C","arr":["88C"],"terminus":0,"mode":"bus","color":"#0059a9","colorDark":"#00294f","angle":320.8,"snapDist":2,"label":0}},{"type":"Feature","geometry":{"type":"Point","coordinates":[19.583751,51.830874]},"properties":{"name":"Niecki NŻ","lines":"88C","arr":["88C"],"terminus":0,"mode":"bus","color":"#0059a9","colorDark":"#00294f","angle":320.1,"snapDist":2,"label":0}},{"type":"Feature","geometry":{"type":"Point","coordinates":[19.574744,51.828723]},"properties":{"name":"Kalonka (osiedle)","lines":"88C","arr":["88C"],"terminus":0,"mode":"bus","color":"#0059a9","colorDark":"#00294f","angle":342.6,"snapDist":3,"label":0}},{"type":"Feature","geometry":{"type":"Point","coordinates":[19.381636,51.816998]},"properties":{"name":"cm. Szczecińska","lines":"89","arr":["89"],"terminus":1,"mode":"bus","color":"#0059a9","colorDark":"#00294f","angle":335.7,"snapDist":3,"label":0}},{"type":"Feature","geometry":{"type":"Point","coordinates":[19.411654,51.805243]},"properties":{"name":"Brukowa-św. Teresy NŻ","lines":"89","arr":["89"],"terminus":0,"mode":"bus","color":"#0059a9","colorDark":"#00294f","angle":93.1,"snapDist":5,"label":1}},{"type":"Feature","geometry":{"type":"Point","coordinates":[19.424188,51.804558]},"properties":{"name":"Św. Teresy-Włókniarzy NŻ","lines":"89","arr":["89"],"terminus":0,"mode":"bus","color":"#0059a9","colorDark":"#00294f","angle":172,"snapDist":11,"label":1}},{"type":"Feature","geometry":{"type":"Point","coordinates":[19.41896,51.818249]},"properties":{"name":"11 Listopada-Radogoszcz Zachód","lines":"89","arr":["89"],"terminus":0,"mode":"bus","color":"#0059a9","colorDark":"#00294f","angle":49.9,"snapDist":5,"label":1}},{"type":"Feature","geometry":{"type":"Point","coordinates":[19.417322,51.82021]},"properties":{"name":"11 Listopada-Dw. Łódź Radogoszcz Zach.NŻ","lines":"89","arr":["89"],"terminus":0,"mode":"bus","color":"#0059a9","colorDark":"#00294f","angle":66.9,"snapDist":3,"label":1}},{"type":"Feature","geometry":{"type":"Point","coordinates":[19.418993,51.827146]},"properties":{"name":"Okulickiego-11 Listopada NŻ","lines":"89","arr":["89"],"terminus":0,"mode":"bus","color":"#0059a9","colorDark":"#00294f","angle":158.1,"snapDist":3,"label":1}},{"type":"Feature","geometry":{"type":"Point","coordinates":[19.425377,51.828809]},"properties":{"name":"Okulickiego-Zgierska NŻ","lines":"89","arr":["89"],"terminus":0,"mode":"bus","color":"#0059a9","colorDark":"#00294f","angle":157.6,"snapDist":2,"label":1}},{"type":"Feature","geometry":{"type":"Point","coordinates":[19.428185,51.82584]},"properties":{"name":"Zgierska-Brzoskwiniowa NŻ","lines":"89","arr":["89"],"terminus":0,"mode":"bus","color":"#0059a9","colorDark":"#00294f","angle":249.4,"snapDist":3,"label":1}},{"type":"Feature","geometry":{"type":"Point","coordinates":[19.432591,51.822842]},"properties":{"name":"Świtezianki-Zgierska","lines":"89, N2","arr":["89","N2"],"terminus":0,"mode":"bus","color":"#0059a9","colorDark":"#00294f","angle":159.7,"snapDist":4,"label":1}},{"type":"Feature","geometry":{"type":"Point","coordinates":[19.43948,51.824604]},"properties":{"name":"Świtezianki-Nastrojowa","lines":"89","arr":["89"],"terminus":0,"mode":"bus","color":"#0059a9","colorDark":"#00294f","angle":157.1,"snapDist":5,"label":1}},{"type":"Feature","geometry":{"type":"Point","coordinates":[19.442522,51.82011]},"properties":{"name":"Nastrojowa-pl. Słoneczny","lines":"89","arr":["89"],"terminus":1,"mode":"bus","color":"#0059a9","colorDark":"#00294f","angle":66.5,"snapDist":3,"label":1}},{"type":"Feature","geometry":{"type":"Point","coordinates":[19.437666,51.824117]},"properties":{"name":"Świtezianki-Nastrojowa","lines":"89","arr":["89"],"terminus":0,"mode":"bus","color":"#0059a9","colorDark":"#00294f","angle":337.1,"snapDist":6,"label":0}},{"type":"Feature","geometry":{"type":"Point","coordinates":[19.431156,51.822499]},"properties":{"name":"Świtezianki-Zgierska","lines":"89, N2","arr":["89","N2"],"terminus":0,"mode":"bus","color":"#0059a9","colorDark":"#00294f","angle":338.7,"snapDist":5,"label":0}},{"type":"Feature","geometry":{"type":"Point","coordinates":[19.425448,51.828828]},"properties":{"name":"Okulickiego-Zgierska NŻ","lines":"89","arr":["89"],"terminus":0,"mode":"bus","color":"#0059a9","colorDark":"#00294f","angle":337.6,"snapDist":1,"label":0}},{"type":"Feature","geometry":{"type":"Point","coordinates":[19.419027,51.827154]},"properties":{"name":"Okulickiego-11 Listopada NŻ","lines":"89","arr":["89"],"terminus":0,"mode":"bus","color":"#0059a9","colorDark":"#00294f","angle":338.1,"snapDist":3,"label":0}},{"type":"Feature","geometry":{"type":"Point","coordinates":[19.416822,51.820939]},"properties":{"name":"11 Listopada-Dw. Łódź Radogoszcz Zach.NŻ","lines":"89","arr":["89"],"terminus":0,"mode":"bus","color":"#0059a9","colorDark":"#00294f","angle":247.3,"snapDist":8,"label":0}},{"type":"Feature","geometry":{"type":"Point","coordinates":[19.420315,51.804663]},"properties":{"name":"Św. Teresy-św. Teresy 91 NŻ","lines":"89","arr":["89"],"terminus":0,"mode":"bus","color":"#0059a9","colorDark":"#00294f","angle":17.8,"snapDist":8,"label":1}},{"type":"Feature","geometry":{"type":"Point","coordinates":[19.412761,51.80592]},"properties":{"name":"Św. Teresy-Brukowa NŻ","lines":"89","arr":["89"],"terminus":0,"mode":"bus","color":"#0059a9","colorDark":"#00294f","angle":14.4,"snapDist":8,"label":1}},{"type":"Feature","geometry":{"type":"Point","coordinates":[19.411333,51.801824]},"properties":{"name":"Brukowa-Pojezierska","lines":"89","arr":["89"],"terminus":0,"mode":"bus","color":"#0059a9","colorDark":"#00294f","angle":281.9,"snapDist":9,"label":0}},{"type":"Feature","geometry":{"type":"Point","coordinates":[19.590797,51.750809]},"properties":{"name":"Rokicińska-Józefiaka","lines":"90, 201, 202","arr":["90","201","202"],"terminus":0,"mode":"bus","color":"#0059a9","colorDark":"#00294f","angle":184.7,"snapDist":6,"label":0}},{"type":"Feature","geometry":{"type":"Point","coordinates":[19.596613,51.749113]},"properties":{"name":"Rokicińska-Autostrada A1 NŻ","lines":"90, 201, 202","arr":["90","201","202"],"terminus":0,"mode":"bus","color":"#0059a9","colorDark":"#00294f","angle":222.3,"snapDist":6,"label":1}},{"type":"Feature","geometry":{"type":"Point","coordinates":[19.599368,51.747571]},"properties":{"name":"Rokicińska-Dunikowskiego NŻ","lines":"90, 201, 202","arr":["90","201","202"],"terminus":0,"mode":"bus","color":"#0059a9","colorDark":"#00294f","angle":221.8,"snapDist":9,"label":1}},{"type":"Feature","geometry":{"type":"Point","coordinates":[19.605876,51.743931]},"properties":{"name":"Rokicińska-Walentynowicz NŻ","lines":"90, 201, 202","arr":["90","201","202"],"terminus":0,"mode":"bus","color":"#0059a9","colorDark":"#00294f","angle":221.3,"snapDist":9,"label":1}},{"type":"Feature","geometry":{"type":"Point","coordinates":[19.623959,51.733182]},"properties":{"name":"Wieńcowa-Rokicińska NŻ","lines":"90","arr":["90"],"terminus":0,"mode":"bus","color":"#0059a9","colorDark":"#00294f","angle":1,"snapDist":4,"label":1}},{"type":"Feature","geometry":{"type":"Point","coordinates":[19.614412,51.731759]},"properties":{"name":"Wieńcowa-Przylesie NŻ","lines":"90","arr":["90"],"terminus":0,"mode":"bus","color":"#0059a9","colorDark":"#00294f","angle":327.2,"snapDist":3,"label":1}},{"type":"Feature","geometry":{"type":"Point","coordinates":[19.608194,51.726783]},"properties":{"name":"Wieńcowa-Wieśniacza NŻ","lines":"90","arr":["90"],"terminus":0,"mode":"bus","color":"#0059a9","colorDark":"#00294f","angle":309.2,"snapDist":3,"label":1}},{"type":"Feature","geometry":{"type":"Point","coordinates":[19.60505,51.725359]},"properties":{"name":"Wieńcowa-Feliksińska NŻ","lines":"90","arr":["90"],"terminus":0,"mode":"bus","color":"#0059a9","colorDark":"#00294f","angle":299.5,"snapDist":5,"label":1}},{"type":"Feature","geometry":{"type":"Point","coordinates":[19.600649,51.726459]},"properties":{"name":"Feliksińska-Dworcowa NŻ","lines":"90","arr":["90"],"terminus":0,"mode":"bus","color":"#0059a9","colorDark":"#00294f","angle":31.4,"snapDist":3,"label":1}},{"type":"Feature","geometry":{"type":"Point","coordinates":[19.596111,51.729642]},"properties":{"name":"Jędrzejowska-Dw. Łódź Olechów Wschód","lines":"90","arr":["90"],"terminus":1,"mode":"bus","color":"#0059a9","colorDark":"#00294f","angle":-21.9,"snapDist":8,"label":1}},{"type":"Feature","geometry":{"type":"Point","coordinates":[19.600005,51.726703]},"properties":{"name":"Feliksińska-Dworcowa NŻ","lines":"90","arr":["90"],"terminus":0,"mode":"bus","color":"#0059a9","colorDark":"#00294f","angle":213.5,"snapDist":3,"label":0}},{"type":"Feature","geometry":{"type":"Point","coordinates":[19.604965,51.72527]},"properties":{"name":"Wieńcowa-Feliksińska NŻ","lines":"90","arr":["90"],"terminus":0,"mode":"bus","color":"#0059a9","colorDark":"#00294f","angle":120.8,"snapDist":4,"label":0}},{"type":"Feature","geometry":{"type":"Point","coordinates":[19.608365,51.726917]},"properties":{"name":"Wieńcowa-Wieśniacza NŻ","lines":"90","arr":["90"],"terminus":0,"mode":"bus","color":"#0059a9","colorDark":"#00294f","angle":128,"snapDist":3,"label":0}},{"type":"Feature","geometry":{"type":"Point","coordinates":[19.614282,51.731707]},"properties":{"name":"Wieńcowa-Przylesie NŻ","lines":"90","arr":["90"],"terminus":0,"mode":"bus","color":"#0059a9","colorDark":"#00294f","angle":147.2,"snapDist":5,"label":0}},{"type":"Feature","geometry":{"type":"Point","coordinates":[19.623671,51.733184]},"properties":{"name":"Wieńcowa-Rokicińska NŻ","lines":"90","arr":["90"],"terminus":0,"mode":"bus","color":"#0059a9","colorDark":"#00294f","angle":180.8,"snapDist":6,"label":0}},{"type":"Feature","geometry":{"type":"Point","coordinates":[19.61153,51.740769]},"properties":{"name":"Rokicińska-Gajcego","lines":"90, 201, 202","arr":["90","201","202"],"terminus":0,"mode":"bus","color":"#0059a9","colorDark":"#00294f","angle":41.5,"snapDist":3,"label":0}},{"type":"Feature","geometry":{"type":"Point","coordinates":[19.604829,51.744509]},"properties":{"name":"Rokicińska-Walentynowicz NŻ","lines":"90, 201, 202","arr":["90","201","202"],"terminus":0,"mode":"bus","color":"#0059a9","colorDark":"#00294f","angle":42.2,"snapDist":3,"label":0}},{"type":"Feature","geometry":{"type":"Point","coordinates":[19.600203,51.747105]},"properties":{"name":"Rokicińska-Dunikowskiego NŻ","lines":"90, 201, 202","arr":["90","201","202"],"terminus":0,"mode":"bus","color":"#0059a9","colorDark":"#00294f","angle":42.5,"snapDist":1,"label":0}},{"type":"Feature","geometry":{"type":"Point","coordinates":[19.594779,51.750141]},"properties":{"name":"Rokicińska-Autostrada A1 NŻ","lines":"90, 201, 202","arr":["90","201","202"],"terminus":0,"mode":"bus","color":"#0059a9","colorDark":"#00294f","angle":42.1,"snapDist":7,"label":0}},{"type":"Feature","geometry":{"type":"Point","coordinates":[19.592725,51.753459]},"properties":{"name":"Malownicza-Taborowa NŻ","lines":"91A, 91B, 91C","arr":["91A","91B","91C"],"terminus":0,"mode":"bus","color":"#0059a9","colorDark":"#00294f","angle":141.4,"snapDist":3,"label":1}},{"type":"Feature","geometry":{"type":"Point","coordinates":[19.602729,51.758606]},"properties":{"name":"Malownicza-Gerberowa NŻ","lines":"91A, 91B, 91C","arr":["91A","91B","91C"],"terminus":0,"mode":"bus","color":"#0059a9","colorDark":"#00294f","angle":141,"snapDist":2,"label":1}},{"type":"Feature","geometry":{"type":"Point","coordinates":[19.607136,51.760856]},"properties":{"name":"Malownicza-Rataja NŻ","lines":"91A, 91B, 91C","arr":["91A","91B","91C"],"terminus":0,"mode":"bus","color":"#0059a9","colorDark":"#00294f","angle":140.4,"snapDist":4,"label":1}},{"type":"Feature","geometry":{"type":"Point","coordinates":[19.616492,51.754197]},"properties":{"name":"Rataja-Słoneczne Zacisze NŻ","lines":"91A, 91B, 91C","arr":["91A","91B","91C"],"terminus":0,"mode":"bus","color":"#0059a9","colorDark":"#00294f","angle":234.2,"snapDist":7,"label":1}},{"type":"Feature","geometry":{"type":"Point","coordinates":[19.623169,51.748543]},"properties":{"name":"Rataja-Gajcego NŻ","lines":"91A, 91B, 91C","arr":["91A","91B","91C"],"terminus":0,"mode":"bus","color":"#0059a9","colorDark":"#00294f","angle":233.2,"snapDist":4,"label":1}},{"type":"Feature","geometry":{"type":"Point","coordinates":[19.630483,51.752691]},"properties":{"name":"Gajcego-Gajcego 121 NŻ","lines":"91A, 91B, 91C","arr":["91A","91B","91C"],"terminus":0,"mode":"bus","color":"#0059a9","colorDark":"#00294f","angle":132.5,"snapDist":3,"label":1}},{"type":"Feature","geometry":{"type":"Point","coordinates":[19.6316,51.757762]},"properties":{"name":"Wiączyń Dolny 96 NŻ","lines":"91A, 91B, 91C","arr":["91A","91B","91C"],"terminus":0,"mode":"bus","color":"#0059a9","colorDark":"#00294f","angle":93.6,"snapDist":3,"label":1}},{"type":"Feature","geometry":{"type":"Point","coordinates":[19.631691,51.76181]},"properties":{"name":"Wiączyń Dolny-Wiączyń Dolny 42 NŻ","lines":"91A, 91B, 91C","arr":["91A","91B","91C"],"terminus":0,"mode":"bus","color":"#0059a9","colorDark":"#00294f","angle":50.6,"snapDist":3,"label":1}},{"type":"Feature","geometry":{"type":"Point","coordinates":[19.624126,51.767562]},"properties":{"name":"Wiączyń Dolny-Wiączyń Dolny Szkoła","lines":"91A, 91B, 91C","arr":["91A","91B","91C"],"terminus":0,"mode":"bus","color":"#0059a9","colorDark":"#00294f","angle":50.5,"snapDist":3,"label":1}},{"type":"Feature","geometry":{"type":"Point","coordinates":[19.621908,51.769255]},"properties":{"name":"Wiączyń Dolny-Wiączyń Dolny 18 NŻ","lines":"91A, 91B, 91C","arr":["91A","91B","91C"],"terminus":0,"mode":"bus","color":"#0059a9","colorDark":"#00294f","angle":51.5,"snapDist":5,"label":1}},{"type":"Feature","geometry":{"type":"Point","coordinates":[19.619075,51.771433]},"properties":{"name":"Wiączyń Dolny 16 NŻ","lines":"91A, 91B, 91C","arr":["91A","91B","91C"],"terminus":0,"mode":"bus","color":"#0059a9","colorDark":"#00294f","angle":51.4,"snapDist":3,"label":1}},{"type":"Feature","geometry":{"type":"Point","coordinates":[19.613271,51.775885]},"properties":{"name":"Wiączyń Dolny-Wiączyń Dolny 4 NŻ","lines":"91A, 91B, 91C","arr":["91A","91B","91C"],"terminus":0,"mode":"bus","color":"#0059a9","colorDark":"#00294f","angle":51.1,"snapDist":4,"label":1}},{"type":"Feature","geometry":{"type":"Point","coordinates":[19.605359,51.781566]},"properties":{"name":"Wiączyńska-Autostrada A1 NŻ","lines":"91A, 91B, 91C","arr":["91A","91B","91C"],"terminus":0,"mode":"bus","color":"#0059a9","colorDark":"#00294f","angle":79,"snapDist":2,"label":1}},{"type":"Feature","geometry":{"type":"Point","coordinates":[19.603339,51.78349]},"properties":{"name":"Wiączyńska-Wiączyńska 32 NŻ","lines":"91A, 91B, 91C","arr":["91A","91B","91C"],"terminus":0,"mode":"bus","color":"#0059a9","colorDark":"#00294f","angle":51.1,"snapDist":4,"label":1}},{"type":"Feature","geometry":{"type":"Point","coordinates":[19.596463,51.788697]},"properties":{"name":"Wiączyńska-Wiączyńska 16 NŻ","lines":"91A, 91B, 91C","arr":["91A","91B","91C"],"terminus":0,"mode":"bus","color":"#0059a9","colorDark":"#00294f","angle":51,"snapDist":4,"label":1}},{"type":"Feature","geometry":{"type":"Point","coordinates":[19.590488,51.793264]},"properties":{"name":"Wiączyńska-Nowosolna","lines":"91A, 91B, 91C","arr":["91A","91B","91C"],"terminus":0,"mode":"bus","color":"#0059a9","colorDark":"#00294f","angle":51,"snapDist":5,"label":1}},{"type":"Feature","geometry":{"type":"Point","coordinates":[19.58994,51.794232]},"properties":{"name":"Nowosolna","lines":"91A, 91C","arr":["91A","91C"],"terminus":1,"mode":"bus","color":"#0059a9","colorDark":"#00294f","angle":7.2,"snapDist":5,"label":1}},{"type":"Feature","geometry":{"type":"Point","coordinates":[19.591156,51.792753]},"properties":{"name":"Wiączyńska-Nowosolna","lines":"91A, 91B, 91C","arr":["91A","91B","91C"],"terminus":0,"mode":"bus","color":"#0059a9","colorDark":"#00294f","angle":231,"snapDist":8,"label":0}},{"type":"Feature","geometry":{"type":"Point","coordinates":[19.596843,51.788406]},"properties":{"name":"Wiączyńska-Wiączyńska 16 NŻ","lines":"91A, 91B, 91C","arr":["91A","91B","91C"],"terminus":0,"mode":"bus","color":"#0059a9","colorDark":"#00294f","angle":231,"snapDist":6,"label":0}},{"type":"Feature","geometry":{"type":"Point","coordinates":[19.602893,51.783822]},"properties":{"name":"Wiączyńska-Wiączyńska 32 NŻ","lines":"91A, 91B, 91C","arr":["91A","91B","91C"],"terminus":0,"mode":"bus","color":"#0059a9","colorDark":"#00294f","angle":230.7,"snapDist":4,"label":0}},{"type":"Feature","geometry":{"type":"Point","coordinates":[19.605475,51.780937]},"properties":{"name":"Wiączyńska-Autostrada A1 NŻ","lines":"91A, 91B, 91C","arr":["91A","91B","91C"],"terminus":0,"mode":"bus","color":"#0059a9","colorDark":"#00294f","angle":264.1,"snapDist":7,"label":0}},{"type":"Feature","geometry":{"type":"Point","coordinates":[19.613519,51.775697]},"properties":{"name":"Wiączyń Dolny-Wiączyń Dolny 4 NŻ","lines":"91A, 91B, 91C","arr":["91A","91B","91C"],"terminus":0,"mode":"bus","color":"#0059a9","colorDark":"#00294f","angle":229.4,"snapDist":6,"label":0}},{"type":"Feature","geometry":{"type":"Point","coordinates":[19.618578,51.771809]},"properties":{"name":"Wiączyń Dolny 16 NŻ","lines":"91A, 91B, 91C","arr":["91A","91B","91C"],"terminus":0,"mode":"bus","color":"#0059a9","colorDark":"#00294f","angle":231.1,"snapDist":5,"label":0}},{"type":"Feature","geometry":{"type":"Point","coordinates":[19.622167,51.769053]},"properties":{"name":"Wiączyń Dolny-Wiączyń Dolny 18 NŻ","lines":"91A, 91B, 91C","arr":["91A","91B","91C"],"terminus":0,"mode":"bus","color":"#0059a9","colorDark":"#00294f","angle":231.3,"snapDist":6,"label":0}},{"type":"Feature","geometry":{"type":"Point","coordinates":[19.624763,51.767077]},"properties":{"name":"Wiączyń Dolny-Wiączyń Dolny Szkoła","lines":"91A, 91B, 91C","arr":["91A","91B","91C"],"terminus":0,"mode":"bus","color":"#0059a9","colorDark":"#00294f","angle":230.9,"snapDist":6,"label":0}},{"type":"Feature","geometry":{"type":"Point","coordinates":[19.631522,51.761937]},"properties":{"name":"Wiączyń Dolny-Wiączyń Dolny 42 NŻ","lines":"91A, 91B, 91C","arr":["91A","91B","91C"],"terminus":0,"mode":"bus","color":"#0059a9","colorDark":"#00294f","angle":230.5,"snapDist":6,"label":0}},{"type":"Feature","geometry":{"type":"Point","coordinates":[19.631563,51.757386]},"properties":{"name":"Wiączyń Dolny 96 NŻ","lines":"91A, 91B, 91C","arr":["91A","91B","91C"],"terminus":0,"mode":"bus","color":"#0059a9","colorDark":"#00294f","angle":273.6,"snapDist":6,"label":0}},{"type":"Feature","geometry":{"type":"Point","coordinates":[19.630053,51.752401]},"properties":{"name":"Gajcego-Gajcego 121 NŻ","lines":"91A, 91B, 91C","arr":["91A","91B","91C"],"terminus":0,"mode":"bus","color":"#0059a9","colorDark":"#00294f","angle":312.5,"snapDist":3,"label":0}},{"type":"Feature","geometry":{"type":"Point","coordinates":[19.623005,51.748679]},"properties":{"name":"Rataja-Gajcego NŻ","lines":"91A, 91B, 91C","arr":["91A","91B","91C"],"terminus":0,"mode":"bus","color":"#0059a9","colorDark":"#00294f","angle":53.2,"snapDist":4,"label":0}},{"type":"Feature","geometry":{"type":"Point","coordinates":[19.616164,51.754479]},"properties":{"name":"Rataja-Słoneczne Zacisze NŻ","lines":"91A, 91B, 91C","arr":["91A","91B","91C"],"terminus":0,"mode":"bus","color":"#0059a9","colorDark":"#00294f","angle":54.1,"snapDist":4,"label":0}},{"type":"Feature","geometry":{"type":"Point","coordinates":[19.607478,51.761032]},"properties":{"name":"Malownicza-Rataja NŻ","lines":"91A, 91B, 91C","arr":["91A","91B","91C"],"terminus":0,"mode":"bus","color":"#0059a9","colorDark":"#00294f","angle":319.8,"snapDist":4,"label":0}},{"type":"Feature","geometry":{"type":"Point","coordinates":[19.602305,51.758393]},"properties":{"name":"Malownicza-Gerberowa NŻ","lines":"91A, 91B, 91C","arr":["91A","91B","91C"],"terminus":0,"mode":"bus","color":"#0059a9","colorDark":"#00294f","angle":321,"snapDist":4,"label":0}},{"type":"Feature","geometry":{"type":"Point","coordinates":[19.592946,51.753574]},"properties":{"name":"Malownicza-Taborowa NŻ","lines":"91A, 91B, 91C","arr":["91A","91B","91C"],"terminus":0,"mode":"bus","color":"#0059a9","colorDark":"#00294f","angle":320,"snapDist":4,"label":0}},{"type":"Feature","geometry":{"type":"Point","coordinates":[19.589757,51.794583]},"properties":{"name":"Grabińska-Nowosolna","lines":"91B","arr":["91B"],"terminus":0,"mode":"bus","color":"#0059a9","colorDark":"#00294f","angle":94.1,"snapDist":5,"label":1}},{"type":"Feature","geometry":{"type":"Point","coordinates":[19.590382,51.800683]},"properties":{"name":"Grabińska-Grabińska 10 NŻ","lines":"91B","arr":["91B"],"terminus":0,"mode":"bus","color":"#0059a9","colorDark":"#00294f","angle":93.8,"snapDist":5,"label":1}},{"type":"Feature","geometry":{"type":"Point","coordinates":[19.590969,51.806252]},"properties":{"name":"Grabińska-Podwodna NŻ","lines":"91B","arr":["91B"],"terminus":0,"mode":"bus","color":"#0059a9","colorDark":"#00294f","angle":93.7,"snapDist":3,"label":1}},{"type":"Feature","geometry":{"type":"Point","coordinates":[19.591822,51.814223]},"properties":{"name":"Grabińska 40","lines":"91B","arr":["91B"],"terminus":0,"mode":"bus","color":"#0059a9","colorDark":"#00294f","angle":93.8,"snapDist":5,"label":1}},{"type":"Feature","geometry":{"type":"Point","coordinates":[19.596695,51.819505]},"properties":{"name":"Grabina-Grabina/Lipowa 1 NŻ","lines":"91B","arr":["91B"],"terminus":0,"mode":"bus","color":"#0059a9","colorDark":"#00294f","angle":99,"snapDist":4,"label":1}},{"type":"Feature","geometry":{"type":"Point","coordinates":[19.596716,51.819589]},"properties":{"name":"Grabina-Grabina/Lipowa 1 NŻ","lines":"91B","arr":["91B"],"terminus":0,"mode":"bus","color":"#0059a9","colorDark":"#00294f","angle":279,"snapDist":0,"label":0}},{"type":"Feature","geometry":{"type":"Point","coordinates":[19.591769,51.813726]},"properties":{"name":"Grabińska 40","lines":"91B","arr":["91B"],"terminus":0,"mode":"bus","color":"#0059a9","colorDark":"#00294f","angle":273.8,"snapDist":7,"label":0}},{"type":"Feature","geometry":{"type":"Point","coordinates":[19.590926,51.805838]},"properties":{"name":"Grabińska-Podwodna NŻ","lines":"91B","arr":["91B"],"terminus":0,"mode":"bus","color":"#0059a9","colorDark":"#00294f","angle":274.3,"snapDist":3,"label":0}},{"type":"Feature","geometry":{"type":"Point","coordinates":[19.590428,51.801128]},"properties":{"name":"Grabińska-Grabińska 10 NŻ","lines":"91B","arr":["91B"],"terminus":0,"mode":"bus","color":"#0059a9","colorDark":"#00294f","angle":273.3,"snapDist":5,"label":0}},{"type":"Feature","geometry":{"type":"Point","coordinates":[19.58975,51.794517]},"properties":{"name":"Grabińska-Nowosolna","lines":"91B","arr":["91B"],"terminus":0,"mode":"bus","color":"#0059a9","colorDark":"#00294f","angle":274,"snapDist":4,"label":0}},{"type":"Feature","geometry":{"type":"Point","coordinates":[19.591419,51.794753]},"properties":{"name":"Byszewska-Nowosolna","lines":"91C","arr":["91C"],"terminus":0,"mode":"bus","color":"#0059a9","colorDark":"#00294f","angle":140.8,"snapDist":3,"label":1}},{"type":"Feature","geometry":{"type":"Point","coordinates":[19.60053,51.79936]},"properties":{"name":"Byszewska-Pomarańczowa","lines":"91C","arr":["91C"],"terminus":0,"mode":"bus","color":"#0059a9","colorDark":"#00294f","angle":140.7,"snapDist":4,"label":1}},{"type":"Feature","geometry":{"type":"Point","coordinates":[19.610542,51.804399]},"properties":{"name":"Byszewska-Byszewska 26","lines":"91C","arr":["91C"],"terminus":0,"mode":"bus","color":"#0059a9","colorDark":"#00294f","angle":141.2,"snapDist":4,"label":1}},{"type":"Feature","geometry":{"type":"Point","coordinates":[19.609825,51.804043]},"properties":{"name":"Byszewska-Byszewska 26","lines":"91C","arr":["91C"],"terminus":0,"mode":"bus","color":"#0059a9","colorDark":"#00294f","angle":321.2,"snapDist":4,"label":0}},{"type":"Feature","geometry":{"type":"Point","coordinates":[19.60043,51.799309]},"properties":{"name":"Byszewska-Pomarańczowa","lines":"91C","arr":["91C"],"terminus":0,"mode":"bus","color":"#0059a9","colorDark":"#00294f","angle":321,"snapDist":4,"label":0}},{"type":"Feature","geometry":{"type":"Point","coordinates":[19.619295,51.702208]},"properties":{"name":"Stróża-Stróża Kolumny","lines":"92A, 92B","arr":["92A","92B"],"terminus":1,"mode":"bus","color":"#0059a9","colorDark":"#00294f","angle":220.3,"snapDist":3,"label":1}},{"type":"Feature","geometry":{"type":"Point","coordinates":[19.610625,51.704646]},"properties":{"name":"Kolumny-Czajewskiego NŻ","lines":"92A, 92B","arr":["92A","92B"],"terminus":0,"mode":"bus","color":"#0059a9","colorDark":"#00294f","angle":33,"snapDist":3,"label":1}},{"type":"Feature","geometry":{"type":"Point","coordinates":[19.600664,51.708683]},"properties":{"name":"Kolumny-Autostrada A1 NŻ","lines":"92A, 92B","arr":["92A","92B"],"terminus":0,"mode":"bus","color":"#0059a9","colorDark":"#00294f","angle":33.1,"snapDist":3,"label":1}},{"type":"Feature","geometry":{"type":"Point","coordinates":[19.596163,51.709757]},"properties":{"name":"Kolumny-Platanowa NŻ","lines":"92A, 92B","arr":["92A","92B"],"terminus":0,"mode":"bus","color":"#0059a9","colorDark":"#00294f","angle":13.5,"snapDist":5,"label":1}},{"type":"Feature","geometry":{"type":"Point","coordinates":[19.584615,51.712065]},"properties":{"name":"Kolumny-Mozaikowa NŻ","lines":"92A, 92B","arr":["92A","92B"],"terminus":0,"mode":"bus","color":"#0059a9","colorDark":"#00294f","angle":20.7,"snapDist":3,"label":1}},{"type":"Feature","geometry":{"type":"Point","coordinates":[19.57348,51.714692]},"properties":{"name":"Kolumny-Ogrodnicza NŻ","lines":"92A, 92B","arr":["92A","92B"],"terminus":0,"mode":"bus","color":"#0059a9","colorDark":"#00294f","angle":21.2,"snapDist":6,"label":1}},{"type":"Feature","geometry":{"type":"Point","coordinates":[19.56728,51.716173]},"properties":{"name":"Kolumny-Kolumny 432 NŻ","lines":"92A, 92B","arr":["92A","92B"],"terminus":0,"mode":"bus","color":"#0059a9","colorDark":"#00294f","angle":21.3,"snapDist":6,"label":1}},{"type":"Feature","geometry":{"type":"Point","coordinates":[19.563489,51.716349]},"properties":{"name":"Kolumny-Mahoniowa NŻ","lines":"92A, 92B","arr":["92A","92B"],"terminus":0,"mode":"bus","color":"#0059a9","colorDark":"#00294f","angle":349.9,"snapDist":3,"label":1}},{"type":"Feature","geometry":{"type":"Point","coordinates":[19.556416,51.715103]},"properties":{"name":"Kolumny-Morenowa NŻ","lines":"92A, 92B","arr":["92A","92B"],"terminus":0,"mode":"bus","color":"#0059a9","colorDark":"#00294f","angle":311.9,"snapDist":6,"label":1}},{"type":"Feature","geometry":{"type":"Point","coordinates":[19.550704,51.712295]},"properties":{"name":"Kolumny-Kalinowskiego","lines":"92A, 92B","arr":["92A","92B"],"terminus":0,"mode":"bus","color":"#0059a9","colorDark":"#00294f","angle":348.9,"snapDist":5,"label":1}},{"type":"Feature","geometry":{"type":"Point","coordinates":[19.504329,51.736273]},"properties":{"name":"Dąbrowskiego-Podhalańska","lines":"92A, 92B, F1, N6","arr":["92A","92B","F1","N6"],"terminus":0,"mode":"bus","color":"#0059a9","colorDark":"#00294f","angle":6.9,"snapDist":6,"label":0}},{"type":"Feature","geometry":{"type":"Point","coordinates":[19.496227,51.736986]},"properties":{"name":"Dąbrowskiego-Tatrzańska","lines":"92A, 92B","arr":["92A","92B"],"terminus":0,"mode":"bus","color":"#0059a9","colorDark":"#00294f","angle":8.2,"snapDist":2,"label":1}},{"type":"Feature","geometry":{"type":"Point","coordinates":[19.478699,51.739388]},"properties":{"name":"Kilińskiego-Dąbrowskiego","lines":"92A, 92B, N3A, N3B","arr":["92A","92B","N3A","N3B"],"terminus":0,"mode":"bus","color":"#0059a9","colorDark":"#00294f","angle":85.7,"snapDist":4,"label":1}},{"type":"Feature","geometry":{"type":"Point","coordinates":[19.475409,51.743359]},"properties":{"name":"Zarzewska-Kilińskiego","lines":"92A, 92B, N5A, N5B","arr":["92A","92B","N5A","N5B"],"terminus":0,"mode":"bus","color":"#0059a9","colorDark":"#00294f","angle":343.8,"snapDist":5,"label":1}},{"type":"Feature","geometry":{"type":"Point","coordinates":[19.471449,51.74265]},"properties":{"name":"Zarzewska-Praska NŻ","lines":"92A, 92B, N5A, N5B","arr":["92A","92B","N5A","N5B"],"terminus":0,"mode":"bus","color":"#0059a9","colorDark":"#00294f","angle":343.7,"snapDist":5,"label":1}},{"type":"Feature","geometry":{"type":"Point","coordinates":[19.465133,51.741496]},"properties":{"name":"Zarzewska-Rzgowska NŻ","lines":"92A, 92B, N5A, N5B","arr":["92A","92B","N5A","N5B"],"terminus":0,"mode":"bus","color":"#0059a9","colorDark":"#00294f","angle":163.7,"snapDist":4,"label":1}},{"type":"Feature","geometry":{"type":"Point","coordinates":[19.471382,51.742637]},"properties":{"name":"Zarzewska-Praska NŻ","lines":"92A, 92B, N5A, N5B","arr":["92A","92B","N5A","N5B"],"terminus":0,"mode":"bus","color":"#0059a9","colorDark":"#00294f","angle":163.7,"snapDist":4,"label":0}},{"type":"Feature","geometry":{"type":"Point","coordinates":[19.474953,51.743277]},"properties":{"name":"Zarzewska-Kilińskiego","lines":"92A, 92B, N5A, N5B","arr":["92A","92B","N5A","N5B"],"terminus":0,"mode":"bus","color":"#0059a9","colorDark":"#00294f","angle":163.8,"snapDist":4,"label":0}},{"type":"Feature","geometry":{"type":"Point","coordinates":[19.476285,51.74498]},"properties":{"name":"Kilińskiego-Przybyszewskiego","lines":"92A, 92B, N3A, N3B, N5A, N5B","arr":["92A","92B","N3A","N3B","N5A","N5B"],"terminus":0,"mode":"bus","color":"#0059a9","colorDark":"#00294f","angle":73.5,"snapDist":4,"label":1}},{"type":"Feature","geometry":{"type":"Point","coordinates":[19.483977,51.746936]},"properties":{"name":"Przybyszewskiego-Łęczycka","lines":"92A, 92B, N5A, N5B","arr":["92A","92B","N5A","N5B"],"terminus":0,"mode":"bus","color":"#0059a9","colorDark":"#00294f","angle":162.8,"snapDist":3,"label":1}},{"type":"Feature","geometry":{"type":"Point","coordinates":[19.489015,51.747573]},"properties":{"name":"Przybyszewskiego-Śmigłego-Rydza","lines":"92A, 92B, N5A, N5B","arr":["92A","92B","N5A","N5B"],"terminus":0,"mode":"bus","color":"#0059a9","colorDark":"#00294f","angle":169.7,"snapDist":6,"label":0}},{"type":"Feature","geometry":{"type":"Point","coordinates":[19.498094,51.736629]},"properties":{"name":"Dąbrowskiego-Kossaka","lines":"92A, 92B, F1, N6","arr":["92A","92B","F1","N6"],"terminus":0,"mode":"bus","color":"#0059a9","colorDark":"#00294f","angle":188.2,"snapDist":7,"label":0}},{"type":"Feature","geometry":{"type":"Point","coordinates":[19.503574,51.736142]},"properties":{"name":"Dąbrowskiego-Podhalańska","lines":"92A, 92B, F1, N6, W","arr":["92A","92B","F1","N6","W"],"terminus":1,"mode":"bus","color":"#0059a9","colorDark":"#00294f","angle":187.9,"snapDist":7,"label":1}},{"type":"Feature","geometry":{"type":"Point","coordinates":[19.551448,51.712385]},"properties":{"name":"Kolumny-Kalinowskiego","lines":"92A, 92B","arr":["92A","92B"],"terminus":0,"mode":"bus","color":"#0059a9","colorDark":"#00294f","angle":168.4,"snapDist":4,"label":0}},{"type":"Feature","geometry":{"type":"Point","coordinates":[19.556097,51.714879]},"properties":{"name":"Kolumny-Morenowa NŻ","lines":"92A, 92B","arr":["92A","92B"],"terminus":0,"mode":"bus","color":"#0059a9","colorDark":"#00294f","angle":131.3,"snapDist":5,"label":0}},{"type":"Feature","geometry":{"type":"Point","coordinates":[19.56371,51.716374]},"properties":{"name":"Kolumny-Mahoniowa NŻ","lines":"92A, 92B","arr":["92A","92B"],"terminus":0,"mode":"bus","color":"#0059a9","colorDark":"#00294f","angle":170,"snapDist":4,"label":0}},{"type":"Feature","geometry":{"type":"Point","coordinates":[19.573963,51.714576]},"properties":{"name":"Kolumny-Ogrodnicza NŻ","lines":"92A, 92B","arr":["92A","92B"],"terminus":0,"mode":"bus","color":"#0059a9","colorDark":"#00294f","angle":201.3,"snapDist":4,"label":0}},{"type":"Feature","geometry":{"type":"Point","coordinates":[19.585382,51.711885]},"properties":{"name":"Kolumny-Mozaikowa NŻ","lines":"92A, 92B","arr":["92A","92B"],"terminus":0,"mode":"bus","color":"#0059a9","colorDark":"#00294f","angle":201,"snapDist":4,"label":0}},{"type":"Feature","geometry":{"type":"Point","coordinates":[19.597361,51.709576]},"properties":{"name":"Kolumny-Platanowa NŻ","lines":"92A, 92B","arr":["92A","92B"],"terminus":0,"mode":"bus","color":"#0059a9","colorDark":"#00294f","angle":194.1,"snapDist":3,"label":0}},{"type":"Feature","geometry":{"type":"Point","coordinates":[19.600656,51.708687]},"properties":{"name":"Kolumny-Autostrada A1 NŻ","lines":"92A, 92B","arr":["92A","92B"],"terminus":0,"mode":"bus","color":"#0059a9","colorDark":"#00294f","angle":213.1,"snapDist":3,"label":0}},{"type":"Feature","geometry":{"type":"Point","coordinates":[19.611594,51.704252]},"properties":{"name":"Kolumny-Czajewskiego NŻ","lines":"92A, 92B","arr":["92A","92B"],"terminus":0,"mode":"bus","color":"#0059a9","colorDark":"#00294f","angle":213.1,"snapDist":6,"label":0}},{"type":"Feature","geometry":{"type":"Point","coordinates":[19.545461,51.723541]},"properties":{"name":"Jędrzejowska-Dw. Łódź Olechów Wiadukt NŻ","lines":"92B","arr":["92B"],"terminus":0,"mode":"bus","color":"#0059a9","colorDark":"#00294f","angle":172.3,"snapDist":5,"label":1}},{"type":"Feature","geometry":{"type":"Point","coordinates":[19.548864,51.719804]},"properties":{"name":"BSH Fabryka","lines":"92B","arr":["92B"],"terminus":0,"mode":"bus","color":"#0059a9","colorDark":"#00294f","angle":295.2,"snapDist":4,"label":1}},{"type":"Feature","geometry":{"type":"Point","coordinates":[19.553034,51.721571]},"properties":{"name":"Compal","lines":"92B","arr":["92B"],"terminus":0,"mode":"bus","color":"#0059a9","colorDark":"#00294f","angle":252.2,"snapDist":3,"label":1}},{"type":"Feature","geometry":{"type":"Point","coordinates":[19.550394,51.723379]},"properties":{"name":"BSH Magazyn","lines":"92B","arr":["92B"],"terminus":0,"mode":"bus","color":"#0059a9","colorDark":"#00294f","angle":173.1,"snapDist":3,"label":1}},{"type":"Feature","geometry":{"type":"Point","coordinates":[19.544972,51.723499]},"properties":{"name":"Jędrzejowska-Dw. Łódź Olechów Wiadukt NŻ","lines":"92B","arr":["92B"],"terminus":0,"mode":"bus","color":"#0059a9","colorDark":"#00294f","angle":-8.5,"snapDist":6,"label":0}},{"type":"Feature","geometry":{"type":"Point","coordinates":[19.448369,51.726143]},"properties":{"name":"Bartoszewskiego-Pabianicka","lines":"93","arr":["93"],"terminus":0,"mode":"bus","color":"#0059a9","colorDark":"#00294f","angle":232.5,"snapDist":4,"label":1}},{"type":"Feature","geometry":{"type":"Point","coordinates":[19.457422,51.716974]},"properties":{"name":"Bartoszewskiego-Pryncypalna","lines":"93","arr":["93"],"terminus":0,"mode":"bus","color":"#0059a9","colorDark":"#00294f","angle":240.3,"snapDist":12,"label":1}},{"type":"Feature","geometry":{"type":"Point","coordinates":[19.465973,51.711298]},"properties":{"name":"Ustronna-Demokratyczna NŻ","lines":"93","arr":["93"],"terminus":0,"mode":"bus","color":"#0059a9","colorDark":"#00294f","angle":276.7,"snapDist":2,"label":1}},{"type":"Feature","geometry":{"type":"Point","coordinates":[19.468652,51.707591]},"properties":{"name":"Ustronna-Zagadkowa NŻ","lines":"93","arr":["93"],"terminus":0,"mode":"bus","color":"#0059a9","colorDark":"#00294f","angle":239.1,"snapDist":0,"label":1}},{"type":"Feature","geometry":{"type":"Point","coordinates":[19.467991,51.704853]},"properties":{"name":"Bartoszewskiego-Siostrzana","lines":"93","arr":["93"],"terminus":0,"mode":"bus","color":"#0059a9","colorDark":"#00294f","angle":238.1,"snapDist":9,"label":0}},{"type":"Feature","geometry":{"type":"Point","coordinates":[19.480849,51.703396]},"properties":{"name":"Instytut CZMP","lines":"93, N3A, N3B","arr":["93","N3A","N3B"],"terminus":1,"mode":"bus","color":"#0059a9","colorDark":"#00294f","angle":189.3,"snapDist":19,"label":0}},{"type":"Feature","geometry":{"type":"Point","coordinates":[19.478578,51.700108]},"properties":{"name":"Bartoszewskiego-Rzgowska NŻ","lines":"93, H","arr":["93","H"],"terminus":0,"mode":"bus","color":"#0059a9","colorDark":"#00294f","angle":18.2,"snapDist":5,"label":1}},{"type":"Feature","geometry":{"type":"Point","coordinates":[19.46811,51.705581]},"properties":{"name":"Siostrzana-Bartoszewskiego","lines":"93, H","arr":["93","H"],"terminus":0,"mode":"bus","color":"#0059a9","colorDark":"#00294f","angle":148.8,"snapDist":7,"label":0}},{"type":"Feature","geometry":{"type":"Point","coordinates":[19.468533,51.707717]},"properties":{"name":"Ustronna-Zagadkowa NŻ","lines":"93","arr":["93"],"terminus":0,"mode":"bus","color":"#0059a9","colorDark":"#00294f","angle":58.9,"snapDist":1,"label":0}},{"type":"Feature","geometry":{"type":"Point","coordinates":[19.462074,51.712535]},"properties":{"name":"Bartoszewskiego-Demokratyczna","lines":"93","arr":["93"],"terminus":0,"mode":"bus","color":"#0059a9","colorDark":"#00294f","angle":69.6,"snapDist":11,"label":0}},{"type":"Feature","geometry":{"type":"Point","coordinates":[19.45679,51.718095]},"properties":{"name":"Bartoszewskiego-Pryncypalna","lines":"93","arr":["93"],"terminus":0,"mode":"bus","color":"#0059a9","colorDark":"#00294f","angle":67.9,"snapDist":13,"label":0}},{"type":"Feature","geometry":{"type":"Point","coordinates":[19.211597,51.754903]},"properties":{"name":"pl. Jana Pawła II (Lutomiersk)","lines":"94","arr":["94"],"terminus":1,"mode":"bus","color":"#0059a9","colorDark":"#00294f","angle":36.2,"snapDist":29,"label":1}},{"type":"Feature","geometry":{"type":"Point","coordinates":[19.213026,51.752955]},"properties":{"name":"3 Maja-Moniuszki (Lutomiersk)","lines":"94","arr":["94"],"terminus":0,"mode":"bus","color":"#0059a9","colorDark":"#00294f","angle":211.9,"snapDist":3,"label":1}},{"type":"Feature","geometry":{"type":"Point","coordinates":[19.221624,51.757617]},"properties":{"name":"3 Maja-Kilińskiego/CPN NŻ (Lutomiersk)","lines":"94","arr":["94"],"terminus":0,"mode":"bus","color":"#0059a9","colorDark":"#00294f","angle":97.1,"snapDist":7,"label":1}},{"type":"Feature","geometry":{"type":"Point","coordinates":[19.241419,51.758957]},"properties":{"name":"Mirosławice II NŻ","lines":"94","arr":["94"],"terminus":0,"mode":"bus","color":"#0059a9","colorDark":"#00294f","angle":177.3,"snapDist":2,"label":1}},{"type":"Feature","geometry":{"type":"Point","coordinates":[19.252888,51.759302]},"properties":{"name":"Mirosławice I NŻ","lines":"94","arr":["94"],"terminus":0,"mode":"bus","color":"#0059a9","colorDark":"#00294f","angle":177.4,"snapDist":2,"label":1}},{"type":"Feature","geometry":{"type":"Point","coordinates":[19.263309,51.759598]},"properties":{"name":"Lutomierska-Ignacew (Konstantynów)","lines":"94","arr":["94"],"terminus":0,"mode":"bus","color":"#0059a9","colorDark":"#00294f","angle":178.5,"snapDist":2,"label":1}},{"type":"Feature","geometry":{"type":"Point","coordinates":[19.279721,51.756741]},"properties":{"name":"Lutomierska-Krzywa NŻ (Konstantynów)","lines":"94","arr":["94"],"terminus":0,"mode":"bus","color":"#0059a9","colorDark":"#00294f","angle":197.9,"snapDist":2,"label":1}},{"type":"Feature","geometry":{"type":"Point","coordinates":[19.287535,51.755159]},"properties":{"name":"Lutomierska-Bechcice NŻ (Konstantynów)","lines":"94","arr":["94"],"terminus":0,"mode":"bus","color":"#0059a9","colorDark":"#00294f","angle":197.4,"snapDist":6,"label":1}},{"type":"Feature","geometry":{"type":"Point","coordinates":[19.292613,51.754154]},"properties":{"name":"Lutomierska 82 NŻ (Konst.)","lines":"94","arr":["94"],"terminus":0,"mode":"bus","color":"#0059a9","colorDark":"#00294f","angle":198.1,"snapDist":3,"label":1}},{"type":"Feature","geometry":{"type":"Point","coordinates":[19.299353,51.752804]},"properties":{"name":"Lutomierska 46 NŻ (Konst.)","lines":"94","arr":["94"],"terminus":0,"mode":"bus","color":"#0059a9","colorDark":"#00294f","angle":197.9,"snapDist":5,"label":1}},{"type":"Feature","geometry":{"type":"Point","coordinates":[19.306126,51.75145]},"properties":{"name":"Lutomierska 4 (Konst.)","lines":"94","arr":["94"],"terminus":0,"mode":"bus","color":"#0059a9","colorDark":"#00294f","angle":197.9,"snapDist":6,"label":1}},{"type":"Feature","geometry":{"type":"Point","coordinates":[19.31303,51.750078]},"properties":{"name":"Jana Pawła II-Pl. Wolności (Konstantynów","lines":"94, N9, Z43","arr":["94","N9","Z43"],"terminus":1,"mode":"bus","color":"#0059a9","colorDark":"#00294f","angle":197.4,"snapDist":7,"label":1}},{"type":"Feature","geometry":{"type":"Point","coordinates":[19.318147,51.749064]},"properties":{"name":"Jana Pawła II-Moniuszki (Konstantynów)","lines":"94, N9, Z43","arr":["94","N9","Z43"],"terminus":0,"mode":"bus","color":"#0059a9","colorDark":"#00294f","angle":199.2,"snapDist":10,"label":1}},{"type":"Feature","geometry":{"type":"Point","coordinates":[19.324868,51.747726]},"properties":{"name":"Jana Pawła II-Pl. Kościuszki (Konstantyn","lines":"94, N9, Z43","arr":["94","N9","Z43"],"terminus":0,"mode":"bus","color":"#0059a9","colorDark":"#00294f","angle":197,"snapDist":9,"label":1}},{"type":"Feature","geometry":{"type":"Point","coordinates":[19.327129,51.742616]},"properties":{"name":"1 Maja 21 NŻ (Konstantynów)","lines":"94","arr":["94"],"terminus":0,"mode":"bus","color":"#0059a9","colorDark":"#00294f","angle":197.9,"snapDist":7,"label":1}},{"type":"Feature","geometry":{"type":"Point","coordinates":[19.335181,51.739431]},"properties":{"name":"1 Maja-Kolejowa (Konstantynów)","lines":"94","arr":["94"],"terminus":0,"mode":"bus","color":"#0059a9","colorDark":"#00294f","angle":233.9,"snapDist":8,"label":1}},{"type":"Feature","geometry":{"type":"Point","coordinates":[19.338506,51.7366]},"properties":{"name":"Kolejowa 28 NŻ (Konstantynów)","lines":"94","arr":["94"],"terminus":0,"mode":"bus","color":"#0059a9","colorDark":"#00294f","angle":54.1,"snapDist":4,"label":1}},{"type":"Feature","geometry":{"type":"Point","coordinates":[19.333403,51.740943]},"properties":{"name":"1 Maja-Kolejowa (Konstantynów)","lines":"94","arr":["94"],"terminus":0,"mode":"bus","color":"#0059a9","colorDark":"#00294f","angle":54,"snapDist":3,"label":0}},{"type":"Feature","geometry":{"type":"Point","coordinates":[19.328795,51.742284]},"properties":{"name":"1 Maja 34 NŻ (Konstantynów)","lines":"94","arr":["94"],"terminus":0,"mode":"bus","color":"#0059a9","colorDark":"#00294f","angle":18.4,"snapDist":5,"label":1}},{"type":"Feature","geometry":{"type":"Point","coordinates":[19.324914,51.747718]},"properties":{"name":"Jana Pawła II-Pl. Kościuszki (Konstantyn","lines":"94, N9, Z43","arr":["94","N9","Z43"],"terminus":0,"mode":"bus","color":"#0059a9","colorDark":"#00294f","angle":17,"snapDist":6,"label":0}},{"type":"Feature","geometry":{"type":"Point","coordinates":[19.319521,51.748794]},"properties":{"name":"Jana Pawła II-Daszyńskiego (Konst.)","lines":"94, N9, Z43","arr":["94","N9","Z43"],"terminus":0,"mode":"bus","color":"#0059a9","colorDark":"#00294f","angle":17.8,"snapDist":4,"label":1}},{"type":"Feature","geometry":{"type":"Point","coordinates":[19.313817,51.749925]},"properties":{"name":"Jana Pawła II-Pl. Wolności (Konstantynów","lines":"94, N9, Z43","arr":["94","N9","Z43"],"terminus":0,"mode":"bus","color":"#0059a9","colorDark":"#00294f","angle":17.7,"snapDist":3,"label":0}},{"type":"Feature","geometry":{"type":"Point","coordinates":[19.305852,51.751504]},"properties":{"name":"Lutomierska 13 (Konst.)","lines":"94","arr":["94"],"terminus":0,"mode":"bus","color":"#0059a9","colorDark":"#00294f","angle":17.8,"snapDist":2,"label":1}},{"type":"Feature","geometry":{"type":"Point","coordinates":[19.298893,51.752896]},"properties":{"name":"Lutomierska 55 NŻ (Konst.)","lines":"94","arr":["94"],"terminus":0,"mode":"bus","color":"#0059a9","colorDark":"#00294f","angle":17.9,"snapDist":2,"label":1}},{"type":"Feature","geometry":{"type":"Point","coordinates":[19.292612,51.754155]},"properties":{"name":"Lutomierska 95 NŻ (Konst.)","lines":"94","arr":["94"],"terminus":0,"mode":"bus","color":"#0059a9","colorDark":"#00294f","angle":18.1,"snapDist":2,"label":1}},{"type":"Feature","geometry":{"type":"Point","coordinates":[19.284503,51.755739]},"properties":{"name":"Lutomierska-Klonowa NŻ (Konstantynów)","lines":"94","arr":["94"],"terminus":0,"mode":"bus","color":"#0059a9","colorDark":"#00294f","angle":21.6,"snapDist":5,"label":1}},{"type":"Feature","geometry":{"type":"Point","coordinates":[19.27932,51.756821]},"properties":{"name":"Lutomierska-Krzywa NŻ (Konstantynów)","lines":"94","arr":["94"],"terminus":0,"mode":"bus","color":"#0059a9","colorDark":"#00294f","angle":18,"snapDist":2,"label":0}},{"type":"Feature","geometry":{"type":"Point","coordinates":[19.26479,51.75956]},"properties":{"name":"Lutomierska-Ignacew (Konstantynów)","lines":"94","arr":["94"],"terminus":0,"mode":"bus","color":"#0059a9","colorDark":"#00294f","angle":8.9,"snapDist":4,"label":0}},{"type":"Feature","geometry":{"type":"Point","coordinates":[19.252881,51.759301]},"properties":{"name":"Mirosławice I NŻ","lines":"94","arr":["94"],"terminus":0,"mode":"bus","color":"#0059a9","colorDark":"#00294f","angle":357.4,"snapDist":1,"label":0}},{"type":"Feature","geometry":{"type":"Point","coordinates":[19.241032,51.758946]},"properties":{"name":"Mirosławice II NŻ","lines":"94","arr":["94"],"terminus":0,"mode":"bus","color":"#0059a9","colorDark":"#00294f","angle":357.3,"snapDist":3,"label":0}},{"type":"Feature","geometry":{"type":"Point","coordinates":[19.222693,51.758366]},"properties":{"name":"Lutomierska-Klasztor NŻ (Lutomiersk)","lines":"94","arr":["94"],"terminus":0,"mode":"bus","color":"#0059a9","colorDark":"#00294f","angle":357.1,"snapDist":4,"label":1}},{"type":"Feature","geometry":{"type":"Point","coordinates":[19.216487,51.761617]},"properties":{"name":"Kilińskiego 66 NŻ (Kazimierz)","lines":"94","arr":["94"],"terminus":0,"mode":"bus","color":"#0059a9","colorDark":"#00294f","angle":44.2,"snapDist":5,"label":1}},{"type":"Feature","geometry":{"type":"Point","coordinates":[19.212846,51.763759]},"properties":{"name":"Kilińskiego 50 NŻ (Kazimierz)","lines":"94","arr":["94"],"terminus":0,"mode":"bus","color":"#0059a9","colorDark":"#00294f","angle":51.6,"snapDist":6,"label":1}},{"type":"Feature","geometry":{"type":"Point","coordinates":[19.204873,51.768138]},"properties":{"name":"pl. Kościuszki NŻ (Kazimierz)","lines":"94","arr":["94"],"terminus":0,"mode":"bus","color":"#0059a9","colorDark":"#00294f","angle":181.8,"snapDist":5,"label":1}},{"type":"Feature","geometry":{"type":"Point","coordinates":[19.212546,51.763992]},"properties":{"name":"Kilińskiego 50 NŻ (Kazimierz)","lines":"94","arr":["94"],"terminus":0,"mode":"bus","color":"#0059a9","colorDark":"#00294f","angle":-128.4,"snapDist":8,"label":0}},{"type":"Feature","geometry":{"type":"Point","coordinates":[19.216997,51.76131]},"properties":{"name":"Kilińskiego 66 NŻ (Kazimierz)","lines":"94","arr":["94"],"terminus":0,"mode":"bus","color":"#0059a9","colorDark":"#00294f","angle":224.2,"snapDist":5,"label":0}},{"type":"Feature","geometry":{"type":"Point","coordinates":[19.221596,51.758735]},"properties":{"name":"Kilińskiego-Klasztor NŻ (Lutomiersk)","lines":"94","arr":["94"],"terminus":0,"mode":"bus","color":"#0059a9","colorDark":"#00294f","angle":54.4,"snapDist":5,"label":1}},{"type":"Feature","geometry":{"type":"Point","coordinates":[19.212506,51.753156]},"properties":{"name":"3 Maja-Moniuszki (Lutomiersk)","lines":"94","arr":["94"],"terminus":0,"mode":"bus","color":"#0059a9","colorDark":"#00294f","angle":31.9,"snapDist":2,"label":0}},{"type":"Feature","geometry":{"type":"Point","coordinates":[19.410838,51.794236]},"properties":{"name":"Limanowskiego-Woronicza","lines":"96, N1A, N1B","arr":["96","N1A","N1B"],"terminus":0,"mode":"bus","color":"#0059a9","colorDark":"#00294f","angle":199.8,"snapDist":8,"label":1}},{"type":"Feature","geometry":{"type":"Point","coordinates":[19.418736,51.79263]},"properties":{"name":"Limanowskiego-Pułaskiego","lines":"96, N1A, N1B","arr":["96","N1A","N1B"],"terminus":0,"mode":"bus","color":"#0059a9","colorDark":"#00294f","angle":197.9,"snapDist":3,"label":1}},{"type":"Feature","geometry":{"type":"Point","coordinates":[19.449429,51.783097]},"properties":{"name":"Lutomierska-Zachodnia","lines":"96","arr":["96"],"terminus":0,"mode":"bus","color":"#0059a9","colorDark":"#00294f","angle":197.7,"snapDist":7,"label":0}},{"type":"Feature","geometry":{"type":"Point","coordinates":[19.513726,51.750673]},"properties":{"name":"Przybyszewskiego-Dw. Łódź Zarzew","lines":"96, N5A, N5B","arr":["96","N5A","N5B"],"terminus":0,"mode":"bus","color":"#0059a9","colorDark":"#00294f","angle":169.7,"snapDist":9,"label":1}},{"type":"Feature","geometry":{"type":"Point","coordinates":[19.513324,51.750627]},"properties":{"name":"Przybyszewskiego-Dw. Łódź Zarzew","lines":"96, N5A, N5B","arr":["96","N5A","N5B"],"terminus":0,"mode":"bus","color":"#0059a9","colorDark":"#00294f","angle":349.7,"snapDist":1,"label":0}},{"type":"Feature","geometry":{"type":"Point","coordinates":[19.467054,51.773684]},"properties":{"name":"Jaracza-P.O.W.","lines":"96, N4A, N4B, Z13","arr":["96","N4A","N4B","Z13"],"terminus":0,"mode":"bus","color":"#0059a9","colorDark":"#00294f","angle":351.9,"snapDist":2,"label":1}},{"type":"Feature","geometry":{"type":"Point","coordinates":[19.417992,51.79286]},"properties":{"name":"Limanowskiego-Pułaskiego","lines":"96, N1A, N1B","arr":["96","N1A","N1B"],"terminus":0,"mode":"bus","color":"#0059a9","colorDark":"#00294f","angle":15.9,"snapDist":7,"label":0}},{"type":"Feature","geometry":{"type":"Point","coordinates":[19.410981,51.794204]},"properties":{"name":"Limanowskiego-Woronicza","lines":"96, N1A, N1B","arr":["96","N1A","N1B"],"terminus":0,"mode":"bus","color":"#0059a9","colorDark":"#00294f","angle":19.8,"snapDist":8,"label":0}},{"type":"Feature","geometry":{"type":"Point","coordinates":[19.428566,51.748466]},"properties":{"name":"Maratońska-Wróblewskiego NŻ","lines":"97A, 97B","arr":["97A","97B"],"terminus":0,"mode":"bus","color":"#0059a9","colorDark":"#00294f","angle":126.9,"snapDist":3,"label":1}},{"type":"Feature","geometry":{"type":"Point","coordinates":[19.385016,51.778983]},"properties":{"name":"Podchorążych-Napoleońska","lines":"97A, 97B","arr":["97A","97B"],"terminus":0,"mode":"bus","color":"#0059a9","colorDark":"#00294f","angle":13.3,"snapDist":4,"label":1}},{"type":"Feature","geometry":{"type":"Point","coordinates":[19.376255,51.780334]},"properties":{"name":"Podchorążych-Łucznicza NŻ","lines":"97A, 97B","arr":["97A","97B"],"terminus":0,"mode":"bus","color":"#0059a9","colorDark":"#00294f","angle":14.5,"snapDist":4,"label":1}},{"type":"Feature","geometry":{"type":"Point","coordinates":[19.369652,51.78135]},"properties":{"name":"Podchorążych-Molla NŻ","lines":"97A, 97B","arr":["97A","97B"],"terminus":0,"mode":"bus","color":"#0059a9","colorDark":"#00294f","angle":13.4,"snapDist":2,"label":1}},{"type":"Feature","geometry":{"type":"Point","coordinates":[19.361504,51.782142]},"properties":{"name":"Podchorążych-park Podchorążych NŻ","lines":"97A, 97B","arr":["97A","97B"],"terminus":0,"mode":"bus","color":"#0059a9","colorDark":"#00294f","angle":7,"snapDist":3,"label":1}},{"type":"Feature","geometry":{"type":"Point","coordinates":[19.347749,51.783454]},"properties":{"name":"Szczecińska-Podchorążych NŻ","lines":"97A","arr":["97A"],"terminus":0,"mode":"bus","color":"#0059a9","colorDark":"#00294f","angle":122.3,"snapDist":1,"label":1}},{"type":"Feature","geometry":{"type":"Point","coordinates":[19.351066,51.786697]},"properties":{"name":"Szczecińska-Szlachetna NŻ","lines":"97A","arr":["97A"],"terminus":0,"mode":"bus","color":"#0059a9","colorDark":"#00294f","angle":122.3,"snapDist":4,"label":1}},{"type":"Feature","geometry":{"type":"Point","coordinates":[19.353455,51.789967]},"properties":{"name":"Słowiańska-Szczecińska (Antoniew)","lines":"97A","arr":["97A"],"terminus":0,"mode":"bus","color":"#0059a9","colorDark":"#00294f","angle":5.9,"snapDist":4,"label":1}},{"type":"Feature","geometry":{"type":"Point","coordinates":[19.343228,51.790521]},"properties":{"name":"Słowiańska-Wysoka NŻ (Rąbień)","lines":"97A","arr":["97A"],"terminus":0,"mode":"bus","color":"#0059a9","colorDark":"#00294f","angle":1.5,"snapDist":5,"label":1}},{"type":"Feature","geometry":{"type":"Point","coordinates":[19.331613,51.790044]},"properties":{"name":"Słowiańska-Szaraka NŻ (Rąbień)","lines":"97A","arr":["97A"],"terminus":0,"mode":"bus","color":"#0059a9","colorDark":"#00294f","angle":355.8,"snapDist":3,"label":1}},{"type":"Feature","geometry":{"type":"Point","coordinates":[19.322484,51.789616]},"properties":{"name":"Słowiańska-szkoła (Rąbień)","lines":"97A","arr":["97A"],"terminus":0,"mode":"bus","color":"#0059a9","colorDark":"#00294f","angle":355.8,"snapDist":4,"label":1}},{"type":"Feature","geometry":{"type":"Point","coordinates":[19.32263,51.798883]},"properties":{"name":"Centrum NŻ (Rąbień)","lines":"97A","arr":["97A"],"terminus":0,"mode":"bus","color":"#0059a9","colorDark":"#00294f","angle":97.1,"snapDist":3,"label":1}},{"type":"Feature","geometry":{"type":"Point","coordinates":[19.321627,51.806492]},"properties":{"name":"Zielony Romanów","lines":"97A","arr":["97A"],"terminus":0,"mode":"bus","color":"#0059a9","colorDark":"#00294f","angle":70.8,"snapDist":6,"label":1}},{"type":"Feature","geometry":{"type":"Point","coordinates":[19.31599,51.813291]},"properties":{"name":"Pabianicka-Piłsudskiego (Aleksandrów)","lines":"97A","arr":["97A"],"terminus":0,"mode":"bus","color":"#0059a9","colorDark":"#00294f","angle":18.4,"snapDist":2,"label":1}},{"type":"Feature","geometry":{"type":"Point","coordinates":[19.306714,51.815241]},"properties":{"name":"Pabianicka-Południowa (Aleksandrów)","lines":"97A","arr":["97A"],"terminus":0,"mode":"bus","color":"#0059a9","colorDark":"#00294f","angle":18.4,"snapDist":3,"label":1}},{"type":"Feature","geometry":{"type":"Point","coordinates":[19.301165,51.816414]},"properties":{"name":"Wierzbińska-11 Listopada (Aleksandrów)","lines":"97A","arr":["97A"],"terminus":0,"mode":"bus","color":"#0059a9","colorDark":"#00294f","angle":20.1,"snapDist":3,"label":1}},{"type":"Feature","geometry":{"type":"Point","coordinates":[19.297717,51.821323]},"properties":{"name":"1 Maja-MDK (Aleksandrów)","lines":"97A","arr":["97A"],"terminus":0,"mode":"bus","color":"#0059a9","colorDark":"#00294f","angle":108.4,"snapDist":5,"label":1}},{"type":"Feature","geometry":{"type":"Point","coordinates":[19.302551,51.823899]},"properties":{"name":"Daszyńskiego-Sienkiewicza (Aleksandrów)","lines":"97A","arr":["97A"],"terminus":0,"mode":"bus","color":"#0059a9","colorDark":"#00294f","angle":198.8,"snapDist":5,"label":1}},{"type":"Feature","geometry":{"type":"Point","coordinates":[19.303617,51.823679]},"properties":{"name":"Daszyńskiego-Sienkiewicza (Aleksandrów)","lines":"97A","arr":["97A"],"terminus":0,"mode":"bus","color":"#0059a9","colorDark":"#00294f","angle":18.8,"snapDist":5,"label":0}},{"type":"Feature","geometry":{"type":"Point","coordinates":[19.29833,51.822466]},"properties":{"name":"1 Maja-MDK (Aleksandrów)","lines":"97A","arr":["97A"],"terminus":0,"mode":"bus","color":"#0059a9","colorDark":"#00294f","angle":288.3,"snapDist":5,"label":0}},{"type":"Feature","geometry":{"type":"Point","coordinates":[19.319547,51.810196]},"properties":{"name":"Konstantynowska-CPN NŻ (Aleksandrów)","lines":"97A","arr":["97A"],"terminus":0,"mode":"bus","color":"#0059a9","colorDark":"#00294f","angle":251.6,"snapDist":9,"label":0}},{"type":"Feature","geometry":{"type":"Point","coordinates":[19.32114,51.807359]},"properties":{"name":"Zielony Romanów NŻ","lines":"97A","arr":["97A"],"terminus":0,"mode":"bus","color":"#0059a9","colorDark":"#00294f","angle":250.8,"snapDist":7,"label":1}},{"type":"Feature","geometry":{"type":"Point","coordinates":[19.322443,51.797959]},"properties":{"name":"Centrum NŻ (Rąbień)","lines":"97A","arr":["97A"],"terminus":0,"mode":"bus","color":"#0059a9","colorDark":"#00294f","angle":277.3,"snapDist":10,"label":0}},{"type":"Feature","geometry":{"type":"Point","coordinates":[19.321773,51.789564]},"properties":{"name":"Słowiańska-szkoła (Rąbień)","lines":"97A","arr":["97A"],"terminus":0,"mode":"bus","color":"#0059a9","colorDark":"#00294f","angle":172.9,"snapDist":4,"label":0}},{"type":"Feature","geometry":{"type":"Point","coordinates":[19.332214,51.790071]},"properties":{"name":"Słowiańska-Szaraka NŻ (Rąbień)","lines":"97A","arr":["97A"],"terminus":0,"mode":"bus","color":"#0059a9","colorDark":"#00294f","angle":175.6,"snapDist":6,"label":0}},{"type":"Feature","geometry":{"type":"Point","coordinates":[19.34264,51.790528]},"properties":{"name":"Słowiańska-Wysoka NŻ (Rąbień)","lines":"97A","arr":["97A"],"terminus":0,"mode":"bus","color":"#0059a9","colorDark":"#00294f","angle":180,"snapDist":5,"label":0}},{"type":"Feature","geometry":{"type":"Point","coordinates":[19.352818,51.790008]},"properties":{"name":"Słowiańska-Szczecińska (Antoniew)","lines":"97A","arr":["97A"],"terminus":0,"mode":"bus","color":"#0059a9","colorDark":"#00294f","angle":185.7,"snapDist":5,"label":0}},{"type":"Feature","geometry":{"type":"Point","coordinates":[19.354014,51.789677]},"properties":{"name":"Szczecińska-Rąbieńska","lines":"97A","arr":["97A"],"terminus":0,"mode":"bus","color":"#0059a9","colorDark":"#00294f","angle":302.6,"snapDist":3,"label":0}},{"type":"Feature","geometry":{"type":"Point","coordinates":[19.350873,51.786509]},"properties":{"name":"Szczecińska-Szlachetna NŻ","lines":"97A","arr":["97A"],"terminus":0,"mode":"bus","color":"#0059a9","colorDark":"#00294f","angle":302.4,"snapDist":4,"label":0}},{"type":"Feature","geometry":{"type":"Point","coordinates":[19.348703,51.782993]},"properties":{"name":"Podchorążych-Szczecińska NŻ","lines":"97A, 97B","arr":["97A","97B"],"terminus":0,"mode":"bus","color":"#0059a9","colorDark":"#00294f","angle":185.1,"snapDist":3,"label":1}},{"type":"Feature","geometry":{"type":"Point","coordinates":[19.361475,51.782144]},"properties":{"name":"Podchorążych-park Podchorążych NŻ","lines":"97A, 97B","arr":["97A","97B"],"terminus":0,"mode":"bus","color":"#0059a9","colorDark":"#00294f","angle":187,"snapDist":3,"label":0}},{"type":"Feature","geometry":{"type":"Point","coordinates":[19.370581,51.781212]},"properties":{"name":"Podchorążych-Molla NŻ","lines":"97A, 97B","arr":["97A","97B"],"terminus":0,"mode":"bus","color":"#0059a9","colorDark":"#00294f","angle":194.1,"snapDist":0,"label":0}},{"type":"Feature","geometry":{"type":"Point","coordinates":[19.377486,51.780137]},"properties":{"name":"Podchorążych-Łucznicza NŻ","lines":"97A, 97B","arr":["97A","97B"],"terminus":0,"mode":"bus","color":"#0059a9","colorDark":"#00294f","angle":194.6,"snapDist":4,"label":0}},{"type":"Feature","geometry":{"type":"Point","coordinates":[19.386138,51.778817]},"properties":{"name":"Podchorążych-Napoleońska","lines":"97A, 97B","arr":["97A","97B"],"terminus":0,"mode":"bus","color":"#0059a9","colorDark":"#00294f","angle":193.3,"snapDist":5,"label":0}},{"type":"Feature","geometry":{"type":"Point","coordinates":[19.426096,51.767877]},"properties":{"name":"Włókniarzy-Legionów NŻ","lines":"97A, 97B, 100","arr":["97A","97B","100"],"terminus":0,"mode":"bus","color":"#0059a9","colorDark":"#00294f","angle":254,"snapDist":7,"label":1}},{"type":"Feature","geometry":{"type":"Point","coordinates":[19.43006,51.756173]},"properties":{"name":"Maratońska-Stadion Miejski NŻ","lines":"97A, 97B","arr":["97A","97B"],"terminus":0,"mode":"bus","color":"#0059a9","colorDark":"#00294f","angle":247.8,"snapDist":10,"label":1}},{"type":"Feature","geometry":{"type":"Point","coordinates":[19.427879,51.747945]},"properties":{"name":"Maratońska-Wróblewskiego NŻ","lines":"97A, 97B","arr":["97A","97B"],"terminus":0,"mode":"bus","color":"#0059a9","colorDark":"#00294f","angle":310.3,"snapDist":3,"label":0}},{"type":"Feature","geometry":{"type":"Point","coordinates":[19.347059,51.782782]},"properties":{"name":"Szczecińska-Podchorążych NŻ","lines":"97B","arr":["97B"],"terminus":0,"mode":"bus","color":"#0059a9","colorDark":"#00294f","angle":302.7,"snapDist":2,"label":0}},{"type":"Feature","geometry":{"type":"Point","coordinates":[19.341963,51.777803]},"properties":{"name":"Szczecińska-Pancerniaków","lines":"97B","arr":["97B"],"terminus":0,"mode":"bus","color":"#0059a9","colorDark":"#00294f","angle":302.5,"snapDist":4,"label":1}},{"type":"Feature","geometry":{"type":"Point","coordinates":[19.336535,51.774721]},"properties":{"name":"Niesięcin-Szczecińska NŻ (Konstantynów)","lines":"97B","arr":["97B"],"terminus":0,"mode":"bus","color":"#0059a9","colorDark":"#00294f","angle":355.2,"snapDist":4,"label":1}},{"type":"Feature","geometry":{"type":"Point","coordinates":[19.325911,51.774217]},"properties":{"name":"Niesięcin-Aleksandrowska NŻ (Konstantynó","lines":"97B","arr":["97B"],"terminus":0,"mode":"bus","color":"#0059a9","colorDark":"#00294f","angle":359.2,"snapDist":6,"label":1}},{"type":"Feature","geometry":{"type":"Point","coordinates":[19.315106,51.77429]},"properties":{"name":"Niesięcin-Niesięcin (Konstantynów)","lines":"97B","arr":["97B"],"terminus":1,"mode":"bus","color":"#0059a9","colorDark":"#00294f","angle":275.6,"snapDist":4,"label":1}},{"type":"Feature","geometry":{"type":"Point","coordinates":[19.325569,51.774213]},"properties":{"name":"Niesięcin-Aleksandrowska NŻ (Konstantynó","lines":"97B","arr":["97B"],"terminus":0,"mode":"bus","color":"#0059a9","colorDark":"#00294f","angle":179,"snapDist":4,"label":0}},{"type":"Feature","geometry":{"type":"Point","coordinates":[19.336075,51.774695]},"properties":{"name":"Niesięcin-Szczecińska NŻ (Konstantynów)","lines":"97B","arr":["97B"],"terminus":0,"mode":"bus","color":"#0059a9","colorDark":"#00294f","angle":174.6,"snapDist":4,"label":0}},{"type":"Feature","geometry":{"type":"Point","coordinates":[19.342059,51.777896]},"properties":{"name":"Szczecińska-Pancerniaków","lines":"97B","arr":["97B"],"terminus":0,"mode":"bus","color":"#0059a9","colorDark":"#00294f","angle":122.5,"snapDist":3,"label":0}},{"type":"Feature","geometry":{"type":"Point","coordinates":[19.384488,51.742037]},"properties":{"name":"Retkinia","lines":"99, N2","arr":["99","N2"],"terminus":1,"mode":"bus","color":"#0059a9","colorDark":"#00294f","angle":-43.1,"snapDist":58,"label":0}},{"type":"Feature","geometry":{"type":"Point","coordinates":[19.397556,51.747232]},"properties":{"name":"Armii Krajowej-Napierskiego NŻ","lines":"99, N2","arr":["99","N2"],"terminus":0,"mode":"bus","color":"#0059a9","colorDark":"#00294f","angle":250.4,"snapDist":11,"label":1}},{"type":"Feature","geometry":{"type":"Point","coordinates":[19.438375,51.769536]},"properties":{"name":"Żeligowskiego-pl. Hallera","lines":"99","arr":["99"],"terminus":0,"mode":"bus","color":"#0059a9","colorDark":"#00294f","angle":83.2,"snapDist":4,"label":1}},{"type":"Feature","geometry":{"type":"Point","coordinates":[19.42773,51.787403]},"properties":{"name":"Klonowa-Lutomierska","lines":"99","arr":["99"],"terminus":0,"mode":"bus","color":"#0059a9","colorDark":"#00294f","angle":117.4,"snapDist":3,"label":1}},{"type":"Feature","geometry":{"type":"Point","coordinates":[19.429935,51.790051]},"properties":{"name":"Klonowa-Limanowskiego","lines":"99, N1A, N1B","arr":["99","N1A","N1B"],"terminus":0,"mode":"bus","color":"#0059a9","colorDark":"#00294f","angle":111.6,"snapDist":6,"label":1}},{"type":"Feature","geometry":{"type":"Point","coordinates":[19.442643,51.800073]},"properties":{"name":"Zgierska-Biegańskiego","lines":"99","arr":["99"],"terminus":0,"mode":"bus","color":"#0059a9","colorDark":"#00294f","angle":66.4,"snapDist":2,"label":1}},{"type":"Feature","geometry":{"type":"Point","coordinates":[19.437987,51.806596]},"properties":{"name":"Liściasta-cm. Radogoszcz","lines":"99","arr":["99"],"terminus":0,"mode":"bus","color":"#0059a9","colorDark":"#00294f","angle":17.9,"snapDist":3,"label":1}},{"type":"Feature","geometry":{"type":"Point","coordinates":[19.434261,51.807323]},"properties":{"name":"Liściasta-Czereśniowa NŻ","lines":"99","arr":["99"],"terminus":0,"mode":"bus","color":"#0059a9","colorDark":"#00294f","angle":18,"snapDist":4,"label":1}},{"type":"Feature","geometry":{"type":"Point","coordinates":[19.428898,51.808383]},"properties":{"name":"Liściasta-Liściasta 72 NŻ","lines":"99","arr":["99"],"terminus":0,"mode":"bus","color":"#0059a9","colorDark":"#00294f","angle":18.4,"snapDist":9,"label":1}},{"type":"Feature","geometry":{"type":"Point","coordinates":[19.419244,51.817637]},"properties":{"name":"Radogoszcz Zachód","lines":"99","arr":["99"],"terminus":1,"mode":"bus","color":"#0059a9","colorDark":"#00294f","angle":229.5,"snapDist":9,"label":0}},{"type":"Feature","geometry":{"type":"Point","coordinates":[19.428871,51.808388]},"properties":{"name":"Liściasta-Liściasta 72 NŻ","lines":"99","arr":["99"],"terminus":0,"mode":"bus","color":"#0059a9","colorDark":"#00294f","angle":198.4,"snapDist":7,"label":0}},{"type":"Feature","geometry":{"type":"Point","coordinates":[19.435263,51.807133]},"properties":{"name":"Liściasta-Czereśniowa NŻ","lines":"99","arr":["99"],"terminus":0,"mode":"bus","color":"#0059a9","colorDark":"#00294f","angle":197.9,"snapDist":5,"label":0}},{"type":"Feature","geometry":{"type":"Point","coordinates":[19.438837,51.806417]},"properties":{"name":"Liściasta-cm. Radogoszcz","lines":"99","arr":["99"],"terminus":0,"mode":"bus","color":"#0059a9","colorDark":"#00294f","angle":199,"snapDist":8,"label":0}},{"type":"Feature","geometry":{"type":"Point","coordinates":[19.442469,51.799774]},"properties":{"name":"Zgierska-Biegańskiego","lines":"99","arr":["99"],"terminus":0,"mode":"bus","color":"#0059a9","colorDark":"#00294f","angle":244.8,"snapDist":4,"label":0}},{"type":"Feature","geometry":{"type":"Point","coordinates":[19.429783,51.789847]},"properties":{"name":"Klonowa-Limanowskiego","lines":"99, N1A, N1B","arr":["99","N1A","N1B"],"terminus":0,"mode":"bus","color":"#0059a9","colorDark":"#00294f","angle":296.1,"snapDist":3,"label":0}},{"type":"Feature","geometry":{"type":"Point","coordinates":[19.428641,51.788484]},"properties":{"name":"Klonowa-Lutomierska","lines":"99, N1A, N1B","arr":["99","N1A","N1B"],"terminus":0,"mode":"bus","color":"#0059a9","colorDark":"#00294f","angle":297.2,"snapDist":6,"label":0}},{"type":"Feature","geometry":{"type":"Point","coordinates":[19.438714,51.767953]},"properties":{"name":"Żeligowskiego-pl. Hallera","lines":"99","arr":["99"],"terminus":0,"mode":"bus","color":"#0059a9","colorDark":"#00294f","angle":262,"snapDist":11,"label":0}},{"type":"Feature","geometry":{"type":"Point","coordinates":[19.39781,51.746798]},"properties":{"name":"Armii Krajowej-Napierskiego NŻ","lines":"99, N2","arr":["99","N2"],"terminus":0,"mode":"bus","color":"#0059a9","colorDark":"#00294f","angle":70.2,"snapDist":7,"label":0}},{"type":"Feature","geometry":{"type":"Point","coordinates":[19.455535,51.772679]},"properties":{"name":"Piotrkowska-Łódzka Inf. Turystyczna","lines":"100","arr":["100"],"terminus":1,"mode":"bus","color":"#0059a9","colorDark":"#00294f","angle":351.2,"snapDist":74,"label":1}},{"type":"Feature","geometry":{"type":"Point","coordinates":[19.446382,51.778163]},"properties":{"name":"Ogrodowa-Gdańska","lines":"100","arr":["100"],"terminus":0,"mode":"bus","color":"#0059a9","colorDark":"#00294f","angle":351.3,"snapDist":5,"label":0}},{"type":"Feature","geometry":{"type":"Point","coordinates":[19.440173,51.777032]},"properties":{"name":"Ogrodowa-Karskiego","lines":"100","arr":["100"],"terminus":0,"mode":"bus","color":"#0059a9","colorDark":"#00294f","angle":330.5,"snapDist":6,"label":0}},{"type":"Feature","geometry":{"type":"Point","coordinates":[19.455635,51.772688]},"properties":{"name":"Piotrkowska-Łódzka Inf. Turystyczna","lines":"101","arr":["101"],"terminus":1,"mode":"bus","color":"#0059a9","colorDark":"#00294f","angle":351.9,"snapDist":38,"label":0}},{"type":"Feature","geometry":{"type":"Point","coordinates":[19.462561,51.774502]},"properties":{"name":"Kilińskiego-Rewolucji 1905r.","lines":"101, N7A, N7B, N8","arr":["101","N7A","N7B","N8"],"terminus":0,"mode":"bus","color":"#0059a9","colorDark":"#00294f","angle":261.8,"snapDist":1,"label":1}},{"type":"Feature","geometry":{"type":"Point","coordinates":[19.463231,51.771679]},"properties":{"name":"Kilińskiego-Narutowicza","lines":"101, N7A, N7B, N8","arr":["101","N7A","N7B","N8"],"terminus":0,"mode":"bus","color":"#0059a9","colorDark":"#00294f","angle":261.5,"snapDist":7,"label":1}},{"type":"Feature","geometry":{"type":"Point","coordinates":[19.469449,51.767265]},"properties":{"name":"Wajdy-EC1 Centrum Komiksu","lines":"101","arr":["101"],"terminus":0,"mode":"bus","color":"#0059a9","colorDark":"#00294f","angle":-112.7,"snapDist":22,"label":1}},{"type":"Feature","geometry":{"type":"Point","coordinates":[19.468103,51.76823]},"properties":{"name":"pl. Szoslanda-EC1 Centrum Nauki i Techni","lines":"101","arr":["101"],"terminus":0,"mode":"bus","color":"#0059a9","colorDark":"#00294f","angle":171.7,"snapDist":22,"label":1}},{"type":"Feature","geometry":{"type":"Point","coordinates":[19.460636,51.749713]},"properties":{"name":"Piotrkowska-pl. Katedralny","lines":"101, N6, Z11","arr":["101","N6","Z11"],"terminus":0,"mode":"bus","color":"#0059a9","colorDark":"#00294f","angle":262.3,"snapDist":11,"label":1}},{"type":"Feature","geometry":{"type":"Point","coordinates":[19.483614,51.754861]},"properties":{"name":"Przędzalniana-Tymienieckiego","lines":"101, N8","arr":["101","N8"],"terminus":0,"mode":"bus","color":"#0059a9","colorDark":"#00294f","angle":67.9,"snapDist":6,"label":1}},{"type":"Feature","geometry":{"type":"Point","coordinates":[19.472891,51.759549]},"properties":{"name":"Muzeum Kinematografii","lines":"101","arr":["101"],"terminus":1,"mode":"bus","color":"#0059a9","colorDark":"#00294f","angle":84.6,"snapDist":97,"label":1}},{"type":"Feature","geometry":{"type":"Point","coordinates":[19.537252,51.762371]},"properties":{"name":"rondo Inwalidów","lines":"201, 202","arr":["201","202"],"terminus":1,"mode":"bus","color":"#0059a9","colorDark":"#00294f","angle":15,"snapDist":18,"label":1}},{"type":"Feature","geometry":{"type":"Point","coordinates":[19.554463,51.757229]},"properties":{"name":"Rokicińska-Augustów","lines":"201, 202, N5A, N5B","arr":["201","202","N5A","N5B"],"terminus":0,"mode":"bus","color":"#0059a9","colorDark":"#00294f","angle":191.2,"snapDist":4,"label":1}},{"type":"Feature","geometry":{"type":"Point","coordinates":[19.566238,51.755297]},"properties":{"name":"Rokicińska-Książąt Polskich NŻ","lines":"201, 202, N5A, N5B","arr":["201","202","N5A","N5B"],"terminus":0,"mode":"bus","color":"#0059a9","colorDark":"#00294f","angle":196.6,"snapDist":0,"label":1}},{"type":"Feature","geometry":{"type":"Point","coordinates":[19.639445,51.725929]},"properties":{"name":"Brzezińska-Rokicińska(Andrespol)","lines":"201","arr":["201"],"terminus":0,"mode":"bus","color":"#0059a9","colorDark":"#00294f","angle":131.1,"snapDist":3,"label":1}},{"type":"Feature","geometry":{"type":"Point","coordinates":[19.645023,51.733967]},"properties":{"name":"Brzezińska-Sienkiewicza NŻ (Bedoń Przyko","lines":"201","arr":["201"],"terminus":0,"mode":"bus","color":"#0059a9","colorDark":"#00294f","angle":107,"snapDist":3,"label":1}},{"type":"Feature","geometry":{"type":"Point","coordinates":[19.64556,51.736736]},"properties":{"name":"Ogrodowa-Brzezińska NŻ (Bedoń Przykoście","lines":"201","arr":["201"],"terminus":0,"mode":"bus","color":"#0059a9","colorDark":"#00294f","angle":23.5,"snapDist":2,"label":1}},{"type":"Feature","geometry":{"type":"Point","coordinates":[19.638462,51.738014]},"properties":{"name":"Ogrodowa-Magdalenki NŻ (Bedoń Przykoście","lines":"201","arr":["201"],"terminus":0,"mode":"bus","color":"#0059a9","colorDark":"#00294f","angle":17.9,"snapDist":2,"label":1}},{"type":"Feature","geometry":{"type":"Point","coordinates":[19.634655,51.737288]},"properties":{"name":"Bedoń Kościelna/Kościół","lines":"201","arr":["201"],"terminus":1,"mode":"bus","color":"#0059a9","colorDark":"#00294f","angle":111.4,"snapDist":9,"label":1}},{"type":"Feature","geometry":{"type":"Point","coordinates":[19.638467,51.738013]},"properties":{"name":"Ogrodowa-Magdalenki NŻ (Bedoń Przykoście","lines":"201","arr":["201"],"terminus":0,"mode":"bus","color":"#0059a9","colorDark":"#00294f","angle":197.9,"snapDist":2,"label":0}},{"type":"Feature","geometry":{"type":"Point","coordinates":[19.645598,51.736726]},"properties":{"name":"Ogrodowa-Brzezińska NŻ (Bedoń Przykoście","lines":"201","arr":["201"],"terminus":0,"mode":"bus","color":"#0059a9","colorDark":"#00294f","angle":203.5,"snapDist":3,"label":0}},{"type":"Feature","geometry":{"type":"Point","coordinates":[19.644461,51.732844]},"properties":{"name":"Brzezińska-Sienkiewicza NŻ (Bedoń Przyko","lines":"201","arr":["201"],"terminus":0,"mode":"bus","color":"#0059a9","colorDark":"#00294f","angle":287,"snapDist":2,"label":0}},{"type":"Feature","geometry":{"type":"Point","coordinates":[19.574225,51.754088]},"properties":{"name":"Rokicińska-Hetmańska NŻ","lines":"201, 202, N5A, N5B","arr":["201","202","N5A","N5B"],"terminus":0,"mode":"bus","color":"#0059a9","colorDark":"#00294f","angle":16.6,"snapDist":8,"label":0}},{"type":"Feature","geometry":{"type":"Point","coordinates":[19.564581,51.755848]},"properties":{"name":"Rokicińska-Książąt Polskich NŻ","lines":"201, 202, N5A, N5B","arr":["201","202","N5A","N5B"],"terminus":0,"mode":"bus","color":"#0059a9","colorDark":"#00294f","angle":16.5,"snapDist":10,"label":0}},{"type":"Feature","geometry":{"type":"Point","coordinates":[19.55889,51.756885]},"properties":{"name":"Rokicińska-Rokicińska 144 NŻ","lines":"201, 202, N5A, N5B","arr":["201","202","N5A","N5B"],"terminus":0,"mode":"bus","color":"#0059a9","colorDark":"#00294f","angle":16.1,"snapDist":8,"label":1}},{"type":"Feature","geometry":{"type":"Point","coordinates":[19.639682,51.724819]},"properties":{"name":"Rokicińska-Prosta (Andrespol)","lines":"202","arr":["202"],"terminus":0,"mode":"bus","color":"#0059a9","colorDark":"#00294f","angle":222.4,"snapDist":7,"label":1}},{"type":"Feature","geometry":{"type":"Point","coordinates":[19.646762,51.719106]},"properties":{"name":"Rokicińska-Azaliowa (Kraszew)","lines":"202","arr":["202"],"terminus":0,"mode":"bus","color":"#0059a9","colorDark":"#00294f","angle":245.2,"snapDist":7,"label":1}},{"type":"Feature","geometry":{"type":"Point","coordinates":[19.652924,51.710952]},"properties":{"name":"Rokicińska-Mleczarnia (Kraszew)","lines":"202","arr":["202"],"terminus":0,"mode":"bus","color":"#0059a9","colorDark":"#00294f","angle":64.8,"snapDist":7,"label":1}},{"type":"Feature","geometry":{"type":"Point","coordinates":[19.646335,51.719671]},"properties":{"name":"Rokicińska-Azaliowa (Kraszew)","lines":"202","arr":["202"],"terminus":0,"mode":"bus","color":"#0059a9","colorDark":"#00294f","angle":64.8,"snapDist":5,"label":0}},{"type":"Feature","geometry":{"type":"Point","coordinates":[19.645775,51.722492]},"properties":{"name":"Marysińska-Rokicińska (Andrespol)","lines":"202","arr":["202"],"terminus":0,"mode":"bus","color":"#0059a9","colorDark":"#00294f","angle":169.7,"snapDist":6,"label":1}},{"type":"Feature","geometry":{"type":"Point","coordinates":[19.664549,51.727294]},"properties":{"name":"Łódzka-Nowa (Justynów)","lines":"202","arr":["202"],"terminus":0,"mode":"bus","color":"#0059a9","colorDark":"#00294f","angle":139.6,"snapDist":6,"label":1}},{"type":"Feature","geometry":{"type":"Point","coordinates":[19.669399,51.729825]},"properties":{"name":"Łódzka-Malinowa (Justynów)","lines":"202","arr":["202"],"terminus":0,"mode":"bus","color":"#0059a9","colorDark":"#00294f","angle":140.2,"snapDist":7,"label":1}},{"type":"Feature","geometry":{"type":"Point","coordinates":[19.675289,51.728139]},"properties":{"name":"Łódzka-Ciesielskiego (Justynów)","lines":"202","arr":["202"],"terminus":0,"mode":"bus","color":"#0059a9","colorDark":"#00294f","angle":211.7,"snapDist":6,"label":1}},{"type":"Feature","geometry":{"type":"Point","coordinates":[19.679896,51.72661]},"properties":{"name":"Łódzka-Główna (Justynów)","lines":"202","arr":["202"],"terminus":0,"mode":"bus","color":"#0059a9","colorDark":"#00294f","angle":209.1,"snapDist":5,"label":1}},{"type":"Feature","geometry":{"type":"Point","coordinates":[19.684138,51.72963]},"properties":{"name":"Główna-1 Maja (Justynów)","lines":"202","arr":["202"],"terminus":0,"mode":"bus","color":"#0059a9","colorDark":"#00294f","angle":127.6,"snapDist":4,"label":1}},{"type":"Feature","geometry":{"type":"Point","coordinates":[19.685434,51.733869]},"properties":{"name":"Główna-Okólna (Janówka)","lines":"202","arr":["202"],"terminus":0,"mode":"bus","color":"#0059a9","colorDark":"#00294f","angle":69,"snapDist":3,"label":1}},{"type":"Feature","geometry":{"type":"Point","coordinates":[19.682123,51.739364]},"properties":{"name":"Główna-Bedońska (Janówka)","lines":"202","arr":["202"],"terminus":0,"mode":"bus","color":"#0059a9","colorDark":"#00294f","angle":70.6,"snapDist":2,"label":1}},{"type":"Feature","geometry":{"type":"Point","coordinates":[19.680271,51.74242]},"properties":{"name":"Główna-Rybna (Janówka)","lines":"202","arr":["202"],"terminus":0,"mode":"bus","color":"#0059a9","colorDark":"#00294f","angle":67.6,"snapDist":0,"label":1}},{"type":"Feature","geometry":{"type":"Point","coordinates":[19.677953,51.746692]},"properties":{"name":"Janówka","lines":"202","arr":["202"],"terminus":1,"mode":"bus","color":"#0059a9","colorDark":"#00294f","angle":10,"snapDist":13,"label":1}},{"type":"Feature","geometry":{"type":"Point","coordinates":[19.680536,51.742009]},"properties":{"name":"Główna-Rybna (Janówka)","lines":"202","arr":["202"],"terminus":0,"mode":"bus","color":"#0059a9","colorDark":"#00294f","angle":248.6,"snapDist":3,"label":0}},{"type":"Feature","geometry":{"type":"Point","coordinates":[19.682124,51.739362]},"properties":{"name":"Główna-Bedońska (Janówka)","lines":"202","arr":["202"],"terminus":0,"mode":"bus","color":"#0059a9","colorDark":"#00294f","angle":250.6,"snapDist":4,"label":0}},{"type":"Feature","geometry":{"type":"Point","coordinates":[19.685452,51.733839]},"properties":{"name":"Główna-Okólna (Janówka)","lines":"202","arr":["202"],"terminus":0,"mode":"bus","color":"#0059a9","colorDark":"#00294f","angle":250,"snapDist":3,"label":0}},{"type":"Feature","geometry":{"type":"Point","coordinates":[19.684212,51.72969]},"properties":{"name":"Główna-1 Maja (Justynów)","lines":"202","arr":["202"],"terminus":0,"mode":"bus","color":"#0059a9","colorDark":"#00294f","angle":307.6,"snapDist":4,"label":0}},{"type":"Feature","geometry":{"type":"Point","coordinates":[19.679152,51.726867]},"properties":{"name":"Łódzka-Górna (Justynów)","lines":"202","arr":["202"],"terminus":0,"mode":"bus","color":"#0059a9","colorDark":"#00294f","angle":28.9,"snapDist":5,"label":1}},{"type":"Feature","geometry":{"type":"Point","coordinates":[19.674912,51.728283]},"properties":{"name":"Łódzka-Ludowa NŻ (Justynów)","lines":"202","arr":["202"],"terminus":0,"mode":"bus","color":"#0059a9","colorDark":"#00294f","angle":32.4,"snapDist":6,"label":1}},{"type":"Feature","geometry":{"type":"Point","coordinates":[19.669799,51.730023]},"properties":{"name":"Łódzka-Malinowa (Justynów)","lines":"202","arr":["202"],"terminus":0,"mode":"bus","color":"#0059a9","colorDark":"#00294f","angle":319.3,"snapDist":8,"label":0}},{"type":"Feature","geometry":{"type":"Point","coordinates":[19.664247,51.727135]},"properties":{"name":"Łódzka-Nowa (Justynów)","lines":"202","arr":["202"],"terminus":0,"mode":"bus","color":"#0059a9","colorDark":"#00294f","angle":319.7,"snapDist":5,"label":0}},{"type":"Feature","geometry":{"type":"Point","coordinates":[19.645355,51.722443]},"properties":{"name":"Marysińska-Rokicińska (Andrespol)","lines":"202","arr":["202"],"terminus":0,"mode":"bus","color":"#0059a9","colorDark":"#00294f","angle":349.4,"snapDist":2,"label":0}},{"type":"Feature","geometry":{"type":"Point","coordinates":[19.517649,51.712793]},"properties":{"name":"Jędrzejów Przem. Zachód","lines":"F1, N8","arr":["F1","N8"],"terminus":1,"mode":"bus","color":"#0059a9","colorDark":"#00294f","angle":350.7,"snapDist":7,"label":1}},{"type":"Feature","geometry":{"type":"Point","coordinates":[19.523716,51.71405]},"properties":{"name":"Jędrzejowska 43A NŻ","lines":"F1, N8","arr":["F1","N8"],"terminus":0,"mode":"bus","color":"#0059a9","colorDark":"#00294f","angle":159.6,"snapDist":5,"label":1}},{"type":"Feature","geometry":{"type":"Point","coordinates":[19.532855,51.717048]},"properties":{"name":"Jędrzejowska 45A NŻ","lines":"F1, N8","arr":["F1","N8"],"terminus":0,"mode":"bus","color":"#0059a9","colorDark":"#00294f","angle":67.6,"snapDist":6,"label":1}},{"type":"Feature","geometry":{"type":"Point","coordinates":[19.530454,51.720696]},"properties":{"name":"Jędrzejowska 47 NŻ","lines":"F1, N8","arr":["F1","N8"],"terminus":0,"mode":"bus","color":"#0059a9","colorDark":"#00294f","angle":67.8,"snapDist":10,"label":1}},{"type":"Feature","geometry":{"type":"Point","coordinates":[19.537195,51.722414]},"properties":{"name":"Jędrzejowska-Tomaszowska NŻ","lines":"F1","arr":["F1"],"terminus":0,"mode":"bus","color":"#0059a9","colorDark":"#00294f","angle":166.9,"snapDist":2,"label":1}},{"type":"Feature","geometry":{"type":"Point","coordinates":[19.367368,51.740941]},"properties":{"name":"ŁSSE Nowy Józefów","lines":"G1","arr":["G1"],"terminus":1,"mode":"bus","color":"#0059a9","colorDark":"#00294f","angle":303.5,"snapDist":4,"label":1}},{"type":"Feature","geometry":{"type":"Point","coordinates":[19.367745,51.739086]},"properties":{"name":"Gillette-Nowy Józefów","lines":"G1, G2","arr":["G1","G2"],"terminus":0,"mode":"bus","color":"#0059a9","colorDark":"#00294f","angle":259.4,"snapDist":9,"label":1}},{"type":"Feature","geometry":{"type":"Point","coordinates":[19.366828,51.736277]},"properties":{"name":"Nowy Józefów-Golfowa","lines":"G1, G2","arr":["G1","G2"],"terminus":0,"mode":"bus","color":"#0059a9","colorDark":"#00294f","angle":339.4,"snapDist":7,"label":1}},{"type":"Feature","geometry":{"type":"Point","coordinates":[19.366742,51.733483]},"properties":{"name":"Golfowa-Maratońska","lines":"G2","arr":["G2"],"terminus":0,"mode":"bus","color":"#0059a9","colorDark":"#00294f","angle":76.5,"snapDist":3,"label":1}},{"type":"Feature","geometry":{"type":"Point","coordinates":[19.366494,51.7362]},"properties":{"name":"Nowy Józefów-Golfowa","lines":"G2","arr":["G2"],"terminus":0,"mode":"bus","color":"#0059a9","colorDark":"#00294f","angle":159.4,"snapDist":7,"label":0}},{"type":"Feature","geometry":{"type":"Point","coordinates":[19.367465,51.74001]},"properties":{"name":"Gillette-Nowy Józefów","lines":"G2","arr":["G2"],"terminus":0,"mode":"bus","color":"#0059a9","colorDark":"#00294f","angle":79.6,"snapDist":6,"label":0}},{"type":"Feature","geometry":{"type":"Point","coordinates":[19.363317,51.745006]},"properties":{"name":"Innowacyjna NŻ","lines":"G2","arr":["G2"],"terminus":0,"mode":"bus","color":"#0059a9","colorDark":"#00294f","angle":74.6,"snapDist":6,"label":1}},{"type":"Feature","geometry":{"type":"Point","coordinates":[19.360565,51.746632]},"properties":{"name":"Kościelna NŻ","lines":"G2","arr":["G2"],"terminus":0,"mode":"bus","color":"#0059a9","colorDark":"#00294f","angle":4,"snapDist":5,"label":1}},{"type":"Feature","geometry":{"type":"Point","coordinates":[19.360765,51.743131]},"properties":{"name":"ŁSSE ks. Janika","lines":"G2","arr":["G2"],"terminus":1,"mode":"bus","color":"#0059a9","colorDark":"#00294f","angle":260.1,"snapDist":7,"label":1}},{"type":"Feature","geometry":{"type":"Point","coordinates":[19.352415,51.741194]},"properties":{"name":"ŁSSE Langiewicza NŻ","lines":"G2","arr":["G2"],"terminus":0,"mode":"bus","color":"#0059a9","colorDark":"#00294f","angle":348.3,"snapDist":5,"label":1}},{"type":"Feature","geometry":{"type":"Point","coordinates":[19.352084,51.744401]},"properties":{"name":"ŁSSE Łąkowa NŻ","lines":"G2","arr":["G2"],"terminus":0,"mode":"bus","color":"#0059a9","colorDark":"#00294f","angle":164.6,"snapDist":9,"label":1}},{"type":"Feature","geometry":{"type":"Point","coordinates":[19.362232,51.741006]},"properties":{"name":"ŁSSE Inwestycyjna NŻ","lines":"G2","arr":["G2"],"terminus":0,"mode":"bus","color":"#0059a9","colorDark":"#00294f","angle":169.6,"snapDist":3,"label":1}},{"type":"Feature","geometry":{"type":"Point","coordinates":[19.472141,51.704046]},"properties":{"name":"Ustronna-Świecka NŻ","lines":"H","arr":["H"],"terminus":0,"mode":"bus","color":"#0059a9","colorDark":"#00294f","angle":238.2,"snapDist":3,"label":1}},{"type":"Feature","geometry":{"type":"Point","coordinates":[19.474308,51.701867]},"properties":{"name":"Ustronna-Przednia NŻ","lines":"H","arr":["H"],"terminus":0,"mode":"bus","color":"#0059a9","colorDark":"#00294f","angle":238.5,"snapDist":1,"label":1}},{"type":"Feature","geometry":{"type":"Point","coordinates":[19.46435,51.700347]},"properties":{"name":"Graniczna-Rozalii NŻ","lines":"H","arr":["H"],"terminus":0,"mode":"bus","color":"#0059a9","colorDark":"#00294f","angle":237.7,"snapDist":6,"label":1}},{"type":"Feature","geometry":{"type":"Point","coordinates":[19.469215,51.697347]},"properties":{"name":"Graniczna-Graniczna 62 NŻ","lines":"H","arr":["H"],"terminus":0,"mode":"bus","color":"#0059a9","colorDark":"#00294f","angle":148.9,"snapDist":7,"label":1}},{"type":"Feature","geometry":{"type":"Point","coordinates":[19.4734,51.699331]},"properties":{"name":"Chojny Hydro","lines":"H","arr":["H"],"terminus":1,"mode":"bus","color":"#0059a9","colorDark":"#00294f","angle":281.8,"snapDist":23,"label":1}},{"type":"Feature","geometry":{"type":"Point","coordinates":[19.455683,51.760052]},"properties":{"name":"Kościuszki-Mickiewicza","lines":"N1A, N1B, N5A, N5B, N6, N7A, N7B","arr":["N1A","N1B","N5A","N5B","N6","N7A","N7B"],"terminus":0,"mode":"bus","color":"#0059a9","colorDark":"#00294f","angle":82.1,"snapDist":7,"label":1}},{"type":"Feature","geometry":{"type":"Point","coordinates":[19.454003,51.767846]},"properties":{"name":"Kościuszki-6 Sierpnia","lines":"N1A, N1B, N2, N3A, N3B, N4A, N4B, N5A, N5B, N6, N7A, N7B, N8","arr":["N1A","N1B","N2","N3A","N3B","N4A","N4B","N5A","N5B","N6","N7A","N7B","N8"],"terminus":1,"mode":"bus","color":"#0059a9","colorDark":"#00294f","angle":82.5,"snapDist":3,"label":1}},{"type":"Feature","geometry":{"type":"Point","coordinates":[19.449044,51.769553]},"properties":{"name":"Gdańska-Zielona","lines":"N1A, N1B, N2, N3A, N3B, N4A, N4B, N5A, N5B, N6, N7A, N7B, N8","arr":["N1A","N1B","N2","N3A","N3B","N4A","N4B","N5A","N5B","N6","N7A","N7B","N8"],"terminus":0,"mode":"bus","color":"#0059a9","colorDark":"#00294f","angle":82.4,"snapDist":6,"label":0}},{"type":"Feature","geometry":{"type":"Point","coordinates":[19.428629,51.78847]},"properties":{"name":"Klonowa-Lutomierska","lines":"N1A, N1B","arr":["N1A","N1B"],"terminus":0,"mode":"bus","color":"#0059a9","colorDark":"#00294f","angle":117.7,"snapDist":2,"label":0}},{"type":"Feature","geometry":{"type":"Point","coordinates":[19.426586,51.791066]},"properties":{"name":"Limanowskiego-Mokra","lines":"N1A, N1B","arr":["N1A","N1B"],"terminus":0,"mode":"bus","color":"#0059a9","colorDark":"#00294f","angle":18.4,"snapDist":7,"label":0}},{"type":"Feature","geometry":{"type":"Point","coordinates":[19.453718,51.767841]},"properties":{"name":"Kościuszki-6 Sierpnia","lines":"N1A, N1B, N2, N3A, N3B, N4A, N4B, N5A, N5B, N6, N7A, N7B, N9","arr":["N1A","N1B","N2","N3A","N3B","N4A","N4B","N5A","N5B","N6","N7A","N7B","N9"],"terminus":1,"mode":"bus","color":"#0059a9","colorDark":"#00294f","angle":262.5,"snapDist":1,"label":0}},{"type":"Feature","geometry":{"type":"Point","coordinates":[19.454796,51.75888]},"properties":{"name":"Mickiewicza-Kościuszki","lines":"N1A, N1B, N6","arr":["N1A","N1B","N6"],"terminus":0,"mode":"bus","color":"#0059a9","colorDark":"#00294f","angle":172,"snapDist":2,"label":0}},{"type":"Feature","geometry":{"type":"Point","coordinates":[19.469872,51.760198]},"properties":{"name":"Piłsudskiego-Kilińskiego","lines":"N1A, N1B","arr":["N1A","N1B"],"terminus":0,"mode":"bus","color":"#0059a9","colorDark":"#00294f","angle":172,"snapDist":9,"label":0}},{"type":"Feature","geometry":{"type":"Point","coordinates":[19.413802,51.747405]},"properties":{"name":"Wyszyńskiego-os. Piaski","lines":"N2","arr":["N2"],"terminus":0,"mode":"bus","color":"#0059a9","colorDark":"#00294f","angle":186.3,"snapDist":7,"label":1}},{"type":"Feature","geometry":{"type":"Point","coordinates":[19.417699,51.747105]},"properties":{"name":"Wyszyńskiego-Waltera-Janke","lines":"N2","arr":["N2"],"terminus":0,"mode":"bus","color":"#0059a9","colorDark":"#00294f","angle":187.2,"snapDist":5,"label":1}},{"type":"Feature","geometry":{"type":"Point","coordinates":[19.433735,51.816918]},"properties":{"name":"Zgierska-Sikorskiego NŻ","lines":"N2","arr":["N2"],"terminus":0,"mode":"bus","color":"#0059a9","colorDark":"#00294f","angle":65.8,"snapDist":3,"label":1}},{"type":"Feature","geometry":{"type":"Point","coordinates":[19.437715,51.824931]},"properties":{"name":"Radogoszcz Wschód","lines":"N2","arr":["N2"],"terminus":1,"mode":"bus","color":"#0059a9","colorDark":"#00294f","angle":67.2,"snapDist":23,"label":0}},{"type":"Feature","geometry":{"type":"Point","coordinates":[19.417602,51.748179]},"properties":{"name":"Wyszyńskiego-Waltera-Janke","lines":"N2","arr":["N2"],"terminus":0,"mode":"bus","color":"#0059a9","colorDark":"#00294f","angle":346,"snapDist":9,"label":0}},{"type":"Feature","geometry":{"type":"Point","coordinates":[19.412036,51.747757]},"properties":{"name":"Wyszyńskiego-os. Piaski","lines":"N2","arr":["N2"],"terminus":0,"mode":"bus","color":"#0059a9","colorDark":"#00294f","angle":6.8,"snapDist":8,"label":0}},{"type":"Feature","geometry":{"type":"Point","coordinates":[19.479579,51.709727]},"properties":{"name":"Paradna-Matek Polskich","lines":"N3A","arr":["N3A"],"terminus":0,"mode":"bus","color":"#0059a9","colorDark":"#00294f","angle":192,"snapDist":6,"label":0}},{"type":"Feature","geometry":{"type":"Point","coordinates":[19.480268,51.728016]},"properties":{"name":"Kilińskiego-Dw. Łódź Chojny","lines":"N3A, N3B","arr":["N3A","N3B"],"terminus":0,"mode":"bus","color":"#0059a9","colorDark":"#00294f","angle":78.3,"snapDist":2,"label":0}},{"type":"Feature","geometry":{"type":"Point","coordinates":[19.466875,51.738672]},"properties":{"name":"Rzgowska-Dąbrowskiego","lines":"N3A, N3B","arr":["N3A","N3B"],"terminus":0,"mode":"bus","color":"#0059a9","colorDark":"#00294f","angle":238.5,"snapDist":7,"label":1}},{"type":"Feature","geometry":{"type":"Point","coordinates":[19.474979,51.74767]},"properties":{"name":"Kilińskiego-Senatorska","lines":"N3A, N3B","arr":["N3A","N3B"],"terminus":0,"mode":"bus","color":"#0059a9","colorDark":"#00294f","angle":73,"snapDist":4,"label":1}},{"type":"Feature","geometry":{"type":"Point","coordinates":[19.448055,51.771985]},"properties":{"name":"Więckowskiego-Gdańska","lines":"N3A, N3B","arr":["N3A","N3B"],"terminus":0,"mode":"bus","color":"#0059a9","colorDark":"#00294f","angle":351.8,"snapDist":7,"label":1}},{"type":"Feature","geometry":{"type":"Point","coordinates":[19.447114,51.774014]},"properties":{"name":"Próchnika-Gdańska","lines":"N3A, N3B","arr":["N3A","N3B"],"terminus":0,"mode":"bus","color":"#0059a9","colorDark":"#00294f","angle":171.1,"snapDist":7,"label":1}},{"type":"Feature","geometry":{"type":"Point","coordinates":[19.448242,51.773328]},"properties":{"name":"Gdańska-1 Maja","lines":"N3A, N3B","arr":["N3A","N3B"],"terminus":0,"mode":"bus","color":"#0059a9","colorDark":"#00294f","angle":262.4,"snapDist":7,"label":0}},{"type":"Feature","geometry":{"type":"Point","coordinates":[19.473345,51.75102]},"properties":{"name":"Kilińskiego-Tymienieckiego","lines":"N3A, N3B","arr":["N3A","N3B"],"terminus":0,"mode":"bus","color":"#0059a9","colorDark":"#00294f","angle":253.4,"snapDist":4,"label":1}},{"type":"Feature","geometry":{"type":"Point","coordinates":[19.474747,51.74814]},"properties":{"name":"Kilińskiego-Senatorska","lines":"N3A, N3B","arr":["N3A","N3B"],"terminus":0,"mode":"bus","color":"#0059a9","colorDark":"#00294f","angle":253,"snapDist":8,"label":0}},{"type":"Feature","geometry":{"type":"Point","coordinates":[19.475816,51.745942]},"properties":{"name":"Kilińskiego-Przybyszewskiego","lines":"N3A, N3B","arr":["N3A","N3B"],"terminus":0,"mode":"bus","color":"#0059a9","colorDark":"#00294f","angle":253.5,"snapDist":5,"label":0}},{"type":"Feature","geometry":{"type":"Point","coordinates":[19.477482,51.742587]},"properties":{"name":"Kilińskiego-Poznańska NŻ","lines":"N3A, N3B","arr":["N3A","N3B"],"terminus":0,"mode":"bus","color":"#0059a9","colorDark":"#00294f","angle":253,"snapDist":7,"label":1}},{"type":"Feature","geometry":{"type":"Point","coordinates":[19.477459,51.738545]},"properties":{"name":"Dąbrowskiego-Kilińskiego","lines":"N3A, N3B","arr":["N3A","N3B"],"terminus":0,"mode":"bus","color":"#0059a9","colorDark":"#00294f","angle":9.3,"snapDist":13,"label":1}},{"type":"Feature","geometry":{"type":"Point","coordinates":[19.468062,51.738636]},"properties":{"name":"Dąbrowskiego-Rzgowska","lines":"N3A, N3B","arr":["N3A","N3B"],"terminus":0,"mode":"bus","color":"#0059a9","colorDark":"#00294f","angle":342.2,"snapDist":3,"label":1}},{"type":"Feature","geometry":{"type":"Point","coordinates":[19.467856,51.711669]},"properties":{"name":"Paradna-Ustronna","lines":"N3B","arr":["N3B"],"terminus":0,"mode":"bus","color":"#0059a9","colorDark":"#00294f","angle":2.6,"snapDist":7,"label":1}},{"type":"Feature","geometry":{"type":"Point","coordinates":[19.472972,51.71706]},"properties":{"name":"Łazowskiego-Kosynierów Gdyńskich","lines":"N3B","arr":["N3B"],"terminus":0,"mode":"bus","color":"#0059a9","colorDark":"#00294f","angle":149.6,"snapDist":5,"label":1}},{"type":"Feature","geometry":{"type":"Point","coordinates":[19.46655,51.711644]},"properties":{"name":"Paradna-Ustronna","lines":"N3B","arr":["N3B"],"terminus":0,"mode":"bus","color":"#0059a9","colorDark":"#00294f","angle":180,"snapDist":3,"label":0}},{"type":"Feature","geometry":{"type":"Point","coordinates":[19.513269,51.782137]},"properties":{"name":"Telefoniczna-Chmurna","lines":"N4A, N4B, N7B","arr":["N4A","N4B","N7B"],"terminus":0,"mode":"bus","color":"#0059a9","colorDark":"#00294f","angle":173.4,"snapDist":6,"label":1}},{"type":"Feature","geometry":{"type":"Point","coordinates":[19.520972,51.783342]},"properties":{"name":"Telefoniczna-Weselna","lines":"N4A, N4B, N7B","arr":["N4A","N4B","N7B"],"terminus":0,"mode":"bus","color":"#0059a9","colorDark":"#00294f","angle":190.1,"snapDist":5,"label":1}},{"type":"Feature","geometry":{"type":"Point","coordinates":[19.519913,51.783299]},"properties":{"name":"Telefoniczna-Weselna","lines":"N4A, N4B, N7B","arr":["N4A","N4B","N7B"],"terminus":0,"mode":"bus","color":"#0059a9","colorDark":"#00294f","angle":340.8,"snapDist":5,"label":0}},{"type":"Feature","geometry":{"type":"Point","coordinates":[19.515178,51.782349]},"properties":{"name":"Telefoniczna-Chmurna","lines":"N4A, N4B, N7B","arr":["N4A","N4B","N7B"],"terminus":0,"mode":"bus","color":"#0059a9","colorDark":"#00294f","angle":346.1,"snapDist":2,"label":0}},{"type":"Feature","geometry":{"type":"Point","coordinates":[19.325472,51.660326]},"properties":{"name":"Dworzec PKP(Pabianice)","lines":"N4B","arr":["N4B"],"terminus":1,"mode":"bus","color":"#0059a9","colorDark":"#00294f","angle":-7.9,"snapDist":6,"label":1}},{"type":"Feature","geometry":{"type":"Point","coordinates":[19.323847,51.658449]},"properties":{"name":"Wiejska-Łaska (Pabianice)","lines":"N4B","arr":["N4B"],"terminus":0,"mode":"bus","color":"#0059a9","colorDark":"#00294f","angle":246.4,"snapDist":8,"label":1}},{"type":"Feature","geometry":{"type":"Point","coordinates":[19.326589,51.655545]},"properties":{"name":"Moniuszki-Wiejska (Pabianice)","lines":"N4B","arr":["N4B"],"terminus":0,"mode":"bus","color":"#0059a9","colorDark":"#00294f","angle":139.9,"snapDist":7,"label":1}},{"type":"Feature","geometry":{"type":"Point","coordinates":[19.331068,51.657919]},"properties":{"name":"Moniuszki-Niecała(Pabianice)","lines":"N4B","arr":["N4B"],"terminus":0,"mode":"bus","color":"#0059a9","colorDark":"#00294f","angle":139.2,"snapDist":9,"label":1}},{"type":"Feature","geometry":{"type":"Point","coordinates":[19.335892,51.660007]},"properties":{"name":"Moniuszki-Wysoka (Pabianice)","lines":"N4B","arr":["N4B"],"terminus":0,"mode":"bus","color":"#0059a9","colorDark":"#00294f","angle":147.8,"snapDist":6,"label":1}},{"type":"Feature","geometry":{"type":"Point","coordinates":[19.341754,51.66482]},"properties":{"name":"Zamkowa-Konopnickiej (Pabianice)","lines":"N4B","arr":["N4B"],"terminus":0,"mode":"bus","color":"#0059a9","colorDark":"#00294f","angle":184.2,"snapDist":6,"label":1}},{"type":"Feature","geometry":{"type":"Point","coordinates":[19.345775,51.664714]},"properties":{"name":"Zamkowa-Wyspiańskiego (Pabianice)","lines":"N4B","arr":["N4B"],"terminus":0,"mode":"bus","color":"#0059a9","colorDark":"#00294f","angle":184.2,"snapDist":5,"label":1}},{"type":"Feature","geometry":{"type":"Point","coordinates":[19.351476,51.664457]},"properties":{"name":"Zamkowa-Narutowicza (Pabianice)","lines":"N4B","arr":["N4B"],"terminus":0,"mode":"bus","color":"#0059a9","colorDark":"#00294f","angle":184.2,"snapDist":5,"label":1}},{"type":"Feature","geometry":{"type":"Point","coordinates":[19.354647,51.663613]},"properties":{"name":"Kilińskiego-SDH(Pabianice)","lines":"N4B","arr":["N4B"],"terminus":0,"mode":"bus","color":"#0059a9","colorDark":"#00294f","angle":274.1,"snapDist":10,"label":1}},{"type":"Feature","geometry":{"type":"Point","coordinates":[19.354833,51.659249]},"properties":{"name":"Kilińskiego-Moniuszki (Pabianice)","lines":"N4B","arr":["N4B"],"terminus":0,"mode":"bus","color":"#0059a9","colorDark":"#00294f","angle":245.3,"snapDist":8,"label":1}},{"type":"Feature","geometry":{"type":"Point","coordinates":[19.358778,51.657238]},"properties":{"name":"Grota-Roweckiego-Hala Sportowa(Pabianice","lines":"N4B","arr":["N4B"],"terminus":0,"mode":"bus","color":"#0059a9","colorDark":"#00294f","angle":185.5,"snapDist":5,"label":1}},{"type":"Feature","geometry":{"type":"Point","coordinates":[19.367452,51.656714]},"properties":{"name":"Grota-Roweckiego-Os. Kopernika (Pabianic","lines":"N4B","arr":["N4B"],"terminus":0,"mode":"bus","color":"#0059a9","colorDark":"#00294f","angle":186.6,"snapDist":7,"label":1}},{"type":"Feature","geometry":{"type":"Point","coordinates":[19.373937,51.656305]},"properties":{"name":"Grota-Roweckiego-Nawrockiego (Pabianice)","lines":"N4B","arr":["N4B"],"terminus":0,"mode":"bus","color":"#0059a9","colorDark":"#00294f","angle":185.8,"snapDist":12,"label":1}},{"type":"Feature","geometry":{"type":"Point","coordinates":[19.374042,51.653955]},"properties":{"name":"Nawrockiego-Gawrońska(Pabianice)","lines":"N4B","arr":["N4B"],"terminus":0,"mode":"bus","color":"#0059a9","colorDark":"#00294f","angle":281.1,"snapDist":9,"label":1}},{"type":"Feature","geometry":{"type":"Point","coordinates":[19.374351,51.6516]},"properties":{"name":"Waltera-Janke-Nawrockiego (Pabianice)","lines":"N4B","arr":["N4B"],"terminus":0,"mode":"bus","color":"#0059a9","colorDark":"#00294f","angle":176.1,"snapDist":9,"label":1}},{"type":"Feature","geometry":{"type":"Point","coordinates":[19.378183,51.651749]},"properties":{"name":"Waltera-Janke bl. 228 (Pabianice)","lines":"N4B","arr":["N4B"],"terminus":0,"mode":"bus","color":"#0059a9","colorDark":"#00294f","angle":176.3,"snapDist":8,"label":1}},{"type":"Feature","geometry":{"type":"Point","coordinates":[19.383022,51.651943]},"properties":{"name":"Waltera-Janke-Waltera - Janke bl. 250(Pa","lines":"N4B","arr":["N4B"],"terminus":0,"mode":"bus","color":"#0059a9","colorDark":"#00294f","angle":176.3,"snapDist":8,"label":1}},{"type":"Feature","geometry":{"type":"Point","coordinates":[19.387561,51.652359]},"properties":{"name":"Waltera - Janke pętla(Pabianice)","lines":"N4B","arr":["N4B"],"terminus":0,"mode":"bus","color":"#0059a9","colorDark":"#00294f","angle":218.3,"snapDist":7,"label":1}},{"type":"Feature","geometry":{"type":"Point","coordinates":[19.388872,51.655925]},"properties":{"name":"Myśliwska-Dolna(Pabianice)","lines":"N4B","arr":["N4B"],"terminus":0,"mode":"bus","color":"#0059a9","colorDark":"#00294f","angle":95.1,"snapDist":6,"label":1}},{"type":"Feature","geometry":{"type":"Point","coordinates":[19.389615,51.660576]},"properties":{"name":"Myśliwska-Skargi(Pabianice)","lines":"N4B","arr":["N4B"],"terminus":0,"mode":"bus","color":"#0059a9","colorDark":"#00294f","angle":96.5,"snapDist":6,"label":1}},{"type":"Feature","geometry":{"type":"Point","coordinates":[19.393169,51.664156]},"properties":{"name":"Warszawska-Duży Skręt (Pabianice)","lines":"N4B","arr":["N4B"],"terminus":0,"mode":"bus","color":"#0059a9","colorDark":"#00294f","angle":107.4,"snapDist":2,"label":1}},{"type":"Feature","geometry":{"type":"Point","coordinates":[19.396167,51.669947]},"properties":{"name":"Warszawska-Dąbrowa (Pabianice)","lines":"N4B","arr":["N4B"],"terminus":0,"mode":"bus","color":"#0059a9","colorDark":"#00294f","angle":107.8,"snapDist":2,"label":1}},{"type":"Feature","geometry":{"type":"Point","coordinates":[19.400512,51.678249]},"properties":{"name":"Łódzka-Teklin","lines":"N4B","arr":["N4B"],"terminus":0,"mode":"bus","color":"#0059a9","colorDark":"#00294f","angle":107.8,"snapDist":3,"label":1}},{"type":"Feature","geometry":{"type":"Point","coordinates":[19.403294,51.683591]},"properties":{"name":"Łódzka-Widzew-Żdżary","lines":"N4B","arr":["N4B"],"terminus":0,"mode":"bus","color":"#0059a9","colorDark":"#00294f","angle":107.6,"snapDist":8,"label":1}},{"type":"Feature","geometry":{"type":"Point","coordinates":[19.408739,51.694074]},"properties":{"name":"Łódzka-Mały Skręt","lines":"N4B","arr":["N4B"],"terminus":0,"mode":"bus","color":"#0059a9","colorDark":"#00294f","angle":107.9,"snapDist":5,"label":1}},{"type":"Feature","geometry":{"type":"Point","coordinates":[19.408335,51.693299]},"properties":{"name":"Łódzka-Mały Skręt","lines":"N4B","arr":["N4B"],"terminus":0,"mode":"bus","color":"#0059a9","colorDark":"#00294f","angle":287.9,"snapDist":4,"label":0}},{"type":"Feature","geometry":{"type":"Point","coordinates":[19.402151,51.68139]},"properties":{"name":"Łódzka-Widzew-Żdżary","lines":"N4B","arr":["N4B"],"terminus":0,"mode":"bus","color":"#0059a9","colorDark":"#00294f","angle":288.3,"snapDist":4,"label":1}},{"type":"Feature","geometry":{"type":"Point","coordinates":[19.400025,51.677311]},"properties":{"name":"Łódzka-Teklin","lines":"N4B","arr":["N4B"],"terminus":0,"mode":"bus","color":"#0059a9","colorDark":"#00294f","angle":287.8,"snapDist":3,"label":0}},{"type":"Feature","geometry":{"type":"Point","coordinates":[19.396041,51.669704]},"properties":{"name":"Warszawska-Dąbrowa (Pabianice)","lines":"N4B","arr":["N4B"],"terminus":0,"mode":"bus","color":"#0059a9","colorDark":"#00294f","angle":287.8,"snapDist":2,"label":0}},{"type":"Feature","geometry":{"type":"Point","coordinates":[19.392982,51.663788]},"properties":{"name":"Warszawska-Duży Skręt (Pabianice)","lines":"N4B","arr":["N4B"],"terminus":0,"mode":"bus","color":"#0059a9","colorDark":"#00294f","angle":287.4,"snapDist":4,"label":0}},{"type":"Feature","geometry":{"type":"Point","coordinates":[19.389591,51.660446]},"properties":{"name":"Myśliwska-Wschodnia(Pabianice)","lines":"N4B","arr":["N4B"],"terminus":0,"mode":"bus","color":"#0059a9","colorDark":"#00294f","angle":276.5,"snapDist":4,"label":1}},{"type":"Feature","geometry":{"type":"Point","coordinates":[19.38878,51.655285]},"properties":{"name":"Myśliwska-Podleśna(Pabianice)","lines":"N4B","arr":["N4B"],"terminus":0,"mode":"bus","color":"#0059a9","colorDark":"#00294f","angle":275.4,"snapDist":6,"label":1}},{"type":"Feature","geometry":{"type":"Point","coordinates":[19.3874,51.65231]},"properties":{"name":"Waltera - Janke pętla(Pabianice)","lines":"N4B","arr":["N4B"],"terminus":0,"mode":"bus","color":"#0059a9","colorDark":"#00294f","angle":38.1,"snapDist":20,"label":0}},{"type":"Feature","geometry":{"type":"Point","coordinates":[19.382019,51.651902]},"properties":{"name":"Waltera-Janke-Waltera - Janke bl. 243(Pa","lines":"N4B","arr":["N4B"],"terminus":0,"mode":"bus","color":"#0059a9","colorDark":"#00294f","angle":356.3,"snapDist":10,"label":1}},{"type":"Feature","geometry":{"type":"Point","coordinates":[19.377166,51.651711]},"properties":{"name":"Waltera-Janke bl. 221 (Pabianice)","lines":"N4B","arr":["N4B"],"terminus":0,"mode":"bus","color":"#0059a9","colorDark":"#00294f","angle":356.4,"snapDist":7,"label":1}},{"type":"Feature","geometry":{"type":"Point","coordinates":[19.373412,51.651981]},"properties":{"name":"Nawrockiego-Waltera-Janke (Pabianice)","lines":"N4B","arr":["N4B"],"terminus":0,"mode":"bus","color":"#0059a9","colorDark":"#00294f","angle":100.2,"snapDist":7,"label":1}},{"type":"Feature","geometry":{"type":"Point","coordinates":[19.374208,51.654485]},"properties":{"name":"Nawrockiego-Mokra(Pabianice)","lines":"N4B","arr":["N4B"],"terminus":0,"mode":"bus","color":"#0059a9","colorDark":"#00294f","angle":101.2,"snapDist":9,"label":1}},{"type":"Feature","geometry":{"type":"Point","coordinates":[19.373133,51.656353]},"properties":{"name":"Grota-Roweckiego-Gryzla(Pabianice)","lines":"N4B","arr":["N4B"],"terminus":0,"mode":"bus","color":"#0059a9","colorDark":"#00294f","angle":5.2,"snapDist":5,"label":1}},{"type":"Feature","geometry":{"type":"Point","coordinates":[19.367893,51.656682]},"properties":{"name":"Grota-Roweckiego-Bugaj(Pabianice)","lines":"N4B","arr":["N4B"],"terminus":0,"mode":"bus","color":"#0059a9","colorDark":"#00294f","angle":6.6,"snapDist":4,"label":1}},{"type":"Feature","geometry":{"type":"Point","coordinates":[19.357807,51.657297]},"properties":{"name":"Grota-Roweckiego-Kilińskiego (Pabianice)","lines":"N4B","arr":["N4B"],"terminus":0,"mode":"bus","color":"#0059a9","colorDark":"#00294f","angle":6.3,"snapDist":8,"label":1}},{"type":"Feature","geometry":{"type":"Point","coordinates":[19.354325,51.660905]},"properties":{"name":"Kilińskiego-Moniuszki (Pabianice)","lines":"N4B","arr":["N4B"],"terminus":0,"mode":"bus","color":"#0059a9","colorDark":"#00294f","angle":94.5,"snapDist":7,"label":0}},{"type":"Feature","geometry":{"type":"Point","coordinates":[19.354127,51.664339]},"properties":{"name":"Zamkowa-św. Jana (Pabianice)","lines":"N4B","arr":["N4B"],"terminus":0,"mode":"bus","color":"#0059a9","colorDark":"#00294f","angle":4.2,"snapDist":2,"label":1}},{"type":"Feature","geometry":{"type":"Point","coordinates":[19.351465,51.664458]},"properties":{"name":"Zamkowa-Traugutta (Pabianice)","lines":"N4B","arr":["N4B"],"terminus":0,"mode":"bus","color":"#0059a9","colorDark":"#00294f","angle":4.2,"snapDist":5,"label":1}},{"type":"Feature","geometry":{"type":"Point","coordinates":[19.345727,51.664716]},"properties":{"name":"Zamkowa-Lutomierska (Pabianice)","lines":"N4B","arr":["N4B"],"terminus":0,"mode":"bus","color":"#0059a9","colorDark":"#00294f","angle":4.2,"snapDist":3,"label":1}},{"type":"Feature","geometry":{"type":"Point","coordinates":[19.341586,51.664903]},"properties":{"name":"Zamkowa-Staszewskiego (Pab.)","lines":"N4B","arr":["N4B"],"terminus":0,"mode":"bus","color":"#0059a9","colorDark":"#00294f","angle":4.2,"snapDist":4,"label":1}},{"type":"Feature","geometry":{"type":"Point","coordinates":[19.339844,51.660895]},"properties":{"name":"Moniuszki-Zielona(Pabianice)","lines":"N4B","arr":["N4B"],"terminus":0,"mode":"bus","color":"#0059a9","colorDark":"#00294f","angle":5.6,"snapDist":4,"label":1}},{"type":"Feature","geometry":{"type":"Point","coordinates":[19.335002,51.65965]},"properties":{"name":"Moniuszki-Toruńska (Pabianice)","lines":"N4B","arr":["N4B"],"terminus":0,"mode":"bus","color":"#0059a9","colorDark":"#00294f","angle":326.8,"snapDist":5,"label":1}},{"type":"Feature","geometry":{"type":"Point","coordinates":[19.331832,51.658322]},"properties":{"name":"Moniuszki-Ostatnia(Pabianice)","lines":"N4B","arr":["N4B"],"terminus":0,"mode":"bus","color":"#0059a9","colorDark":"#00294f","angle":319.7,"snapDist":6,"label":1}},{"type":"Feature","geometry":{"type":"Point","coordinates":[19.32817,51.65638]},"properties":{"name":"Moniuszki-Szarych Szeregów (Pab.)","lines":"N4B","arr":["N4B"],"terminus":0,"mode":"bus","color":"#0059a9","colorDark":"#00294f","angle":318.9,"snapDist":7,"label":1}},{"type":"Feature","geometry":{"type":"Point","coordinates":[19.324211,51.657952]},"properties":{"name":"Wiejska-DPS(Pabianice)","lines":"N4B","arr":["N4B"],"terminus":0,"mode":"bus","color":"#0059a9","colorDark":"#00294f","angle":65.8,"snapDist":2,"label":1}},{"type":"Feature","geometry":{"type":"Point","coordinates":[19.48374,51.746891]},"properties":{"name":"Przybyszewskiego-Łęczycka","lines":"N5A, N5B","arr":["N5A","N5B"],"terminus":0,"mode":"bus","color":"#0059a9","colorDark":"#00294f","angle":342.8,"snapDist":2,"label":0}},{"type":"Feature","geometry":{"type":"Point","coordinates":[19.477065,51.745623]},"properties":{"name":"Przybyszewskiego-Kilińskiego","lines":"N5A, N5B","arr":["N5A","N5B"],"terminus":0,"mode":"bus","color":"#0059a9","colorDark":"#00294f","angle":344.1,"snapDist":9,"label":1}},{"type":"Feature","geometry":{"type":"Point","coordinates":[19.457317,51.753238]},"properties":{"name":"Kościuszki-Radwańska","lines":"N5A, N5B, N7A, N7B","arr":["N5A","N5B","N7A","N7B"],"terminus":0,"mode":"bus","color":"#0059a9","colorDark":"#00294f","angle":81.7,"snapDist":2,"label":1}},{"type":"Feature","geometry":{"type":"Point","coordinates":[19.455734,51.75855]},"properties":{"name":"Kościuszki-Mickiewicza","lines":"N5A, N5B, N7A, N7B","arr":["N5A","N5B","N7A","N7B"],"terminus":0,"mode":"bus","color":"#0059a9","colorDark":"#00294f","angle":259.3,"snapDist":0,"label":0}},{"type":"Feature","geometry":{"type":"Point","coordinates":[19.456937,51.753274]},"properties":{"name":"Kościuszki-Radwańska","lines":"N5A, N5B, N7A, N7B","arr":["N5A","N5B","N7A","N7B"],"terminus":0,"mode":"bus","color":"#0059a9","colorDark":"#00294f","angle":262.7,"snapDist":3,"label":0}},{"type":"Feature","geometry":{"type":"Point","coordinates":[19.63701,51.726323]},"properties":{"name":"Andrespol","lines":"N5B","arr":["N5B"],"terminus":1,"mode":"bus","color":"#0059a9","colorDark":"#00294f","angle":42.1,"snapDist":24,"label":1}},{"type":"Feature","geometry":{"type":"Point","coordinates":[19.461516,51.745696]},"properties":{"name":"Piotrkowska-Czerwona","lines":"N6, Z11","arr":["N6","Z11"],"terminus":0,"mode":"bus","color":"#0059a9","colorDark":"#00294f","angle":82.3,"snapDist":3,"label":1}},{"type":"Feature","geometry":{"type":"Point","coordinates":[19.460964,51.748217]},"properties":{"name":"Piotrkowska-pl. Katedralny","lines":"N6, Z11","arr":["N6","Z11"],"terminus":0,"mode":"bus","color":"#0059a9","colorDark":"#00294f","angle":82.3,"snapDist":2,"label":0}},{"type":"Feature","geometry":{"type":"Point","coordinates":[19.460062,51.752328]},"properties":{"name":"Piotrkowska-Brzeźna","lines":"N6, Z11","arr":["N6","Z11"],"terminus":0,"mode":"bus","color":"#0059a9","colorDark":"#00294f","angle":82.3,"snapDist":10,"label":1}},{"type":"Feature","geometry":{"type":"Point","coordinates":[19.459373,51.755463]},"properties":{"name":"Piotrkowska-Żwirki","lines":"N6, Z11","arr":["N6","Z11"],"terminus":0,"mode":"bus","color":"#0059a9","colorDark":"#00294f","angle":82.3,"snapDist":6,"label":1}},{"type":"Feature","geometry":{"type":"Point","coordinates":[19.453699,51.783494]},"properties":{"name":"pl. Kościelny","lines":"N6, Z6","arr":["N6","Z6"],"terminus":0,"mode":"bus","color":"#0059a9","colorDark":"#00294f","angle":178.2,"snapDist":2,"label":1}},{"type":"Feature","geometry":{"type":"Point","coordinates":[19.458616,51.784333]},"properties":{"name":"Wojska Polskiego-Franciszkańska","lines":"N6, Z6","arr":["N6","Z6"],"terminus":0,"mode":"bus","color":"#0059a9","colorDark":"#00294f","angle":160,"snapDist":3,"label":1}},{"type":"Feature","geometry":{"type":"Point","coordinates":[19.453173,51.783484]},"properties":{"name":"Zgierska-pl. Kościelny","lines":"N6, Z6","arr":["N6","Z6"],"terminus":0,"mode":"bus","color":"#0059a9","colorDark":"#00294f","angle":0.9,"snapDist":38,"label":1}},{"type":"Feature","geometry":{"type":"Point","coordinates":[19.453992,51.77957]},"properties":{"name":"Nowomiejska-Północna","lines":"N6, Z6","arr":["N6","Z6"],"terminus":0,"mode":"bus","color":"#0059a9","colorDark":"#00294f","angle":285.2,"snapDist":4,"label":1}},{"type":"Feature","geometry":{"type":"Point","coordinates":[19.459224,51.756145]},"properties":{"name":"Piotrkowska-Żwirki","lines":"N6, Z11","arr":["N6","Z11"],"terminus":0,"mode":"bus","color":"#0059a9","colorDark":"#00294f","angle":262.3,"snapDist":4,"label":0}},{"type":"Feature","geometry":{"type":"Point","coordinates":[19.45991,51.753023]},"properties":{"name":"Piotrkowska-Brzeźna","lines":"N6, Z11","arr":["N6","Z11"],"terminus":0,"mode":"bus","color":"#0059a9","colorDark":"#00294f","angle":262.3,"snapDist":10,"label":0}},{"type":"Feature","geometry":{"type":"Point","coordinates":[19.461307,51.746652]},"properties":{"name":"Piotrkowska-Czerwona","lines":"N6, Z11","arr":["N6","Z11"],"terminus":0,"mode":"bus","color":"#0059a9","colorDark":"#00294f","angle":262.3,"snapDist":10,"label":0}},{"type":"Feature","geometry":{"type":"Point","coordinates":[19.433242,51.741757]},"properties":{"name":"Elektronowa-Nowe Sady NŻ","lines":"N7A, N7B","arr":["N7A","N7B"],"terminus":0,"mode":"bus","color":"#0059a9","colorDark":"#00294f","angle":356.2,"snapDist":3,"label":1}},{"type":"Feature","geometry":{"type":"Point","coordinates":[19.426495,51.741481]},"properties":{"name":"Elektronowa-Elektronowa 8 NŻ","lines":"N7A, N7B","arr":["N7A","N7B"],"terminus":0,"mode":"bus","color":"#0059a9","colorDark":"#00294f","angle":356.3,"snapDist":6,"label":1}},{"type":"Feature","geometry":{"type":"Point","coordinates":[19.425347,51.738296]},"properties":{"name":"Elektronowa-Obywatelska NŻ","lines":"N7A, N7B","arr":["N7A","N7B"],"terminus":0,"mode":"bus","color":"#0059a9","colorDark":"#00294f","angle":273,"snapDist":8,"label":1}},{"type":"Feature","geometry":{"type":"Point","coordinates":[19.496499,51.777589]},"properties":{"name":"Pomorska-Konstytucyjna","lines":"N7A, N7B","arr":["N7A","N7B"],"terminus":0,"mode":"bus","color":"#0059a9","colorDark":"#00294f","angle":9.5,"snapDist":5,"label":1}},{"type":"Feature","geometry":{"type":"Point","coordinates":[19.490253,51.778097]},"properties":{"name":"Pomorska-Tamka","lines":"N7A, N7B","arr":["N7A","N7B"],"terminus":0,"mode":"bus","color":"#0059a9","colorDark":"#00294f","angle":9.6,"snapDist":7,"label":0}},{"type":"Feature","geometry":{"type":"Point","coordinates":[19.49759,51.777476]},"properties":{"name":"Pomorska-Konstytucyjna","lines":"N7A, N7B","arr":["N7A","N7B"],"terminus":0,"mode":"bus","color":"#0059a9","colorDark":"#00294f","angle":189.7,"snapDist":4,"label":0}},{"type":"Feature","geometry":{"type":"Point","coordinates":[19.498113,51.775321]},"properties":{"name":"Konstytucyjna-Narutowicza","lines":"N7A, N7B","arr":["N7A","N7B"],"terminus":0,"mode":"bus","color":"#0059a9","colorDark":"#00294f","angle":294.5,"snapDist":8,"label":1}},{"type":"Feature","geometry":{"type":"Point","coordinates":[19.482475,51.756674]},"properties":{"name":"Przędzalniana-Fabryczna","lines":"N8","arr":["N8"],"terminus":0,"mode":"bus","color":"#0059a9","colorDark":"#00294f","angle":69.1,"snapDist":2,"label":1}},{"type":"Feature","geometry":{"type":"Point","coordinates":[19.481966,51.758075]},"properties":{"name":"Przędzalniana-Fabryczna","lines":"N8","arr":["N8"],"terminus":0,"mode":"bus","color":"#0059a9","colorDark":"#00294f","angle":262.3,"snapDist":4,"label":0}},{"type":"Feature","geometry":{"type":"Point","coordinates":[19.530551,51.720548]},"properties":{"name":"Jędrzejowska 47 NŻ","lines":"N8","arr":["N8"],"terminus":0,"mode":"bus","color":"#0059a9","colorDark":"#00294f","angle":247.9,"snapDist":2,"label":0}},{"type":"Feature","geometry":{"type":"Point","coordinates":[19.531378,51.715836]},"properties":{"name":"Jędrzejowska 45A NŻ","lines":"N8","arr":["N8"],"terminus":0,"mode":"bus","color":"#0059a9","colorDark":"#00294f","angle":338.6,"snapDist":5,"label":0}},{"type":"Feature","geometry":{"type":"Point","coordinates":[19.521706,51.713587]},"properties":{"name":"Jędrzejowska 43A NŻ","lines":"N8","arr":["N8"],"terminus":0,"mode":"bus","color":"#0059a9","colorDark":"#00294f","angle":339.5,"snapDist":5,"label":0}},{"type":"Feature","geometry":{"type":"Point","coordinates":[19.33051,51.746588]},"properties":{"name":"Łódzka-Krótka NŻ (Konstantynów)","lines":"N9, Z43","arr":["N9","Z43"],"terminus":0,"mode":"bus","color":"#0059a9","colorDark":"#00294f","angle":197.9,"snapDist":4,"label":1}},{"type":"Feature","geometry":{"type":"Point","coordinates":[19.337208,51.747055]},"properties":{"name":"Łódzka 31 NŻ (Konstantynów)","lines":"N9, Z43","arr":["N9","Z43"],"terminus":0,"mode":"bus","color":"#0059a9","colorDark":"#00294f","angle":172.4,"snapDist":6,"label":1}},{"type":"Feature","geometry":{"type":"Point","coordinates":[19.351299,51.748219]},"properties":{"name":"Łódzka 109 (Konstantynów)","lines":"N9, Z43","arr":["N9","Z43"],"terminus":0,"mode":"bus","color":"#0059a9","colorDark":"#00294f","angle":172.4,"snapDist":6,"label":1}},{"type":"Feature","geometry":{"type":"Point","coordinates":[19.360544,51.7493]},"properties":{"name":"Łódzka-Armii Krajowej NŻ (Konst.)","lines":"N9, Z43","arr":["N9","Z43"],"terminus":0,"mode":"bus","color":"#0059a9","colorDark":"#00294f","angle":162.3,"snapDist":4,"label":1}},{"type":"Feature","geometry":{"type":"Point","coordinates":[19.367601,51.750705]},"properties":{"name":"Łódzka 171 (Konstantynów)","lines":"N9, Z43","arr":["N9","Z43"],"terminus":0,"mode":"bus","color":"#0059a9","colorDark":"#00294f","angle":162.2,"snapDist":6,"label":1}},{"type":"Feature","geometry":{"type":"Point","coordinates":[19.371365,51.75146]},"properties":{"name":"Konstantynowska-Smulska","lines":"N9, Z43","arr":["N9","Z43"],"terminus":0,"mode":"bus","color":"#0059a9","colorDark":"#00294f","angle":162.9,"snapDist":4,"label":1}},{"type":"Feature","geometry":{"type":"Point","coordinates":[19.382921,51.75373]},"properties":{"name":"Konstantynowska-Zaj. Muzealna Brus NŻ","lines":"N9, Z43","arr":["N9","Z43"],"terminus":0,"mode":"bus","color":"#0059a9","colorDark":"#00294f","angle":156.2,"snapDist":5,"label":1}},{"type":"Feature","geometry":{"type":"Point","coordinates":[19.399177,51.759425]},"properties":{"name":"Konstantynowska-Krańcowa NŻ","lines":"N9, Z43","arr":["N9","Z43"],"terminus":0,"mode":"bus","color":"#0059a9","colorDark":"#00294f","angle":149.8,"snapDist":5,"label":1}},{"type":"Feature","geometry":{"type":"Point","coordinates":[19.399041,51.759377]},"properties":{"name":"Konstantynowska-Krańcowa NŻ","lines":"N9, Z43","arr":["N9","Z43"],"terminus":0,"mode":"bus","color":"#0059a9","colorDark":"#00294f","angle":330.1,"snapDist":3,"label":0}},{"type":"Feature","geometry":{"type":"Point","coordinates":[19.381858,51.753514]},"properties":{"name":"Konstantynowska-Zaj. Muzealna Brus NŻ","lines":"N9, Z43","arr":["N9","Z43"],"terminus":0,"mode":"bus","color":"#0059a9","colorDark":"#00294f","angle":343.2,"snapDist":7,"label":0}},{"type":"Feature","geometry":{"type":"Point","coordinates":[19.371817,51.751547]},"properties":{"name":"Konstantynowska-Smulska","lines":"N9, Z43","arr":["N9","Z43"],"terminus":0,"mode":"bus","color":"#0059a9","colorDark":"#00294f","angle":342.7,"snapDist":6,"label":0}},{"type":"Feature","geometry":{"type":"Point","coordinates":[19.364858,51.750157]},"properties":{"name":"Łódzka-Boczna (Konstantynów)","lines":"N9, Z43","arr":["N9","Z43"],"terminus":0,"mode":"bus","color":"#0059a9","colorDark":"#00294f","angle":342.2,"snapDist":8,"label":1}},{"type":"Feature","geometry":{"type":"Point","coordinates":[19.358593,51.748931]},"properties":{"name":"Łódzka-Warzywnicza (Konstantynów)","lines":"N9, Z43","arr":["N9","Z43"],"terminus":0,"mode":"bus","color":"#0059a9","colorDark":"#00294f","angle":343.4,"snapDist":8,"label":1}},{"type":"Feature","geometry":{"type":"Point","coordinates":[19.349049,51.748033]},"properties":{"name":"Łódzka-Spółdzielcza (Konstantynów)","lines":"N9, Z43","arr":["N9","Z43"],"terminus":0,"mode":"bus","color":"#0059a9","colorDark":"#00294f","angle":352.4,"snapDist":10,"label":1}},{"type":"Feature","geometry":{"type":"Point","coordinates":[19.340042,51.747289]},"properties":{"name":"Łódzka-Gdańska NŻ (Konstantynów)","lines":"N9, Z43","arr":["N9","Z43"],"terminus":0,"mode":"bus","color":"#0059a9","colorDark":"#00294f","angle":352.4,"snapDist":1,"label":1}},{"type":"Feature","geometry":{"type":"Point","coordinates":[19.32845,51.747001]},"properties":{"name":"Łódzka 12 NŻ (Konstantynów)","lines":"N9, Z43","arr":["N9","Z43"],"terminus":0,"mode":"bus","color":"#0059a9","colorDark":"#00294f","angle":18.1,"snapDist":2,"label":1}},{"type":"Feature","geometry":{"type":"Point","coordinates":[19.538287,51.762158]},"properties":{"name":"rondo Inwalidów","lines":"W","arr":["W"],"terminus":1,"mode":"bus","color":"#0059a9","colorDark":"#00294f","angle":-73.9,"snapDist":45,"label":0}},{"type":"Feature","geometry":{"type":"Point","coordinates":[19.531048,51.748842]},"properties":{"name":"Puszkina-Andrzejewskiej NŻ","lines":"W","arr":["W"],"terminus":0,"mode":"bus","color":"#0059a9","colorDark":"#00294f","angle":268.1,"snapDist":8,"label":1}},{"type":"Feature","geometry":{"type":"Point","coordinates":[19.531851,51.741255]},"properties":{"name":"Puszkina-Dostawcza NŻ","lines":"W","arr":["W"],"terminus":0,"mode":"bus","color":"#0059a9","colorDark":"#00294f","angle":267,"snapDist":10,"label":1}},{"type":"Feature","geometry":{"type":"Point","coordinates":[19.531793,51.736351]},"properties":{"name":"Puszkina-Dąbrowskiego NŻ","lines":"W","arr":["W"],"terminus":0,"mode":"bus","color":"#0059a9","colorDark":"#00294f","angle":280.9,"snapDist":11,"label":1}},{"type":"Feature","geometry":{"type":"Point","coordinates":[19.530429,51.734266]},"properties":{"name":"Dąbrowskiego-Tomaszowska NŻ","lines":"W","arr":["W"],"terminus":0,"mode":"bus","color":"#0059a9","colorDark":"#00294f","angle":201.6,"snapDist":9,"label":0}},{"type":"Feature","geometry":{"type":"Point","coordinates":[19.533256,51.736966]},"properties":{"name":"Techniczna-Puszkina NŻ","lines":"W","arr":["W"],"terminus":0,"mode":"bus","color":"#0059a9","colorDark":"#00294f","angle":178.2,"snapDist":8,"label":1}},{"type":"Feature","geometry":{"type":"Point","coordinates":[19.537864,51.73885]},"properties":{"name":"Techniczna 6 NŻ","lines":"W","arr":["W"],"terminus":0,"mode":"bus","color":"#0059a9","colorDark":"#00294f","angle":87.8,"snapDist":1,"label":1}},{"type":"Feature","geometry":{"type":"Point","coordinates":[19.532082,51.741279]},"properties":{"name":"Puszkina-Dostawcza NŻ","lines":"W","arr":["W"],"terminus":0,"mode":"bus","color":"#0059a9","colorDark":"#00294f","angle":87.8,"snapDist":4,"label":0}},{"type":"Feature","geometry":{"type":"Point","coordinates":[19.531618,51.748256]},"properties":{"name":"Puszkina-Andrzejewskiej NŻ","lines":"W","arr":["W"],"terminus":0,"mode":"bus","color":"#0059a9","colorDark":"#00294f","angle":83.4,"snapDist":4,"label":0}},{"type":"Feature","geometry":{"type":"Point","coordinates":[19.542228,51.762233]},"properties":{"name":"Służbowa-Dw. Łódź Widzew","lines":"W","arr":["W"],"terminus":0,"mode":"bus","color":"#0059a9","colorDark":"#00294f","angle":16.3,"snapDist":5,"label":0}},{"type":"Feature","geometry":{"type":"Point","coordinates":[19.486444,51.813314]},"properties":{"name":"Marysin Warszawska","lines":"Z3","arr":["Z3"],"terminus":1,"mode":"bus","color":"#0059a9","colorDark":"#00294f","angle":-34.4,"snapDist":10,"label":1}},{"type":"Feature","geometry":{"type":"Point","coordinates":[19.477745,51.809628]},"properties":{"name":"Warszawska-Słowicza NŻ","lines":"Z3","arr":["Z3"],"terminus":0,"mode":"bus","color":"#0059a9","colorDark":"#00294f","angle":325.6,"snapDist":4,"label":1}},{"type":"Feature","geometry":{"type":"Point","coordinates":[19.463806,51.803567]},"properties":{"name":"Warszawska-Irysowa NŻ","lines":"Z3","arr":["Z3"],"terminus":0,"mode":"bus","color":"#0059a9","colorDark":"#00294f","angle":325.8,"snapDist":3,"label":1}},{"type":"Feature","geometry":{"type":"Point","coordinates":[19.46329,51.803348]},"properties":{"name":"Warszawska-Irysowa NŻ","lines":"Z3","arr":["Z3"],"terminus":0,"mode":"bus","color":"#0059a9","colorDark":"#00294f","angle":145.1,"snapDist":2,"label":0}},{"type":"Feature","geometry":{"type":"Point","coordinates":[19.473421,51.807795]},"properties":{"name":"Warszawska-Dw. Łódź Warszawska NŻ","lines":"Z3","arr":["Z3"],"terminus":0,"mode":"bus","color":"#0059a9","colorDark":"#00294f","angle":145.6,"snapDist":5,"label":0}},{"type":"Feature","geometry":{"type":"Point","coordinates":[19.477544,51.809543]},"properties":{"name":"Warszawska-Słowicza NŻ","lines":"Z3","arr":["Z3"],"terminus":0,"mode":"bus","color":"#0059a9","colorDark":"#00294f","angle":145.6,"snapDist":3,"label":0}},{"type":"Feature","geometry":{"type":"Point","coordinates":[19.446428,51.769725]},"properties":{"name":"Zielona-pl. Barlickiego","lines":"Z13","arr":["Z13"],"terminus":0,"mode":"bus","color":"#0059a9","colorDark":"#00294f","angle":351.6,"snapDist":4,"label":0}},{"type":"Feature","geometry":{"type":"Point","coordinates":[19.406488,51.762009]},"properties":{"name":"Konstantynowska-Krzemieniecka","lines":"Z43","arr":["Z43"],"terminus":0,"mode":"bus","color":"#0059a9","colorDark":"#00294f","angle":151.2,"snapDist":7,"label":1}},{"type":"Feature","geometry":{"type":"Point","coordinates":[19.419903,51.766767]},"properties":{"name":"Konstantynowska-Unii Lubelskiej(Fala) NŻ","lines":"Z43","arr":["Z43"],"terminus":0,"mode":"bus","color":"#0059a9","colorDark":"#00294f","angle":330.3,"snapDist":0,"label":1}},{"type":"Feature","geometry":{"type":"Point","coordinates":[19.412106,51.764003]},"properties":{"name":"Konstantynowska-ZOO Orientarium","lines":"Z43","arr":["Z43"],"terminus":0,"mode":"bus","color":"#0059a9","colorDark":"#00294f","angle":330,"snapDist":2,"label":0}},{"type":"Feature","geometry":{"type":"Point","coordinates":[19.407041,51.762197]},"properties":{"name":"Konstantynowska-Krzemieniecka","lines":"Z43","arr":["Z43"],"terminus":0,"mode":"bus","color":"#0059a9","colorDark":"#00294f","angle":331.2,"snapDist":3,"label":0}},{"type":"Feature","geometry":{"type":"Point","coordinates":[19.478701,51.734178]},"properties":{"name":"Kilińskiego-Mochnackiego","lines":"1","arr":["1"],"terminus":1,"mode":"tram","color":"#d6212b","colorDark":"#7c1116","angle":268.2,"snapDist":5,"label":1}},{"type":"Feature","geometry":{"type":"Point","coordinates":[19.478722,51.739389]},"properties":{"name":"Kilińskiego-Dąbrowskiego","lines":"1, 5, 6","arr":["1","5","6"],"terminus":0,"mode":"tram","color":"#d6212b","colorDark":"#7c1116","angle":85.8,"snapDist":2,"label":1}},{"type":"Feature","geometry":{"type":"Point","coordinates":[19.477688,51.742464]},"properties":{"name":"Kilińskiego-Poznańska","lines":"1, 5, 6","arr":["1","5","6"],"terminus":0,"mode":"tram","color":"#d6212b","colorDark":"#7c1116","angle":73,"snapDist":2,"label":1}},{"type":"Feature","geometry":{"type":"Point","coordinates":[19.476313,51.744985]},"properties":{"name":"Kilińskiego-Przybyszewskiego","lines":"1, 5, 6","arr":["1","5","6"],"terminus":0,"mode":"tram","color":"#d6212b","colorDark":"#7c1116","angle":73.5,"snapDist":2,"label":1}},{"type":"Feature","geometry":{"type":"Point","coordinates":[19.474999,51.747674]},"properties":{"name":"Kilińskiego-Senatorska","lines":"1, 5, 7","arr":["1","5","7"],"terminus":0,"mode":"tram","color":"#d6212b","colorDark":"#7c1116","angle":73,"snapDist":2,"label":1}},{"type":"Feature","geometry":{"type":"Point","coordinates":[19.473004,51.752085]},"properties":{"name":"Kilińskiego-Tymienieckiego","lines":"1, 5, 7","arr":["1","5","7"],"terminus":0,"mode":"tram","color":"#d6212b","colorDark":"#7c1116","angle":72.9,"snapDist":2,"label":1}},{"type":"Feature","geometry":{"type":"Point","coordinates":[19.471324,51.755031]},"properties":{"name":"Kilińskiego-Fabryczna","lines":"1, 5, 7","arr":["1","5","7"],"terminus":0,"mode":"tram","color":"#d6212b","colorDark":"#7c1116","angle":73.1,"snapDist":0,"label":1}},{"type":"Feature","geometry":{"type":"Point","coordinates":[19.469014,51.759803]},"properties":{"name":"Kilińskiego-Piłsudskiego","lines":"1, 5, 7","arr":["1","5","7"],"terminus":0,"mode":"tram","color":"#d6212b","colorDark":"#7c1116","angle":73,"snapDist":3,"label":1}},{"type":"Feature","geometry":{"type":"Point","coordinates":[19.467598,51.762658]},"properties":{"name":"Kilińskiego-Nawrot","lines":"1, 5, 12, O","arr":["1","5","12","O"],"terminus":0,"mode":"tram","color":"#d6212b","colorDark":"#7c1116","angle":72.9,"snapDist":4,"label":1}},{"type":"Feature","geometry":{"type":"Point","coordinates":[19.465905,51.766069]},"properties":{"name":"Kilińskiego-Tuwima","lines":"1, 5, 12, O","arr":["1","5","12","O"],"terminus":0,"mode":"tram","color":"#d6212b","colorDark":"#7c1116","angle":72.9,"snapDist":0,"label":1}},{"type":"Feature","geometry":{"type":"Point","coordinates":[19.464573,51.769109]},"properties":{"name":"Kilińskiego-Przystanek mBank","lines":"1, 5, 12, O","arr":["1","5","12","O"],"terminus":0,"mode":"tram","color":"#d6212b","colorDark":"#7c1116","angle":72.9,"snapDist":0,"label":1}},{"type":"Feature","geometry":{"type":"Point","coordinates":[19.463243,51.771717]},"properties":{"name":"Kilińskiego-Narutowicza","lines":"1, 4, 5","arr":["1","4","5"],"terminus":0,"mode":"tram","color":"#d6212b","colorDark":"#7c1116","angle":81.5,"snapDist":3,"label":1}},{"type":"Feature","geometry":{"type":"Point","coordinates":[19.462895,51.773179]},"properties":{"name":"Kilińskiego-Jaracza","lines":"1, 4, 5","arr":["1","4","5"],"terminus":0,"mode":"tram","color":"#d6212b","colorDark":"#7c1116","angle":82,"snapDist":1,"label":1}},{"type":"Feature","geometry":{"type":"Point","coordinates":[19.462442,51.775101]},"properties":{"name":"Kilińskiego-Rewolucji 1905r.","lines":"1, 4, 5","arr":["1","4","5"],"terminus":0,"mode":"tram","color":"#d6212b","colorDark":"#7c1116","angle":81.9,"snapDist":1,"label":1}},{"type":"Feature","geometry":{"type":"Point","coordinates":[19.462008,51.776962]},"properties":{"name":"Kilińskiego-Pomorska","lines":"1, 4, 5","arr":["1","4","5"],"terminus":0,"mode":"tram","color":"#d6212b","colorDark":"#7c1116","angle":81.9,"snapDist":1,"label":1}},{"type":"Feature","geometry":{"type":"Point","coordinates":[19.4615,51.779145]},"properties":{"name":"Kilińskiego-Północna","lines":"1, 4, 5, 15, 45","arr":["1","4","5","15","45"],"terminus":0,"mode":"tram","color":"#d6212b","colorDark":"#7c1116","angle":81.8,"snapDist":4,"label":1}},{"type":"Feature","geometry":{"type":"Point","coordinates":[19.454783,51.778987]},"properties":{"name":"Północna-Nowomiejska","lines":"1, 4, 5, 15, 45, O","arr":["1","4","5","15","45","O"],"terminus":0,"mode":"tram","color":"#d6212b","colorDark":"#7c1116","angle":351.7,"snapDist":1,"label":1}},{"type":"Feature","geometry":{"type":"Point","coordinates":[19.452019,51.776963]},"properties":{"name":"Zachodnia-Legionów","lines":"1, 2, 3, 11, 15, O","arr":["1","2","3","11","15","O"],"terminus":0,"mode":"tram","color":"#d6212b","colorDark":"#7c1116","angle":262.4,"snapDist":3,"label":1}},{"type":"Feature","geometry":{"type":"Point","coordinates":[19.448168,51.77624]},"properties":{"name":"Legionów-Gdańska","lines":"1, 7, 15","arr":["1","7","15"],"terminus":0,"mode":"tram","color":"#d6212b","colorDark":"#7c1116","angle":350.9,"snapDist":3,"label":1}},{"type":"Feature","geometry":{"type":"Point","coordinates":[19.442156,51.775218]},"properties":{"name":"Cmentarna-Legionów","lines":"1, 7","arr":["1","7"],"terminus":0,"mode":"tram","color":"#d6212b","colorDark":"#7c1116","angle":8.1,"snapDist":7,"label":1}},{"type":"Feature","geometry":{"type":"Point","coordinates":[19.437138,51.77566]},"properties":{"name":"Cmentarna-cm. Ogrodowa","lines":"1, 7","arr":["1","7"],"terminus":0,"mode":"tram","color":"#d6212b","colorDark":"#7c1116","angle":8.1,"snapDist":7,"label":0}},{"type":"Feature","geometry":{"type":"Point","coordinates":[19.437166,51.775658]},"properties":{"name":"Cmentarna-cm. Ogrodowa","lines":"1, 7","arr":["1","7"],"terminus":1,"mode":"tram","color":"#d6212b","colorDark":"#7c1116","angle":-171.9,"snapDist":3,"label":1}},{"type":"Feature","geometry":{"type":"Point","coordinates":[19.442795,51.775161]},"properties":{"name":"Cmentarna-Legionów","lines":"1, 7","arr":["1","7"],"terminus":0,"mode":"tram","color":"#d6212b","colorDark":"#7c1116","angle":188.1,"snapDist":2,"label":0}},{"type":"Feature","geometry":{"type":"Point","coordinates":[19.44683,51.776093]},"properties":{"name":"Legionów-Gdańska","lines":"1, 7","arr":["1","7"],"terminus":0,"mode":"tram","color":"#d6212b","colorDark":"#7c1116","angle":171.9,"snapDist":5,"label":0}},{"type":"Feature","geometry":{"type":"Point","coordinates":[19.451367,51.776472]},"properties":{"name":"Legionów-Zachodnia","lines":"1, 7, 15","arr":["1","7","15"],"terminus":0,"mode":"tram","color":"#d6212b","colorDark":"#7c1116","angle":171.7,"snapDist":1,"label":1}},{"type":"Feature","geometry":{"type":"Point","coordinates":[19.453728,51.778869]},"properties":{"name":"Ogrodowa-Nowomiejska","lines":"1, 4, 5, 15, 45, O","arr":["1","4","5","15","45","O"],"terminus":0,"mode":"tram","color":"#d6212b","colorDark":"#7c1116","angle":172,"snapDist":1,"label":1}},{"type":"Feature","geometry":{"type":"Point","coordinates":[19.460626,51.779485]},"properties":{"name":"Północna-Kilińskiego","lines":"1, 4, 5, 15, 45","arr":["1","4","5","15","45"],"terminus":0,"mode":"tram","color":"#d6212b","colorDark":"#7c1116","angle":171.8,"snapDist":2,"label":1}},{"type":"Feature","geometry":{"type":"Point","coordinates":[19.461776,51.777761]},"properties":{"name":"Kilińskiego-Pomorska","lines":"1, 4, 5, 15, 45","arr":["1","4","5","15","45"],"terminus":0,"mode":"tram","color":"#d6212b","colorDark":"#7c1116","angle":261.8,"snapDist":0,"label":0}},{"type":"Feature","geometry":{"type":"Point","coordinates":[19.46254,51.7745]},"properties":{"name":"Kilińskiego-Rewolucji 1905r.","lines":"1, 4, 5","arr":["1","4","5"],"terminus":0,"mode":"tram","color":"#d6212b","colorDark":"#7c1116","angle":261.8,"snapDist":0,"label":0}},{"type":"Feature","geometry":{"type":"Point","coordinates":[19.463251,51.77151]},"properties":{"name":"Kilińskiego-Narutowicza","lines":"1, 4, 5","arr":["1","4","5"],"terminus":0,"mode":"tram","color":"#d6212b","colorDark":"#7c1116","angle":261.6,"snapDist":0,"label":0}},{"type":"Feature","geometry":{"type":"Point","coordinates":[19.464763,51.768606]},"properties":{"name":"Kilińskiego-Przystanek mBank","lines":"1, 5, 12, O","arr":["1","5","12","O"],"terminus":0,"mode":"tram","color":"#d6212b","colorDark":"#7c1116","angle":253.1,"snapDist":6,"label":0}},{"type":"Feature","geometry":{"type":"Point","coordinates":[19.466162,51.765456]},"properties":{"name":"Kilińskiego-Tuwima","lines":"1, 5, 12, O","arr":["1","5","12","O"],"terminus":0,"mode":"tram","color":"#d6212b","colorDark":"#7c1116","angle":252.9,"snapDist":6,"label":0}},{"type":"Feature","geometry":{"type":"Point","coordinates":[19.466937,51.763893]},"properties":{"name":"Kilińskiego-Nawrot","lines":"1, 5, 12, O","arr":["1","5","12","O"],"terminus":0,"mode":"tram","color":"#d6212b","colorDark":"#7c1116","angle":252.9,"snapDist":1,"label":0}},{"type":"Feature","geometry":{"type":"Point","coordinates":[19.468519,51.760705]},"properties":{"name":"Kilińskiego-Piłsudskiego","lines":"1, 5, 12, O","arr":["1","5","12","O"],"terminus":0,"mode":"tram","color":"#d6212b","colorDark":"#7c1116","angle":253.3,"snapDist":6,"label":0}},{"type":"Feature","geometry":{"type":"Point","coordinates":[19.470916,51.755768]},"properties":{"name":"Kilińskiego-Fabryczna","lines":"1, 5, 7","arr":["1","5","7"],"terminus":0,"mode":"tram","color":"#d6212b","colorDark":"#7c1116","angle":253,"snapDist":7,"label":0}},{"type":"Feature","geometry":{"type":"Point","coordinates":[19.473081,51.751826]},"properties":{"name":"Kilińskiego-Tymienieckiego","lines":"1, 5, 7","arr":["1","5","7"],"terminus":0,"mode":"tram","color":"#d6212b","colorDark":"#7c1116","angle":253.2,"snapDist":2,"label":0}},{"type":"Feature","geometry":{"type":"Point","coordinates":[19.474727,51.748136]},"properties":{"name":"Kilińskiego-Senatorska","lines":"1, 5, 7","arr":["1","5","7"],"terminus":0,"mode":"tram","color":"#d6212b","colorDark":"#7c1116","angle":253,"snapDist":6,"label":0}},{"type":"Feature","geometry":{"type":"Point","coordinates":[19.475791,51.745938]},"properties":{"name":"Kilińskiego-Przybyszewskiego","lines":"1, 5, 7","arr":["1","5","7"],"terminus":0,"mode":"tram","color":"#d6212b","colorDark":"#7c1116","angle":253.5,"snapDist":3,"label":0}},{"type":"Feature","geometry":{"type":"Point","coordinates":[19.47758,51.742578]},"properties":{"name":"Kilińskiego-Poznańska","lines":"1, 5, 6","arr":["1","5","6"],"terminus":0,"mode":"tram","color":"#d6212b","colorDark":"#7c1116","angle":253.1,"snapDist":3,"label":0}},{"type":"Feature","geometry":{"type":"Point","coordinates":[19.478583,51.73781]},"properties":{"name":"Kilińskiego-Dąbrowskiego","lines":"1","arr":["1"],"terminus":0,"mode":"tram","color":"#d6212b","colorDark":"#7c1116","angle":278.6,"snapDist":0,"label":0}},{"type":"Feature","geometry":{"type":"Point","coordinates":[19.455855,51.758592]},"properties":{"name":"Kościuszki-Mickiewicza","lines":"2, 3, 11","arr":["2","3","11"],"terminus":1,"mode":"tram","color":"#d6212b","colorDark":"#7c1116","angle":262.3,"snapDist":2,"label":1}},{"type":"Feature","geometry":{"type":"Point","coordinates":[19.456538,51.759266]},"properties":{"name":"Piotrkowska Centrum","lines":"2, 3, 7, 11, O","arr":["2","3","7","11","O"],"terminus":0,"mode":"tram","color":"#d6212b","colorDark":"#7c1116","angle":352.2,"snapDist":4,"label":1}},{"type":"Feature","geometry":{"type":"Point","coordinates":[19.455187,51.761901]},"properties":{"name":"Kościuszki-Zamenhofa","lines":"2, 3, 7, 11, O","arr":["2","3","7","11","O"],"terminus":0,"mode":"tram","color":"#d6212b","colorDark":"#7c1116","angle":82.1,"snapDist":0,"label":1}},{"type":"Feature","geometry":{"type":"Point","coordinates":[19.454271,51.766011]},"properties":{"name":"Kościuszki-Struga","lines":"2, 3, 7, 11, O","arr":["2","3","7","11","O"],"terminus":0,"mode":"tram","color":"#d6212b","colorDark":"#7c1116","angle":82.6,"snapDist":1,"label":1}},{"type":"Feature","geometry":{"type":"Point","coordinates":[19.453721,51.768618]},"properties":{"name":"Kościuszki-6 Sierpnia","lines":"2, 3, 7, 11, O","arr":["2","3","7","11","O"],"terminus":0,"mode":"tram","color":"#d6212b","colorDark":"#7c1116","angle":82.5,"snapDist":1,"label":1}},{"type":"Feature","geometry":{"type":"Point","coordinates":[19.45296,51.772737]},"properties":{"name":"Zachodnia-Więckowskiego","lines":"2, 3, 7, 11, O","arr":["2","3","7","11","O"],"terminus":0,"mode":"tram","color":"#d6212b","colorDark":"#7c1116","angle":82.4,"snapDist":3,"label":1}},{"type":"Feature","geometry":{"type":"Point","coordinates":[19.452242,51.776169]},"properties":{"name":"Zachodnia-Legionów","lines":"2, 3, 7, 11, O","arr":["2","3","7","11","O"],"terminus":0,"mode":"tram","color":"#d6212b","colorDark":"#7c1116","angle":82.4,"snapDist":1,"label":0}},{"type":"Feature","geometry":{"type":"Point","coordinates":[19.451301,51.780442]},"properties":{"name":"Zachodnia-Manufaktura","lines":"2, 3, 4, 5, 11, 45","arr":["2","3","4","5","11","45"],"terminus":0,"mode":"tram","color":"#d6212b","colorDark":"#7c1116","angle":77.3,"snapDist":1,"label":1}},{"type":"Feature","geometry":{"type":"Point","coordinates":[19.45028,51.783446]},"properties":{"name":"Zachodnia-Lutomierska","lines":"2, 3, 4, 5, 11, 45","arr":["2","3","4","5","11","45"],"terminus":0,"mode":"tram","color":"#d6212b","colorDark":"#7c1116","angle":78.8,"snapDist":2,"label":1}},{"type":"Feature","geometry":{"type":"Point","coordinates":[19.449216,51.786778]},"properties":{"name":"Zachodnia-Limanowskiego","lines":"2, 3, 4, 5, 11, 45","arr":["2","3","4","5","11","45"],"terminus":0,"mode":"tram","color":"#d6212b","colorDark":"#7c1116","angle":80.2,"snapDist":1,"label":1}},{"type":"Feature","geometry":{"type":"Point","coordinates":[19.443642,51.787755]},"properties":{"name":"Limanowskiego-Piwna","lines":"2, 5, Z1","arr":["2","5","Z1"],"terminus":0,"mode":"tram","color":"#d6212b","colorDark":"#7c1116","angle":11.3,"snapDist":1,"label":1}},{"type":"Feature","geometry":{"type":"Point","coordinates":[19.436114,51.789158]},"properties":{"name":"Limanowskiego-Sierakowskiego","lines":"2, 5, Z1","arr":["2","5","Z1"],"terminus":0,"mode":"tram","color":"#d6212b","colorDark":"#7c1116","angle":18,"snapDist":1,"label":1}},{"type":"Feature","geometry":{"type":"Point","coordinates":[19.428844,51.790508]},"properties":{"name":"Limanowskiego-Klonowa","lines":"2, 5, Z1","arr":["2","5","Z1"],"terminus":0,"mode":"tram","color":"#d6212b","colorDark":"#7c1116","angle":18.1,"snapDist":1,"label":1}},{"type":"Feature","geometry":{"type":"Point","coordinates":[19.424693,51.791346]},"properties":{"name":"Limanowskiego-Mokra","lines":"2, 5, Z1","arr":["2","5","Z1"],"terminus":0,"mode":"tram","color":"#d6212b","colorDark":"#7c1116","angle":17.9,"snapDist":2,"label":1}},{"type":"Feature","geometry":{"type":"Point","coordinates":[19.418599,51.79258]},"properties":{"name":"Limanowskiego-Pułaskiego","lines":"2, 5, 8, 13, 16, Z1","arr":["2","5","8","13","16","Z1"],"terminus":0,"mode":"tram","color":"#d6212b","colorDark":"#7c1116","angle":17.9,"snapDist":2,"label":1}},{"type":"Feature","geometry":{"type":"Point","coordinates":[19.410451,51.794212]},"properties":{"name":"Limanowskiego-Woronicza","lines":"2, 5, 8, 13, 16, Z1","arr":["2","5","8","13","16","Z1"],"terminus":0,"mode":"tram","color":"#d6212b","colorDark":"#7c1116","angle":17.9,"snapDist":2,"label":1}},{"type":"Feature","geometry":{"type":"Point","coordinates":[19.401851,51.795933]},"properties":{"name":"Aleksandrowska-Bielicowa","lines":"2, 5, 8, 13","arr":["2","5","8","13"],"terminus":0,"mode":"tram","color":"#d6212b","colorDark":"#7c1116","angle":17.9,"snapDist":4,"label":1}},{"type":"Feature","geometry":{"type":"Point","coordinates":[19.394937,51.797315]},"properties":{"name":"Aleksandrowska-Traktorowa","lines":"2, 5, 8, 13","arr":["2","5","8","13"],"terminus":0,"mode":"tram","color":"#d6212b","colorDark":"#7c1116","angle":17.9,"snapDist":1,"label":1}},{"type":"Feature","geometry":{"type":"Point","coordinates":[19.387632,51.798774]},"properties":{"name":"Aleksandrowska-Kaczeńcowa","lines":"2, 5, 8, 13","arr":["2","5","8","13"],"terminus":0,"mode":"tram","color":"#d6212b","colorDark":"#7c1116","angle":17.8,"snapDist":2,"label":1}},{"type":"Feature","geometry":{"type":"Point","coordinates":[19.376957,51.800903]},"properties":{"name":"Aleksandrowska-Szparagowa","lines":"2, 5, 8, 13","arr":["2","5","8","13"],"terminus":0,"mode":"tram","color":"#d6212b","colorDark":"#7c1116","angle":17.9,"snapDist":1,"label":1}},{"type":"Feature","geometry":{"type":"Point","coordinates":[19.368662,51.802565]},"properties":{"name":"Aleksandrowska-Szczecińska","lines":"2, 5, 8, 13","arr":["2","5","8","13"],"terminus":0,"mode":"tram","color":"#d6212b","colorDark":"#7c1116","angle":18,"snapDist":4,"label":1}},{"type":"Feature","geometry":{"type":"Point","coordinates":[19.363255,51.803651]},"properties":{"name":"Aleksandrowska-Lechicka","lines":"2","arr":["2"],"terminus":0,"mode":"tram","color":"#d6212b","colorDark":"#7c1116","angle":17.8,"snapDist":1,"label":1}},{"type":"Feature","geometry":{"type":"Point","coordinates":[19.357099,51.804629]},"properties":{"name":"Kochanówka","lines":"2","arr":["2"],"terminus":0,"mode":"tram","color":"#d6212b","colorDark":"#7c1116","angle":332.2,"snapDist":3,"label":0}},{"type":"Feature","geometry":{"type":"Point","coordinates":[19.357794,51.804532]},"properties":{"name":"Kochanówka","lines":"2","arr":["2"],"terminus":1,"mode":"tram","color":"#d6212b","colorDark":"#7c1116","angle":126.9,"snapDist":4,"label":1}},{"type":"Feature","geometry":{"type":"Point","coordinates":[19.363554,51.803588]},"properties":{"name":"Aleksandrowska-Lechicka","lines":"2","arr":["2"],"terminus":0,"mode":"tram","color":"#d6212b","colorDark":"#7c1116","angle":197.8,"snapDist":3,"label":0}},{"type":"Feature","geometry":{"type":"Point","coordinates":[19.366792,51.802902]},"properties":{"name":"Aleksandrowska-Szczecińska","lines":"2","arr":["2"],"terminus":0,"mode":"tram","color":"#d6212b","colorDark":"#7c1116","angle":197.9,"snapDist":3,"label":0}},{"type":"Feature","geometry":{"type":"Point","coordinates":[19.375481,51.80116]},"properties":{"name":"Aleksandrowska-Szparagowa","lines":"2, 5, 8, 13","arr":["2","5","8","13"],"terminus":0,"mode":"tram","color":"#d6212b","colorDark":"#7c1116","angle":197.9,"snapDist":2,"label":0}},{"type":"Feature","geometry":{"type":"Point","coordinates":[19.386082,51.799044]},"properties":{"name":"Aleksandrowska-Kaczeńcowa","lines":"2, 5, 8, 13","arr":["2","5","8","13"],"terminus":0,"mode":"tram","color":"#d6212b","colorDark":"#7c1116","angle":197.9,"snapDist":3,"label":0}},{"type":"Feature","geometry":{"type":"Point","coordinates":[19.39364,51.797539]},"properties":{"name":"Aleksandrowska-Traktorowa","lines":"2, 5, 8, 13","arr":["2","5","8","13"],"terminus":0,"mode":"tram","color":"#d6212b","colorDark":"#7c1116","angle":197.9,"snapDist":2,"label":0}},{"type":"Feature","geometry":{"type":"Point","coordinates":[19.40204,51.79586]},"properties":{"name":"Aleksandrowska-Bielicowa","lines":"2, 5, 8, 13","arr":["2","5","8","13"],"terminus":0,"mode":"tram","color":"#d6212b","colorDark":"#7c1116","angle":197.9,"snapDist":2,"label":0}},{"type":"Feature","geometry":{"type":"Point","coordinates":[19.410998,51.794064]},"properties":{"name":"Limanowskiego-Woronicza","lines":"2, 5, 8, 13, 16, Z1","arr":["2","5","8","13","16","Z1"],"terminus":0,"mode":"tram","color":"#d6212b","colorDark":"#7c1116","angle":198,"snapDist":2,"label":0}},{"type":"Feature","geometry":{"type":"Point","coordinates":[19.418797,51.792503]},"properties":{"name":"Limanowskiego-Pułaskiego","lines":"2, 5, 8, 13, 16, Z1","arr":["2","5","8","13","16","Z1"],"terminus":0,"mode":"tram","color":"#d6212b","colorDark":"#7c1116","angle":198,"snapDist":2,"label":0}},{"type":"Feature","geometry":{"type":"Point","coordinates":[19.425018,51.791245]},"properties":{"name":"Limanowskiego-Mokra","lines":"2, 5, Z1","arr":["2","5","Z1"],"terminus":0,"mode":"tram","color":"#d6212b","colorDark":"#7c1116","angle":197.7,"snapDist":4,"label":0}},{"type":"Feature","geometry":{"type":"Point","coordinates":[19.429087,51.790423]},"properties":{"name":"Limanowskiego-Klonowa","lines":"2, 5, Z1","arr":["2","5","Z1"],"terminus":0,"mode":"tram","color":"#d6212b","colorDark":"#7c1116","angle":197.8,"snapDist":4,"label":0}},{"type":"Feature","geometry":{"type":"Point","coordinates":[19.435652,51.789223]},"properties":{"name":"Limanowskiego-Sierakowskiego","lines":"2, 5, Z1","arr":["2","5","Z1"],"terminus":0,"mode":"tram","color":"#d6212b","colorDark":"#7c1116","angle":198,"snapDist":0,"label":0}},{"type":"Feature","geometry":{"type":"Point","coordinates":[19.442935,51.787815]},"properties":{"name":"Limanowskiego-Piwna","lines":"2, 5, Z1","arr":["2","5","Z1"],"terminus":0,"mode":"tram","color":"#d6212b","colorDark":"#7c1116","angle":191.5,"snapDist":2,"label":0}},{"type":"Feature","geometry":{"type":"Point","coordinates":[19.448609,51.787162]},"properties":{"name":"Limanowskiego-Zachodnia","lines":"2, 5, Z1","arr":["2","5","Z1"],"terminus":0,"mode":"tram","color":"#d6212b","colorDark":"#7c1116","angle":195.4,"snapDist":5,"label":1}},{"type":"Feature","geometry":{"type":"Point","coordinates":[19.450261,51.783333]},"properties":{"name":"Zachodnia-Lutomierska","lines":"2, 3, 4, 5, 11, 45","arr":["2","3","4","5","11","45"],"terminus":0,"mode":"tram","color":"#d6212b","colorDark":"#7c1116","angle":258.7,"snapDist":1,"label":0}},{"type":"Feature","geometry":{"type":"Point","coordinates":[19.451323,51.78022]},"properties":{"name":"Zachodnia-Manufaktura","lines":"2, 3, 4, 5, 11, 45","arr":["2","3","4","5","11","45"],"terminus":0,"mode":"tram","color":"#d6212b","colorDark":"#7c1116","angle":257.5,"snapDist":5,"label":0}},{"type":"Feature","geometry":{"type":"Point","coordinates":[19.452642,51.774133]},"properties":{"name":"Zachodnia-Próchnika","lines":"2, 3, 7, 11, O","arr":["2","3","7","11","O"],"terminus":0,"mode":"tram","color":"#d6212b","colorDark":"#7c1116","angle":262.4,"snapDist":3,"label":1}},{"type":"Feature","geometry":{"type":"Point","coordinates":[19.453669,51.768602]},"properties":{"name":"Kościuszki-6 Sierpnia","lines":"2, 3, 7, 11, O","arr":["2","3","7","11","O"],"terminus":0,"mode":"tram","color":"#d6212b","colorDark":"#7c1116","angle":262.6,"snapDist":2,"label":0}},{"type":"Feature","geometry":{"type":"Point","coordinates":[19.454559,51.764548]},"properties":{"name":"Kościuszki-Struga","lines":"2, 3, 7, 11, O","arr":["2","3","7","11","O"],"terminus":0,"mode":"tram","color":"#d6212b","colorDark":"#7c1116","angle":262.2,"snapDist":6,"label":0}},{"type":"Feature","geometry":{"type":"Point","coordinates":[19.455053,51.762315]},"properties":{"name":"Kościuszki-Zamenhofa","lines":"2, 3, 7, 11, O","arr":["2","3","7","11","O"],"terminus":0,"mode":"tram","color":"#d6212b","colorDark":"#7c1116","angle":262.2,"snapDist":4,"label":0}},{"type":"Feature","geometry":{"type":"Point","coordinates":[19.449247,51.790119]},"properties":{"name":"Zgierska-Dolna","lines":"3, 4, 11, 45","arr":["3","4","11","45"],"terminus":0,"mode":"tram","color":"#d6212b","colorDark":"#7c1116","angle":83.1,"snapDist":1,"label":1}},{"type":"Feature","geometry":{"type":"Point","coordinates":[19.453987,51.791146]},"properties":{"name":"Dolna-Łagiewnicka","lines":"3","arr":["3"],"terminus":0,"mode":"tram","color":"#d6212b","colorDark":"#7c1116","angle":176.2,"snapDist":3,"label":1}},{"type":"Feature","geometry":{"type":"Point","coordinates":[19.455532,51.795172]},"properties":{"name":"Łagiewnicka-Kowalska","lines":"3","arr":["3"],"terminus":0,"mode":"tram","color":"#d6212b","colorDark":"#7c1116","angle":98.2,"snapDist":2,"label":1}},{"type":"Feature","geometry":{"type":"Point","coordinates":[19.456391,51.799161]},"properties":{"name":"Łagiewnicka-Murarska","lines":"3","arr":["3"],"terminus":0,"mode":"tram","color":"#d6212b","colorDark":"#7c1116","angle":102.4,"snapDist":1,"label":1}},{"type":"Feature","geometry":{"type":"Point","coordinates":[19.457508,51.800999]},"properties":{"name":"Łagiewnicka-Rondo Powstańców 1863r.","lines":"3","arr":["3"],"terminus":0,"mode":"tram","color":"#d6212b","colorDark":"#7c1116","angle":115,"snapDist":58,"label":0}},{"type":"Feature","geometry":{"type":"Point","coordinates":[19.457529,51.801148]},"properties":{"name":"Łagiewnicka-Rondo Powstańców 1863r.","lines":"3","arr":["3"],"terminus":1,"mode":"tram","color":"#d6212b","colorDark":"#7c1116","angle":290,"snapDist":10,"label":1}},{"type":"Feature","geometry":{"type":"Point","coordinates":[19.456275,51.799003]},"properties":{"name":"Łagiewnicka-Murarska","lines":"3","arr":["3"],"terminus":0,"mode":"tram","color":"#d6212b","colorDark":"#7c1116","angle":282.4,"snapDist":4,"label":0}},{"type":"Feature","geometry":{"type":"Point","coordinates":[19.455454,51.795085]},"properties":{"name":"Łagiewnicka-Kowalska","lines":"3","arr":["3"],"terminus":0,"mode":"tram","color":"#d6212b","colorDark":"#7c1116","angle":278.3,"snapDist":4,"label":0}},{"type":"Feature","geometry":{"type":"Point","coordinates":[19.453991,51.791182]},"properties":{"name":"Dolna-Łagiewnicka","lines":"3","arr":["3"],"terminus":0,"mode":"tram","color":"#d6212b","colorDark":"#7c1116","angle":356.2,"snapDist":1,"label":0}},{"type":"Feature","geometry":{"type":"Point","coordinates":[19.449242,51.789818]},"properties":{"name":"Zgierska-Dolna","lines":"3, 4, 11, 45","arr":["3","4","11","45"],"terminus":0,"mode":"tram","color":"#d6212b","colorDark":"#7c1116","angle":263.1,"snapDist":8,"label":0}},{"type":"Feature","geometry":{"type":"Point","coordinates":[19.449054,51.78736]},"properties":{"name":"Zachodnia-Limanowskiego","lines":"3, 4, 11, 45","arr":["3","4","11","45"],"terminus":0,"mode":"tram","color":"#d6212b","colorDark":"#7c1116","angle":269.5,"snapDist":4,"label":0}},{"type":"Feature","geometry":{"type":"Point","coordinates":[19.508822,51.736167]},"properties":{"name":"Dw. Łódź Dąbrowa","lines":"4, 14, Z2","arr":["4","14","Z2"],"terminus":1,"mode":"tram","color":"#d6212b","colorDark":"#7c1116","angle":334.2,"snapDist":19,"label":1}},{"type":"Feature","geometry":{"type":"Point","coordinates":[19.502946,51.736311]},"properties":{"name":"Dąbrowskiego-Podhalańska","lines":"4, 14, Z2","arr":["4","14","Z2"],"terminus":0,"mode":"tram","color":"#d6212b","colorDark":"#7c1116","angle":8.3,"snapDist":2,"label":1}},{"type":"Feature","geometry":{"type":"Point","coordinates":[19.499214,51.736643]},"properties":{"name":"Dąbrowskiego-Kossaka","lines":"4, 14, Z2","arr":["4","14","Z2"],"terminus":0,"mode":"tram","color":"#d6212b","colorDark":"#7c1116","angle":8,"snapDist":3,"label":1}},{"type":"Feature","geometry":{"type":"Point","coordinates":[19.494015,51.7371]},"properties":{"name":"Dąbrowskiego-Tatrzańska","lines":"4, 14, Z2","arr":["4","14","Z2"],"terminus":0,"mode":"tram","color":"#d6212b","colorDark":"#7c1116","angle":8.2,"snapDist":2,"label":1}},{"type":"Feature","geometry":{"type":"Point","coordinates":[19.489575,51.737479]},"properties":{"name":"Dąbrowskiego-Śmigłego-Rydza","lines":"4, 14, Z2","arr":["4","14","Z2"],"terminus":0,"mode":"tram","color":"#d6212b","colorDark":"#7c1116","angle":8,"snapDist":2,"label":1}},{"type":"Feature","geometry":{"type":"Point","coordinates":[19.489345,51.743512]},"properties":{"name":"Śmigłego Rydza-Grota-Roweckiego","lines":"4, 13, 14","arr":["4","13","14"],"terminus":0,"mode":"tram","color":"#d6212b","colorDark":"#7c1116","angle":95,"snapDist":3,"label":1}},{"type":"Feature","geometry":{"type":"Point","coordinates":[19.489765,51.74716]},"properties":{"name":"Śmigłego Rydza-Przybyszewskiego","lines":"4, 13, 14","arr":["4","13","14"],"terminus":0,"mode":"tram","color":"#d6212b","colorDark":"#7c1116","angle":89.7,"snapDist":5,"label":1}},{"type":"Feature","geometry":{"type":"Point","coordinates":[19.489363,51.75256]},"properties":{"name":"Śmigłego Rydza-Milionowa","lines":"4, 13, 14","arr":["4","13","14"],"terminus":0,"mode":"tram","color":"#d6212b","colorDark":"#7c1116","angle":88.7,"snapDist":0,"label":1}},{"type":"Feature","geometry":{"type":"Point","coordinates":[19.48816,51.757987]},"properties":{"name":"Śmigłego Rydza-Zbiorcza","lines":"4, 13, 14","arr":["4","13","14"],"terminus":0,"mode":"tram","color":"#d6212b","colorDark":"#7c1116","angle":69.2,"snapDist":2,"label":1}},{"type":"Feature","geometry":{"type":"Point","coordinates":[19.484824,51.76243]},"properties":{"name":"Kopcińskiego-Piłsudskiego","lines":"4, 9","arr":["4","9"],"terminus":0,"mode":"tram","color":"#d6212b","colorDark":"#7c1116","angle":82.2,"snapDist":0,"label":1}},{"type":"Feature","geometry":{"type":"Point","coordinates":[19.483916,51.767471]},"properties":{"name":"Kopcińskiego-Tuwima","lines":"4, 9","arr":["4","9"],"terminus":0,"mode":"tram","color":"#d6212b","colorDark":"#7c1116","angle":82.5,"snapDist":1,"label":1}},{"type":"Feature","geometry":{"type":"Point","coordinates":[19.482856,51.772538]},"properties":{"name":"Kopcińskiego-Narutowicza","lines":"4, 9","arr":["4","9"],"terminus":0,"mode":"tram","color":"#d6212b","colorDark":"#7c1116","angle":82.6,"snapDist":2,"label":1}},{"type":"Feature","geometry":{"type":"Point","coordinates":[19.47706,51.772518]},"properties":{"name":"Narutowicza-Tramwajowa","lines":"4, 9, 12, O","arr":["4","9","12","O"],"terminus":0,"mode":"tram","color":"#d6212b","colorDark":"#7c1116","angle":351.8,"snapDist":0,"label":1}},{"type":"Feature","geometry":{"type":"Point","coordinates":[19.4755,51.769451]},"properties":{"name":"Węglowa-Tramwajowa","lines":"4","arr":["4"],"terminus":0,"mode":"tram","color":"#d6212b","colorDark":"#7c1116","angle":352.6,"snapDist":0,"label":1}},{"type":"Feature","geometry":{"type":"Point","coordinates":[19.471429,51.769996]},"properties":{"name":"Rodziny Poznańskich-Dw. Łódź Fabryczna","lines":"4","arr":["4"],"terminus":0,"mode":"tram","color":"#d6212b","colorDark":"#7c1116","angle":4.9,"snapDist":0,"label":1}},{"type":"Feature","geometry":{"type":"Point","coordinates":[19.465719,51.769882]},"properties":{"name":"Rodziny Poznańskich-Dw. Łódź Fabryczna","lines":"4, 9, 12, O","arr":["4","9","12","O"],"terminus":1,"mode":"tram","color":"#d6212b","colorDark":"#7c1116","angle":342.5,"snapDist":4,"label":1}},{"type":"Feature","geometry":{"type":"Point","coordinates":[19.44754,51.792979]},"properties":{"name":"Zgierska-Adwokacka","lines":"4, 11, 45","arr":["4","11","45"],"terminus":0,"mode":"tram","color":"#d6212b","colorDark":"#7c1116","angle":65.9,"snapDist":3,"label":1}},{"type":"Feature","geometry":{"type":"Point","coordinates":[19.444559,51.797127]},"properties":{"name":"Zgierska-Julianowska","lines":"4, 11, 45","arr":["4","11","45"],"terminus":0,"mode":"tram","color":"#d6212b","colorDark":"#7c1116","angle":67.5,"snapDist":4,"label":1}},{"type":"Feature","geometry":{"type":"Point","coordinates":[19.44266,51.79982]},"properties":{"name":"Zgierska-Biegańskiego","lines":"4, 11, 45","arr":["4","11","45"],"terminus":0,"mode":"tram","color":"#d6212b","colorDark":"#7c1116","angle":64.5,"snapDist":0,"label":1}},{"type":"Feature","geometry":{"type":"Point","coordinates":[19.439505,51.806596]},"properties":{"name":"Zgierska-cm. Radogoszcz","lines":"4, 11, 45","arr":["4","11","45"],"terminus":0,"mode":"tram","color":"#d6212b","colorDark":"#7c1116","angle":75.1,"snapDist":2,"label":1}},{"type":"Feature","geometry":{"type":"Point","coordinates":[19.438401,51.808763]},"properties":{"name":"Zgierska-pl. Pamięci Narodowej","lines":"4, 11, 45","arr":["4","11","45"],"terminus":0,"mode":"tram","color":"#d6212b","colorDark":"#7c1116","angle":69.5,"snapDist":2,"label":1}},{"type":"Feature","geometry":{"type":"Point","coordinates":[19.43667,51.811575]},"properties":{"name":"Zgierska-Przedwiośnie","lines":"4, 11, 45","arr":["4","11","45"],"terminus":0,"mode":"tram","color":"#d6212b","colorDark":"#7c1116","angle":69.3,"snapDist":1,"label":1}},{"type":"Feature","geometry":{"type":"Point","coordinates":[19.434133,51.815139]},"properties":{"name":"Zgierska-Sikorskiego","lines":"4, 11, 45","arr":["4","11","45"],"terminus":0,"mode":"tram","color":"#d6212b","colorDark":"#7c1116","angle":68.6,"snapDist":3,"label":1}},{"type":"Feature","geometry":{"type":"Point","coordinates":[19.432275,51.818884]},"properties":{"name":"Zgierska-Pasieczna","lines":"4, 11, 45","arr":["4","11","45"],"terminus":0,"mode":"tram","color":"#d6212b","colorDark":"#7c1116","angle":69.4,"snapDist":2,"label":1}},{"type":"Feature","geometry":{"type":"Point","coordinates":[19.429992,51.822668]},"properties":{"name":"Zgierska-Świtezianki","lines":"4, 11, 45","arr":["4","11","45"],"terminus":0,"mode":"tram","color":"#d6212b","colorDark":"#7c1116","angle":69.8,"snapDist":1,"label":1}},{"type":"Feature","geometry":{"type":"Point","coordinates":[19.428045,51.825889]},"properties":{"name":"Zgierska-Brzoskwiniowa","lines":"4, 11, 45","arr":["4","11","45"],"terminus":0,"mode":"tram","color":"#d6212b","colorDark":"#7c1116","angle":69,"snapDist":0,"label":1}},{"type":"Feature","geometry":{"type":"Point","coordinates":[19.426447,51.828529]},"properties":{"name":"Zgierska-Helenówek","lines":"4, 11, 45","arr":["4","11","45"],"terminus":0,"mode":"tram","color":"#d6212b","colorDark":"#7c1116","angle":69.4,"snapDist":0,"label":1}},{"type":"Feature","geometry":{"type":"Point","coordinates":[19.425729,51.8297]},"properties":{"name":"Zgierska-Helenówek-pętla","lines":"4, 11","arr":["4","11"],"terminus":1,"mode":"tram","color":"#d6212b","colorDark":"#7c1116","angle":69.5,"snapDist":0,"label":1}},{"type":"Feature","geometry":{"type":"Point","coordinates":[19.426546,51.828285]},"properties":{"name":"Zgierska-Helenówek","lines":"4, 11, 45","arr":["4","11","45"],"terminus":0,"mode":"tram","color":"#d6212b","colorDark":"#7c1116","angle":249.5,"snapDist":5,"label":0}},{"type":"Feature","geometry":{"type":"Point","coordinates":[19.428101,51.825694]},"properties":{"name":"Zgierska-Brzoskwiniowa","lines":"4, 11, 45","arr":["4","11","45"],"terminus":0,"mode":"tram","color":"#d6212b","colorDark":"#7c1116","angle":249.5,"snapDist":5,"label":0}},{"type":"Feature","geometry":{"type":"Point","coordinates":[19.430041,51.822484]},"properties":{"name":"Zgierska-Świtezianki","lines":"4, 11, 45","arr":["4","11","45"],"terminus":0,"mode":"tram","color":"#d6212b","colorDark":"#7c1116","angle":249.8,"snapDist":4,"label":0}},{"type":"Feature","geometry":{"type":"Point","coordinates":[19.432325,51.818698]},"properties":{"name":"Zgierska-Pasieczna","lines":"4, 11, 45","arr":["4","11","45"],"terminus":0,"mode":"tram","color":"#d6212b","colorDark":"#7c1116","angle":249.5,"snapDist":3,"label":0}},{"type":"Feature","geometry":{"type":"Point","coordinates":[19.433614,51.816114]},"properties":{"name":"Zgierska-Sikorskiego","lines":"4, 11, 45","arr":["4","11","45"],"terminus":0,"mode":"tram","color":"#d6212b","colorDark":"#7c1116","angle":259.1,"snapDist":8,"label":0}},{"type":"Feature","geometry":{"type":"Point","coordinates":[19.436402,51.811952]},"properties":{"name":"Zgierska-Przedwiośnie","lines":"4, 11, 45","arr":["4","11","45"],"terminus":0,"mode":"tram","color":"#d6212b","colorDark":"#7c1116","angle":250.5,"snapDist":7,"label":0}},{"type":"Feature","geometry":{"type":"Point","coordinates":[19.438179,51.809029]},"properties":{"name":"Zgierska-pl. Pamięci Narodowej","lines":"4, 11, 45","arr":["4","11","45"],"terminus":0,"mode":"tram","color":"#d6212b","colorDark":"#7c1116","angle":249.5,"snapDist":3,"label":0}},{"type":"Feature","geometry":{"type":"Point","coordinates":[19.439449,51.806588]},"properties":{"name":"Zgierska-cm. Radogoszcz","lines":"4, 11, 45","arr":["4","11","45"],"terminus":0,"mode":"tram","color":"#d6212b","colorDark":"#7c1116","angle":255.1,"snapDist":4,"label":0}},{"type":"Feature","geometry":{"type":"Point","coordinates":[19.442727,51.799653]},"properties":{"name":"Zgierska-Biegańskiego","lines":"4, 11, 45","arr":["4","11","45"],"terminus":0,"mode":"tram","color":"#d6212b","colorDark":"#7c1116","angle":244.7,"snapDist":6,"label":0}},{"type":"Feature","geometry":{"type":"Point","coordinates":[19.444563,51.797031]},"properties":{"name":"Zgierska-Julianowska","lines":"4, 11, 45","arr":["4","11","45"],"terminus":0,"mode":"tram","color":"#d6212b","colorDark":"#7c1116","angle":247.6,"snapDist":3,"label":0}},{"type":"Feature","geometry":{"type":"Point","coordinates":[19.447327,51.793189]},"properties":{"name":"Zgierska-Adwokacka","lines":"4, 11, 45","arr":["4","11","45"],"terminus":0,"mode":"tram","color":"#d6212b","colorDark":"#7c1116","angle":246,"snapDist":5,"label":0}},{"type":"Feature","geometry":{"type":"Point","coordinates":[19.466655,51.769899]},"properties":{"name":"Rodziny Poznańskich-Dw. Łódź Fabryczna","lines":"4, 12, O","arr":["4","12","O"],"terminus":0,"mode":"tram","color":"#d6212b","colorDark":"#7c1116","angle":162.6,"snapDist":3,"label":0}},{"type":"Feature","geometry":{"type":"Point","coordinates":[19.47225,51.769917]},"properties":{"name":"Rodziny Poznańskich-Dw. Łódź Fabryczna","lines":"4, 12, O","arr":["4","12","O"],"terminus":0,"mode":"tram","color":"#d6212b","colorDark":"#7c1116","angle":184.8,"snapDist":0,"label":0}},{"type":"Feature","geometry":{"type":"Point","coordinates":[19.47665,51.769511]},"properties":{"name":"Węglowa-Tramwajowa","lines":"4, 12, O","arr":["4","12","O"],"terminus":0,"mode":"tram","color":"#d6212b","colorDark":"#7c1116","angle":172.3,"snapDist":0,"label":0}},{"type":"Feature","geometry":{"type":"Point","coordinates":[19.476678,51.77216]},"properties":{"name":"Tramwajowa-Narutowicza","lines":"4, 12, O","arr":["4","12","O"],"terminus":0,"mode":"tram","color":"#d6212b","colorDark":"#7c1116","angle":82.8,"snapDist":0,"label":1}},{"type":"Feature","geometry":{"type":"Point","coordinates":[19.482204,51.772948]},"properties":{"name":"Narutowicza-Kopcińskiego","lines":"4, 9, 12, O","arr":["4","9","12","O"],"terminus":0,"mode":"tram","color":"#d6212b","colorDark":"#7c1116","angle":171.9,"snapDist":3,"label":1}},{"type":"Feature","geometry":{"type":"Point","coordinates":[19.483914,51.767218]},"properties":{"name":"Kopcińskiego-Tuwima","lines":"4, 9","arr":["4","9"],"terminus":0,"mode":"tram","color":"#d6212b","colorDark":"#7c1116","angle":262.6,"snapDist":7,"label":0}},{"type":"Feature","geometry":{"type":"Point","coordinates":[19.485871,51.760638]},"properties":{"name":"Śmigłego Rydza-Piłsudskiego","lines":"4, 13, 14","arr":["4","13","14"],"terminus":0,"mode":"tram","color":"#d6212b","colorDark":"#7c1116","angle":237.2,"snapDist":6,"label":1}},{"type":"Feature","geometry":{"type":"Point","coordinates":[19.488221,51.757773]},"properties":{"name":"Śmigłego Rydza-Zbiorcza","lines":"4, 13, 14","arr":["4","13","14"],"terminus":0,"mode":"tram","color":"#d6212b","colorDark":"#7c1116","angle":249.2,"snapDist":2,"label":0}},{"type":"Feature","geometry":{"type":"Point","coordinates":[19.489366,51.75092]},"properties":{"name":"Śmigłego Rydza-Milionowa","lines":"4, 13, 14","arr":["4","13","14"],"terminus":0,"mode":"tram","color":"#d6212b","colorDark":"#7c1116","angle":270.4,"snapDist":0,"label":0}},{"type":"Feature","geometry":{"type":"Point","coordinates":[19.489624,51.748215]},"properties":{"name":"Śmigłego Rydza-Przybyszewskiego","lines":"4, 13, 14","arr":["4","13","14"],"terminus":0,"mode":"tram","color":"#d6212b","colorDark":"#7c1116","angle":259.3,"snapDist":3,"label":0}},{"type":"Feature","geometry":{"type":"Point","coordinates":[19.489328,51.743757]},"properties":{"name":"Śmigłego Rydza-Grota-Roweckiego","lines":"4, 13, 14","arr":["4","13","14"],"terminus":0,"mode":"tram","color":"#d6212b","colorDark":"#7c1116","angle":275,"snapDist":3,"label":0}},{"type":"Feature","geometry":{"type":"Point","coordinates":[19.488962,51.737937]},"properties":{"name":"Śmigłego Rydza-Dąbrowskiego","lines":"4, 13, 14","arr":["4","13","14"],"terminus":0,"mode":"tram","color":"#d6212b","colorDark":"#7c1116","angle":276.3,"snapDist":3,"label":1}},{"type":"Feature","geometry":{"type":"Point","coordinates":[19.495096,51.736976]},"properties":{"name":"Dąbrowskiego-Tatrzańska","lines":"4, 14, Z2","arr":["4","14","Z2"],"terminus":0,"mode":"tram","color":"#d6212b","colorDark":"#7c1116","angle":188.3,"snapDist":3,"label":0}},{"type":"Feature","geometry":{"type":"Point","coordinates":[19.499497,51.736582]},"properties":{"name":"Dąbrowskiego-Kossaka","lines":"4, 14, Z2","arr":["4","14","Z2"],"terminus":0,"mode":"tram","color":"#d6212b","colorDark":"#7c1116","angle":188.1,"snapDist":8,"label":0}},{"type":"Feature","geometry":{"type":"Point","coordinates":[19.503066,51.736265]},"properties":{"name":"Dąbrowskiego-Podhalańska","lines":"4, 14, Z2","arr":["4","14","Z2"],"terminus":0,"mode":"tram","color":"#d6212b","colorDark":"#7c1116","angle":188.2,"snapDist":3,"label":0}},{"type":"Feature","geometry":{"type":"Point","coordinates":[19.509232,51.73562]},"properties":{"name":"Dąbrowskiego-Dw. Łódź Dąbrowa","lines":"4, 14, Z2","arr":["4","14","Z2"],"terminus":0,"mode":"tram","color":"#d6212b","colorDark":"#7c1116","angle":213.5,"snapDist":4,"label":1}},{"type":"Feature","geometry":{"type":"Point","coordinates":[19.485975,51.718232]},"properties":{"name":"Chojny Kurczaki","lines":"5, 6, 15","arr":["5","6","15"],"terminus":1,"mode":"tram","color":"#d6212b","colorDark":"#7c1116","angle":311.1,"snapDist":13,"label":1}},{"type":"Feature","geometry":{"type":"Point","coordinates":[19.483886,51.721187]},"properties":{"name":"Rzgowska-cm. Rzgowska","lines":"5, 6, 15","arr":["5","6","15"],"terminus":0,"mode":"tram","color":"#d6212b","colorDark":"#7c1116","angle":69,"snapDist":1,"label":1}},{"type":"Feature","geometry":{"type":"Point","coordinates":[19.48057,51.725117]},"properties":{"name":"Rzgowska-Dachowa","lines":"5, 6, 15","arr":["5","6","15"],"terminus":0,"mode":"tram","color":"#d6212b","colorDark":"#7c1116","angle":63,"snapDist":1,"label":1}},{"type":"Feature","geometry":{"type":"Point","coordinates":[19.474008,51.73024]},"properties":{"name":"Paderewskiego-Rzgowska","lines":"5, 6, 15","arr":["5","6","15"],"terminus":0,"mode":"tram","color":"#d6212b","colorDark":"#7c1116","angle":332.8,"snapDist":1,"label":1}},{"type":"Feature","geometry":{"type":"Point","coordinates":[19.470251,51.728859]},"properties":{"name":"Paderewskiego-Tuszyńska","lines":"5, 6, 15","arr":["5","6","15"],"terminus":0,"mode":"tram","color":"#d6212b","colorDark":"#7c1116","angle":328.6,"snapDist":1,"label":1}},{"type":"Feature","geometry":{"type":"Point","coordinates":[19.462532,51.726763]},"properties":{"name":"Paderewskiego-Karpacka","lines":"5, 6, 15","arr":["5","6","15"],"terminus":0,"mode":"tram","color":"#d6212b","colorDark":"#7c1116","angle":19.9,"snapDist":0,"label":1}},{"type":"Feature","geometry":{"type":"Point","coordinates":[19.457501,51.729033]},"properties":{"name":"Paderewskiego-Zaolziańska","lines":"5, 6, 15","arr":["5","6","15"],"terminus":0,"mode":"tram","color":"#d6212b","colorDark":"#7c1116","angle":39.4,"snapDist":1,"label":1}},{"type":"Feature","geometry":{"type":"Point","coordinates":[19.45385,51.730928]},"properties":{"name":"Paderewskiego-Rondo Lotników Lwowskich","lines":"5, 6, 15","arr":["5","6","15"],"terminus":0,"mode":"tram","color":"#d6212b","colorDark":"#7c1116","angle":40.1,"snapDist":3,"label":1}},{"type":"Feature","geometry":{"type":"Point","coordinates":[19.459598,51.736657]},"properties":{"name":"Pabianicka-Wólczańska","lines":"5, 6, 41, Z2","arr":["5","6","41","Z2"],"terminus":0,"mode":"tram","color":"#d6212b","colorDark":"#7c1116","angle":125.6,"snapDist":1,"label":1}},{"type":"Feature","geometry":{"type":"Point","coordinates":[19.463725,51.739832]},"properties":{"name":"pl. Niepodległości","lines":"5, 6, 41, Z2","arr":["5","6","41","Z2"],"terminus":0,"mode":"tram","color":"#d6212b","colorDark":"#7c1116","angle":174,"snapDist":4,"label":0}},{"type":"Feature","geometry":{"type":"Point","coordinates":[19.466851,51.738674]},"properties":{"name":"Rzgowska-Dąbrowskiego","lines":"5, 6, Z2","arr":["5","6","Z2"],"terminus":0,"mode":"tram","color":"#d6212b","colorDark":"#7c1116","angle":227.8,"snapDist":6,"label":1}},{"type":"Feature","geometry":{"type":"Point","coordinates":[19.368181,51.802497]},"properties":{"name":"Teofilów","lines":"5, 8, 13","arr":["5","8","13"],"terminus":1,"mode":"tram","color":"#d6212b","colorDark":"#7c1116","angle":137.4,"snapDist":10,"label":1}},{"type":"Feature","geometry":{"type":"Point","coordinates":[19.477489,51.738656]},"properties":{"name":"Dąbrowskiego-Kilińskiego","lines":"5, 6, Z2","arr":["5","6","Z2"],"terminus":0,"mode":"tram","color":"#d6212b","colorDark":"#7c1116","angle":9.1,"snapDist":0,"label":1}},{"type":"Feature","geometry":{"type":"Point","coordinates":[19.467765,51.73869]},"properties":{"name":"Dąbrowskiego-Rzgowska","lines":"5, 6, Z2","arr":["5","6","Z2"],"terminus":0,"mode":"tram","color":"#d6212b","colorDark":"#7c1116","angle":342.2,"snapDist":3,"label":1}},{"type":"Feature","geometry":{"type":"Point","coordinates":[19.463584,51.739876]},"properties":{"name":"pl. Niepodległości","lines":"5, 6, 41, Z2","arr":["5","6","41","Z2"],"terminus":0,"mode":"tram","color":"#d6212b","colorDark":"#7c1116","angle":354.1,"snapDist":3,"label":0}},{"type":"Feature","geometry":{"type":"Point","coordinates":[19.458781,51.735985]},"properties":{"name":"Pabianicka-Wólczańska","lines":"5, 6, 41, Z2","arr":["5","6","41","Z2"],"terminus":0,"mode":"tram","color":"#d6212b","colorDark":"#7c1116","angle":305.2,"snapDist":1,"label":0}},{"type":"Feature","geometry":{"type":"Point","coordinates":[19.454082,51.732165]},"properties":{"name":"Pabianicka-Rondo Lotników Lwowskich","lines":"5, 6, 41, Z2","arr":["5","6","41","Z2"],"terminus":0,"mode":"tram","color":"#d6212b","colorDark":"#7c1116","angle":307,"snapDist":3,"label":1}},{"type":"Feature","geometry":{"type":"Point","coordinates":[19.456785,51.729356]},"properties":{"name":"Paderewskiego-Zaolziańska","lines":"5, 6, 15","arr":["5","6","15"],"terminus":0,"mode":"tram","color":"#d6212b","colorDark":"#7c1116","angle":220.1,"snapDist":4,"label":0}},{"type":"Feature","geometry":{"type":"Point","coordinates":[19.462889,51.726649]},"properties":{"name":"Paderewskiego-Karpacka","lines":"5, 6, 15","arr":["5","6","15"],"terminus":0,"mode":"tram","color":"#d6212b","colorDark":"#7c1116","angle":200,"snapDist":6,"label":0}},{"type":"Feature","geometry":{"type":"Point","coordinates":[19.46964,51.728591]},"properties":{"name":"Paderewskiego-Tuszyńska","lines":"5, 6, 15","arr":["5","6","15"],"terminus":0,"mode":"tram","color":"#d6212b","colorDark":"#7c1116","angle":149,"snapDist":4,"label":0}},{"type":"Feature","geometry":{"type":"Point","coordinates":[19.474294,51.730294]},"properties":{"name":"Paderewskiego-Rzgowska","lines":"5, 6, 15","arr":["5","6","15"],"terminus":0,"mode":"tram","color":"#d6212b","colorDark":"#7c1116","angle":153.2,"snapDist":5,"label":0}},{"type":"Feature","geometry":{"type":"Point","coordinates":[19.480731,51.724853]},"properties":{"name":"Rzgowska-Dachowa","lines":"5, 6, 15","arr":["5","6","15"],"terminus":0,"mode":"tram","color":"#d6212b","colorDark":"#7c1116","angle":242.4,"snapDist":3,"label":0}},{"type":"Feature","geometry":{"type":"Point","coordinates":[19.483941,51.721]},"properties":{"name":"Rzgowska-cm. Rzgowska","lines":"5, 6, 15","arr":["5","6","15"],"terminus":0,"mode":"tram","color":"#d6212b","colorDark":"#7c1116","angle":248.9,"snapDist":3,"label":0}},{"type":"Feature","geometry":{"type":"Point","coordinates":[19.485656,51.7181]},"properties":{"name":"Chojny Kurczaki","lines":"5, 6, 15","arr":["5","6","15"],"terminus":0,"mode":"tram","color":"#d6212b","colorDark":"#7c1116","angle":178.3,"snapDist":62,"label":0}},{"type":"Feature","geometry":{"type":"Point","coordinates":[19.551142,51.758111]},"properties":{"name":"Widzew Augustów","lines":"6, 10A","arr":["6","10A"],"terminus":1,"mode":"tram","color":"#d6212b","colorDark":"#7c1116","angle":34.7,"snapDist":27,"label":1}},{"type":"Feature","geometry":{"type":"Point","coordinates":[19.549709,51.758516]},"properties":{"name":"Rokicińska-Lermontowa","lines":"6, 9, 10A, 10B","arr":["6","9","10A","10B"],"terminus":0,"mode":"tram","color":"#d6212b","colorDark":"#7c1116","angle":16.3,"snapDist":3,"label":1}},{"type":"Feature","geometry":{"type":"Point","coordinates":[19.544195,51.759529]},"properties":{"name":"Rokicińska-Gogola","lines":"6, 9, 10A, 10B","arr":["6","9","10A","10B"],"terminus":0,"mode":"tram","color":"#d6212b","colorDark":"#7c1116","angle":16.4,"snapDist":1,"label":1}},{"type":"Feature","geometry":{"type":"Point","coordinates":[19.53841,51.760559]},"properties":{"name":"Rokicińska-Rondo Inwalidów","lines":"6, 9, 10A, 10B","arr":["6","9","10A","10B"],"terminus":0,"mode":"tram","color":"#d6212b","colorDark":"#7c1116","angle":16.4,"snapDist":2,"label":1}},{"type":"Feature","geometry":{"type":"Point","coordinates":[19.536471,51.759697]},"properties":{"name":"Puszkina-Rondo Inwalidów","lines":"6, 8","arr":["6","8"],"terminus":0,"mode":"tram","color":"#d6212b","colorDark":"#7c1116","angle":284.7,"snapDist":6,"label":1}},{"type":"Feature","geometry":{"type":"Point","coordinates":[19.535622,51.757696]},"properties":{"name":"Puszkina-Chmielowskiego","lines":"6, 8","arr":["6","8"],"terminus":0,"mode":"tram","color":"#d6212b","colorDark":"#7c1116","angle":284.8,"snapDist":2,"label":1}},{"type":"Feature","geometry":{"type":"Point","coordinates":[19.532341,51.754032]},"properties":{"name":"Puszkina-Rondo Sybiraków","lines":"6, 8","arr":["6","8"],"terminus":0,"mode":"tram","color":"#d6212b","colorDark":"#7c1116","angle":301.4,"snapDist":2,"label":1}},{"type":"Feature","geometry":{"type":"Point","coordinates":[19.529183,51.752583]},"properties":{"name":"Przybyszewskiego-Rondo Sybiraków","lines":"6, 8","arr":["6","8"],"terminus":0,"mode":"tram","color":"#d6212b","colorDark":"#7c1116","angle":355.9,"snapDist":3,"label":1}},{"type":"Feature","geometry":{"type":"Point","coordinates":[19.521474,51.751845]},"properties":{"name":"Przybyszewskiego-Lodowa","lines":"6, 8","arr":["6","8"],"terminus":0,"mode":"tram","color":"#d6212b","colorDark":"#7c1116","angle":350.1,"snapDist":2,"label":1}},{"type":"Feature","geometry":{"type":"Point","coordinates":[19.513319,51.750645]},"properties":{"name":"Przybyszewskiego-Dw. Łódź Zarzew","lines":"6, 7","arr":["6","7"],"terminus":0,"mode":"tram","color":"#d6212b","colorDark":"#7c1116","angle":349.7,"snapDist":1,"label":1}},{"type":"Feature","geometry":{"type":"Point","coordinates":[19.506765,51.749864]},"properties":{"name":"Przybyszewskiego-Nurta-Kaszyńskiego","lines":"6, 7","arr":["6","7"],"terminus":0,"mode":"tram","color":"#d6212b","colorDark":"#7c1116","angle":349.6,"snapDist":2,"label":1}},{"type":"Feature","geometry":{"type":"Point","coordinates":[19.499893,51.748869]},"properties":{"name":"Przybyszewskiego-Zapadła","lines":"6, 7","arr":["6","7"],"terminus":0,"mode":"tram","color":"#d6212b","colorDark":"#7c1116","angle":349.3,"snapDist":1,"label":1}},{"type":"Feature","geometry":{"type":"Point","coordinates":[19.490587,51.747757]},"properties":{"name":"Przybyszewskiego-Śmigłego-Rydza","lines":"6, 7","arr":["6","7"],"terminus":0,"mode":"tram","color":"#d6212b","colorDark":"#7c1116","angle":349.3,"snapDist":3,"label":1}},{"type":"Feature","geometry":{"type":"Point","coordinates":[19.483731,51.746908]},"properties":{"name":"Przybyszewskiego-Łęczycka","lines":"6, 7","arr":["6","7"],"terminus":0,"mode":"tram","color":"#d6212b","colorDark":"#7c1116","angle":342.8,"snapDist":0,"label":1}},{"type":"Feature","geometry":{"type":"Point","coordinates":[19.477058,51.745638]},"properties":{"name":"Przybyszewskiego-Kilińskiego","lines":"6, 7","arr":["6","7"],"terminus":0,"mode":"tram","color":"#d6212b","colorDark":"#7c1116","angle":344.1,"snapDist":7,"label":1}},{"type":"Feature","geometry":{"type":"Point","coordinates":[19.483986,51.746919]},"properties":{"name":"Przybyszewskiego-Łęczycka","lines":"6, 7","arr":["6","7"],"terminus":0,"mode":"tram","color":"#d6212b","colorDark":"#7c1116","angle":162.9,"snapDist":1,"label":0}},{"type":"Feature","geometry":{"type":"Point","coordinates":[19.48902,51.747555]},"properties":{"name":"Przybyszewskiego-Śmigłego-Rydza","lines":"6, 7","arr":["6","7"],"terminus":0,"mode":"tram","color":"#d6212b","colorDark":"#7c1116","angle":169.7,"snapDist":4,"label":0}},{"type":"Feature","geometry":{"type":"Point","coordinates":[19.492672,51.747978]},"properties":{"name":"Przybyszewskiego-Tatrzańska","lines":"6, 7","arr":["6","7"],"terminus":0,"mode":"tram","color":"#d6212b","colorDark":"#7c1116","angle":169.8,"snapDist":3,"label":1}},{"type":"Feature","geometry":{"type":"Point","coordinates":[19.499313,51.748774]},"properties":{"name":"Przybyszewskiego-Zapadła","lines":"6, 7","arr":["6","7"],"terminus":0,"mode":"tram","color":"#d6212b","colorDark":"#7c1116","angle":169.6,"snapDist":3,"label":0}},{"type":"Feature","geometry":{"type":"Point","coordinates":[19.505805,51.749726]},"properties":{"name":"Przybyszewskiego-Nurta-Kaszyńskiego","lines":"6, 7","arr":["6","7"],"terminus":0,"mode":"tram","color":"#d6212b","colorDark":"#7c1116","angle":169.8,"snapDist":2,"label":0}},{"type":"Feature","geometry":{"type":"Point","coordinates":[19.513731,51.750655]},"properties":{"name":"Przybyszewskiego-Dw. Łódź Zarzew","lines":"6, 7","arr":["6","7"],"terminus":0,"mode":"tram","color":"#d6212b","colorDark":"#7c1116","angle":169.7,"snapDist":7,"label":0}},{"type":"Feature","geometry":{"type":"Point","coordinates":[19.521767,51.751839]},"properties":{"name":"Przybyszewskiego-Lodowa","lines":"6, 8","arr":["6","8"],"terminus":0,"mode":"tram","color":"#d6212b","colorDark":"#7c1116","angle":170.1,"snapDist":1,"label":0}},{"type":"Feature","geometry":{"type":"Point","coordinates":[19.528907,51.752536]},"properties":{"name":"Przybyszewskiego-Rondo Sybiraków","lines":"6, 8","arr":["6","8"],"terminus":0,"mode":"tram","color":"#d6212b","colorDark":"#7c1116","angle":175.8,"snapDist":3,"label":0}},{"type":"Feature","geometry":{"type":"Point","coordinates":[19.532186,51.753799]},"properties":{"name":"Puszkina-Rondo Sybiraków","lines":"6, 8","arr":["6","8"],"terminus":0,"mode":"tram","color":"#d6212b","colorDark":"#7c1116","angle":119.3,"snapDist":4,"label":0}},{"type":"Feature","geometry":{"type":"Point","coordinates":[19.535733,51.75782]},"properties":{"name":"Puszkina-Chmielowskiego","lines":"6, 8","arr":["6","8"],"terminus":0,"mode":"tram","color":"#d6212b","colorDark":"#7c1116","angle":104.7,"snapDist":0,"label":0}},{"type":"Feature","geometry":{"type":"Point","coordinates":[19.536728,51.760158]},"properties":{"name":"Puszkina-Rondo Inwalidów","lines":"6, 8","arr":["6","8"],"terminus":0,"mode":"tram","color":"#d6212b","colorDark":"#7c1116","angle":104.8,"snapDist":4,"label":0}},{"type":"Feature","geometry":{"type":"Point","coordinates":[19.538965,51.760421]},"properties":{"name":"Rokicińska-Rondo Inwalidów","lines":"6, 9, 10A, 10B","arr":["6","9","10A","10B"],"terminus":0,"mode":"tram","color":"#d6212b","colorDark":"#7c1116","angle":196.4,"snapDist":4,"label":0}},{"type":"Feature","geometry":{"type":"Point","coordinates":[19.543807,51.759555]},"properties":{"name":"Rokicińska-Gogola","lines":"6, 9, 10A, 10B","arr":["6","9","10A","10B"],"terminus":0,"mode":"tram","color":"#d6212b","colorDark":"#7c1116","angle":196.4,"snapDist":4,"label":0}},{"type":"Feature","geometry":{"type":"Point","coordinates":[19.5498,51.758463]},"properties":{"name":"Rokicińska-Lermontowa","lines":"6, 9, 10A, 10B","arr":["6","9","10A","10B"],"terminus":0,"mode":"tram","color":"#d6212b","colorDark":"#7c1116","angle":196.4,"snapDist":5,"label":0}},{"type":"Feature","geometry":{"type":"Point","coordinates":[19.520308,51.749093]},"properties":{"name":"cm. Zarzew","lines":"7, 8","arr":["7","8"],"terminus":1,"mode":"tram","color":"#d6212b","colorDark":"#7c1116","angle":231.9,"snapDist":19,"label":1}},{"type":"Feature","geometry":{"type":"Point","coordinates":[19.520515,51.751206]},"properties":{"name":"Lodowa-Przybyszewskiego","lines":"7, 8","arr":["7","8"],"terminus":0,"mode":"tram","color":"#d6212b","colorDark":"#7c1116","angle":78.5,"snapDist":2,"label":1}},{"type":"Feature","geometry":{"type":"Point","coordinates":[19.463311,51.759784]},"properties":{"name":"Piłsudskiego-Sienkiewicza","lines":"7, 8, 10A, 10B, 12, 13, 14, O","arr":["7","8","10A","10B","12","13","14","O"],"terminus":0,"mode":"tram","color":"#d6212b","colorDark":"#7c1116","angle":352.1,"snapDist":1,"label":1}},{"type":"Feature","geometry":{"type":"Point","coordinates":[19.457616,51.75926]},"properties":{"name":"Piotrkowska Centrum","lines":"7, 8, 10A, 10B, 12, 13, 14, O","arr":["7","8","10A","10B","12","13","14","O"],"terminus":0,"mode":"tram","color":"#d6212b","colorDark":"#7c1116","angle":172.2,"snapDist":2,"label":0}},{"type":"Feature","geometry":{"type":"Point","coordinates":[19.464075,51.759814]},"properties":{"name":"Piłsudskiego-Sienkiewicza","lines":"7, 8, 10A, 10B, 12, 13, 14, O","arr":["7","8","10A","10B","12","13","14","O"],"terminus":0,"mode":"tram","color":"#d6212b","colorDark":"#7c1116","angle":172.1,"snapDist":3,"label":0}},{"type":"Feature","geometry":{"type":"Point","coordinates":[19.468045,51.760155]},"properties":{"name":"Piłsudskiego-Kilińskiego","lines":"7, 8, 10A, 10B, 12, 13, 14, O","arr":["7","8","10A","10B","12","13","14","O"],"terminus":0,"mode":"tram","color":"#d6212b","colorDark":"#7c1116","angle":172.3,"snapDist":3,"label":1}},{"type":"Feature","geometry":{"type":"Point","coordinates":[19.520512,51.751034]},"properties":{"name":"Lodowa-Przybyszewskiego","lines":"7, 8","arr":["7","8"],"terminus":0,"mode":"tram","color":"#d6212b","colorDark":"#7c1116","angle":258,"snapDist":2,"label":0}},{"type":"Feature","geometry":{"type":"Point","coordinates":[19.421015,51.790251]},"properties":{"name":"Włókniarzy-Lutomierska","lines":"8, 13, 16","arr":["8","13","16"],"terminus":0,"mode":"tram","color":"#d6212b","colorDark":"#7c1116","angle":268.5,"snapDist":3,"label":1}},{"type":"Feature","geometry":{"type":"Point","coordinates":[19.421216,51.785581]},"properties":{"name":"Włókniarzy-Żubardzka","lines":"8, 13, 16","arr":["8","13","16"],"terminus":0,"mode":"tram","color":"#d6212b","colorDark":"#7c1116","angle":268.4,"snapDist":3,"label":1}},{"type":"Feature","geometry":{"type":"Point","coordinates":[19.421268,51.777686]},"properties":{"name":"Włókniarzy-Długosza","lines":"8, 13, 16","arr":["8","13","16"],"terminus":0,"mode":"tram","color":"#d6212b","colorDark":"#7c1116","angle":275.2,"snapDist":5,"label":1}},{"type":"Feature","geometry":{"type":"Point","coordinates":[19.421888,51.772125]},"properties":{"name":"Włókniarzy-Srebrzyńska","lines":"8, 13, 16","arr":["8","13","16"],"terminus":0,"mode":"tram","color":"#d6212b","colorDark":"#7c1116","angle":230.1,"snapDist":3,"label":1}},{"type":"Feature","geometry":{"type":"Point","coordinates":[19.426118,51.768144]},"properties":{"name":"Włókniarzy-Legionów","lines":"8, 13, 16","arr":["8","13","16"],"terminus":0,"mode":"tram","color":"#d6212b","colorDark":"#7c1116","angle":256.1,"snapDist":2,"label":1}},{"type":"Feature","geometry":{"type":"Point","coordinates":[19.43347,51.75818]},"properties":{"name":"Włókniarzy-Karolewska (Dw. Ł. Kaliska)","lines":"8, 13, 16","arr":["8","13","16"],"terminus":0,"mode":"tram","color":"#d6212b","colorDark":"#7c1116","angle":247,"snapDist":3,"label":1}},{"type":"Feature","geometry":{"type":"Point","coordinates":[19.434517,51.756488]},"properties":{"name":"Włókniarzy-Mickiewicza (Dw. Ł. Kaliska)","lines":"8, 13","arr":["8","13"],"terminus":0,"mode":"tram","color":"#d6212b","colorDark":"#7c1116","angle":251,"snapDist":3,"label":1}},{"type":"Feature","geometry":{"type":"Point","coordinates":[19.449222,51.758081]},"properties":{"name":"Mickiewicza-Żeromskiego","lines":"8, 10A, 10B, 12, 13, 14","arr":["8","10A","10B","12","13","14"],"terminus":0,"mode":"tram","color":"#d6212b","colorDark":"#7c1116","angle":159.7,"snapDist":4,"label":1}},{"type":"Feature","geometry":{"type":"Point","coordinates":[19.474371,51.7607]},"properties":{"name":"Piłsudskiego-Targowa","lines":"8, 10A, 10B, 13, 14","arr":["8","10A","10B","13","14"],"terminus":0,"mode":"tram","color":"#d6212b","colorDark":"#7c1116","angle":172.1,"snapDist":5,"label":1}},{"type":"Feature","geometry":{"type":"Point","coordinates":[19.480738,51.761103]},"properties":{"name":"Piłsudskiego-Przędzalniana","lines":"8, 10A, 10B, 13, 14","arr":["8","10A","10B","13","14"],"terminus":0,"mode":"tram","color":"#d6212b","colorDark":"#7c1116","angle":170,"snapDist":5,"label":1}},{"type":"Feature","geometry":{"type":"Point","coordinates":[19.486533,51.761625]},"properties":{"name":"Piłsudskiego-Śmigłego-Rydza","lines":"8, 9, 10A, 10B","arr":["8","9","10A","10B"],"terminus":0,"mode":"tram","color":"#d6212b","colorDark":"#7c1116","angle":172.4,"snapDist":4,"label":1}},{"type":"Feature","geometry":{"type":"Point","coordinates":[19.492603,51.762151]},"properties":{"name":"Piłsudskiego-Sarnia","lines":"8, 9, 10A, 10B","arr":["8","9","10A","10B"],"terminus":0,"mode":"tram","color":"#d6212b","colorDark":"#7c1116","angle":172.3,"snapDist":4,"label":1}},{"type":"Feature","geometry":{"type":"Point","coordinates":[19.502223,51.762937]},"properties":{"name":"Piłsudskiego-Konstytucyjna (Wi-Ma)","lines":"8, 9, 10A, 10B","arr":["8","9","10A","10B"],"terminus":0,"mode":"tram","color":"#d6212b","colorDark":"#7c1116","angle":173.1,"snapDist":4,"label":1}},{"type":"Feature","geometry":{"type":"Point","coordinates":[19.509223,51.763482]},"properties":{"name":"Piłsudskiego-Niciarniana","lines":"8, 9, 10A, 10B","arr":["8","9","10A","10B"],"terminus":0,"mode":"tram","color":"#d6212b","colorDark":"#7c1116","angle":172.8,"snapDist":4,"label":1}},{"type":"Feature","geometry":{"type":"Point","coordinates":[19.517059,51.763739]},"properties":{"name":"Piłsudskiego-Widzew Stadion","lines":"8, 9, 10A, 10B","arr":["8","9","10A","10B"],"terminus":0,"mode":"tram","color":"#d6212b","colorDark":"#7c1116","angle":178.3,"snapDist":2,"label":1}},{"type":"Feature","geometry":{"type":"Point","coordinates":[19.527805,51.762456]},"properties":{"name":"Rokicińska-Maszynowa","lines":"8, 9, 10A, 10B","arr":["8","9","10A","10B"],"terminus":0,"mode":"tram","color":"#d6212b","colorDark":"#7c1116","angle":195.5,"snapDist":6,"label":1}},{"type":"Feature","geometry":{"type":"Point","coordinates":[19.527179,51.762608]},"properties":{"name":"Rokicińska-Maszynowa","lines":"8, 9, 10A, 10B","arr":["8","9","10A","10B"],"terminus":0,"mode":"tram","color":"#d6212b","colorDark":"#7c1116","angle":16.6,"snapDist":3,"label":0}},{"type":"Feature","geometry":{"type":"Point","coordinates":[19.516921,51.764187]},"properties":{"name":"Piłsudskiego-Widzew Stadion","lines":"8, 9, 10A, 10B","arr":["8","9","10A","10B"],"terminus":0,"mode":"tram","color":"#d6212b","colorDark":"#7c1116","angle":358.4,"snapDist":1,"label":0}},{"type":"Feature","geometry":{"type":"Point","coordinates":[19.507181,51.763357]},"properties":{"name":"Piłsudskiego-Niciarniana","lines":"8, 9, 10A, 10B","arr":["8","9","10A","10B"],"terminus":0,"mode":"tram","color":"#d6212b","colorDark":"#7c1116","angle":352.8,"snapDist":0,"label":0}},{"type":"Feature","geometry":{"type":"Point","coordinates":[19.501843,51.762945]},"properties":{"name":"Piłsudskiego-Konstytucyjna (Wi-Ma)","lines":"8, 9, 10A, 10B","arr":["8","9","10A","10B"],"terminus":0,"mode":"tram","color":"#d6212b","colorDark":"#7c1116","angle":352.9,"snapDist":2,"label":0}},{"type":"Feature","geometry":{"type":"Point","coordinates":[19.493138,51.762231]},"properties":{"name":"Piłsudskiego-Sarnia","lines":"8, 9, 10A, 10B","arr":["8","9","10A","10B"],"terminus":0,"mode":"tram","color":"#d6212b","colorDark":"#7c1116","angle":352.4,"snapDist":1,"label":0}},{"type":"Feature","geometry":{"type":"Point","coordinates":[19.483561,51.761414]},"properties":{"name":"Piłsudskiego-Śmigłego-Rydza","lines":"8, 10A, 10B, 13, 14","arr":["8","10A","10B","13","14"],"terminus":0,"mode":"tram","color":"#d6212b","colorDark":"#7c1116","angle":352.4,"snapDist":1,"label":0}},{"type":"Feature","geometry":{"type":"Point","coordinates":[19.480046,51.761073]},"properties":{"name":"Piłsudskiego-Przędzalniana","lines":"8, 10A, 10B, 13, 14","arr":["8","10A","10B","13","14"],"terminus":0,"mode":"tram","color":"#d6212b","colorDark":"#7c1116","angle":351.7,"snapDist":3,"label":0}},{"type":"Feature","geometry":{"type":"Point","coordinates":[19.473697,51.760678]},"properties":{"name":"Piłsudskiego-Targowa","lines":"8, 10A, 10B, 13, 14","arr":["8","10A","10B","13","14"],"terminus":0,"mode":"tram","color":"#d6212b","colorDark":"#7c1116","angle":352.2,"snapDist":4,"label":0}},{"type":"Feature","geometry":{"type":"Point","coordinates":[19.469501,51.760315]},"properties":{"name":"Piłsudskiego-Kilińskiego","lines":"8, 10A, 10B, 13, 14","arr":["8","10A","10B","13","14"],"terminus":0,"mode":"tram","color":"#d6212b","colorDark":"#7c1116","angle":352.7,"snapDist":1,"label":0}},{"type":"Feature","geometry":{"type":"Point","coordinates":[19.456547,51.759208]},"properties":{"name":"Piotrkowska Centrum","lines":"8, 10A, 10B, 12, 13, 14","arr":["8","10A","10B","12","13","14"],"terminus":0,"mode":"tram","color":"#d6212b","colorDark":"#7c1116","angle":352.2,"snapDist":4,"label":0}},{"type":"Feature","geometry":{"type":"Point","coordinates":[19.448989,51.758069]},"properties":{"name":"Mickiewicza-Żeromskiego","lines":"8, 10A, 10B, 12, 13, 14","arr":["8","10A","10B","12","13","14"],"terminus":0,"mode":"tram","color":"#d6212b","colorDark":"#7c1116","angle":339.7,"snapDist":4,"label":0}},{"type":"Feature","geometry":{"type":"Point","coordinates":[19.434468,51.756685]},"properties":{"name":"Włókniarzy-Mickiewicza (Dw. Ł. Kaliska)","lines":"8, 13","arr":["8","13"],"terminus":0,"mode":"tram","color":"#d6212b","colorDark":"#7c1116","angle":71,"snapDist":2,"label":0}},{"type":"Feature","geometry":{"type":"Point","coordinates":[19.433486,51.758246]},"properties":{"name":"Włókniarzy-Karolewska (Dw. Ł. Kaliska)","lines":"8, 13, 16","arr":["8","13","16"],"terminus":0,"mode":"tram","color":"#d6212b","colorDark":"#7c1116","angle":67,"snapDist":1,"label":0}},{"type":"Feature","geometry":{"type":"Point","coordinates":[19.426076,51.768405]},"properties":{"name":"Włókniarzy-Legionów","lines":"8, 13, 16","arr":["8","13","16"],"terminus":0,"mode":"tram","color":"#d6212b","colorDark":"#7c1116","angle":76.7,"snapDist":2,"label":0}},{"type":"Feature","geometry":{"type":"Point","coordinates":[19.421743,51.772286]},"properties":{"name":"Włókniarzy-Srebrzyńska","lines":"8, 13, 16","arr":["8","13","16"],"terminus":0,"mode":"tram","color":"#d6212b","colorDark":"#7c1116","angle":49.9,"snapDist":2,"label":0}},{"type":"Feature","geometry":{"type":"Point","coordinates":[19.421289,51.777442]},"properties":{"name":"Włókniarzy-Długosza","lines":"8, 13, 16","arr":["8","13","16"],"terminus":0,"mode":"tram","color":"#d6212b","colorDark":"#7c1116","angle":95.4,"snapDist":2,"label":0}},{"type":"Feature","geometry":{"type":"Point","coordinates":[19.421287,51.78523]},"properties":{"name":"Włókniarzy-Żubardzka","lines":"8, 13, 16","arr":["8","13","16"],"terminus":0,"mode":"tram","color":"#d6212b","colorDark":"#7c1116","angle":88.6,"snapDist":2,"label":0}},{"type":"Feature","geometry":{"type":"Point","coordinates":[19.421109,51.789399]},"properties":{"name":"Włókniarzy-Lutomierska","lines":"8, 13, 16","arr":["8","13","16"],"terminus":0,"mode":"tram","color":"#d6212b","colorDark":"#7c1116","angle":88.5,"snapDist":3,"label":0}},{"type":"Feature","geometry":{"type":"Point","coordinates":[19.576614,51.733829]},"properties":{"name":"OLECHÓW","lines":"9, 10B","arr":["9","10B"],"terminus":1,"mode":"tram","color":"#d6212b","colorDark":"#7c1116","angle":96.5,"snapDist":31,"label":1}},{"type":"Feature","geometry":{"type":"Point","coordinates":[19.569002,51.733775]},"properties":{"name":"Ofiar Terroryzmu 11 Września-Dell","lines":"9, 10B","arr":["9","10B"],"terminus":0,"mode":"tram","color":"#d6212b","colorDark":"#7c1116","angle":347.4,"snapDist":4,"label":1}},{"type":"Feature","geometry":{"type":"Point","coordinates":[19.56643,51.73701]},"properties":{"name":"Odnowiciela-Hetmańska","lines":"9, 10B","arr":["9","10B"],"terminus":0,"mode":"tram","color":"#d6212b","colorDark":"#7c1116","angle":45.6,"snapDist":0,"label":1}},{"type":"Feature","geometry":{"type":"Point","coordinates":[19.569498,51.740835]},"properties":{"name":"Hetmańska-Zakładowa","lines":"9, 10B","arr":["9","10B"],"terminus":0,"mode":"tram","color":"#d6212b","colorDark":"#7c1116","angle":286.4,"snapDist":2,"label":1}},{"type":"Feature","geometry":{"type":"Point","coordinates":[19.570656,51.743431]},"properties":{"name":"Hetmańska-Dąbrówki","lines":"9, 10B","arr":["9","10B"],"terminus":0,"mode":"tram","color":"#d6212b","colorDark":"#7c1116","angle":106.1,"snapDist":5,"label":1}},{"type":"Feature","geometry":{"type":"Point","coordinates":[19.57252,51.747427]},"properties":{"name":"Hetmańska-Zagłoby","lines":"9, 10B","arr":["9","10B"],"terminus":0,"mode":"tram","color":"#d6212b","colorDark":"#7c1116","angle":106.2,"snapDist":3,"label":1}},{"type":"Feature","geometry":{"type":"Point","coordinates":[19.57477,51.752155]},"properties":{"name":"Hetmańska-Janów","lines":"9, 10B","arr":["9","10B"],"terminus":0,"mode":"tram","color":"#d6212b","colorDark":"#7c1116","angle":106.1,"snapDist":2,"label":1}},{"type":"Feature","geometry":{"type":"Point","coordinates":[19.565928,51.755505]},"properties":{"name":"Rokicińska-Książąt Polskich","lines":"9, 10B","arr":["9","10B"],"terminus":0,"mode":"tram","color":"#d6212b","colorDark":"#7c1116","angle":16.5,"snapDist":1,"label":1}},{"type":"Feature","geometry":{"type":"Point","coordinates":[19.469984,51.771923]},"properties":{"name":"Narutowicza-pl. Dąbrowskiego","lines":"9, 12, O","arr":["9","12","O"],"terminus":0,"mode":"tram","color":"#d6212b","colorDark":"#7c1116","angle":351.2,"snapDist":2,"label":1}},{"type":"Feature","geometry":{"type":"Point","coordinates":[19.47047,51.771931]},"properties":{"name":"Narutowicza-pl. Dąbrowskiego","lines":"9","arr":["9"],"terminus":0,"mode":"tram","color":"#d6212b","colorDark":"#7c1116","angle":171.4,"snapDist":0,"label":0}},{"type":"Feature","geometry":{"type":"Point","coordinates":[19.475988,51.772401]},"properties":{"name":"Narutowicza-Tramwajowa","lines":"9","arr":["9"],"terminus":0,"mode":"tram","color":"#d6212b","colorDark":"#7c1116","angle":171.8,"snapDist":1,"label":0}},{"type":"Feature","geometry":{"type":"Point","coordinates":[19.565979,51.755459]},"properties":{"name":"Rokicińska-Książąt Polskich","lines":"9, 10B","arr":["9","10B"],"terminus":0,"mode":"tram","color":"#d6212b","colorDark":"#7c1116","angle":196.4,"snapDist":5,"label":0}},{"type":"Feature","geometry":{"type":"Point","coordinates":[19.574686,51.752102]},"properties":{"name":"Hetmańska-Janów","lines":"9, 10B","arr":["9","10B"],"terminus":0,"mode":"tram","color":"#d6212b","colorDark":"#7c1116","angle":286.1,"snapDist":3,"label":0}},{"type":"Feature","geometry":{"type":"Point","coordinates":[19.572374,51.747231]},"properties":{"name":"Hetmańska-Zagłoby","lines":"9, 10B","arr":["9","10B"],"terminus":0,"mode":"tram","color":"#d6212b","colorDark":"#7c1116","angle":286.1,"snapDist":7,"label":0}},{"type":"Feature","geometry":{"type":"Point","coordinates":[19.570502,51.743226]},"properties":{"name":"Hetmańska-Dąbrówki","lines":"9, 10B","arr":["9","10B"],"terminus":0,"mode":"tram","color":"#d6212b","colorDark":"#7c1116","angle":286.9,"snapDist":5,"label":0}},{"type":"Feature","geometry":{"type":"Point","coordinates":[19.569025,51.739959]},"properties":{"name":"Hetmańska-Zakładowa","lines":"9, 10B","arr":["9","10B"],"terminus":0,"mode":"tram","color":"#d6212b","colorDark":"#7c1116","angle":286.3,"snapDist":8,"label":0}},{"type":"Feature","geometry":{"type":"Point","coordinates":[19.566681,51.736803]},"properties":{"name":"Odnowiciela-Hetmańska","lines":"9, 10B","arr":["9","10B"],"terminus":0,"mode":"tram","color":"#d6212b","colorDark":"#7c1116","angle":225.8,"snapDist":7,"label":0}},{"type":"Feature","geometry":{"type":"Point","coordinates":[19.56942,51.733805]},"properties":{"name":"Ofiar Terroryzmu 11 Września-Dell","lines":"9, 10B","arr":["9","10B"],"terminus":0,"mode":"tram","color":"#d6212b","colorDark":"#7c1116","angle":167.3,"snapDist":6,"label":0}},{"type":"Feature","geometry":{"type":"Point","coordinates":[19.575718,51.733607]},"properties":{"name":"OLECHÓW","lines":"9, 10B","arr":["9","10B"],"terminus":0,"mode":"tram","color":"#d6212b","colorDark":"#7c1116","angle":244.3,"snapDist":4,"label":0}},{"type":"Feature","geometry":{"type":"Point","coordinates":[19.384544,51.74222]},"properties":{"name":"Retkinia","lines":"10A, 10B, 12, 14","arr":["10A","10B","12","14"],"terminus":1,"mode":"tram","color":"#d6212b","colorDark":"#7c1116","angle":140.7,"snapDist":15,"label":1}},{"type":"Feature","geometry":{"type":"Point","coordinates":[19.392225,51.744444]},"properties":{"name":"Wyszyńskiego-blok 270","lines":"10A, 10B, 12, 14","arr":["10A","10B","12","14"],"terminus":0,"mode":"tram","color":"#d6212b","colorDark":"#7c1116","angle":155.4,"snapDist":4,"label":1}},{"type":"Feature","geometry":{"type":"Point","coordinates":[19.399432,51.746484]},"properties":{"name":"Wyszyńskiego-Armii Krajowej","lines":"10A, 10B, 12, 14","arr":["10A","10B","12","14"],"terminus":0,"mode":"tram","color":"#d6212b","colorDark":"#7c1116","angle":155.4,"snapDist":3,"label":1}},{"type":"Feature","geometry":{"type":"Point","coordinates":[19.405639,51.748038]},"properties":{"name":"Wyszyńskiego-Retkińska","lines":"10A, 10B, 12, 14","arr":["10A","10B","12","14"],"terminus":0,"mode":"tram","color":"#d6212b","colorDark":"#7c1116","angle":175.8,"snapDist":1,"label":1}},{"type":"Feature","geometry":{"type":"Point","coordinates":[19.413347,51.747527]},"properties":{"name":"Wyszyńskiego-os. Piaski","lines":"10A, 10B, 12, 14","arr":["10A","10B","12","14"],"terminus":0,"mode":"tram","color":"#d6212b","colorDark":"#7c1116","angle":186.8,"snapDist":4,"label":1}},{"type":"Feature","geometry":{"type":"Point","coordinates":[19.418305,51.747489]},"properties":{"name":"Wyszyńskiego-Waltera-Janke","lines":"10A, 10B, 12, 14","arr":["10A","10B","12","14"],"terminus":0,"mode":"tram","color":"#d6212b","colorDark":"#7c1116","angle":166.6,"snapDist":4,"label":1}},{"type":"Feature","geometry":{"type":"Point","coordinates":[19.422969,51.749349]},"properties":{"name":"Bratysławska-Wróblewskiego","lines":"10A, 10B, 12, 14","arr":["10A","10B","12","14"],"terminus":0,"mode":"tram","color":"#d6212b","colorDark":"#7c1116","angle":127.1,"snapDist":5,"label":1}},{"type":"Feature","geometry":{"type":"Point","coordinates":[19.425069,51.752009]},"properties":{"name":"Bratysławska-Wileńska","lines":"10A, 10B, 12, 14","arr":["10A","10B","12","14"],"terminus":0,"mode":"tram","color":"#d6212b","colorDark":"#7c1116","angle":115.1,"snapDist":2,"label":1}},{"type":"Feature","geometry":{"type":"Point","coordinates":[19.432851,51.755783]},"properties":{"name":"Bandurskiego-Dw. Łódź Kaliska","lines":"10A, 10B, 12, 14","arr":["10A","10B","12","14"],"terminus":0,"mode":"tram","color":"#d6212b","colorDark":"#7c1116","angle":170.7,"snapDist":4,"label":1}},{"type":"Feature","geometry":{"type":"Point","coordinates":[19.432392,51.755773]},"properties":{"name":"Bandurskiego-Dw. Łódź Kaliska","lines":"10A, 10B, 12, 14","arr":["10A","10B","12","14"],"terminus":0,"mode":"tram","color":"#d6212b","colorDark":"#7c1116","angle":351.4,"snapDist":1,"label":0}},{"type":"Feature","geometry":{"type":"Point","coordinates":[19.425411,51.752522]},"properties":{"name":"Karolewska-Wileńska","lines":"10A, 10B, 12, 14","arr":["10A","10B","12","14"],"terminus":0,"mode":"tram","color":"#d6212b","colorDark":"#7c1116","angle":295.1,"snapDist":5,"label":1}},{"type":"Feature","geometry":{"type":"Point","coordinates":[19.423319,51.749761]},"properties":{"name":"Bratysławska-Wróblewskiego","lines":"10A, 10B, 12, 14","arr":["10A","10B","12","14"],"terminus":0,"mode":"tram","color":"#d6212b","colorDark":"#7c1116","angle":295.3,"snapDist":2,"label":0}},{"type":"Feature","geometry":{"type":"Point","coordinates":[19.4175,51.747405]},"properties":{"name":"Wyszyńskiego-Waltera-Janke","lines":"10A, 10B, 12, 14","arr":["10A","10B","12","14"],"terminus":0,"mode":"tram","color":"#d6212b","colorDark":"#7c1116","angle":346.6,"snapDist":3,"label":0}},{"type":"Feature","geometry":{"type":"Point","coordinates":[19.413861,51.747523]},"properties":{"name":"Wyszyńskiego-os. Piaski","lines":"10A, 10B, 12, 14","arr":["10A","10B","12","14"],"terminus":0,"mode":"tram","color":"#d6212b","colorDark":"#7c1116","angle":6.9,"snapDist":0,"label":0}},{"type":"Feature","geometry":{"type":"Point","coordinates":[19.404964,51.748049]},"properties":{"name":"Wyszyńskiego-Retkińska","lines":"10A, 10B, 12, 14","arr":["10A","10B","12","14"],"terminus":0,"mode":"tram","color":"#d6212b","colorDark":"#7c1116","angle":355.9,"snapDist":3,"label":0}},{"type":"Feature","geometry":{"type":"Point","coordinates":[19.398844,51.746364]},"properties":{"name":"Wyszyńskiego-Armii Krajowej","lines":"10A, 10B, 12, 14","arr":["10A","10B","12","14"],"terminus":0,"mode":"tram","color":"#d6212b","colorDark":"#7c1116","angle":335.5,"snapDist":1,"label":0}},{"type":"Feature","geometry":{"type":"Point","coordinates":[19.392076,51.744448]},"properties":{"name":"Wyszyńskiego-blok 270","lines":"10A, 10B, 12, 14","arr":["10A","10B","12","14"],"terminus":0,"mode":"tram","color":"#d6212b","colorDark":"#7c1116","angle":335.4,"snapDist":3,"label":0}},{"type":"Feature","geometry":{"type":"Point","coordinates":[19.384932,51.742515]},"properties":{"name":"Retkinia","lines":"10A, 10B, 12, 14","arr":["10A","10B","12","14"],"terminus":0,"mode":"tram","color":"#d6212b","colorDark":"#7c1116","angle":346.2,"snapDist":1,"label":0}},{"type":"Feature","geometry":{"type":"Point","coordinates":[19.48838,51.773496]},"properties":{"name":"Narutowicza-Matejki (kampus UŁ)","lines":"12, O","arr":["12","O"],"terminus":0,"mode":"tram","color":"#d6212b","colorDark":"#7c1116","angle":171.8,"snapDist":10,"label":1}},{"type":"Feature","geometry":{"type":"Point","coordinates":[19.494936,51.774201]},"properties":{"name":"Narutowicza-Radiostacja","lines":"12, O","arr":["12","O"],"terminus":0,"mode":"tram","color":"#d6212b","colorDark":"#7c1116","angle":167.9,"snapDist":1,"label":0}},{"type":"Feature","geometry":{"type":"Point","coordinates":[19.497248,51.777371]},"properties":{"name":"Pomorska-Konstytucyjna","lines":"12, 15, 45","arr":["12","15","45"],"terminus":0,"mode":"tram","color":"#d6212b","colorDark":"#7c1116","angle":189.4,"snapDist":3,"label":1}},{"type":"Feature","geometry":{"type":"Point","coordinates":[19.502616,51.777477]},"properties":{"name":"Pomorska-CKD szpital","lines":"12, 15, 45","arr":["12","15","45"],"terminus":0,"mode":"tram","color":"#d6212b","colorDark":"#7c1116","angle":127,"snapDist":1,"label":1}},{"type":"Feature","geometry":{"type":"Point","coordinates":[19.506709,51.781433]},"properties":{"name":"Telefoniczna Zajezdnia","lines":"12, 15, 45","arr":["12","15","45"],"terminus":0,"mode":"tram","color":"#d6212b","colorDark":"#7c1116","angle":96.8,"snapDist":3,"label":0}},{"type":"Feature","geometry":{"type":"Point","coordinates":[19.513228,51.782071]},"properties":{"name":"Telefoniczna-Chmurna","lines":"12","arr":["12"],"terminus":0,"mode":"tram","color":"#d6212b","colorDark":"#7c1116","angle":174,"snapDist":1,"label":1}},{"type":"Feature","geometry":{"type":"Point","coordinates":[19.51984,51.783217]},"properties":{"name":"Telefoniczna-Weselna","lines":"12","arr":["12"],"terminus":0,"mode":"tram","color":"#d6212b","colorDark":"#7c1116","angle":161.3,"snapDist":4,"label":1}},{"type":"Feature","geometry":{"type":"Point","coordinates":[19.525201,51.782991]},"properties":{"name":"Telefoniczna-Pieniny","lines":"12","arr":["12"],"terminus":0,"mode":"tram","color":"#d6212b","colorDark":"#7c1116","angle":189.1,"snapDist":5,"label":1}},{"type":"Feature","geometry":{"type":"Point","coordinates":[19.529367,51.782455]},"properties":{"name":"Stoki","lines":"12","arr":["12"],"terminus":0,"mode":"tram","color":"#d6212b","colorDark":"#7c1116","angle":199,"snapDist":126,"label":0}},{"type":"Feature","geometry":{"type":"Point","coordinates":[19.529407,51.782474]},"properties":{"name":"Stoki","lines":"12","arr":["12"],"terminus":1,"mode":"tram","color":"#d6212b","colorDark":"#7c1116","angle":17.1,"snapDist":20,"label":1}},{"type":"Feature","geometry":{"type":"Point","coordinates":[19.525064,51.783005]},"properties":{"name":"Telefoniczna-Pieniny","lines":"12","arr":["12"],"terminus":0,"mode":"tram","color":"#d6212b","colorDark":"#7c1116","angle":9.1,"snapDist":3,"label":0}},{"type":"Feature","geometry":{"type":"Point","coordinates":[19.519841,51.783245]},"properties":{"name":"Telefoniczna-Weselna","lines":"12","arr":["12"],"terminus":0,"mode":"tram","color":"#d6212b","colorDark":"#7c1116","angle":341.3,"snapDist":9,"label":0}},{"type":"Feature","geometry":{"type":"Point","coordinates":[19.515242,51.782315]},"properties":{"name":"Telefoniczna-Chmurna","lines":"12","arr":["12"],"terminus":0,"mode":"tram","color":"#d6212b","colorDark":"#7c1116","angle":346.2,"snapDist":6,"label":0}},{"type":"Feature","geometry":{"type":"Point","coordinates":[19.506619,51.781637]},"properties":{"name":"Telefoniczna Zajezdnia","lines":"12, 15, 45","arr":["12","15","45"],"terminus":1,"mode":"tram","color":"#d6212b","colorDark":"#7c1116","angle":277,"snapDist":3,"label":1}},{"type":"Feature","geometry":{"type":"Point","coordinates":[19.502362,51.777326]},"properties":{"name":"Pomorska-CKD szpital","lines":"12, 15, 45","arr":["12","15","45"],"terminus":0,"mode":"tram","color":"#d6212b","colorDark":"#7c1116","angle":307.1,"snapDist":4,"label":0}},{"type":"Feature","geometry":{"type":"Point","coordinates":[19.497144,51.777408]},"properties":{"name":"Pomorska-Konstytucyjna","lines":"12, 15, 45","arr":["12","15","45"],"terminus":0,"mode":"tram","color":"#d6212b","colorDark":"#7c1116","angle":9.5,"snapDist":3,"label":0}},{"type":"Feature","geometry":{"type":"Point","coordinates":[19.49481,51.77422]},"properties":{"name":"Narutowicza-Radiostacja","lines":"12","arr":["12"],"terminus":0,"mode":"tram","color":"#d6212b","colorDark":"#7c1116","angle":350,"snapDist":0,"label":0}},{"type":"Feature","geometry":{"type":"Point","coordinates":[19.490063,51.773673]},"properties":{"name":"Narutowicza-Matejki (kampus UŁ)","lines":"12, O","arr":["12","O"],"terminus":0,"mode":"tram","color":"#d6212b","colorDark":"#7c1116","angle":351.8,"snapDist":6,"label":0}},{"type":"Feature","geometry":{"type":"Point","coordinates":[19.483256,51.773067]},"properties":{"name":"Narutowicza-Kopcińskiego","lines":"12, O","arr":["12","O"],"terminus":0,"mode":"tram","color":"#d6212b","colorDark":"#7c1116","angle":352.1,"snapDist":2,"label":0}},{"type":"Feature","geometry":{"type":"Point","coordinates":[19.489112,51.731821]},"properties":{"name":"Niższa-Broniewskiego","lines":"13","arr":["13"],"terminus":0,"mode":"tram","color":"#d6212b","colorDark":"#7c1116","angle":260.1,"snapDist":1,"label":1}},{"type":"Feature","geometry":{"type":"Point","coordinates":[19.490134,51.728935]},"properties":{"name":"Dąbrowa Niższa","lines":"13","arr":["13"],"terminus":0,"mode":"tram","color":"#d6212b","colorDark":"#7c1116","angle":257.5,"snapDist":2,"label":0}},{"type":"Feature","geometry":{"type":"Point","coordinates":[19.490094,51.729047]},"properties":{"name":"Dąbrowa Niższa","lines":"13","arr":["13"],"terminus":1,"mode":"tram","color":"#d6212b","colorDark":"#7c1116","angle":77.5,"snapDist":7,"label":1}},{"type":"Feature","geometry":{"type":"Point","coordinates":[19.488934,51.73353]},"properties":{"name":"Śmigłego Rydza-Broniewskiego","lines":"13","arr":["13"],"terminus":0,"mode":"tram","color":"#d6212b","colorDark":"#7c1116","angle":90.8,"snapDist":3,"label":1}},{"type":"Feature","geometry":{"type":"Point","coordinates":[19.488887,51.737033]},"properties":{"name":"Śmigłego Rydza-Dąbrowskiego","lines":"13","arr":["13"],"terminus":0,"mode":"tram","color":"#d6212b","colorDark":"#7c1116","angle":95.1,"snapDist":4,"label":0}},{"type":"Feature","geometry":{"type":"Point","coordinates":[19.452762,51.736079]},"properties":{"name":"Politechniki-Obywatelska","lines":"15, 16","arr":["15","16"],"terminus":0,"mode":"tram","color":"#d6212b","colorDark":"#7c1116","angle":89.3,"snapDist":5,"label":1}},{"type":"Feature","geometry":{"type":"Point","coordinates":[19.452347,51.739615]},"properties":{"name":"Politechniki-Skrzywana","lines":"15, 16","arr":["15","16"],"terminus":0,"mode":"tram","color":"#d6212b","colorDark":"#7c1116","angle":81.6,"snapDist":4,"label":1}},{"type":"Feature","geometry":{"type":"Point","coordinates":[19.451342,51.744014]},"properties":{"name":"Politechniki-Wróblewskiego (kampus PŁ)","lines":"15, 16","arr":["15","16"],"terminus":0,"mode":"tram","color":"#d6212b","colorDark":"#7c1116","angle":80.3,"snapDist":4,"label":1}},{"type":"Feature","geometry":{"type":"Point","coordinates":[19.450014,51.749948]},"properties":{"name":"Politechniki-Targi Łódzkie","lines":"15, 16","arr":["15","16"],"terminus":0,"mode":"tram","color":"#d6212b","colorDark":"#7c1116","angle":82.1,"snapDist":2,"label":1}},{"type":"Feature","geometry":{"type":"Point","coordinates":[19.449651,51.751566]},"properties":{"name":"Politechniki-Radwańska (kampus PŁ)","lines":"15, 16","arr":["15","16"],"terminus":0,"mode":"tram","color":"#d6212b","colorDark":"#7c1116","angle":82.5,"snapDist":3,"label":1}},{"type":"Feature","geometry":{"type":"Point","coordinates":[19.448534,51.757338]},"properties":{"name":"Żeromskiego-Mickiewicza","lines":"15, 16","arr":["15","16"],"terminus":0,"mode":"tram","color":"#d6212b","colorDark":"#7c1116","angle":86.6,"snapDist":3,"label":1}},{"type":"Feature","geometry":{"type":"Point","coordinates":[19.447625,51.761565]},"properties":{"name":"Żeromskiego-Kopernika","lines":"15, 16","arr":["15","16"],"terminus":0,"mode":"tram","color":"#d6212b","colorDark":"#7c1116","angle":82.2,"snapDist":4,"label":1}},{"type":"Feature","geometry":{"type":"Point","coordinates":[19.450242,51.763984]},"properties":{"name":"Gdańska-Struga","lines":"15","arr":["15"],"terminus":0,"mode":"tram","color":"#d6212b","colorDark":"#7c1116","angle":82.4,"snapDist":5,"label":1}},{"type":"Feature","geometry":{"type":"Point","coordinates":[19.449067,51.769555]},"properties":{"name":"Gdańska-Zielona","lines":"15","arr":["15"],"terminus":0,"mode":"tram","color":"#d6212b","colorDark":"#7c1116","angle":82.4,"snapDist":4,"label":1}},{"type":"Feature","geometry":{"type":"Point","coordinates":[19.44836,51.772865]},"properties":{"name":"Gdańska-1 Maja","lines":"15","arr":["15"],"terminus":0,"mode":"tram","color":"#d6212b","colorDark":"#7c1116","angle":82.6,"snapDist":4,"label":1}},{"type":"Feature","geometry":{"type":"Point","coordinates":[19.447718,51.775798]},"properties":{"name":"Gdańska-Legionów","lines":"15","arr":["15"],"terminus":0,"mode":"tram","color":"#d6212b","colorDark":"#7c1116","angle":82.9,"snapDist":2,"label":1}},{"type":"Feature","geometry":{"type":"Point","coordinates":[19.468391,51.777961]},"properties":{"name":"Pomorska-Sterlinga","lines":"15, 45","arr":["15","45"],"terminus":0,"mode":"tram","color":"#d6212b","colorDark":"#7c1116","angle":172.2,"snapDist":5,"label":1}},{"type":"Feature","geometry":{"type":"Point","coordinates":[19.474467,51.778483]},"properties":{"name":"Pomorska-Kamińskiego","lines":"15, 45","arr":["15","45"],"terminus":0,"mode":"tram","color":"#d6212b","colorDark":"#7c1116","angle":171.9,"snapDist":2,"label":1}},{"type":"Feature","geometry":{"type":"Point","coordinates":[19.477087,51.778704]},"properties":{"name":"Pomorska-Wierzbowa","lines":"15, 45","arr":["15","45"],"terminus":0,"mode":"tram","color":"#d6212b","colorDark":"#7c1116","angle":172.2,"snapDist":2,"label":1}},{"type":"Feature","geometry":{"type":"Point","coordinates":[19.482987,51.778858]},"properties":{"name":"Pomorska-rondo Solidarności","lines":"15, 45","arr":["15","45"],"terminus":0,"mode":"tram","color":"#d6212b","colorDark":"#7c1116","angle":189.4,"snapDist":3,"label":1}},{"type":"Feature","geometry":{"type":"Point","coordinates":[19.485044,51.778641]},"properties":{"name":"Pomorska-Matejki","lines":"15, 45","arr":["15","45"],"terminus":0,"mode":"tram","color":"#d6212b","colorDark":"#7c1116","angle":189.9,"snapDist":6,"label":1}},{"type":"Feature","geometry":{"type":"Point","coordinates":[19.489098,51.778205]},"properties":{"name":"Pomorska-Tamka","lines":"15, 45","arr":["15","45"],"terminus":0,"mode":"tram","color":"#d6212b","colorDark":"#7c1116","angle":189.8,"snapDist":7,"label":1}},{"type":"Feature","geometry":{"type":"Point","coordinates":[19.494982,51.777581]},"properties":{"name":"Pomorska-Lumumby (kampus UŁ)","lines":"15, 45","arr":["15","45"],"terminus":0,"mode":"tram","color":"#d6212b","colorDark":"#7c1116","angle":182.6,"snapDist":2,"label":1}},{"type":"Feature","geometry":{"type":"Point","coordinates":[19.494939,51.777608]},"properties":{"name":"Pomorska-Lumumby (kampus UŁ)","lines":"15, 45","arr":["15","45"],"terminus":0,"mode":"tram","color":"#d6212b","colorDark":"#7c1116","angle":2.4,"snapDist":1,"label":0}},{"type":"Feature","geometry":{"type":"Point","coordinates":[19.490256,51.77811]},"properties":{"name":"Pomorska-Tamka","lines":"15, 45","arr":["15","45"],"terminus":0,"mode":"tram","color":"#d6212b","colorDark":"#7c1116","angle":9.5,"snapDist":6,"label":0}},{"type":"Feature","geometry":{"type":"Point","coordinates":[19.486702,51.77849]},"properties":{"name":"Pomorska-Matejki","lines":"15, 45","arr":["15","45"],"terminus":0,"mode":"tram","color":"#d6212b","colorDark":"#7c1116","angle":9.8,"snapDist":3,"label":0}},{"type":"Feature","geometry":{"type":"Point","coordinates":[19.480087,51.778983]},"properties":{"name":"Pomorska-Rondo Solidarności","lines":"15, 45","arr":["15","45"],"terminus":0,"mode":"tram","color":"#d6212b","colorDark":"#7c1116","angle":352.3,"snapDist":1,"label":1}},{"type":"Feature","geometry":{"type":"Point","coordinates":[19.4752,51.778572]},"properties":{"name":"Pomorska-Kamińskiego","lines":"15, 45","arr":["15","45"],"terminus":0,"mode":"tram","color":"#d6212b","colorDark":"#7c1116","angle":352.3,"snapDist":0,"label":0}},{"type":"Feature","geometry":{"type":"Point","coordinates":[19.469164,51.778054]},"properties":{"name":"Pomorska-Sterlinga","lines":"15, 45","arr":["15","45"],"terminus":0,"mode":"tram","color":"#d6212b","colorDark":"#7c1116","angle":352.1,"snapDist":2,"label":0}},{"type":"Feature","geometry":{"type":"Point","coordinates":[19.462539,51.777482]},"properties":{"name":"Pomorska-Kilińskiego","lines":"15, 45","arr":["15","45"],"terminus":0,"mode":"tram","color":"#d6212b","colorDark":"#7c1116","angle":351.9,"snapDist":4,"label":1}},{"type":"Feature","geometry":{"type":"Point","coordinates":[19.448222,51.773327]},"properties":{"name":"Gdańska-1 Maja","lines":"15","arr":["15"],"terminus":0,"mode":"tram","color":"#d6212b","colorDark":"#7c1116","angle":262.6,"snapDist":6,"label":0}},{"type":"Feature","geometry":{"type":"Point","coordinates":[19.448883,51.770209]},"properties":{"name":"Gdańska-Zielona","lines":"15","arr":["15"],"terminus":0,"mode":"tram","color":"#d6212b","colorDark":"#7c1116","angle":262.3,"snapDist":0,"label":0}},{"type":"Feature","geometry":{"type":"Point","coordinates":[19.449965,51.765167]},"properties":{"name":"Gdańska-Struga","lines":"15","arr":["15"],"terminus":0,"mode":"tram","color":"#d6212b","colorDark":"#7c1116","angle":263.8,"snapDist":7,"label":0}},{"type":"Feature","geometry":{"type":"Point","coordinates":[19.448124,51.762216]},"properties":{"name":"Kopernika-Żeromskiego","lines":"15","arr":["15"],"terminus":0,"mode":"tram","color":"#d6212b","colorDark":"#7c1116","angle":334.4,"snapDist":5,"label":1}},{"type":"Feature","geometry":{"type":"Point","coordinates":[19.448308,51.758559]},"properties":{"name":"Żeromskiego-Mickiewicza","lines":"15, 16","arr":["15","16"],"terminus":0,"mode":"tram","color":"#d6212b","colorDark":"#7c1116","angle":261.3,"snapDist":7,"label":0}},{"type":"Feature","geometry":{"type":"Point","coordinates":[19.449466,51.752205]},"properties":{"name":"Żeromskiego-Radwańska (kampus PŁ)","lines":"15, 16","arr":["15","16"],"terminus":0,"mode":"tram","color":"#d6212b","colorDark":"#7c1116","angle":262.9,"snapDist":5,"label":1}},{"type":"Feature","geometry":{"type":"Point","coordinates":[19.450174,51.748982]},"properties":{"name":"Politechniki-Targi Łódzkie","lines":"15, 16","arr":["15","16"],"terminus":0,"mode":"tram","color":"#d6212b","colorDark":"#7c1116","angle":262.1,"snapDist":2,"label":0}},{"type":"Feature","geometry":{"type":"Point","coordinates":[19.451138,51.744716]},"properties":{"name":"Politechniki-Wróblewskiego (kampus PŁ)","lines":"15, 16","arr":["15","16"],"terminus":0,"mode":"tram","color":"#d6212b","colorDark":"#7c1116","angle":262.5,"snapDist":5,"label":0}},{"type":"Feature","geometry":{"type":"Point","coordinates":[19.452368,51.739305]},"properties":{"name":"Politechniki-Skrzywana","lines":"15, 16","arr":["15","16"],"terminus":0,"mode":"tram","color":"#d6212b","colorDark":"#7c1116","angle":261.6,"snapDist":4,"label":0}},{"type":"Feature","geometry":{"type":"Point","coordinates":[19.452692,51.736621]},"properties":{"name":"Politechniki-Obywatelska","lines":"15, 16","arr":["15","16"],"terminus":0,"mode":"tram","color":"#d6212b","colorDark":"#7c1116","angle":269,"snapDist":6,"label":0}},{"type":"Feature","geometry":{"type":"Point","coordinates":[19.452792,51.732291]},"properties":{"name":"Politechniki-Rondo Lotników Lwowskich","lines":"15, 16","arr":["15","16"],"terminus":0,"mode":"tram","color":"#d6212b","colorDark":"#7c1116","angle":269.2,"snapDist":6,"label":1}},{"type":"Feature","geometry":{"type":"Point","coordinates":[19.413334,51.700714]},"properties":{"name":"Chocianowice IKEA","lines":"16, Z2","arr":["16","Z2"],"terminus":1,"mode":"tram","color":"#d6212b","colorDark":"#7c1116","angle":315.7,"snapDist":5,"label":1}},{"type":"Feature","geometry":{"type":"Point","coordinates":[19.415764,51.701313]},"properties":{"name":"Pabianicka-Mierzejowa","lines":"16, 41, Z2","arr":["16","41","Z2"],"terminus":0,"mode":"tram","color":"#d6212b","colorDark":"#7c1116","angle":128.5,"snapDist":4,"label":1}},{"type":"Feature","geometry":{"type":"Point","coordinates":[19.418039,51.703085]},"properties":{"name":"Pabianicka-Długa","lines":"16, 41, Z2","arr":["16","41","Z2"],"terminus":0,"mode":"tram","color":"#d6212b","colorDark":"#7c1116","angle":128.9,"snapDist":3,"label":1}},{"type":"Feature","geometry":{"type":"Point","coordinates":[19.421955,51.706088]},"properties":{"name":"Pabianicka-Chocianowicka","lines":"16, 41, Z2","arr":["16","41","Z2"],"terminus":0,"mode":"tram","color":"#d6212b","colorDark":"#7c1116","angle":129.4,"snapDist":1,"label":1}},{"type":"Feature","geometry":{"type":"Point","coordinates":[19.429001,51.711633]},"properties":{"name":"Pabianicka-Rudzka","lines":"16, 41, Z2","arr":["16","41","Z2"],"terminus":0,"mode":"tram","color":"#d6212b","colorDark":"#7c1116","angle":126.8,"snapDist":4,"label":1}},{"type":"Feature","geometry":{"type":"Point","coordinates":[19.43386,51.715619]},"properties":{"name":"Pabianicka-Dubois","lines":"16, 41, Z2","arr":["16","41","Z2"],"terminus":0,"mode":"tram","color":"#d6212b","colorDark":"#7c1116","angle":126.9,"snapDist":2,"label":1}},{"type":"Feature","geometry":{"type":"Point","coordinates":[19.437639,51.718723]},"properties":{"name":"Pabianicka-3 Maja","lines":"16, 41, Z2","arr":["16","41","Z2"],"terminus":0,"mode":"tram","color":"#d6212b","colorDark":"#7c1116","angle":125.5,"snapDist":4,"label":1}},{"type":"Feature","geometry":{"type":"Point","coordinates":[19.442957,51.72308]},"properties":{"name":"Pabianicka-Prądzyńskiego","lines":"16, 41, Z2","arr":["16","41","Z2"],"terminus":0,"mode":"tram","color":"#d6212b","colorDark":"#7c1116","angle":127.1,"snapDist":4,"label":1}},{"type":"Feature","geometry":{"type":"Point","coordinates":[19.448487,51.72757]},"properties":{"name":"Pabianicka-Jana Pawła II","lines":"16, 41, Z2","arr":["16","41","Z2"],"terminus":0,"mode":"tram","color":"#d6212b","colorDark":"#7c1116","angle":127.3,"snapDist":4,"label":1}},{"type":"Feature","geometry":{"type":"Point","coordinates":[19.45236,51.730683]},"properties":{"name":"Pabianicka-Rondo Lotników Lwowskich","lines":"16, 41, Z2","arr":["16","41","Z2"],"terminus":0,"mode":"tram","color":"#d6212b","colorDark":"#7c1116","angle":132.8,"snapDist":4,"label":0}},{"type":"Feature","geometry":{"type":"Point","coordinates":[19.443205,51.760297]},"properties":{"name":"Kopernika-Łąkowa","lines":"16","arr":["16"],"terminus":0,"mode":"tram","color":"#d6212b","colorDark":"#7c1116","angle":326.8,"snapDist":3,"label":1}},{"type":"Feature","geometry":{"type":"Point","coordinates":[19.438347,51.758432]},"properties":{"name":"Kopernika-Tobaco Park","lines":"16","arr":["16"],"terminus":0,"mode":"tram","color":"#d6212b","colorDark":"#7c1116","angle":330.6,"snapDist":2,"label":1}},{"type":"Feature","geometry":{"type":"Point","coordinates":[19.408648,51.793993]},"properties":{"name":"Dw. Łódź Żabieniec","lines":"16, Z1","arr":["16","Z1"],"terminus":1,"mode":"tram","color":"#d6212b","colorDark":"#7c1116","angle":160.1,"snapDist":18,"label":1}},{"type":"Feature","geometry":{"type":"Point","coordinates":[19.437359,51.758055]},"properties":{"name":"Kopernika-Tobaco Park","lines":"16","arr":["16"],"terminus":0,"mode":"tram","color":"#d6212b","colorDark":"#7c1116","angle":150.7,"snapDist":6,"label":0}},{"type":"Feature","geometry":{"type":"Point","coordinates":[19.442187,51.759851]},"properties":{"name":"Kopernika-Łąkowa","lines":"16","arr":["16"],"terminus":0,"mode":"tram","color":"#d6212b","colorDark":"#7c1116","angle":146.9,"snapDist":5,"label":0}},{"type":"Feature","geometry":{"type":"Point","coordinates":[19.44693,51.761759]},"properties":{"name":"Kopernika-Żeromskiego","lines":"16","arr":["16"],"terminus":0,"mode":"tram","color":"#d6212b","colorDark":"#7c1116","angle":147.2,"snapDist":4,"label":0}},{"type":"Feature","geometry":{"type":"Point","coordinates":[19.448144,51.727359]},"properties":{"name":"Pabianicka-Jana Pawła II","lines":"16, 41, Z2","arr":["16","41","Z2"],"terminus":0,"mode":"tram","color":"#d6212b","colorDark":"#7c1116","angle":306.4,"snapDist":2,"label":0}},{"type":"Feature","geometry":{"type":"Point","coordinates":[19.442718,51.722968]},"properties":{"name":"Pabianicka-Prądzyńskiego","lines":"16, 41, Z2","arr":["16","41","Z2"],"terminus":0,"mode":"tram","color":"#d6212b","colorDark":"#7c1116","angle":307.2,"snapDist":4,"label":0}},{"type":"Feature","geometry":{"type":"Point","coordinates":[19.437393,51.7186]},"properties":{"name":"Pabianicka-3 Maja","lines":"16, 41, Z2","arr":["16","41","Z2"],"terminus":0,"mode":"tram","color":"#d6212b","colorDark":"#7c1116","angle":307.1,"snapDist":4,"label":0}},{"type":"Feature","geometry":{"type":"Point","coordinates":[19.433639,51.715517]},"properties":{"name":"Pabianicka-Dubois","lines":"16, 41, Z2","arr":["16","41","Z2"],"terminus":0,"mode":"tram","color":"#d6212b","colorDark":"#7c1116","angle":307,"snapDist":2,"label":0}},{"type":"Feature","geometry":{"type":"Point","coordinates":[19.428806,51.711528]},"properties":{"name":"Pabianicka-Rudzka","lines":"16, 41, Z2","arr":["16","41","Z2"],"terminus":0,"mode":"tram","color":"#d6212b","colorDark":"#7c1116","angle":306.9,"snapDist":2,"label":0}},{"type":"Feature","geometry":{"type":"Point","coordinates":[19.42187,51.70608]},"properties":{"name":"Pabianicka-Chocianowicka","lines":"16, 41, Z2","arr":["16","41","Z2"],"terminus":0,"mode":"tram","color":"#d6212b","colorDark":"#7c1116","angle":309.3,"snapDist":4,"label":0}},{"type":"Feature","geometry":{"type":"Point","coordinates":[19.417844,51.702989]},"properties":{"name":"Pabianicka-Długa","lines":"16, 41, Z2","arr":["16","41","Z2"],"terminus":0,"mode":"tram","color":"#d6212b","colorDark":"#7c1116","angle":308.4,"snapDist":4,"label":0}},{"type":"Feature","geometry":{"type":"Point","coordinates":[19.415589,51.701231]},"properties":{"name":"Pabianicka-Mierzejowa","lines":"16, 41, Z2","arr":["16","41","Z2"],"terminus":0,"mode":"tram","color":"#d6212b","colorDark":"#7c1116","angle":308.3,"snapDist":3,"label":0}},{"type":"Feature","geometry":{"type":"Point","coordinates":[19.323228,51.658467]},"properties":{"name":"Łaska -Wiejska (Pabianice)","lines":"41","arr":["41"],"terminus":1,"mode":"tram","color":"#d6212b","colorDark":"#7c1116","angle":104.9,"snapDist":1,"label":1}},{"type":"Feature","geometry":{"type":"Point","coordinates":[19.325274,51.659675]},"properties":{"name":"Łaska -Szarych Szeregów (Pab.)","lines":"41","arr":["41"],"terminus":0,"mode":"tram","color":"#d6212b","colorDark":"#7c1116","angle":147.4,"snapDist":2,"label":1}},{"type":"Feature","geometry":{"type":"Point","coordinates":[19.332042,51.662348]},"properties":{"name":"Łaska -Tkacka (Pabianice)","lines":"41","arr":["41"],"terminus":0,"mode":"tram","color":"#d6212b","colorDark":"#7c1116","angle":147.4,"snapDist":0,"label":1}},{"type":"Feature","geometry":{"type":"Point","coordinates":[19.337105,51.664384]},"properties":{"name":"Łaska -Mielczarskiego (Pab.)","lines":"41","arr":["41"],"terminus":0,"mode":"tram","color":"#d6212b","colorDark":"#7c1116","angle":147.3,"snapDist":1,"label":1}},{"type":"Feature","geometry":{"type":"Point","coordinates":[19.34176,51.664874]},"properties":{"name":"Zamkowa-Konopnickiej (Pabianice)","lines":"41","arr":["41"],"terminus":0,"mode":"tram","color":"#d6212b","colorDark":"#7c1116","angle":184.1,"snapDist":0,"label":1}},{"type":"Feature","geometry":{"type":"Point","coordinates":[19.345773,51.664693]},"properties":{"name":"Zamkowa-Wyspiańskiego (Pabianice)","lines":"41","arr":["41"],"terminus":0,"mode":"tram","color":"#d6212b","colorDark":"#7c1116","angle":184.1,"snapDist":3,"label":1}},{"type":"Feature","geometry":{"type":"Point","coordinates":[19.351473,51.664436]},"properties":{"name":"Zamkowa-Narutowicza (Pabianice)","lines":"41","arr":["41"],"terminus":0,"mode":"tram","color":"#d6212b","colorDark":"#7c1116","angle":184.3,"snapDist":3,"label":1}},{"type":"Feature","geometry":{"type":"Point","coordinates":[19.35515,51.664269]},"properties":{"name":"Zamkowa-Kilińskiego (Pabianice)","lines":"41","arr":["41"],"terminus":0,"mode":"tram","color":"#d6212b","colorDark":"#7c1116","angle":183.9,"snapDist":0,"label":1}},{"type":"Feature","geometry":{"type":"Point","coordinates":[19.36086,51.663882]},"properties":{"name":"Zamkowa-kościół św. Mateusza (Pab.)","lines":"41","arr":["41"],"terminus":0,"mode":"tram","color":"#d6212b","colorDark":"#7c1116","angle":179,"snapDist":1,"label":1}},{"type":"Feature","geometry":{"type":"Point","coordinates":[19.364611,51.663884]},"properties":{"name":"Warszawska-Poprzeczna (Pabianice)","lines":"41","arr":["41"],"terminus":0,"mode":"tram","color":"#d6212b","colorDark":"#7c1116","angle":181.2,"snapDist":3,"label":1}},{"type":"Feature","geometry":{"type":"Point","coordinates":[19.37029,51.66386]},"properties":{"name":"Warszawska-3 Maja (Pabianice)","lines":"41","arr":["41"],"terminus":0,"mode":"tram","color":"#d6212b","colorDark":"#7c1116","angle":182.6,"snapDist":0,"label":1}},{"type":"Feature","geometry":{"type":"Point","coordinates":[19.37549,51.663747]},"properties":{"name":"Warszawska-Nawrockiego (Pabianice)","lines":"41","arr":["41"],"terminus":0,"mode":"tram","color":"#d6212b","colorDark":"#7c1116","angle":182.6,"snapDist":1,"label":1}},{"type":"Feature","geometry":{"type":"Point","coordinates":[19.386273,51.66347]},"properties":{"name":"Warszawska-Tkaniny Techniczne (Pab.)","lines":"41","arr":["41"],"terminus":0,"mode":"tram","color":"#d6212b","colorDark":"#7c1116","angle":182.6,"snapDist":4,"label":1}},{"type":"Feature","geometry":{"type":"Point","coordinates":[19.393116,51.664236]},"properties":{"name":"Warszawska-Duży Skręt (Pabianice)","lines":"41","arr":["41"],"terminus":0,"mode":"tram","color":"#d6212b","colorDark":"#7c1116","angle":110.3,"snapDist":2,"label":1}},{"type":"Feature","geometry":{"type":"Point","coordinates":[19.396067,51.669993]},"properties":{"name":"Dąbrowa (Pabianice)","lines":"41","arr":["41"],"terminus":0,"mode":"tram","color":"#d6212b","colorDark":"#7c1116","angle":107.8,"snapDist":5,"label":1}},{"type":"Feature","geometry":{"type":"Point","coordinates":[19.399354,51.676273]},"properties":{"name":"Łódzka-Teklin","lines":"41","arr":["41"],"terminus":0,"mode":"tram","color":"#d6212b","colorDark":"#7c1116","angle":107.8,"snapDist":5,"label":1}},{"type":"Feature","geometry":{"type":"Point","coordinates":[19.402583,51.682536]},"properties":{"name":"Łódzka-Widzew-Żdżary","lines":"41","arr":["41"],"terminus":0,"mode":"tram","color":"#d6212b","colorDark":"#7c1116","angle":108,"snapDist":2,"label":1}},{"type":"Feature","geometry":{"type":"Point","coordinates":[19.405844,51.688777]},"properties":{"name":"Łódzka-Ksawerów","lines":"41","arr":["41"],"terminus":0,"mode":"tram","color":"#d6212b","colorDark":"#7c1116","angle":107.9,"snapDist":3,"label":1}},{"type":"Feature","geometry":{"type":"Point","coordinates":[19.409053,51.694889]},"properties":{"name":"Łódzka-Mały Skręt","lines":"41","arr":["41"],"terminus":0,"mode":"tram","color":"#d6212b","colorDark":"#7c1116","angle":107.8,"snapDist":3,"label":1}},{"type":"Feature","geometry":{"type":"Point","coordinates":[19.464974,51.740333]},"properties":{"name":"pl. Niepodległości","lines":"41","arr":["41"],"terminus":1,"mode":"tram","color":"#d6212b","colorDark":"#7c1116","angle":-145,"snapDist":20,"label":1}},{"type":"Feature","geometry":{"type":"Point","coordinates":[19.409022,51.694942]},"properties":{"name":"Łódzka-Mały Skręt","lines":"41","arr":["41"],"terminus":0,"mode":"tram","color":"#d6212b","colorDark":"#7c1116","angle":287.8,"snapDist":3,"label":0}},{"type":"Feature","geometry":{"type":"Point","coordinates":[19.406314,51.689631]},"properties":{"name":"Łódzka-Ksawerów","lines":"41","arr":["41"],"terminus":0,"mode":"tram","color":"#d6212b","colorDark":"#7c1116","angle":287.9,"snapDist":0,"label":0}},{"type":"Feature","geometry":{"type":"Point","coordinates":[19.402848,51.683054]},"properties":{"name":"Łódzka-Widzew-Żdżary","lines":"41","arr":["41"],"terminus":0,"mode":"tram","color":"#d6212b","colorDark":"#7c1116","angle":288,"snapDist":2,"label":0}},{"type":"Feature","geometry":{"type":"Point","coordinates":[19.399593,51.676733]},"properties":{"name":"Łódzka-Teklin","lines":"41","arr":["41"],"terminus":0,"mode":"tram","color":"#d6212b","colorDark":"#7c1116","angle":287.8,"snapDist":1,"label":0}},{"type":"Feature","geometry":{"type":"Point","coordinates":[19.396,51.669864]},"properties":{"name":"Dąbrowa (Pabianice)","lines":"41","arr":["41"],"terminus":0,"mode":"tram","color":"#d6212b","colorDark":"#7c1116","angle":287.8,"snapDist":2,"label":0}},{"type":"Feature","geometry":{"type":"Point","coordinates":[19.392896,51.663913]},"properties":{"name":"Warszawska-Duży Skręt (Pabianice)","lines":"41","arr":["41"],"terminus":0,"mode":"tram","color":"#d6212b","colorDark":"#7c1116","angle":293.3,"snapDist":2,"label":0}},{"type":"Feature","geometry":{"type":"Point","coordinates":[19.386157,51.663473]},"properties":{"name":"Warszawska-Tkaniny Techniczne (Pab.)","lines":"41","arr":["41"],"terminus":0,"mode":"tram","color":"#d6212b","colorDark":"#7c1116","angle":2.6,"snapDist":4,"label":0}},{"type":"Feature","geometry":{"type":"Point","coordinates":[19.375909,51.663778]},"properties":{"name":"Warszawska-Sikorskiego (Pabianice)","lines":"41","arr":["41"],"terminus":0,"mode":"tram","color":"#d6212b","colorDark":"#7c1116","angle":2.6,"snapDist":1,"label":1}},{"type":"Feature","geometry":{"type":"Point","coordinates":[19.37013,51.663907]},"properties":{"name":"Warszawska-Kapliczna (Pabianice)","lines":"41","arr":["41"],"terminus":0,"mode":"tram","color":"#d6212b","colorDark":"#7c1116","angle":2.6,"snapDist":0,"label":1}},{"type":"Feature","geometry":{"type":"Point","coordinates":[19.364949,51.663922]},"properties":{"name":"Warszawska-Poprzeczna (Pabianice)","lines":"41","arr":["41"],"terminus":0,"mode":"tram","color":"#d6212b","colorDark":"#7c1116","angle":1.2,"snapDist":4,"label":0}},{"type":"Feature","geometry":{"type":"Point","coordinates":[19.360671,51.663924]},"properties":{"name":"Zamkowa-Zamek (Pabianice)","lines":"41","arr":["41"],"terminus":0,"mode":"tram","color":"#d6212b","colorDark":"#7c1116","angle":359.2,"snapDist":4,"label":1}},{"type":"Feature","geometry":{"type":"Point","coordinates":[19.35413,51.66436]},"properties":{"name":"Zamkowa-św. Jana (Pabianice)","lines":"41","arr":["41"],"terminus":0,"mode":"tram","color":"#d6212b","colorDark":"#7c1116","angle":4.6,"snapDist":0,"label":1}},{"type":"Feature","geometry":{"type":"Point","coordinates":[19.351468,51.664479]},"properties":{"name":"Zamkowa-Traugutta (Pabianice)","lines":"41","arr":["41"],"terminus":0,"mode":"tram","color":"#d6212b","colorDark":"#7c1116","angle":4.2,"snapDist":2,"label":1}},{"type":"Feature","geometry":{"type":"Point","coordinates":[19.34573,51.664738]},"properties":{"name":"Zamkowa-Lutomierska (Pabianice)","lines":"41","arr":["41"],"terminus":0,"mode":"tram","color":"#d6212b","colorDark":"#7c1116","angle":4.1,"snapDist":0,"label":1}},{"type":"Feature","geometry":{"type":"Point","coordinates":[19.34057,51.66497]},"properties":{"name":"Zamkowa-Staszewskiego (Pab.)","lines":"41","arr":["41"],"terminus":0,"mode":"tram","color":"#d6212b","colorDark":"#7c1116","angle":4.1,"snapDist":0,"label":1}},{"type":"Feature","geometry":{"type":"Point","coordinates":[19.33717,51.66441]},"properties":{"name":"Łaska -Mielczarskiego (Pab.)","lines":"41","arr":["41"],"terminus":0,"mode":"tram","color":"#d6212b","colorDark":"#7c1116","angle":327.3,"snapDist":0,"label":0}},{"type":"Feature","geometry":{"type":"Point","coordinates":[19.332035,51.662346]},"properties":{"name":"Łaska -Tkacka (Pabianice)","lines":"41","arr":["41"],"terminus":0,"mode":"tram","color":"#d6212b","colorDark":"#7c1116","angle":327.4,"snapDist":1,"label":0}},{"type":"Feature","geometry":{"type":"Point","coordinates":[19.326858,51.660303]},"properties":{"name":"Łaska -Szarych Szeregów (Pab.)","lines":"41","arr":["41"],"terminus":0,"mode":"tram","color":"#d6212b","colorDark":"#7c1116","angle":327.4,"snapDist":2,"label":0}},{"type":"Feature","geometry":{"type":"Point","coordinates":[19.422701,51.834628]},"properties":{"name":"Łódzka-Chełmy (Zgierz)","lines":"45","arr":["45"],"terminus":0,"mode":"tram","color":"#d6212b","colorDark":"#7c1116","angle":69.4,"snapDist":1,"label":1}},{"type":"Feature","geometry":{"type":"Point","coordinates":[19.420232,51.838473]},"properties":{"name":"Łódzka-Adelmówek (Zgierz)","lines":"45","arr":["45"],"terminus":0,"mode":"tram","color":"#d6212b","colorDark":"#7c1116","angle":60.2,"snapDist":4,"label":1}},{"type":"Feature","geometry":{"type":"Point","coordinates":[19.412839,51.846452]},"properties":{"name":"Łódzka-Kurak (Zgierz)","lines":"45","arr":["45"],"terminus":0,"mode":"tram","color":"#d6212b","colorDark":"#7c1116","angle":60.1,"snapDist":4,"label":1}},{"type":"Feature","geometry":{"type":"Point","coordinates":[19.415243,51.851645]},"properties":{"name":"1 Maja-3 Maja (Zgierz)","lines":"45","arr":["45"],"terminus":0,"mode":"tram","color":"#d6212b","colorDark":"#7c1116","angle":103.6,"snapDist":3,"label":1}},{"type":"Feature","geometry":{"type":"Point","coordinates":[19.415915,51.854644]},"properties":{"name":"pl. Kilińskiego (Zgierz)","lines":"45","arr":["45"],"terminus":1,"mode":"tram","color":"#d6212b","colorDark":"#7c1116","angle":142.9,"snapDist":16,"label":1}},{"type":"Feature","geometry":{"type":"Point","coordinates":[19.415238,51.851632]},"properties":{"name":"1 Maja-3 Maja (Zgierz)","lines":"45","arr":["45"],"terminus":0,"mode":"tram","color":"#d6212b","colorDark":"#7c1116","angle":283.6,"snapDist":8,"label":0}},{"type":"Feature","geometry":{"type":"Point","coordinates":[19.412996,51.846228]},"properties":{"name":"Łódzka-Kurak (Zgierz)","lines":"45","arr":["45"],"terminus":0,"mode":"tram","color":"#d6212b","colorDark":"#7c1116","angle":240.1,"snapDist":0,"label":0}},{"type":"Feature","geometry":{"type":"Point","coordinates":[19.420319,51.838309]},"properties":{"name":"Łódzka-Adelmówek (Zgierz)","lines":"45","arr":["45"],"terminus":0,"mode":"tram","color":"#d6212b","colorDark":"#7c1116","angle":240.4,"snapDist":2,"label":0}},{"type":"Feature","geometry":{"type":"Point","coordinates":[19.42276,51.83443]},"properties":{"name":"Łódzka-Chełmy (Zgierz)","lines":"45","arr":["45"],"terminus":0,"mode":"tram","color":"#d6212b","colorDark":"#7c1116","angle":249.4,"snapDist":0,"label":0}},{"type":"Feature","geometry":{"type":"Point","coordinates":[19.494381,51.774114]},"properties":{"name":"Narutowicza-Radiostacja","lines":"O","arr":["O"],"terminus":1,"mode":"tram","color":"#d6212b","colorDark":"#7c1116","angle":-25.6,"snapDist":28,"label":1}},{"type":"Feature","geometry":{"type":"Point","coordinates":[19.459319,51.779564]},"properties":{"name":"Północna","lines":"O","arr":["O"],"terminus":1,"mode":"tram","color":"#d6212b","colorDark":"#7c1116","angle":171.7,"snapDist":0,"label":1}},{"type":"Feature","geometry":{"type":"Point","coordinates":[19.451584,51.78675]},"properties":{"name":"Limanowskiego-Bałucki Rynek","lines":"Z1","arr":["Z1"],"terminus":0,"mode":"tram","color":"#d6212b","colorDark":"#7c1116","angle":194.6,"snapDist":9,"label":1}},{"type":"Feature","geometry":{"type":"Point","coordinates":[19.453074,51.783816]},"properties":{"name":"Zgierska-pl. Kościelny","lines":"Z1","arr":["Z1"],"terminus":0,"mode":"tram","color":"#d6212b","colorDark":"#7c1116","angle":262,"snapDist":5,"label":1}},{"type":"Feature","geometry":{"type":"Point","coordinates":[19.459608,51.784567]},"properties":{"name":"Wojska Polskiego-Franciszkańska","lines":"Z1","arr":["Z1"],"terminus":0,"mode":"tram","color":"#d6212b","colorDark":"#7c1116","angle":156.1,"snapDist":2,"label":1}},{"type":"Feature","geometry":{"type":"Point","coordinates":[19.465519,51.785681]},"properties":{"name":"Wojska Polskiego-Marynarska","lines":"Z1","arr":["Z1"],"terminus":0,"mode":"tram","color":"#d6212b","colorDark":"#7c1116","angle":162.3,"snapDist":2,"label":1}},{"type":"Feature","geometry":{"type":"Point","coordinates":[19.470963,51.787059]},"properties":{"name":"Wojska Polskiego-Głowackiego","lines":"Z1","arr":["Z1"],"terminus":0,"mode":"tram","color":"#d6212b","colorDark":"#7c1116","angle":157.1,"snapDist":5,"label":1}},{"type":"Feature","geometry":{"type":"Point","coordinates":[19.478478,51.789022]},"properties":{"name":"Wojska Polskiego-Sporna","lines":"Z1","arr":["Z1"],"terminus":0,"mode":"tram","color":"#d6212b","colorDark":"#7c1116","angle":157.1,"snapDist":4,"label":1}},{"type":"Feature","geometry":{"type":"Point","coordinates":[19.486757,51.79146]},"properties":{"name":"Wojska Polskiego-Palki","lines":"Z1","arr":["Z1"],"terminus":0,"mode":"tram","color":"#d6212b","colorDark":"#7c1116","angle":132.4,"snapDist":5,"label":1}},{"type":"Feature","geometry":{"type":"Point","coordinates":[19.487375,51.797798]},"properties":{"name":"Doły","lines":"Z1","arr":["Z1"],"terminus":0,"mode":"tram","color":"#d6212b","colorDark":"#7c1116","angle":83.1,"snapDist":2,"label":0}},{"type":"Feature","geometry":{"type":"Point","coordinates":[19.487606,51.797135]},"properties":{"name":"Doły","lines":"Z1","arr":["Z1"],"terminus":1,"mode":"tram","color":"#d6212b","colorDark":"#7c1116","angle":-102.6,"snapDist":7,"label":1}},{"type":"Feature","geometry":{"type":"Point","coordinates":[19.486737,51.791498]},"properties":{"name":"Wojska Polskiego-Palki","lines":"Z1","arr":["Z1"],"terminus":0,"mode":"tram","color":"#d6212b","colorDark":"#7c1116","angle":312.4,"snapDist":5,"label":0}},{"type":"Feature","geometry":{"type":"Point","coordinates":[19.479514,51.789331]},"properties":{"name":"Wojska Polskiego-Sporna","lines":"Z1","arr":["Z1"],"terminus":0,"mode":"tram","color":"#d6212b","colorDark":"#7c1116","angle":337.1,"snapDist":6,"label":0}},{"type":"Feature","geometry":{"type":"Point","coordinates":[19.471624,51.787271]},"properties":{"name":"Wojska Polskiego-Głowackiego","lines":"Z1","arr":["Z1"],"terminus":0,"mode":"tram","color":"#d6212b","colorDark":"#7c1116","angle":337.1,"snapDist":6,"label":0}},{"type":"Feature","geometry":{"type":"Point","coordinates":[19.465361,51.785698]},"properties":{"name":"Wojska Polskiego-Marynarska","lines":"Z1","arr":["Z1"],"terminus":0,"mode":"tram","color":"#d6212b","colorDark":"#7c1116","angle":343.1,"snapDist":0,"label":0}},{"type":"Feature","geometry":{"type":"Point","coordinates":[19.461013,51.78486]},"properties":{"name":"Wojska Polskiego-Franciszkańska","lines":"Z1","arr":["Z1"],"terminus":0,"mode":"tram","color":"#d6212b","colorDark":"#7c1116","angle":350.3,"snapDist":1,"label":0}},{"type":"Feature","geometry":{"type":"Point","coordinates":[19.45373,51.783546]},"properties":{"name":"pl. Kościelny","lines":"Z1","arr":["Z1"],"terminus":0,"mode":"tram","color":"#d6212b","colorDark":"#7c1116","angle":358.1,"snapDist":1,"label":1}},{"type":"Feature","geometry":{"type":"Point","coordinates":[19.452644,51.785943]},"properties":{"name":"Zgierska-Bałucki Rynek","lines":"Z1","arr":["Z1"],"terminus":0,"mode":"tram","color":"#d6212b","colorDark":"#7c1116","angle":82.1,"snapDist":6,"label":1}},{"type":"Feature","geometry":{"type":"Point","coordinates":[19.449937,51.786944]},"properties":{"name":"Limanowskiego-Zachodnia","lines":"Z1","arr":["Z1"],"terminus":0,"mode":"tram","color":"#d6212b","colorDark":"#7c1116","angle":6.5,"snapDist":2,"label":0}},{"type":"Feature","geometry":{"type":"Point","coordinates":[19.480034,51.738366]},"properties":{"name":"Dąbrowskiego-Kilińskiego","lines":"Z2","arr":["Z2"],"terminus":0,"mode":"tram","color":"#d6212b","colorDark":"#7c1116","angle":188.8,"snapDist":6,"label":0}},{"type":"Feature","geometry":{"type":"Point","coordinates":[19.488066,51.737565]},"properties":{"name":"Dąbrowskiego-Śmigłego-Rydza","lines":"Z2","arr":["Z2"],"terminus":0,"mode":"tram","color":"#d6212b","colorDark":"#7c1116","angle":187.5,"snapDist":8,"label":0}}]}