{"type":"FeatureCollection","features":[{"type":"Feature","geometry":{"type":"LineString","coordinates":[[19.431465,51.756463],[19.431526,51.756381],[19.431565,51.756342],[19.431602,51.756313],[19.431636,51.75629],[19.43167,51.756274],[19.431698,51.756263],[19.43172,51.756256],[19.43175,51.75625],[19.431783,51.756245],[19.43182,51.756242],[19.431906,51.756241],[19.431972,51.756247],[19.432072,51.756265],[19.432161,51.756285],[19.432274,51.756322],[19.432318,51.756342],[19.43234,51.756354],[19.432359,51.756368],[19.432375,51.756383],[19.432389,51.756403],[19.432403,51.756431],[19.432409,51.756462],[19.432408,51.756491],[19.432398,51.75652],[19.432353,51.756597],[19.432351,51.75666],[19.432366,51.756709],[19.432428,51.756795],[19.432474,51.756869],[19.432491,51.756928],[19.432492,51.756972],[19.432597,51.757072],[19.432707,51.757176],[19.432784,51.757249],[19.432846,51.757308],[19.43293,51.757389],[19.433015,51.75747],[19.433187,51.757633],[19.433244,51.757686],[19.433266,51.757703],[19.433314,51.757736],[19.433382,51.757777],[19.433436,51.757807],[19.433542,51.757856],[19.433658,51.757905],[19.433706,51.757924],[19.433815,51.757965],[19.433942,51.758011],[19.434101,51.758062],[19.434138,51.758073],[19.434209,51.758096],[19.434427,51.758166],[19.434497,51.758189],[19.434908,51.758322],[19.435107,51.758389],[19.435458,51.758517],[19.435648,51.758586],[19.435683,51.758599],[19.435871,51.758668],[19.436265,51.758805],[19.43636,51.758838],[19.436432,51.75889],[19.436442,51.758893],[19.436692,51.75898],[19.437091,51.759121],[19.437155,51.759144],[19.437257,51.75918],[19.437343,51.75921],[19.437407,51.759232],[19.437589,51.759297],[19.438012,51.759442],[19.438032,51.759445],[19.438076,51.759452],[19.438311,51.759535],[19.438781,51.759702],[19.438908,51.759746],[19.438998,51.759776],[19.439015,51.759791],[19.439045,51.75982],[19.439396,51.75995],[19.4397,51.76006],[19.43975,51.760078],[19.439943,51.760149],[19.440262,51.760265],[19.440501,51.760353],[19.440562,51.760375],[19.44073,51.760438],[19.440804,51.760464],[19.44102,51.760546],[19.441147,51.76059],[19.441214,51.760597],[19.441259,51.760613],[19.441437,51.76068],[19.441733,51.760792],[19.441895,51.760853]]},"properties":{"name":"Karolewska"}},{"type":"Feature","geometry":{"type":"LineString","coordinates":[[19.434331,51.756219],[19.434275,51.756334],[19.43427,51.756345],[19.434265,51.756355],[19.434252,51.756379],[19.434227,51.756426],[19.433952,51.756923],[19.433798,51.757208],[19.433676,51.757434],[19.433578,51.757592],[19.433436,51.757807],[19.433324,51.75797],[19.433294,51.758012],[19.433255,51.758069],[19.433,51.758431],[19.432867,51.758622],[19.432434,51.759232],[19.432322,51.759403],[19.431887,51.759988],[19.431706,51.760224],[19.431539,51.760434],[19.431276,51.760832],[19.431091,51.76103],[19.430818,51.761305],[19.430456,51.761664],[19.430193,51.761944],[19.430044,51.762114],[19.43001,51.762152],[19.429836,51.762364],[19.429658,51.762591],[19.429337,51.763046],[19.429166,51.763283],[19.428633,51.76404],[19.428104,51.764792],[19.427825,51.765188],[19.427667,51.765411],[19.426976,51.766389],[19.426924,51.766464],[19.426639,51.766887],[19.42658,51.766987],[19.426413,51.767256],[19.426294,51.767481],[19.426171,51.767718],[19.42614,51.767782],[19.426067,51.76794],[19.425993,51.768109],[19.425842,51.768474],[19.425832,51.768499],[19.42581,51.768543],[19.425735,51.768694],[19.425632,51.7689]]},"properties":{"name":"Aleja Włókniarzy"}},{"type":"Feature","geometry":{"type":"LineString","coordinates":[[19.434556,51.757092],[19.434546,51.757108],[19.434528,51.757136],[19.434372,51.757376],[19.434257,51.757552],[19.43416,51.757694],[19.434059,51.75784],[19.433942,51.758011],[19.433871,51.758114],[19.433842,51.758157],[19.433822,51.758185],[19.433646,51.758433],[19.433327,51.758881],[19.433141,51.759142],[19.432874,51.759517],[19.432772,51.759654],[19.432715,51.75974],[19.432444,51.760091],[19.432272,51.760289],[19.432091,51.760473],[19.431921,51.76064],[19.431906,51.760652],[19.431574,51.760915]]},"properties":{"name":"Aleja Włókniarzy"}},{"type":"Feature","geometry":{"type":"LineString","coordinates":[[19.434937,51.756003],[19.434825,51.756227],[19.434704,51.756449],[19.434433,51.756929],[19.434319,51.757124],[19.434204,51.757315],[19.433934,51.757739],[19.433661,51.758152],[19.433127,51.758925],[19.432824,51.759363],[19.432536,51.759762],[19.432231,51.760152],[19.432118,51.76029],[19.432031,51.76039],[19.431835,51.760597],[19.431812,51.760626],[19.431751,51.760701],[19.431574,51.760915],[19.431412,51.761087],[19.431027,51.761475],[19.43081,51.761708],[19.430502,51.762065],[19.430447,51.762133],[19.430182,51.762458],[19.429618,51.763188],[19.429494,51.763355],[19.429471,51.763389],[19.429371,51.76353],[19.429259,51.763692],[19.428207,51.765183],[19.427845,51.765693],[19.427306,51.766465],[19.426772,51.767218],[19.426715,51.7673],[19.42667,51.76738],[19.426634,51.767452],[19.426585,51.76757],[19.426532,51.767722],[19.426467,51.767914],[19.426411,51.768095],[19.426252,51.768512],[19.42623,51.768564],[19.426215,51.768604],[19.42615,51.768756],[19.426086,51.768896],[19.426069,51.768926],[19.426055,51.768952],[19.426018,51.769017],[19.426007,51.769037],[19.42599,51.769063],[19.425904,51.769199],[19.425886,51.769222],[19.425806,51.769327],[19.425726,51.769422],[19.425661,51.769488],[19.425537,51.7696],[19.425453,51.769673],[19.425351,51.769753],[19.42524,51.769837],[19.424622,51.770295],[19.423984,51.770771],[19.423842,51.770876],[19.423228,51.77133],[19.422945,51.771539],[19.422311,51.772007],[19.421907,51.772318]]},"properties":{"name":"Aleja Włókniarzy"}},{"type":"Feature","geometry":{"type":"LineString","coordinates":[[19.424498,51.799223],[19.424546,51.799391],[19.424565,51.799459],[19.424574,51.799488],[19.424579,51.799509],[19.424786,51.800208],[19.424835,51.800374],[19.424931,51.800695],[19.425236,51.801729],[19.42552,51.802697],[19.425804,51.803665],[19.425847,51.803822],[19.42588,51.803959],[19.425908,51.804093],[19.425946,51.804299],[19.425952,51.804349],[19.425978,51.804557],[19.425991,51.804708],[19.426002,51.804956],[19.426003,51.805009],[19.426004,51.805031],[19.426005,51.805118],[19.426003,51.805307],[19.426001,51.805413],[19.425996,51.805522],[19.425979,51.805737],[19.425954,51.805965],[19.425762,51.807575],[19.425714,51.807976],[19.425627,51.808709],[19.425611,51.808841],[19.425606,51.808888],[19.425601,51.808934],[19.425591,51.809025],[19.425586,51.809108],[19.425585,51.809184],[19.425587,51.809285],[19.425588,51.809314],[19.425605,51.80955],[19.425619,51.809687],[19.425644,51.809868],[19.425667,51.810029],[19.425708,51.810324],[19.425803,51.811017],[19.425882,51.811572],[19.425931,51.811795],[19.426001,51.812254],[19.426017,51.812356],[19.426036,51.812438],[19.426064,51.812525],[19.426095,51.812588],[19.426134,51.812656],[19.426176,51.812715],[19.426249,51.812796],[19.42634,51.812879],[19.426797,51.813253],[19.426871,51.813313]]},"properties":{"name":"Aleja Włókniarzy"}},{"type":"Feature","geometry":{"type":"LineString","coordinates":[[19.426742,51.813756],[19.426528,51.813651],[19.42496,51.812889]]},"properties":{"name":"Aleja Włókniarzy"}},{"type":"Feature","geometry":{"type":"LineString","coordinates":[[19.424575,51.812084],[19.424761,51.811832],[19.424839,51.811716],[19.424889,51.811632],[19.424946,51.811527],[19.424976,51.811463],[19.425008,51.811397],[19.425038,51.811326],[19.4251,51.811153],[19.425131,51.811039],[19.42516,51.810889],[19.425173,51.810795],[19.425181,51.810717],[19.425232,51.810077],[19.425242,51.809958],[19.425285,51.809449],[19.425299,51.809329],[19.425304,51.809279],[19.425316,51.809171],[19.425327,51.809077],[19.425346,51.808921],[19.425351,51.808876],[19.425354,51.808849],[19.425478,51.807816],[19.42572,51.805787],[19.425733,51.805615],[19.425741,51.805492],[19.425748,51.805063],[19.425749,51.805032],[19.425748,51.805016],[19.425747,51.804964],[19.42573,51.804723],[19.425724,51.804636],[19.425711,51.804491],[19.425695,51.80436],[19.425692,51.804334],[19.425675,51.804227],[19.425652,51.804099],[19.425623,51.803957],[19.425592,51.803829],[19.425558,51.803699],[19.425522,51.803572],[19.42464,51.800596],[19.424517,51.800178],[19.424327,51.799538],[19.424313,51.799488],[19.424295,51.799421],[19.424253,51.799251],[19.424231,51.799163],[19.424187,51.799002],[19.424181,51.798979],[19.424177,51.798963],[19.423785,51.797554],[19.423479,51.796451],[19.423087,51.795025],[19.423049,51.794881],[19.42301,51.79478],[19.422962,51.794669],[19.422883,51.794525],[19.422821,51.794422],[19.422747,51.794316],[19.422618,51.794161],[19.422463,51.793988],[19.421949,51.793414],[19.421541,51.792953],[19.421393,51.792792],[19.421354,51.79275],[19.421332,51.792725],[19.421325,51.792717],[19.421317,51.792708],[19.421235,51.792605]]},"properties":{"name":"Aleja Włókniarzy"}},{"type":"Feature","geometry":{"type":"LineString","coordinates":[[19.421048,51.78618],[19.421051,51.786338],[19.421055,51.786462],[19.421054,51.78657],[19.420972,51.788576],[19.420965,51.788699],[19.420943,51.789204],[19.420929,51.789509],[19.420928,51.789533],[19.420925,51.789565],[19.42091,51.78965],[19.420874,51.789792],[19.420843,51.78989],[19.42081,51.790028],[19.420802,51.790061],[19.420784,51.79013],[19.420759,51.79027],[19.420748,51.790388],[19.420747,51.790489],[19.420751,51.79058],[19.420771,51.790752],[19.420787,51.790868],[19.420867,51.791318],[19.420954,51.791779],[19.420956,51.791791],[19.420958,51.791801],[19.42096,51.791811],[19.420962,51.791825],[19.420976,51.791902],[19.420992,51.791981],[19.421002,51.792031],[19.421003,51.792037],[19.421009,51.792067],[19.421028,51.792164]]},"properties":{"name":"Aleja Włókniarzy"}},{"type":"Feature","geometry":{"type":"LineString","coordinates":[[19.421258,51.789783],[19.421233,51.790038],[19.421232,51.790069],[19.421231,51.790094],[19.421223,51.790233],[19.42122,51.790353],[19.421224,51.790415],[19.421232,51.790532],[19.42126,51.790689],[19.421295,51.790822],[19.421338,51.790954],[19.421388,51.791075],[19.421683,51.791685],[19.421692,51.791704],[19.421698,51.791717],[19.421703,51.791726],[19.421708,51.791737],[19.421714,51.791748],[19.421776,51.791876],[19.421792,51.791909],[19.42183,51.791989]]},"properties":{"name":"Aleja Włókniarzy"}},{"type":"Feature","geometry":{"type":"LineString","coordinates":[[19.434011,51.815408],[19.434171,51.815433]]},"properties":{"name":"Aleja Włókniarzy"}},{"type":"Feature","geometry":{"type":"LineString","coordinates":[[19.434331,51.756219],[19.434235,51.756208],[19.434128,51.756195],[19.43411,51.756192],[19.434093,51.75619],[19.434057,51.756184],[19.434029,51.756179],[19.433502,51.756072],[19.433326,51.756039],[19.433111,51.756003],[19.432905,51.75597],[19.432747,51.755949],[19.432612,51.755934],[19.432526,51.755926],[19.43221,51.755902],[19.432174,51.755899],[19.432138,51.755895],[19.431677,51.755861],[19.430966,51.755812],[19.430522,51.755793],[19.430049,51.755778],[19.429666,51.755765],[19.42951,51.755761],[19.429057,51.755752],[19.428929,51.75575],[19.428826,51.755751],[19.428234,51.755763],[19.42792,51.755774],[19.427688,51.755785],[19.427515,51.755798],[19.427457,51.755804],[19.427132,51.755846],[19.427097,51.755851],[19.426893,51.755876],[19.426689,51.755904],[19.426406,51.755946],[19.426079,51.755996],[19.42588,51.756026],[19.425691,51.756055],[19.425528,51.75608],[19.425366,51.7561],[19.425248,51.756114],[19.425128,51.756125],[19.425001,51.756134],[19.424885,51.756138],[19.42475,51.75614],[19.424615,51.756137],[19.424463,51.756129],[19.424316,51.756117],[19.424131,51.756094],[19.423964,51.756066],[19.423762,51.75602],[19.423662,51.755989],[19.423563,51.755955],[19.423408,51.755897]]},"properties":{"name":"Aleja Księdza Biskupa Władysława Bandurskiego"}},{"type":"Feature","geometry":{"type":"LineString","coordinates":[[19.419184,51.747635],[19.419177,51.747652],[19.419053,51.747952],[19.418953,51.748195],[19.418871,51.748396],[19.418862,51.748416],[19.418856,51.748431],[19.418843,51.748462],[19.418836,51.74848],[19.418759,51.748676],[19.418692,51.748856],[19.418654,51.748979],[19.41863,51.749107],[19.418618,51.749268],[19.418619,51.749352],[19.418637,51.749479],[19.418665,51.749602],[19.418701,51.749709],[19.418796,51.749901],[19.41885,51.749987],[19.418949,51.750132],[19.419059,51.75029],[19.419077,51.750316],[19.419089,51.750332],[19.419095,51.75034],[19.419192,51.750474],[19.419381,51.750737],[19.419694,51.751175],[19.419829,51.751363],[19.41992,51.751489],[19.420286,51.752001],[19.421175,51.753242],[19.421268,51.753371],[19.421347,51.753481],[19.421654,51.753915],[19.421883,51.754232],[19.422091,51.754523],[19.422259,51.754736],[19.422416,51.754904],[19.42249,51.754973],[19.422603,51.755064],[19.422712,51.755148],[19.422824,51.755234],[19.422936,51.755299],[19.42304,51.755352],[19.423169,51.755414],[19.423229,51.755439],[19.423291,51.755465],[19.423333,51.755483],[19.42344,51.755524],[19.423555,51.755567],[19.423652,51.755598],[19.423731,51.75562],[19.423865,51.755654],[19.424022,51.755689],[19.424171,51.755717],[19.424325,51.755738],[19.424541,51.75576],[19.424685,51.755769],[19.424839,51.755776],[19.425051,51.755775],[19.425181,51.755769],[19.425317,51.75576],[19.425464,51.755746],[19.42566,51.755723],[19.425946,51.755681],[19.42621,51.755641],[19.426498,51.7556],[19.426584,51.755587],[19.426654,51.755577],[19.426853,51.755551],[19.427092,51.755523],[19.427291,51.755504],[19.427452,51.75549],[19.427654,51.755476],[19.427793,51.755469],[19.428184,51.755456],[19.428852,51.755445],[19.429064,51.755444],[19.429374,51.755444],[19.429754,51.75545],[19.429922,51.755453],[19.430163,51.755458],[19.430956,51.755486],[19.431553,51.755525],[19.431853,51.755546],[19.431912,51.755551],[19.432132,51.755569],[19.432361,51.75559],[19.432703,51.755621],[19.43326,51.755691],[19.434203,51.755786],[19.434246,51.755791],[19.434277,51.755793],[19.43431,51.755796],[19.434328,51.755798],[19.434345,51.755799],[19.434553,51.755816]]},"properties":{"name":"Aleja Księdza Biskupa Władysława Bandurskiego"}},{"type":"Feature","geometry":{"type":"LineString","coordinates":[[19.418613,51.747552],[19.418606,51.747568],[19.418592,51.747603],[19.418316,51.748274],[19.418302,51.748308],[19.418292,51.74833],[19.418288,51.74834],[19.418276,51.748372],[19.418269,51.748392],[19.418262,51.74841],[19.418194,51.748583],[19.418181,51.748627],[19.418153,51.748735],[19.418133,51.748867],[19.418127,51.748997],[19.41813,51.749111],[19.41814,51.749214],[19.418162,51.749338],[19.418195,51.749441],[19.418245,51.749552],[19.4183,51.749651],[19.418352,51.749735],[19.418512,51.749965],[19.41856,51.750027],[19.418615,51.7501],[19.41872,51.750247],[19.418824,51.750389],[19.418836,51.750405],[19.418861,51.750438],[19.419323,51.751067],[19.419563,51.751398],[19.419762,51.751669],[19.420001,51.751994],[19.420306,51.752375],[19.420452,51.752568],[19.420725,51.752942],[19.420922,51.753209],[19.420958,51.753261],[19.421067,51.753415],[19.421169,51.753553],[19.421393,51.753861],[19.422038,51.754742],[19.422261,51.755048],[19.422369,51.755181],[19.422584,51.755405],[19.422608,51.75543],[19.422669,51.755482],[19.422741,51.755537],[19.422818,51.755589],[19.422899,51.75564],[19.422922,51.755654],[19.422958,51.755676],[19.423026,51.755717]]},"properties":{"name":"Aleja Księdza Biskupa Władysława Bandurskiego"}},{"type":"Feature","geometry":{"type":"LineString","coordinates":[[19.423106,51.755955],[19.42306,51.75596],[19.423017,51.755966],[19.422951,51.755976],[19.422906,51.755981],[19.42252,51.756038],[19.422267,51.756058],[19.422207,51.756071],[19.42196,51.756124],[19.421797,51.756157],[19.421492,51.756221],[19.421339,51.756255],[19.421215,51.756283],[19.421191,51.756289],[19.42114,51.7563],[19.421107,51.756308],[19.421072,51.756316],[19.421058,51.756319],[19.421044,51.756322],[19.421,51.756333],[19.420805,51.756379],[19.420608,51.756425],[19.420133,51.756532],[19.419988,51.756565],[19.419926,51.756579],[19.4199,51.756585],[19.419841,51.756598],[19.419585,51.756655],[19.417564,51.757108],[19.416741,51.757297],[19.416507,51.757353],[19.416019,51.757479],[19.415885,51.757575],[19.415552,51.75768],[19.415007,51.757845],[19.414936,51.757866],[19.414732,51.757926],[19.414572,51.757973],[19.414514,51.757989],[19.414463,51.758004],[19.414052,51.758129],[19.413637,51.758258],[19.413449,51.758321],[19.413309,51.758369],[19.413095,51.758416],[19.41279,51.75856],[19.412622,51.758645],[19.412496,51.758715],[19.412433,51.758751],[19.412375,51.758785],[19.412302,51.758828],[19.412228,51.758872],[19.412085,51.75896],[19.41193,51.759061],[19.411777,51.759164],[19.411684,51.759228],[19.411588,51.759294],[19.411498,51.75936],[19.411408,51.759428],[19.411268,51.759537],[19.411131,51.759649],[19.411041,51.759725],[19.410955,51.759799],[19.41087,51.759874],[19.410785,51.759951],[19.410635,51.760096],[19.41049,51.760242],[19.410168,51.76058],[19.410006,51.760749],[19.409844,51.760918],[19.409725,51.76104],[19.409702,51.761064],[19.409653,51.761113],[19.409595,51.761211],[19.40953,51.761281],[19.409478,51.761332],[19.409374,51.761434],[19.409223,51.761566],[19.409019,51.761713],[19.408823,51.761839],[19.408749,51.761887],[19.408572,51.761996],[19.408097,51.762292],[19.408033,51.762332],[19.407821,51.762462]]},"properties":{"name":"Krzemieniecka"}},{"type":"Feature","geometry":{"type":"LineString","coordinates":[[19.407674,51.762412],[19.407926,51.762273],[19.407962,51.76225],[19.40835,51.762013],[19.408461,51.761944],[19.408544,51.761891],[19.408694,51.761794],[19.408898,51.761675],[19.409077,51.761559],[19.409241,51.76144],[19.409415,51.761279],[19.409525,51.761192],[19.409653,51.761113]]},"properties":{"name":"Krzemieniecka"}},{"type":"Feature","geometry":{"type":"LineString","coordinates":[[19.413095,51.758416],[19.413226,51.758327],[19.413365,51.758264],[19.413736,51.758126],[19.41391,51.758063],[19.414357,51.757921],[19.414441,51.757895],[19.414502,51.757877],[19.414657,51.757829],[19.414864,51.757768],[19.414898,51.757758],[19.415487,51.757589],[19.415842,51.757497],[19.416019,51.757479]]},"properties":{"name":"Krzemieniecka"}},{"type":"Feature","geometry":{"type":"LineString","coordinates":[[19.422267,51.756058],[19.422531,51.755935],[19.42259,51.755907],[19.422804,51.755815],[19.422869,51.755785],[19.422903,51.75577],[19.422959,51.755745],[19.423026,51.755717]]},"properties":{"name":"Krzemieniecka"}},{"type":"Feature","geometry":{"type":"LineString","coordinates":[[19.407821,51.762462],[19.407737,51.762514],[19.407706,51.762534],[19.407614,51.762591],[19.407576,51.762615],[19.407549,51.76263],[19.407116,51.762896],[19.406484,51.763289],[19.406476,51.763294],[19.406379,51.763351],[19.406267,51.76342],[19.406021,51.763573],[19.405841,51.763687],[19.405696,51.763786],[19.405558,51.763887],[19.405431,51.763985],[19.405331,51.764065],[19.405243,51.76414],[19.405199,51.764179],[19.405095,51.764276],[19.40494,51.764425],[19.404906,51.764459],[19.404895,51.764471],[19.404821,51.764554],[19.404735,51.764657],[19.404631,51.764794],[19.404562,51.764887],[19.40452,51.764935],[19.404454,51.765002],[19.404428,51.765018],[19.404384,51.765039],[19.404362,51.765051],[19.404344,51.765067]]},"properties":{"name":"Krakowska"}},{"type":"Feature","geometry":{"type":"LineString","coordinates":[[19.407674,51.762412],[19.407589,51.762461],[19.407555,51.76248],[19.407456,51.762536],[19.407415,51.762559],[19.407369,51.762585],[19.407354,51.762592],[19.406851,51.762902],[19.4065,51.763119],[19.406356,51.763215],[19.40626,51.763279],[19.406145,51.763356],[19.405818,51.763575],[19.405747,51.763623],[19.40559,51.763733],[19.405402,51.76387],[19.405266,51.763976],[19.405187,51.764043],[19.405081,51.764135],[19.404976,51.764233],[19.404824,51.764382],[19.404789,51.764417],[19.404761,51.764446],[19.404696,51.764519],[19.404636,51.764592],[19.404583,51.764659],[19.404503,51.764768],[19.40443,51.764877],[19.404397,51.764932],[19.404382,51.764963],[19.404357,51.76504],[19.404344,51.765067],[19.404332,51.765087],[19.404169,51.7654],[19.404126,51.765477],[19.403858,51.765932],[19.403433,51.766651],[19.403125,51.767178],[19.403052,51.767295],[19.402856,51.767596],[19.40277,51.76774],[19.40269,51.767894],[19.402617,51.768051],[19.40258,51.768139],[19.402543,51.768225],[19.402357,51.768672],[19.402324,51.76875],[19.402287,51.768838],[19.40225,51.768926],[19.402123,51.769226],[19.402085,51.769315],[19.40204,51.769423],[19.402033,51.769441],[19.402027,51.769454],[19.402021,51.769469],[19.402016,51.769481],[19.402012,51.76949],[19.402006,51.769505],[19.401991,51.769542],[19.401939,51.769665],[19.401149,51.771545],[19.401059,51.771751],[19.400903,51.77209],[19.400866,51.77217],[19.400822,51.772264],[19.400649,51.772639],[19.40061,51.772713],[19.400566,51.772781],[19.400489,51.77288],[19.400377,51.773008],[19.400295,51.773095],[19.40021,51.773181],[19.400111,51.773275],[19.40002,51.773356],[19.399958,51.773405],[19.39976,51.773564],[19.39964,51.77366],[19.399586,51.773703],[19.399553,51.77373],[19.399393,51.773857],[19.399325,51.773912],[19.399191,51.774019],[19.399137,51.774062],[19.399105,51.774088],[19.39905,51.774132],[19.399013,51.774161],[19.398975,51.774191],[19.398911,51.774243],[19.39887,51.774279],[19.398833,51.774319],[19.398791,51.774373],[19.398756,51.774425],[19.398738,51.774456],[19.398719,51.774495],[19.398703,51.774531],[19.398689,51.77457],[19.398679,51.774606],[19.398667,51.774663],[19.398662,51.77473],[19.398663,51.774799],[19.39867,51.774846],[19.398681,51.774897],[19.3987,51.77497],[19.398756,51.775232],[19.398793,51.775366],[19.398896,51.775729],[19.39891,51.775783],[19.398928,51.775848],[19.398958,51.775953],[19.399006,51.776121],[19.399033,51.776217],[19.39904,51.77624],[19.39908,51.776378],[19.3991,51.776444],[19.399156,51.776639],[19.399202,51.776797],[19.399206,51.776813],[19.399249,51.776966],[19.399329,51.777257],[19.399363,51.777376],[19.399391,51.777457],[19.399418,51.777562],[19.399452,51.777676],[19.399468,51.777733],[19.399475,51.77776],[19.399489,51.777823],[19.399497,51.777891],[19.399506,51.777955],[19.399504,51.778066],[19.399502,51.778136],[19.399494,51.778203],[19.399488,51.778256],[19.399476,51.7783],[19.399466,51.778335],[19.399443,51.778403],[19.399409,51.778505],[19.399406,51.778516]]},"properties":{"name":"Krakowska"}},{"type":"Feature","geometry":{"type":"LineString","coordinates":[[19.399182,51.779048],[19.399194,51.779024],[19.399225,51.778962],[19.399243,51.778936],[19.399291,51.778871],[19.399327,51.778807],[19.399387,51.77868],[19.399402,51.778639],[19.399412,51.778576],[19.399406,51.778516],[19.399357,51.77857],[19.399323,51.778623],[19.399288,51.778699],[19.399245,51.778789],[19.399223,51.778829],[19.399205,51.778854],[19.399162,51.77891],[19.399141,51.77893],[19.39909,51.778979],[19.399065,51.778997]]},"properties":{"name":"Krakowska"}},{"type":"Feature","geometry":{"type":"LineString","coordinates":[[19.398842,51.779128],[19.398818,51.77915],[19.398741,51.779195],[19.398709,51.77921],[19.398605,51.779256],[19.398556,51.779282],[19.398438,51.779359],[19.398398,51.779375],[19.398286,51.779422],[19.398209,51.779453],[19.398109,51.7795],[19.398078,51.779515],[19.397834,51.779635],[19.397051,51.780071],[19.396997,51.780102],[19.396945,51.780135],[19.396821,51.780122],[19.396706,51.780111],[19.396643,51.780104],[19.396509,51.78009],[19.396301,51.780063],[19.396094,51.780034],[19.394164,51.779697],[19.394107,51.779687],[19.393944,51.77966],[19.393757,51.779627],[19.393569,51.779594],[19.393393,51.779564],[19.392494,51.779405],[19.392262,51.779364],[19.391946,51.779309],[19.391703,51.779266],[19.391582,51.779241],[19.391495,51.779221],[19.39135,51.779183],[19.39114,51.779128],[19.390031,51.778834],[19.389382,51.778664],[19.389226,51.778622],[19.389093,51.778586],[19.388999,51.778561],[19.388952,51.778549],[19.388795,51.778507],[19.388608,51.778467],[19.388553,51.778452],[19.388484,51.778441],[19.388347,51.778422],[19.388166,51.778399],[19.388035,51.778381],[19.387933,51.778368],[19.387882,51.778362],[19.387601,51.778327],[19.38729,51.778288],[19.386871,51.778236],[19.386658,51.778211],[19.386451,51.778188],[19.385637,51.778093],[19.385508,51.778077],[19.384567,51.77796],[19.384262,51.777924],[19.384005,51.777894],[19.383639,51.777849],[19.383563,51.77784],[19.383342,51.777813],[19.382874,51.777757],[19.381851,51.777634],[19.381498,51.77759],[19.381374,51.777576],[19.381239,51.777558],[19.381126,51.777544],[19.380095,51.777419],[19.379772,51.77738],[19.379352,51.777329],[19.378471,51.777221],[19.377623,51.777118],[19.377465,51.777099],[19.377325,51.777082],[19.377281,51.777076],[19.376969,51.777037],[19.376918,51.777031],[19.376101,51.776928],[19.376044,51.776921],[19.37592,51.776905],[19.375838,51.776895],[19.375678,51.776876],[19.375652,51.776873],[19.375189,51.776816],[19.374869,51.776773],[19.3747,51.776752],[19.373411,51.776593],[19.369852,51.776152],[19.369576,51.776118],[19.369287,51.776082],[19.369244,51.776077],[19.369145,51.776065],[19.368101,51.775936],[19.367846,51.775906],[19.367769,51.775897],[19.367571,51.775871],[19.367545,51.775868],[19.367482,51.775861],[19.367385,51.77585],[19.367285,51.775843],[19.367173,51.775838],[19.367066,51.775837],[19.367039,51.775837],[19.366781,51.775836],[19.365834,51.775834],[19.365218,51.775835],[19.364993,51.775835],[19.364764,51.775839],[19.364606,51.77584],[19.363163,51.775866],[19.362653,51.775875],[19.362292,51.775881],[19.36131,51.775899],[19.361115,51.775902],[19.360723,51.775911],[19.360488,51.775914],[19.359677,51.775931],[19.359411,51.775936],[19.359383,51.775936],[19.359347,51.775937],[19.358723,51.775949],[19.3581,51.77596],[19.357628,51.77597],[19.356752,51.775988],[19.355909,51.776005],[19.355668,51.776009],[19.355265,51.776015],[19.355119,51.776013],[19.35497,51.77601],[19.354839,51.776006],[19.354707,51.775999],[19.354497,51.775989],[19.354301,51.775978],[19.354227,51.775973],[19.354088,51.775964],[19.353657,51.775935],[19.353232,51.775904],[19.353218,51.775903],[19.353033,51.77589],[19.35266,51.775864],[19.352423,51.775847],[19.352243,51.775833],[19.351618,51.775786],[19.350563,51.775707],[19.350437,51.775697],[19.349678,51.775638],[19.349572,51.77563],[19.349511,51.775625],[19.349449,51.77562],[19.349318,51.775611],[19.349109,51.775596],[19.348987,51.775587],[19.34768,51.775492],[19.347445,51.775475],[19.347416,51.775472],[19.347156,51.775454]]},"properties":{"name":"Złotno"}},{"type":"Feature","geometry":{"type":"LineString","coordinates":[[19.398927,51.779207],[19.398913,51.779211],[19.398875,51.77922],[19.398833,51.779233],[19.398797,51.779243],[19.398763,51.779255],[19.398673,51.779286],[19.398571,51.779321],[19.398438,51.779359]]},"properties":{"name":"Złotno"}},{"type":"Feature","geometry":{"type":"LineString","coordinates":[[19.396945,51.780135],[19.396899,51.780166],[19.396858,51.7802],[19.396795,51.780264],[19.396628,51.780448],[19.396537,51.780548],[19.39651,51.780576],[19.39645,51.78064],[19.396402,51.780691],[19.396369,51.780718],[19.396333,51.780746],[19.396291,51.780769],[19.39626,51.780784],[19.396251,51.780789],[19.396066,51.780883],[19.396051,51.78089],[19.395673,51.781069],[19.395154,51.781311],[19.394823,51.781466],[19.394775,51.781488],[19.394736,51.781506],[19.394646,51.781544],[19.394541,51.781582],[19.394491,51.7816],[19.394478,51.781605],[19.394156,51.781712],[19.393301,51.781987],[19.393133,51.78204],[19.392624,51.78219],[19.391987,51.782396],[19.39188,51.782431],[19.391819,51.782451],[19.391617,51.782515],[19.391542,51.782536],[19.391398,51.782566],[19.391244,51.782593],[19.391178,51.782605],[19.391102,51.782618],[19.390946,51.782644],[19.39058,51.782707],[19.390085,51.782792],[19.389483,51.782894],[19.388342,51.783089],[19.388172,51.783118],[19.387979,51.783153],[19.387712,51.783202],[19.387604,51.783223],[19.387483,51.783248],[19.387458,51.783254],[19.387255,51.783301],[19.387113,51.783337],[19.38698,51.783372],[19.38663,51.783466],[19.386315,51.783552],[19.386221,51.783578],[19.386162,51.783595],[19.386012,51.783645],[19.385859,51.783693],[19.385706,51.783745],[19.385555,51.783801],[19.385409,51.78386],[19.385179,51.78395],[19.384956,51.784046],[19.384718,51.784143],[19.384604,51.784191],[19.384426,51.784265],[19.384287,51.784322],[19.384128,51.784389],[19.383393,51.784698],[19.383237,51.784765],[19.383148,51.7848],[19.383062,51.78483],[19.38301,51.784848],[19.382916,51.784879],[19.382782,51.784923],[19.382191,51.785104],[19.381987,51.785166],[19.381848,51.785209],[19.38176,51.785236],[19.381626,51.785277],[19.380787,51.785534],[19.380533,51.785619],[19.380416,51.785662],[19.380274,51.785717],[19.380201,51.785748],[19.380069,51.785803],[19.379999,51.785833],[19.379693,51.785966],[19.379675,51.785974],[19.379256,51.786154],[19.37894,51.786289],[19.378717,51.786383],[19.378476,51.786488],[19.378402,51.78652],[19.378157,51.786627]]},"properties":{"name":"Rąbieńska"}},{"type":"Feature","geometry":{"type":"LineString","coordinates":[[19.377902,51.786735],[19.377851,51.786756],[19.377604,51.786856],[19.37754,51.786882],[19.377466,51.786912],[19.377305,51.786977],[19.377158,51.787033],[19.377016,51.787084],[19.376914,51.787117],[19.376885,51.787126],[19.37681,51.787147],[19.376613,51.787199],[19.376482,51.78723],[19.376199,51.787297],[19.376022,51.787338],[19.375372,51.787488],[19.375048,51.787562],[19.374719,51.787643],[19.374399,51.787725],[19.374073,51.787812],[19.373694,51.787915],[19.373457,51.787981],[19.373344,51.788014],[19.373228,51.788048],[19.373079,51.788091],[19.372928,51.788136],[19.372781,51.788181],[19.372636,51.788229],[19.371851,51.788505],[19.371748,51.788542],[19.371398,51.788667],[19.371346,51.788685],[19.371211,51.788733],[19.371072,51.788781],[19.371004,51.788805],[19.370926,51.788831],[19.370842,51.788855],[19.370776,51.788871],[19.370722,51.788886],[19.370662,51.788899],[19.3706,51.788911],[19.370542,51.788921],[19.370396,51.788939],[19.370257,51.78895],[19.369191,51.789011],[19.368159,51.789069],[19.368012,51.789078],[19.367834,51.789089],[19.367111,51.78913],[19.367089,51.789131],[19.366341,51.789174],[19.366209,51.789181],[19.366069,51.789189],[19.36596,51.789194],[19.365695,51.789208],[19.363327,51.789347],[19.362764,51.78938],[19.359838,51.789566],[19.359362,51.789595],[19.359024,51.789615],[19.35852,51.789645],[19.357135,51.789733],[19.356041,51.789803],[19.355274,51.78985],[19.355108,51.78986],[19.355023,51.789865],[19.354614,51.789892],[19.354559,51.789896]]},"properties":{"name":"Rąbieńska"}},{"type":"Feature","geometry":{"type":"LineString","coordinates":[[19.354386,51.789943],[19.354559,51.789896],[19.354354,51.789897]]},"properties":{"name":"Rąbieńska"}},{"type":"Feature","geometry":{"type":"LineString","coordinates":[[19.354372,51.789998],[19.354439,51.790085],[19.354451,51.790097],[19.354471,51.790117],[19.354687,51.790324],[19.355089,51.79071],[19.355438,51.791027],[19.355846,51.791372],[19.356041,51.791553],[19.356234,51.791745],[19.356217,51.791801],[19.356223,51.791826],[19.356276,51.791885],[19.356299,51.791915],[19.356319,51.791958],[19.356325,51.791989],[19.356328,51.792026],[19.356323,51.792067]]},"properties":{"name":"Szczecińska"}},{"type":"Feature","geometry":{"type":"LineString","coordinates":[[19.356869,51.792205],[19.356877,51.792262],[19.356902,51.792322],[19.35692,51.792347],[19.356944,51.792376],[19.356986,51.792427],[19.356991,51.792447],[19.356978,51.792504]]},"properties":{"name":"Szczecińska"}},{"type":"Feature","geometry":{"type":"LineString","coordinates":[[19.360249,51.795645],[19.360187,51.795623],[19.360148,51.795597],[19.360115,51.795566],[19.360089,51.79554],[19.360007,51.795462],[19.359976,51.795443],[19.359881,51.795413],[19.359748,51.795277],[19.359571,51.795095],[19.359555,51.795079],[19.359107,51.794628],[19.357761,51.793301],[19.357355,51.792884],[19.357228,51.792765],[19.356978,51.792504],[19.356896,51.792483],[19.356862,51.792467],[19.356813,51.79242],[19.356785,51.792392],[19.356758,51.792371],[19.356716,51.792348],[19.356666,51.792331],[19.356606,51.792315]]},"properties":{"name":"Szczecińska"}},{"type":"Feature","geometry":{"type":"LineString","coordinates":[[19.391116,51.825954],[19.390474,51.824972],[19.390319,51.824736],[19.390235,51.824607],[19.389325,51.823211],[19.38922,51.823049],[19.389134,51.822916],[19.38905,51.822786],[19.388808,51.822414],[19.388565,51.822044],[19.388436,51.821853],[19.388362,51.821754],[19.388286,51.821656],[19.388124,51.821464],[19.387945,51.821278],[19.38784,51.821176],[19.387717,51.821062],[19.387488,51.820861],[19.3874,51.820786],[19.387242,51.820651],[19.386767,51.820242],[19.385405,51.819069],[19.385269,51.818949],[19.385142,51.818839],[19.38466,51.818422],[19.384434,51.818227],[19.384417,51.818212],[19.383662,51.817559],[19.382885,51.816886],[19.382726,51.816749],[19.382575,51.816617],[19.382335,51.816407],[19.382295,51.816373],[19.382166,51.816259],[19.382079,51.816183],[19.381364,51.815556],[19.381278,51.815482],[19.381241,51.815449],[19.38115,51.815371],[19.381117,51.815342],[19.380894,51.815147],[19.380557,51.814851],[19.379454,51.813879],[19.379356,51.813792],[19.379258,51.813697],[19.379207,51.813646],[19.379175,51.813614],[19.379021,51.81346],[19.378942,51.813383],[19.378802,51.813244],[19.378763,51.813206],[19.378674,51.813119],[19.378542,51.813035],[19.378496,51.812989],[19.378466,51.812953],[19.37844,51.81292],[19.378415,51.812882],[19.378369,51.812803],[19.378346,51.812765],[19.378339,51.812753],[19.378322,51.81273],[19.378306,51.812713],[19.378298,51.812706],[19.378282,51.812695],[19.378267,51.812687],[19.378219,51.812665]]},"properties":{"name":"Szczecińska"}},{"type":"Feature","geometry":{"type":"LineString","coordinates":[[19.378549,51.812626],[19.378528,51.812673],[19.378521,51.812694],[19.378519,51.812707],[19.37852,51.812719],[19.378523,51.812732],[19.378531,51.812768],[19.378535,51.812786],[19.378561,51.812869],[19.378575,51.812899],[19.378603,51.812965],[19.378674,51.813119]]},"properties":{"name":"Szczecińska"}},{"type":"Feature","geometry":{"type":"LineString","coordinates":[[19.354113,51.789772],[19.354062,51.789723],[19.353943,51.789608],[19.353837,51.789502],[19.353703,51.789363],[19.353625,51.789282],[19.353403,51.789051],[19.353163,51.788801],[19.352756,51.788375],[19.352098,51.787707],[19.351489,51.787111],[19.351254,51.786881],[19.351062,51.786693],[19.350952,51.786585],[19.350682,51.786322],[19.350395,51.786043],[19.349938,51.785592],[19.349008,51.784689],[19.347756,51.783461],[19.34749,51.783201],[19.347382,51.783094],[19.346976,51.782702],[19.34602,51.78177],[19.343841,51.779636],[19.342724,51.778541],[19.342549,51.778371],[19.342321,51.77815],[19.342264,51.778095],[19.342049,51.777886],[19.341797,51.777642]]},"properties":{"name":"Szczecińska"}},{"type":"Feature","geometry":{"type":"LineString","coordinates":[[19.354229,51.789859],[19.354113,51.789772],[19.354152,51.789871]]},"properties":{"name":"Szczecińska"}},{"type":"Feature","geometry":{"type":"LineString","coordinates":[[19.360432,51.795679],[19.360517,51.795678],[19.360583,51.795672],[19.36066,51.795658],[19.360714,51.795649],[19.360794,51.795635],[19.360827,51.795634],[19.360875,51.795641]]},"properties":{"name":"Rojna"}},{"type":"Feature","geometry":{"type":"LineString","coordinates":[[19.360547,51.795786],[19.3606,51.795753],[19.360648,51.795732],[19.360699,51.795716],[19.360749,51.795702],[19.360822,51.795682],[19.360847,51.795669],[19.360875,51.795641],[19.361261,51.795547],[19.361571,51.795482],[19.361641,51.795467],[19.361812,51.795434],[19.361868,51.795422],[19.361982,51.795398],[19.362122,51.79537],[19.362286,51.795337],[19.36359,51.795074],[19.363696,51.795052],[19.363818,51.795027],[19.363922,51.795006],[19.364006,51.794989],[19.364204,51.794948],[19.365049,51.794777],[19.365403,51.794706],[19.365492,51.794688],[19.365643,51.794658],[19.365776,51.794631],[19.365929,51.794601],[19.366044,51.794578],[19.36631,51.794529],[19.366363,51.794521],[19.366462,51.794506],[19.366538,51.794498],[19.366694,51.794482],[19.366794,51.794475],[19.366854,51.794472],[19.366999,51.794466],[19.367142,51.794464],[19.36721,51.794464],[19.367316,51.794466],[19.367422,51.79447],[19.367484,51.794474],[19.367542,51.794478],[19.36759,51.79448],[19.36773,51.794494],[19.367864,51.79451],[19.368011,51.79453],[19.368987,51.794666],[19.369132,51.794688],[19.369284,51.794709],[19.369418,51.794727],[19.369599,51.794752],[19.370024,51.794812],[19.3703,51.79485],[19.370408,51.794863],[19.370511,51.794874],[19.37056,51.794879],[19.370611,51.794883],[19.37078,51.794892],[19.370852,51.794894],[19.370948,51.794896],[19.371005,51.794897],[19.371054,51.794897],[19.371203,51.794895],[19.371608,51.794883],[19.371952,51.794872],[19.372119,51.794866],[19.372248,51.794862],[19.37245,51.794855],[19.372689,51.794849],[19.372922,51.794841],[19.373063,51.794837],[19.373325,51.794829]]},"properties":{"name":"Rojna"}},{"type":"Feature","geometry":{"type":"LineString","coordinates":[[19.373777,51.794779],[19.373728,51.794792],[19.373692,51.794797],[19.373648,51.794801],[19.373595,51.794804],[19.373523,51.794808],[19.373325,51.794829],[19.373506,51.794854],[19.373592,51.794862],[19.373645,51.794867],[19.373689,51.794872],[19.373726,51.794878],[19.373768,51.794888]]},"properties":{"name":"Rojna"}},{"type":"Feature","geometry":{"type":"LineString","coordinates":[[19.393148,51.792584],[19.393098,51.79257],[19.393052,51.792564],[19.392999,51.792559],[19.392947,51.792557],[19.392893,51.792557],[19.392639,51.792552],[19.392438,51.792537]]},"properties":{"name":"Rojna"}},{"type":"Feature","geometry":{"type":"LineString","coordinates":[[19.384664,51.793871],[19.384705,51.793855],[19.384711,51.793852],[19.384775,51.793829],[19.38482,51.793816],[19.384881,51.793798],[19.385032,51.793755],[19.385118,51.793724]]},"properties":{"name":"Rojna"}},{"type":"Feature","geometry":{"type":"LineString","coordinates":[[19.384221,51.79382],[19.384175,51.793825],[19.384096,51.793833],[19.384044,51.793839],[19.383944,51.793846],[19.383776,51.793866]]},"properties":{"name":"Rojna"}},{"type":"Feature","geometry":{"type":"LineString","coordinates":[[19.384606,51.793769],[19.384655,51.793768],[19.384737,51.793762],[19.384786,51.793756],[19.385007,51.793731],[19.385118,51.793724],[19.385144,51.793718],[19.385332,51.793681],[19.385548,51.793637],[19.385737,51.793599],[19.385824,51.793581],[19.386068,51.793532],[19.387509,51.793242],[19.387613,51.793221],[19.388026,51.793139],[19.388095,51.793125],[19.388152,51.793114],[19.388341,51.793076],[19.388526,51.793039],[19.388578,51.793029],[19.388645,51.793016],[19.389032,51.792938],[19.389365,51.792872],[19.389711,51.792802],[19.389758,51.792793],[19.389923,51.792761],[19.390162,51.792713],[19.390285,51.792688],[19.39041,51.792667],[19.390539,51.792648],[19.390673,51.79263],[19.390766,51.79262],[19.390911,51.79261],[19.391057,51.792603],[19.391348,51.792589],[19.391626,51.792578],[19.391721,51.792573],[19.392071,51.792556],[19.392318,51.792543],[19.392359,51.792541],[19.392438,51.792537],[19.392632,51.792498],[19.392815,51.792476],[19.392882,51.792471],[19.392935,51.792465],[19.392991,51.792458],[19.393031,51.792452],[19.393072,51.792444],[19.393127,51.792433]]},"properties":{"name":"Rojna"}},{"type":"Feature","geometry":{"type":"LineString","coordinates":[[19.384239,51.793932],[19.384178,51.793914],[19.384168,51.793911],[19.3841,51.793904],[19.384049,51.7939],[19.38396,51.793893],[19.383776,51.793866],[19.383685,51.793862],[19.383169,51.79384],[19.382881,51.793827],[19.382811,51.793824],[19.381718,51.793774],[19.380913,51.793741],[19.380793,51.793736]]},"properties":{"name":"Rojna"}},{"type":"Feature","geometry":{"type":"LineString","coordinates":[[19.374218,51.794847],[19.37425,51.79483],[19.374283,51.794815],[19.374322,51.7948],[19.37437,51.794783],[19.374434,51.794764],[19.37471,51.794679]]},"properties":{"name":"Rojna"}},{"type":"Feature","geometry":{"type":"LineString","coordinates":[[19.374158,51.794744],[19.374203,51.794743],[19.374241,51.794741],[19.374282,51.794736],[19.374334,51.794729],[19.37471,51.794679],[19.375096,51.794601],[19.375249,51.79457],[19.375709,51.794476],[19.375769,51.794464],[19.37582,51.794453],[19.375955,51.794427],[19.376114,51.794394],[19.376252,51.794366],[19.376305,51.794355],[19.37636,51.794344],[19.37675,51.794265],[19.377896,51.794034],[19.37845,51.793923],[19.378553,51.793902],[19.378627,51.793887]]},"properties":{"name":"Rojna"}},{"type":"Feature","geometry":{"type":"LineString","coordinates":[[19.380793,51.793736],[19.380623,51.793742],[19.380501,51.793741],[19.380389,51.79374],[19.380256,51.79374],[19.380169,51.793739],[19.380072,51.793738],[19.379995,51.793739],[19.379914,51.793741],[19.37975,51.793748],[19.379659,51.793754],[19.379603,51.793758],[19.379554,51.793763],[19.379423,51.793777],[19.379202,51.793809],[19.37915,51.793819],[19.379072,51.79383],[19.379022,51.793837],[19.378887,51.793859],[19.37875,51.793878],[19.378627,51.793887],[19.378758,51.793845],[19.37887,51.793815],[19.378999,51.793785],[19.379058,51.793771],[19.379122,51.793758],[19.379174,51.793749],[19.379286,51.79373],[19.379391,51.793718],[19.379539,51.793705],[19.379587,51.793701],[19.37965,51.793695],[19.379772,51.793686],[19.379895,51.793682],[19.379993,51.79368],[19.38007,51.793678],[19.38015,51.793678],[19.380184,51.793679],[19.38024,51.793681],[19.380346,51.793689],[19.380451,51.793696],[19.380625,51.79371],[19.38071,51.793721],[19.380793,51.793736]]},"properties":{"name":"Rojna"}},{"type":"Feature","geometry":{"type":"LineString","coordinates":[[19.374173,51.794925],[19.374178,51.794952],[19.374185,51.794978],[19.374199,51.795007],[19.37422,51.795038],[19.374248,51.795078],[19.374342,51.795245]]},"properties":{"name":"Rydzowa"}},{"type":"Feature","geometry":{"type":"LineString","coordinates":[[19.375741,51.797767],[19.375715,51.797745],[19.375676,51.797693],[19.375657,51.797665],[19.375634,51.797629],[19.375568,51.797533],[19.375506,51.797465]]},"properties":{"name":"Rydzowa"}},{"type":"Feature","geometry":{"type":"LineString","coordinates":[[19.375779,51.797902],[19.375751,51.797938],[19.375732,51.79798],[19.375729,51.797992],[19.375722,51.798019],[19.375695,51.798119],[19.375678,51.798162],[19.375644,51.798213]]},"properties":{"name":"Rydzowa"}},{"type":"Feature","geometry":{"type":"LineString","coordinates":[[19.376394,51.80111],[19.376298,51.801034],[19.376261,51.801005],[19.37621,51.800964],[19.376166,51.800927],[19.376119,51.800885],[19.376027,51.800792],[19.375967,51.800722],[19.375919,51.800653],[19.375779,51.800417],[19.375767,51.800397],[19.37575,51.80037],[19.375693,51.800265],[19.375639,51.800168],[19.375622,51.800138],[19.375602,51.800101],[19.375517,51.799953],[19.375508,51.799931],[19.375487,51.799891],[19.37545,51.799837],[19.375407,51.799789]]},"properties":{"name":"Rydzowa"}},{"type":"Feature","geometry":{"type":"LineString","coordinates":[[19.37616,51.801159],[19.376072,51.801079],[19.376042,51.801048],[19.376004,51.801007],[19.375973,51.800969],[19.375954,51.800947],[19.375925,51.800909],[19.375902,51.800873],[19.375875,51.800829],[19.375821,51.800729],[19.375793,51.800676],[19.375678,51.800458],[19.375657,51.800422],[19.375641,51.800392],[19.37559,51.800282],[19.375549,51.800188],[19.375533,51.800155],[19.375522,51.800136],[19.375453,51.800012],[19.375435,51.799976],[19.375421,51.799946],[19.375411,51.799915],[19.375398,51.799868],[19.375397,51.799842],[19.375407,51.799789],[19.3754,51.799738],[19.3754,51.799716],[19.3754,51.799691],[19.375401,51.799662],[19.375405,51.799632],[19.37541,51.799605],[19.37542,51.799548],[19.375441,51.799436],[19.375489,51.799182],[19.37551,51.799072],[19.375528,51.798961],[19.375553,51.798805],[19.37556,51.798757],[19.375566,51.798726],[19.375576,51.798658],[19.375587,51.798584],[19.375594,51.798551],[19.375601,51.798501],[19.375642,51.798229],[19.375644,51.798213],[19.375628,51.798156],[19.375626,51.798109],[19.375629,51.798058],[19.375631,51.798015],[19.375633,51.797986],[19.375632,51.79796],[19.375627,51.797931],[19.375613,51.7979]]},"properties":{"name":"Rydzowa"}},{"type":"Feature","geometry":{"type":"LineString","coordinates":[[19.375589,51.797801],[19.375594,51.79777],[19.375574,51.797711],[19.375564,51.797683],[19.375531,51.79759],[19.375517,51.797541],[19.375506,51.797465],[19.375479,51.79741],[19.375467,51.797386],[19.375382,51.797226],[19.375325,51.797119],[19.375167,51.796814],[19.375133,51.796747],[19.375108,51.796699],[19.37508,51.796645],[19.37506,51.796608],[19.375031,51.796553],[19.374957,51.796412],[19.374934,51.796368],[19.374837,51.796185],[19.374814,51.796142],[19.374787,51.796092],[19.374772,51.796063],[19.374715,51.795954],[19.374669,51.795864],[19.374601,51.795734],[19.374536,51.795602],[19.374485,51.795498],[19.374439,51.795411],[19.374416,51.795368],[19.374393,51.795328],[19.374372,51.795293],[19.374342,51.795245],[19.374176,51.795102],[19.374138,51.795066],[19.374108,51.795039],[19.374078,51.795016],[19.374051,51.794999],[19.374021,51.794982]]},"properties":{"name":"Rydzowa"}},{"type":"Feature","geometry":{"type":"LineString","coordinates":[[19.376394,51.80111],[19.376731,51.801045],[19.376781,51.801034],[19.377504,51.800888],[19.384773,51.799435],[19.385135,51.799362],[19.386258,51.799133],[19.386327,51.79912],[19.386361,51.799113],[19.386727,51.79904],[19.387037,51.798977]]},"properties":{"name":"Aleksandrowska"}},{"type":"Feature","geometry":{"type":"LineString","coordinates":[[19.386794,51.799161],[19.386425,51.799234],[19.386389,51.799241],[19.386363,51.799246],[19.385601,51.799397],[19.385323,51.799452],[19.384589,51.799598],[19.38014,51.800486],[19.379682,51.800577],[19.379388,51.800636],[19.378671,51.80078],[19.378651,51.800785],[19.378506,51.800815],[19.378055,51.800924],[19.37783,51.800972],[19.37731,51.801078],[19.377166,51.801107],[19.376897,51.801161],[19.376797,51.80118],[19.376545,51.801231],[19.376303,51.80128],[19.375921,51.801356],[19.375879,51.801363],[19.375762,51.801384],[19.375573,51.801414],[19.375449,51.801434],[19.374665,51.801591],[19.374143,51.801696],[19.371661,51.802194],[19.370332,51.80246],[19.369867,51.802554],[19.369618,51.802603],[19.368811,51.802764],[19.368681,51.80279],[19.368456,51.802834],[19.368381,51.802848],[19.368312,51.802861],[19.368003,51.802919],[19.367829,51.80295],[19.367557,51.802998],[19.367518,51.803005],[19.36733,51.80304],[19.367203,51.803064],[19.366935,51.803119],[19.366777,51.803148],[19.36671,51.803159],[19.366649,51.803167],[19.366577,51.803174],[19.366487,51.803181],[19.366285,51.803192],[19.366109,51.803199],[19.365977,51.803209],[19.365769,51.803227]]},"properties":{"name":"Aleksandrowska"}},{"type":"Feature","geometry":{"type":"LineString","coordinates":[[19.406535,51.795243],[19.40597,51.795351],[19.405387,51.795472],[19.40454,51.79564],[19.403167,51.795913],[19.403087,51.795928],[19.403022,51.795941],[19.402662,51.79601],[19.402381,51.796065],[19.402336,51.796073],[19.402216,51.796097],[19.40195,51.796147],[19.401411,51.796249],[19.400215,51.796484],[19.400085,51.796509],[19.399309,51.796667],[19.397858,51.79696],[19.397484,51.797034],[19.396975,51.797135],[19.396733,51.797183],[19.396374,51.797254],[19.396157,51.797298],[19.395967,51.797334],[19.395649,51.797399],[19.394904,51.79755],[19.394831,51.797564],[19.394457,51.797637],[19.39427,51.797674]]},"properties":{"name":"Aleksandrowska"}},{"type":"Feature","geometry":{"type":"LineString","coordinates":[[19.406592,51.79511],[19.406027,51.795222],[19.405542,51.79532],[19.404265,51.795549],[19.403574,51.795687],[19.403064,51.795787],[19.403018,51.795795],[19.402953,51.795808],[19.40272,51.795853],[19.402561,51.795884],[19.402309,51.795931],[19.402227,51.795947],[19.401618,51.79607],[19.401096,51.796175],[19.399414,51.796512],[19.395732,51.797248],[19.395556,51.797283],[19.394826,51.797428],[19.39477,51.797439],[19.394428,51.797507],[19.39424,51.797543]]},"properties":{"name":"Aleksandrowska"}},{"type":"Feature","geometry":{"type":"LineString","coordinates":[[19.37616,51.801159],[19.375848,51.801219],[19.375766,51.801235],[19.374741,51.801441],[19.374199,51.80155],[19.369061,51.802583],[19.368711,51.802654],[19.368313,51.802734],[19.368247,51.802747],[19.367883,51.802819],[19.367714,51.802852],[19.367499,51.802893],[19.367458,51.8029],[19.367126,51.802967],[19.366543,51.803077],[19.366279,51.803123],[19.366031,51.803168],[19.365769,51.803227],[19.365633,51.803252],[19.365585,51.803262],[19.365223,51.803335],[19.364971,51.803385],[19.364655,51.803448],[19.364288,51.803521],[19.363167,51.803743],[19.363067,51.803763],[19.363048,51.803767],[19.361843,51.804007],[19.36099,51.804176],[19.360814,51.804211],[19.360714,51.804231],[19.359974,51.804378],[19.359851,51.804403],[19.359692,51.804434],[19.359541,51.804464],[19.359429,51.804487],[19.358542,51.804664],[19.358417,51.804689],[19.358312,51.804709],[19.358147,51.804743],[19.357435,51.804884],[19.357188,51.804933],[19.356993,51.804971],[19.35697,51.804976],[19.356934,51.804983],[19.356466,51.805077],[19.35637,51.805096],[19.356038,51.805162],[19.355635,51.805243],[19.35515,51.80534],[19.355028,51.805368],[19.354922,51.805397],[19.354844,51.80542],[19.35476,51.805445],[19.354685,51.805471],[19.354608,51.805499],[19.354476,51.805554],[19.354346,51.805614],[19.354321,51.805627],[19.354228,51.805673],[19.353918,51.805836],[19.352637,51.806517],[19.351995,51.806859],[19.350381,51.807718],[19.350302,51.80776],[19.349787,51.808034],[19.348814,51.808552],[19.347861,51.80906],[19.34765,51.809171],[19.347604,51.809196],[19.347559,51.809219],[19.34743,51.809288],[19.347314,51.80935],[19.347203,51.809409],[19.346879,51.809582],[19.346284,51.809901],[19.345923,51.810095],[19.34552,51.810311],[19.345345,51.810409],[19.345238,51.810466],[19.345226,51.810473],[19.345184,51.810495],[19.344881,51.810657],[19.344633,51.810785],[19.344426,51.81088],[19.344224,51.810966],[19.344198,51.810975],[19.344126,51.811001],[19.344095,51.811011],[19.344022,51.811035],[19.343907,51.811066],[19.343901,51.811068],[19.343786,51.811096],[19.343518,51.811152],[19.343428,51.811172],[19.343362,51.811185],[19.343257,51.811207],[19.342585,51.811345],[19.342523,51.811357],[19.342335,51.811398],[19.341989,51.811469],[19.341181,51.811637],[19.341123,51.811649],[19.340865,51.811703],[19.340657,51.811746],[19.34035,51.81181],[19.340322,51.811816],[19.340293,51.811822],[19.339287,51.812031],[19.338851,51.812122],[19.3382,51.812258],[19.337902,51.81232],[19.337858,51.812329]]},"properties":{"name":"Aleksandrowska"}},{"type":"Feature","geometry":{"type":"LineString","coordinates":[[19.320848,51.789573],[19.320824,51.78963],[19.320813,51.789704],[19.320823,51.789894],[19.320804,51.790079]]},"properties":{"name":"Aleksandrowska"}},{"type":"Feature","geometry":{"type":"LineString","coordinates":[[19.323643,51.801759],[19.32358,51.801752],[19.323522,51.801735],[19.323474,51.801713],[19.323428,51.801679],[19.323363,51.801614],[19.323281,51.801516],[19.323227,51.801435],[19.32313,51.801329]]},"properties":{"name":"Aleksandrowska"}},{"type":"Feature","geometry":{"type":"LineString","coordinates":[[19.323366,51.801898],[19.323362,51.801797],[19.323312,51.801714],[19.32325,51.801618],[19.323203,51.801536],[19.323165,51.801448],[19.32313,51.801329],[19.323098,51.8012],[19.323026,51.800824],[19.322979,51.800617],[19.322625,51.798859],[19.322573,51.798598],[19.322566,51.798561],[19.322539,51.798427],[19.32251,51.798284],[19.322437,51.797932],[19.322148,51.79659],[19.321983,51.795811],[19.321843,51.795166],[19.321318,51.792668],[19.321088,51.791506],[19.320855,51.790337],[19.320837,51.790247],[19.320804,51.790079],[19.320733,51.789903],[19.320708,51.7897],[19.320692,51.789626],[19.32065,51.789565]]},"properties":{"name":"Aleksandrowska"}},{"type":"Feature","geometry":{"type":"LineString","coordinates":[[19.387356,51.799773],[19.387353,51.799745],[19.387364,51.799652],[19.387355,51.799607],[19.38717,51.799238],[19.38716,51.799217],[19.3871,51.7991],[19.387037,51.798977],[19.386997,51.798899],[19.38698,51.798866],[19.386946,51.798798],[19.386935,51.798777],[19.38692,51.798747],[19.386733,51.798388],[19.386714,51.79837],[19.386685,51.798357],[19.38661,51.798335],[19.386585,51.798321],[19.386569,51.798303]]},"properties":{"name":"Kaczeńcowa"}},{"type":"Feature","geometry":{"type":"LineString","coordinates":[[19.391687,51.809303],[19.391658,51.809255],[19.391584,51.809129],[19.391573,51.80911],[19.391562,51.809091],[19.391514,51.80901],[19.391502,51.808984],[19.391454,51.808885],[19.391428,51.808834],[19.391418,51.808814],[19.391351,51.808696],[19.391187,51.808418],[19.391116,51.808297],[19.391055,51.808203],[19.390929,51.808004],[19.390906,51.807968],[19.390833,51.807854],[19.390451,51.807174],[19.390388,51.807053],[19.390338,51.806937],[19.390298,51.806844],[19.390275,51.806793],[19.390174,51.806619],[19.390042,51.806385],[19.389992,51.806323],[19.389961,51.806284],[19.389886,51.806182],[19.389702,51.805853],[19.38961,51.805689],[19.389525,51.805513],[19.389508,51.805476],[19.389478,51.805414],[19.389389,51.805229],[19.389163,51.804827],[19.388977,51.80453],[19.38886,51.804317],[19.388791,51.804165],[19.38876,51.804088],[19.388725,51.803993],[19.388697,51.803894],[19.388669,51.803768],[19.388646,51.803654],[19.388618,51.803497],[19.388617,51.80342],[19.388615,51.803346],[19.388602,51.803266],[19.388588,51.803189],[19.38854,51.802924],[19.388534,51.802887],[19.388498,51.802695],[19.388492,51.802654],[19.388459,51.802478],[19.388414,51.802328],[19.388397,51.802251],[19.388354,51.802015],[19.388348,51.801989],[19.388339,51.801945],[19.388306,51.801765],[19.388274,51.801516],[19.388272,51.801497],[19.388244,51.801362],[19.388209,51.801208],[19.388171,51.80111],[19.3881,51.800952],[19.387955,51.800675],[19.387866,51.800502],[19.387786,51.800349],[19.387751,51.800298],[19.387678,51.800198],[19.387555,51.800035],[19.387506,51.799969],[19.387445,51.79989],[19.387378,51.799802],[19.387356,51.799773],[19.387288,51.799733],[19.387132,51.799659],[19.387062,51.799606],[19.387019,51.799558],[19.386988,51.799516],[19.386893,51.799342],[19.386866,51.799292],[19.386853,51.79927],[19.386794,51.799161],[19.386727,51.79904],[19.386686,51.798961],[19.386669,51.798927],[19.386633,51.798859],[19.386622,51.798837],[19.386616,51.798826],[19.386584,51.798761],[19.386563,51.798716],[19.386548,51.798674],[19.38653,51.798612],[19.386517,51.798554],[19.386492,51.798417],[19.386499,51.798397],[19.386514,51.798377],[19.386553,51.798341],[19.386566,51.798323],[19.386569,51.798303],[19.386553,51.79824],[19.386482,51.798006],[19.386459,51.797933],[19.38639,51.797763],[19.386318,51.797602],[19.386059,51.79709],[19.386037,51.797047],[19.386015,51.797022],[19.385988,51.796998],[19.385956,51.796963],[19.385892,51.796841],[19.385853,51.796766],[19.385811,51.796679],[19.385795,51.796655],[19.38578,51.796636],[19.385753,51.796609]]},"properties":{"name":"Kaczeńcowa"}},{"type":"Feature","geometry":{"type":"LineString","coordinates":[[19.384559,51.793981],[19.384563,51.794008],[19.384569,51.79406],[19.384577,51.794089],[19.384592,51.794186],[19.384593,51.794268]]},"properties":{"name":"Kaczeńcowa"}},{"type":"Feature","geometry":{"type":"LineString","coordinates":[[19.385809,51.796423],[19.385783,51.796408],[19.385763,51.796392],[19.385733,51.796358],[19.385714,51.796329],[19.385695,51.796294],[19.385622,51.796153],[19.385601,51.796125],[19.385553,51.796072]]},"properties":{"name":"Kaczeńcowa"}},{"type":"Feature","geometry":{"type":"LineString","coordinates":[[19.385898,51.796561],[19.385899,51.79658],[19.385903,51.796603],[19.38597,51.796766],[19.385995,51.796827],[19.386007,51.796861],[19.386016,51.796896],[19.386029,51.79701],[19.386037,51.797047]]},"properties":{"name":"Kaczeńcowa"}},{"type":"Feature","geometry":{"type":"LineString","coordinates":[[19.385651,51.796449],[19.385648,51.796417],[19.385638,51.79638],[19.385625,51.796348],[19.385608,51.796311],[19.385587,51.796269],[19.385575,51.796224],[19.385565,51.796129],[19.385553,51.796072],[19.385541,51.796049],[19.385478,51.79593],[19.385431,51.795844],[19.3854,51.795796],[19.385335,51.795715],[19.385296,51.795654],[19.384962,51.79501],[19.384924,51.794942],[19.384856,51.794826],[19.384736,51.794586],[19.38464,51.794382],[19.384625,51.794345],[19.384593,51.794268],[19.384538,51.794196],[19.384483,51.794104],[19.384465,51.794077],[19.384428,51.79403],[19.384405,51.794002]]},"properties":{"name":"Kaczeńcowa"}},{"type":"Feature","geometry":{"type":"LineString","coordinates":[[19.378981,51.812248],[19.379122,51.81219],[19.379164,51.812173],[19.379177,51.812168],[19.379319,51.812114],[19.37946,51.812062],[19.379481,51.812054],[19.379817,51.811931],[19.380029,51.811859],[19.380077,51.811843],[19.38011,51.811833],[19.380422,51.811737],[19.380681,51.811666],[19.3809,51.811611],[19.381041,51.811577],[19.381214,51.811536],[19.381431,51.81149],[19.381505,51.811475],[19.381717,51.811436],[19.381956,51.811391],[19.382519,51.811288],[19.383056,51.811191],[19.38309,51.811185],[19.38327,51.811152],[19.383681,51.811077],[19.384014,51.811016],[19.384596,51.81091],[19.384771,51.810877],[19.384959,51.810843],[19.385009,51.810834],[19.385216,51.810794],[19.385325,51.81077],[19.385392,51.810755],[19.385688,51.810689],[19.385782,51.810668],[19.386473,51.81051],[19.387023,51.810385],[19.388069,51.810147],[19.388318,51.810091],[19.388388,51.810074],[19.389035,51.809926],[19.38953,51.809813],[19.389719,51.809769],[19.389989,51.809707],[19.39021,51.809657],[19.390267,51.809644],[19.390704,51.809544],[19.390747,51.809534],[19.390996,51.809474],[19.391145,51.809438],[19.391344,51.809389],[19.391376,51.809381],[19.391427,51.809368],[19.391452,51.809363],[19.391527,51.809343],[19.391687,51.809303],[19.392057,51.809204],[19.392111,51.80919],[19.392169,51.809174],[19.392846,51.808995],[19.392968,51.808963],[19.393312,51.808872],[19.39348,51.808827],[19.393537,51.808812],[19.39359,51.808798],[19.393878,51.808724],[19.394155,51.808661],[19.394196,51.808652],[19.394332,51.808621],[19.394538,51.808576],[19.394597,51.808562],[19.395037,51.808465],[19.395401,51.808382],[19.395774,51.808292],[19.395808,51.808283],[19.395862,51.80827],[19.395885,51.808265],[19.395982,51.808241],[19.396022,51.808232]]},"properties":{"name":"Świętej Teresy od Dzieciątka Jezus"}},{"type":"Feature","geometry":{"type":"LineString","coordinates":[[19.378605,51.812537],[19.37862,51.812515],[19.378635,51.812495],[19.378654,51.812473],[19.378679,51.812452],[19.378698,51.812439],[19.378723,51.812426],[19.378743,51.812416],[19.378798,51.812388],[19.378855,51.812361],[19.37891,51.812326],[19.378981,51.812248],[19.378843,51.812277],[19.378721,51.812316],[19.378665,51.812335],[19.378621,51.812347],[19.378579,51.812356],[19.37857,51.812357],[19.378511,51.812363],[19.378404,51.812369]]},"properties":{"name":"Świętej Teresy od Dzieciątka Jezus"}},{"type":"Feature","geometry":{"type":"LineString","coordinates":[[19.411735,51.80601],[19.411805,51.806016],[19.411915,51.806022],[19.411996,51.806022],[19.412025,51.80602],[19.412055,51.806018],[19.412109,51.806013],[19.412251,51.805994],[19.41274,51.805923],[19.414373,51.805665],[19.41457,51.805634],[19.414796,51.805598],[19.415095,51.80555],[19.416251,51.805366],[19.417419,51.80518],[19.417626,51.805147],[19.418427,51.805018],[19.418761,51.804962],[19.418956,51.804928],[19.419031,51.804916],[19.419202,51.804883],[19.41931,51.804863],[19.419316,51.804861],[19.419755,51.804775],[19.419804,51.804765],[19.420216,51.804683],[19.420532,51.80462],[19.420734,51.80458],[19.420887,51.804549],[19.421075,51.804514],[19.42133,51.804473],[19.421538,51.804444],[19.421701,51.804427],[19.42186,51.804416],[19.422027,51.804413],[19.422193,51.804416],[19.422353,51.804425],[19.422622,51.804446],[19.423019,51.804474],[19.423134,51.804482],[19.423298,51.804491],[19.423594,51.804507],[19.423658,51.804512],[19.423911,51.804534],[19.424053,51.804546],[19.424229,51.804561],[19.424286,51.804566],[19.424748,51.804604],[19.424805,51.804619],[19.424938,51.804656],[19.425018,51.80467],[19.425199,51.804685],[19.425249,51.80469],[19.42553,51.804714],[19.425617,51.804719],[19.42573,51.804723],[19.425991,51.804708]]},"properties":{"name":"Świętej Teresy od Dzieciątka Jezus"}},{"type":"Feature","geometry":{"type":"LineString","coordinates":[[19.391116,51.825954],[19.391231,51.82613],[19.391274,51.826196],[19.391295,51.826228],[19.391306,51.826245],[19.391365,51.826337],[19.392234,51.82767],[19.392634,51.828287],[19.393,51.828856],[19.393734,51.829995],[19.394809,51.831674],[19.395342,51.832504],[19.395879,51.833338],[19.396339,51.834072],[19.396398,51.834163],[19.396443,51.834234],[19.396469,51.834269],[19.397074,51.835208],[19.39826,51.837025],[19.398409,51.837259],[19.398484,51.837376],[19.39886,51.837973],[19.399314,51.838667],[19.399562,51.839054],[19.39968,51.839249],[19.39973,51.839347],[19.399775,51.839447],[19.399805,51.839517],[19.39984,51.839611],[19.399855,51.839654],[19.399881,51.839724],[19.3999,51.839795],[19.4002,51.840802],[19.400215,51.840853],[19.400286,51.841079],[19.400407,51.841472],[19.400468,51.84167],[19.400484,51.841726],[19.400543,51.841912],[19.400557,51.841954],[19.400603,51.842103],[19.400669,51.842321],[19.400753,51.842597],[19.400803,51.842758],[19.400831,51.84285],[19.40092,51.843143],[19.401101,51.84373],[19.40123,51.844164],[19.401323,51.844452],[19.401337,51.844501],[19.401385,51.844656],[19.401406,51.844731],[19.4015,51.845041],[19.401572,51.845263],[19.401633,51.845462],[19.401695,51.845663],[19.401766,51.8459],[19.401815,51.846066],[19.40183,51.846114],[19.401863,51.84622],[19.40191,51.846372],[19.402005,51.846677],[19.402055,51.846844],[19.402107,51.847012],[19.402128,51.847082],[19.402151,51.847162],[19.402174,51.847245],[19.402184,51.847281],[19.40222,51.847408],[19.402309,51.847735],[19.402345,51.847895],[19.402413,51.848215],[19.402436,51.848304],[19.40245,51.848383],[19.402462,51.848478],[19.402471,51.848572],[19.402469,51.848673],[19.40247,51.848814],[19.402439,51.849123],[19.402435,51.849162],[19.402394,51.84947],[19.402362,51.849714]]},"properties":{"name":"Konstantynowska"}},{"type":"Feature","geometry":{"type":"LineString","coordinates":[[19.402434,51.849918],[19.402411,51.849867],[19.402399,51.849837],[19.402394,51.849797],[19.40238,51.849747],[19.402362,51.849714],[19.402337,51.849748],[19.40232,51.84979],[19.402302,51.849816],[19.402275,51.849841],[19.402221,51.849871]]},"properties":{"name":"Konstantynowska"}},{"type":"Feature","geometry":{"type":"LineString","coordinates":[[19.423405,51.768241],[19.423031,51.768139],[19.422971,51.76812],[19.422908,51.768098],[19.422767,51.768046],[19.42254,51.767955],[19.421678,51.767606],[19.421602,51.767576],[19.421514,51.767536],[19.421435,51.767494],[19.421359,51.767449],[19.421302,51.767411],[19.42127,51.767387],[19.421232,51.767354],[19.421182,51.767305],[19.421134,51.76726],[19.421088,51.767222],[19.421027,51.767178],[19.42096,51.76714]]},"properties":{"name":"Konstantynowska"}},{"type":"Feature","geometry":{"type":"LineString","coordinates":[[19.423476,51.768141],[19.423242,51.768077],[19.423067,51.76802],[19.422918,51.767963],[19.422065,51.767591],[19.421907,51.767521],[19.421735,51.767444],[19.421696,51.767427],[19.421523,51.76735],[19.421384,51.767291],[19.42125,51.767241],[19.42096,51.76714],[19.420893,51.767117],[19.420822,51.767092],[19.416099,51.765423],[19.413159,51.764378],[19.412994,51.76432],[19.412593,51.764176],[19.41238,51.764099],[19.412261,51.764058],[19.412197,51.764035],[19.412112,51.764005],[19.41105,51.763626],[19.409006,51.762893],[19.408632,51.762745],[19.40844,51.762674],[19.408155,51.762577],[19.408087,51.762553],[19.407821,51.762462],[19.407674,51.762412],[19.407405,51.762321],[19.407359,51.762305],[19.407294,51.762283],[19.406881,51.762143],[19.406629,51.762057],[19.406449,51.761995],[19.406394,51.761976],[19.406243,51.761924],[19.40598,51.761833],[19.405916,51.76181],[19.405764,51.761757],[19.405682,51.761729],[19.405489,51.761661],[19.405211,51.761562],[19.404877,51.761444],[19.404846,51.761433],[19.404632,51.761358],[19.404491,51.761308],[19.404049,51.761154],[19.403976,51.761126],[19.403791,51.761061],[19.403603,51.760995],[19.403101,51.760818],[19.402532,51.760617],[19.401873,51.760384],[19.400263,51.759815],[19.39961,51.759581],[19.39937,51.759495],[19.399151,51.759416],[19.399119,51.759405],[19.399003,51.759363],[19.398878,51.759319],[19.398731,51.759267],[19.398497,51.759183],[19.398462,51.759171],[19.398296,51.759113],[19.397801,51.758945],[19.397572,51.758866],[19.39662,51.758528],[19.394886,51.757919],[19.39299,51.75725],[19.392583,51.757107],[19.391803,51.756831],[19.391277,51.756646],[19.389292,51.755946],[19.387802,51.755421],[19.387367,51.755266],[19.387222,51.755213],[19.387096,51.755159],[19.386978,51.755101],[19.386808,51.755007],[19.386692,51.754982],[19.386575,51.75492],[19.386421,51.754835],[19.386384,51.754815],[19.386329,51.754797]]},"properties":{"name":"Konstantynowska"}},{"type":"Feature","geometry":{"type":"LineString","coordinates":[[19.31876,51.811953],[19.318744,51.811833],[19.31875,51.811734],[19.318769,51.811637],[19.318804,51.811537],[19.318858,51.811415],[19.319138,51.810919],[19.319305,51.810631],[19.319359,51.810534],[19.319542,51.810205],[19.319556,51.810179],[19.320087,51.809238],[19.320246,51.808962],[19.32058,51.808364],[19.320888,51.80781],[19.320954,51.807693],[19.321113,51.807409],[19.321599,51.806543],[19.322025,51.805786],[19.322129,51.805603],[19.322626,51.804716],[19.322825,51.804328],[19.322885,51.804199],[19.323022,51.803943],[19.323054,51.803891],[19.323418,51.803298],[19.323492,51.803177],[19.323551,51.803059],[19.32362,51.802902],[19.323674,51.80273],[19.323698,51.802626],[19.32366,51.802474],[19.323654,51.802321],[19.32364,51.802277],[19.323623,51.802247],[19.323589,51.802215]]},"properties":{"name":"Konstantynowska"}},{"type":"Feature","geometry":{"type":"LineString","coordinates":[[19.31903,51.812396],[19.318973,51.812359],[19.318931,51.812307],[19.318918,51.812276],[19.318885,51.812212],[19.318825,51.812059],[19.31876,51.811953],[19.318746,51.81207],[19.318779,51.812185],[19.318821,51.812297],[19.318825,51.812328],[19.318844,51.812387],[19.318848,51.812439]]},"properties":{"name":"Konstantynowska"}},{"type":"Feature","geometry":{"type":"LineString","coordinates":[[19.320854,51.815869],[19.32082,51.815801],[19.320806,51.815773],[19.320786,51.815735],[19.320453,51.815141],[19.320338,51.814938],[19.320125,51.81456],[19.32006,51.814442],[19.319933,51.814216],[19.319583,51.813589],[19.319497,51.813515],[19.319414,51.813366],[19.319338,51.813229],[19.319087,51.812779],[19.319066,51.812737],[19.31905,51.81271],[19.319026,51.812679],[19.318982,51.812655]]},"properties":{"name":"Konstantynowska"}},{"type":"Feature","geometry":{"type":"LineString","coordinates":[[19.319158,51.812616],[19.319157,51.812649],[19.319157,51.812666],[19.319174,51.812715],[19.319188,51.812757],[19.319412,51.81318],[19.319428,51.81321],[19.319502,51.81335],[19.319569,51.813491],[19.319583,51.813589]]},"properties":{"name":"Konstantynowska"}},{"type":"Feature","geometry":{"type":"LineString","coordinates":[[19.323896,51.802208],[19.323836,51.802253],[19.323812,51.802285],[19.323797,51.802325],[19.323774,51.80247],[19.323698,51.802626]]},"properties":{"name":"Konstantynowska"}},{"type":"Feature","geometry":{"type":"LineString","coordinates":[[19.371539,51.751493],[19.37166,51.751517],[19.371786,51.751541],[19.371917,51.751566],[19.372059,51.751594],[19.372087,51.751599],[19.372225,51.751626],[19.372397,51.751661],[19.372501,51.751681],[19.372533,51.751688],[19.372619,51.751704],[19.372772,51.751735],[19.372907,51.751762],[19.373554,51.7519],[19.374812,51.752149],[19.374895,51.752165],[19.376666,51.752509],[19.376986,51.752572],[19.377334,51.752643],[19.379437,51.753066],[19.380386,51.753255],[19.38059,51.753295],[19.380808,51.753338],[19.381125,51.753389],[19.381284,51.753415],[19.381656,51.753476],[19.381882,51.753518],[19.382122,51.753561],[19.382276,51.753587],[19.38243,51.753614],[19.382576,51.753643],[19.382755,51.753685],[19.382953,51.753739],[19.383226,51.753818],[19.383532,51.753916],[19.383733,51.753986],[19.384865,51.754384],[19.385006,51.754429],[19.385118,51.754463],[19.385233,51.754492],[19.385356,51.754517],[19.385466,51.754536]]},"properties":{"name":"Konstantynowska"}},{"type":"Feature","geometry":{"type":"LineString","coordinates":[[19.386017,51.754547],[19.385946,51.754551],[19.385868,51.754548],[19.385788,51.754542],[19.385564,51.754517],[19.385466,51.754536],[19.385547,51.754574],[19.385661,51.754594],[19.385758,51.754618],[19.385835,51.754644],[19.385928,51.75469],[19.386034,51.754751]]},"properties":{"name":"Konstantynowska"}},{"type":"Feature","geometry":{"type":"LineString","coordinates":[[19.3865,51.754672],[19.386509,51.754705],[19.386521,51.754733],[19.386537,51.754765],[19.386558,51.754792],[19.386588,51.754823],[19.386622,51.75485],[19.386707,51.754914],[19.38675,51.754943],[19.386808,51.755007]]},"properties":{"name":"Konstantynowska"}},{"type":"Feature","geometry":{"type":"LineString","coordinates":[[19.402459,51.849949],[19.402532,51.850014],[19.402565,51.850042],[19.402618,51.850074],[19.402719,51.850132],[19.402766,51.850158]]},"properties":{"name":"Jana Śniechowskiego"}},{"type":"Feature","geometry":{"type":"LineString","coordinates":[[19.407853,51.851956],[19.407735,51.851909],[19.407627,51.851868],[19.407137,51.851696],[19.406574,51.851498],[19.405752,51.851206],[19.404745,51.850849],[19.404103,51.850622],[19.403994,51.850584],[19.403681,51.85047],[19.403117,51.850278],[19.402895,51.850202],[19.402766,51.850158],[19.402718,51.850147],[19.402681,51.85014],[19.402574,51.85012],[19.402522,51.850109],[19.402467,51.850099],[19.402393,51.850081]]},"properties":{"name":"Jana Śniechowskiego"}},{"type":"Feature","geometry":{"type":"LineString","coordinates":[[19.407853,51.851956],[19.408055,51.852045],[19.408115,51.852076],[19.408161,51.852116],[19.408186,51.852167],[19.408173,51.852219],[19.408099,51.852344],[19.408044,51.852431],[19.408031,51.852483],[19.408041,51.852539],[19.408109,51.852726],[19.408147,51.852825],[19.408175,51.852908],[19.408321,51.853302],[19.408388,51.853504],[19.408611,51.854142],[19.408648,51.854248],[19.40869,51.854368],[19.40883,51.854767],[19.408889,51.854932],[19.408894,51.854951],[19.408962,51.855149],[19.409025,51.855318],[19.409077,51.855472],[19.409113,51.855575],[19.409147,51.855677],[19.409182,51.855792]]},"properties":{"name":"Księdza Jerzego Popiełuszki"}},{"type":"Feature","geometry":{"type":"LineString","coordinates":[[19.383817,51.740494],[19.383425,51.741057],[19.383412,51.741075],[19.38322,51.741356],[19.383097,51.74155],[19.383029,51.741662],[19.382997,51.741716],[19.382843,51.741984],[19.382764,51.742133],[19.382754,51.74215],[19.382737,51.742185],[19.3827,51.742263],[19.382637,51.742395],[19.382577,51.742528],[19.38254,51.742616],[19.382526,51.742654],[19.382515,51.742682],[19.382437,51.74288],[19.382315,51.743187],[19.382157,51.743587],[19.382112,51.743701],[19.382073,51.743801],[19.382059,51.74384],[19.381964,51.744075],[19.381934,51.74415],[19.381922,51.744185],[19.381894,51.744256],[19.381712,51.744714],[19.381686,51.744779],[19.381518,51.745201],[19.381316,51.745711],[19.381296,51.745764],[19.381222,51.745946],[19.381215,51.745964],[19.381204,51.745995],[19.381192,51.746031],[19.381183,51.746066],[19.381178,51.746093],[19.381177,51.746119],[19.381179,51.74615],[19.381185,51.746181],[19.381196,51.746215],[19.38121,51.74625],[19.381228,51.746285],[19.381247,51.746318],[19.381274,51.746362]]},"properties":{"name":"Księdza Jerzego Popiełuszki"}},{"type":"Feature","geometry":{"type":"LineString","coordinates":[[19.386627,51.736422],[19.386565,51.73654],[19.386494,51.736641],[19.386462,51.736686],[19.386227,51.737022],[19.38609,51.73722],[19.386018,51.737321],[19.385898,51.737494],[19.385874,51.737528],[19.385756,51.737706],[19.385599,51.737926],[19.385036,51.738739],[19.384677,51.739258],[19.38462,51.739338],[19.384587,51.739387],[19.384568,51.739413],[19.384472,51.739549],[19.384379,51.73968],[19.384194,51.73995],[19.384095,51.740093],[19.384007,51.74022],[19.38386,51.740432],[19.383817,51.740494],[19.383784,51.740691],[19.383756,51.740802],[19.383739,51.74085],[19.383715,51.740911],[19.383686,51.740967],[19.383664,51.741001],[19.383595,51.741104],[19.383584,51.74112],[19.38352,51.741215],[19.383366,51.741448],[19.383299,51.741549],[19.383187,51.741725],[19.383094,51.741883],[19.382955,51.74214],[19.382943,51.742163],[19.382934,51.74218],[19.382917,51.742214],[19.382864,51.742324],[19.382838,51.742381],[19.382762,51.742553],[19.382723,51.742647],[19.382671,51.742776],[19.382663,51.742798],[19.382596,51.742964],[19.382553,51.743048],[19.382518,51.743106],[19.382485,51.743157],[19.382445,51.74321],[19.382288,51.743398],[19.382205,51.743508],[19.382157,51.743587]]},"properties":{"name":"Księdza Jerzego Popiełuszki"}},{"type":"Feature","geometry":{"type":"LineString","coordinates":[[19.409182,51.855792],[19.409334,51.855771],[19.409811,51.855704],[19.409869,51.855696],[19.41038,51.855613],[19.411011,51.855519],[19.411604,51.85543],[19.411751,51.855408],[19.411937,51.85538],[19.41251,51.855295],[19.412544,51.855291],[19.412923,51.855234],[19.413476,51.855151],[19.41359,51.855129],[19.413708,51.855106],[19.414778,51.854946],[19.415721,51.854806],[19.415854,51.854793],[19.416132,51.854752],[19.41631,51.854725],[19.416493,51.854697],[19.416668,51.854672],[19.416932,51.85463],[19.417171,51.854593],[19.417282,51.854576],[19.417857,51.854487],[19.418409,51.854405],[19.418539,51.854385],[19.419431,51.854258],[19.419525,51.854243],[19.419689,51.854215],[19.419717,51.854212],[19.420056,51.854161],[19.420636,51.854071],[19.420761,51.854051],[19.42094,51.854023],[19.421078,51.854001],[19.421501,51.853941],[19.421902,51.853881],[19.422153,51.853842],[19.422508,51.853788],[19.422675,51.853762],[19.422797,51.853742],[19.42293,51.853723],[19.42323,51.853679],[19.423587,51.853625],[19.423682,51.85361],[19.423942,51.853575],[19.424157,51.853547],[19.424483,51.8535],[19.424591,51.853485],[19.424763,51.853462],[19.424906,51.853442],[19.425448,51.853361],[19.426179,51.853251],[19.426569,51.853193],[19.426723,51.853169],[19.426937,51.853135],[19.427241,51.853088],[19.42758,51.853037],[19.428648,51.852875],[19.42917,51.852796],[19.42958,51.852734],[19.429679,51.852721],[19.429827,51.852699],[19.434827,51.851949],[19.435037,51.851917],[19.435231,51.851888],[19.435317,51.851874],[19.436165,51.851748],[19.436459,51.851704],[19.436638,51.851677],[19.437445,51.851554],[19.438084,51.851457],[19.438634,51.851372],[19.439473,51.851245],[19.440953,51.85102],[19.441727,51.850902],[19.442085,51.850848],[19.44225,51.850822],[19.442378,51.850803],[19.442437,51.850794],[19.442677,51.850758],[19.443061,51.8507],[19.443256,51.850669],[19.443735,51.850597],[19.443873,51.850576],[19.444887,51.850423],[19.445174,51.85038],[19.445325,51.850357]]},"properties":{"name":"Długa"}},{"type":"Feature","geometry":{"type":"LineString","coordinates":[[19.416493,51.854697],[19.416548,51.854815],[19.416611,51.854964],[19.416674,51.855127],[19.416703,51.855203],[19.417129,51.856304],[19.417165,51.856386],[19.417198,51.856472],[19.417739,51.857882],[19.417805,51.858054],[19.417836,51.858137],[19.417873,51.858242],[19.417938,51.858463]]},"properties":{"name":"1 Maja"}},{"type":"Feature","geometry":{"type":"LineString","coordinates":[[19.417966,51.85858],[19.417939,51.858857],[19.417938,51.858872],[19.417937,51.858899],[19.41788,51.85898],[19.417824,51.859064],[19.417348,51.859768],[19.416881,51.86047],[19.416791,51.860599],[19.416776,51.860622],[19.416758,51.860644],[19.416338,51.861273],[19.41622,51.861447],[19.416099,51.861627],[19.416079,51.861663],[19.415836,51.862015],[19.415755,51.862144],[19.415719,51.862207],[19.415673,51.862253]]},"properties":{"name":"1 Maja"}},{"type":"Feature","geometry":{"type":"LineString","coordinates":[[19.323232,51.743387],[19.32346,51.74334],[19.323498,51.743333],[19.324778,51.743085],[19.324955,51.743051],[19.325096,51.743023],[19.327255,51.742591],[19.327561,51.74253],[19.327608,51.742521],[19.32877,51.742289],[19.329881,51.742061],[19.329964,51.742044],[19.330046,51.742027],[19.330115,51.742014],[19.33022,51.741993],[19.332261,51.741584],[19.33245,51.741544],[19.332527,51.741523],[19.332581,51.741506],[19.332657,51.74148],[19.332725,51.741452],[19.332777,51.741429],[19.332832,51.741399]]},"properties":{"name":"1 Maja"}},{"type":"Feature","geometry":{"type":"LineString","coordinates":[[19.295671,51.817592],[19.295705,51.817651],[19.296488,51.819063],[19.297382,51.820655],[19.297423,51.820744],[19.297447,51.820817],[19.29759,51.821087],[19.297724,51.821337],[19.298135,51.822099],[19.298182,51.822189],[19.298331,51.822468],[19.298806,51.82335],[19.299346,51.824347],[19.299457,51.824551]]},"properties":{"name":"1 Maja"}},{"type":"Feature","geometry":{"type":"LineString","coordinates":[[19.415673,51.862253],[19.415363,51.862232],[19.415035,51.862203],[19.414844,51.862184],[19.414655,51.862157],[19.41454,51.862136],[19.414423,51.862109],[19.414176,51.862045],[19.413817,51.861946],[19.413541,51.86187],[19.413427,51.861837],[19.413131,51.86176],[19.412992,51.861727],[19.412803,51.861691],[19.412621,51.861664],[19.412303,51.861623],[19.411913,51.861578],[19.411816,51.861567],[19.41174,51.861559],[19.411628,51.861547],[19.411035,51.861477],[19.409641,51.861309],[19.409249,51.861255],[19.408922,51.8612],[19.408869,51.861189],[19.408512,51.861114],[19.408334,51.861077],[19.408285,51.861067],[19.407924,51.860998],[19.407433,51.86089]]},"properties":{"name":"Józefa Piłsudskiego"}},{"type":"Feature","geometry":{"type":"LineString","coordinates":[[19.406938,51.860856],[19.407061,51.860866],[19.407283,51.860874],[19.407433,51.86089],[19.4071,51.860801],[19.406963,51.860774],[19.406877,51.860758]]},"properties":{"name":"Józefa Piłsudskiego"}},{"type":"Feature","geometry":{"type":"LineString","coordinates":[[19.406605,51.860385],[19.406627,51.860588],[19.406648,51.860801],[19.40667,51.861012],[19.406688,51.861186],[19.406722,51.861489],[19.406735,51.861617],[19.406752,51.861789],[19.406836,51.862618],[19.406881,51.86306],[19.406998,51.864186]]},"properties":{"name":"Piątkowska"}},{"type":"Feature","geometry":{"type":"LineString","coordinates":[[19.406376,51.858483],[19.406318,51.85845],[19.406276,51.858431],[19.406132,51.85837],[19.406092,51.858351],[19.406069,51.85834]]},"properties":{"name":"Piątkowska"}},{"type":"Feature","geometry":{"type":"LineString","coordinates":[[19.406688,51.861186],[19.406603,51.861192],[19.406553,51.861202],[19.406508,51.861223],[19.406465,51.861252],[19.40592,51.861711],[19.405835,51.86179]]},"properties":{"name":"Poprzeczna"}},{"type":"Feature","geometry":{"type":"LineString","coordinates":[[19.405835,51.86179],[19.405806,51.861746],[19.405751,51.861661],[19.405696,51.861482],[19.405533,51.860778]]},"properties":{"name":"Bolesława Prusa"}},{"type":"Feature","geometry":{"type":"LineString","coordinates":[[19.404961,51.859226],[19.4048,51.85936],[19.404627,51.859511],[19.404523,51.859605],[19.404337,51.859772],[19.404215,51.859879],[19.404105,51.859977],[19.403661,51.860371],[19.403351,51.860637],[19.403282,51.860695],[19.403137,51.860823],[19.402553,51.861338],[19.402015,51.861804],[19.401899,51.86192],[19.401794,51.862043],[19.401679,51.862181],[19.401654,51.862212],[19.401528,51.862378],[19.401493,51.862424],[19.401315,51.862659],[19.401172,51.862848],[19.401097,51.862947],[19.400846,51.863287],[19.400722,51.86345]]},"properties":{"name":"Łęczycka"}},{"type":"Feature","geometry":{"type":"LineString","coordinates":[[19.404961,51.859226],[19.405013,51.859184],[19.40514,51.859082],[19.405175,51.859054],[19.405209,51.859026],[19.405493,51.858794],[19.405551,51.858763],[19.405652,51.858707],[19.405852,51.858542],[19.405971,51.858438],[19.406069,51.85834]]},"properties":{"name":"Aleja Armii Krajowej"}},{"type":"Feature","geometry":{"type":"LineString","coordinates":[[19.400722,51.86345],[19.40059,51.863435],[19.400473,51.863423],[19.400121,51.863389],[19.399928,51.863369],[19.399667,51.863339],[19.399341,51.863305],[19.398909,51.863254],[19.398648,51.863224],[19.398421,51.863183],[19.397726,51.863056],[19.397563,51.863025],[19.397062,51.862928],[19.396964,51.862909],[19.396803,51.862875],[19.396657,51.862834],[19.396536,51.862791],[19.396393,51.862727],[19.396374,51.862717],[19.396254,51.862654],[19.396222,51.862637],[19.396058,51.862541],[19.39595,51.862471],[19.395486,51.862146],[19.394693,51.861601],[19.394643,51.861566],[19.394464,51.861438],[19.394261,51.861299],[19.394231,51.861278],[19.394082,51.861181],[19.393963,51.861103],[19.39394,51.861088],[19.393908,51.861063],[19.393836,51.861014],[19.393445,51.860747],[19.39327,51.860629],[19.392998,51.860443],[19.392531,51.860067],[19.392426,51.859977],[19.392148,51.859711],[19.391876,51.859447],[19.39182,51.859394],[19.391727,51.859303],[19.391495,51.85908],[19.391368,51.858958],[19.391247,51.858831],[19.391167,51.858741],[19.391057,51.85858],[19.391021,51.85851],[19.390985,51.858438],[19.390969,51.8584],[19.390954,51.858356],[19.390886,51.858144],[19.390776,51.857729],[19.390751,51.857615],[19.390696,51.857425]]},"properties":{"name":"Konstantego Ildefonsa Gałczyńskiego"}},{"type":"Feature","geometry":{"type":"LineString","coordinates":[[19.390696,51.857425],[19.390373,51.857447],[19.389583,51.857499],[19.388731,51.857567],[19.388219,51.857608],[19.386858,51.857717],[19.386542,51.85774],[19.386174,51.857769],[19.385883,51.85779],[19.385564,51.857811],[19.385233,51.857827],[19.385073,51.857834],[19.384572,51.857854],[19.384328,51.857865],[19.383803,51.857888],[19.383268,51.857911],[19.382944,51.857925],[19.382767,51.857934],[19.380831,51.858042],[19.380655,51.858051],[19.380243,51.858075],[19.379966,51.858089],[19.379703,51.858101],[19.379584,51.858102],[19.379456,51.858098],[19.378886,51.858062],[19.378842,51.858063],[19.378796,51.858065],[19.378765,51.858069],[19.37873,51.858075],[19.378686,51.858086],[19.37864,51.858102],[19.378607,51.858121],[19.378574,51.858142],[19.378548,51.858163],[19.378527,51.858187],[19.378517,51.858206],[19.378507,51.85823],[19.378498,51.858263],[19.378493,51.858286]]},"properties":{"name":"Juliana Tuwima"}},{"type":"Feature","geometry":{"type":"LineString","coordinates":[[19.485822,51.767084],[19.485878,51.767073],[19.485908,51.767071],[19.48594,51.767072],[19.485958,51.767074],[19.485976,51.767076],[19.486011,51.76708],[19.486068,51.767086],[19.486117,51.767086],[19.486187,51.767074],[19.48623,51.767072]]},"properties":{"name":"Juliana Tuwima"}},{"type":"Feature","geometry":{"type":"LineString","coordinates":[[19.485859,51.766974],[19.485902,51.766994],[19.485935,51.767005],[19.485959,51.767009],[19.485977,51.767012],[19.485995,51.767014],[19.48603,51.767018],[19.486059,51.767021],[19.486087,51.767025],[19.486131,51.767036],[19.48619,51.767061],[19.48623,51.767072],[19.486282,51.76708],[19.486331,51.767095],[19.486388,51.767117],[19.48643,51.767141],[19.486462,51.767166],[19.486488,51.767195],[19.486509,51.767228],[19.486521,51.767262],[19.486529,51.767322],[19.486553,51.767512],[19.486555,51.767522]]},"properties":{"name":"Juliana Tuwima"}},{"type":"Feature","geometry":{"type":"LineString","coordinates":[[19.48281,51.767707],[19.48267,51.767694],[19.482654,51.767693],[19.482624,51.76769],[19.482595,51.767688],[19.482435,51.767676],[19.482264,51.767661],[19.482206,51.767656],[19.482136,51.76765],[19.481817,51.767626],[19.481362,51.767593],[19.481216,51.767582],[19.481095,51.767572],[19.480729,51.767544],[19.480553,51.76753],[19.48053,51.767529],[19.48035,51.767516],[19.480104,51.767496],[19.479816,51.767473],[19.479576,51.767457],[19.479401,51.767443],[19.479185,51.767421],[19.478635,51.767376],[19.478546,51.767368],[19.478329,51.767347],[19.478281,51.767343],[19.477927,51.767313],[19.477704,51.767294],[19.477576,51.767283],[19.477029,51.767241],[19.47701,51.76724],[19.476772,51.767221],[19.476731,51.767217],[19.476397,51.767189],[19.476247,51.767178],[19.476089,51.767166],[19.476023,51.767161],[19.475684,51.767131],[19.475547,51.767118],[19.475414,51.767106],[19.475284,51.767093],[19.474853,51.767057],[19.474686,51.767043],[19.474455,51.767024],[19.474179,51.767001],[19.473847,51.766974],[19.473499,51.766946],[19.473479,51.766944],[19.473418,51.766939],[19.473244,51.766924],[19.473171,51.766918],[19.473028,51.766906],[19.472856,51.766891],[19.472848,51.76689],[19.472142,51.76683],[19.472068,51.766824],[19.471669,51.76679],[19.471517,51.766777],[19.471398,51.766766],[19.471262,51.766755],[19.471112,51.766741],[19.47009,51.76665],[19.469788,51.766623],[19.469432,51.766591],[19.469264,51.766576],[19.469107,51.766564],[19.468629,51.766523],[19.468422,51.766505],[19.468032,51.76647],[19.46795,51.766463],[19.467563,51.766429],[19.467242,51.766403],[19.467113,51.766392],[19.467072,51.766389],[19.466918,51.766376],[19.466633,51.766351],[19.466535,51.766343],[19.466472,51.766338],[19.466411,51.766331],[19.466311,51.766318],[19.466288,51.766315],[19.466243,51.766309],[19.465927,51.766282],[19.465805,51.766272],[19.46578,51.76627],[19.465758,51.766268],[19.465623,51.766257],[19.465595,51.766254],[19.46499,51.766202],[19.464742,51.76618],[19.464638,51.766171],[19.464462,51.766156],[19.464232,51.766136],[19.463981,51.766114],[19.463686,51.766088],[19.463651,51.766085],[19.463568,51.766078],[19.463419,51.766065],[19.463112,51.766039],[19.462354,51.765973],[19.461758,51.765921],[19.461704,51.765916],[19.461672,51.765914],[19.461548,51.765903],[19.461424,51.765894],[19.46139,51.765891],[19.461256,51.765879],[19.461053,51.765863],[19.46071,51.765835],[19.460368,51.765808],[19.46006,51.765783],[19.459886,51.765769],[19.459685,51.765753],[19.459645,51.76575],[19.459521,51.765741],[19.459448,51.765734],[19.459408,51.765731],[19.459367,51.765727],[19.459069,51.765703],[19.458842,51.765685],[19.458007,51.765618],[19.457823,51.765603],[19.457368,51.765567],[19.457316,51.765562],[19.457278,51.765559],[19.457241,51.765556],[19.457159,51.765549]]},"properties":{"name":"Juliana Tuwima"}},{"type":"Feature","geometry":{"type":"LineString","coordinates":[[19.378493,51.858286],[19.378363,51.85911],[19.378337,51.859367],[19.378311,51.859434],[19.378301,51.859488],[19.378174,51.860305],[19.378138,51.86051],[19.378023,51.861259],[19.377999,51.86141],[19.377956,51.861684],[19.377822,51.862535],[19.377804,51.86266],[19.377758,51.862957],[19.37772,51.863213],[19.377693,51.863568],[19.377687,51.863666],[19.377685,51.863701],[19.377677,51.863856],[19.377676,51.864047],[19.377684,51.864223],[19.377693,51.864348],[19.377702,51.864432],[19.377718,51.864602],[19.377765,51.864915],[19.377781,51.864996],[19.377832,51.865256],[19.377929,51.865601],[19.377973,51.865762],[19.378055,51.866025],[19.378161,51.866356],[19.378209,51.866496],[19.378256,51.866635],[19.378319,51.866822],[19.378335,51.866871],[19.378379,51.866998],[19.378524,51.867429],[19.378791,51.868225],[19.378934,51.868651],[19.378944,51.868676],[19.378953,51.868695],[19.378973,51.868718],[19.378993,51.868735],[19.379017,51.868748],[19.379046,51.86876]]},"properties":{"name":"Leopolda Staffa"}},{"type":"Feature","geometry":{"type":"LineString","coordinates":[[19.394464,51.861438],[19.394576,51.861373],[19.394672,51.861319],[19.394728,51.861287],[19.395142,51.861052],[19.395407,51.860899],[19.395591,51.860798],[19.395695,51.860743],[19.396403,51.86035],[19.396542,51.860264],[19.397155,51.859924],[19.397177,51.859913],[19.397828,51.859555],[19.397865,51.859536],[19.398062,51.859432],[19.398126,51.859394]]},"properties":{"name":"Parzęczewska"}},{"type":"Feature","geometry":{"type":"LineString","coordinates":[[19.379046,51.86876],[19.379079,51.868771],[19.379109,51.868778],[19.379135,51.868782],[19.379167,51.868786],[19.379198,51.868788],[19.379241,51.868787],[19.379275,51.868784],[19.379319,51.868777],[19.379378,51.868765],[19.379986,51.868649],[19.380291,51.868593],[19.380583,51.868542],[19.380849,51.868498],[19.381099,51.86846],[19.381497,51.868406],[19.381593,51.868392],[19.381764,51.868369],[19.382475,51.868272],[19.382789,51.86823]]},"properties":{"name":"Parzęczewska"}},{"type":"Feature","geometry":{"type":"LineString","coordinates":[[19.398126,51.859394],[19.398226,51.8594],[19.400508,51.859574],[19.400772,51.859606]]},"properties":{"name":"Wspólna"}},{"type":"Feature","geometry":{"type":"LineString","coordinates":[[19.58098,51.846858],[19.58141,51.846825],[19.581811,51.846816],[19.582232,51.846822],[19.582612,51.846836],[19.58264,51.846839],[19.582958,51.846874],[19.583326,51.846927],[19.583381,51.846937],[19.583679,51.846993],[19.584042,51.847073],[19.58642,51.847656],[19.586811,51.847757],[19.587167,51.847866],[19.587824,51.848125],[19.58803,51.848233],[19.588253,51.848376],[19.588501,51.848548],[19.588692,51.848699],[19.588725,51.848725],[19.5904,51.850193],[19.591207,51.850901],[19.592345,51.851827],[19.59238,51.851854],[19.592454,51.851911],[19.5925,51.851942],[19.592596,51.852005],[19.59265,51.852037],[19.592743,51.852088],[19.592967,51.852189],[19.593139,51.852261],[19.593289,51.85231],[19.595511,51.853164],[19.595973,51.853324],[19.596481,51.853463],[19.596945,51.853606],[19.597336,51.853761],[19.597774,51.853953],[19.598221,51.854201],[19.598396,51.854308],[19.598553,51.85443],[19.598673,51.854567],[19.5991,51.855113],[19.599216,51.855271],[19.599443,51.855583],[19.599472,51.855652],[19.59947,51.855732]]},"properties":{"name":"Wspólna"}},{"type":"Feature","geometry":{"type":"LineString","coordinates":[[19.400938,51.859264],[19.400878,51.859394],[19.400772,51.859606]]},"properties":{"name":"Gołębia"}},{"type":"Feature","geometry":{"type":"LineString","coordinates":[[19.404215,51.859879],[19.404152,51.859852],[19.404126,51.859842],[19.404073,51.859825],[19.404021,51.859811],[19.403094,51.859649],[19.402588,51.859561],[19.401638,51.85939],[19.401013,51.859275],[19.400938,51.859264]]},"properties":{"name":"Tadeusza Kościuszki"}},{"type":"Feature","geometry":{"type":"LineString","coordinates":[[19.737655,51.801597],[19.73802,51.801566],[19.738226,51.801547],[19.738388,51.801528],[19.738733,51.801491],[19.73899,51.801463],[19.739212,51.801446],[19.739431,51.801435],[19.739869,51.801411],[19.740016,51.801403],[19.740161,51.801393],[19.740312,51.801379],[19.740458,51.801356],[19.740594,51.801332],[19.740679,51.801317],[19.74112,51.801234],[19.741358,51.801187],[19.741456,51.801169],[19.741557,51.801157],[19.741718,51.801138],[19.741897,51.801124],[19.742106,51.801111],[19.742447,51.801094],[19.742724,51.80108],[19.742909,51.801075],[19.743366,51.801068],[19.743552,51.801062],[19.743755,51.80105],[19.744028,51.80103],[19.744581,51.800977],[19.744805,51.800964],[19.745022,51.80096],[19.745229,51.800961],[19.745432,51.800966],[19.745637,51.800962],[19.747209,51.800845],[19.74738,51.800835],[19.747715,51.800812],[19.748135,51.800783],[19.748182,51.80078],[19.748485,51.800759],[19.748702,51.800745],[19.748747,51.800742],[19.749216,51.800711],[19.749593,51.800686],[19.750513,51.800628],[19.75073,51.800618],[19.750872,51.800616],[19.750973,51.800617],[19.751036,51.800615]]},"properties":{"name":"Tadeusza Kościuszki"}},{"type":"Feature","geometry":{"type":"LineString","coordinates":[[19.601742,51.899434],[19.601599,51.899521],[19.601208,51.899763],[19.601016,51.899882],[19.599939,51.90055],[19.599748,51.900664]]},"properties":{"name":"Tadeusza Kościuszki"}},{"type":"Feature","geometry":{"type":"LineString","coordinates":[[19.21093,51.75374],[19.211129,51.75386],[19.211148,51.753872],[19.211244,51.753932],[19.211608,51.754194],[19.211687,51.754253],[19.21206,51.754571],[19.212106,51.754621],[19.212137,51.754659]]},"properties":{"name":"Tadeusza Kościuszki"}},{"type":"Feature","geometry":{"type":"LineString","coordinates":[[19.414732,51.757926],[19.414657,51.757829],[19.414578,51.75772],[19.414558,51.757693],[19.414532,51.757657],[19.414406,51.757479],[19.414309,51.757341],[19.414272,51.75729],[19.414097,51.757046],[19.413888,51.756764],[19.413812,51.756654],[19.41333,51.755978],[19.413237,51.755847],[19.413151,51.755725],[19.413127,51.755692],[19.41309,51.75564],[19.413045,51.755579],[19.413019,51.755544],[19.412595,51.754968],[19.41255,51.754907],[19.412431,51.754749],[19.412309,51.754581],[19.412229,51.754472],[19.411984,51.754138],[19.411503,51.753487],[19.411394,51.753338],[19.411152,51.753009],[19.410933,51.752711],[19.410822,51.752562],[19.410795,51.752527],[19.410766,51.752487],[19.410693,51.752388],[19.410664,51.752348],[19.410603,51.752263],[19.410579,51.752231],[19.410552,51.752194],[19.410451,51.752055],[19.410382,51.75196],[19.410225,51.751744],[19.410135,51.751625],[19.409935,51.751364],[19.409901,51.751319],[19.409788,51.751179],[19.40968,51.751055],[19.409645,51.751017],[19.409509,51.750869],[19.409415,51.750769],[19.409345,51.750699],[19.409195,51.75055],[19.409124,51.750484],[19.409035,51.750401],[19.408857,51.750242],[19.408747,51.750148],[19.408669,51.750083],[19.408154,51.749661],[19.407843,51.749406],[19.407703,51.749291],[19.407629,51.749231],[19.407456,51.749105],[19.407414,51.749075],[19.407371,51.749044],[19.40732,51.749008]]},"properties":{"name":"Retkińska"}},{"type":"Feature","geometry":{"type":"LineString","coordinates":[[19.405202,51.741202],[19.405163,51.741277],[19.405124,51.741376],[19.405116,51.741395],[19.405103,51.741428],[19.405087,51.741489],[19.405081,51.741521],[19.405079,51.741549],[19.405075,51.741586],[19.405074,51.741617],[19.405074,51.741652],[19.405077,51.741686],[19.405085,51.741744],[19.405094,51.741799],[19.405122,51.741915],[19.405243,51.742435],[19.405302,51.742691],[19.40531,51.742726],[19.405344,51.742883],[19.405364,51.743002],[19.405383,51.743112],[19.405397,51.743233],[19.405407,51.743356],[19.405418,51.74357],[19.405435,51.743924],[19.405445,51.744157],[19.405446,51.74418],[19.40545,51.744322],[19.405449,51.744387],[19.405448,51.744424],[19.405447,51.744465],[19.405446,51.744502],[19.405446,51.744541],[19.405441,51.744639],[19.405436,51.744741],[19.405422,51.74497],[19.405415,51.745087],[19.405411,51.745179],[19.405411,51.745268],[19.405416,51.745457],[19.405422,51.745556],[19.405448,51.745782],[19.405519,51.746221],[19.405533,51.746306],[19.405548,51.746402],[19.40557,51.746535],[19.405576,51.746572],[19.405593,51.746675],[19.405605,51.746732],[19.405631,51.746849],[19.405638,51.746877],[19.405647,51.746917],[19.405675,51.747013],[19.405706,51.747112],[19.405763,51.747262],[19.405806,51.747362],[19.405829,51.747413],[19.405852,51.747463],[19.405914,51.74759],[19.406004,51.747757],[19.40602,51.747788],[19.406097,51.747919],[19.406138,51.747984],[19.406187,51.748053],[19.4062,51.74807],[19.406215,51.74809],[19.406289,51.748181],[19.406407,51.748317],[19.406428,51.748341],[19.406456,51.748371],[19.40657,51.748481],[19.406644,51.748552],[19.406722,51.748617],[19.406828,51.748697],[19.407015,51.748831],[19.407086,51.748877],[19.407162,51.748927],[19.40732,51.749008],[19.407153,51.748845],[19.407102,51.748795],[19.407024,51.748718],[19.406834,51.748542],[19.406795,51.748501],[19.406761,51.748467],[19.406682,51.748385],[19.406606,51.748301],[19.406594,51.748287],[19.406574,51.748264],[19.406493,51.748165],[19.406427,51.748076],[19.406403,51.748041],[19.40631,51.747906],[19.406214,51.747758],[19.406183,51.747707],[19.406025,51.747419],[19.405951,51.747272],[19.405916,51.747202],[19.405884,51.747129],[19.405807,51.746887],[19.405775,51.746767],[19.405753,51.746657],[19.405746,51.746621],[19.405733,51.746544],[19.40573,51.746524],[19.405707,51.746391],[19.405692,51.746293],[19.405692,51.746291],[19.405644,51.745988],[19.405622,51.745844],[19.405598,51.745708],[19.405586,51.745612],[19.405578,51.74552],[19.40557,51.745388],[19.405569,51.745267],[19.405574,51.745141],[19.405587,51.744863],[19.405604,51.744586],[19.405605,51.744536],[19.405607,51.744428],[19.40561,51.74432],[19.405607,51.744178],[19.405606,51.744158],[19.405571,51.743424],[19.405561,51.743281],[19.405546,51.743137],[19.405521,51.742989],[19.405501,51.742869],[19.405469,51.742713],[19.405462,51.742687],[19.405326,51.742104],[19.405248,51.741772],[19.405231,51.741705],[19.405228,51.74167],[19.405228,51.741634],[19.40523,51.741602],[19.405234,51.741563],[19.40524,51.741523],[19.405248,51.741486],[19.405256,51.741457],[19.405267,51.741429],[19.405271,51.741418],[19.405279,51.7414],[19.405351,51.741233]]},"properties":{"name":"Retkińska"}},{"type":"Feature","geometry":{"type":"LineString","coordinates":[[19.423555,51.755567],[19.423493,51.755567],[19.423432,51.755573],[19.423386,51.75558],[19.42335,51.755586],[19.423313,51.755596],[19.423285,51.755604],[19.423212,51.755635],[19.423026,51.755717],[19.423127,51.755772],[19.423225,51.755819],[19.423322,51.755862],[19.423408,51.755897]]},"properties":{"name":"Rondo Marii Kwaśniewskiej-Maleszewskiej"}},{"type":"Feature","geometry":{"type":"LineString","coordinates":[[19.490398,51.662101],[19.490452,51.662031],[19.490957,51.661369],[19.49101,51.661301],[19.491075,51.661233],[19.49184,51.660437],[19.491888,51.660388],[19.491967,51.660306],[19.492147,51.66012],[19.492213,51.660045],[19.492247,51.660007],[19.492353,51.659873],[19.492453,51.659724],[19.49252,51.659605],[19.492582,51.659483],[19.49264,51.659349],[19.492674,51.65925],[19.492703,51.659151],[19.492708,51.659128],[19.492732,51.659014],[19.492756,51.658805],[19.492913,51.657369],[19.492954,51.657061],[19.492961,51.656984],[19.492977,51.656817],[19.492998,51.656574],[19.493202,51.654458],[19.49338,51.652324],[19.493413,51.65196],[19.493452,51.651551],[19.493461,51.651448],[19.493489,51.651141],[19.49357,51.650299],[19.493611,51.649839],[19.493644,51.64946],[19.493716,51.648822],[19.493792,51.648145],[19.493848,51.647717],[19.493882,51.6474],[19.493901,51.647206],[19.493954,51.646741],[19.493964,51.64665],[19.493972,51.646566],[19.493977,51.646518],[19.494036,51.645984],[19.494152,51.644978],[19.494205,51.644434],[19.494228,51.644202],[19.494234,51.644141],[19.494162,51.643924],[19.494138,51.643854],[19.49411,51.643786],[19.494087,51.643756],[19.494065,51.643726],[19.494017,51.643677],[19.493955,51.643629],[19.493905,51.643604],[19.493772,51.643553]]},"properties":{"name":"Tuszyńska"}},{"type":"Feature","geometry":{"type":"LineString","coordinates":[[19.493872,51.643465],[19.494051,51.643553],[19.494121,51.6436],[19.494174,51.643662],[19.494216,51.643713],[19.494254,51.643793],[19.494268,51.643896],[19.494256,51.644066],[19.494234,51.644141]]},"properties":{"name":"Tuszyńska"}},{"type":"Feature","geometry":{"type":"LineString","coordinates":[[19.465972,51.733044],[19.466059,51.732944],[19.466186,51.732796],[19.466224,51.732752],[19.466318,51.732642],[19.466383,51.732567],[19.466491,51.732439],[19.46655,51.732369],[19.466572,51.732344],[19.466919,51.731934],[19.466973,51.731871],[19.467061,51.731767],[19.467241,51.731556],[19.467312,51.731473],[19.46736,51.731417],[19.467439,51.731324],[19.467488,51.731267],[19.468005,51.73067],[19.468045,51.730623],[19.468394,51.730217],[19.468558,51.730025],[19.468627,51.729949],[19.46865,51.729923],[19.468747,51.729824],[19.468786,51.729789],[19.468888,51.7297],[19.468919,51.729672],[19.469157,51.729461],[19.469424,51.729229],[19.469473,51.729187],[19.469532,51.729135],[19.469645,51.729038],[19.469675,51.729011],[19.469756,51.728941],[19.469796,51.728904],[19.469822,51.728881],[19.469832,51.728872],[19.469904,51.728798],[19.469955,51.728747],[19.469969,51.728733],[19.469983,51.728719],[19.470034,51.728668]]},"properties":{"name":"Tuszyńska"}},{"type":"Feature","geometry":{"type":"LineString","coordinates":[[19.610542,51.691733],[19.610752,51.691971],[19.610797,51.692027],[19.610904,51.692157],[19.611303,51.692643],[19.611687,51.693092],[19.611982,51.693443],[19.612568,51.694128],[19.612833,51.694438],[19.613644,51.695382],[19.613658,51.695398],[19.614211,51.69605],[19.614296,51.696148],[19.614322,51.69618],[19.614424,51.696301],[19.614724,51.696658],[19.615531,51.697612],[19.615612,51.697711],[19.616626,51.698903],[19.617172,51.699522],[19.617239,51.699598],[19.618678,51.701262],[19.618696,51.701282],[19.618705,51.701293],[19.618735,51.701328],[19.619158,51.701821],[19.619162,51.701826],[19.619271,51.70195],[19.619463,51.702166],[19.619518,51.702232],[19.619555,51.702275],[19.619589,51.702316],[19.619616,51.702348],[19.619647,51.702385],[19.619711,51.702461],[19.619766,51.702526],[19.619907,51.702694],[19.619964,51.702766],[19.62021,51.703063],[19.620366,51.70326],[19.620373,51.703269],[19.621548,51.704895],[19.621558,51.704908],[19.621617,51.704988],[19.621984,51.705501],[19.622332,51.705971],[19.622673,51.70643],[19.622861,51.706688],[19.622883,51.706716],[19.623036,51.70692],[19.623774,51.707894],[19.623797,51.707924],[19.62402,51.708219],[19.624203,51.708472],[19.624411,51.70876],[19.624422,51.708782],[19.625107,51.709729],[19.625292,51.709986],[19.625341,51.710056],[19.625701,51.71057],[19.625735,51.710619],[19.625768,51.710665],[19.625845,51.71078],[19.625917,51.710891],[19.62623,51.711346],[19.626348,51.711513],[19.626352,51.711519],[19.626728,51.712079],[19.626794,51.712177],[19.626799,51.712184],[19.627015,51.71249],[19.627354,51.712971],[19.627416,51.713063],[19.62745,51.713114],[19.628308,51.714364],[19.628313,51.714372],[19.628392,51.714485],[19.628729,51.714972],[19.628892,51.715214],[19.628971,51.71533],[19.628992,51.715359],[19.62917,51.715603],[19.629203,51.715648],[19.629364,51.715893],[19.629419,51.715972],[19.629485,51.716069],[19.629488,51.716073],[19.629794,51.716515],[19.63004,51.71687],[19.63006,51.716899],[19.630421,51.717423],[19.630466,51.717488],[19.630474,51.717505],[19.630626,51.717732],[19.630804,51.717997],[19.630893,51.71813],[19.631228,51.718626],[19.631274,51.718693],[19.631286,51.718711],[19.631394,51.718875],[19.631924,51.719657],[19.63193,51.719666],[19.632356,51.720293],[19.632362,51.720301],[19.632508,51.720511],[19.632548,51.720568],[19.632776,51.720901],[19.632851,51.721012],[19.632859,51.721025],[19.632942,51.721149],[19.632952,51.721164],[19.633128,51.721423],[19.633175,51.721492],[19.633194,51.721521],[19.633272,51.721635],[19.633283,51.721651],[19.633405,51.721822],[19.633468,51.721902],[19.633504,51.721935],[19.63356,51.721984],[19.63362,51.722027],[19.633797,51.722147],[19.634009,51.722291],[19.634014,51.722294],[19.634071,51.722333],[19.634183,51.72241],[19.634216,51.722432],[19.634294,51.722485],[19.634401,51.722558],[19.634622,51.722708],[19.634673,51.722742],[19.634822,51.722844],[19.634844,51.722859],[19.634862,51.722871],[19.635075,51.723016],[19.635243,51.72313],[19.635258,51.72314],[19.635306,51.723173],[19.635369,51.723216],[19.635458,51.723276],[19.635654,51.72341],[19.63585,51.723543],[19.635944,51.723607],[19.636049,51.723678],[19.636144,51.723742],[19.636307,51.723855],[19.636444,51.72395],[19.636487,51.723979],[19.636624,51.72407],[19.636688,51.724113],[19.636721,51.724136],[19.636789,51.724181],[19.637033,51.724344],[19.63712,51.724402],[19.637145,51.724419],[19.637284,51.724508],[19.637489,51.72464],[19.637813,51.724846],[19.637877,51.724889],[19.637976,51.724955],[19.638223,51.725117],[19.6385,51.725299],[19.63858,51.725351],[19.638655,51.725389]]},"properties":{"name":"Tuszyńska"}},{"type":"Feature","geometry":{"type":"LineString","coordinates":[[19.489722,51.662933],[19.489802,51.662842],[19.489924,51.662699],[19.49004,51.662554],[19.490121,51.662452],[19.490311,51.662211],[19.490398,51.662101]]},"properties":{"name":"Plac 500-lecia"}},{"type":"Feature","geometry":{"type":"LineString","coordinates":[[19.489722,51.662933],[19.489623,51.663046],[19.489354,51.663356],[19.489064,51.663689],[19.48889,51.663895],[19.488854,51.663943],[19.488821,51.663994],[19.488788,51.664052],[19.488761,51.664107],[19.488716,51.664229],[19.488636,51.664462],[19.488516,51.66481],[19.488348,51.66533],[19.488326,51.665396],[19.488202,51.665779],[19.488177,51.665853],[19.488075,51.666152],[19.487945,51.666486]]},"properties":{"name":"Łódzka"}},{"type":"Feature","geometry":{"type":"LineString","coordinates":[[19.48749,51.667147],[19.487531,51.667073],[19.487595,51.666999],[19.487692,51.666897],[19.487779,51.666784],[19.4879,51.666588],[19.487912,51.666568],[19.487945,51.666486],[19.487848,51.66656],[19.487832,51.666573],[19.487695,51.66669],[19.487495,51.666826],[19.487419,51.66689],[19.487345,51.666963],[19.487285,51.667007],[19.487216,51.667044]]},"properties":{"name":"Łódzka"}},{"type":"Feature","geometry":{"type":"LineString","coordinates":[[19.708276,51.803392],[19.708409,51.803383],[19.708849,51.803361],[19.711042,51.803234],[19.712076,51.803174],[19.713775,51.803075],[19.717264,51.802868],[19.718982,51.802767],[19.719676,51.802727],[19.720302,51.802691],[19.720632,51.802671],[19.720825,51.802659],[19.721459,51.802622],[19.722175,51.80258],[19.725403,51.802392],[19.725963,51.802357],[19.727071,51.802288],[19.729211,51.802154],[19.730931,51.802046],[19.731252,51.802026],[19.73158,51.802006],[19.731642,51.802002],[19.731806,51.801991],[19.732007,51.801979],[19.73278,51.801931],[19.733263,51.8019],[19.733951,51.801857],[19.735086,51.80178],[19.73567,51.801741],[19.736026,51.801716],[19.736268,51.801699],[19.737142,51.801634],[19.737655,51.801597]]},"properties":{"name":"Łódzka"}},{"type":"Feature","geometry":{"type":"LineString","coordinates":[[19.476489,51.682719],[19.476572,51.682794],[19.476627,51.682848],[19.476698,51.68289],[19.476786,51.682924],[19.476978,51.682952],[19.477308,51.682446],[19.478107,51.681254],[19.478514,51.680646],[19.478943,51.679986],[19.479079,51.679797],[19.479322,51.679458],[19.480403,51.677843],[19.48043,51.677804],[19.480547,51.67763],[19.481371,51.676393],[19.482389,51.674913],[19.484073,51.672397],[19.484249,51.672138],[19.484373,51.671954],[19.485942,51.66956],[19.486722,51.668363],[19.486753,51.668316],[19.487011,51.667925],[19.487079,51.667822],[19.487147,51.667718],[19.487282,51.667511],[19.487302,51.667479],[19.487314,51.667457],[19.487304,51.667431],[19.487303,51.667425],[19.487292,51.667369],[19.487264,51.667331],[19.487218,51.667305]]},"properties":{"name":"Łódzka"}},{"type":"Feature","geometry":{"type":"LineString","coordinates":[[19.661612,51.725766],[19.661772,51.72585],[19.662171,51.726056],[19.662972,51.72647],[19.663571,51.72678],[19.663978,51.726994],[19.66401,51.727011],[19.664262,51.727143],[19.66432,51.727176],[19.664544,51.727291],[19.664936,51.727498],[19.665322,51.727701],[19.665434,51.727759],[19.665977,51.728044],[19.666416,51.728274],[19.666499,51.728319],[19.667013,51.728588],[19.667538,51.728863],[19.667763,51.728981],[19.66813,51.729172],[19.668338,51.729281],[19.66885,51.729542],[19.668995,51.729616],[19.669305,51.729777],[19.669436,51.729844],[19.669543,51.729897],[19.669555,51.729903],[19.669775,51.73001],[19.669938,51.730098],[19.669964,51.730111],[19.670101,51.73018],[19.670172,51.730212],[19.670244,51.730238],[19.670279,51.73025],[19.670321,51.730259],[19.670384,51.730266],[19.670452,51.730268],[19.670518,51.730263],[19.670573,51.730253],[19.670627,51.730236],[19.670683,51.730216],[19.670733,51.730193],[19.671566,51.729758],[19.671704,51.729678],[19.672577,51.72922],[19.672707,51.72916],[19.672839,51.7291],[19.672908,51.729068],[19.673045,51.729012],[19.673425,51.728862],[19.673706,51.728753],[19.674899,51.728288],[19.674951,51.728268],[19.675053,51.728228],[19.675288,51.72814],[19.67602,51.72786],[19.676304,51.727769],[19.676561,51.727687],[19.678019,51.727241],[19.678803,51.726983],[19.678894,51.726954],[19.678971,51.726929],[19.67917,51.726861],[19.679356,51.7268],[19.679507,51.726751],[19.679711,51.726673],[19.679766,51.726655],[19.67991,51.726605],[19.680098,51.72654],[19.680222,51.726501]]},"properties":{"name":"Łódzka"}},{"type":"Feature","geometry":{"type":"LineString","coordinates":[[19.3963,51.670201],[19.39637,51.670334],[19.39684,51.671222],[19.396952,51.671433]]},"properties":{"name":"Łódzka"}},{"type":"Feature","geometry":{"type":"LineString","coordinates":[[19.397804,51.673141],[19.397823,51.673166],[19.397864,51.673221],[19.39792,51.6733],[19.397973,51.673384],[19.398021,51.673463],[19.398053,51.673517],[19.398202,51.673803],[19.398589,51.674548],[19.398823,51.675002],[19.399072,51.675477],[19.399528,51.676354],[19.399537,51.676372],[19.399546,51.676389],[19.39959,51.676474],[19.399635,51.67656],[19.399644,51.676578],[19.399653,51.676596],[19.399768,51.676816],[19.399873,51.677019],[19.399983,51.67723],[19.400019,51.6773],[19.400098,51.677452],[19.400261,51.677766],[19.40027,51.677783],[19.400279,51.6778],[19.400341,51.67792],[19.400512,51.678249],[19.400586,51.678392],[19.400601,51.67842],[19.400852,51.678903],[19.401094,51.679369],[19.401834,51.680794],[19.401968,51.681045],[19.402129,51.681348],[19.402424,51.681902],[19.402773,51.682579],[19.402859,51.682746],[19.402928,51.682881],[19.403271,51.683546],[19.403321,51.683643],[19.403547,51.684087],[19.403967,51.684887],[19.404593,51.686103],[19.405097,51.687081],[19.405587,51.688026],[19.405608,51.688066],[19.405869,51.688534],[19.406073,51.688927],[19.406125,51.689027],[19.406189,51.689149],[19.40638,51.689515],[19.406642,51.690057],[19.406746,51.690259],[19.40706,51.690861],[19.407119,51.690974],[19.40737,51.691453],[19.407858,51.692385],[19.407873,51.692413],[19.408316,51.693262],[19.408482,51.693581],[19.408746,51.694088],[19.409089,51.694742],[19.409172,51.694885],[19.409253,51.695008],[19.409329,51.695114],[19.409374,51.695173],[19.409446,51.695263]]},"properties":{"name":"Łódzka"}},{"type":"Feature","geometry":{"type":"LineString","coordinates":[[19.32549,51.747596],[19.32572,51.747551],[19.325929,51.747509],[19.326482,51.7474],[19.326618,51.747372],[19.327486,51.747196],[19.327608,51.747172],[19.327809,51.747131],[19.327979,51.747097],[19.32853,51.746985],[19.329761,51.746737],[19.329871,51.746714],[19.330189,51.746651],[19.330214,51.746646],[19.330394,51.746611],[19.330552,51.746579],[19.330601,51.746569],[19.33074,51.746555],[19.330904,51.746543],[19.331225,51.746561],[19.332218,51.746645],[19.332474,51.746666],[19.332563,51.746673],[19.332703,51.746685],[19.332822,51.746695],[19.333805,51.746775],[19.333961,51.746787],[19.334131,51.746802],[19.335407,51.746907],[19.335864,51.746945],[19.336057,51.746961],[19.336266,51.746978],[19.336494,51.746997],[19.337245,51.747058],[19.337598,51.747088],[19.337825,51.747106],[19.338031,51.747123],[19.338368,51.747151],[19.339,51.747203],[19.339251,51.747223],[19.339439,51.747239],[19.339691,51.74726],[19.339752,51.747265],[19.340366,51.747316],[19.340563,51.747332],[19.340727,51.747346],[19.343961,51.747613],[19.344127,51.747626],[19.34522,51.747716],[19.347612,51.747914],[19.347937,51.747941],[19.34857,51.747993],[19.348592,51.747995],[19.349271,51.748051],[19.349515,51.748072],[19.349713,51.748088],[19.349838,51.748108],[19.349895,51.748118],[19.350047,51.748132],[19.350114,51.748138],[19.350342,51.748156],[19.350468,51.748164],[19.350607,51.748162],[19.35081,51.748179],[19.350952,51.748191],[19.351312,51.74822],[19.351849,51.748264],[19.353744,51.748421],[19.354332,51.748469],[19.356806,51.748671],[19.357154,51.748704],[19.357315,51.748722],[19.357553,51.748754],[19.357807,51.748791],[19.357998,51.748823],[19.358161,51.748852],[19.359412,51.749083],[19.359472,51.749094],[19.359771,51.74915],[19.360051,51.749203],[19.360189,51.74923],[19.360644,51.74932],[19.362476,51.749683],[19.364263,51.750038],[19.364764,51.750139],[19.364945,51.750175],[19.365112,51.750208],[19.365483,51.750283],[19.36589,51.750364],[19.366124,51.750411],[19.366247,51.750437],[19.366514,51.75049],[19.367021,51.75059],[19.367185,51.750623],[19.367612,51.750707],[19.368108,51.750806],[19.368307,51.750845],[19.368606,51.750905],[19.368848,51.750954],[19.369272,51.751038],[19.369422,51.751068],[19.369913,51.751167],[19.370126,51.75121],[19.370285,51.751242],[19.370429,51.751271],[19.370785,51.751343],[19.370856,51.751357],[19.371115,51.751412],[19.371476,51.751481],[19.371539,51.751493]]},"properties":{"name":"Łódzka"}},{"type":"Feature","geometry":{"type":"LineString","coordinates":[[19.487122,51.66727],[19.487058,51.667266],[19.487004,51.667272],[19.486921,51.66729],[19.48686,51.667308],[19.486812,51.66733],[19.486722,51.667359],[19.486676,51.667388],[19.48647,51.667527],[19.486261,51.667667],[19.48623,51.667687],[19.485734,51.668024],[19.484265,51.669018],[19.484139,51.669102],[19.482161,51.670435],[19.481661,51.670774],[19.480776,51.671373],[19.480199,51.671763],[19.480121,51.671816],[19.480043,51.671868],[19.479914,51.671955],[19.479457,51.672264],[19.478926,51.672616],[19.478399,51.672969],[19.477937,51.673277],[19.477789,51.673376],[19.477696,51.673439],[19.477321,51.673689],[19.476764,51.674072],[19.476367,51.67433],[19.475969,51.67459],[19.47534,51.674997],[19.475053,51.675185],[19.474819,51.675339],[19.474108,51.675787],[19.474002,51.675854],[19.473979,51.675868],[19.473821,51.675968]]},"properties":{"name":"Rudzka"}},{"type":"Feature","geometry":{"type":"LineString","coordinates":[[19.452601,51.688754],[19.452396,51.688879],[19.452371,51.688896],[19.452198,51.689001],[19.452012,51.689116],[19.451048,51.689703],[19.450617,51.689961],[19.449872,51.690408],[19.44965,51.690541],[19.448782,51.691062],[19.447392,51.691896],[19.446368,51.692513],[19.446288,51.692561],[19.445588,51.692984],[19.445566,51.692997],[19.44547,51.693054],[19.445261,51.693179],[19.443855,51.694023],[19.443835,51.694036],[19.443627,51.694164],[19.443518,51.694239],[19.443398,51.694328],[19.443293,51.694412],[19.443166,51.694526],[19.443071,51.694619],[19.442979,51.694721],[19.442897,51.694818],[19.442829,51.694906],[19.442769,51.694995],[19.44272,51.695074],[19.442578,51.695313],[19.442497,51.695455],[19.442074,51.696174],[19.441775,51.696683],[19.4415,51.697154],[19.441065,51.6979],[19.440963,51.698078],[19.440936,51.698124],[19.440827,51.698314]]},"properties":{"name":"Rudzka"}},{"type":"Feature","geometry":{"type":"LineString","coordinates":[[19.486722,51.667359],[19.48678,51.66731],[19.486887,51.667252],[19.486978,51.667213],[19.487057,51.667172]]},"properties":{"name":"Rudzka"}},{"type":"Feature","geometry":{"type":"LineString","coordinates":[[19.428177,51.711236],[19.428356,51.711158],[19.428401,51.711138],[19.428535,51.711078],[19.428588,51.711046],[19.428638,51.711005],[19.428672,51.71097],[19.428751,51.710887],[19.428813,51.710823],[19.428886,51.710744],[19.429102,51.710588],[19.429146,51.710549],[19.429234,51.710467],[19.429295,51.710406],[19.430852,51.708783],[19.430924,51.708709],[19.432378,51.707195],[19.433101,51.706444],[19.433574,51.705953],[19.433618,51.705911],[19.433736,51.705793],[19.43392,51.705637],[19.434096,51.705503],[19.434141,51.705468],[19.434231,51.705405],[19.434699,51.705065],[19.4349,51.704918],[19.435008,51.70484],[19.435499,51.704482],[19.436131,51.704024],[19.436631,51.703661],[19.436836,51.703511],[19.437008,51.703379],[19.437139,51.703267],[19.437291,51.703127],[19.437436,51.70298],[19.437594,51.702803],[19.43763,51.702763],[19.437726,51.702639],[19.437786,51.702557],[19.437833,51.70249],[19.437913,51.702368],[19.437965,51.702281],[19.438055,51.702116],[19.438133,51.70195],[19.43816,51.701884],[19.438186,51.70182],[19.438262,51.701609],[19.438307,51.701488],[19.438526,51.700892],[19.438549,51.700835],[19.438589,51.700749],[19.43864,51.700654],[19.43872,51.700539],[19.438808,51.700429],[19.438881,51.700353],[19.438957,51.700277],[19.439064,51.700186],[19.439157,51.700115],[19.439233,51.700061],[19.43934,51.699989],[19.439373,51.699968],[19.439641,51.699791],[19.439831,51.699667],[19.439956,51.699578],[19.440075,51.699481],[19.440184,51.699379],[19.440286,51.699266],[19.440326,51.699213],[19.440388,51.699131],[19.440476,51.699003],[19.440565,51.698866],[19.440725,51.698608],[19.440756,51.698554],[19.440793,51.698488],[19.440812,51.698453],[19.440827,51.698314],[19.440694,51.698435],[19.440677,51.698463],[19.440491,51.698774],[19.440449,51.698843],[19.44035,51.699002],[19.440275,51.699114],[19.44018,51.699242],[19.440091,51.699343],[19.439982,51.699443],[19.439867,51.699536],[19.439752,51.69962],[19.439432,51.699829],[19.439293,51.699919],[19.439263,51.699938],[19.439139,51.700019],[19.43906,51.700073],[19.438966,51.700142],[19.438876,51.700215],[19.438784,51.700303],[19.438696,51.700398],[19.438606,51.700514],[19.438522,51.700633],[19.438476,51.70072],[19.438446,51.70078],[19.438406,51.700875],[19.438352,51.701017],[19.438262,51.701267],[19.438242,51.701323],[19.438187,51.701472],[19.438063,51.701809],[19.438013,51.701934],[19.437938,51.702093],[19.437851,51.702251],[19.437795,51.702345],[19.437696,51.702496],[19.437582,51.702647],[19.437487,51.702766],[19.437317,51.70295],[19.437184,51.703084],[19.437147,51.703117],[19.437024,51.703229],[19.436894,51.703339],[19.436747,51.703454],[19.436509,51.70363],[19.434802,51.704869],[19.434598,51.705017],[19.434383,51.705173],[19.434128,51.705357],[19.433998,51.705453],[19.433959,51.705482],[19.43382,51.705594],[19.433696,51.705697],[19.433638,51.705745],[19.433633,51.70575],[19.433599,51.705784],[19.433458,51.705925],[19.433147,51.706248],[19.431652,51.707802],[19.430872,51.708615],[19.430747,51.708743],[19.42901,51.710555],[19.428886,51.710744]]},"properties":{"name":"Rudzka"}},{"type":"Feature","geometry":{"type":"LineString","coordinates":[[19.473821,51.675968],[19.473664,51.676062],[19.473626,51.676085],[19.4734,51.676222],[19.47104,51.677646],[19.470771,51.677809],[19.470683,51.677862],[19.470519,51.677961],[19.470116,51.678203],[19.469957,51.678299],[19.469475,51.678589],[19.466246,51.680535],[19.462412,51.682846],[19.462373,51.68287],[19.46217,51.682991],[19.461822,51.683203],[19.461557,51.683362],[19.460221,51.684163],[19.459194,51.684777],[19.458779,51.685026],[19.457732,51.685654],[19.457374,51.685871],[19.456549,51.686372],[19.456479,51.686414],[19.456322,51.68651],[19.455701,51.686887],[19.455467,51.687029],[19.45423,51.687773],[19.453616,51.688142],[19.453418,51.688261],[19.453027,51.688497],[19.452772,51.68865],[19.452722,51.68868],[19.452601,51.688754]]},"properties":{"name":"Adama Czartoryskiego"}},{"type":"Feature","geometry":{"type":"LineString","coordinates":[[19.452925,51.730847],[19.452625,51.730725],[19.452609,51.730718],[19.452574,51.730699],[19.452541,51.730678],[19.452464,51.730629],[19.451925,51.730207],[19.451894,51.730182],[19.450991,51.729475],[19.450944,51.729439],[19.450904,51.729406],[19.450135,51.72878],[19.450119,51.728766],[19.450104,51.728754],[19.45006,51.72872],[19.449972,51.72865],[19.448901,51.727767],[19.448788,51.727673],[19.44872,51.727617],[19.448377,51.727332],[19.448213,51.727188],[19.448189,51.727166],[19.448156,51.727136],[19.448148,51.727129],[19.448139,51.727121],[19.447995,51.726992],[19.447672,51.726703],[19.447532,51.72658],[19.447265,51.726337],[19.447194,51.726275],[19.446903,51.726027],[19.446782,51.725934],[19.446354,51.725617],[19.446243,51.725532],[19.446111,51.725427],[19.445599,51.725026],[19.445068,51.724651],[19.444998,51.724599],[19.444942,51.724553],[19.44487,51.724497],[19.444621,51.724297],[19.444342,51.724062],[19.444302,51.724029],[19.444247,51.723983],[19.443149,51.723083],[19.442538,51.722583],[19.442329,51.722409],[19.44217,51.722279],[19.4415,51.72173],[19.440906,51.721242],[19.440828,51.721178],[19.440774,51.721135],[19.439972,51.720476],[19.439897,51.72041],[19.439805,51.720336],[19.439493,51.720082],[19.438414,51.719197],[19.438256,51.719066],[19.438087,51.718931],[19.437579,51.718514],[19.437468,51.718421],[19.437312,51.718295],[19.43661,51.717717],[19.436422,51.717565],[19.436341,51.7175],[19.436246,51.717421],[19.436037,51.717249],[19.435926,51.717156],[19.43567,51.716944],[19.435486,51.716795],[19.434691,51.71614],[19.43409,51.715646],[19.433928,51.715513],[19.433454,51.715121],[19.433395,51.715072],[19.433351,51.715036],[19.433208,51.714921],[19.432365,51.714225],[19.4318,51.713765],[19.431481,51.713499],[19.431383,51.713418],[19.431304,51.713354],[19.430301,51.712532],[19.430224,51.71247],[19.430148,51.712407],[19.429037,51.711493],[19.428899,51.711379],[19.428747,51.711253],[19.428535,51.711078],[19.428316,51.7109],[19.428303,51.710889],[19.428282,51.710871],[19.428252,51.710846],[19.427578,51.710291],[19.426901,51.709736],[19.426414,51.70934],[19.426214,51.709172],[19.426132,51.709103],[19.425972,51.70897],[19.425688,51.708701],[19.42555,51.708552],[19.425398,51.708388],[19.425256,51.708236],[19.425024,51.707989],[19.424858,51.707821],[19.424755,51.707725],[19.424669,51.707646],[19.424613,51.707597],[19.424499,51.707498],[19.424205,51.707248],[19.423742,51.70689],[19.423483,51.706708],[19.423229,51.706547],[19.422922,51.706367],[19.422893,51.70635],[19.422872,51.706338],[19.422851,51.706325],[19.422836,51.706317],[19.422724,51.706252],[19.422613,51.706188],[19.422435,51.706082],[19.422384,51.706047],[19.422086,51.705806],[19.42152,51.705345],[19.421076,51.704979],[19.419598,51.703761],[19.419281,51.703508],[19.41907,51.703334],[19.418973,51.703255],[19.418949,51.703235],[19.41864,51.702982],[19.418629,51.702973],[19.418618,51.702964],[19.418595,51.702945],[19.418572,51.702926],[19.418548,51.702906],[19.418215,51.702633],[19.417904,51.702377],[19.417605,51.70208],[19.417324,51.701848],[19.417262,51.701798],[19.416965,51.701554],[19.416713,51.701351],[19.416625,51.70128],[19.41611,51.700862],[19.415594,51.700443],[19.415225,51.700146],[19.414942,51.699939],[19.414632,51.699744],[19.414367,51.69959],[19.414074,51.699441],[19.414002,51.699408],[19.413617,51.699236],[19.413587,51.699224],[19.413558,51.699211],[19.41353,51.699197],[19.413497,51.699177],[19.41347,51.699156],[19.413445,51.699131],[19.413425,51.699095]]},"properties":{"name":"Pabianicka"}},{"type":"Feature","geometry":{"type":"LineString","coordinates":[[19.452251,51.731243],[19.452262,51.73115],[19.452267,51.731066],[19.452262,51.730992],[19.45226,51.730972],[19.45225,51.730918],[19.452238,51.730884],[19.452211,51.730821],[19.452174,51.730754],[19.452138,51.7307],[19.45209,51.730639],[19.452027,51.730572],[19.451748,51.730334],[19.45172,51.73031],[19.451284,51.729953],[19.450474,51.729339],[19.449887,51.728877],[19.449662,51.728697],[19.449362,51.728465],[19.449103,51.728278],[19.448878,51.728124],[19.448704,51.728001],[19.448429,51.727801],[19.448221,51.727635],[19.448015,51.727464],[19.447901,51.727364],[19.447845,51.727312],[19.447814,51.727284],[19.447805,51.727276],[19.447797,51.727267],[19.447716,51.727188],[19.44743,51.726895],[19.447279,51.726737],[19.447064,51.726519],[19.446958,51.726412],[19.446866,51.726328],[19.446721,51.726192],[19.446491,51.726009],[19.446083,51.725672],[19.445964,51.725575],[19.445886,51.725512],[19.445695,51.725362],[19.445482,51.725201],[19.445225,51.725009],[19.445096,51.724915],[19.444423,51.724459],[19.443965,51.724139],[19.443834,51.724055],[19.443431,51.723757],[19.443162,51.723548],[19.443145,51.723533],[19.443041,51.723449],[19.442804,51.723254],[19.442739,51.723201],[19.442194,51.722751],[19.441951,51.722554],[19.441652,51.722298],[19.441612,51.722264],[19.44037,51.721211],[19.438703,51.719841],[19.438112,51.719355],[19.437909,51.71919],[19.437753,51.719064],[19.437387,51.718767],[19.437075,51.718505],[19.436965,51.718413],[19.436848,51.718322],[19.4366,51.718114],[19.436404,51.717953],[19.435989,51.717614],[19.435883,51.717527],[19.43381,51.715822],[19.433653,51.715693],[19.433206,51.715326],[19.43303,51.715181],[19.432856,51.71504],[19.432692,51.714908],[19.431642,51.71404],[19.431558,51.713971],[19.431441,51.713875],[19.430421,51.713031],[19.430252,51.712885],[19.429304,51.712166],[19.429021,51.711943],[19.428623,51.71161],[19.428378,51.711405],[19.428177,51.711236],[19.427965,51.711062],[19.427956,51.711055],[19.427936,51.711038],[19.427924,51.711028],[19.42779,51.710918],[19.427572,51.710737],[19.427287,51.71048],[19.427183,51.710393],[19.426695,51.709992],[19.426598,51.709907],[19.426505,51.709821],[19.426326,51.709642],[19.426054,51.709347],[19.42565,51.708907],[19.424999,51.708202],[19.424865,51.708064],[19.424737,51.707948],[19.424619,51.707845],[19.424178,51.707479],[19.423943,51.707276],[19.423608,51.707015],[19.423474,51.706916],[19.423324,51.706813],[19.423132,51.706693],[19.422787,51.706495],[19.42273,51.706461],[19.422706,51.706447],[19.422685,51.706435],[19.422671,51.706426],[19.422558,51.706362],[19.42245,51.70629],[19.422271,51.70617],[19.42224,51.706149],[19.421803,51.705832],[19.421093,51.705279],[19.419903,51.704375],[19.419402,51.703982],[19.418831,51.703531],[19.418637,51.703374],[19.418503,51.703265],[19.418333,51.703132],[19.418322,51.703124],[19.418308,51.703112],[19.418288,51.703097],[19.418264,51.703077],[19.418162,51.702993],[19.417593,51.702519],[19.417145,51.702223],[19.416656,51.701853],[19.41651,51.701739],[19.415136,51.700671],[19.415054,51.700608],[19.414933,51.700514],[19.414888,51.700479],[19.414629,51.700287],[19.414422,51.700146],[19.414163,51.699986],[19.413939,51.699859],[19.413812,51.699795],[19.413708,51.699743],[19.413387,51.699594],[19.413293,51.699537],[19.413263,51.699523],[19.413232,51.69951],[19.41319,51.699493],[19.41315,51.699485],[19.413092,51.699482],[19.413015,51.699487]]},"properties":{"name":"Pabianicka"}},{"type":"Feature","geometry":{"type":"LineString","coordinates":[[19.453705,51.73155],[19.453749,51.73166],[19.453767,51.731703],[19.453814,51.731784],[19.453865,51.731854],[19.453936,51.731926],[19.454008,51.731981],[19.454025,51.731996],[19.454059,51.732026],[19.45408,51.732044],[19.454163,51.732112],[19.454884,51.732694],[19.455152,51.732913],[19.455164,51.732923],[19.455178,51.732934],[19.455198,51.732951],[19.455217,51.732966],[19.455368,51.733089],[19.455443,51.73315],[19.455616,51.733291],[19.455843,51.733476],[19.455948,51.733559],[19.456537,51.734022],[19.456614,51.734083],[19.456632,51.734096],[19.456664,51.734122],[19.456676,51.734132],[19.456791,51.734228],[19.457009,51.734411],[19.45717,51.734546],[19.457462,51.734791],[19.457516,51.734837],[19.457576,51.734885],[19.457883,51.735135],[19.458074,51.73529],[19.458327,51.735496],[19.45836,51.735523],[19.458493,51.735631],[19.458698,51.735797],[19.459019,51.736059],[19.459046,51.736081],[19.459076,51.736106],[19.459105,51.736129],[19.459241,51.736236],[19.459401,51.736369],[19.459427,51.73639],[19.459448,51.736407],[19.459467,51.736423],[19.459641,51.736566],[19.459676,51.736595],[19.459713,51.736626],[19.459925,51.7368],[19.460137,51.736975],[19.460262,51.737077],[19.460557,51.73732],[19.460713,51.737448],[19.461028,51.737709],[19.461074,51.737746],[19.461137,51.737797],[19.462072,51.738561],[19.462601,51.738977],[19.462864,51.739184],[19.462893,51.739206]]},"properties":{"name":"Pabianicka"}},{"type":"Feature","geometry":{"type":"LineString","coordinates":[[19.462753,51.739534],[19.462758,51.739509],[19.462761,51.73947],[19.462758,51.73943],[19.462751,51.739392],[19.462731,51.739346],[19.462711,51.739309],[19.462696,51.739287],[19.462679,51.739267],[19.462632,51.739217],[19.462562,51.739154],[19.461993,51.738689],[19.461797,51.738528],[19.460425,51.737402],[19.460223,51.737243],[19.460028,51.737098],[19.459669,51.736834],[19.459503,51.736704],[19.459319,51.73655],[19.45929,51.736527],[19.459267,51.736507],[19.459243,51.736487],[19.459112,51.736378],[19.458908,51.736201],[19.458884,51.73618],[19.458869,51.736166],[19.458718,51.736031],[19.458544,51.735875],[19.458504,51.735839],[19.458459,51.735801],[19.457289,51.734833],[19.456908,51.734518],[19.456832,51.734455],[19.456714,51.734377],[19.456649,51.734336],[19.456544,51.734262],[19.456472,51.734209],[19.456441,51.734189],[19.45624,51.734036],[19.456131,51.73394],[19.455357,51.733301],[19.455046,51.733049],[19.455026,51.733033],[19.455005,51.733018],[19.454993,51.733009],[19.454977,51.732997],[19.454812,51.732861],[19.454374,51.732559],[19.454189,51.732409],[19.453877,51.732149],[19.45385,51.732127],[19.45381,51.732094],[19.45379,51.732077],[19.453734,51.732034],[19.453689,51.732007],[19.453642,51.731983],[19.453579,51.731962],[19.453532,51.731952],[19.453451,51.73194],[19.453318,51.73193]]},"properties":{"name":"Pabianicka"}},{"type":"Feature","geometry":{"type":"LineString","coordinates":[[19.318873,51.812632],[19.318808,51.812647],[19.318743,51.81267],[19.318695,51.812691],[19.318675,51.812702],[19.318537,51.812758],[19.318427,51.812794],[19.318264,51.812835],[19.318141,51.812858],[19.318032,51.812858],[19.317229,51.813032],[19.317007,51.813078],[19.316688,51.813146],[19.316342,51.813221],[19.316025,51.813284],[19.315954,51.813299],[19.315597,51.813376],[19.315487,51.813399],[19.315115,51.813476],[19.314123,51.813692],[19.313584,51.813805],[19.31323,51.813871],[19.312217,51.814087],[19.312001,51.814132],[19.311932,51.814147],[19.311204,51.814298],[19.311051,51.81433],[19.310429,51.814461],[19.309775,51.814602],[19.309531,51.814654],[19.309029,51.814762],[19.308923,51.814784],[19.308838,51.814801],[19.307496,51.81508],[19.307371,51.815105],[19.307097,51.815162],[19.306752,51.815233],[19.306664,51.815251],[19.305927,51.815401],[19.305828,51.815422],[19.304728,51.815655],[19.304659,51.81567],[19.30394,51.815827],[19.303863,51.815844],[19.302171,51.816196],[19.302047,51.816222]]},"properties":{"name":"Pabianicka"}},{"type":"Feature","geometry":{"type":"LineString","coordinates":[[19.409446,51.695263],[19.40952,51.695353],[19.409618,51.695465],[19.409723,51.695576],[19.409844,51.695694],[19.409975,51.695811],[19.410499,51.696247],[19.410985,51.696643],[19.412047,51.697516],[19.412226,51.697664],[19.412512,51.6979],[19.412584,51.697968],[19.412638,51.698027],[19.412685,51.698084],[19.412716,51.698133]]},"properties":{"name":"Pabianicka"}},{"type":"Feature","geometry":{"type":"LineString","coordinates":[[19.413006,51.698749],[19.412958,51.698729],[19.412917,51.698703],[19.412893,51.698674],[19.412883,51.69865],[19.41286,51.698455],[19.412852,51.698405],[19.412837,51.698338],[19.412819,51.698279],[19.412797,51.698233],[19.412716,51.698133],[19.41274,51.698254],[19.412759,51.698335],[19.412768,51.698415],[19.412768,51.69849],[19.412764,51.698535],[19.412749,51.69862],[19.412743,51.69864],[19.41273,51.698664],[19.412706,51.698691],[19.412677,51.69871],[19.412626,51.698739]]},"properties":{"name":"Pabianicka"}},{"type":"Feature","geometry":{"type":"LineString","coordinates":[[19.462893,51.739206],[19.462981,51.739252],[19.46323,51.739447],[19.463294,51.739494],[19.463344,51.739526],[19.463397,51.739556],[19.463448,51.739579],[19.463489,51.739594],[19.463533,51.739607],[19.463565,51.739615],[19.46359,51.73962]]},"properties":{"name":"Plac Niepodległości"}},{"type":"Feature","geometry":{"type":"LineString","coordinates":[[19.462604,51.740218],[19.462646,51.740255],[19.462704,51.740289],[19.462731,51.740297],[19.462762,51.740296],[19.462825,51.740285],[19.462904,51.740285],[19.462981,51.740291],[19.463098,51.7403],[19.46327,51.740313],[19.464251,51.740391],[19.464427,51.740405],[19.464615,51.74042],[19.464651,51.740422],[19.464979,51.740448],[19.465092,51.740458]]},"properties":{"name":"Plac Niepodległości"}},{"type":"Feature","geometry":{"type":"LineString","coordinates":[[19.462753,51.739534],[19.462791,51.739524],[19.462827,51.739515],[19.46287,51.739512],[19.462899,51.739511],[19.462928,51.739512],[19.462962,51.739516],[19.463005,51.739523],[19.463033,51.739531],[19.463366,51.739612],[19.46342,51.73962],[19.463476,51.739627],[19.463528,51.73963],[19.463597,51.739627],[19.463647,51.739627],[19.463695,51.73963],[19.465392,51.739732],[19.465437,51.739736],[19.465482,51.739738],[19.465713,51.739754],[19.465791,51.73976]]},"properties":{"name":"Plac Niepodległości"}},{"type":"Feature","geometry":{"type":"LineString","coordinates":[[19.462753,51.739534],[19.462736,51.73961],[19.462728,51.73965],[19.462618,51.740155],[19.462604,51.740218],[19.462581,51.740327],[19.462578,51.740345],[19.462574,51.740364],[19.462437,51.741012],[19.462432,51.741037],[19.462434,51.741058],[19.462444,51.741083],[19.462493,51.741136],[19.46251,51.74117],[19.462513,51.741209],[19.462509,51.741252],[19.462497,51.741299],[19.462481,51.741354],[19.462462,51.74142],[19.462438,51.74151],[19.462414,51.741605],[19.462384,51.741744],[19.462353,51.741882],[19.462319,51.742039],[19.462311,51.742077],[19.462306,51.742098],[19.462285,51.742196],[19.462268,51.742273],[19.46225,51.742357],[19.46221,51.74254],[19.462206,51.742557],[19.462202,51.742576],[19.462181,51.742673],[19.462171,51.742715],[19.462134,51.742885],[19.462128,51.742913],[19.462107,51.743011],[19.462079,51.743135],[19.461997,51.743511],[19.461961,51.743676],[19.461861,51.74413],[19.461857,51.744147],[19.461853,51.744165],[19.461835,51.744247],[19.461707,51.744827],[19.461699,51.744867],[19.461651,51.745084],[19.461571,51.74545],[19.461568,51.745461],[19.461564,51.74548],[19.461522,51.745671],[19.461503,51.74576],[19.461493,51.745802],[19.461487,51.745831],[19.461481,51.74586],[19.461453,51.745988],[19.461426,51.746109],[19.461397,51.746243],[19.461357,51.746423],[19.461351,51.746451],[19.461345,51.746478],[19.461339,51.746504],[19.461331,51.746541],[19.461315,51.746616],[19.461293,51.746717],[19.46127,51.746819],[19.461263,51.74685],[19.461256,51.746885],[19.461215,51.747074],[19.461172,51.747268],[19.46113,51.747458],[19.461087,51.747656],[19.461075,51.747712],[19.461037,51.747886],[19.461008,51.748019],[19.461001,51.74805],[19.460983,51.748129],[19.460958,51.748244],[19.460933,51.74836],[19.460926,51.748392],[19.460919,51.748423],[19.460896,51.74853],[19.460855,51.748713],[19.46085,51.748736],[19.460845,51.748759],[19.46073,51.749284],[19.460679,51.749519],[19.460669,51.749562],[19.460652,51.749642],[19.460648,51.749659],[19.460644,51.749677],[19.460625,51.749765],[19.460593,51.749909],[19.460579,51.749973],[19.460546,51.750122],[19.460537,51.750165],[19.460502,51.750321],[19.460477,51.750435],[19.460426,51.750668],[19.460384,51.750859],[19.460367,51.750936],[19.460351,51.751012],[19.460334,51.751088],[19.460329,51.751112],[19.460324,51.751135],[19.460319,51.751157],[19.460301,51.751239],[19.460289,51.751292],[19.460211,51.75165],[19.460157,51.751895],[19.460131,51.752015],[19.460091,51.752195],[19.460084,51.75223],[19.460072,51.752284],[19.460068,51.7523],[19.460017,51.752533],[19.459999,51.752615],[19.459993,51.752644],[19.459987,51.752673],[19.459967,51.752763],[19.459944,51.752867],[19.459939,51.752889],[19.459934,51.752912],[19.459912,51.753012],[19.459898,51.753078],[19.459867,51.753222],[19.459864,51.753232],[19.459859,51.753255],[19.459856,51.75327],[19.45983,51.753387],[19.459747,51.753771],[19.459733,51.753833],[19.459689,51.754031],[19.459627,51.754308],[19.45962,51.754341],[19.459611,51.754383],[19.459598,51.754438],[19.459594,51.754456],[19.45959,51.754474],[19.459566,51.754587],[19.459536,51.754721],[19.459492,51.754919],[19.459464,51.75505],[19.459437,51.755173],[19.459414,51.755276],[19.459394,51.755367],[19.459361,51.755518],[19.459347,51.75558],[19.459317,51.75572],[19.459313,51.755739],[19.459308,51.755759],[19.459302,51.755789],[19.459294,51.755825],[19.459265,51.75596],[19.459247,51.756042],[19.459243,51.756059],[19.45924,51.756071],[19.459239,51.756077],[19.459224,51.756144],[19.459171,51.756386],[19.459163,51.75642],[19.45915,51.756483],[19.459124,51.756599],[19.459029,51.757032],[19.459003,51.75715],[19.458957,51.757361],[19.45895,51.757392],[19.458835,51.757918],[19.458831,51.757937],[19.458827,51.757954],[19.458815,51.758008],[19.458787,51.758135],[19.458771,51.758206],[19.458726,51.758414],[19.458718,51.758449],[19.458637,51.758817],[19.458595,51.759011],[19.458588,51.759043],[19.458584,51.759061],[19.458579,51.759085],[19.458576,51.759096],[19.458574,51.759107],[19.45856,51.75917],[19.458555,51.759193],[19.458549,51.759223],[19.458545,51.75924],[19.458542,51.759256],[19.458539,51.759268],[19.458525,51.759334],[19.458524,51.759339],[19.458522,51.759344],[19.45852,51.759357],[19.458517,51.75937],[19.458516,51.759374],[19.458515,51.759379],[19.458507,51.759415],[19.458506,51.759419],[19.458505,51.759423],[19.458501,51.759443],[19.458484,51.759519]]},"properties":{"name":"Piotrkowska"}},{"type":"Feature","geometry":{"type":"LineString","coordinates":[[19.493692,51.6434],[19.493517,51.643325],[19.493452,51.643298],[19.493067,51.64314],[19.492976,51.643221]]},"properties":{"name":"Stefana Żeromskiego"}},{"type":"Feature","geometry":{"type":"LineString","coordinates":[[19.493601,51.643482],[19.493425,51.643409],[19.492976,51.643221],[19.492845,51.643343],[19.49276,51.643429],[19.492713,51.643531],[19.49267,51.643755],[19.492616,51.644036],[19.492577,51.644107],[19.49251,51.644183],[19.491935,51.644693],[19.49181,51.644767],[19.491681,51.644818],[19.491544,51.644847],[19.491397,51.644863],[19.49121,51.644862],[19.490683,51.644852],[19.489897,51.64483],[19.489558,51.644818],[19.487894,51.644772],[19.487588,51.644762],[19.487264,51.644753],[19.487128,51.64475],[19.486497,51.644732],[19.486223,51.644724],[19.486101,51.644715]]},"properties":{"name":"Stefana Żeromskiego"}},{"type":"Feature","geometry":{"type":"LineString","coordinates":[[19.449764,51.751905],[19.449745,51.751993],[19.449742,51.752003],[19.449739,51.752017],[19.449732,51.752047],[19.449725,51.752071],[19.449691,51.752191],[19.449569,51.752512],[19.449535,51.75261],[19.449506,51.752719],[19.449435,51.753041],[19.449427,51.753078],[19.449421,51.753108],[19.449353,51.753447],[19.449334,51.753543],[19.44932,51.75361],[19.449114,51.754635],[19.449054,51.754931],[19.44905,51.75495],[19.449044,51.75498],[19.449019,51.75509],[19.44901,51.755136],[19.448938,51.755492],[19.448703,51.756666],[19.448697,51.756714],[19.448684,51.756817],[19.448681,51.756888],[19.448682,51.756943],[19.448688,51.757],[19.448714,51.757155],[19.44873,51.757227],[19.448792,51.757486],[19.448797,51.757506],[19.448801,51.757524],[19.448804,51.757542],[19.448821,51.757615],[19.448823,51.757627],[19.448826,51.757638],[19.44885,51.757748],[19.448859,51.757793],[19.448864,51.757845],[19.448862,51.757918],[19.448855,51.757971],[19.448839,51.758027],[19.448813,51.758092],[19.448766,51.75817],[19.448745,51.75821],[19.44867,51.758324],[19.448631,51.758385],[19.448624,51.758395],[19.448618,51.758405],[19.448605,51.758425],[19.448593,51.758444],[19.448446,51.758699],[19.448401,51.758788],[19.448361,51.758876],[19.448331,51.758949],[19.44828,51.759095],[19.448261,51.759153],[19.448254,51.759177],[19.448232,51.759256],[19.448214,51.759334],[19.448191,51.759454],[19.448008,51.760434],[19.447968,51.760627],[19.447962,51.760654],[19.447953,51.760695],[19.447949,51.760713],[19.447866,51.761103],[19.447795,51.761435],[19.447778,51.761512],[19.447764,51.761579],[19.447739,51.761694],[19.447729,51.761737],[19.447722,51.761766],[19.447717,51.761791],[19.447707,51.761828],[19.447693,51.761863],[19.447671,51.7619],[19.447647,51.761931],[19.447619,51.761962],[19.4476,51.76198],[19.447583,51.761998],[19.447572,51.762017],[19.447569,51.762026],[19.447568,51.762037],[19.44757,51.762048],[19.447581,51.76208],[19.447591,51.762116],[19.447593,51.762142],[19.447592,51.762159],[19.447589,51.762179],[19.447585,51.762199],[19.447561,51.762313],[19.447556,51.762341],[19.447538,51.762431],[19.447527,51.762482],[19.447523,51.762501],[19.447514,51.762544],[19.447505,51.76259],[19.447392,51.763144],[19.447389,51.763161],[19.447368,51.76326],[19.447341,51.76338],[19.447333,51.763411],[19.447323,51.763455],[19.44731,51.763513],[19.447302,51.763551],[19.447296,51.76358],[19.447292,51.763597],[19.447219,51.763942],[19.447202,51.764026],[19.447189,51.764094],[19.447169,51.764195],[19.447128,51.764397],[19.447113,51.764475],[19.447101,51.764536],[19.447095,51.764562],[19.447092,51.764576],[19.447074,51.764659],[19.447061,51.764725],[19.447056,51.764751],[19.446997,51.765009],[19.446989,51.765044],[19.446954,51.765197],[19.446947,51.765228],[19.44693,51.765302],[19.446895,51.765453],[19.446877,51.765535],[19.446854,51.765638],[19.446824,51.765769],[19.446788,51.765935],[19.446764,51.766043],[19.446745,51.766127],[19.446735,51.766172],[19.44669,51.766369],[19.44668,51.766416],[19.446665,51.76648],[19.446656,51.766521],[19.446597,51.766784],[19.44657,51.766901],[19.44653,51.76708],[19.446522,51.767114],[19.44652,51.767125],[19.446479,51.767307],[19.446465,51.767366],[19.446422,51.767559],[19.446418,51.767576],[19.446413,51.767601],[19.446407,51.767627],[19.446395,51.767678],[19.446378,51.767755],[19.446353,51.767866],[19.446327,51.767977],[19.446305,51.768078],[19.4463,51.7681],[19.446265,51.768257],[19.446235,51.768388],[19.446203,51.768529],[19.446191,51.768582],[19.446179,51.768638],[19.446155,51.768746],[19.44612,51.768905],[19.446113,51.768936],[19.446104,51.768977],[19.446078,51.769093],[19.446018,51.769358],[19.446,51.769437],[19.44598,51.769532],[19.445948,51.769668],[19.445945,51.769681],[19.445942,51.769696],[19.44592,51.769787],[19.445872,51.769994],[19.445871,51.770001],[19.445805,51.770274],[19.445792,51.770329],[19.445769,51.770422],[19.445747,51.770512],[19.445705,51.770692],[19.445698,51.77072],[19.445693,51.770738],[19.44568,51.770794],[19.44567,51.770837],[19.44565,51.770919],[19.445599,51.771134],[19.445575,51.771236],[19.445513,51.771496],[19.445499,51.771552],[19.445455,51.77174],[19.445423,51.771889],[19.445378,51.772113],[19.445327,51.772362],[19.445304,51.772473],[19.44529,51.772539],[19.445245,51.772748],[19.445235,51.77282],[19.445233,51.772881],[19.445225,51.772987],[19.445163,51.773395],[19.445153,51.773465],[19.445126,51.773636],[19.445114,51.773713],[19.445108,51.77374],[19.445092,51.773824]]},"properties":{"name":"Stefana Żeromskiego"}},{"type":"Feature","geometry":{"type":"LineString","coordinates":[[19.485959,51.646082],[19.486088,51.644792],[19.486101,51.644715]]},"properties":{"name":"Miasto Mody"}},{"type":"Feature","geometry":{"type":"LineString","coordinates":[[19.464131,51.769568],[19.46421,51.769545],[19.464278,51.769531],[19.4643,51.769529],[19.464331,51.769529],[19.464367,51.769517]]},"properties":{"name":"Aleja Rodziny Poznańskich"}},{"type":"Feature","geometry":{"type":"LineString","coordinates":[[19.464243,51.769376],[19.464273,51.769424],[19.464314,51.769467],[19.464328,51.769479],[19.464346,51.769491],[19.464367,51.769517],[19.464528,51.76955],[19.46464,51.769573],[19.464723,51.769591],[19.464789,51.769604],[19.465509,51.769744],[19.465529,51.769756],[19.46555,51.769767]]},"properties":{"name":"Aleja Rodziny Poznańskich"}},{"type":"Feature","geometry":{"type":"LineString","coordinates":[[19.464067,51.76966],[19.464196,51.769685],[19.464215,51.769689],[19.464268,51.769699],[19.464274,51.7697],[19.464372,51.769719],[19.464396,51.769724],[19.464545,51.769753],[19.464611,51.769765],[19.464852,51.769812],[19.464924,51.769819],[19.465278,51.769809],[19.465314,51.769803],[19.465318,51.769803],[19.465496,51.769776],[19.465521,51.769772],[19.46555,51.769767],[19.465574,51.769772],[19.465616,51.76978],[19.465658,51.769788],[19.465786,51.769813],[19.466565,51.769964],[19.46671,51.769993],[19.466745,51.769999],[19.466786,51.770007],[19.466828,51.770015],[19.466858,51.770023],[19.466883,51.770032],[19.466898,51.77004],[19.466919,51.770053],[19.466942,51.770071],[19.466964,51.770093],[19.466981,51.770115],[19.466998,51.770135],[19.467014,51.770152],[19.467038,51.770171],[19.467093,51.770205],[19.467135,51.770226],[19.467192,51.770242],[19.467252,51.770235],[19.467341,51.770232]]},"properties":{"name":"Aleja Rodziny Poznańskich"}},{"type":"Feature","geometry":{"type":"LineString","coordinates":[[19.468699,51.770333],[19.468494,51.770344],[19.468414,51.770346],[19.468228,51.770335],[19.4679,51.770305],[19.467523,51.770271],[19.467429,51.770251],[19.467341,51.770232],[19.467384,51.770222],[19.467423,51.770214],[19.467535,51.770208],[19.467716,51.770204],[19.467895,51.770208],[19.468303,51.770211],[19.468564,51.770197],[19.46878,51.770187],[19.469467,51.77015],[19.469672,51.770142],[19.470137,51.770135],[19.470368,51.770133],[19.470434,51.770132],[19.47051,51.770131],[19.470966,51.770127],[19.471191,51.770115],[19.471557,51.770096],[19.472338,51.770055],[19.472392,51.770052],[19.472436,51.77005],[19.472479,51.770048],[19.472495,51.770047],[19.472514,51.770046],[19.472532,51.770045],[19.472692,51.770038],[19.472745,51.770039],[19.472776,51.770046],[19.472813,51.77006],[19.472863,51.770088],[19.472814,51.770108],[19.472766,51.770123],[19.472725,51.770132],[19.472668,51.770137],[19.472512,51.770145],[19.472493,51.770146],[19.472475,51.770147],[19.472416,51.77015],[19.472371,51.770152],[19.471569,51.770194],[19.471091,51.770217],[19.471039,51.77022],[19.470748,51.770226],[19.470588,51.770234],[19.470524,51.770238],[19.470448,51.770242],[19.469965,51.770267],[19.469334,51.7703],[19.468699,51.770333]]},"properties":{"name":"Aleja Rodziny Poznańskich"}},{"type":"Feature","geometry":{"type":"LineString","coordinates":[[19.468711,51.760366],[19.468697,51.760397],[19.468649,51.7605],[19.468643,51.760511],[19.468626,51.760547],[19.468598,51.760603],[19.468292,51.761228],[19.468203,51.761395],[19.468173,51.761452],[19.468073,51.761653],[19.468066,51.761671],[19.467984,51.761835],[19.46796,51.761879],[19.467889,51.762019],[19.467798,51.762199],[19.467707,51.762379],[19.467667,51.762455],[19.467588,51.762617],[19.467544,51.762707],[19.467511,51.762777],[19.467475,51.762851],[19.467456,51.762892],[19.467429,51.762946],[19.467389,51.763027],[19.46738,51.763043],[19.46734,51.763131],[19.467312,51.763194],[19.467304,51.76321],[19.467295,51.763228],[19.467218,51.763387],[19.467191,51.763442],[19.467091,51.763642],[19.467066,51.763689],[19.467016,51.763791],[19.466938,51.763946],[19.466917,51.763989],[19.466839,51.764146],[19.466788,51.764248],[19.466742,51.76434],[19.466677,51.764468],[19.46665,51.764523],[19.466613,51.764597],[19.466578,51.764668],[19.466445,51.76494],[19.46638,51.765071],[19.466259,51.765317],[19.466189,51.765461],[19.466079,51.765685],[19.466055,51.765724],[19.466021,51.765784],[19.465986,51.765848],[19.465923,51.765975],[19.465854,51.766113],[19.465828,51.766169],[19.46578,51.76627],[19.46574,51.766354],[19.4656,51.766635],[19.465564,51.766708],[19.465538,51.766769],[19.465507,51.766841],[19.465476,51.766911],[19.465421,51.767022],[19.465296,51.767272],[19.465213,51.767439],[19.465079,51.767709],[19.465023,51.767823],[19.464993,51.767883],[19.464959,51.767951],[19.464892,51.768085],[19.464774,51.768324],[19.464727,51.768418],[19.464671,51.76853],[19.464528,51.768819],[19.464502,51.768871],[19.46445,51.768975],[19.464376,51.769123],[19.46435,51.769174],[19.464317,51.769239],[19.464298,51.769274],[19.464292,51.769287],[19.464285,51.769299],[19.464243,51.769376],[19.46418,51.769494],[19.464155,51.769534],[19.464131,51.769568],[19.4641,51.769608],[19.464067,51.76966],[19.464007,51.769778],[19.46398,51.769834],[19.463891,51.770014],[19.463811,51.770175],[19.463697,51.770405],[19.463671,51.770459],[19.463479,51.770847],[19.463459,51.770886],[19.463449,51.770906],[19.463399,51.771005],[19.46338,51.771051],[19.463368,51.771083],[19.463365,51.771098],[19.463353,51.771144],[19.46335,51.771155],[19.463343,51.771185],[19.463324,51.771257],[19.463311,51.771343],[19.463308,51.771363],[19.463298,51.771405],[19.463273,51.771509],[19.463255,51.771582],[19.463213,51.771754],[19.463193,51.771837],[19.463156,51.771993],[19.463122,51.772135],[19.463108,51.772194],[19.46307,51.772355],[19.463051,51.772436],[19.463039,51.772485],[19.463006,51.772623],[19.462965,51.772795],[19.462937,51.772915],[19.462859,51.773247],[19.462843,51.773312],[19.462824,51.773385],[19.462792,51.773523],[19.462771,51.773612],[19.462697,51.773924],[19.462662,51.77407],[19.462658,51.774087],[19.462637,51.774171],[19.462624,51.774226],[19.462607,51.774299],[19.462593,51.77436],[19.462577,51.774433],[19.46256,51.774506],[19.462541,51.774587],[19.462486,51.774823],[19.462464,51.774916],[19.462436,51.775034],[19.462384,51.775261],[19.462363,51.77535],[19.462345,51.77543],[19.462295,51.775642],[19.462266,51.775767],[19.462214,51.775988],[19.462194,51.776074],[19.462188,51.776102],[19.46215,51.776262],[19.462143,51.776294],[19.46212,51.776393],[19.462071,51.7766],[19.462048,51.776698],[19.46204,51.776733],[19.461984,51.776972],[19.461956,51.77709],[19.461946,51.777134],[19.461911,51.777276],[19.461883,51.777398],[19.46188,51.777413],[19.461877,51.777424],[19.461848,51.777546],[19.461843,51.777569],[19.461834,51.77761],[19.461794,51.777787],[19.46178,51.777843],[19.461754,51.777955],[19.461701,51.778179],[19.461666,51.778332],[19.461657,51.778371],[19.461653,51.778388],[19.461597,51.77863],[19.461568,51.778754],[19.461531,51.778917],[19.461525,51.778945],[19.461439,51.779311],[19.461435,51.77933],[19.46143,51.779353],[19.461426,51.779376],[19.461397,51.779491]]},"properties":{"name":"Jana Kilińskiego"}},{"type":"Feature","geometry":{"type":"LineString","coordinates":[[19.478132,51.73165],[19.478192,51.731622],[19.478245,51.73161],[19.478295,51.731607],[19.478633,51.731613],[19.478715,51.73161],[19.478768,51.731599],[19.478882,51.731558],[19.478908,51.731548],[19.478944,51.731533],[19.47895,51.73152],[19.47896,51.731499],[19.478999,51.731419],[19.479063,51.731292],[19.479105,51.731203],[19.479137,51.731139],[19.479204,51.730994],[19.479487,51.730372],[19.479516,51.730312],[19.479546,51.730223],[19.479748,51.729609],[19.479766,51.729548],[19.480013,51.728781],[19.480031,51.728725],[19.480149,51.728373],[19.480182,51.728272],[19.480273,51.728001],[19.480289,51.727957],[19.480357,51.727779],[19.480397,51.727704]]},"properties":{"name":"Jana Kilińskiego"}},{"type":"Feature","geometry":{"type":"LineString","coordinates":[[19.470112,51.757527],[19.470134,51.757474],[19.470154,51.75742],[19.470163,51.757394],[19.470191,51.75732],[19.470228,51.757223],[19.470246,51.757175],[19.470258,51.757149],[19.470294,51.75707],[19.470353,51.756956],[19.470356,51.75695],[19.470458,51.756736],[19.470471,51.756709],[19.470513,51.756625],[19.470601,51.75645],[19.470646,51.75636],[19.470714,51.756219],[19.470778,51.756093],[19.47081,51.756027],[19.470886,51.755874],[19.47089,51.755867],[19.470931,51.755782],[19.470972,51.755702],[19.470984,51.755679],[19.470996,51.755655],[19.471011,51.755624],[19.471036,51.755573],[19.471067,51.75551],[19.471171,51.755299]]},"properties":{"name":"Jana Kilińskiego"}},{"type":"Feature","geometry":{"type":"LineString","coordinates":[[19.222076,51.758316],[19.221949,51.758427],[19.2218,51.758559],[19.221666,51.758675],[19.221615,51.758719],[19.221368,51.758932],[19.221328,51.758965],[19.221281,51.758998],[19.221228,51.759029],[19.221172,51.759057],[19.221115,51.759082],[19.221056,51.759104],[19.220989,51.759127],[19.220922,51.759146],[19.220463,51.759262],[19.219509,51.759501],[19.21906,51.759618],[19.21884,51.759686],[19.218736,51.759726],[19.218667,51.759764],[19.218558,51.759827],[19.218463,51.759885],[19.218383,51.759954],[19.218304,51.760027],[19.218152,51.760204],[19.218082,51.760298],[19.217975,51.760395],[19.217572,51.760803],[19.217369,51.761008],[19.217191,51.761162],[19.217091,51.761245],[19.217003,51.761306],[19.215992,51.761915],[19.215091,51.762295],[19.214816,51.762402],[19.214686,51.762456],[19.214561,51.762517],[19.214451,51.762573],[19.214345,51.762635],[19.214315,51.762654],[19.214149,51.762763],[19.213156,51.763517],[19.213087,51.76357],[19.212862,51.763746],[19.212612,51.763941],[19.212569,51.763975],[19.212366,51.764133],[19.212087,51.764347],[19.210302,51.765701],[19.20949,51.766303],[19.208972,51.766717],[19.208182,51.767322],[19.207983,51.767476],[19.20795,51.767498],[19.207775,51.767638],[19.207217,51.768075]]},"properties":{"name":"Jana Kilińskiego"}},{"type":"Feature","geometry":{"type":"LineString","coordinates":[[19.478713,51.738408],[19.478678,51.738486],[19.478672,51.738501],[19.478661,51.73853],[19.478653,51.738557],[19.478647,51.738582],[19.478646,51.738592],[19.478644,51.738601],[19.478642,51.738622],[19.478642,51.73864],[19.478641,51.738669],[19.47864,51.738691],[19.478639,51.738734],[19.478633,51.7388],[19.478618,51.738924],[19.47857,51.739324],[19.478554,51.73956],[19.478543,51.739721],[19.47854,51.739766],[19.478535,51.739839],[19.478521,51.739971],[19.478517,51.740009],[19.478513,51.740051],[19.478463,51.740489],[19.478442,51.740589],[19.478414,51.740682],[19.478378,51.740773],[19.478311,51.740909],[19.478229,51.741075],[19.478223,51.741089],[19.478204,51.741126],[19.478193,51.741149],[19.478095,51.741347],[19.478042,51.741454],[19.477962,51.741615],[19.47794,51.741661],[19.477877,51.741789],[19.477783,51.741979],[19.477685,51.742178],[19.477652,51.742243],[19.477533,51.742484],[19.477484,51.742585],[19.477461,51.742631],[19.477414,51.742726],[19.477327,51.742903],[19.477131,51.743299],[19.477056,51.74345],[19.47702,51.743524],[19.476965,51.743635],[19.476943,51.743679],[19.476911,51.743745],[19.476609,51.744358],[19.476597,51.744383],[19.476519,51.744541],[19.476496,51.744585],[19.476461,51.744642],[19.47642,51.744704],[19.476394,51.744753],[19.476373,51.744796],[19.476273,51.745004],[19.47619,51.745179],[19.476177,51.745204],[19.476165,51.74523],[19.476126,51.745315],[19.476116,51.745335],[19.47607,51.745436],[19.476062,51.745452],[19.476054,51.745468],[19.476005,51.745559],[19.475989,51.74559],[19.475946,51.745671],[19.475933,51.745697],[19.475921,51.745723],[19.475852,51.745868],[19.475744,51.746094],[19.475734,51.746114],[19.47571,51.746172],[19.475682,51.746245],[19.475633,51.74635],[19.47559,51.746436],[19.475559,51.746498],[19.475538,51.746543],[19.475484,51.74665],[19.475428,51.746764],[19.47538,51.746858],[19.475353,51.746916],[19.475288,51.747047],[19.475166,51.747294],[19.474954,51.747721],[19.474902,51.747827],[19.47489,51.74785],[19.474878,51.747876],[19.474836,51.74796],[19.474811,51.748011],[19.474798,51.748036],[19.474789,51.748055],[19.474742,51.74815],[19.474626,51.748384],[19.474607,51.748424],[19.4746,51.748436],[19.474568,51.748503],[19.474456,51.74873],[19.474442,51.748759],[19.474303,51.749042],[19.47426,51.749128],[19.474249,51.749149],[19.474237,51.749173],[19.4742,51.749245],[19.474171,51.749304],[19.47415,51.749345],[19.473947,51.749758],[19.473902,51.749855],[19.47385,51.749968],[19.47381,51.750055],[19.473782,51.750113],[19.473335,51.751041],[19.473281,51.751155],[19.473208,51.751305],[19.473193,51.751334],[19.473181,51.75136],[19.473129,51.751463],[19.473065,51.751592]]},"properties":{"name":"Jana Kilińskiego"}},{"type":"Feature","geometry":{"type":"LineString","coordinates":[[19.354746,51.664228],[19.354733,51.664128],[19.354731,51.664093],[19.354728,51.66405],[19.354718,51.663927],[19.354653,51.66366],[19.354647,51.663616],[19.354631,51.663477],[19.354619,51.663365],[19.354607,51.663243],[19.354597,51.66304],[19.354591,51.662962],[19.354581,51.662869],[19.354562,51.662708],[19.354543,51.662552],[19.354526,51.662408],[19.354493,51.662122],[19.354486,51.662085],[19.354475,51.662029],[19.354457,51.661938],[19.354433,51.661757],[19.354429,51.661725],[19.354415,51.661619],[19.354391,51.661438],[19.354388,51.66141],[19.354373,51.661291],[19.354372,51.661285],[19.354363,51.661216],[19.354357,51.661166],[19.354339,51.66102],[19.354334,51.660976],[19.354313,51.660809],[19.354304,51.660745],[19.354302,51.660714],[19.354297,51.660663],[19.354294,51.660584]]},"properties":{"name":"Jana Kilińskiego"}},{"type":"Feature","geometry":{"type":"LineString","coordinates":[[19.354242,51.660253],[19.354248,51.660285],[19.354254,51.660332],[19.354255,51.660357],[19.354256,51.660387],[19.354256,51.660424],[19.354256,51.660454],[19.354294,51.660584],[19.354344,51.660456],[19.35435,51.660429],[19.354364,51.660359],[19.354368,51.660344],[19.354379,51.660302],[19.354394,51.660261]]},"properties":{"name":"Jana Kilińskiego"}},{"type":"Feature","geometry":{"type":"LineString","coordinates":[[19.354268,51.66002],[19.35432,51.659986],[19.354355,51.659953],[19.354376,51.659924],[19.354404,51.659885],[19.354435,51.65984],[19.354527,51.659709]]},"properties":{"name":"Jana Kilińskiego"}},{"type":"Feature","geometry":{"type":"LineString","coordinates":[[19.356228,51.657385],[19.356145,51.657504],[19.35612,51.65754],[19.356092,51.657579],[19.355734,51.65805],[19.355679,51.658121],[19.355587,51.658241],[19.355479,51.658386],[19.355424,51.658459],[19.355111,51.658886],[19.354892,51.659169],[19.354716,51.659407],[19.354672,51.659466],[19.354554,51.659659],[19.354527,51.659709],[19.354495,51.659851],[19.354477,51.65993],[19.354476,51.659939],[19.354471,51.659974],[19.354472,51.660008],[19.354481,51.660051]]},"properties":{"name":"Jana Kilińskiego"}},{"type":"Feature","geometry":{"type":"LineString","coordinates":[[19.480397,51.727704],[19.480387,51.72764],[19.480391,51.727608],[19.480423,51.727524],[19.480443,51.727481],[19.480455,51.727459],[19.48048,51.727429],[19.480515,51.727406],[19.480586,51.727379],[19.480625,51.727363],[19.480655,51.727346],[19.480646,51.727367],[19.480647,51.72739],[19.48065,51.727431],[19.48064,51.727462],[19.480619,51.727495],[19.480602,51.727519],[19.480508,51.727629],[19.480476,51.727656],[19.480397,51.727704]]},"properties":{"name":"Jana Kilińskiego"}},{"type":"Feature","geometry":{"type":"LineString","coordinates":[[19.463368,51.771083],[19.463396,51.771085],[19.463459,51.771091],[19.463476,51.771093],[19.463549,51.771099],[19.463636,51.771107],[19.463725,51.771115],[19.463891,51.771129],[19.463922,51.771132],[19.463952,51.771135],[19.465213,51.771251],[19.465381,51.771266],[19.466001,51.771318],[19.466053,51.771323],[19.46609,51.771326],[19.466119,51.771329],[19.466148,51.771332],[19.466217,51.771344],[19.466294,51.77136],[19.466387,51.771384],[19.466452,51.771406],[19.46649,51.771423],[19.466517,51.771438],[19.466545,51.771457],[19.466582,51.771486],[19.466606,51.771503],[19.466634,51.771518],[19.466663,51.771531],[19.466684,51.771538]]},"properties":{"name":"Prezydenta Gabriela Narutowicza"}},{"type":"Feature","geometry":{"type":"LineString","coordinates":[[19.49771,51.774686],[19.49729,51.774661],[19.497153,51.774654],[19.497052,51.774643],[19.497192,51.774713],[19.497262,51.774739],[19.497343,51.774763],[19.497448,51.77479],[19.497649,51.774824]]},"properties":{"name":"Prezydenta Gabriela Narutowicza"}},{"type":"Feature","geometry":{"type":"LineString","coordinates":[[19.497052,51.774643],[19.49691,51.774604],[19.496755,51.774555],[19.496078,51.774338],[19.495823,51.77426],[19.495624,51.77421],[19.495433,51.77417],[19.495318,51.774148],[19.495127,51.774118],[19.494894,51.774089],[19.494396,51.774047],[19.494201,51.774029],[19.494026,51.774013],[19.493889,51.774001],[19.493474,51.773963],[19.493341,51.773951],[19.493086,51.773929],[19.493007,51.773922],[19.492968,51.773919],[19.492704,51.773895],[19.492693,51.773894],[19.492305,51.773859],[19.491969,51.773829],[19.491895,51.773822],[19.49158,51.773793],[19.49138,51.773776],[19.491269,51.773767],[19.491041,51.773747],[19.490972,51.773741],[19.490705,51.773717],[19.490597,51.773708],[19.490491,51.773698],[19.49011,51.773664],[19.49007,51.773661],[19.489804,51.773636],[19.489658,51.773623],[19.48959,51.773617],[19.489394,51.7736],[19.489322,51.773593],[19.488944,51.773559],[19.488904,51.773555],[19.488712,51.773538],[19.488357,51.773507],[19.488248,51.773497],[19.488185,51.773492],[19.487968,51.773473],[19.486861,51.773373],[19.486771,51.773366],[19.486725,51.773361],[19.485767,51.773276],[19.485066,51.773214],[19.484726,51.773184],[19.484452,51.773159],[19.484389,51.773154],[19.484326,51.773154],[19.484263,51.773157],[19.483967,51.773174],[19.483879,51.773177],[19.483789,51.773175],[19.483688,51.77317],[19.483171,51.773125],[19.483063,51.773114],[19.482996,51.773107],[19.482921,51.773097],[19.482839,51.773083],[19.482617,51.773047],[19.48251,51.773029],[19.482427,51.77302],[19.482384,51.773016],[19.482339,51.773012],[19.48168,51.772954],[19.48165,51.772952],[19.481605,51.772945],[19.481553,51.772934],[19.48146,51.772909],[19.481389,51.772894],[19.481321,51.772883]]},"properties":{"name":"Prezydenta Gabriela Narutowicza"}},{"type":"Feature","geometry":{"type":"LineString","coordinates":[[19.463324,51.771257],[19.46338,51.771261],[19.463855,51.771295],[19.463886,51.771298],[19.46392,51.7713],[19.463951,51.771303],[19.464054,51.77131],[19.464386,51.771339],[19.464709,51.771366],[19.464932,51.771386],[19.465033,51.771394],[19.465135,51.771403],[19.465753,51.771456],[19.465856,51.771465],[19.466056,51.771482],[19.466084,51.771485],[19.466112,51.771487],[19.46653,51.771524],[19.466588,51.771527],[19.466642,51.771532],[19.466684,51.771538],[19.46675,51.771554],[19.466821,51.771569],[19.466901,51.77158],[19.466963,51.771588],[19.466991,51.771591],[19.467019,51.771593],[19.467068,51.771598],[19.467302,51.77162],[19.467392,51.771628],[19.467624,51.771648],[19.467732,51.771658],[19.467894,51.771679],[19.468008,51.771694],[19.468209,51.771721],[19.468338,51.771736],[19.468363,51.771739],[19.468501,51.771754],[19.468644,51.771769],[19.469012,51.771807],[19.469048,51.771811],[19.4693,51.771836],[19.469323,51.771839],[19.469366,51.771843],[19.469548,51.771861],[19.469584,51.771859],[19.46962,51.771851],[19.469649,51.771841],[19.469711,51.771817],[19.469742,51.771808],[19.469775,51.771805],[19.469813,51.771806],[19.469849,51.771809],[19.469985,51.771823],[19.470091,51.771834],[19.470265,51.77185],[19.470356,51.771859],[19.470738,51.771894],[19.470801,51.771899],[19.470862,51.771911],[19.470912,51.771928],[19.47097,51.771954],[19.471003,51.771972],[19.47103,51.771984],[19.47106,51.771993],[19.47122,51.772003],[19.471329,51.77201],[19.471555,51.772025],[19.471652,51.772032],[19.471758,51.772039],[19.4719,51.772051],[19.472228,51.77208],[19.472276,51.772084],[19.472317,51.772087],[19.472375,51.772092],[19.472393,51.772093],[19.472411,51.772095],[19.472801,51.772131],[19.473108,51.772157],[19.473465,51.772189],[19.473544,51.772197],[19.473638,51.772205],[19.473778,51.772218],[19.474108,51.772247],[19.474344,51.772267],[19.474561,51.772286],[19.474929,51.77232],[19.475069,51.772318],[19.475196,51.772313],[19.475336,51.772304],[19.475426,51.772302],[19.475514,51.772306],[19.47579,51.77233],[19.47618,51.772365],[19.476254,51.772371],[19.476326,51.772379],[19.476399,51.772392],[19.476535,51.772428],[19.476601,51.77244],[19.476739,51.772452],[19.476801,51.772458],[19.476871,51.772464],[19.477182,51.772492],[19.47733,51.772505],[19.477678,51.772536],[19.47802,51.772566],[19.4781,51.772577],[19.478197,51.772593],[19.47828,51.772609],[19.478353,51.77262],[19.478572,51.772639],[19.478757,51.772657],[19.479033,51.772681],[19.479362,51.77271],[19.479833,51.772752],[19.480081,51.772773],[19.480228,51.772787],[19.480386,51.772801],[19.480845,51.772841],[19.480974,51.772852],[19.481321,51.772883],[19.481397,51.772885],[19.481476,51.772884],[19.481567,51.77288],[19.48164,51.772874],[19.481674,51.77287],[19.481757,51.77286],[19.481816,51.772856],[19.48189,51.772856],[19.48196,51.77286],[19.482292,51.772889],[19.482337,51.772893],[19.482396,51.772898],[19.482454,51.772903],[19.482597,51.772917],[19.482618,51.772919]]},"properties":{"name":"Prezydenta Gabriela Narutowicza"}},{"type":"Feature","geometry":{"type":"LineString","coordinates":[[19.473108,51.772157],[19.473127,51.772173],[19.473293,51.772312],[19.47334,51.772351],[19.473548,51.772531],[19.47388,51.772811],[19.47433,51.77319],[19.474534,51.773359],[19.474605,51.773418],[19.475272,51.774013],[19.47544,51.774168],[19.475474,51.774197],[19.475502,51.774223],[19.475728,51.774431],[19.475922,51.774624],[19.4764,51.775128],[19.476649,51.775368],[19.47692,51.775611],[19.477049,51.775724],[19.477208,51.775862],[19.477335,51.775973],[19.477474,51.77608],[19.477553,51.77614],[19.47781,51.776343],[19.478175,51.776614],[19.478336,51.776728],[19.47841,51.776784],[19.478805,51.777084],[19.478926,51.777185],[19.480023,51.778163],[19.480354,51.778459],[19.480392,51.778493],[19.480508,51.778596],[19.480581,51.778656],[19.480623,51.778685],[19.480677,51.778714],[19.480742,51.778742],[19.480786,51.778757],[19.480815,51.778766],[19.480845,51.778775],[19.480865,51.77878],[19.480886,51.778785],[19.480985,51.778806],[19.481102,51.778834]]},"properties":{"name":"Uniwersytecka"}},{"type":"Feature","geometry":{"type":"LineString","coordinates":[[19.481239,51.779488],[19.481154,51.779465],[19.480959,51.779303],[19.48085,51.779199],[19.480811,51.779154],[19.480711,51.779038],[19.480686,51.779009],[19.480656,51.778973],[19.480595,51.778903],[19.480583,51.77889],[19.480571,51.778876],[19.480551,51.778857],[19.480528,51.778836],[19.480223,51.778559],[19.480125,51.778471],[19.478714,51.777216],[19.478545,51.777069],[19.478431,51.776977],[19.47837,51.776929],[19.478042,51.776683],[19.477688,51.77642],[19.477407,51.776217],[19.477326,51.776156],[19.47721,51.77607],[19.477119,51.776],[19.477012,51.775911],[19.476883,51.7758],[19.476514,51.775469],[19.476201,51.775163],[19.475873,51.774835],[19.475738,51.774699],[19.475703,51.774663],[19.475448,51.77441],[19.475327,51.774297],[19.4753,51.77427],[19.475219,51.774195],[19.474816,51.773827],[19.474592,51.773624],[19.474536,51.773574],[19.474367,51.773423],[19.474036,51.773149],[19.473859,51.773011],[19.47367,51.772864],[19.473495,51.772726],[19.473287,51.772562],[19.473089,51.772395],[19.473003,51.772323],[19.472959,51.772286],[19.472922,51.772255],[19.472858,51.772195],[19.472813,51.772145],[19.472801,51.772131]]},"properties":{"name":"Uniwersytecka"}},{"type":"Feature","geometry":{"type":"LineString","coordinates":[[19.481666,51.779308],[19.481636,51.779182],[19.481617,51.779096],[19.481603,51.779024],[19.481599,51.778998],[19.481573,51.778994],[19.481547,51.778984],[19.481523,51.778972],[19.48147,51.778939],[19.481429,51.778918],[19.481385,51.778901],[19.481327,51.778885],[19.481205,51.77886],[19.481102,51.778834],[19.481073,51.778893],[19.481058,51.778937],[19.481048,51.778986],[19.481046,51.779034],[19.481046,51.77906],[19.481048,51.779091],[19.481054,51.779125],[19.481061,51.779158],[19.481074,51.779198],[19.481093,51.779247],[19.481113,51.779285],[19.481141,51.779331],[19.481169,51.779366],[19.481201,51.7794],[19.481233,51.779429],[19.481239,51.779488]]},"properties":{"name":"Rondo Solidarności"}},{"type":"Feature","geometry":{"type":"LineString","coordinates":[[19.481666,51.779308],[19.481687,51.779377],[19.481713,51.779446],[19.481731,51.779491],[19.481766,51.779562],[19.481806,51.77963],[19.481837,51.779675],[19.481884,51.779734],[19.48193,51.779785],[19.481956,51.779815],[19.482031,51.779895],[19.482053,51.779918],[19.482267,51.780129],[19.482438,51.780306],[19.482567,51.780454],[19.482624,51.780525],[19.482718,51.780659],[19.482768,51.78074],[19.482798,51.780792],[19.482853,51.780903],[19.482898,51.781008],[19.482938,51.781106],[19.482976,51.781205],[19.483001,51.781276],[19.483022,51.781348],[19.48304,51.781418],[19.483052,51.781483],[19.483057,51.781516],[19.483062,51.781565],[19.483075,51.781768],[19.483088,51.781972],[19.483116,51.782441],[19.483117,51.782463],[19.483119,51.782484],[19.483121,51.782505],[19.483122,51.78252],[19.483123,51.782532],[19.483133,51.782653],[19.48314,51.782745],[19.48315,51.782873],[19.483152,51.782891],[19.483153,51.78291],[19.483186,51.783475],[19.483188,51.783593],[19.483189,51.783737],[19.483193,51.783851],[19.483279,51.785224],[19.48329,51.785348],[19.483306,51.785461],[19.483325,51.785564],[19.483349,51.785671],[19.48338,51.785787],[19.483418,51.785911],[19.48346,51.786025],[19.483509,51.786143],[19.48356,51.78626],[19.483622,51.786388],[19.483694,51.786517],[19.483793,51.786681],[19.48389,51.786823],[19.483981,51.786944],[19.484079,51.787065],[19.484202,51.787206],[19.484334,51.787358],[19.484366,51.787394],[19.484495,51.787543],[19.484646,51.787717],[19.484662,51.787736],[19.484912,51.788022],[19.484964,51.788081],[19.485542,51.788745],[19.486443,51.789776],[19.486642,51.789988],[19.486802,51.790154],[19.486965,51.790329],[19.487265,51.790672],[19.487287,51.790697],[19.487297,51.790708],[19.487312,51.790726],[19.487335,51.790752],[19.487357,51.790776],[19.487527,51.790971],[19.48774,51.791215],[19.487807,51.791289],[19.48791,51.7914],[19.488026,51.791516],[19.48815,51.791632],[19.488355,51.791826],[19.488439,51.791921],[19.488514,51.792017],[19.488558,51.792079],[19.488625,51.792189],[19.488662,51.792268],[19.48869,51.792336]]},"properties":{"name":"Aleja Grzegorza Palki"}},{"type":"Feature","geometry":{"type":"LineString","coordinates":[[19.488426,51.792359],[19.488398,51.792291],[19.488338,51.792176],[19.488275,51.792072],[19.488182,51.791945],[19.488102,51.791851],[19.487932,51.791689],[19.487754,51.791523],[19.487612,51.791389],[19.48752,51.791295],[19.487449,51.791213],[19.487305,51.791049],[19.487134,51.790852],[19.487112,51.790826]]},"properties":{"name":"Aleja Grzegorza Palki"}},{"type":"Feature","geometry":{"type":"LineString","coordinates":[[19.481239,51.779488],[19.481386,51.779616],[19.481571,51.779776],[19.481697,51.779885],[19.481729,51.779913],[19.481748,51.779929],[19.481769,51.779947],[19.482002,51.780149],[19.482105,51.780241],[19.482166,51.7803],[19.482261,51.780399],[19.482389,51.780539],[19.482451,51.780611],[19.482558,51.780773],[19.482631,51.780903],[19.482694,51.781038],[19.482745,51.78117],[19.482789,51.781303],[19.482823,51.781453],[19.48284,51.781583],[19.482851,51.781719],[19.482899,51.782468],[19.4829,51.782489],[19.482901,51.782511],[19.482902,51.782525],[19.482903,51.782538],[19.482911,51.782659],[19.482916,51.78275],[19.482925,51.782879],[19.482926,51.782897],[19.482927,51.782915],[19.482928,51.782937],[19.482962,51.783468],[19.482977,51.783709],[19.482989,51.783898],[19.483051,51.784877],[19.483073,51.785214],[19.483082,51.785327],[19.483095,51.785421],[19.483114,51.78554],[19.483132,51.785628],[19.483156,51.785733],[19.483189,51.785848],[19.483229,51.785971],[19.483274,51.786095],[19.483332,51.786232],[19.483387,51.786349],[19.483453,51.78648],[19.483533,51.78662],[19.483618,51.786754],[19.483691,51.786861],[19.48377,51.786969],[19.483848,51.787068],[19.483931,51.787167],[19.484168,51.787439],[19.484182,51.787456],[19.484311,51.787603],[19.484462,51.787777],[19.484498,51.787819],[19.484969,51.788359],[19.485401,51.788855],[19.486149,51.789715],[19.486658,51.790304],[19.486981,51.790675],[19.487064,51.790771],[19.487075,51.790784],[19.48709,51.790801],[19.487112,51.790826],[19.487077,51.790871],[19.487026,51.790938],[19.486995,51.790969],[19.486975,51.791001],[19.486942,51.791057]]},"properties":{"name":"Aleja Grzegorza Palki"}},{"type":"Feature","geometry":{"type":"LineString","coordinates":[[19.48869,51.792336],[19.488726,51.792437],[19.488756,51.792544],[19.488765,51.792598],[19.488766,51.79261],[19.488771,51.792678],[19.488775,51.79276],[19.488772,51.792856],[19.488764,51.792926],[19.488745,51.793047],[19.488651,51.7936],[19.488531,51.794264],[19.488498,51.794451],[19.488384,51.795098],[19.488354,51.795234],[19.488306,51.795441],[19.488294,51.795498],[19.488282,51.795564],[19.488243,51.795774],[19.488235,51.79582],[19.488194,51.796047],[19.488163,51.796212],[19.488114,51.796486],[19.488086,51.796641],[19.487968,51.797308],[19.487936,51.797491],[19.487932,51.797514],[19.487929,51.797526],[19.487927,51.797538],[19.487923,51.797567],[19.48792,51.79759],[19.487911,51.79767],[19.487896,51.797826],[19.48788,51.798],[19.487859,51.798241],[19.487854,51.798311],[19.487842,51.798458],[19.487839,51.798576],[19.487841,51.798672],[19.48785,51.798771],[19.487865,51.798863],[19.487879,51.798924],[19.487898,51.798994],[19.487926,51.799075],[19.487951,51.79914],[19.487999,51.799246],[19.488027,51.799301],[19.48806,51.79936],[19.488073,51.799383],[19.48808,51.799394],[19.488111,51.799442],[19.488196,51.799568],[19.488283,51.799687],[19.488382,51.799807],[19.488483,51.799921],[19.488586,51.800024],[19.488666,51.800097],[19.488785,51.800195],[19.488955,51.80033],[19.489103,51.800434],[19.489297,51.800557],[19.489366,51.800597],[19.489459,51.800649],[19.489601,51.800728],[19.490205,51.801056],[19.490922,51.801442]]},"properties":{"name":"Strykowska"}},{"type":"Feature","geometry":{"type":"LineString","coordinates":[[19.488426,51.792359],[19.48845,51.792427],[19.488466,51.792484],[19.488478,51.792546],[19.488485,51.792599],[19.488488,51.792635],[19.488494,51.792709],[19.488496,51.792808],[19.488494,51.793013],[19.488487,51.793112],[19.488476,51.793195],[19.488369,51.793825],[19.488122,51.795224],[19.488043,51.795674],[19.487955,51.796167],[19.487949,51.796204],[19.48792,51.796368],[19.487747,51.797336],[19.487718,51.7975],[19.487715,51.797513],[19.487713,51.797526],[19.487708,51.797554],[19.487704,51.797577],[19.487699,51.797601],[19.487614,51.798046],[19.487589,51.798177],[19.487575,51.798263],[19.487563,51.798362],[19.487557,51.798461],[19.487558,51.798589],[19.487564,51.79868],[19.487574,51.798763],[19.487589,51.798859],[19.487612,51.798957],[19.487637,51.799042],[19.487673,51.799137],[19.487707,51.799212],[19.48776,51.799315],[19.487822,51.799421],[19.487837,51.799443],[19.487867,51.799488],[19.487883,51.799513],[19.487969,51.799639],[19.488033,51.799724],[19.488085,51.799787],[19.488194,51.799912],[19.488385,51.800115],[19.488518,51.80024],[19.488693,51.800371],[19.488814,51.800454],[19.489023,51.800587],[19.489219,51.800698],[19.489316,51.800749],[19.489462,51.800828],[19.489703,51.800957],[19.489909,51.801051],[19.490085,51.801125],[19.490348,51.801223],[19.490922,51.801442],[19.491626,51.801826],[19.491901,51.801975],[19.492326,51.802206],[19.492506,51.802305],[19.492815,51.802475],[19.492919,51.802532],[19.493026,51.802589],[19.493301,51.802742],[19.493729,51.802977],[19.49394,51.803096],[19.494153,51.803225],[19.494392,51.803384],[19.494596,51.803527],[19.494797,51.803674],[19.496135,51.804698],[19.497031,51.805382],[19.497327,51.805596],[19.497558,51.805755],[19.497852,51.805947],[19.498153,51.806134],[19.498898,51.806572],[19.49945,51.806895],[19.499503,51.806926],[19.500465,51.807492],[19.500636,51.807596],[19.500799,51.807703],[19.500964,51.807829],[19.50111,51.80796],[19.501253,51.808115],[19.501333,51.808219],[19.501408,51.808326],[19.501477,51.80844],[19.501537,51.808556],[19.501587,51.808674],[19.501632,51.808794],[19.501948,51.809654],[19.502116,51.810109],[19.502774,51.811892],[19.502953,51.812379],[19.502993,51.812486],[19.50303,51.812589],[19.503434,51.813699],[19.50363,51.814239],[19.503743,51.814539],[19.504778,51.817378],[19.504883,51.817657],[19.504939,51.817789],[19.504988,51.817886],[19.505087,51.818056],[19.505176,51.818183],[19.505275,51.818305],[19.505369,51.818409],[19.505472,51.818506],[19.505608,51.818621],[19.505729,51.818713],[19.505855,51.818798],[19.505985,51.818879],[19.506128,51.818963],[19.506221,51.819013],[19.506528,51.819165],[19.506997,51.819369],[19.508066,51.819838],[19.508104,51.819855],[19.509221,51.820346],[19.510014,51.820694],[19.510448,51.820884],[19.511496,51.821346],[19.513565,51.822251],[19.515668,51.823175],[19.516396,51.823493],[19.516762,51.823653],[19.516905,51.823715],[19.517328,51.823905],[19.520002,51.825074],[19.520738,51.825399],[19.520955,51.825489],[19.521019,51.825517],[19.521073,51.825542],[19.521584,51.825769],[19.522472,51.826159],[19.523011,51.826396],[19.523323,51.826533],[19.523785,51.826737],[19.524028,51.826844],[19.524899,51.827226],[19.529124,51.829077],[19.529803,51.829375],[19.530204,51.829551],[19.53045,51.829658],[19.530609,51.829727],[19.531056,51.829924],[19.534056,51.831233],[19.535436,51.831838],[19.538079,51.832996],[19.54014,51.833899],[19.54102,51.834284],[19.541129,51.834332],[19.541252,51.834382],[19.541287,51.834397],[19.541575,51.834526],[19.542033,51.834726],[19.542745,51.835039],[19.542928,51.835119],[19.543406,51.835328],[19.543627,51.835425],[19.543873,51.835533],[19.544208,51.83568],[19.544793,51.835936],[19.547376,51.837069],[19.548075,51.837375],[19.548309,51.837478],[19.548502,51.837562],[19.548881,51.837729],[19.549166,51.837854],[19.549314,51.837919],[19.549382,51.837949],[19.54947,51.837987],[19.549557,51.838025],[19.54974,51.838107],[19.549803,51.838134],[19.549896,51.838176],[19.550104,51.838266],[19.550366,51.838381],[19.55047,51.838427],[19.550719,51.838536],[19.550925,51.838627],[19.551178,51.838738],[19.55213,51.839155],[19.552221,51.839197],[19.55253,51.839331],[19.552584,51.839355],[19.552925,51.839504],[19.553583,51.839792],[19.554571,51.840224],[19.555465,51.840616],[19.555572,51.840663],[19.555962,51.840835],[19.55619,51.840945],[19.556382,51.841039],[19.55652,51.841114],[19.556609,51.841163],[19.556698,51.841216],[19.556731,51.841236],[19.556842,51.8413],[19.556976,51.841387],[19.557141,51.841499],[19.557303,51.841615],[19.557416,51.8417],[19.557589,51.84184],[19.557706,51.841941],[19.557892,51.842115],[19.557987,51.842211],[19.558102,51.842334],[19.558204,51.842451],[19.558322,51.842599],[19.558475,51.842818],[19.558557,51.842951],[19.5586,51.843023],[19.558678,51.843166],[19.558757,51.843327],[19.558901,51.843637],[19.559985,51.846162]]},"properties":{"name":"Strykowska"}},{"type":"Feature","geometry":{"type":"LineString","coordinates":[[19.562467,51.851941],[19.563203,51.85366],[19.563258,51.853788],[19.563664,51.854728],[19.564153,51.855867],[19.564491,51.85666],[19.564549,51.856792],[19.565053,51.857968],[19.565153,51.858207],[19.566165,51.860553],[19.566552,51.861453],[19.56674,51.861891],[19.567025,51.862552],[19.567392,51.863407],[19.567583,51.863834],[19.567785,51.86425],[19.567906,51.864482],[19.568103,51.864829],[19.56825,51.865066],[19.568422,51.865332],[19.568601,51.865588],[19.568784,51.865836],[19.568918,51.866017],[19.569092,51.866236],[19.569387,51.866597],[19.56956,51.866809],[19.569733,51.867021],[19.569873,51.867188],[19.570027,51.867373],[19.570181,51.867559],[19.570786,51.868295],[19.571609,51.869297],[19.571788,51.869515],[19.575466,51.874001],[19.575532,51.87408],[19.575976,51.874598],[19.576368,51.875054],[19.576431,51.875126],[19.576519,51.875234],[19.577011,51.875769],[19.577026,51.875786],[19.577385,51.876083],[19.577623,51.87631],[19.577864,51.876544],[19.577915,51.876586],[19.577975,51.876621],[19.578031,51.876644]]},"properties":{"name":"Strykowska"}},{"type":"Feature","geometry":{"type":"LineString","coordinates":[[19.578335,51.876982],[19.578335,51.877037],[19.578355,51.877079],[19.578389,51.877123],[19.578635,51.877372],[19.578708,51.877455],[19.578833,51.87761],[19.578879,51.877667],[19.579255,51.878152]]},"properties":{"name":"Strykowska"}},{"type":"Feature","geometry":{"type":"LineString","coordinates":[[19.582519,51.88221],[19.582391,51.881732],[19.58235,51.881607],[19.582304,51.881486],[19.58222,51.881318],[19.582134,51.88118],[19.582077,51.881111],[19.582013,51.881033],[19.58192,51.880928],[19.581814,51.880816],[19.581154,51.880128],[19.58108,51.880049],[19.580988,51.879954],[19.580896,51.879859],[19.580552,51.879499],[19.580338,51.879276],[19.579617,51.878529],[19.579255,51.878152],[19.578764,51.877704],[19.578708,51.877652],[19.578208,51.87719],[19.578128,51.877135],[19.578019,51.87709]]},"properties":{"name":"Strykowska"}},{"type":"Feature","geometry":{"type":"LineString","coordinates":[[19.489459,51.800649],[19.489316,51.800749]]},"properties":{"name":"Wycieczkowa"}},{"type":"Feature","geometry":{"type":"LineString","coordinates":[[19.489219,51.800698],[19.489099,51.80078],[19.488935,51.8009],[19.488868,51.800958],[19.488839,51.800989],[19.488791,51.801041],[19.488746,51.801101],[19.488707,51.801174],[19.488681,51.801228],[19.488633,51.801345],[19.488619,51.801451],[19.488301,51.802414],[19.48811,51.802989],[19.487744,51.80413],[19.487563,51.80469],[19.487543,51.804763],[19.487414,51.805214],[19.487369,51.805389],[19.487332,51.805532],[19.487297,51.805703],[19.487293,51.805721],[19.487272,51.805859],[19.487254,51.805993],[19.487252,51.806002],[19.487232,51.806154],[19.487207,51.806421],[19.487204,51.806459],[19.48719,51.806623],[19.487187,51.806698],[19.487187,51.806889],[19.487188,51.806942],[19.487202,51.807602],[19.487208,51.807902],[19.487211,51.808034],[19.487214,51.808198],[19.487219,51.808742],[19.487235,51.809765],[19.487239,51.809853],[19.487242,51.809935],[19.487245,51.810192],[19.487267,51.811341],[19.487281,51.812104],[19.487289,51.81249],[19.487289,51.812518],[19.487295,51.812929],[19.487279,51.813114],[19.487249,51.813277],[19.487228,51.813375],[19.487218,51.813415],[19.48718,51.813607],[19.487148,51.813763],[19.487144,51.813783],[19.487122,51.81388],[19.487105,51.813957],[19.487051,51.814194],[19.487031,51.814284],[19.486993,51.81445],[19.486979,51.814513],[19.48697,51.81455],[19.486807,51.815268],[19.486771,51.815425],[19.486746,51.815548],[19.486728,51.815631],[19.486704,51.815835],[19.486667,51.816143],[19.486635,51.816407],[19.486598,51.816709],[19.486584,51.81683],[19.486563,51.816998],[19.486558,51.817046],[19.486533,51.817246],[19.486524,51.817367],[19.486523,51.817481],[19.48655,51.817678],[19.486566,51.817766],[19.48659,51.817899],[19.486624,51.818088],[19.487223,51.821332],[19.487278,51.821635],[19.48733,51.821917],[19.487343,51.821985],[19.487378,51.82216],[19.487416,51.822365],[19.48743,51.822444],[19.487456,51.822584],[19.48768,51.8238],[19.487711,51.82396],[19.487742,51.824115],[19.487799,51.824431],[19.48791,51.825047],[19.487987,51.825471],[19.488,51.825543],[19.488037,51.825745],[19.488093,51.826046],[19.488103,51.826116],[19.488108,51.826179],[19.488105,51.826247],[19.488096,51.826312],[19.488059,51.826414],[19.488013,51.826515],[19.487631,51.827286],[19.487142,51.828274],[19.48664,51.829278],[19.486117,51.83028],[19.485754,51.830958],[19.485092,51.832273],[19.484882,51.832667],[19.48479,51.832829],[19.484661,51.83306],[19.484392,51.833533],[19.484216,51.833842],[19.484029,51.834173],[19.483963,51.834289],[19.483593,51.834943],[19.483516,51.835079],[19.483341,51.835385],[19.483129,51.835761],[19.483056,51.835891],[19.482927,51.836118],[19.48287,51.836218],[19.482664,51.83658],[19.482547,51.836786],[19.482197,51.837399],[19.481665,51.838332],[19.481465,51.838683],[19.480381,51.840586],[19.479185,51.842696],[19.479107,51.842846],[19.479064,51.842965],[19.479044,51.843056],[19.479036,51.843126]]},"properties":{"name":"Wycieczkowa"}},{"type":"Feature","geometry":{"type":"LineString","coordinates":[[19.478952,51.846636],[19.478921,51.846482],[19.478868,51.846262],[19.478834,51.846102],[19.478804,51.845975],[19.478771,51.845874]]},"properties":{"name":"Wycieczkowa"}},{"type":"Feature","geometry":{"type":"LineString","coordinates":[[19.479036,51.843126],[19.479087,51.843385],[19.479137,51.843754],[19.479134,51.843874],[19.479099,51.844002],[19.479031,51.844131],[19.478931,51.844233],[19.478769,51.844357],[19.478573,51.8445],[19.478454,51.844599],[19.478374,51.844686],[19.478318,51.844781],[19.478289,51.844879],[19.478285,51.844979],[19.478305,51.845086],[19.478349,51.845191],[19.478437,51.845301],[19.478589,51.845481],[19.478682,51.845606],[19.478739,51.845727],[19.478771,51.845874],[19.478669,51.845704],[19.478592,51.845604],[19.478349,51.845344],[19.478227,51.845181],[19.478191,51.845077],[19.478176,51.844951],[19.478185,51.844851],[19.478222,51.844744],[19.47827,51.84466],[19.478337,51.844588],[19.478413,51.844522],[19.47867,51.844331],[19.478787,51.844234],[19.478865,51.844159],[19.478931,51.844087],[19.478995,51.843988],[19.479033,51.843888],[19.479039,51.843774],[19.478986,51.84339],[19.478992,51.843275],[19.479036,51.843126]]},"properties":{"name":"Wycieczkowa"}},{"type":"Feature","geometry":{"type":"LineString","coordinates":[[19.459243,51.848237],[19.459317,51.848221],[19.459588,51.848175],[19.459693,51.848158],[19.459831,51.848136],[19.459928,51.848121],[19.460237,51.848072],[19.460665,51.848004],[19.462212,51.847757],[19.462406,51.847726],[19.462527,51.847706],[19.462702,51.847678],[19.462759,51.847669],[19.464353,51.847414],[19.465112,51.847292],[19.466172,51.847121],[19.467884,51.846847],[19.467973,51.846827],[19.46806,51.8468],[19.468137,51.846767],[19.468235,51.846775],[19.468338,51.846771],[19.468426,51.846761],[19.468494,51.84675],[19.468695,51.846716],[19.468821,51.846696],[19.469062,51.846656],[19.469275,51.84662],[19.469383,51.846601],[19.469471,51.846585],[19.469514,51.846576],[19.469561,51.846565],[19.469605,51.846554],[19.46965,51.846539],[19.46969,51.846526],[19.469733,51.84651],[19.469811,51.846477],[19.469887,51.846442],[19.469959,51.846404],[19.470381,51.846165],[19.470464,51.846117],[19.470548,51.846071],[19.470919,51.84586],[19.471,51.845815],[19.471069,51.845782],[19.471133,51.845755],[19.47117,51.84574],[19.471215,51.845725],[19.471289,51.845702],[19.471386,51.845682],[19.471437,51.845672],[19.471481,51.845665],[19.471533,51.845658],[19.47158,51.845653],[19.471634,51.845649],[19.471682,51.845646],[19.471749,51.845644],[19.471814,51.845644],[19.471881,51.845646],[19.471949,51.845649],[19.47202,51.845653],[19.472084,51.845657],[19.472154,51.845663],[19.472219,51.845668],[19.472281,51.845675],[19.47235,51.845683],[19.472424,51.845694],[19.472487,51.845705],[19.472554,51.845717],[19.472615,51.845731],[19.472741,51.845762],[19.47281,51.845781],[19.47288,51.845804],[19.473002,51.845847],[19.473126,51.845897],[19.473484,51.846051],[19.473883,51.846224],[19.474036,51.846291],[19.474521,51.846502],[19.47474,51.846597],[19.474883,51.846659],[19.474914,51.846673],[19.474994,51.846706],[19.475045,51.846726],[19.475101,51.846745],[19.475152,51.846761],[19.47521,51.846777],[19.475271,51.846792],[19.475334,51.846806],[19.47542,51.846821],[19.475533,51.846838],[19.47556,51.84684],[19.475607,51.846844],[19.475704,51.84685],[19.475802,51.84685],[19.475886,51.846846],[19.476694,51.84679],[19.476898,51.846776],[19.477778,51.846717],[19.478704,51.846654],[19.478952,51.846636],[19.47986,51.846574],[19.479905,51.846571],[19.481602,51.84645],[19.482933,51.846374],[19.483607,51.846332],[19.484284,51.846287],[19.486949,51.846106],[19.487396,51.846075],[19.489141,51.845955],[19.491371,51.845803],[19.494487,51.845586],[19.499404,51.845238],[19.499938,51.845201],[19.500909,51.845133],[19.501213,51.845111],[19.501344,51.845106],[19.501569,51.845099],[19.501838,51.845092],[19.50204,51.845087],[19.502108,51.845086],[19.502234,51.845083],[19.502392,51.845077],[19.50252,51.845067],[19.502646,51.845056],[19.502774,51.84504],[19.503695,51.844925],[19.504151,51.84487],[19.504616,51.844808],[19.50477,51.844786],[19.504925,51.844762],[19.504996,51.84475],[19.505079,51.844733],[19.505148,51.844716],[19.50522,51.844694],[19.505284,51.844673],[19.505347,51.844646],[19.505468,51.844589],[19.505581,51.844529],[19.505691,51.844464],[19.506845,51.843736],[19.506935,51.843679],[19.507186,51.843519]]},"properties":{"name":"Okólna"}},{"type":"Feature","geometry":{"type":"LineString","coordinates":[[19.45884,51.84855],[19.458846,51.848505],[19.458868,51.848479],[19.45895,51.848412],[19.458996,51.848378],[19.459037,51.84835],[19.459077,51.848329],[19.459139,51.848303],[19.459202,51.848273],[19.459243,51.848237],[19.459174,51.848234],[19.459135,51.848243],[19.459095,51.848254],[19.459022,51.848279],[19.458979,51.848296],[19.458936,51.848316],[19.458856,51.848361],[19.458772,51.848413],[19.458679,51.848443],[19.458597,51.848459]]},"properties":{"name":"Okólna"}},{"type":"Feature","geometry":{"type":"LineString","coordinates":[[19.458356,51.848511],[19.458319,51.848526],[19.458284,51.848536],[19.45823,51.848542],[19.458115,51.848541],[19.457952,51.848538],[19.457665,51.848532],[19.457569,51.84856],[19.457423,51.848558],[19.45732,51.848557],[19.457242,51.848563],[19.457191,51.84857],[19.457137,51.848577],[19.456928,51.848606],[19.456818,51.848622],[19.456352,51.848692],[19.455787,51.848777],[19.455381,51.848839],[19.454766,51.848932],[19.453749,51.849085],[19.453437,51.849133],[19.45253,51.849269],[19.451966,51.849355],[19.448427,51.84989],[19.447726,51.849997],[19.446932,51.850117],[19.446121,51.850238],[19.445325,51.850357]]},"properties":{"name":"Okólna"}},{"type":"Feature","geometry":{"type":"LineString","coordinates":[[19.472801,51.772131],[19.47279,51.772116],[19.472756,51.772069],[19.472728,51.772025],[19.472688,51.771958],[19.472659,51.771905],[19.472648,51.77188],[19.472622,51.771819],[19.4726,51.771755],[19.472579,51.771669],[19.472559,51.771547],[19.472603,51.771442]]},"properties":{"name":"Aleja Rodziny Scheiblerów"}},{"type":"Feature","geometry":{"type":"LineString","coordinates":[[19.472725,51.770132],[19.472713,51.77019],[19.472697,51.770264],[19.472695,51.770275],[19.472693,51.770286],[19.472685,51.770321],[19.472675,51.77037],[19.472627,51.770596],[19.472599,51.770727],[19.472635,51.770806]]},"properties":{"name":"Aleja Rodziny Scheiblerów"}},{"type":"Feature","geometry":{"type":"LineString","coordinates":[[19.473108,51.772157],[19.473092,51.772143],[19.472993,51.772058],[19.472923,51.771988],[19.472869,51.771925],[19.472817,51.771857],[19.472767,51.771774],[19.47273,51.771703],[19.472701,51.771633],[19.472671,51.771525],[19.472603,51.771442],[19.472599,51.771359],[19.472598,51.77125],[19.472601,51.771134],[19.472609,51.771015],[19.472624,51.770882],[19.472635,51.770806],[19.472705,51.770729],[19.472737,51.770628],[19.472774,51.770543],[19.472819,51.770461],[19.472882,51.770365],[19.472901,51.770339],[19.472926,51.770305],[19.472933,51.770294],[19.472941,51.770283],[19.472957,51.770259],[19.472984,51.770215],[19.473003,51.770176],[19.472863,51.770088],[19.472978,51.770034],[19.472989,51.770029],[19.472994,51.770026],[19.473057,51.769997],[19.473072,51.769921],[19.473075,51.769908],[19.473082,51.769873],[19.473085,51.769862],[19.473095,51.769811],[19.473104,51.769767],[19.473188,51.769367],[19.473204,51.769279],[19.473217,51.769189],[19.473224,51.769114],[19.473229,51.768991],[19.47323,51.768973],[19.47323,51.768946],[19.473231,51.768934],[19.47323,51.768923],[19.473229,51.768792],[19.473223,51.76859],[19.47322,51.768499],[19.473218,51.768434],[19.473217,51.768396],[19.473213,51.768242],[19.473156,51.768163]]},"properties":{"name":"Aleja Rodziny Scheiblerów"}},{"type":"Feature","geometry":{"type":"LineString","coordinates":[[19.472745,51.770039],[19.472767,51.769938],[19.47277,51.769924],[19.472777,51.769889],[19.472779,51.769878],[19.47279,51.769827],[19.472794,51.769809],[19.472802,51.769758],[19.47281,51.76969],[19.472819,51.769538],[19.472824,51.769487],[19.472834,51.769423],[19.472889,51.769159],[19.472904,51.769096],[19.472917,51.769045],[19.472937,51.768981],[19.472943,51.768961],[19.472948,51.768943],[19.472956,51.768917],[19.472959,51.768906],[19.472963,51.768894],[19.472995,51.768787],[19.473054,51.768591],[19.473069,51.768537],[19.473072,51.768519],[19.473075,51.7685],[19.473083,51.768435],[19.473085,51.768417],[19.473099,51.768249],[19.473156,51.768163],[19.473154,51.767869],[19.473147,51.767563]]},"properties":{"name":"Aleja Rodziny Scheiblerów"}},{"type":"Feature","geometry":{"type":"LineString","coordinates":[[19.473028,51.766906],[19.473028,51.767004],[19.473028,51.767022],[19.473029,51.76704],[19.473033,51.767075],[19.473058,51.76724],[19.473088,51.767462],[19.473147,51.767563],[19.473195,51.767455],[19.473196,51.767302],[19.473204,51.767183],[19.473223,51.767055],[19.473225,51.767037],[19.473228,51.767019],[19.473244,51.766924]]},"properties":{"name":"Aleja Rodziny Scheiblerów"}},{"type":"Feature","geometry":{"type":"LineString","coordinates":[[19.458867,51.848622],[19.458893,51.848654],[19.458919,51.848681],[19.458942,51.848701],[19.458967,51.848717],[19.459138,51.848804],[19.459361,51.848923],[19.459442,51.848969],[19.45949,51.849005],[19.459534,51.849047],[19.459735,51.849253],[19.459812,51.849326],[19.45986,51.849356],[19.459913,51.849386],[19.460014,51.849438]]},"properties":{"name":"Trakt Strykowski"}},{"type":"Feature","geometry":{"type":"LineString","coordinates":[[19.480983,51.856044],[19.480592,51.855921],[19.479398,51.855544],[19.479363,51.855533],[19.477424,51.854919],[19.473796,51.853771],[19.473702,51.85374],[19.473394,51.853643],[19.472688,51.853423],[19.466098,51.851353],[19.465638,51.851205],[19.465085,51.851032],[19.464416,51.850823],[19.464123,51.850731],[19.463691,51.850596],[19.463333,51.850484],[19.462979,51.850373],[19.462559,51.850242],[19.461975,51.850058],[19.461261,51.849832],[19.460125,51.849473],[19.460014,51.849438],[19.459881,51.849409],[19.459748,51.849369],[19.459587,51.849314],[19.459533,51.849294],[19.459472,51.849266],[19.45943,51.849242],[19.459394,51.849213],[19.459332,51.849143],[19.459218,51.849017],[19.459146,51.848947],[19.459115,51.848924],[19.459081,51.848901],[19.459028,51.848872],[19.458965,51.848838],[19.458853,51.8488],[19.45878,51.848795],[19.458709,51.848802]]},"properties":{"name":"Trakt Strykowski"}},{"type":"Feature","geometry":{"type":"LineString","coordinates":[[19.480983,51.856044],[19.481191,51.856108],[19.481691,51.856268],[19.484416,51.857122],[19.484963,51.857294],[19.488902,51.858531],[19.490349,51.858985],[19.490417,51.859007],[19.490645,51.859078],[19.490908,51.859159]]},"properties":{"name":"71"}},{"type":"Feature","geometry":{"type":"LineString","coordinates":[[19.503763,51.720395],[19.503827,51.720246]]},"properties":{"name":"Strażnicza"}},{"type":"Feature","geometry":{"type":"LineString","coordinates":[[19.503763,51.720395],[19.503665,51.720421],[19.503615,51.720428],[19.503574,51.720429],[19.503533,51.720427],[19.503373,51.720404],[19.503049,51.720358],[19.502867,51.720333],[19.502055,51.720224],[19.501982,51.720214],[19.50028,51.719982],[19.49949,51.719879],[19.499059,51.719831],[19.498899,51.719814],[19.498837,51.719807],[19.498731,51.719792],[19.498522,51.719763],[19.498211,51.719697],[19.497951,51.719637],[19.497496,51.719535],[19.497423,51.71952],[19.49656,51.719398],[19.496413,51.719381],[19.496388,51.719377],[19.49585,51.719305],[19.495422,51.719248],[19.495225,51.71922],[19.495061,51.719196],[19.4944,51.719101],[19.494317,51.719089],[19.493954,51.719028],[19.493621,51.718981],[19.492858,51.718875],[19.492798,51.718867],[19.492545,51.718834],[19.492412,51.718815],[19.491326,51.718662],[19.490969,51.71861],[19.490882,51.718598],[19.490393,51.718531],[19.489597,51.718419],[19.489357,51.718386],[19.488494,51.718267],[19.488435,51.718259],[19.488285,51.718238],[19.4873,51.718101],[19.487217,51.718089],[19.487117,51.718075],[19.486937,51.71805],[19.486906,51.718046],[19.486881,51.718043],[19.486851,51.718038],[19.486674,51.718015],[19.48653,51.717995],[19.486399,51.717977]]},"properties":{"name":"Kurczaki"}},{"type":"Feature","geometry":{"type":"LineString","coordinates":[[19.485198,51.717962],[19.485439,51.717976],[19.485461,51.717977],[19.485482,51.717979],[19.485515,51.717981],[19.485548,51.717984],[19.485581,51.717987],[19.485779,51.717998],[19.485881,51.717999],[19.486069,51.71799],[19.486147,51.717986],[19.486399,51.717977],[19.486156,51.717944],[19.486021,51.717926],[19.485938,51.717915],[19.485573,51.717873],[19.48554,51.717869],[19.485508,51.717866],[19.485486,51.717864],[19.485463,51.717862],[19.485238,51.71784]]},"properties":{"name":"Kurczaki"}},{"type":"Feature","geometry":{"type":"LineString","coordinates":[[19.478543,51.697026],[19.47857,51.697118],[19.478685,51.697505],[19.478813,51.697943],[19.479118,51.698965],[19.479232,51.699324],[19.47926,51.699411],[19.479313,51.699577],[19.479319,51.699596],[19.479325,51.699614],[19.479348,51.699683],[19.479442,51.699966],[19.479466,51.70003],[19.479469,51.700039],[19.479473,51.700048],[19.479484,51.700076],[19.479502,51.700121],[19.479563,51.700268],[19.479585,51.700314],[19.479644,51.700437],[19.479747,51.700633],[19.479814,51.700752],[19.479834,51.700789],[19.479927,51.700933],[19.480029,51.701082],[19.480142,51.701232],[19.480262,51.701376],[19.48061,51.701768],[19.48124,51.702458],[19.4813,51.702524],[19.481343,51.702572],[19.481533,51.70278],[19.481698,51.702959],[19.481865,51.703141],[19.481895,51.703173],[19.482063,51.703361],[19.482151,51.703459],[19.482171,51.703481],[19.482265,51.703584],[19.482409,51.703741],[19.482705,51.704063],[19.48293,51.7043],[19.482953,51.704325],[19.482976,51.704349],[19.483249,51.704639],[19.483321,51.704713],[19.483347,51.704741],[19.483742,51.705158],[19.483976,51.705411],[19.484232,51.705679],[19.484562,51.706027],[19.484616,51.706088],[19.484664,51.706139],[19.48543,51.706952],[19.485716,51.707259],[19.485854,51.707407],[19.485886,51.707441],[19.486038,51.707601],[19.486513,51.708107],[19.48684,51.708453],[19.48718,51.708803],[19.487234,51.708857],[19.48743,51.709074],[19.487512,51.709177],[19.487553,51.709241],[19.487591,51.709299],[19.48765,51.709424],[19.487731,51.70961],[19.487748,51.709653],[19.487846,51.709947],[19.487873,51.71005],[19.487905,51.71025],[19.487919,51.710392],[19.487921,51.710509],[19.487915,51.710684],[19.48789,51.710913],[19.487875,51.710985],[19.48786,51.711056],[19.487821,51.711197],[19.48778,51.711307],[19.487737,51.711406],[19.487614,51.71165],[19.48748,51.711915],[19.487258,51.712351],[19.487066,51.712774],[19.487007,51.712908],[19.4869,51.713144],[19.486812,51.713319],[19.486802,51.713341],[19.486781,51.713389],[19.486778,51.713397],[19.486679,51.713598],[19.486603,51.713747],[19.486597,51.713759],[19.486591,51.713771],[19.486577,51.713797],[19.486568,51.713815],[19.486408,51.71413],[19.48639,51.714164],[19.486263,51.714415],[19.485652,51.71561],[19.485643,51.715631],[19.485634,51.715652],[19.48554,51.715872],[19.485463,51.716118],[19.485271,51.716804],[19.485192,51.717088],[19.485154,51.717223],[19.485042,51.71763],[19.485036,51.71765],[19.485031,51.71767],[19.485027,51.717683],[19.485023,51.717697],[19.484964,51.717842],[19.484915,51.717971],[19.484874,51.718089],[19.48487,51.718101],[19.484866,51.718112],[19.48486,51.71813],[19.484854,51.718147],[19.484844,51.71818],[19.48469,51.718773],[19.484603,51.719144],[19.48455,51.719366],[19.48443,51.719803],[19.484381,51.719943],[19.484315,51.720099],[19.484247,51.720222],[19.484209,51.720286],[19.484097,51.720469],[19.483973,51.720678],[19.483887,51.720817],[19.483879,51.720829],[19.483872,51.72084],[19.483859,51.720861],[19.483846,51.720883],[19.483835,51.7209],[19.483641,51.721211],[19.483528,51.721429],[19.483399,51.721707],[19.483361,51.721767],[19.483348,51.721793],[19.482997,51.722351],[19.482978,51.722378],[19.482909,51.722483],[19.482841,51.722571],[19.482395,51.723029],[19.482369,51.723056],[19.482349,51.723078],[19.482328,51.723099],[19.481944,51.723488],[19.481865,51.72357],[19.481812,51.723624],[19.481093,51.724339],[19.480705,51.724736],[19.48058,51.724876],[19.480571,51.724888],[19.480306,51.725224],[19.480284,51.725252],[19.480272,51.725267],[19.480201,51.72536],[19.480076,51.725525],[19.479983,51.725638],[19.479901,51.725725],[19.479182,51.726453],[19.478723,51.726921],[19.478648,51.726991],[19.478341,51.727294],[19.47777,51.72788],[19.477207,51.728447],[19.476818,51.728842],[19.476702,51.728959],[19.476562,51.729082],[19.476543,51.729099],[19.476524,51.729116],[19.476392,51.729224],[19.476213,51.729362],[19.476171,51.729392],[19.476123,51.729427],[19.475832,51.729642],[19.47576,51.729695],[19.475636,51.729787],[19.475469,51.72991],[19.475382,51.729974],[19.475343,51.73],[19.475293,51.730035],[19.475196,51.730109],[19.475101,51.730181],[19.475082,51.730197],[19.475062,51.730216],[19.475056,51.730222],[19.474988,51.7303],[19.474926,51.730379],[19.474897,51.73042],[19.474878,51.730572],[19.474874,51.730606]]},"properties":{"name":"Rzgowska"}},{"type":"Feature","geometry":{"type":"LineString","coordinates":[[19.478771,51.697008],[19.47882,51.697134],[19.478939,51.697447],[19.479087,51.697834],[19.479121,51.697923],[19.479291,51.698419],[19.479413,51.698786],[19.479591,51.699339],[19.479596,51.699356],[19.479646,51.699507],[19.479661,51.699552],[19.479667,51.699571],[19.479688,51.699638],[19.479778,51.699918],[19.479803,51.699988],[19.479806,51.699996],[19.479809,51.700006],[19.479818,51.700033],[19.479825,51.700054],[19.479899,51.70028],[19.479926,51.70036],[19.479963,51.700457],[19.479993,51.700525],[19.480024,51.700594],[19.480063,51.700669],[19.480126,51.700781],[19.480215,51.700926],[19.480294,51.701039],[19.480385,51.701162],[19.48045,51.701241],[19.480533,51.701335],[19.480706,51.70153],[19.481275,51.702169],[19.481467,51.702384],[19.481525,51.702446],[19.481567,51.702494],[19.481771,51.702716],[19.483149,51.704219],[19.483172,51.704244],[19.483196,51.70427],[19.483265,51.704343],[19.483424,51.704516],[19.483607,51.704717],[19.483864,51.704991],[19.484139,51.705276],[19.484441,51.705586],[19.484799,51.70593],[19.484861,51.705989],[19.484923,51.706046],[19.485348,51.706463],[19.485795,51.706903],[19.48583,51.706938],[19.486074,51.707179],[19.486207,51.707309],[19.486399,51.707496],[19.486423,51.707521],[19.487002,51.70809],[19.487286,51.708371],[19.487391,51.708475],[19.487619,51.7087],[19.487737,51.708828],[19.487898,51.709021],[19.48792,51.709051],[19.487934,51.70907],[19.488079,51.709302],[19.488138,51.709416],[19.488186,51.709524],[19.488255,51.709692],[19.488308,51.709867],[19.488335,51.709977],[19.488367,51.710184],[19.488379,51.710326],[19.488378,51.710463],[19.488365,51.710599],[19.488348,51.710697],[19.488325,51.710802],[19.488307,51.710857],[19.488253,51.711026],[19.488207,51.711133],[19.487415,51.712682],[19.487252,51.713],[19.487128,51.713243],[19.487077,51.713343],[19.487067,51.713362],[19.487056,51.713384],[19.487032,51.713431],[19.487027,51.71344],[19.486946,51.713599],[19.486848,51.713787],[19.486842,51.713799],[19.486836,51.713811],[19.486824,51.713834],[19.486813,51.713857],[19.486722,51.714036],[19.486622,51.71423],[19.485942,51.715561],[19.485915,51.715616],[19.485896,51.715653],[19.485886,51.715673],[19.485875,51.715694],[19.485836,51.71578],[19.485802,51.715867],[19.485759,51.715992],[19.485724,51.716107],[19.485636,51.716427],[19.485431,51.717163],[19.485369,51.71739],[19.48536,51.717423],[19.485348,51.717465],[19.4853,51.717637],[19.485291,51.71766],[19.485286,51.717677],[19.485281,51.717694],[19.485277,51.717708],[19.485273,51.717722],[19.485238,51.71784],[19.485198,51.717962],[19.485169,51.71806],[19.485165,51.718073],[19.485161,51.718086],[19.485156,51.718102],[19.485151,51.718119],[19.485142,51.718151],[19.485128,51.7182],[19.485088,51.718343],[19.485064,51.718425],[19.485045,51.718491],[19.485015,51.718599],[19.484952,51.718824],[19.484924,51.718926],[19.484624,51.719998],[19.484546,51.72024],[19.484503,51.720335],[19.484359,51.720604],[19.484272,51.72075],[19.484188,51.72089],[19.48418,51.720903],[19.484173,51.720915],[19.484161,51.720935],[19.484149,51.720954],[19.484007,51.721183],[19.483923,51.721322],[19.483809,51.721485],[19.483729,51.721599],[19.48346,51.722036],[19.483433,51.722079],[19.483404,51.722126],[19.483146,51.722527],[19.483101,51.722591],[19.483049,51.722657],[19.482917,51.722806],[19.482785,51.722935],[19.482683,51.723039],[19.482583,51.723141],[19.482566,51.723159],[19.482551,51.723174],[19.482019,51.723708],[19.481962,51.723763],[19.48192,51.723807],[19.481185,51.72455],[19.48107,51.724674],[19.480888,51.724894],[19.48056,51.725296],[19.480536,51.72533],[19.480519,51.72535],[19.480438,51.725446],[19.480088,51.725819],[19.47938,51.726537],[19.479041,51.726879],[19.478647,51.727278],[19.477205,51.728731],[19.477028,51.728905],[19.476844,51.729071],[19.476742,51.729161],[19.476724,51.729176],[19.476704,51.729193],[19.476613,51.729265],[19.476471,51.729367],[19.476307,51.729484],[19.475956,51.729751],[19.475856,51.729827],[19.475793,51.729875],[19.475525,51.730087],[19.475365,51.730226],[19.475314,51.730269],[19.475294,51.730288],[19.475271,51.730309],[19.475263,51.730316],[19.475071,51.730493],[19.474921,51.730579],[19.474874,51.730606],[19.474768,51.73072],[19.474743,51.730747],[19.47472,51.73077],[19.474701,51.73079],[19.47462,51.730871],[19.47446,51.731032],[19.47442,51.731073],[19.474417,51.731076],[19.474379,51.731114],[19.474214,51.731279],[19.474195,51.731298],[19.474172,51.731321],[19.474141,51.731355],[19.47408,51.731414],[19.474041,51.731454],[19.47392,51.731581],[19.47378,51.731719],[19.473724,51.731776],[19.473501,51.732005],[19.473424,51.732083],[19.473385,51.732122],[19.473237,51.732268],[19.473195,51.732309],[19.472996,51.73251],[19.472958,51.732548],[19.472916,51.732593],[19.472877,51.732632],[19.472871,51.732639],[19.472366,51.733146],[19.472315,51.733199],[19.472025,51.73349],[19.471967,51.733548],[19.47192,51.733596],[19.471874,51.733643],[19.471535,51.733985],[19.471407,51.734114],[19.471337,51.734184],[19.471315,51.734207],[19.471294,51.734228],[19.471231,51.734291],[19.471165,51.734358],[19.471141,51.734382],[19.471098,51.734426],[19.471042,51.734482],[19.470761,51.734764],[19.470721,51.734804],[19.47066,51.734866],[19.47006,51.735469],[19.470006,51.735524],[19.469991,51.735539]]},"properties":{"name":"Rzgowska"}},{"type":"Feature","geometry":{"type":"LineString","coordinates":[[19.463169,51.742425],[19.463182,51.742397],[19.463194,51.742382],[19.463209,51.742367],[19.463361,51.742214],[19.463606,51.741967],[19.463675,51.741898],[19.463743,51.74183],[19.46412,51.741451],[19.46414,51.741432],[19.46417,51.741402],[19.464232,51.741339],[19.46431,51.74126],[19.464334,51.741236],[19.464359,51.74121],[19.464549,51.741015],[19.464636,51.740925],[19.464726,51.740833],[19.464794,51.740763],[19.464837,51.740719],[19.464867,51.740689],[19.464921,51.740632],[19.465092,51.740458],[19.465142,51.740408],[19.465176,51.740375],[19.465373,51.74018],[19.465447,51.740107],[19.465532,51.740023],[19.465554,51.740001],[19.465572,51.739983],[19.465597,51.739958],[19.46578,51.739772],[19.465791,51.73976],[19.465879,51.739675],[19.465902,51.739653],[19.465922,51.739633],[19.466077,51.739477],[19.466187,51.739367],[19.466267,51.739287],[19.466376,51.739176],[19.46655,51.739],[19.46658,51.73897],[19.466642,51.738908],[19.466757,51.738791],[19.46688,51.738667],[19.466895,51.738652],[19.46691,51.738636],[19.467119,51.738426]]},"properties":{"name":"Rzgowska"}},{"type":"Feature","geometry":{"type":"LineString","coordinates":[[19.474874,51.730606],[19.474855,51.7306],[19.474547,51.730502],[19.474533,51.730497],[19.474487,51.730481],[19.47442,51.730459],[19.473956,51.730299],[19.473815,51.730246],[19.473603,51.730168],[19.473504,51.730132],[19.473412,51.730097],[19.472222,51.729654],[19.471575,51.729412],[19.471136,51.729248],[19.471049,51.72922],[19.470871,51.729166],[19.470772,51.729134],[19.470156,51.728905],[19.470129,51.728894],[19.470081,51.728873],[19.470033,51.728853],[19.469904,51.728798],[19.469777,51.728744],[19.469761,51.728738],[19.469746,51.728731],[19.469726,51.728723],[19.469706,51.728715],[19.46917,51.728511],[19.467536,51.727899],[19.467044,51.727715],[19.466159,51.727384],[19.465677,51.727201],[19.465434,51.727111],[19.465313,51.727066],[19.465251,51.727043],[19.465189,51.727023],[19.465111,51.726996],[19.465027,51.726971],[19.464854,51.726926],[19.464749,51.726903],[19.464638,51.726881],[19.464533,51.726863],[19.464486,51.726855],[19.46446,51.726852],[19.464436,51.726849],[19.464413,51.726845],[19.464391,51.726843],[19.464331,51.726835],[19.464162,51.726819],[19.463953,51.726805],[19.463534,51.726779],[19.463403,51.726774],[19.463294,51.726772],[19.463217,51.726772],[19.463164,51.726774],[19.463144,51.726775],[19.463125,51.726777],[19.463106,51.726779],[19.463084,51.726781],[19.462772,51.726832],[19.46238,51.7269],[19.462173,51.726942],[19.461923,51.727002],[19.461725,51.72706],[19.461537,51.727122],[19.461367,51.727184],[19.461188,51.727257],[19.461013,51.727336],[19.460799,51.727442],[19.458249,51.728728],[19.458006,51.728857],[19.457813,51.72897],[19.457521,51.729157],[19.45744,51.729205],[19.457412,51.72922],[19.457396,51.729229],[19.45738,51.729238],[19.457269,51.729293],[19.457159,51.729345],[19.457141,51.729353],[19.457123,51.72936],[19.457109,51.729366],[19.457093,51.729373],[19.45653,51.729611],[19.456349,51.729696],[19.455974,51.729888],[19.454749,51.730528],[19.454664,51.730578],[19.454458,51.73072],[19.454369,51.730774],[19.454281,51.730822],[19.454227,51.73085],[19.453942,51.730998],[19.453864,51.731046],[19.453819,51.731082],[19.453791,51.73111],[19.453773,51.731133],[19.453761,51.73115],[19.45375,51.731165],[19.453736,51.731189],[19.453702,51.731262],[19.453693,51.731388]]},"properties":{"name":"Ignacego Jana Paderewskiego"}},{"type":"Feature","geometry":{"type":"LineString","coordinates":[[19.453051,51.730877],[19.453269,51.7309],[19.453338,51.730904],[19.453385,51.730903],[19.453415,51.730903],[19.453444,51.730901],[19.453472,51.730899],[19.4535,51.730897],[19.453576,51.73089],[19.453653,51.730879],[19.453728,51.730859],[19.453812,51.730828],[19.453894,51.730793],[19.454693,51.730375],[19.455425,51.729994],[19.456201,51.729585],[19.456316,51.729518],[19.456449,51.729436],[19.456665,51.72929],[19.456775,51.729221],[19.456833,51.729187],[19.456865,51.729168],[19.456882,51.729159],[19.4569,51.729149],[19.45701,51.729093],[19.45712,51.729039],[19.457138,51.72903],[19.457154,51.729023],[19.457171,51.729015],[19.457191,51.729006],[19.457287,51.728966],[19.457767,51.728779],[19.457938,51.728705],[19.461092,51.727116],[19.461249,51.727043],[19.461431,51.726966],[19.461622,51.726894],[19.461798,51.726835],[19.461993,51.726777],[19.462279,51.726699],[19.462595,51.726613],[19.462907,51.726521],[19.462937,51.726512],[19.462954,51.726507],[19.462971,51.726502],[19.462988,51.726496],[19.463006,51.726491],[19.463195,51.726431]]},"properties":{"name":"Ignacego Jana Paderewskiego"}},{"type":"Feature","geometry":{"type":"LineString","coordinates":[[19.464666,51.726589],[19.464682,51.726599],[19.4647,51.726609],[19.464905,51.726729],[19.464941,51.726748],[19.465032,51.726798],[19.465173,51.726859],[19.465215,51.726875],[19.465296,51.726904],[19.465383,51.726937],[19.46719,51.72761],[19.467234,51.727626],[19.467307,51.727654],[19.468515,51.72811],[19.468562,51.728127],[19.468627,51.728151],[19.468887,51.728241],[19.469214,51.728354],[19.469539,51.728472],[19.469766,51.728557],[19.469834,51.728584],[19.469854,51.728592],[19.469875,51.7286],[19.46989,51.728606],[19.469906,51.728612],[19.470034,51.728668],[19.470161,51.728723],[19.470188,51.728734],[19.470215,51.728746],[19.470624,51.7289],[19.47094,51.729018],[19.471173,51.729105],[19.471268,51.72914],[19.472025,51.729424],[19.473593,51.73001],[19.473745,51.730059],[19.473916,51.730107],[19.47412,51.730158],[19.474327,51.730216],[19.474514,51.730276],[19.474564,51.730292],[19.474631,51.730314],[19.474673,51.730329],[19.474696,51.730338],[19.474836,51.730395],[19.474897,51.73042],[19.474972,51.730452],[19.475007,51.730467],[19.475071,51.730493]]},"properties":{"name":"Ignacego Jana Paderewskiego"}},{"type":"Feature","geometry":{"type":"LineString","coordinates":[[19.43525,51.755865],[19.435297,51.755743],[19.435301,51.755731],[19.435306,51.755718],[19.435313,51.755696],[19.435335,51.755633],[19.435537,51.755019],[19.435777,51.75422],[19.435949,51.753546],[19.435983,51.753405],[19.436045,51.753139],[19.436104,51.752881],[19.436154,51.752394]]},"properties":{"name":"Aleja Jana Pawła II"}},{"type":"Feature","geometry":{"type":"LineString","coordinates":[[19.447672,51.726703],[19.447562,51.726791],[19.44752,51.726824],[19.44743,51.726895],[19.447335,51.726971],[19.447324,51.72698],[19.447314,51.726987],[19.447289,51.727007],[19.447248,51.72704],[19.446859,51.727335],[19.446583,51.727533],[19.446338,51.727702],[19.446099,51.727852],[19.445683,51.728086],[19.445279,51.728322],[19.445029,51.7285],[19.444905,51.728591],[19.444567,51.728869],[19.444462,51.728955],[19.444376,51.729008],[19.443907,51.729295],[19.443692,51.729427],[19.443431,51.729589],[19.443296,51.729678],[19.443183,51.729757],[19.443085,51.729831],[19.442983,51.729912],[19.442856,51.730017],[19.442742,51.73012],[19.442646,51.730214],[19.442511,51.73036],[19.442396,51.730493],[19.442335,51.730571],[19.442221,51.730729],[19.442197,51.730765],[19.442147,51.730844],[19.442114,51.7309],[19.442075,51.730972],[19.442035,51.731047],[19.441981,51.731159],[19.441934,51.731269],[19.441894,51.731379],[19.441855,51.731509],[19.441824,51.731633],[19.441816,51.731674],[19.441799,51.731759],[19.441787,51.73185],[19.441775,51.73201],[19.441769,51.732133],[19.441773,51.732283],[19.441786,51.732473],[19.441788,51.732498],[19.441789,51.73252],[19.441807,51.732778],[19.441816,51.732916],[19.441829,51.733126],[19.441865,51.73363],[19.441919,51.734386],[19.441924,51.734455],[19.441947,51.734782],[19.441952,51.734847],[19.441959,51.734953],[19.442003,51.735564],[19.442008,51.735635],[19.442012,51.73569],[19.442021,51.735827],[19.442046,51.73618],[19.442047,51.736196],[19.442048,51.736227],[19.442048,51.736238],[19.442048,51.736404],[19.442048,51.736535],[19.442048,51.73667],[19.44205,51.736685],[19.442051,51.736696],[19.442053,51.736726],[19.442056,51.73678],[19.442072,51.736961],[19.44211,51.737381],[19.442174,51.738294],[19.442208,51.738715],[19.442212,51.739005],[19.442204,51.739361],[19.442178,51.739721],[19.442137,51.739994],[19.442059,51.740386],[19.441994,51.740663],[19.441894,51.740974],[19.441652,51.74165],[19.441378,51.742401],[19.441006,51.743424],[19.44088,51.743767],[19.440875,51.743778],[19.440765,51.744073],[19.440748,51.744119],[19.440567,51.744612],[19.440559,51.744635],[19.44055,51.744658],[19.440513,51.744754],[19.440483,51.74482],[19.440442,51.744897],[19.440384,51.745004],[19.440339,51.745087],[19.440328,51.745112],[19.440318,51.74514],[19.440302,51.745182],[19.440244,51.74532],[19.440085,51.74568],[19.440034,51.745791],[19.439922,51.746025],[19.439841,51.746189],[19.439775,51.746313],[19.439671,51.746476],[19.439516,51.746714],[19.438589,51.748012],[19.438242,51.748466],[19.437984,51.748803],[19.437921,51.748883],[19.437896,51.748916],[19.437861,51.748961],[19.437724,51.749138],[19.437616,51.74926],[19.437502,51.749389],[19.437313,51.749635],[19.437117,51.749892],[19.436952,51.750113],[19.436796,51.750336],[19.436544,51.750759],[19.436401,51.751039],[19.436289,51.751276],[19.436186,51.751508],[19.436141,51.751627],[19.436096,51.751742],[19.436024,51.751949],[19.43591,51.752371],[19.435702,51.752832],[19.435533,51.753371],[19.435275,51.754221],[19.435242,51.754327],[19.435098,51.754717],[19.435025,51.75489],[19.434918,51.755119],[19.434879,51.755194],[19.434793,51.755364],[19.434642,51.755647],[19.434632,51.755665],[19.434619,51.75569],[19.434613,51.755701],[19.434607,51.755713],[19.434553,51.755816]]},"properties":{"name":"Aleja Jana Pawła II"}},{"type":"Feature","geometry":{"type":"LineString","coordinates":[[19.434937,51.756003],[19.435101,51.75566],[19.435194,51.755452],[19.43527,51.75527],[19.435332,51.755104],[19.435421,51.75485],[19.435573,51.754377],[19.435839,51.753405],[19.435975,51.752879],[19.436094,51.752555],[19.436154,51.752394],[19.436247,51.752044],[19.436326,51.751809],[19.436434,51.751523],[19.436537,51.751298],[19.436717,51.750925],[19.436841,51.750707],[19.437051,51.750358],[19.437099,51.75029],[19.437206,51.750137],[19.437778,51.749388],[19.438099,51.748972],[19.438122,51.748943],[19.438149,51.748908],[19.438245,51.748764],[19.438336,51.748629],[19.438588,51.748299],[19.438916,51.747856],[19.439245,51.747395],[19.439553,51.746963],[19.439751,51.746685],[19.439984,51.746345],[19.440122,51.746129],[19.440187,51.746022],[19.440245,51.745921],[19.440328,51.745767],[19.440386,51.745651],[19.440446,51.745527],[19.440486,51.745441],[19.440532,51.745333],[19.440587,51.745196],[19.440593,51.74518],[19.440604,51.745153],[19.440693,51.744923],[19.440732,51.744821],[19.440784,51.744687],[19.440792,51.744664],[19.440801,51.744641],[19.440809,51.744619],[19.44086,51.744476],[19.440983,51.744136],[19.441043,51.74396],[19.441124,51.743725],[19.441223,51.743454],[19.441513,51.742664],[19.441594,51.74244],[19.441884,51.741657],[19.442155,51.740881],[19.442239,51.740593],[19.442294,51.740356],[19.442342,51.740128],[19.442367,51.739981],[19.442401,51.739716],[19.442422,51.73948],[19.442433,51.739284],[19.442437,51.739076],[19.442428,51.738763],[19.442408,51.738392],[19.442328,51.737277],[19.442319,51.737135],[19.442296,51.736757],[19.442294,51.736724],[19.442293,51.736689],[19.442292,51.736677],[19.442292,51.736664],[19.442287,51.736544],[19.442285,51.736408],[19.442273,51.736235],[19.442271,51.73622],[19.442268,51.736192],[19.442268,51.736173],[19.442256,51.736061],[19.442251,51.735987],[19.442215,51.735664],[19.442158,51.73493],[19.442151,51.73483],[19.442128,51.734539],[19.442117,51.734381],[19.442027,51.733138],[19.442012,51.732914],[19.442006,51.732831],[19.441983,51.732515],[19.441981,51.732494],[19.441981,51.73247],[19.441968,51.732264],[19.441965,51.732106],[19.441968,51.731992],[19.441975,51.731902],[19.441981,51.731853],[19.442008,51.731701],[19.442036,51.731581],[19.44207,51.731461],[19.442106,51.731355],[19.442155,51.731233],[19.442213,51.73111],[19.442288,51.730962],[19.44235,51.730857],[19.442417,51.730757],[19.442535,51.730594],[19.44265,51.730452],[19.442768,51.730321],[19.442876,51.730216],[19.442982,51.730119],[19.443105,51.730012],[19.443231,51.729913],[19.443408,51.729784],[19.443643,51.729629],[19.443859,51.729497],[19.444376,51.729174],[19.444451,51.729127],[19.444677,51.729015],[19.445084,51.728813],[19.445285,51.728702],[19.445491,51.728589],[19.445708,51.728466],[19.445905,51.728356],[19.446245,51.728164],[19.44666,51.727904],[19.446945,51.727715],[19.446965,51.727701],[19.447132,51.727588],[19.447384,51.72742],[19.447519,51.727329],[19.447589,51.727279],[19.447607,51.727267],[19.447634,51.727247],[19.447645,51.727239],[19.447656,51.727232],[19.447716,51.727188],[19.447837,51.727103],[19.447882,51.727072],[19.447995,51.726992]]},"properties":{"name":"Aleja Jana Pawła II"}},{"type":"Feature","geometry":{"type":"LineString","coordinates":[[19.488558,51.792079],[19.488771,51.792148],[19.488866,51.792186],[19.488978,51.79222],[19.489083,51.792244],[19.489146,51.792247],[19.489213,51.792252],[19.489232,51.792253],[19.489428,51.792269],[19.489611,51.792288],[19.48976,51.792307],[19.4899,51.792331],[19.489937,51.792342],[19.490032,51.792391],[19.490059,51.7924]]},"properties":{"name":"Wojska Polskiego"}},{"type":"Feature","geometry":{"type":"LineString","coordinates":[[19.493705,51.793389],[19.493823,51.793385],[19.494081,51.793458],[19.494259,51.79351],[19.494294,51.793521],[19.49431,51.793525],[19.494325,51.79353],[19.494356,51.793539],[19.49438,51.793546],[19.494594,51.793609],[19.494829,51.793678],[19.495326,51.793822],[19.49593,51.793998],[19.497295,51.794373],[19.497656,51.794473],[19.497972,51.794562]]},"properties":{"name":"Wojska Polskiego"}},{"type":"Feature","geometry":{"type":"LineString","coordinates":[[19.497828,51.79472],[19.497539,51.79464],[19.497105,51.79452],[19.496348,51.794312],[19.495792,51.794157],[19.495272,51.794003],[19.495185,51.793974],[19.494975,51.793902],[19.494893,51.793871],[19.494556,51.793739],[19.494327,51.793651],[19.494299,51.79364],[19.494273,51.79363],[19.494247,51.79362],[19.494234,51.793615],[19.49422,51.793609],[19.493996,51.793527],[19.493775,51.793451],[19.493705,51.793389],[19.493597,51.793357],[19.493525,51.793337],[19.493459,51.793318],[19.493288,51.793271],[19.493187,51.793243],[19.493156,51.793235],[19.49283,51.793145],[19.492653,51.793096],[19.492545,51.793066],[19.492322,51.793005],[19.491977,51.79291],[19.491798,51.792861],[19.491676,51.792827],[19.490908,51.792616],[19.490455,51.792492],[19.490319,51.792457],[19.490201,51.792428],[19.490059,51.7924],[19.490042,51.792401],[19.48993,51.792415],[19.489895,51.792414],[19.489804,51.792404],[19.489684,51.792394],[19.489251,51.792369],[19.489195,51.792366],[19.489125,51.792362],[19.488833,51.792346],[19.488755,51.792337],[19.48869,51.792336],[19.488539,51.792346],[19.488499,51.79235],[19.488426,51.792359]]},"properties":{"name":"Wojska Polskiego"}},{"type":"Feature","geometry":{"type":"LineString","coordinates":[[19.48869,51.792336],[19.488739,51.792322],[19.488807,51.792288]]},"properties":{"name":"Wojska Polskiego"}},{"type":"Feature","geometry":{"type":"LineString","coordinates":[[19.754698,51.804741],[19.75477,51.804831],[19.754862,51.804923],[19.755319,51.805316],[19.755505,51.805485],[19.755636,51.805597],[19.75572,51.805669],[19.755875,51.805803]]},"properties":{"name":"Wojska Polskiego"}},{"type":"Feature","geometry":{"type":"LineString","coordinates":[[19.468569,51.786346],[19.468444,51.786276],[19.467985,51.786117],[19.467933,51.786102],[19.46767,51.786044],[19.467397,51.785986],[19.46736,51.78598],[19.467276,51.785963],[19.467081,51.785919],[19.466917,51.785913]]},"properties":{"name":"Wojska Polskiego"}},{"type":"Feature","geometry":{"type":"LineString","coordinates":[[19.48752,51.791295],[19.48742,51.791276],[19.487387,51.79127],[19.487303,51.791255],[19.487241,51.791236],[19.487171,51.791218],[19.487082,51.791199],[19.487,51.791184]]},"properties":{"name":"Wojska Polskiego"}},{"type":"Feature","geometry":{"type":"LineString","coordinates":[[19.485366,51.790778],[19.485577,51.790855],[19.48605,51.790995],[19.486466,51.7911],[19.486658,51.791148],[19.486735,51.791164],[19.486812,51.791174],[19.486897,51.791182],[19.486964,51.791184],[19.487,51.791184],[19.487057,51.791172],[19.487127,51.791144],[19.487268,51.791066],[19.487305,51.791049]]},"properties":{"name":"Wojska Polskiego"}},{"type":"Feature","geometry":{"type":"LineString","coordinates":[[19.487527,51.790971],[19.487458,51.790995],[19.48737,51.791026],[19.487305,51.791049],[19.487267,51.791057],[19.487223,51.791061],[19.486984,51.79107],[19.486942,51.791057],[19.486865,51.791056],[19.486805,51.791054],[19.486697,51.791045],[19.486576,51.791026],[19.48641,51.79099],[19.485996,51.790887],[19.485745,51.790824],[19.48565,51.790805],[19.485366,51.790778],[19.484796,51.790629],[19.484623,51.790584],[19.484562,51.790568],[19.484323,51.790506],[19.484218,51.790482],[19.484069,51.790452],[19.483893,51.790411],[19.48132,51.789737],[19.48096,51.789636],[19.480686,51.789555],[19.480435,51.789474],[19.479949,51.789312],[19.479494,51.78916],[19.479436,51.789141],[19.47927,51.789086],[19.47911,51.789036],[19.478884,51.78897],[19.478825,51.788954],[19.478507,51.788872],[19.477869,51.788705],[19.477759,51.788678],[19.477492,51.788612],[19.477241,51.788547],[19.476858,51.788431],[19.476488,51.788324],[19.476168,51.78824],[19.475668,51.78811],[19.475472,51.788059],[19.475462,51.788056],[19.475411,51.788042],[19.474448,51.787788],[19.4735,51.787543],[19.473453,51.787529],[19.473331,51.787498],[19.473275,51.787485],[19.472141,51.787183],[19.471993,51.787143],[19.471832,51.787106],[19.471582,51.787049],[19.471524,51.787038],[19.471363,51.787008],[19.471202,51.786981],[19.470775,51.786913],[19.470476,51.786855],[19.470119,51.786776],[19.469564,51.786626],[19.469208,51.786533],[19.468944,51.786463],[19.468569,51.786346],[19.468459,51.786327],[19.468299,51.786284],[19.468143,51.786239],[19.468013,51.786204],[19.46794,51.786185],[19.467886,51.786171],[19.467675,51.786129],[19.467355,51.786056],[19.467321,51.786048],[19.467129,51.785999],[19.466982,51.785958],[19.466917,51.785913],[19.466204,51.785721],[19.465706,51.785609],[19.465157,51.785501],[19.465117,51.785493],[19.465009,51.785471],[19.464901,51.785449],[19.464684,51.785405],[19.464587,51.785384],[19.464446,51.785363],[19.464287,51.785347],[19.464216,51.785344],[19.46412,51.785339],[19.464037,51.785341],[19.463872,51.785338],[19.463802,51.78534],[19.463589,51.785326],[19.463516,51.78532],[19.46344,51.785312],[19.463302,51.785287],[19.463114,51.785251],[19.462877,51.785203],[19.462578,51.785144],[19.462196,51.785073],[19.462016,51.785047],[19.461604,51.785006],[19.461469,51.784992],[19.461212,51.784966],[19.460797,51.784923],[19.460749,51.784918],[19.460682,51.78491],[19.460538,51.784894],[19.460373,51.78487],[19.460288,51.784853],[19.460204,51.784833],[19.460052,51.784795],[19.459931,51.784762],[19.459877,51.784744],[19.459834,51.784731],[19.459655,51.784674],[19.459437,51.784605],[19.459354,51.784576],[19.459196,51.784509],[19.459092,51.784468],[19.458973,51.784427],[19.458864,51.784393],[19.458755,51.784364],[19.45853,51.784314],[19.458436,51.784293],[19.458408,51.784287],[19.458221,51.784245],[19.458035,51.784204],[19.457769,51.784143],[19.457461,51.784073],[19.457243,51.784023],[19.457122,51.783995],[19.45694,51.783954],[19.456902,51.783945],[19.456672,51.783892],[19.456646,51.783887],[19.456455,51.783848],[19.45611,51.783788],[19.456004,51.783772],[19.455937,51.783763],[19.455913,51.78376],[19.455781,51.783741],[19.455295,51.783686],[19.454969,51.783649],[19.454823,51.783632],[19.454612,51.783605],[19.454515,51.783588],[19.454378,51.783568]]},"properties":{"name":"Wojska Polskiego"}},{"type":"Feature","geometry":{"type":"LineString","coordinates":[[19.337858,51.812329],[19.337782,51.812346],[19.337546,51.812396],[19.337301,51.812446],[19.337185,51.81247],[19.335605,51.812799],[19.335088,51.812906],[19.334151,51.813101],[19.333908,51.813151],[19.333776,51.813178],[19.333646,51.813205],[19.333614,51.813211],[19.333331,51.813271],[19.331712,51.813608],[19.331311,51.813691],[19.330408,51.81388],[19.329931,51.813979],[19.329715,51.814024],[19.329565,51.814055],[19.329269,51.814117],[19.329127,51.814148],[19.327925,51.814398],[19.325887,51.814823],[19.325458,51.814913],[19.324488,51.815115],[19.324372,51.815139],[19.322859,51.815458],[19.322719,51.815488],[19.321758,51.815683],[19.320854,51.815869],[19.320563,51.815924],[19.31992,51.816058],[19.319836,51.816077],[19.31958,51.81613],[19.318164,51.816424],[19.317622,51.816538],[19.317172,51.81663],[19.317016,51.816662],[19.316973,51.81667],[19.315802,51.816916],[19.315683,51.81694],[19.314919,51.817099],[19.314716,51.81714],[19.313966,51.817297],[19.313217,51.81745],[19.312966,51.817504],[19.312771,51.817545],[19.312322,51.817639],[19.312121,51.81768],[19.311493,51.817811],[19.310673,51.817981],[19.310391,51.81804],[19.310129,51.818096],[19.309467,51.818232],[19.308866,51.818358],[19.308669,51.818396],[19.308068,51.818523],[19.307815,51.818574],[19.307601,51.818617],[19.307427,51.818653],[19.307297,51.81868],[19.307009,51.818741],[19.306562,51.818836],[19.306402,51.81887],[19.30569,51.819017],[19.305027,51.81915],[19.304223,51.81932],[19.304156,51.819334],[19.303802,51.819411]]},"properties":{"name":"Wojska Polskiego"}},{"type":"Feature","geometry":{"type":"LineString","coordinates":[[19.497972,51.794562],[19.498391,51.794679],[19.498607,51.794739],[19.500127,51.79516],[19.500816,51.795355],[19.501296,51.795487],[19.501604,51.795571],[19.501847,51.795632],[19.502018,51.79567],[19.502303,51.795737],[19.502657,51.795812],[19.502697,51.795819],[19.502739,51.795828],[19.502781,51.795836],[19.503102,51.795897],[19.5034,51.795951],[19.503439,51.795957],[19.503477,51.795963],[19.503769,51.796006],[19.504096,51.796051],[19.504326,51.796081],[19.504765,51.796132],[19.505198,51.796175],[19.50554,51.7962],[19.506012,51.796227],[19.506566,51.796246],[19.50675,51.796253],[19.507053,51.796264],[19.507147,51.796233],[19.507254,51.796211],[19.507371,51.796205],[19.507529,51.796204],[19.507672,51.796209],[19.508222,51.796228],[19.5085,51.796237],[19.509453,51.79627],[19.509719,51.79628],[19.510005,51.79629],[19.510889,51.796318],[19.511836,51.796352],[19.512048,51.796359],[19.512405,51.796376],[19.5128,51.796409],[19.512934,51.796428],[19.513101,51.796469],[19.513232,51.796474],[19.514587,51.796523],[19.514907,51.796534],[19.515086,51.79654],[19.515434,51.796552],[19.515814,51.796564],[19.516082,51.796575],[19.516335,51.796584],[19.516423,51.796593],[19.516487,51.796602],[19.516552,51.796615],[19.516635,51.796639],[19.516879,51.79673],[19.516945,51.796749],[19.517003,51.796761]]},"properties":{"name":"Brzezińska"}},{"type":"Feature","geometry":{"type":"LineString","coordinates":[[19.497828,51.79472],[19.498255,51.794837],[19.498676,51.794951],[19.499403,51.795147],[19.500407,51.795423],[19.500931,51.795561],[19.501122,51.795611],[19.501305,51.795659],[19.501609,51.795738],[19.501937,51.795818],[19.50227,51.795891],[19.502617,51.795965],[19.50266,51.795974],[19.502703,51.795982],[19.503039,51.796043],[19.503334,51.796095],[19.503372,51.796101],[19.50341,51.796107],[19.503451,51.796114],[19.503563,51.796131],[19.503845,51.796173],[19.504226,51.796225],[19.504533,51.796261],[19.504795,51.796289],[19.505001,51.796309],[19.505228,51.796328],[19.505457,51.796347],[19.50567,51.796361],[19.505969,51.796377],[19.506137,51.796385],[19.506407,51.796393],[19.506503,51.796396],[19.506543,51.796397],[19.507739,51.796439],[19.507924,51.796445],[19.508426,51.796463],[19.509603,51.796503],[19.511106,51.796555],[19.511253,51.79656],[19.511463,51.796567],[19.511755,51.796577],[19.512088,51.796589],[19.512246,51.796595],[19.512398,51.7966],[19.513023,51.796621],[19.514001,51.796657],[19.514626,51.796678],[19.51484,51.796685],[19.515025,51.796692],[19.515421,51.796706],[19.515495,51.796709],[19.516554,51.796746],[19.516751,51.796752],[19.517003,51.796761],[19.51792,51.796792],[19.518174,51.796801],[19.519097,51.796832],[19.519233,51.796835],[19.519436,51.796835],[19.519616,51.796834],[19.519808,51.796831],[19.519954,51.796826],[19.52011,51.79682],[19.52036,51.796806],[19.520612,51.796789],[19.521209,51.796752],[19.521522,51.796733],[19.52191,51.796706],[19.522275,51.796683],[19.522532,51.796667],[19.522715,51.796656],[19.52307,51.796634],[19.523264,51.796622],[19.523547,51.796606],[19.523658,51.7966],[19.523783,51.796596],[19.524075,51.79659],[19.52428,51.796579],[19.524479,51.796563],[19.524733,51.796538],[19.524938,51.796518],[19.526502,51.796381],[19.527896,51.796264],[19.528195,51.796244],[19.52835,51.796235],[19.528642,51.796218],[19.528916,51.796202],[19.52951,51.796175],[19.529952,51.796155],[19.53007,51.79615],[19.530163,51.796146],[19.530365,51.796137],[19.530751,51.796119],[19.531298,51.796096],[19.531455,51.796089],[19.531551,51.796085],[19.531702,51.796079],[19.531892,51.796071],[19.532089,51.796063],[19.53285,51.796033],[19.532956,51.796029],[19.533415,51.796009],[19.533606,51.796001],[19.534157,51.79598],[19.534476,51.795968],[19.534677,51.795964],[19.534923,51.79596],[19.535242,51.795958],[19.535663,51.795959],[19.535973,51.795959],[19.536151,51.795959],[19.536599,51.79596],[19.537121,51.795961],[19.537863,51.795962],[19.537897,51.795962],[19.539418,51.795965],[19.539933,51.795966],[19.541322,51.795969],[19.542572,51.795971],[19.543278,51.795972],[19.544139,51.79598],[19.54495,51.795988],[19.546441,51.795989],[19.546964,51.795988],[19.548,51.795985],[19.5484,51.795986],[19.548457,51.795986],[19.548895,51.795985],[19.549182,51.795984],[19.5494,51.795984],[19.549585,51.795984],[19.550347,51.795981],[19.553811,51.795974],[19.554139,51.795973],[19.554402,51.795973],[19.554656,51.795972],[19.554755,51.795971],[19.556298,51.795968],[19.556505,51.795964],[19.55678,51.795953],[19.55759,51.795897],[19.558945,51.795812],[19.560226,51.795729],[19.560948,51.795682],[19.562506,51.795582],[19.564184,51.795473],[19.564342,51.795463],[19.56446,51.795455],[19.564749,51.795435],[19.565102,51.795412],[19.566119,51.795348],[19.566333,51.795335],[19.567182,51.795282],[19.568739,51.795179],[19.569816,51.795111],[19.570898,51.795042],[19.572742,51.794924],[19.573292,51.794889],[19.574627,51.794804],[19.574687,51.794801],[19.575311,51.794761],[19.575709,51.794734],[19.576178,51.794706],[19.57717,51.794642],[19.580045,51.794463],[19.582572,51.794305],[19.582809,51.794291],[19.582991,51.79428],[19.584644,51.794175],[19.585829,51.7941],[19.587902,51.793966],[19.588446,51.793931],[19.588664,51.793917],[19.588723,51.793913],[19.588981,51.793896],[19.589105,51.793888],[19.589145,51.793885],[19.589184,51.793883],[19.589287,51.793877],[19.589468,51.793866],[19.589676,51.793854],[19.590154,51.793825],[19.590188,51.793823],[19.590222,51.793821],[19.590374,51.793812],[19.590613,51.793798],[19.590702,51.793793],[19.591267,51.793759],[19.591349,51.793754],[19.591442,51.793749],[19.591596,51.793739],[19.592149,51.793705],[19.592513,51.793684],[19.593457,51.793629],[19.593733,51.793612],[19.595136,51.793528],[19.595803,51.793489],[19.596863,51.793426],[19.597001,51.793417],[19.597129,51.793408],[19.597493,51.793386],[19.59766,51.793376],[19.597727,51.793372],[19.598128,51.79335],[19.598759,51.793313],[19.599332,51.79328],[19.600785,51.793193],[19.600917,51.793185],[19.601134,51.793172],[19.601721,51.793135],[19.602466,51.793088],[19.602562,51.793082],[19.604867,51.792938],[19.605245,51.792914],[19.606274,51.79285],[19.607004,51.792804],[19.608609,51.792704],[19.609239,51.792664],[19.61003,51.792614],[19.61021,51.792603],[19.610409,51.79259],[19.610784,51.792567],[19.611005,51.792553],[19.611264,51.792536],[19.611617,51.792514]]},"properties":{"name":"Brzezińska"}},{"type":"Feature","geometry":{"type":"LineString","coordinates":[[19.613243,51.792332],[19.613181,51.792377],[19.613138,51.792397],[19.613084,51.792412],[19.613016,51.792422],[19.612934,51.792427],[19.612713,51.792432],[19.612493,51.792441],[19.612284,51.792455],[19.61189,51.792481],[19.611617,51.792514],[19.611886,51.792536],[19.612033,51.79254],[19.612095,51.79254],[19.612283,51.792532],[19.612499,51.792523],[19.612724,51.792517],[19.612941,51.79251],[19.613032,51.79251],[19.613092,51.792516],[19.613147,51.79253],[19.613183,51.792544],[19.613245,51.792559]]},"properties":{"name":"Brzezińska"}},{"type":"Feature","geometry":{"type":"LineString","coordinates":[[19.613833,51.792316],[19.613889,51.792345],[19.613945,51.792365],[19.613997,51.792376],[19.614058,51.792381],[19.614154,51.792381],[19.614305,51.792381],[19.614518,51.792394]]},"properties":{"name":"Brzezińska"}},{"type":"Feature","geometry":{"type":"LineString","coordinates":[[19.61828,51.792548],[19.617911,51.792506],[19.617371,51.792456],[19.616938,51.792425],[19.616384,51.792396],[19.615825,51.79238],[19.615533,51.792377],[19.615236,51.792377],[19.614964,51.792383],[19.61458,51.792392],[19.614518,51.792394],[19.614302,51.792423],[19.61416,51.792437],[19.614067,51.792447],[19.613997,51.792459],[19.613932,51.792485],[19.613873,51.792529]]},"properties":{"name":"Brzezińska"}},{"type":"Feature","geometry":{"type":"LineString","coordinates":[[19.638655,51.725389],[19.638734,51.725428],[19.638805,51.72548],[19.639252,51.725794],[19.639278,51.725812],[19.6394,51.725897],[19.639602,51.72604],[19.639884,51.726246],[19.639953,51.726298],[19.640413,51.726633],[19.640663,51.726806],[19.640729,51.726854],[19.640978,51.727016],[19.641234,51.727199],[19.64125,51.72721],[19.641754,51.727568],[19.641791,51.727599],[19.641813,51.727618],[19.64188,51.727687],[19.641934,51.727776],[19.641942,51.727791],[19.64199,51.72788],[19.642009,51.727915],[19.64214,51.728176],[19.642301,51.7285],[19.642469,51.728839],[19.64252,51.728942],[19.642559,51.729021],[19.642662,51.729228],[19.642898,51.729705],[19.643173,51.730253],[19.643227,51.73036],[19.643825,51.731561],[19.643857,51.731623],[19.643882,51.731675],[19.643923,51.731758],[19.643979,51.73187],[19.644096,51.732105],[19.644371,51.732662],[19.644503,51.732928],[19.644587,51.733098],[19.644642,51.733208],[19.644999,51.733919],[19.645039,51.733998],[19.645137,51.734204],[19.645597,51.735106],[19.646076,51.736046],[19.646116,51.736114],[19.646164,51.736178],[19.646234,51.73624],[19.646297,51.736281],[19.646361,51.736319],[19.646407,51.736346],[19.646462,51.736373],[19.646561,51.736415],[19.646599,51.736431]]},"properties":{"name":"Brzezińska"}},{"type":"Feature","geometry":{"type":"LineString","coordinates":[[19.588723,51.793913],[19.588805,51.793871],[19.588834,51.793857],[19.588943,51.793801],[19.588966,51.793768],[19.588983,51.793754],[19.589038,51.793721],[19.589079,51.793698],[19.589138,51.793664],[19.589175,51.79365],[19.58922,51.793636],[19.589363,51.793641],[19.589451,51.793641],[19.589608,51.793641],[19.589657,51.793641],[19.589709,51.793641],[19.589786,51.793641],[19.58998,51.79364]]},"properties":{"name":"Rynek Nowosolna"}},{"type":"Feature","geometry":{"type":"LineString","coordinates":[[19.589692,51.794],[19.589589,51.794024],[19.589395,51.794064]]},"properties":{"name":"Rynek Nowosolna"}},{"type":"Feature","geometry":{"type":"LineString","coordinates":[[19.590263,51.794169],[19.590222,51.794191],[19.590174,51.794207],[19.59012,51.794217],[19.590064,51.794222],[19.589912,51.794234],[19.58976,51.794246],[19.58972,51.794249]]},"properties":{"name":"Rynek Nowosolna"}},{"type":"Feature","geometry":{"type":"LineString","coordinates":[[19.632175,51.761478],[19.632113,51.761504],[19.632064,51.761532],[19.632011,51.761572],[19.631898,51.761655],[19.631674,51.761823],[19.631506,51.761949],[19.630204,51.762933],[19.624762,51.767078],[19.62452,51.767261],[19.624405,51.767353],[19.624098,51.767583],[19.623785,51.767821],[19.623696,51.767888],[19.622557,51.768752],[19.622133,51.76908],[19.62211,51.769097],[19.621897,51.769263],[19.620833,51.770069],[19.619065,51.77144],[19.618582,51.771807],[19.617978,51.77227],[19.617933,51.772305],[19.617819,51.772389],[19.616886,51.773122],[19.616694,51.773265],[19.614718,51.774776],[19.61447,51.774962],[19.61353,51.775689],[19.613414,51.775773],[19.613274,51.775882],[19.61206,51.776812],[19.611619,51.777159],[19.611587,51.777184],[19.611443,51.777301],[19.611239,51.777446],[19.611036,51.777585],[19.610927,51.777655],[19.610817,51.777721],[19.61066,51.777809],[19.610495,51.777892],[19.610362,51.777956],[19.61023,51.778014],[19.60973,51.778226],[19.609336,51.778391],[19.60891,51.77857],[19.608068,51.77892],[19.607682,51.77908],[19.607327,51.77923],[19.606941,51.779392],[19.606763,51.779469],[19.60659,51.77955],[19.606501,51.779596],[19.606412,51.779646],[19.606329,51.779696],[19.606248,51.779749],[19.606191,51.779789],[19.606104,51.779855],[19.606052,51.779898],[19.606002,51.779941],[19.605955,51.779984],[19.605911,51.780028],[19.605867,51.780075],[19.605817,51.780133],[19.605753,51.780214],[19.605716,51.780267],[19.605677,51.780328],[19.605644,51.780385],[19.605614,51.780445],[19.605593,51.78049],[19.605574,51.780536],[19.605557,51.780581],[19.605542,51.780627],[19.605527,51.780676],[19.605515,51.78073],[19.605492,51.780836],[19.605461,51.781022],[19.605414,51.781314],[19.605392,51.781435],[19.605367,51.781542],[19.605334,51.781649],[19.605283,51.781775],[19.605242,51.781849],[19.605199,51.781921],[19.605162,51.781979],[19.605123,51.782034],[19.605113,51.782047],[19.605079,51.78209],[19.605032,51.782144],[19.60498,51.782199],[19.604927,51.782251],[19.604885,51.78229],[19.604839,51.78233],[19.604794,51.782368],[19.604748,51.782405],[19.604708,51.782436],[19.604556,51.782555],[19.603981,51.782997],[19.603295,51.783524],[19.602955,51.783774],[19.602893,51.783822],[19.602419,51.784186],[19.598336,51.787275],[19.597489,51.787916],[19.596883,51.788375],[19.596681,51.78853],[19.59644,51.788715],[19.59567,51.789305],[19.595565,51.789386],[19.594851,51.789936],[19.594739,51.790022],[19.593786,51.790749],[19.593129,51.791252],[19.592902,51.791425],[19.592395,51.791813],[19.592103,51.792035],[19.591398,51.792568],[19.591303,51.792641],[19.591228,51.792699],[19.590903,51.792947],[19.590784,51.793038],[19.590432,51.793307],[19.590417,51.793318],[19.590397,51.793334],[19.590352,51.793368],[19.590203,51.793479],[19.59015,51.793519],[19.590039,51.793598],[19.590025,51.793608],[19.58998,51.79364],[19.58986,51.793725],[19.589743,51.793807],[19.589676,51.793854]]},"properties":{"name":"Wiączyńska"}},{"type":"Feature","geometry":{"type":"LineString","coordinates":[[19.61828,51.792548],[19.618924,51.792634],[19.619411,51.79271],[19.619896,51.792798],[19.620364,51.792893],[19.620786,51.792988],[19.62117,51.793082],[19.621686,51.793221],[19.622022,51.793319],[19.622272,51.793395],[19.622503,51.793469],[19.622911,51.793605],[19.623525,51.793822],[19.62484,51.794305],[19.62521,51.79444],[19.625766,51.794645],[19.626039,51.794745],[19.627432,51.795257],[19.628893,51.795786],[19.629591,51.796041],[19.629944,51.79617],[19.630179,51.796256],[19.630958,51.79654],[19.631237,51.796642],[19.633518,51.797452],[19.634172,51.797692],[19.635199,51.798067],[19.63615,51.798417],[19.639082,51.799483],[19.639872,51.799774],[19.64017,51.799882],[19.641471,51.800347],[19.642701,51.800792],[19.64393,51.801236],[19.645495,51.801807],[19.653418,51.804664],[19.655952,51.805583],[19.656878,51.805909],[19.657093,51.805969],[19.657246,51.806005],[19.657682,51.806077],[19.658017,51.806119],[19.658345,51.806152],[19.659258,51.806241],[19.660665,51.806384],[19.660969,51.806403],[19.66137,51.806405],[19.661603,51.806403],[19.663872,51.806388],[19.667017,51.806369],[19.667328,51.806364],[19.667981,51.806363],[19.66945,51.806347],[19.669854,51.806344],[19.67172,51.80633],[19.671982,51.806317],[19.672234,51.806296],[19.672526,51.806271],[19.673557,51.806165],[19.676931,51.805853],[19.677131,51.805833],[19.677169,51.80583],[19.677252,51.805822],[19.677377,51.80581],[19.677614,51.805788],[19.680648,51.805516],[19.682284,51.805366],[19.683103,51.805291],[19.683607,51.805245],[19.683944,51.805214],[19.688748,51.804767],[19.692986,51.804373],[19.693879,51.804292],[19.695359,51.804155],[19.696293,51.804075],[19.696748,51.804036],[19.697226,51.804001],[19.698717,51.803915],[19.700234,51.803833],[19.701641,51.803756],[19.703605,51.803649],[19.704653,51.803593],[19.705092,51.803569],[19.705516,51.803546],[19.708276,51.803392]]},"properties":{"name":"72"}},{"type":"Feature","geometry":{"type":"LineString","coordinates":[[19.755047,51.799644],[19.755058,51.799679],[19.755081,51.799711],[19.755105,51.799731],[19.755138,51.79975],[19.755173,51.799768],[19.755239,51.799785]]},"properties":{"name":"72"}},{"type":"Feature","geometry":{"type":"LineString","coordinates":[[19.751379,51.800149],[19.75137,51.800212],[19.751355,51.800267],[19.751259,51.800485],[19.75124,51.800521],[19.751206,51.80056],[19.751163,51.800586],[19.751105,51.800605],[19.751036,51.800615],[19.751096,51.800622],[19.751197,51.80065],[19.751776,51.800735],[19.751852,51.800751],[19.751928,51.80078]]},"properties":{"name":"Plac Jana Pawła II"}},{"type":"Feature","geometry":{"type":"LineString","coordinates":[[19.211597,51.754903],[19.211849,51.754789],[19.211972,51.754733],[19.212137,51.754659],[19.212299,51.754801],[19.212396,51.754886],[19.212529,51.755004],[19.212653,51.755131],[19.212353,51.75525],[19.212027,51.755377]]},"properties":{"name":"Plac Jana Pawła II"}},{"type":"Feature","geometry":{"type":"LineString","coordinates":[[19.751379,51.800149],[19.751396,51.800085],[19.751432,51.799992],[19.751569,51.79968],[19.751728,51.799318],[19.751968,51.798757],[19.752023,51.798626],[19.752061,51.798544],[19.752107,51.798471]]},"properties":{"name":"Świętej Anny"}},{"type":"Feature","geometry":{"type":"LineString","coordinates":[[19.752107,51.798471],[19.752201,51.798472],[19.752303,51.798481],[19.752807,51.798581],[19.753056,51.798632],[19.753678,51.798765],[19.753732,51.798777],[19.754271,51.79887],[19.754766,51.79898],[19.754862,51.799004],[19.754969,51.799044],[19.755059,51.799106],[19.755119,51.799194],[19.755137,51.79928],[19.755119,51.799389]]},"properties":{"name":"Reformacka"}},{"type":"Feature","geometry":{"type":"LineString","coordinates":[[19.755119,51.799389],[19.755068,51.79956],[19.755047,51.799644]]},"properties":{"name":"Adama Mickiewicza"}},{"type":"Feature","geometry":{"type":"LineString","coordinates":[[19.755239,51.799785],[19.755746,51.799799],[19.756014,51.799806],[19.757316,51.799843],[19.757416,51.799846],[19.757808,51.799855],[19.75836,51.799866],[19.758404,51.799869],[19.758713,51.799878],[19.758808,51.799882],[19.75899,51.79989],[19.759137,51.799895],[19.759299,51.799905],[19.759682,51.799921],[19.76006,51.799939],[19.760467,51.799954],[19.760699,51.799961],[19.760775,51.799965],[19.761591,51.799997],[19.762102,51.800017],[19.762432,51.800031],[19.762876,51.800046],[19.763,51.80005]]},"properties":{"name":"Henryka Sienkiewicza"}},{"type":"Feature","geometry":{"type":"LineString","coordinates":[[19.464717,51.75169],[19.464696,51.751765],[19.464691,51.751779],[19.464685,51.751796],[19.464566,51.752291],[19.464512,51.752532],[19.464503,51.75257],[19.4645,51.752583],[19.464477,51.752682],[19.464463,51.752743],[19.464443,51.752833],[19.464409,51.752982],[19.464397,51.753031],[19.464391,51.753056],[19.464386,51.75308],[19.464376,51.753121],[19.464369,51.753146],[19.464347,51.753247],[19.464303,51.753454],[19.464286,51.753537],[19.464232,51.753792],[19.464222,51.753833],[19.464206,51.753906],[19.464192,51.75397],[19.464165,51.754087],[19.464159,51.754112],[19.464155,51.754134],[19.464151,51.754151],[19.464111,51.754333],[19.464102,51.75437],[19.464087,51.75444],[19.464072,51.754507],[19.464045,51.754645],[19.463991,51.754883],[19.463957,51.755043],[19.463887,51.755386],[19.463798,51.755772],[19.46378,51.755854],[19.463715,51.756181],[19.463711,51.756204],[19.463706,51.756224],[19.463681,51.756324],[19.463653,51.756425],[19.463647,51.756444],[19.463639,51.756468],[19.463508,51.756916],[19.463494,51.756978],[19.463455,51.75715],[19.46344,51.757224],[19.463431,51.757271],[19.463415,51.75739],[19.463395,51.757546],[19.463392,51.757564],[19.463383,51.757602],[19.463378,51.757617],[19.463372,51.757641],[19.463341,51.757745],[19.463306,51.757856],[19.463302,51.757868],[19.463296,51.757887],[19.463288,51.757914],[19.463226,51.758189],[19.463161,51.758477],[19.463153,51.758511],[19.463128,51.75862],[19.463121,51.75864],[19.463097,51.758709],[19.463063,51.758797],[19.463044,51.758867],[19.462997,51.759045],[19.462992,51.759066],[19.462983,51.759102],[19.462976,51.759137],[19.462956,51.759232],[19.462946,51.759273],[19.462918,51.759389],[19.462912,51.759418],[19.462905,51.759447],[19.462899,51.759476],[19.462896,51.759487],[19.462894,51.759498],[19.46289,51.759526],[19.462888,51.75956],[19.462889,51.759712],[19.462887,51.759733],[19.462885,51.759748],[19.462865,51.759885],[19.462852,51.760059],[19.462851,51.760075],[19.46285,51.760089],[19.462847,51.760109],[19.462842,51.760129],[19.462836,51.760159],[19.462797,51.76034],[19.462788,51.760377],[19.462735,51.760601],[19.462686,51.760812],[19.462677,51.760849],[19.462663,51.760906],[19.462653,51.760951],[19.462636,51.761027],[19.462634,51.761039],[19.462631,51.761052],[19.462623,51.761086],[19.462608,51.761154],[19.462605,51.761165],[19.462583,51.761263],[19.462574,51.761305],[19.462546,51.761431],[19.462542,51.761449],[19.462528,51.761509],[19.46252,51.761547],[19.462507,51.761607],[19.462495,51.76166],[19.46247,51.761773],[19.462457,51.761834],[19.462428,51.761964],[19.462411,51.762044],[19.462397,51.762108],[19.462366,51.762242],[19.462332,51.762392],[19.462319,51.762454],[19.462293,51.76258],[19.462289,51.762601],[19.462285,51.762618],[19.462267,51.762708],[19.462251,51.762779],[19.462247,51.762797],[19.462243,51.762817],[19.462197,51.763035],[19.462152,51.763252],[19.462144,51.763288],[19.462121,51.763395],[19.462103,51.763483],[19.462073,51.763631],[19.462044,51.763765],[19.462002,51.763907],[19.461984,51.763987],[19.461978,51.764018],[19.46197,51.764056],[19.461948,51.764156],[19.461935,51.764215],[19.461929,51.764246],[19.461854,51.764597],[19.461852,51.764608],[19.461837,51.764689],[19.4618,51.764889],[19.461798,51.764905],[19.461793,51.764923],[19.461787,51.76495],[19.461775,51.765003],[19.461763,51.765054],[19.461756,51.765091],[19.461714,51.765296],[19.461683,51.765439],[19.461675,51.765458],[19.461654,51.765497],[19.461628,51.765556],[19.461597,51.765668],[19.461576,51.765773],[19.461569,51.765802],[19.461564,51.765825],[19.461548,51.765903],[19.461552,51.765922],[19.461568,51.765979],[19.461566,51.765996],[19.46156,51.766022],[19.461522,51.7662],[19.461503,51.766287],[19.461467,51.766453],[19.461447,51.766546],[19.461415,51.766693],[19.461395,51.766787],[19.461392,51.766799],[19.461385,51.766829],[19.461374,51.766881],[19.461353,51.76698],[19.461336,51.767056],[19.461327,51.767098],[19.461316,51.767149],[19.461309,51.767179],[19.461257,51.767417],[19.46121,51.767634],[19.46118,51.76777],[19.461174,51.7678],[19.461152,51.767902],[19.461114,51.768074],[19.461091,51.768175],[19.461075,51.768244],[19.461067,51.768286],[19.461045,51.768382],[19.461031,51.768452],[19.461016,51.768517],[19.460986,51.768661],[19.460976,51.768707],[19.460934,51.768896],[19.460907,51.769027],[19.460897,51.769084]]},"properties":{"name":"Henryka Sienkiewicza"}},{"type":"Feature","geometry":{"type":"LineString","coordinates":[[19.463925,51.751474],[19.463874,51.751436],[19.463842,51.7514],[19.463829,51.751368],[19.46382,51.751345],[19.463805,51.751293],[19.463798,51.751266],[19.46379,51.75124],[19.463783,51.751203],[19.463776,51.751161],[19.463773,51.751144],[19.463769,51.75109],[19.463768,51.751055],[19.463767,51.751021],[19.463768,51.750953],[19.463837,51.750571],[19.463872,51.750388],[19.463875,51.750377],[19.463897,51.750245],[19.46396,51.749931],[19.464013,51.74966],[19.464028,51.749585],[19.464047,51.74949],[19.46405,51.749469],[19.464054,51.74945],[19.464077,51.749337]]},"properties":{"name":"Henryka Sienkiewicza"}},{"type":"Feature","geometry":{"type":"LineString","coordinates":[[19.207217,51.768075],[19.207137,51.76808],[19.207003,51.768079],[19.206375,51.768064],[19.205934,51.768093],[19.205809,51.768101]]},"properties":{"name":"Henryka Sienkiewicza"}},{"type":"Feature","geometry":{"type":"LineString","coordinates":[[19.75899,51.79989],[19.758984,51.800018],[19.758985,51.800053],[19.758944,51.80051],[19.758929,51.800677],[19.758914,51.800842],[19.758877,51.801226],[19.758853,51.801519],[19.75885,51.801614],[19.758849,51.801651],[19.758853,51.801754],[19.758867,51.802121],[19.75888,51.802315],[19.758888,51.802439],[19.758914,51.802907],[19.758915,51.80296],[19.75894,51.803362],[19.758945,51.803414],[19.758946,51.80352]]},"properties":{"name":"Bohaterów Warszawy"}},{"type":"Feature","geometry":{"type":"LineString","coordinates":[[19.758946,51.803525],[19.759224,51.803551],[19.760334,51.803673],[19.761042,51.803738],[19.761738,51.803806],[19.762199,51.803853],[19.762289,51.803861]]},"properties":{"name":"Bartosza Głowackiego"}},{"type":"Feature","geometry":{"type":"LineString","coordinates":[[19.762651,51.803894],[19.762879,51.803912]]},"properties":{"name":"Bartosza Głowackiego"}},{"type":"Feature","geometry":{"type":"LineString","coordinates":[[19.763,51.80005],[19.762986,51.800195],[19.762952,51.800964],[19.762952,51.801083],[19.762943,51.801303],[19.76294,51.801453],[19.762932,51.801697],[19.762933,51.801766],[19.762927,51.801946],[19.762926,51.802065],[19.762914,51.802592],[19.76291,51.802742],[19.762907,51.802845],[19.762907,51.803546],[19.762884,51.80376],[19.762885,51.803795],[19.762879,51.803912]]},"properties":{"name":"Przedwiośnie"}},{"type":"Feature","geometry":{"type":"LineString","coordinates":[[19.755746,51.799799],[19.755747,51.799881],[19.755749,51.800083],[19.75576,51.800315],[19.755771,51.800492],[19.755804,51.800823],[19.755846,51.801263],[19.755865,51.801464],[19.755887,51.801642],[19.755972,51.802379],[19.75601,51.802715],[19.75606,51.803162],[19.756066,51.803196],[19.756088,51.803423],[19.756101,51.803575],[19.756167,51.804377],[19.756184,51.804556],[19.75623,51.805034],[19.756256,51.805282],[19.75627,51.805429],[19.756271,51.805526],[19.756246,51.805585],[19.756202,51.805626],[19.756153,51.805657],[19.755979,51.805751],[19.755875,51.805803]]},"properties":{"name":"Andrzeja Frycza-Modrzewskiego"}},{"type":"Feature","geometry":{"type":"LineString","coordinates":[[19.754698,51.804741],[19.75465,51.804657],[19.754629,51.80462],[19.754551,51.804403],[19.754414,51.804103],[19.75423,51.803707],[19.75419,51.80349],[19.754168,51.803257],[19.754161,51.803155],[19.754148,51.802924],[19.754124,51.80269],[19.754094,51.802508],[19.754066,51.802397],[19.753971,51.802211],[19.753756,51.802007],[19.753674,51.801908],[19.753646,51.801819],[19.753621,51.801764],[19.7536,51.801551],[19.753595,51.801493],[19.753529,51.801096]]},"properties":{"name":"Lasockich"}},{"type":"Feature","geometry":{"type":"LineString","coordinates":[[19.753529,51.801096],[19.753369,51.801051],[19.752965,51.800978],[19.752864,51.80096],[19.752639,51.800919],[19.752153,51.800831],[19.752013,51.800806],[19.751971,51.800795],[19.751928,51.80078]]},"properties":{"name":"Romualda Traugutta"}},{"type":"Feature","geometry":{"type":"LineString","coordinates":[[19.51484,51.796685],[19.514907,51.796534],[19.514986,51.796358],[19.515112,51.796049],[19.515156,51.795941],[19.515271,51.795659],[19.515276,51.795638],[19.515276,51.795617],[19.51527,51.795593]]},"properties":{"name":"Andrzeja Kerna"}},{"type":"Feature","geometry":{"type":"LineString","coordinates":[[19.512554,51.790969],[19.5122,51.790931],[19.511909,51.790904],[19.51178,51.790895],[19.511711,51.79089],[19.51164,51.790888],[19.511501,51.790886],[19.511231,51.790892],[19.510773,51.790906],[19.510699,51.790906],[19.510622,51.790904],[19.510564,51.790902],[19.510521,51.7909],[19.510454,51.790894],[19.510403,51.790888],[19.510296,51.790876],[19.510026,51.790841],[19.509536,51.790777],[19.509096,51.79072],[19.508011,51.790579],[19.507747,51.790543],[19.507507,51.79051],[19.507266,51.790477],[19.507062,51.79045]]},"properties":{"name":"Stokowska"}},{"type":"Feature","geometry":{"type":"LineString","coordinates":[[19.507062,51.79045],[19.506855,51.790749],[19.506665,51.791012],[19.506519,51.791215],[19.506401,51.791378],[19.505907,51.792064],[19.505537,51.792578],[19.50523,51.793005],[19.504246,51.794373],[19.504075,51.79461],[19.504027,51.794677],[19.503762,51.795044],[19.503703,51.795126],[19.503589,51.795285],[19.503509,51.795396],[19.503466,51.79545],[19.503426,51.795498],[19.503273,51.795672],[19.503231,51.79572],[19.503202,51.795754],[19.503169,51.795794],[19.503136,51.79584],[19.503102,51.795897],[19.503066,51.79597],[19.503039,51.796043]]},"properties":{"name":"Śnieżna"}},{"type":"Feature","geometry":{"type":"LineString","coordinates":[[19.48623,51.767072],[19.486269,51.767102],[19.486301,51.767141],[19.486309,51.767152],[19.486327,51.767187],[19.48634,51.767221],[19.486339,51.767238],[19.486333,51.767255],[19.486323,51.767268],[19.486307,51.767281],[19.486289,51.767288],[19.486172,51.767298],[19.486055,51.767308],[19.485938,51.767318],[19.485861,51.767326],[19.485835,51.767333]]},"properties":{"name":"Plac Stanisława Mikulskiego"}},{"type":"Feature","geometry":{"type":"LineString","coordinates":[[19.486555,51.767522],[19.486569,51.767602],[19.486571,51.767622],[19.486572,51.76765],[19.48657,51.767668],[19.486562,51.767686],[19.486552,51.767705],[19.486536,51.767723],[19.486512,51.767745],[19.486489,51.767764],[19.486464,51.767779],[19.48643,51.767796],[19.486365,51.767822],[19.486296,51.767839],[19.486219,51.767852],[19.485829,51.767883],[19.485761,51.767885],[19.485703,51.767879],[19.485653,51.767867],[19.485609,51.767847],[19.485578,51.767822],[19.485558,51.767785],[19.485551,51.767748],[19.485554,51.767707],[19.48557,51.767685],[19.485602,51.767667],[19.485641,51.767658],[19.485674,51.767655],[19.485692,51.767644],[19.485707,51.76763]]},"properties":{"name":"Plac Stanisława Mikulskiego"}},{"type":"Feature","geometry":{"type":"LineString","coordinates":[[19.485698,51.767121],[19.485667,51.767142],[19.485644,51.76716],[19.485621,51.767181],[19.485606,51.767196],[19.485598,51.767206],[19.485589,51.767216],[19.485573,51.767236],[19.48556,51.767252],[19.485536,51.76728],[19.485506,51.767321],[19.485476,51.767364],[19.485374,51.767513],[19.485288,51.767638],[19.485241,51.767722],[19.485201,51.76781],[19.485178,51.767885],[19.485166,51.767938],[19.485135,51.768059],[19.485127,51.768094],[19.485103,51.768162],[19.485092,51.76818],[19.485076,51.768197],[19.485057,51.76821],[19.485037,51.76822]]},"properties":{"name":"Wydawnicza"}},{"type":"Feature","geometry":{"type":"LineString","coordinates":[[19.484953,51.768032],[19.484983,51.768015],[19.485005,51.767994],[19.485021,51.767966],[19.485036,51.76793],[19.485058,51.767847],[19.485088,51.767764],[19.485134,51.767668],[19.485159,51.767622],[19.485217,51.767531],[19.48533,51.76737],[19.485446,51.767236],[19.485472,51.767204],[19.485488,51.767184],[19.485497,51.767174],[19.485505,51.767164],[19.48552,51.767143],[19.485528,51.767127],[19.485535,51.767105],[19.485536,51.767071]]},"properties":{"name":"Wydawnicza"}},{"type":"Feature","geometry":{"type":"LineString","coordinates":[[19.486512,51.761764],[19.486492,51.761891],[19.48649,51.7619],[19.486489,51.761909],[19.486485,51.761932],[19.486482,51.761953],[19.48647,51.762036],[19.486449,51.762206],[19.486442,51.762272],[19.486441,51.762336],[19.486448,51.762393],[19.486454,51.762422],[19.486469,51.762517],[19.486495,51.762606],[19.486506,51.762638],[19.486522,51.762684],[19.486566,51.762779],[19.486653,51.762981],[19.486728,51.763179],[19.486779,51.763337],[19.486814,51.763497],[19.48683,51.763591],[19.486839,51.763675],[19.486847,51.7639],[19.48684,51.764082],[19.48681,51.764443],[19.486795,51.764592],[19.486752,51.764998],[19.48675,51.765019],[19.486737,51.765127],[19.486722,51.765232],[19.486676,51.765401],[19.486646,51.765485],[19.486619,51.765549],[19.486546,51.765702],[19.486471,51.765819],[19.485959,51.76656],[19.48592,51.76661],[19.485903,51.766635]]},"properties":{"name":"Wydawnicza"}},{"type":"Feature","geometry":{"type":"LineString","coordinates":[[19.485838,51.766947],[19.485823,51.766925],[19.485817,51.766903],[19.485821,51.766878],[19.485831,51.766854],[19.485835,51.766846],[19.48584,51.766837],[19.485847,51.766824],[19.48586,51.766799],[19.485874,51.766774],[19.485891,51.76673],[19.485903,51.766635],[19.485794,51.766753],[19.485761,51.766796],[19.485756,51.766804],[19.485749,51.766817],[19.485744,51.766825],[19.485739,51.766834],[19.485719,51.766861],[19.485705,51.766876],[19.485676,51.766897]]},"properties":{"name":"Wydawnicza"}},{"type":"Feature","geometry":{"type":"LineString","coordinates":[[19.485037,51.76822],[19.485014,51.768227],[19.484973,51.768236],[19.484924,51.768244],[19.484862,51.768247],[19.484455,51.768246],[19.484175,51.768249],[19.483642,51.768268],[19.482962,51.768299],[19.482664,51.768316]]},"properties":{"name":"Aleja Rodziny Grohmanów"}},{"type":"Feature","geometry":{"type":"LineString","coordinates":[[19.473054,51.768591],[19.473223,51.76859],[19.473453,51.768588],[19.473507,51.768588],[19.473536,51.768588],[19.475288,51.768578],[19.4764,51.768574],[19.477186,51.768565],[19.477623,51.768544],[19.477959,51.768528],[19.478395,51.768498],[19.479139,51.768441],[19.479167,51.768439],[19.479214,51.768436],[19.47926,51.768432],[19.479564,51.768408]]},"properties":{"name":"Aleja Rodziny Grohmanów"}},{"type":"Feature","geometry":{"type":"LineString","coordinates":[[19.483111,51.768171],[19.483679,51.768132],[19.484184,51.768083],[19.484456,51.768065],[19.484682,51.768062],[19.484855,51.768056],[19.484915,51.768045],[19.484953,51.768032]]},"properties":{"name":"Aleja Rodziny Grohmanów"}},{"type":"Feature","geometry":{"type":"LineString","coordinates":[[19.483238,51.769847],[19.48306,51.769831],[19.483044,51.76983],[19.482992,51.769825],[19.482659,51.769796],[19.482618,51.769791],[19.482585,51.769785],[19.482548,51.769775],[19.482511,51.769761],[19.48246,51.769734],[19.482438,51.769717],[19.482419,51.769698],[19.482406,51.769678],[19.482396,51.769654],[19.482391,51.769629],[19.482389,51.769603],[19.482421,51.769437],[19.482423,51.769427],[19.48247,51.769217],[19.482497,51.769079],[19.482531,51.768908],[19.482606,51.76853],[19.482608,51.76852],[19.482612,51.768502],[19.482618,51.768478],[19.48262,51.768467],[19.482624,51.768454],[19.482664,51.768316],[19.482699,51.768194],[19.48272,51.768123],[19.482763,51.76795],[19.482782,51.767854],[19.482786,51.767836],[19.482789,51.767818],[19.48281,51.767707]]},"properties":{"name":"Aleja Rodziny Kindermannów"}},{"type":"Feature","geometry":{"type":"LineString","coordinates":[[19.484926,51.761392],[19.484887,51.761437],[19.48487,51.76146],[19.484852,51.761486],[19.484842,51.761502],[19.484831,51.761519],[19.484803,51.761567],[19.484782,51.761608],[19.484769,51.761648],[19.484723,51.761833],[19.484721,51.761843],[19.484719,51.761852],[19.484697,51.761946],[19.484691,51.761973],[19.484686,51.761996],[19.484631,51.762232],[19.484584,51.762466],[19.484563,51.762619],[19.484512,51.763069],[19.484495,51.763204],[19.484479,51.7633],[19.484398,51.763652],[19.484333,51.763937],[19.484245,51.764356],[19.484205,51.764522],[19.484188,51.764607],[19.484146,51.764804],[19.484125,51.764934],[19.484114,51.765045],[19.484108,51.765143],[19.484089,51.765674],[19.484085,51.765783],[19.48408,51.765865],[19.484076,51.765892],[19.484044,51.766082],[19.48399,51.766342],[19.483971,51.76642],[19.483947,51.766519],[19.483818,51.767031],[19.483766,51.767239],[19.483686,51.767585],[19.483475,51.768583],[19.483418,51.768871],[19.483359,51.769199],[19.483305,51.76951],[19.48327,51.769694],[19.483238,51.769847],[19.483202,51.770021],[19.483097,51.770525],[19.483074,51.770634],[19.483024,51.770872],[19.482977,51.771099],[19.48293,51.771325],[19.482861,51.771664],[19.482814,51.771891],[19.48277,51.772099],[19.482719,51.772346],[19.482673,51.772566],[19.482654,51.772659],[19.482648,51.772684],[19.482642,51.772713],[19.482628,51.772801],[19.482619,51.772907],[19.482618,51.772919],[19.482618,51.77296],[19.482617,51.772985],[19.482617,51.773011],[19.482617,51.773047],[19.482612,51.773102],[19.482605,51.773157],[19.482598,51.773188],[19.482593,51.773214],[19.482587,51.773239],[19.482582,51.773267],[19.482545,51.773429],[19.482489,51.773699],[19.482471,51.773787],[19.482441,51.773908],[19.482394,51.77406],[19.482318,51.774332],[19.482292,51.774434],[19.482225,51.774771],[19.482183,51.774969],[19.482172,51.775018],[19.48217,51.775027],[19.482168,51.775036],[19.482161,51.775064],[19.482157,51.775081],[19.482151,51.775107],[19.482065,51.775519],[19.481946,51.776072],[19.481905,51.776266],[19.481866,51.776527],[19.48185,51.776636],[19.48176,51.777057],[19.481652,51.777567],[19.481565,51.777963],[19.481545,51.778068],[19.481531,51.778125],[19.481514,51.778183],[19.481445,51.778333],[19.481405,51.778402],[19.481359,51.778465],[19.481304,51.778534],[19.481179,51.778702],[19.481168,51.778719],[19.481155,51.77874],[19.481147,51.778753],[19.48114,51.778765],[19.481102,51.778834]]},"properties":{"name":"Doktora Stefana Kopcińskiego"}},{"type":"Feature","geometry":{"type":"LineString","coordinates":[[19.485179,51.761648],[19.485149,51.761713],[19.485121,51.76179],[19.485098,51.761863],[19.485096,51.761873],[19.485094,51.761882],[19.485074,51.761977],[19.485068,51.762003],[19.484906,51.762718],[19.484871,51.762874],[19.484785,51.763267],[19.48458,51.764192],[19.48456,51.764282],[19.484475,51.764672],[19.484438,51.764848],[19.484414,51.765027],[19.484404,51.765167],[19.484383,51.765804],[19.484376,51.76591],[19.484364,51.766018],[19.484349,51.766107],[19.484281,51.766448],[19.484268,51.766517],[19.484266,51.766523],[19.484136,51.767147],[19.484134,51.767158],[19.484095,51.76734],[19.484061,51.767505],[19.484037,51.767614],[19.483948,51.768048],[19.483836,51.768559],[19.483734,51.769043],[19.483688,51.769219],[19.483609,51.769515],[19.483561,51.76971],[19.483516,51.769907],[19.483311,51.770952],[19.483306,51.770983],[19.483253,51.771233],[19.483199,51.771489],[19.48319,51.771522],[19.483121,51.771862],[19.4831,51.771971],[19.483,51.772488],[19.482973,51.772621],[19.482968,51.772645],[19.482956,51.772696],[19.482948,51.772732],[19.482888,51.772939],[19.482879,51.772968],[19.482871,51.772989],[19.482865,51.773007],[19.482856,51.773032],[19.482839,51.773083],[19.482806,51.773175],[19.482797,51.773203],[19.482785,51.773234],[19.482725,51.773442],[19.482655,51.773768],[19.482625,51.773929],[19.482611,51.774007],[19.482603,51.774094],[19.482584,51.774284],[19.482578,51.774324],[19.482562,51.774421],[19.482526,51.774589],[19.482493,51.774743],[19.48248,51.774797],[19.482438,51.774949],[19.482419,51.775019],[19.482414,51.775036],[19.482411,51.775046],[19.482408,51.775055],[19.482399,51.775082],[19.482394,51.775099],[19.482356,51.775235],[19.482315,51.775396],[19.482244,51.775723],[19.482093,51.776421],[19.482072,51.776519],[19.482054,51.776603],[19.481826,51.777677],[19.481789,51.777852],[19.481749,51.778035],[19.481722,51.778136],[19.481655,51.778336],[19.481623,51.778438],[19.481599,51.778533],[19.481588,51.778603],[19.481582,51.778657],[19.481577,51.778751],[19.481578,51.778804],[19.481579,51.778826],[19.48158,51.77884],[19.481582,51.778855],[19.481592,51.778947],[19.481599,51.778998]]},"properties":{"name":"Doktora Stefana Kopcińskiego"}},{"type":"Feature","geometry":{"type":"LineString","coordinates":[[19.507689,51.749845],[19.50848,51.749934]]},"properties":{"name":"Stanisława Przybyszewskiego"}},{"type":"Feature","geometry":{"type":"LineString","coordinates":[[19.510142,51.750351],[19.510099,51.750345],[19.5093,51.750238],[19.508844,51.750186]]},"properties":{"name":"Stanisława Przybyszewskiego"}},{"type":"Feature","geometry":{"type":"LineString","coordinates":[[19.489948,51.747765],[19.489916,51.747762],[19.48983,51.747752],[19.489759,51.747743],[19.48973,51.74774]]},"properties":{"name":"Stanisława Przybyszewskiego"}},{"type":"Feature","geometry":{"type":"LineString","coordinates":[[19.518003,51.751139],[19.518087,51.751152],[19.518659,51.751243],[19.520049,51.751462],[19.520086,51.751467],[19.520115,51.751471],[19.520143,51.751475],[19.520312,51.751501],[19.520361,51.751509],[19.520373,51.75151],[19.520432,51.751519],[19.520515,51.751532],[19.520725,51.751572],[19.520963,51.75162]]},"properties":{"name":"Stanisława Przybyszewskiego"}},{"type":"Feature","geometry":{"type":"LineString","coordinates":[[19.531889,51.752835],[19.531942,51.752812],[19.531992,51.752797],[19.532067,51.752777],[19.532143,51.752763],[19.532244,51.752748],[19.532291,51.752743],[19.532322,51.75274],[19.532401,51.752731],[19.532473,51.752725],[19.532542,51.752722],[19.532612,51.752722],[19.532691,51.752723],[19.532782,51.752727],[19.533322,51.752757],[19.533429,51.752762],[19.533526,51.752765],[19.533641,51.752766],[19.533746,51.752764],[19.53385,51.752761],[19.533945,51.752755],[19.534023,51.752747],[19.534141,51.752734],[19.534221,51.752725],[19.534558,51.752675],[19.53458,51.752671],[19.534628,51.752664],[19.538118,51.752138],[19.539868,51.751862],[19.540252,51.751797],[19.540724,51.751703],[19.540767,51.751694],[19.540806,51.751685],[19.540999,51.751641],[19.54125,51.751583],[19.541618,51.751495],[19.541997,51.751397],[19.542394,51.751279],[19.542626,51.751211],[19.543215,51.751018],[19.544359,51.750582],[19.544877,51.750362],[19.545134,51.750251],[19.54547,51.750071],[19.545672,51.749955],[19.546136,51.749708],[19.546307,51.74956],[19.546512,51.749471],[19.546793,51.749344],[19.546816,51.749333],[19.546844,51.749321],[19.546869,51.749311],[19.547063,51.749227],[19.54723,51.74916],[19.547485,51.749056],[19.547699,51.748966],[19.548751,51.748538],[19.54943,51.748261],[19.550003,51.748056],[19.550404,51.747918],[19.550682,51.747831],[19.551085,51.747712],[19.551588,51.747579],[19.551814,51.747524],[19.552109,51.747454],[19.552342,51.747403],[19.553037,51.747257],[19.553365,51.74719],[19.553501,51.747161],[19.553791,51.747101],[19.553934,51.747072],[19.554186,51.74702],[19.554293,51.746998],[19.554437,51.746967],[19.554492,51.746951],[19.55454,51.746932],[19.554592,51.746907],[19.554634,51.746881],[19.554661,51.746856],[19.554686,51.746823],[19.554696,51.746802],[19.554706,51.746771],[19.554709,51.746739],[19.554705,51.746705],[19.554698,51.746678],[19.554686,51.746651],[19.554668,51.746615],[19.554646,51.746582],[19.554621,51.746553]]},"properties":{"name":"Stanisława Przybyszewskiego"}},{"type":"Feature","geometry":{"type":"LineString","coordinates":[[19.531874,51.752462],[19.531951,51.752483],[19.532012,51.752504],[19.532061,51.752518],[19.532125,51.75253],[19.532154,51.752533],[19.532185,51.752534],[19.532232,51.752533],[19.532263,51.752532],[19.532585,51.752519],[19.532682,51.752511],[19.532771,51.7525],[19.532814,51.752495],[19.533024,51.752464],[19.533554,51.752387],[19.533796,51.752364],[19.534043,51.752345],[19.5345,51.752313],[19.534865,51.752288],[19.535082,51.752273],[19.535548,51.752224],[19.536026,51.752193],[19.536508,51.752171],[19.53658,51.752164],[19.536821,51.752142],[19.537079,51.752113],[19.537179,51.752101],[19.537937,51.751996],[19.538757,51.751872],[19.539404,51.751754],[19.539934,51.751636],[19.54025,51.75156],[19.54056,51.751479],[19.540603,51.751467],[19.540648,51.751454],[19.541073,51.751333],[19.541242,51.751285],[19.541489,51.751216],[19.541748,51.751144],[19.542307,51.750986],[19.543025,51.750767],[19.543779,51.750516],[19.544412,51.75029],[19.544974,51.750073],[19.545416,51.749897],[19.546046,51.749636],[19.546307,51.74956]]},"properties":{"name":"Stanisława Przybyszewskiego"}},{"type":"Feature","geometry":{"type":"LineString","coordinates":[[19.530978,51.752872],[19.530912,51.752861],[19.530847,51.752841],[19.530788,51.752828],[19.530679,51.752813],[19.530638,51.752808],[19.530589,51.752802],[19.530556,51.752797],[19.53047,51.752786],[19.530378,51.752777],[19.530291,51.752771],[19.530189,51.752768],[19.530062,51.752772],[19.529971,51.752778],[19.529431,51.75282],[19.529342,51.752825],[19.529245,51.752828],[19.529103,51.752829],[19.52907,51.75283],[19.529041,51.752829],[19.529012,51.752829],[19.528862,51.752827],[19.528745,51.75282],[19.528617,51.752807],[19.528523,51.752797],[19.528434,51.752785],[19.528299,51.752766],[19.526712,51.752523],[19.526123,51.752434],[19.525578,51.752359],[19.525176,51.752311],[19.524839,51.752273],[19.523934,51.752175],[19.523401,51.752136],[19.523169,51.752119],[19.522725,51.752082],[19.522275,51.752034],[19.521954,51.751999],[19.521245,51.751919],[19.52117,51.751911],[19.521138,51.751908],[19.521108,51.751904],[19.521087,51.751902],[19.521067,51.7519],[19.520918,51.751884]]},"properties":{"name":"Stanisława Przybyszewskiego"}},{"type":"Feature","geometry":{"type":"LineString","coordinates":[[19.523061,51.751911],[19.523327,51.751943],[19.525815,51.75221],[19.526046,51.752232],[19.526307,51.752253],[19.526584,51.75227],[19.526877,51.752282],[19.526965,51.752286],[19.527171,51.752291],[19.527749,51.752312],[19.528309,51.75233],[19.528448,51.752332],[19.528605,51.752334],[19.528998,51.75234],[19.529031,51.75234],[19.529061,51.752341],[19.529091,51.752341],[19.529176,51.752345],[19.529374,51.752361],[19.52949,51.752373],[19.529576,51.752384],[19.529677,51.752401],[19.529787,51.752421],[19.529984,51.752459],[19.530066,51.752471],[19.530163,51.752484],[19.530259,51.752494],[19.530318,51.752498],[19.530388,51.752501],[19.53045,51.752502],[19.530516,51.752499],[19.530548,51.752497],[19.530596,51.752495],[19.530611,51.752494],[19.530758,51.752485],[19.530821,51.752478],[19.530883,51.752467],[19.530937,51.752448],[19.530992,51.752426]]},"properties":{"name":"Stanisława Przybyszewskiego"}},{"type":"Feature","geometry":{"type":"LineString","coordinates":[[19.476062,51.745452],[19.476087,51.745455],[19.476264,51.745479],[19.476414,51.745508],[19.476458,51.745516],[19.476498,51.745523],[19.47689,51.745593],[19.476949,51.745603],[19.47714,51.745637],[19.477428,51.745688],[19.477461,51.745694],[19.477847,51.745765],[19.478177,51.745829],[19.478701,51.745931],[19.478803,51.74595],[19.479869,51.746154],[19.479996,51.746178],[19.480242,51.746225],[19.480352,51.746246],[19.480471,51.746269],[19.481035,51.746377],[19.48155,51.746475],[19.481832,51.746529],[19.481897,51.746541],[19.482056,51.746572],[19.482203,51.7466],[19.482449,51.746647],[19.482601,51.746676],[19.482683,51.746692],[19.48278,51.74671],[19.482924,51.746737]]},"properties":{"name":"Stanisława Przybyszewskiego"}},{"type":"Feature","geometry":{"type":"LineString","coordinates":[[19.485336,51.747166],[19.485451,51.747179],[19.485566,51.747192],[19.485618,51.747197],[19.485875,51.747226],[19.48604,51.747244],[19.486209,51.747263],[19.486491,51.747296],[19.486772,51.747332],[19.4868,51.747336],[19.486829,51.747339],[19.487016,51.747364],[19.487198,51.747387],[19.487226,51.747391],[19.487254,51.747394],[19.487384,51.747411],[19.487513,51.747424],[19.487707,51.747439],[19.487755,51.747443]]},"properties":{"name":"Stanisława Przybyszewskiego"}},{"type":"Feature","geometry":{"type":"LineString","coordinates":[[19.50848,51.749934],[19.508611,51.749919],[19.508695,51.749902],[19.508767,51.749882],[19.508831,51.749858],[19.508888,51.749835],[19.508926,51.749816],[19.508931,51.749801],[19.508942,51.74976],[19.508973,51.749652],[19.509024,51.749473],[19.509051,51.749422],[19.509081,51.749388]]},"properties":{"name":"Majora Jana Piwnika „Ponurego”"}},{"type":"Feature","geometry":{"type":"LineString","coordinates":[[19.509081,51.749388],[19.509146,51.749347],[19.509239,51.749317],[19.509337,51.749302],[19.509433,51.749304],[19.509472,51.749308],[19.509643,51.749327],[19.510123,51.749381],[19.510285,51.749399],[19.510649,51.749439],[19.510955,51.749474],[19.511452,51.749531],[19.51154,51.749543],[19.511604,51.749557],[19.51168,51.749579],[19.511762,51.749604],[19.511877,51.749647],[19.511977,51.749693],[19.512083,51.749749],[19.512162,51.749801],[19.512224,51.749851],[19.512271,51.749893],[19.512318,51.74994],[19.512359,51.749991],[19.512396,51.750047],[19.512424,51.750094],[19.512443,51.750135],[19.51245,51.750155],[19.512464,51.750194],[19.512479,51.750242],[19.51249,51.750297],[19.512526,51.750619],[19.512562,51.750945],[19.512564,51.750963],[19.512567,51.750992],[19.512576,51.751069],[19.512575,51.751103],[19.512571,51.751137],[19.512557,51.751191],[19.512531,51.751257],[19.512506,51.751309],[19.512473,51.751363],[19.512427,51.751423],[19.512375,51.75148],[19.512083,51.751749],[19.511923,51.751896]]},"properties":{"name":"Niciarniana"}},{"type":"Feature","geometry":{"type":"LineString","coordinates":[[19.510142,51.750351],[19.510235,51.750411],[19.510296,51.750463],[19.510322,51.750491],[19.510341,51.750523],[19.510355,51.750563],[19.510372,51.750664],[19.510417,51.750781],[19.510434,51.750869],[19.510464,51.750951],[19.510516,51.751035],[19.510574,51.75111],[19.510645,51.751186],[19.510724,51.751251],[19.510829,51.751321],[19.51137,51.751612],[19.511739,51.751811],[19.511762,51.751823],[19.511841,51.751861],[19.511923,51.751896],[19.511771,51.752036],[19.511753,51.752053],[19.511573,51.752221],[19.511525,51.752278],[19.511485,51.752335],[19.511449,51.752399],[19.511426,51.752452],[19.511399,51.752535],[19.511367,51.752644],[19.511352,51.752697],[19.51127,51.752974],[19.511031,51.75379],[19.510998,51.753892],[19.510913,51.754184],[19.510889,51.754266],[19.510862,51.754354],[19.510637,51.755108],[19.510602,51.755222],[19.510359,51.755804],[19.510336,51.75587],[19.509985,51.757037],[19.509961,51.757118],[19.509894,51.757338],[19.509865,51.757433],[19.509842,51.757512],[19.509822,51.757582],[19.509817,51.757598],[19.509745,51.757835],[19.509699,51.758002],[19.509338,51.759214],[19.509282,51.759397],[19.50926,51.75947],[19.509231,51.759566],[19.509212,51.759624],[19.509207,51.759642],[19.509202,51.75966],[19.509133,51.759894],[19.509125,51.75992],[19.509005,51.760332],[19.508916,51.76062],[19.508817,51.760951],[19.508703,51.761336],[19.508532,51.76191],[19.508392,51.762375],[19.508385,51.762399],[19.508314,51.762643],[19.508276,51.762775],[19.508218,51.76293],[19.5082,51.762977],[19.508166,51.763067],[19.50816,51.763089],[19.508153,51.763117],[19.508145,51.763145],[19.508143,51.763154],[19.50814,51.763163],[19.508108,51.763281],[19.508078,51.763392],[19.50807,51.763422],[19.508069,51.763427],[19.508034,51.763554],[19.507999,51.763682],[19.507997,51.763692],[19.507994,51.763702],[19.50798,51.763751],[19.50797,51.763793],[19.507963,51.763816],[19.507931,51.763918],[19.507822,51.76429],[19.507808,51.764336],[19.507799,51.764366],[19.507734,51.764584],[19.507723,51.76462],[19.507705,51.764674],[19.507681,51.764749],[19.507671,51.764783],[19.507547,51.765198],[19.507533,51.765245],[19.507519,51.765292],[19.507409,51.765645],[19.507355,51.765813],[19.507337,51.765868],[19.507097,51.766651],[19.50701,51.766932],[19.506853,51.76744],[19.506733,51.767822],[19.506658,51.768066],[19.506599,51.768257],[19.506549,51.768419],[19.506496,51.76859],[19.506468,51.768681],[19.506414,51.768858],[19.506379,51.768968],[19.505778,51.770908],[19.505751,51.770996]]},"properties":{"name":"Niciarniana"}},{"type":"Feature","geometry":{"type":"LineString","coordinates":[[19.505661,51.771511],[19.505659,51.771486],[19.50566,51.771455],[19.505668,51.771412],[19.505729,51.771184],[19.505733,51.771171],[19.505751,51.770996],[19.505654,51.771159],[19.505561,51.771364],[19.505538,51.771396],[19.505512,51.771425],[19.505477,51.771456],[19.505436,51.771489]]},"properties":{"name":"Niciarniana"}},{"type":"Feature","geometry":{"type":"LineString","coordinates":[[19.505719,51.771573],[19.505791,51.771606],[19.505847,51.771627],[19.50594,51.771648],[19.50608,51.771694]]},"properties":{"name":"Czechosłowacka"}},{"type":"Feature","geometry":{"type":"LineString","coordinates":[[19.505669,51.771691],[19.505708,51.771687],[19.505759,51.771683],[19.50583,51.771683],[19.505923,51.771693],[19.50608,51.771694],[19.506244,51.771718],[19.506415,51.77174],[19.506653,51.771768],[19.50703,51.771814],[19.507245,51.77184],[19.50782,51.771909],[19.508012,51.771936],[19.508497,51.772015],[19.508772,51.772072],[19.508852,51.772084],[19.509055,51.77211],[19.509124,51.772116],[19.509201,51.772116],[19.509344,51.772112],[19.509508,51.772093],[19.510002,51.772033],[19.510088,51.772022],[19.510585,51.771952],[19.511335,51.771847],[19.511527,51.771813],[19.511627,51.771791],[19.512169,51.771597],[19.512317,51.771544],[19.512487,51.771482],[19.513372,51.771148],[19.51373,51.771023],[19.514458,51.77077],[19.514576,51.770729],[19.514955,51.770601],[19.515328,51.770475],[19.515415,51.770444],[19.515724,51.770342],[19.515889,51.770295]]},"properties":{"name":"Czechosłowacka"}},{"type":"Feature","geometry":{"type":"LineString","coordinates":[[19.515889,51.770295],[19.515943,51.77035],[19.516203,51.770568],[19.517325,51.77151],[19.517551,51.7717],[19.517653,51.771786],[19.51905,51.772948],[19.519082,51.772975],[19.519194,51.773066],[19.519488,51.77331],[19.520433,51.774096],[19.520594,51.774217],[19.520711,51.774299],[19.520777,51.774343],[19.520875,51.774406],[19.520996,51.77448],[19.521167,51.774578],[19.521194,51.774602],[19.521212,51.774626],[19.521229,51.774643],[19.521265,51.77467],[19.521279,51.77468],[19.521294,51.774691],[19.521303,51.774698],[19.521313,51.774705],[19.521341,51.774729],[19.521355,51.774745],[19.521366,51.774767],[19.521369,51.774786]]},"properties":{"name":"Edwarda"}},{"type":"Feature","geometry":{"type":"LineString","coordinates":[[19.521459,51.774952],[19.521388,51.774938],[19.521337,51.774938],[19.521277,51.774946],[19.521163,51.774962],[19.521132,51.774967],[19.52107,51.774976],[19.521031,51.774976],[19.52097,51.774969],[19.52092,51.774968]]},"properties":{"name":"Pomorska"}},{"type":"Feature","geometry":{"type":"LineString","coordinates":[[19.509608,51.77615],[19.509857,51.776117],[19.510296,51.776061],[19.510992,51.775972],[19.511444,51.775914],[19.511638,51.775889],[19.511736,51.775874],[19.511833,51.775858],[19.511871,51.77585],[19.511909,51.775842],[19.511945,51.775833],[19.511983,51.775823],[19.512019,51.775814],[19.512055,51.775802],[19.512124,51.77578],[19.512201,51.775752],[19.512278,51.775722],[19.512312,51.775708],[19.512349,51.775691],[19.51242,51.775657],[19.51274,51.775479],[19.513064,51.775297],[19.513127,51.775266],[19.513187,51.775241],[19.513248,51.775222],[19.513327,51.775204],[19.513401,51.775193],[19.513497,51.775185],[19.5136,51.775181],[19.513692,51.775183],[19.513736,51.77521],[19.51378,51.775243],[19.513818,51.775278],[19.513855,51.775319],[19.513957,51.775432],[19.514073,51.77556],[19.514097,51.775581],[19.514123,51.775599],[19.514152,51.775615],[19.514183,51.775629],[19.514229,51.775643],[19.514277,51.775652],[19.514321,51.775656],[19.514372,51.775656],[19.514429,51.775651],[19.514978,51.775569],[19.515236,51.775533],[19.515497,51.775501],[19.516021,51.775447],[19.516546,51.775395],[19.517154,51.775335],[19.517598,51.775291],[19.518778,51.775176],[19.519313,51.775125],[19.519394,51.775117],[19.52013,51.775046],[19.520193,51.77504],[19.52036,51.775024],[19.520623,51.774998],[19.520726,51.774988],[19.520879,51.774973],[19.52092,51.774968],[19.520961,51.774957],[19.52101,51.774939],[19.521046,51.774928],[19.521106,51.774914],[19.521137,51.774907],[19.52124,51.774884],[19.521279,51.77487],[19.521317,51.774853],[19.521342,51.774835],[19.521357,51.774817]]},"properties":{"name":"Pomorska"}},{"type":"Feature","geometry":{"type":"LineString","coordinates":[[19.521774,51.774761],[19.521821,51.77479],[19.521873,51.774807],[19.521922,51.774813],[19.521936,51.774814],[19.521951,51.774815],[19.521972,51.774816],[19.521994,51.774817],[19.522071,51.774819],[19.522129,51.774822],[19.522259,51.774832],[19.522319,51.774833]]},"properties":{"name":"Pomorska"}},{"type":"Feature","geometry":{"type":"LineString","coordinates":[[19.521771,51.77491],[19.521805,51.774897],[19.521831,51.774888],[19.521871,51.774883],[19.521922,51.774881],[19.521936,51.77488],[19.521951,51.77488],[19.521972,51.774879],[19.521994,51.774878],[19.522073,51.774875],[19.522142,51.774866],[19.522247,51.774845],[19.522319,51.774833],[19.522452,51.774823],[19.522733,51.774796],[19.522817,51.774787],[19.525595,51.774515],[19.526569,51.774417],[19.527854,51.774287],[19.533488,51.773723],[19.533823,51.77369],[19.534496,51.773621],[19.534951,51.773574],[19.535159,51.773553],[19.535902,51.773475],[19.536518,51.773412],[19.540358,51.773015],[19.54374,51.772665],[19.543935,51.772644],[19.544673,51.772566],[19.546769,51.77235],[19.550229,51.771995],[19.55153,51.771854],[19.552195,51.771784],[19.552605,51.771741],[19.552881,51.771712],[19.55313,51.771687],[19.553421,51.771657],[19.553492,51.77165],[19.553616,51.771637],[19.554086,51.771588],[19.555368,51.771456],[19.555432,51.77145],[19.555503,51.771443],[19.555853,51.771407],[19.55664,51.771325],[19.558145,51.771171],[19.558229,51.771162],[19.558692,51.771114],[19.559389,51.771043],[19.559809,51.770999],[19.559962,51.770984],[19.560551,51.770925],[19.561278,51.770853],[19.563242,51.770658],[19.563384,51.770644],[19.563536,51.770627],[19.563781,51.770601],[19.564365,51.770537],[19.565644,51.770411],[19.566036,51.770374],[19.566862,51.770302],[19.56758,51.770238],[19.567888,51.770204],[19.568102,51.770181],[19.568647,51.770122],[19.568735,51.770113],[19.569089,51.770079],[19.569189,51.770069],[19.569438,51.770044],[19.569574,51.770035],[19.569714,51.770031],[19.570173,51.770036],[19.570326,51.770044],[19.570468,51.770057],[19.570601,51.770073],[19.570775,51.7701],[19.571035,51.770146],[19.571299,51.770192],[19.57151,51.770229],[19.573096,51.770511],[19.573411,51.770563],[19.573673,51.770606],[19.573705,51.770613],[19.573745,51.770626],[19.573792,51.770646],[19.573848,51.770674],[19.573968,51.770737],[19.574625,51.771081],[19.576961,51.77229],[19.577481,51.772561],[19.577963,51.772812],[19.578137,51.772903],[19.579788,51.773741],[19.580085,51.773891],[19.580343,51.774024],[19.580616,51.774166],[19.580837,51.774279],[19.581107,51.774419],[19.581189,51.774461],[19.582604,51.775185],[19.582892,51.775332],[19.583803,51.775798],[19.585257,51.77654],[19.587131,51.777505],[19.587449,51.777672],[19.587513,51.777705],[19.587614,51.777758],[19.587829,51.777889],[19.587904,51.77796],[19.587962,51.778028],[19.588,51.778115],[19.588017,51.778201],[19.588067,51.778666],[19.588159,51.779531],[19.588184,51.779792],[19.588187,51.779822],[19.588198,51.779917],[19.588204,51.779976],[19.588242,51.780318],[19.588393,51.78173],[19.588419,51.781974],[19.588583,51.783502],[19.588651,51.78414],[19.588662,51.78424],[19.588695,51.78455],[19.588732,51.784884],[19.58876,51.785135],[19.588778,51.785303],[19.588788,51.7854],[19.588817,51.785669],[19.588929,51.786722],[19.588938,51.786821],[19.589051,51.787873],[19.589127,51.788582],[19.589146,51.78876],[19.589168,51.788963],[19.589175,51.789041],[19.589224,51.789494],[19.589246,51.789704],[19.58926,51.789818],[19.589271,51.789925],[19.589309,51.790287],[19.589314,51.790332],[19.589365,51.790819],[19.589403,51.791189],[19.58943,51.791451],[19.58955,51.792581],[19.589583,51.792907],[19.589593,51.793006],[19.589599,51.793071],[19.589601,51.793101],[19.589615,51.793231],[19.589642,51.793477],[19.589648,51.793542],[19.589651,51.79357],[19.589652,51.793589],[19.589657,51.793641],[19.589662,51.7937],[19.589672,51.793811],[19.589676,51.793854]]},"properties":{"name":"Pomorska"}},{"type":"Feature","geometry":{"type":"LineString","coordinates":[[19.481599,51.778998],[19.481635,51.779],[19.481672,51.778999],[19.481719,51.778997],[19.481766,51.778993],[19.481788,51.778992],[19.481809,51.778989],[19.481845,51.778986],[19.481874,51.778983],[19.481913,51.778979],[19.48251,51.77892],[19.482783,51.778891],[19.483021,51.778866],[19.483036,51.778865],[19.483261,51.778841],[19.483682,51.778797],[19.48399,51.778765],[19.484169,51.778746],[19.484616,51.778699],[19.484821,51.778678],[19.485143,51.778644],[19.485307,51.778626],[19.4856,51.778594],[19.48578,51.778575],[19.485884,51.778564],[19.486385,51.77851],[19.486533,51.778494],[19.486747,51.77847],[19.487372,51.778404],[19.487726,51.778366],[19.488519,51.77828],[19.489035,51.778224],[19.489228,51.778203],[19.489425,51.778183],[19.489787,51.778145],[19.48997,51.778126],[19.490154,51.778108],[19.490617,51.778059],[19.490849,51.778036],[19.490922,51.778028],[19.491231,51.777996],[19.49134,51.777985],[19.491626,51.777958],[19.491826,51.77794],[19.491851,51.777938],[19.492349,51.777893],[19.492612,51.777869],[19.492875,51.777843],[19.493366,51.777794],[19.493675,51.77777],[19.493712,51.777767],[19.494056,51.777744],[19.494265,51.77773],[19.494394,51.777722],[19.494471,51.777717],[19.494671,51.777705],[19.494861,51.777695],[19.49533,51.777681],[19.495515,51.777672],[19.495811,51.777655],[19.496079,51.777633],[19.496328,51.777607],[19.496476,51.777592],[19.496938,51.777544],[19.497131,51.777524],[19.497555,51.77748],[19.497661,51.777469],[19.498375,51.777393],[19.498478,51.777384],[19.498993,51.777342]]},"properties":{"name":"Pomorska"}},{"type":"Feature","geometry":{"type":"LineString","coordinates":[[19.468716,51.778003],[19.468523,51.777985],[19.468368,51.777972],[19.468162,51.777954],[19.468088,51.777947],[19.467849,51.777927],[19.467807,51.777923],[19.467365,51.777885],[19.467125,51.777864],[19.466883,51.777844],[19.466365,51.777799],[19.466118,51.777777],[19.465781,51.777747],[19.465585,51.777729],[19.465393,51.777713],[19.465159,51.777693],[19.465018,51.777681],[19.464638,51.777648],[19.464615,51.777646],[19.464015,51.777596],[19.463872,51.777585],[19.462702,51.777483],[19.462459,51.777462],[19.462413,51.777458],[19.462332,51.777452],[19.462099,51.777431],[19.461903,51.777415],[19.46188,51.777413]]},"properties":{"name":"Pomorska"}},{"type":"Feature","geometry":{"type":"LineString","coordinates":[[19.54374,51.772665],[19.543747,51.772704],[19.543766,51.772821],[19.543841,51.773292],[19.543858,51.773383],[19.54392,51.773708],[19.54397,51.774037],[19.543991,51.774171]]},"properties":{"name":"Juhasowa"}},{"type":"Feature","geometry":{"type":"LineString","coordinates":[[19.54397,51.774037],[19.54391,51.774049],[19.543799,51.774071],[19.543175,51.774111],[19.542857,51.774127],[19.542514,51.77415],[19.541839,51.7742],[19.540843,51.774274],[19.540474,51.774301],[19.540002,51.774336],[19.539922,51.774342],[19.539382,51.774378],[19.539291,51.774385],[19.538665,51.774433],[19.538365,51.774475],[19.538068,51.77457],[19.537726,51.774767],[19.537387,51.774971],[19.537229,51.775035],[19.53702,51.77509],[19.536584,51.775147],[19.536076,51.775215],[19.535953,51.775231],[19.535784,51.775253],[19.535617,51.775277],[19.535461,51.775299],[19.535297,51.775336],[19.535149,51.775391],[19.535094,51.775416],[19.535019,51.77545],[19.534984,51.775466],[19.534394,51.775776],[19.53427,51.775842],[19.534181,51.775889],[19.533188,51.776417],[19.532659,51.776707],[19.53261,51.776736],[19.532561,51.776764],[19.532142,51.777006],[19.531992,51.777108],[19.53189,51.777177]]},"properties":{"name":"Skalna"}},{"type":"Feature","geometry":{"type":"LineString","coordinates":[[19.589676,51.793854],[19.589681,51.793896],[19.589691,51.793987],[19.589692,51.794],[19.589699,51.794061],[19.589708,51.794145],[19.58971,51.794161],[19.589712,51.794176],[19.589716,51.794211],[19.58972,51.794249],[19.589729,51.794327],[19.589743,51.794456],[19.589753,51.794542],[19.589758,51.794589],[19.589763,51.794632],[19.589797,51.794909],[19.590057,51.797283],[19.590064,51.797346],[19.590087,51.797628],[19.590108,51.797876],[19.590142,51.798201],[19.590174,51.798577],[19.590211,51.799],[19.590234,51.799314],[19.590303,51.799984],[19.590381,51.80067],[19.590416,51.800993],[19.590429,51.801136],[19.590442,51.801254],[19.590487,51.801653],[19.590526,51.801999],[19.590569,51.802334],[19.590614,51.802686],[19.590656,51.803186],[19.590703,51.803612],[19.590711,51.803711],[19.590836,51.804945],[19.590844,51.805027],[19.590912,51.805728],[19.590927,51.805846],[19.59094,51.805976],[19.59097,51.806265],[19.590999,51.806605],[19.591032,51.806886],[19.591079,51.807466],[19.591191,51.808496],[19.591254,51.80907],[19.591276,51.809269],[19.591342,51.809876],[19.591351,51.809958],[19.591386,51.810272],[19.591506,51.811356],[19.591738,51.813443],[19.591751,51.813555],[19.591793,51.813957],[19.59196,51.815523],[19.591965,51.815568],[19.591973,51.815599],[19.591991,51.815629],[19.592015,51.815654]]},"properties":{"name":"Grabińska"}},{"type":"Feature","geometry":{"type":"LineString","coordinates":[[19.589395,51.794064],[19.58938,51.794088],[19.589359,51.79411],[19.589341,51.794123],[19.589323,51.794137],[19.589279,51.794171],[19.588486,51.794774],[19.587278,51.7957],[19.587198,51.795762],[19.586482,51.796311],[19.585717,51.796898],[19.584486,51.797829],[19.583794,51.798348],[19.583245,51.79877],[19.582153,51.799601],[19.580903,51.800574],[19.580362,51.800994],[19.580317,51.801028],[19.579967,51.801298],[19.579636,51.801551],[19.578959,51.802071],[19.578326,51.802557],[19.577632,51.803086],[19.577568,51.803135],[19.577077,51.80351],[19.576926,51.803626],[19.576335,51.804077],[19.576246,51.804145],[19.576024,51.804318],[19.575864,51.804438],[19.575789,51.804494],[19.575126,51.805007],[19.574579,51.805422],[19.574436,51.805531],[19.573506,51.806245],[19.573314,51.806394],[19.573294,51.80641]]},"properties":{"name":"Jana Kasprowicza"}},{"type":"Feature","geometry":{"type":"LineString","coordinates":[[19.535159,51.773553],[19.535181,51.773613],[19.535784,51.775253]]},"properties":{"name":"Kasprowy Wierch"}},{"type":"Feature","geometry":{"type":"LineString","coordinates":[[19.489976,51.747673],[19.489972,51.747687],[19.489969,51.747696],[19.489954,51.747746],[19.489948,51.747765],[19.489917,51.747868]]},"properties":{"name":"Aleja Marszałka Edwarda Śmigłego-Rydza"}},{"type":"Feature","geometry":{"type":"LineString","coordinates":[[19.409788,51.751179],[19.409627,51.751236],[19.409573,51.751257],[19.409557,51.751264],[19.40949,51.751291],[19.409451,51.751311],[19.409415,51.751329],[19.409353,51.751366],[19.409291,51.751408],[19.409243,51.751445],[19.4092,51.751483],[19.408912,51.751775],[19.408838,51.751847],[19.408791,51.751894],[19.408738,51.751947],[19.40868,51.752005],[19.408634,51.752051],[19.40859,51.752091],[19.408544,51.752128],[19.408495,51.752164],[19.408442,51.752196],[19.408372,51.752229],[19.408298,51.752257],[19.408217,51.752279],[19.408176,51.752289],[19.408135,51.752296],[19.408093,51.752302],[19.408046,51.752308],[19.407963,51.752315],[19.407365,51.752369],[19.40657,51.752441],[19.405378,51.752548],[19.405281,51.752558],[19.404573,51.75262],[19.40444,51.752634],[19.403264,51.75274],[19.402966,51.752765],[19.402837,51.752777],[19.402727,51.752785],[19.402603,51.752793],[19.402522,51.752794],[19.402418,51.752794],[19.402211,51.752782],[19.402023,51.752767],[19.401895,51.752754],[19.401792,51.75274],[19.401679,51.752718],[19.401554,51.75269],[19.401431,51.752658],[19.400986,51.752537],[19.40083,51.752492],[19.400585,51.752423],[19.400365,51.752358],[19.400009,51.752257],[19.399906,51.752229],[19.399619,51.752153],[19.399513,51.752125],[19.399434,51.752106],[19.399256,51.75206],[19.399118,51.752025],[19.399104,51.752021],[19.399027,51.752002],[19.398906,51.75197],[19.398782,51.751937],[19.398623,51.751895],[19.398389,51.751834],[19.398196,51.751783],[19.39809,51.751754],[19.397952,51.751718],[19.397754,51.751666],[19.397169,51.751511],[19.397124,51.751499],[19.396697,51.751385],[19.39642,51.751301],[19.396378,51.751289],[19.396302,51.751267],[19.396279,51.751261],[19.396161,51.75123],[19.395723,51.751113],[19.395237,51.750984],[19.394942,51.750905],[19.394678,51.750835],[19.394604,51.750816],[19.394437,51.750771],[19.394406,51.75076],[19.394283,51.750706],[19.394228,51.750661],[19.394081,51.750654],[19.393976,51.750647],[19.393822,51.750633],[19.393683,51.750582],[19.3936,51.750554],[19.393509,51.750527],[19.393299,51.750471],[19.393218,51.75045],[19.392935,51.750371],[19.392359,51.750208],[19.392117,51.750139],[19.391808,51.750051],[19.391643,51.750004],[19.391428,51.749945],[19.391133,51.74986],[19.389682,51.749452],[19.38896,51.749247],[19.388625,51.749153],[19.388519,51.749123],[19.388418,51.749094],[19.38832,51.749067],[19.388072,51.748997],[19.387894,51.748947],[19.386604,51.748583],[19.386462,51.748542],[19.386099,51.748439],[19.386011,51.748416],[19.385944,51.748396],[19.385824,51.748358],[19.385694,51.748313],[19.385531,51.748253],[19.385349,51.748181],[19.385169,51.748106],[19.384947,51.748012],[19.384677,51.747898],[19.384389,51.747776],[19.384099,51.747652],[19.383934,51.747584],[19.383743,51.747503],[19.383498,51.747399],[19.383393,51.747354],[19.383312,51.747319],[19.383228,51.747284],[19.382907,51.747149],[19.382049,51.746786],[19.381667,51.746622],[19.38159,51.746588],[19.381485,51.746537],[19.381455,51.746521],[19.381424,51.746501],[19.381365,51.746458],[19.381322,51.746419],[19.381274,51.746362]]},"properties":{"name":"Janusza Kusocińskiego"}},{"type":"Feature","geometry":{"type":"LineString","coordinates":[[19.405351,51.741233],[19.405626,51.741261],[19.405675,51.74127],[19.405999,51.741335],[19.406332,51.741395],[19.40662,51.741436],[19.406788,51.741456],[19.406912,51.741471],[19.407107,51.741492],[19.407484,51.741533],[19.40771,51.741559],[19.407931,51.741606]]},"properties":{"name":"Maratońska"}},{"type":"Feature","geometry":{"type":"LineString","coordinates":[[19.415266,51.743755],[19.415138,51.7437],[19.414871,51.74355],[19.414435,51.743302],[19.41422,51.743174],[19.414024,51.743068],[19.41399,51.743051],[19.41396,51.743038],[19.413819,51.742981],[19.413743,51.742905]]},"properties":{"name":"Maratońska"}},{"type":"Feature","geometry":{"type":"LineString","coordinates":[[19.358756,51.730607],[19.358818,51.730621],[19.358913,51.730626],[19.35897,51.730625],[19.359326,51.730628],[19.359497,51.730637],[19.35965,51.730663],[19.359851,51.730675],[19.360011,51.730693],[19.360174,51.730716],[19.3603,51.730738],[19.360486,51.730775],[19.360838,51.730866],[19.361103,51.730942],[19.361527,51.731062],[19.36167,51.7311],[19.361794,51.731133],[19.362078,51.731209],[19.362351,51.731285],[19.362622,51.731361],[19.36266,51.731372],[19.36294,51.731454],[19.363257,51.731553],[19.36349,51.731624],[19.363905,51.731751],[19.364389,51.731898],[19.364508,51.731932],[19.364619,51.731963],[19.364736,51.731994],[19.364767,51.732002],[19.364853,51.732023],[19.365161,51.732094],[19.365464,51.732162],[19.365489,51.732168],[19.366097,51.732303],[19.366205,51.732328],[19.366495,51.732394],[19.366787,51.732466],[19.366888,51.732492],[19.367113,51.732551],[19.367406,51.732626],[19.367478,51.732645],[19.367808,51.732733],[19.368037,51.732794],[19.368497,51.732917],[19.369202,51.733103],[19.36926,51.733118],[19.369546,51.733192],[19.370735,51.733511],[19.371964,51.733838],[19.372919,51.734091],[19.373531,51.734254],[19.375379,51.734746],[19.375599,51.734807],[19.375821,51.734873],[19.376151,51.734972],[19.376322,51.735024],[19.376556,51.735096],[19.376671,51.735131],[19.376786,51.735166],[19.377057,51.735249],[19.377442,51.735366],[19.378062,51.735553],[19.378285,51.735619],[19.378488,51.735673],[19.378625,51.735712],[19.378755,51.73574],[19.378889,51.735768],[19.379016,51.735791],[19.379301,51.735843],[19.379366,51.735853],[19.379859,51.735944],[19.380071,51.735982],[19.380192,51.736005],[19.380508,51.736064],[19.380566,51.736076],[19.380777,51.736116],[19.381215,51.736205],[19.381293,51.736214],[19.381402,51.736223],[19.381506,51.736228],[19.381781,51.736235],[19.382264,51.736248],[19.382633,51.736258],[19.383773,51.73629],[19.383963,51.736295],[19.38509,51.736322],[19.385213,51.736325],[19.385465,51.73633],[19.385738,51.736336],[19.386134,51.736344],[19.386368,51.736357],[19.386446,51.736367],[19.386627,51.736422],[19.386819,51.736386],[19.387122,51.736381],[19.38722,51.736389],[19.387307,51.736396],[19.387445,51.736406],[19.387479,51.736408],[19.387596,51.736416],[19.387894,51.736436],[19.388041,51.736447],[19.388189,51.736461],[19.388517,51.736489],[19.388848,51.73652],[19.389276,51.736568],[19.389488,51.736595],[19.389513,51.736598],[19.389756,51.736632]]},"properties":{"name":"Maratońska"}},{"type":"Feature","geometry":{"type":"LineString","coordinates":[[19.358336,51.730553],[19.358343,51.730516],[19.358338,51.730486],[19.358323,51.730459],[19.358295,51.730427],[19.358165,51.730305],[19.35806,51.7302]]},"properties":{"name":"Maratońska"}},{"type":"Feature","geometry":{"type":"LineString","coordinates":[[19.354053,51.728407],[19.354131,51.72846],[19.354578,51.72867],[19.354663,51.728703],[19.355353,51.728975],[19.356129,51.729345],[19.356206,51.729382],[19.356654,51.729585],[19.356989,51.729743],[19.357318,51.729887],[19.357718,51.73004],[19.357886,51.730113],[19.35806,51.7302],[19.358209,51.730265],[19.358257,51.730296],[19.358337,51.730355],[19.358385,51.730398],[19.358422,51.730426],[19.358443,51.730447],[19.358465,51.730476],[19.358489,51.730492],[19.358515,51.730506]]},"properties":{"name":"Maratońska"}},{"type":"Feature","geometry":{"type":"LineString","coordinates":[[19.353707,51.728208],[19.353626,51.728167],[19.353492,51.728077],[19.353381,51.727994],[19.353173,51.727839],[19.352817,51.727453],[19.352684,51.727309],[19.352575,51.727202],[19.352546,51.727173],[19.352318,51.726973],[19.352184,51.726863],[19.352131,51.726816]]},"properties":{"name":"Maratońska"}},{"type":"Feature","geometry":{"type":"LineString","coordinates":[[19.351643,51.726519],[19.351702,51.726532],[19.35174,51.726543],[19.351771,51.726553],[19.351796,51.726567],[19.351841,51.726606],[19.351878,51.726638],[19.35197,51.726718],[19.352009,51.726747],[19.352075,51.726789],[19.352131,51.726816],[19.35211,51.726782],[19.352088,51.726755],[19.352059,51.72672],[19.352028,51.726684],[19.35198,51.726635],[19.351956,51.726607],[19.351941,51.726588],[19.35193,51.726572],[19.351924,51.726562],[19.35191,51.726538],[19.351905,51.726516],[19.351903,51.726485],[19.351904,51.726463],[19.351908,51.726396]]},"properties":{"name":"Maratońska"}},{"type":"Feature","geometry":{"type":"LineString","coordinates":[[19.386018,51.737321],[19.386076,51.737329],[19.386103,51.737332],[19.386138,51.737333],[19.386171,51.737332],[19.386193,51.73733],[19.386215,51.737328],[19.386561,51.737291],[19.386677,51.737278],[19.387184,51.737223],[19.387602,51.737178],[19.387828,51.737157],[19.387862,51.737154],[19.388042,51.737142],[19.388317,51.737131],[19.388502,51.737126],[19.388566,51.737125],[19.388585,51.737125],[19.38871,51.737124]]},"properties":{"name":"Maratońska"}},{"type":"Feature","geometry":{"type":"LineString","coordinates":[[19.40181,51.741309],[19.401812,51.741265],[19.40181,51.741223],[19.401805,51.741194],[19.401798,51.741168],[19.401771,51.741093],[19.40175,51.741041],[19.401725,51.74099],[19.401708,51.740961],[19.40169,51.740934],[19.401673,51.740908],[19.401653,51.740883],[19.401628,51.740852],[19.401603,51.740824],[19.401549,51.740769],[19.401518,51.74074],[19.401511,51.740733],[19.401469,51.740697],[19.401428,51.740664],[19.401382,51.74063],[19.401338,51.740602],[19.401292,51.740572],[19.4012,51.740518],[19.401128,51.740479],[19.401057,51.740442],[19.400987,51.740409],[19.400913,51.740375],[19.400804,51.740328],[19.400696,51.740283],[19.400458,51.740187],[19.400433,51.740177],[19.400239,51.7401],[19.400108,51.740049],[19.400046,51.740025],[19.399973,51.739997],[19.399548,51.739841],[19.399354,51.73977],[19.39916,51.739702],[19.399128,51.739692],[19.399035,51.739662],[19.398973,51.739642],[19.398911,51.739624],[19.398781,51.739585],[19.398655,51.739547],[19.398145,51.739398],[19.397839,51.739308],[19.397559,51.739226],[19.397531,51.739217],[19.397258,51.739137],[19.397245,51.739133],[19.397123,51.739098],[19.396032,51.738778],[19.395822,51.738718],[19.395427,51.738603],[19.394455,51.73832],[19.394225,51.738253],[19.393603,51.738072],[19.392625,51.737786],[19.392002,51.737604],[19.391767,51.737536],[19.391562,51.737479],[19.391355,51.737426],[19.391155,51.737378],[19.391052,51.737354],[19.390952,51.737334],[19.390766,51.737298],[19.390674,51.737281],[19.390582,51.737265],[19.390488,51.73725],[19.39043,51.737242],[19.390378,51.737233],[19.390309,51.737223],[19.390219,51.737211],[19.390135,51.737201],[19.389963,51.73718],[19.389752,51.73716],[19.389541,51.737143],[19.389415,51.737136],[19.389311,51.737131],[19.389058,51.737124],[19.388885,51.737123],[19.38871,51.737124],[19.38883,51.737074],[19.388925,51.737027],[19.388975,51.736998],[19.38916,51.736888],[19.389198,51.736863],[19.389222,51.736847],[19.389282,51.736813],[19.389347,51.736778],[19.389419,51.736745],[19.389498,51.736714],[19.389522,51.736706],[19.389583,51.736687],[19.389756,51.736632],[19.389838,51.736644],[19.389992,51.736667],[19.390095,51.736684],[19.390233,51.736707],[19.390374,51.736733],[19.390508,51.736757],[19.390778,51.73681],[19.390984,51.73685],[19.391108,51.736876],[19.391198,51.736896],[19.391318,51.736922],[19.391724,51.737018],[19.391928,51.737071],[19.392352,51.737183],[19.39558,51.738128],[19.395739,51.738174],[19.395848,51.738206],[19.396148,51.738293],[19.396217,51.738313],[19.396384,51.738362],[19.396835,51.738495],[19.397369,51.738648],[19.397439,51.738668],[19.397653,51.738731],[19.397852,51.738789],[19.398052,51.738848],[19.398089,51.738859],[19.398395,51.738953],[19.398633,51.739032],[19.398859,51.739106],[19.399383,51.739255],[19.399472,51.739281],[19.399705,51.739348],[19.399816,51.739384],[19.399919,51.73942],[19.400008,51.739453],[19.400099,51.739489],[19.400419,51.739618],[19.400861,51.739799],[19.400946,51.739834],[19.401098,51.739895],[19.401659,51.740123],[19.401948,51.740238],[19.402146,51.740315],[19.402411,51.74041],[19.402695,51.740506],[19.403081,51.740637],[19.403188,51.740669],[19.403616,51.740801],[19.404167,51.740947],[19.404886,51.741123],[19.404941,51.741137],[19.405007,51.741153],[19.405202,51.741202],[19.405351,51.741233],[19.405583,51.741333],[19.40566,51.741348],[19.405805,51.741377],[19.405941,51.741401],[19.406136,51.741435],[19.406325,51.741466],[19.406518,51.741494],[19.406665,51.741513],[19.406827,51.741529],[19.407175,51.74156],[19.407469,51.741589],[19.407685,51.741604],[19.407931,51.741606],[19.40868,51.741685],[19.409045,51.741726],[19.409282,51.741758],[19.409479,51.741785],[19.409685,51.741817],[19.410078,51.741885],[19.410254,51.741918],[19.410435,51.741956],[19.410561,51.741985],[19.410691,51.742016],[19.41084,51.742056],[19.411049,51.742115],[19.411428,51.742228],[19.411805,51.742345],[19.411907,51.742376],[19.41238,51.742521],[19.412407,51.742529],[19.413121,51.742741],[19.413743,51.742905],[19.413926,51.742903],[19.414061,51.742913],[19.414102,51.742918],[19.414146,51.742924],[19.414921,51.742995],[19.41521,51.743043],[19.415743,51.743175],[19.416103,51.743281]]},"properties":{"name":"Maratońska"}},{"type":"Feature","geometry":{"type":"LineString","coordinates":[[19.430315,51.755771],[19.430423,51.755586],[19.430502,51.755438],[19.430579,51.755286],[19.430648,51.755146],[19.430719,51.754996],[19.430782,51.754854],[19.430836,51.754715],[19.430889,51.754575],[19.430963,51.754368],[19.431004,51.754244],[19.43104,51.754126],[19.431094,51.753933],[19.431166,51.75363],[19.431223,51.753322],[19.431245,51.753172],[19.431261,51.753023],[19.431269,51.752938],[19.431274,51.75285],[19.431278,51.752679],[19.431274,51.752542],[19.431267,51.75241],[19.431249,51.752263],[19.43124,51.75219],[19.431227,51.752118],[19.4312,51.751991],[19.431172,51.751865],[19.431141,51.75176],[19.431112,51.751661],[19.431065,51.751524],[19.431012,51.751389],[19.430958,51.751263],[19.430901,51.751136],[19.430808,51.750952],[19.43069,51.750752],[19.430636,51.75066],[19.430599,51.750601],[19.430564,51.750546],[19.430443,51.750372],[19.430248,51.750112],[19.430124,51.749961],[19.429997,51.749811],[19.429773,51.749563],[19.429628,51.749412],[19.429552,51.749338],[19.429477,51.749264],[19.429367,51.74916],[19.429256,51.749057],[19.429142,51.748955],[19.429028,51.748853],[19.428969,51.748804],[19.428749,51.748619],[19.428644,51.74853],[19.428473,51.748389],[19.42842,51.748346],[19.428241,51.748209],[19.42805,51.74807],[19.427828,51.747907],[19.427546,51.747709],[19.427464,51.747655],[19.427259,51.747519],[19.427053,51.747386],[19.426844,51.747254],[19.426408,51.746992],[19.426276,51.746914],[19.42614,51.746838],[19.425868,51.746688],[19.425588,51.746538],[19.425305,51.746392],[19.42492,51.746204],[19.42472,51.746109],[19.424523,51.746018],[19.424367,51.745948],[19.424209,51.74588],[19.424091,51.745832],[19.423727,51.745678],[19.423357,51.745526],[19.42278,51.74531],[19.42222,51.745111]]},"properties":{"name":"Maratońska"}},{"type":"Feature","geometry":{"type":"LineString","coordinates":[[19.419184,51.747635],[19.419191,51.747618],[19.419207,51.747579],[19.419294,51.747366],[19.419389,51.747136],[19.419461,51.746962],[19.419466,51.746949],[19.41948,51.746916],[19.419488,51.746897],[19.419561,51.746723],[19.419661,51.746489],[19.419708,51.746395],[19.419784,51.746262],[19.419886,51.746101],[19.419914,51.746055],[19.419946,51.746002],[19.420063,51.745782],[19.420077,51.745757],[19.420092,51.745734],[19.420315,51.745371],[19.420381,51.745238],[19.420426,51.745158],[19.420504,51.745026],[19.420621,51.744852],[19.420672,51.744782],[19.42091,51.744469],[19.420977,51.744381],[19.421063,51.74427],[19.421136,51.744177],[19.421495,51.74372],[19.421592,51.743597],[19.421977,51.743084],[19.421994,51.743061],[19.422011,51.743038],[19.422075,51.742953],[19.422252,51.742728]]},"properties":{"name":"Aleja Generała Zygmunta Waltera-Janke"}},{"type":"Feature","geometry":{"type":"LineString","coordinates":[[19.418613,51.747552],[19.41862,51.747535],[19.418833,51.747016],[19.418893,51.746868],[19.418906,51.746836],[19.418914,51.746816],[19.419025,51.746551],[19.419089,51.746397],[19.419165,51.746241],[19.419256,51.746079],[19.419264,51.746068],[19.419461,51.745833],[19.419604,51.745657],[19.419625,51.745633],[19.419644,51.745612],[19.419767,51.745481],[19.420065,51.745197],[19.420172,51.745082],[19.42037,51.744847],[19.420415,51.74479],[19.420809,51.744292],[19.420891,51.744181],[19.420993,51.744032],[19.421052,51.743932],[19.421096,51.743844],[19.421181,51.743656],[19.421268,51.743431],[19.421304,51.743295],[19.421336,51.743142],[19.421367,51.742906],[19.421371,51.742879],[19.421374,51.742851],[19.421393,51.742729]]},"properties":{"name":"Aleja Generała Zygmunta Waltera-Janke"}},{"type":"Feature","geometry":{"type":"LineString","coordinates":[[19.42142,51.742519],[19.421449,51.742214],[19.421461,51.742093],[19.421465,51.742062],[19.421469,51.742024],[19.42149,51.741818],[19.421531,51.741417],[19.421588,51.740869],[19.421593,51.740819],[19.421637,51.740534],[19.42166,51.740283]]},"properties":{"name":"Aleja Generała Zygmunta Waltera-Janke"}},{"type":"Feature","geometry":{"type":"LineString","coordinates":[[19.421377,51.739316],[19.421408,51.739406],[19.421416,51.73944],[19.421441,51.739526],[19.421466,51.73958],[19.421527,51.739678]]},"properties":{"name":"Aleja Generała Zygmunta Waltera-Janke"}},{"type":"Feature","geometry":{"type":"LineString","coordinates":[[19.421508,51.739301],[19.421517,51.739397],[19.421525,51.739429],[19.421538,51.739507],[19.421539,51.739564],[19.421527,51.739678],[19.421549,51.739775],[19.421614,51.740055],[19.42166,51.740283],[19.421696,51.740408],[19.421721,51.740495],[19.421794,51.740837],[19.421813,51.740928],[19.421976,51.741473],[19.422033,51.741671],[19.422074,51.741813],[19.422144,51.74203],[19.4222,51.742208],[19.422208,51.742233],[19.422282,51.742465]]},"properties":{"name":"Aleja Generała Zygmunta Waltera-Janke"}},{"type":"Feature","geometry":{"type":"LineString","coordinates":[[19.418953,51.748195],[19.418881,51.748233],[19.4188,51.748269],[19.418733,51.74829],[19.418664,51.748302],[19.418585,51.748302],[19.418462,51.748293],[19.418316,51.748274]]},"properties":{"name":"Aleja Księdza Kardynała Stefana Wyszyńskiego"}},{"type":"Feature","geometry":{"type":"LineString","coordinates":[[19.38352,51.741215],[19.383537,51.74129],[19.383564,51.741343],[19.383593,51.741376],[19.383632,51.741415],[19.38369,51.741457]]},"properties":{"name":"Aleja Księdza Kardynała Stefana Wyszyńskiego"}},{"type":"Feature","geometry":{"type":"LineString","coordinates":[[19.383766,51.741499],[19.38369,51.741457],[19.383644,51.741446],[19.383593,51.74144],[19.383548,51.741438],[19.383497,51.741438],[19.38344,51.74144],[19.383366,51.741448],[19.383298,51.741462],[19.383221,51.741489],[19.383149,51.741522],[19.383097,51.74155]]},"properties":{"name":"Aleja Księdza Kardynała Stefana Wyszyńskiego"}},{"type":"Feature","geometry":{"type":"LineString","coordinates":[[19.406289,51.748181],[19.406039,51.748202]]},"properties":{"name":"Aleja Księdza Kardynała Stefana Wyszyńskiego"}},{"type":"Feature","geometry":{"type":"LineString","coordinates":[[19.382762,51.742553],[19.382807,51.742576],[19.38286,51.742599],[19.382885,51.742607],[19.38291,51.742615],[19.382951,51.742624],[19.383069,51.742645],[19.382995,51.742656],[19.382913,51.742675],[19.382877,51.742684],[19.382851,51.742693],[19.382825,51.742701],[19.382751,51.742729],[19.382671,51.742776]]},"properties":{"name":"Aleja Księdza Kardynała Stefana Wyszyńskiego"}},{"type":"Feature","geometry":{"type":"LineString","coordinates":[[19.40631,51.747906],[19.406582,51.747887],[19.406627,51.747885],[19.407181,51.747845],[19.407575,51.747817],[19.407721,51.747805],[19.407905,51.747791],[19.408353,51.747759],[19.408545,51.747743],[19.40871,51.747732],[19.409091,51.747704],[19.409481,51.747678],[19.410282,51.747637],[19.411062,51.747595],[19.411463,51.747574],[19.41186,51.747549],[19.412814,51.747482],[19.413076,51.747459],[19.413406,51.747434],[19.413521,51.747424],[19.413889,51.747399],[19.414377,51.747367],[19.415012,51.747317],[19.415304,51.747294],[19.415361,51.74729],[19.416269,51.747218],[19.416456,51.747204],[19.416702,51.747184],[19.417734,51.747103],[19.418056,51.747077],[19.418298,51.747058],[19.418471,51.747044],[19.418549,51.747038],[19.41859,51.747035],[19.418638,51.747031],[19.418833,51.747016]]},"properties":{"name":"Aleja Księdza Kardynała Stefana Wyszyńskiego"}},{"type":"Feature","geometry":{"type":"LineString","coordinates":[[19.417659,51.748188],[19.417565,51.748174],[19.41741,51.748146],[19.417199,51.748106],[19.416929,51.748048],[19.416899,51.748042],[19.416866,51.748034],[19.416546,51.747957],[19.416386,51.747911],[19.416259,51.747875],[19.416018,51.747796],[19.415707,51.747688],[19.415591,51.747652],[19.415489,51.747626],[19.41537,51.747601],[19.41526,51.747584],[19.415149,51.74757],[19.415022,51.747559],[19.414887,51.747555],[19.414754,51.747558],[19.413596,51.747643],[19.413534,51.747647],[19.413249,51.747668],[19.412991,51.747687],[19.412246,51.747741],[19.411826,51.747772],[19.411364,51.747792],[19.41008,51.747883],[19.408477,51.748002],[19.408363,51.748015],[19.408114,51.748045],[19.407699,51.748075],[19.407282,51.748107],[19.407073,51.748122],[19.406793,51.748141],[19.406727,51.748146],[19.406683,51.748149],[19.406493,51.748165]]},"properties":{"name":"Aleja Księdza Kardynała Stefana Wyszyńskiego"}},{"type":"Feature","geometry":{"type":"LineString","coordinates":[[19.422252,51.742728],[19.422283,51.742672],[19.4223,51.742629],[19.422306,51.742582],[19.4223,51.742535],[19.422282,51.742465],[19.422165,51.742395],[19.422087,51.74236],[19.422,51.74233],[19.421921,51.742322],[19.421844,51.742321],[19.421759,51.742328],[19.421687,51.742345],[19.421624,51.742371],[19.421561,51.742404],[19.42149,51.742456],[19.42142,51.742519],[19.421393,51.742729],[19.421518,51.742781],[19.421693,51.742845]]},"properties":{"name":"Rondo Inżyniera Zygmunta Patera"}},{"type":"Feature","geometry":{"type":"LineString","coordinates":[[19.421469,51.739097],[19.42151,51.739084],[19.421549,51.739065],[19.421591,51.739039],[19.42163,51.739015],[19.421693,51.73898],[19.421764,51.738948],[19.42184,51.738919],[19.421954,51.738893]]},"properties":{"name":"Obywatelska"}},{"type":"Feature","geometry":{"type":"LineString","coordinates":[[19.421571,51.739149],[19.421609,51.739113],[19.421655,51.739079],[19.421693,51.739053],[19.421788,51.738995],[19.421874,51.738946],[19.421954,51.738893],[19.421981,51.738882],[19.423146,51.738429],[19.423815,51.738186],[19.424007,51.738117],[19.424097,51.73809],[19.424789,51.737873],[19.425039,51.737795],[19.425236,51.737729],[19.425448,51.737661],[19.425518,51.73764],[19.425905,51.737517],[19.426208,51.737415],[19.426486,51.737338],[19.426649,51.737301],[19.426905,51.737261],[19.426941,51.737257],[19.426997,51.737251],[19.427239,51.737228],[19.427379,51.737219],[19.427555,51.737208],[19.427613,51.737205],[19.427951,51.737184],[19.428087,51.737174],[19.428166,51.737169],[19.428288,51.737162],[19.428512,51.737149],[19.429364,51.737093],[19.429559,51.73708],[19.430446,51.737027],[19.430623,51.737016],[19.430724,51.73701],[19.430821,51.737003],[19.430919,51.736996],[19.430985,51.736993],[19.43102,51.736991],[19.43155,51.736958],[19.431657,51.736952],[19.431835,51.73694],[19.432062,51.736923],[19.432105,51.73692],[19.432175,51.736915],[19.432248,51.73691],[19.433152,51.736854],[19.433298,51.736846],[19.433494,51.736817],[19.433691,51.736803],[19.433736,51.736799],[19.433843,51.736785]]},"properties":{"name":"Obywatelska"}},{"type":"Feature","geometry":{"type":"LineString","coordinates":[[19.433841,51.736902],[19.433809,51.736892],[19.433773,51.736881],[19.433735,51.736874],[19.433691,51.736866],[19.433597,51.736858],[19.433361,51.736848],[19.433298,51.736846]]},"properties":{"name":"Obywatelska"}},{"type":"Feature","geometry":{"type":"LineString","coordinates":[[19.434198,51.736746],[19.434324,51.736695],[19.434367,51.736677],[19.434489,51.736637],[19.434636,51.736595],[19.43486,51.73656],[19.435231,51.736522],[19.435481,51.736496],[19.43569,51.736475],[19.435903,51.736464],[19.436378,51.736449],[19.436746,51.736442],[19.437459,51.736434],[19.437833,51.736426],[19.438475,51.736412],[19.438815,51.736401],[19.439371,51.736391],[19.439538,51.736391],[19.439815,51.73639],[19.440104,51.736391],[19.440135,51.736391],[19.440181,51.736391],[19.440612,51.736391],[19.440874,51.736393],[19.441161,51.736394],[19.441355,51.736395],[19.441633,51.736396],[19.441667,51.736395],[19.441699,51.736395],[19.441746,51.736395],[19.441766,51.736397],[19.441913,51.736402],[19.442048,51.736404],[19.442285,51.736408],[19.4425,51.736412],[19.442521,51.736413],[19.442546,51.736413],[19.442559,51.736413],[19.442606,51.736414],[19.442648,51.736415],[19.443046,51.736418],[19.443223,51.73642],[19.44328,51.736422],[19.443773,51.736425],[19.444085,51.736427],[19.444294,51.736422],[19.444323,51.736422],[19.444355,51.73642],[19.444588,51.736405],[19.444863,51.73639],[19.444887,51.736388],[19.444921,51.736386],[19.445153,51.736371],[19.445243,51.736365],[19.445374,51.736361],[19.445584,51.736354],[19.445953,51.736352],[19.44646,51.736351],[19.4476,51.73635],[19.448201,51.736349],[19.448247,51.736349],[19.44828,51.736349],[19.448309,51.73635],[19.448532,51.736358],[19.448723,51.736365],[19.448751,51.736366],[19.448788,51.736366],[19.449103,51.736371],[19.44914,51.736371],[19.449332,51.736372],[19.449391,51.736372],[19.449429,51.736378],[19.449513,51.736401]]},"properties":{"name":"Obywatelska"}},{"type":"Feature","geometry":{"type":"LineString","coordinates":[[19.452965,51.7364],[19.452754,51.736398],[19.452698,51.736397],[19.452513,51.736396],[19.452334,51.736396],[19.452308,51.736395],[19.452286,51.736395],[19.452211,51.736395],[19.452174,51.736395],[19.452142,51.736394],[19.451741,51.736396],[19.451611,51.736396],[19.451512,51.736397],[19.451471,51.736397],[19.45139,51.736397],[19.451265,51.736396],[19.45124,51.736396],[19.451149,51.736395],[19.451091,51.736395],[19.449819,51.736396],[19.449635,51.736399],[19.449513,51.736401],[19.449411,51.736438],[19.449366,51.736447],[19.449166,51.736459],[19.448825,51.736484],[19.448779,51.736487],[19.448746,51.736489],[19.448721,51.736491],[19.448536,51.736504],[19.448401,51.736509],[19.448311,51.73651],[19.448279,51.73651],[19.448252,51.73651],[19.447188,51.736513],[19.44697,51.736514],[19.446835,51.736514],[19.445945,51.736516],[19.4456,51.73652],[19.444913,51.736537],[19.444886,51.736538],[19.44486,51.736538],[19.444591,51.73654],[19.444356,51.736542],[19.444329,51.736542],[19.444302,51.736542],[19.4441,51.736542],[19.443552,51.736538],[19.443342,51.736544],[19.443178,51.73655],[19.44296,51.736555],[19.442892,51.736554],[19.442686,51.736554],[19.44264,51.736553],[19.442602,51.736553],[19.442552,51.736553],[19.442527,51.736552],[19.442508,51.736552],[19.442427,51.736549],[19.442287,51.736544],[19.442048,51.736535],[19.441896,51.736529],[19.441765,51.736528],[19.441746,51.736528],[19.441702,51.736528],[19.441667,51.736528],[19.441184,51.736525],[19.440607,51.736519],[19.440176,51.736509],[19.440137,51.736508],[19.4401,51.736507],[19.439825,51.736501],[19.439574,51.736497],[19.439258,51.736496],[19.438956,51.736501],[19.438638,51.736514],[19.4381,51.736544],[19.437572,51.736575],[19.437077,51.736604],[19.436804,51.736621],[19.436654,51.73663],[19.436551,51.736636],[19.436179,51.736659],[19.43612,51.736662],[19.435679,51.736694],[19.435416,51.736715],[19.435326,51.736722],[19.435249,51.736727],[19.435037,51.736746],[19.434502,51.736797],[19.434461,51.736803],[19.434415,51.73681],[19.434362,51.736817],[19.434349,51.736819],[19.434267,51.736846]]},"properties":{"name":"Obywatelska"}},{"type":"Feature","geometry":{"type":"LineString","coordinates":[[19.417632,51.741024],[19.417586,51.741054],[19.417565,51.741069],[19.417542,51.741082],[19.417499,51.741103],[19.416697,51.741466],[19.416453,51.741576],[19.416381,51.741609],[19.416245,51.741671],[19.415332,51.742083],[19.415118,51.742179],[19.414674,51.74238],[19.414544,51.742442],[19.414434,51.742501],[19.414357,51.742551],[19.414312,51.742586],[19.414268,51.742617],[19.414195,51.742662],[19.414118,51.742706],[19.414016,51.742768],[19.413743,51.742905]]},"properties":{"name":"Obywatelska"}},{"type":"Feature","geometry":{"type":"LineString","coordinates":[[19.449764,51.751905],[19.449789,51.751793],[19.449792,51.75178],[19.449795,51.751766],[19.449803,51.751732],[19.449814,51.751677],[19.449859,51.751469],[19.449887,51.751282],[19.449894,51.751207],[19.449907,51.751092],[19.449932,51.750856],[19.449965,51.750619],[19.449999,51.750452],[19.450117,51.750054],[19.450181,51.749802],[19.450182,51.749798],[19.450195,51.749746],[19.450202,51.749718],[19.450209,51.74969],[19.450211,51.749679],[19.450214,51.749668],[19.450232,51.749599],[19.450246,51.749543],[19.450267,51.749458],[19.450299,51.749326],[19.450302,51.749314],[19.450305,51.749302],[19.450312,51.749274],[19.450323,51.749228],[19.450415,51.74882],[19.450425,51.748728],[19.450434,51.748579],[19.450437,51.748526],[19.450464,51.748362],[19.450512,51.748141],[19.450591,51.747783],[19.450721,51.747189],[19.451178,51.74515],[19.451216,51.745001],[19.451345,51.744685],[19.451369,51.744625],[19.451376,51.74461],[19.451392,51.744569],[19.451397,51.744558],[19.4514,51.744549],[19.451422,51.744472],[19.451473,51.744291],[19.451491,51.74422],[19.451494,51.74421],[19.451497,51.744201],[19.451507,51.744146],[19.451516,51.744088],[19.451519,51.744069],[19.451567,51.743745],[19.451594,51.743529],[19.451615,51.743369],[19.451675,51.742992],[19.451713,51.742824],[19.451759,51.742615],[19.451798,51.74244],[19.451804,51.74241],[19.451844,51.742233],[19.451923,51.741873],[19.452026,51.741405],[19.452062,51.741252],[19.452091,51.741109],[19.452155,51.740828],[19.452184,51.740706],[19.452224,51.740566],[19.45228,51.740414],[19.45244,51.73999],[19.452486,51.739868],[19.452512,51.739795],[19.45252,51.739764],[19.452526,51.739742],[19.452538,51.739688],[19.452552,51.739611],[19.452621,51.738934],[19.452648,51.738739],[19.452679,51.738593],[19.452723,51.738422],[19.452751,51.73827],[19.452777,51.738127],[19.452805,51.737489],[19.45281,51.737376],[19.452812,51.737319],[19.452819,51.73717],[19.452853,51.736942],[19.452901,51.736734],[19.452947,51.736554],[19.45295,51.736533],[19.452952,51.736512],[19.452965,51.7364],[19.452978,51.736278],[19.45298,51.736256],[19.452981,51.736225],[19.452983,51.736159],[19.45298,51.736081],[19.452969,51.736003],[19.452914,51.735589],[19.452909,51.735548],[19.452894,51.735446],[19.452877,51.735325],[19.452869,51.73527],[19.452875,51.734974],[19.452878,51.734718],[19.452879,51.734641],[19.452881,51.734579],[19.452881,51.734559],[19.452882,51.734533],[19.452914,51.733286],[19.452918,51.73304],[19.452926,51.732654],[19.452928,51.732418],[19.452936,51.732201],[19.452945,51.732167],[19.452953,51.732148],[19.452969,51.732126],[19.452978,51.732114],[19.452989,51.7321],[19.453021,51.732065],[19.453053,51.732038],[19.453116,51.731998],[19.453202,51.731957]]},"properties":{"name":"Aleje Politechniki"}},{"type":"Feature","geometry":{"type":"LineString","coordinates":[[19.449316,51.751859],[19.44934,51.751755],[19.449344,51.751741],[19.449347,51.751727],[19.449353,51.751698],[19.44936,51.751676],[19.449405,51.751529],[19.449451,51.751398],[19.449564,51.75114],[19.449613,51.75102],[19.44962,51.751002],[19.449658,51.75087],[19.449691,51.750717],[19.449813,51.75016],[19.449907,51.74974],[19.449912,51.749721],[19.449918,51.749693],[19.449924,51.749665],[19.449927,51.749653],[19.44993,51.749642],[19.449947,51.749519],[19.44996,51.749433],[19.449979,51.749297],[19.449981,51.749285],[19.449983,51.749274],[19.449988,51.749245],[19.449993,51.749217],[19.450033,51.749039],[19.450064,51.748915],[19.450096,51.748801],[19.450144,51.748666],[19.450177,51.748548],[19.450185,51.748514],[19.450265,51.748165],[19.450301,51.748006],[19.450317,51.747935],[19.450332,51.74787],[19.450508,51.747086],[19.450519,51.747037],[19.450528,51.747],[19.450714,51.746162],[19.450739,51.746052],[19.450757,51.745964],[19.45087,51.745446],[19.450934,51.745094],[19.450943,51.744988],[19.450958,51.744817],[19.450968,51.744625],[19.450971,51.744568],[19.450974,51.744525],[19.450975,51.744509],[19.450976,51.744496],[19.450988,51.74444],[19.451015,51.744347],[19.451064,51.744196],[19.451068,51.744185],[19.451071,51.744177],[19.45108,51.744147],[19.45109,51.744124],[19.451242,51.743776],[19.451287,51.743629],[19.451325,51.743481],[19.451366,51.743289],[19.45153,51.742577],[19.451659,51.74198],[19.451919,51.740813],[19.451961,51.74062],[19.452012,51.740364],[19.452043,51.740141],[19.452091,51.739781],[19.452094,51.739758],[19.452098,51.73973],[19.452114,51.739658],[19.452137,51.73958],[19.452236,51.739278],[19.452249,51.739238],[19.452339,51.738978],[19.452384,51.738834],[19.452504,51.738347],[19.452562,51.737941],[19.452574,51.737688],[19.452578,51.737439],[19.452579,51.73738],[19.452578,51.737341],[19.452572,51.737155],[19.452566,51.736962],[19.452522,51.736628],[19.452515,51.736556],[19.452512,51.736534],[19.452513,51.736514],[19.452513,51.736396],[19.452524,51.736274],[19.452526,51.73625],[19.45253,51.736223],[19.452549,51.736118],[19.452581,51.735943],[19.452608,51.735776],[19.452624,51.735603],[19.452634,51.735335],[19.452637,51.735194],[19.452647,51.734704],[19.452648,51.734633],[19.452647,51.734573],[19.452647,51.734554],[19.452648,51.734536],[19.452663,51.734057],[19.452671,51.733586],[19.452675,51.733424],[19.452679,51.7332],[19.45268,51.73314],[19.452676,51.733084],[19.452661,51.732973],[19.452641,51.73282],[19.452641,51.732352],[19.452632,51.732288],[19.452617,51.732229],[19.452588,51.732155],[19.452577,51.732128],[19.452565,51.732099],[19.452559,51.732084],[19.452552,51.732071],[19.452467,51.731949],[19.452315,51.731719]]},"properties":{"name":"Aleje Politechniki"}},{"type":"Feature","geometry":{"type":"LineString","coordinates":[[19.459967,51.752763],[19.459944,51.752761],[19.459889,51.752756],[19.459837,51.752752],[19.459802,51.752749],[19.459715,51.752741],[19.459186,51.752698],[19.45899,51.752682],[19.458827,51.752669],[19.458724,51.75266],[19.45857,51.752647],[19.457728,51.752578],[19.45771,51.752577],[19.457674,51.752574],[19.45765,51.752572],[19.457604,51.752568],[19.45736,51.752547],[19.457086,51.752524],[19.45699,51.752516],[19.456946,51.752512],[19.456928,51.75251],[19.456903,51.752508],[19.456425,51.752463],[19.456308,51.752454],[19.45593,51.752418],[19.45577,51.752402],[19.455554,51.752382],[19.455403,51.75237],[19.455277,51.75236],[19.455242,51.752357],[19.455204,51.752354],[19.455022,51.752341],[19.454049,51.75226],[19.453745,51.752236],[19.453656,51.752228],[19.453377,51.752205],[19.453368,51.752204],[19.453126,51.752185],[19.453037,51.752177],[19.453002,51.752175],[19.452973,51.752172],[19.452868,51.752163],[19.452725,51.752151],[19.452692,51.752148],[19.452676,51.752147],[19.45266,51.752146],[19.452612,51.752141],[19.450866,51.752],[19.450339,51.751955],[19.450038,51.75193],[19.449984,51.751925],[19.449962,51.751923],[19.449927,51.75192],[19.449912,51.751919],[19.449764,51.751905],[19.449583,51.751887],[19.449535,51.751882],[19.449316,51.751859],[19.449191,51.751848],[19.449169,51.751846],[19.449144,51.751843],[19.449113,51.75184],[19.449067,51.751837],[19.449038,51.751834],[19.448725,51.751808],[19.448494,51.751788],[19.448176,51.751759],[19.448153,51.751757],[19.448044,51.751746],[19.447976,51.75174],[19.447873,51.75173],[19.447585,51.751702],[19.447464,51.75169],[19.447199,51.751666],[19.447187,51.751665],[19.44694,51.751643],[19.446932,51.751642],[19.446572,51.75161],[19.446552,51.751608],[19.446263,51.751581],[19.446191,51.751574],[19.445914,51.751549],[19.445842,51.751542],[19.445751,51.751534],[19.445705,51.75153],[19.445666,51.751526],[19.445583,51.751518],[19.445507,51.751512],[19.445266,51.75149],[19.445189,51.751483],[19.444923,51.75146],[19.444841,51.751452],[19.444596,51.75143],[19.444534,51.751425],[19.444267,51.751401],[19.444215,51.751397],[19.444047,51.751382],[19.443916,51.75137],[19.443738,51.751354],[19.443488,51.751332],[19.443427,51.751326],[19.443209,51.751307],[19.443006,51.751289],[19.442605,51.751253],[19.442558,51.751249],[19.442519,51.751245],[19.442249,51.751223],[19.442217,51.751227]]},"properties":{"name":"Radwańska"}},{"type":"Feature","geometry":{"type":"LineString","coordinates":[[19.464369,51.753146],[19.464274,51.753139],[19.464238,51.753136],[19.464204,51.753133],[19.463904,51.753108],[19.463576,51.753076],[19.46316,51.75304],[19.462885,51.753017],[19.462643,51.752994],[19.461969,51.752937],[19.461868,51.752928],[19.461791,51.752922],[19.461759,51.752919],[19.461592,51.752904],[19.460953,51.752851],[19.46035,51.752797],[19.460206,51.752785],[19.460175,51.752782],[19.460133,51.752778],[19.460045,51.75277],[19.459989,51.752765],[19.459967,51.752763]]},"properties":{"name":"Brzeźna"}},{"type":"Feature","geometry":{"type":"LineString","coordinates":[[19.463925,51.751474],[19.46396,51.751497],[19.463988,51.75151],[19.464037,51.751528],[19.464137,51.751552],[19.464638,51.751671],[19.46469,51.751684],[19.464717,51.75169],[19.464736,51.751695]]},"properties":{"name":"Tylna"}},{"type":"Feature","geometry":{"type":"LineString","coordinates":[[19.460896,51.74853],[19.460918,51.748536],[19.460969,51.748551],[19.461083,51.748584],[19.461121,51.748594],[19.461155,51.748603],[19.461469,51.748682],[19.461655,51.748729],[19.461717,51.748744],[19.462323,51.748897],[19.462809,51.749018],[19.462941,51.749051],[19.463288,51.749139],[19.463527,51.749199],[19.463859,51.749282],[19.463905,51.749294],[19.463948,51.749304],[19.464077,51.749337],[19.464141,51.749351],[19.46427,51.749382],[19.464313,51.749394],[19.464353,51.749404],[19.464728,51.749498],[19.464843,51.749527],[19.465352,51.749653],[19.465468,51.749682],[19.466469,51.749937],[19.467105,51.750096],[19.467178,51.750115],[19.467258,51.750132],[19.467989,51.750315],[19.46864,51.750479],[19.468701,51.750495],[19.469037,51.750583],[19.469134,51.750608],[19.469716,51.750752],[19.469813,51.750778],[19.469922,51.750806],[19.469953,51.750813],[19.469981,51.75082],[19.470763,51.751015],[19.470788,51.751022],[19.470854,51.751039],[19.470893,51.751049],[19.470985,51.751072],[19.471068,51.751092],[19.471863,51.751292],[19.472304,51.751402],[19.472558,51.751464],[19.472888,51.751548],[19.472916,51.751554],[19.472943,51.751561],[19.473065,51.751592],[19.473181,51.751622],[19.473227,51.751633],[19.473258,51.751642],[19.473299,51.751652],[19.473336,51.751661],[19.473947,51.751816],[19.474358,51.75192],[19.474692,51.752004],[19.474821,51.752037],[19.474851,51.752045],[19.474885,51.752053],[19.476128,51.752371],[19.476362,51.75243],[19.476559,51.752481],[19.476712,51.752519],[19.476872,51.75256],[19.476937,51.752576],[19.477334,51.752675],[19.478028,51.752853],[19.478057,51.752861],[19.478086,51.752868],[19.478195,51.752895],[19.478303,51.752925],[19.478666,51.753016],[19.479457,51.753215],[19.479573,51.753244],[19.479661,51.753266],[19.479679,51.753271],[19.479932,51.753335],[19.480028,51.753359],[19.480272,51.753422],[19.481293,51.75368],[19.482037,51.753869],[19.482094,51.753884],[19.482151,51.753898],[19.482222,51.753916],[19.482361,51.753952],[19.482499,51.753987],[19.482557,51.754001],[19.482718,51.754042],[19.482964,51.754105],[19.483618,51.754271],[19.483817,51.754319],[19.483845,51.754326],[19.483871,51.754332],[19.483947,51.754351],[19.484035,51.754376]]},"properties":{"name":"Księdza Biskupa Wincentego Tymienieckiego"}},{"type":"Feature","geometry":{"type":"LineString","coordinates":[[19.485863,51.751308],[19.485815,51.751411],[19.485805,51.75143],[19.485783,51.75147],[19.485674,51.751629],[19.485554,51.751813],[19.485305,51.752177],[19.485278,51.75222],[19.485256,51.752261],[19.485215,51.752337],[19.485161,51.752437],[19.485039,51.752662],[19.484939,51.752831],[19.48461,51.753364],[19.484349,51.753747],[19.484042,51.754223],[19.48403,51.754241],[19.484018,51.754259],[19.483979,51.754308],[19.483947,51.754351],[19.483896,51.754415],[19.48389,51.754423],[19.483879,51.754437],[19.483655,51.754797],[19.483587,51.754901],[19.483252,51.755437],[19.483001,51.755827],[19.482835,51.756093],[19.482813,51.756128],[19.482806,51.75614],[19.482791,51.756163],[19.482783,51.756177],[19.482771,51.756195],[19.482602,51.756469],[19.482482,51.756663],[19.482348,51.756881],[19.482308,51.75694],[19.4822,51.757117],[19.48217,51.757182],[19.482159,51.757211],[19.48215,51.75724],[19.482135,51.757299],[19.482127,51.757328],[19.482096,51.757442],[19.482081,51.757513],[19.482061,51.757605],[19.482053,51.757651],[19.482032,51.757764],[19.482021,51.757825],[19.482016,51.757849],[19.482011,51.757871],[19.482004,51.757902],[19.481973,51.758043],[19.481941,51.758193],[19.481918,51.758298],[19.481801,51.758764],[19.481726,51.759122],[19.481706,51.759216],[19.48161,51.75966],[19.481509,51.760124],[19.481412,51.760588],[19.48134,51.760905],[19.481332,51.760935],[19.481326,51.760956],[19.48132,51.760977],[19.481289,51.76109],[19.481265,51.761174],[19.481261,51.761191],[19.481255,51.76121],[19.481235,51.761282],[19.481215,51.761355],[19.481212,51.761364],[19.48121,51.761372],[19.481201,51.761405],[19.481193,51.761431],[19.481186,51.761458],[19.481177,51.76149],[19.481153,51.761591],[19.481107,51.76177],[19.481104,51.761781],[19.48108,51.761899],[19.481062,51.761981],[19.481055,51.762016],[19.481006,51.762244],[19.480997,51.762288],[19.480994,51.762302],[19.480978,51.762374],[19.480973,51.762396],[19.480967,51.762421],[19.480929,51.762592],[19.48091,51.762676],[19.480898,51.762729],[19.480886,51.762783],[19.480848,51.762935],[19.480784,51.76323],[19.480766,51.763309],[19.480739,51.763428],[19.480717,51.763522],[19.480678,51.763695],[19.480669,51.763734],[19.480637,51.76387],[19.480608,51.764],[19.480592,51.764073],[19.480582,51.764114],[19.480578,51.764132],[19.480574,51.764151],[19.48057,51.764166],[19.480556,51.764221],[19.480539,51.76429],[19.480533,51.76432],[19.480528,51.764338],[19.480495,51.764472],[19.480464,51.764617],[19.480394,51.764928],[19.480374,51.765011],[19.480333,51.765191],[19.48029,51.76538],[19.480251,51.765549],[19.480212,51.765719],[19.480201,51.765768],[19.480165,51.765925],[19.480156,51.765966],[19.480135,51.766059],[19.480111,51.766161],[19.480099,51.766214],[19.480088,51.766261],[19.480044,51.766455],[19.479962,51.766811],[19.479892,51.767116],[19.479888,51.767136],[19.479876,51.767187],[19.479868,51.767221],[19.479855,51.767286],[19.479841,51.76734],[19.479816,51.767473]]},"properties":{"name":"Przędzalniana"}},{"type":"Feature","geometry":{"type":"LineString","coordinates":[[19.485863,51.751308],[19.485998,51.751341],[19.486041,51.751349],[19.486096,51.751356],[19.486351,51.751391],[19.486601,51.751425],[19.486881,51.751462],[19.487154,51.751505],[19.487343,51.751532],[19.488004,51.751627],[19.48837,51.751673]]},"properties":{"name":"Milionowa"}},{"type":"Feature","geometry":{"type":"LineString","coordinates":[[19.489373,51.751709],[19.489347,51.751707],[19.489197,51.751695],[19.488986,51.751678],[19.488964,51.751676],[19.488942,51.751674],[19.488906,51.751672],[19.48887,51.751669],[19.48883,51.751667],[19.488665,51.751659],[19.488553,51.751656],[19.48837,51.751673],[19.488516,51.75172],[19.488602,51.751734],[19.488728,51.751748],[19.488852,51.751759],[19.488888,51.751762],[19.488924,51.751765],[19.488945,51.751767],[19.488966,51.751769],[19.48919,51.751787],[19.489339,51.751799],[19.489367,51.751802]]},"properties":{"name":"Milionowa"}},{"type":"Feature","geometry":{"type":"LineString","coordinates":[[19.493739,51.733],[19.493781,51.733084],[19.493791,51.73311],[19.493808,51.733171],[19.49384,51.733326],[19.493847,51.733355],[19.493852,51.733379],[19.493898,51.733579],[19.493938,51.733727],[19.493995,51.733966],[19.494031,51.734139],[19.494092,51.734426],[19.494212,51.734995],[19.494307,51.735445],[19.494327,51.735538],[19.494343,51.735611],[19.494364,51.735719],[19.494379,51.735792],[19.494432,51.73605],[19.494474,51.736252],[19.494527,51.736515],[19.494538,51.736567],[19.494578,51.736759],[19.494591,51.736817],[19.494613,51.736935],[19.49463,51.737018],[19.494635,51.737044],[19.49465,51.737123],[19.494666,51.737204],[19.494677,51.737256],[19.494713,51.737451],[19.494726,51.737498],[19.494771,51.737749],[19.494791,51.737837],[19.494795,51.737857],[19.494893,51.738186],[19.494977,51.738435],[19.494981,51.738446],[19.494986,51.738463],[19.494993,51.738489],[19.495005,51.738523],[19.495061,51.738695],[19.495081,51.738758],[19.495208,51.739123],[19.495308,51.739444],[19.495354,51.739653],[19.495368,51.739762],[19.49538,51.739861],[19.495389,51.740024],[19.495389,51.740036],[19.495388,51.74009],[19.495387,51.740251],[19.495387,51.740261],[19.495385,51.740273],[19.495381,51.740297],[19.495374,51.740401],[19.495366,51.740497],[19.495353,51.740619],[19.495314,51.740945],[19.495311,51.740967],[19.495308,51.740995],[19.495297,51.741081],[19.495293,51.74111],[19.495279,51.741221],[19.495276,51.74124],[19.495273,51.741263],[19.49526,51.741344],[19.495191,51.741699],[19.495085,51.742107],[19.49508,51.742128],[19.495074,51.742147],[19.494877,51.74283],[19.494861,51.742882],[19.494853,51.742907],[19.494744,51.743242],[19.49468,51.743443],[19.494674,51.743464],[19.494666,51.743486],[19.494618,51.74364],[19.494604,51.743683],[19.494599,51.743702],[19.494591,51.743724],[19.494539,51.743898],[19.494446,51.744209],[19.494415,51.744309],[19.494388,51.744402],[19.494337,51.744561],[19.494329,51.74459],[19.494309,51.744649],[19.494225,51.744936],[19.494209,51.744991],[19.494199,51.74502],[19.494043,51.745543],[19.494027,51.745592],[19.494015,51.745635],[19.493967,51.745795],[19.493936,51.745898],[19.493922,51.745941],[19.49391,51.745985],[19.493895,51.746033],[19.493856,51.746165],[19.493831,51.746246],[19.493807,51.746327],[19.493801,51.746345],[19.493797,51.74636],[19.493751,51.74651],[19.493704,51.746663],[19.493692,51.746701],[19.493674,51.746759],[19.493617,51.746946],[19.493571,51.747094],[19.493541,51.747192],[19.493535,51.747213],[19.493518,51.747268],[19.493431,51.747546],[19.493368,51.747744],[19.493361,51.747767],[19.493352,51.747795],[19.493344,51.747823],[19.49334,51.747835],[19.493336,51.747846],[19.4933,51.747975],[19.49328,51.748047],[19.493276,51.74806],[19.493272,51.748075],[19.493261,51.748114]]},"properties":{"name":"Tatrzańska"}},{"type":"Feature","geometry":{"type":"LineString","coordinates":[[19.493739,51.733],[19.493815,51.732961],[19.493885,51.73292],[19.494013,51.732837],[19.494115,51.73277],[19.494268,51.732675],[19.494292,51.732654],[19.494334,51.732603],[19.494375,51.732578],[19.494475,51.732542],[19.49458,51.732516],[19.494687,51.732499],[19.494821,51.732482],[19.49486,51.732478],[19.494901,51.732474],[19.495157,51.732447],[19.495278,51.732434],[19.49543,51.732418],[19.496028,51.732351],[19.496494,51.732299],[19.496533,51.732294],[19.496573,51.732291],[19.496888,51.732293]]},"properties":{"name":"Alojzego Felińskiego"}},{"type":"Feature","geometry":{"type":"LineString","coordinates":[[19.503208,51.732417],[19.502127,51.73232],[19.501242,51.732301],[19.501118,51.732301],[19.50099,51.732301],[19.500653,51.732299],[19.500462,51.732297],[19.499938,51.732293],[19.499851,51.732293],[19.499167,51.732288],[19.499031,51.732286],[19.498927,51.732286],[19.4982,51.732285],[19.497883,51.732285],[19.49737,51.732282],[19.497181,51.732283],[19.497135,51.732284],[19.496888,51.732293],[19.496594,51.73236],[19.496554,51.732366],[19.496514,51.732371],[19.495859,51.732444],[19.495451,51.732489],[19.495298,51.732506],[19.495178,51.73252],[19.494974,51.732543],[19.494924,51.732549],[19.494882,51.732553],[19.494843,51.732558],[19.494695,51.732577],[19.49461,51.732593],[19.49452,51.732616],[19.494438,51.732643],[19.494398,51.732653],[19.494305,51.732665],[19.494268,51.732675]]},"properties":{"name":"Alojzego Felińskiego"}},{"type":"Feature","geometry":{"type":"LineString","coordinates":[[19.504559,51.732292],[19.504436,51.732305],[19.504085,51.732335],[19.503867,51.732354],[19.503608,51.732381],[19.503587,51.732383],[19.503329,51.732408],[19.503208,51.732417],[19.503312,51.73245],[19.503537,51.73252],[19.503581,51.732535],[19.503615,51.732547],[19.503944,51.73266],[19.503988,51.732675],[19.504238,51.732761],[19.504418,51.732823],[19.50452,51.732846],[19.504597,51.732851],[19.504659,51.732848]]},"properties":{"name":"Alojzego Felińskiego"}},{"type":"Feature","geometry":{"type":"LineString","coordinates":[[19.505243,51.736205],[19.505225,51.736108],[19.505219,51.736072],[19.505203,51.735985],[19.505184,51.735888],[19.505182,51.735875],[19.505096,51.735366],[19.505084,51.735303],[19.505058,51.735145],[19.50505,51.7351],[19.504993,51.734779],[19.504941,51.734484],[19.504928,51.734405],[19.504845,51.733923],[19.504797,51.733645],[19.504775,51.733528],[19.504659,51.732848],[19.504605,51.732552],[19.504559,51.732292],[19.504452,51.731659],[19.504423,51.731494],[19.504359,51.73125],[19.504274,51.730997],[19.50417,51.730771],[19.504149,51.730733],[19.504027,51.730521],[19.504013,51.730496],[19.503878,51.730321],[19.503807,51.730224],[19.503699,51.730101],[19.503607,51.72999],[19.50352,51.729898],[19.503435,51.729806],[19.503325,51.729699],[19.503107,51.729511],[19.502958,51.729401],[19.502747,51.729243],[19.502523,51.729093],[19.502451,51.729045],[19.502209,51.728909],[19.502135,51.728867],[19.50178,51.728692],[19.501191,51.728449],[19.501152,51.728429],[19.501114,51.728405],[19.501092,51.728382],[19.501078,51.728355],[19.501087,51.728286],[19.501163,51.728025],[19.501178,51.727945]]},"properties":{"name":"Poli Gojawiczyńskiej"}},{"type":"Feature","geometry":{"type":"LineString","coordinates":[[19.494613,51.736935],[19.494806,51.73692],[19.495218,51.736883],[19.495722,51.736841],[19.495786,51.736836],[19.495823,51.736833],[19.49806,51.736632],[19.498968,51.736551],[19.499001,51.736547],[19.499076,51.73654],[19.499336,51.736516],[19.499436,51.736508],[19.50191,51.736292],[19.502062,51.736276],[19.502714,51.736216],[19.502742,51.736213],[19.502809,51.736207],[19.502832,51.736205],[19.503644,51.736136],[19.504193,51.73608],[19.504786,51.736021],[19.504813,51.736017],[19.504839,51.736015],[19.505203,51.735985],[19.505396,51.735969],[19.505575,51.735954],[19.505648,51.735948],[19.505849,51.735932],[19.506278,51.735893],[19.507122,51.735821],[19.507389,51.735801],[19.508162,51.735761],[19.508497,51.735751],[19.508839,51.735747],[19.511021,51.735745],[19.511512,51.735744],[19.511742,51.735741],[19.511933,51.735736],[19.512141,51.73573],[19.512362,51.735721],[19.512559,51.735708],[19.512958,51.735684],[19.514319,51.735582],[19.51465,51.735557],[19.514684,51.735554],[19.514718,51.735552],[19.515232,51.735513],[19.515604,51.735485],[19.51564,51.735482],[19.51568,51.735479],[19.515882,51.735464],[19.516051,51.735452],[19.516341,51.73543],[19.517106,51.735372],[19.518479,51.735267],[19.51957,51.735185],[19.519886,51.735161],[19.520046,51.735148],[19.520302,51.735126],[19.521281,51.735022],[19.521448,51.735006],[19.521771,51.734987],[19.522266,51.734964],[19.522568,51.734946],[19.52377,51.734857],[19.523807,51.734855],[19.523844,51.734853],[19.524107,51.734836],[19.524509,51.734813],[19.524798,51.734798],[19.524828,51.734796],[19.524858,51.734795],[19.526891,51.734685],[19.528103,51.734622],[19.528137,51.734619],[19.528411,51.734601],[19.528691,51.734577],[19.528931,51.734548],[19.529005,51.73454],[19.529184,51.734513],[19.529303,51.734496],[19.529376,51.734485],[19.529688,51.734429],[19.530064,51.734351],[19.530423,51.734267],[19.5307,51.7342],[19.530883,51.734154],[19.530909,51.734148],[19.530949,51.734138],[19.530981,51.73413],[19.53113,51.734088],[19.531319,51.734025],[19.531533,51.733961],[19.531646,51.733932],[19.531892,51.73387],[19.532124,51.733812],[19.532235,51.73379],[19.532472,51.733755]]},"properties":{"name":"Generała Jarosława Dąbrowskiego"}},{"type":"Feature","geometry":{"type":"LineString","coordinates":[[19.467119,51.738426],[19.46714,51.738433],[19.467182,51.738445],[19.467266,51.738468],[19.467421,51.738509],[19.467448,51.738514],[19.467476,51.73852],[19.467503,51.738525],[19.467566,51.738538],[19.467762,51.738577],[19.468008,51.738625],[19.468104,51.738645],[19.468284,51.73868],[19.468497,51.738722],[19.468833,51.738789],[19.469237,51.738869],[19.46953,51.738919],[19.469848,51.738962],[19.470109,51.738991],[19.470384,51.739015],[19.471072,51.739045],[19.471615,51.739066],[19.471854,51.739074],[19.472047,51.739074],[19.472126,51.739072],[19.472177,51.73907],[19.472322,51.739059],[19.472529,51.739037],[19.473818,51.738908],[19.475512,51.738741],[19.475779,51.738715],[19.476384,51.738654],[19.476548,51.738637],[19.47679,51.738614],[19.476904,51.738602],[19.477186,51.738572],[19.477232,51.738568],[19.477472,51.738543],[19.478219,51.738468],[19.478267,51.738463],[19.478296,51.73846],[19.478331,51.738457],[19.478346,51.738455],[19.47836,51.738454],[19.478713,51.738408],[19.47873,51.738406],[19.478776,51.738401],[19.478793,51.738399],[19.478939,51.738382],[19.478953,51.73838],[19.478968,51.738379],[19.478975,51.738378],[19.479004,51.738375],[19.479032,51.738372],[19.479068,51.738369],[19.47931,51.738345],[19.479539,51.738322],[19.479758,51.738301],[19.480016,51.738276],[19.480151,51.738265],[19.480292,51.738257],[19.48056,51.738242],[19.480584,51.738241],[19.480616,51.738239],[19.480648,51.738237],[19.480669,51.738236],[19.480726,51.738233],[19.480844,51.738226],[19.480981,51.738215],[19.48114,51.738202],[19.481334,51.738186],[19.481462,51.738172],[19.481647,51.738155],[19.481838,51.738136],[19.482136,51.738107],[19.482304,51.738091],[19.482625,51.73806],[19.482656,51.738057],[19.482729,51.73805],[19.482868,51.738036],[19.482939,51.73803],[19.483261,51.737998],[19.483474,51.737978],[19.483492,51.737976],[19.483673,51.737959],[19.483895,51.737937],[19.483924,51.737934],[19.484088,51.737917],[19.484175,51.737909],[19.484263,51.737901],[19.484353,51.737893],[19.484486,51.73788],[19.484553,51.737874],[19.484752,51.737856],[19.484875,51.737844],[19.485029,51.73783],[19.485244,51.73781],[19.485353,51.7378],[19.485688,51.737769],[19.486076,51.737733],[19.486336,51.737709],[19.486387,51.737704],[19.486471,51.737696],[19.486531,51.737691],[19.486567,51.737687],[19.486597,51.737684],[19.48663,51.737685],[19.486662,51.737686],[19.486799,51.73769],[19.486928,51.737701],[19.487015,51.73771],[19.487043,51.737713],[19.487092,51.737717],[19.487137,51.737717],[19.487176,51.737717],[19.487212,51.737714],[19.487314,51.737704],[19.487334,51.737701],[19.487354,51.737698],[19.48738,51.737695],[19.487417,51.737691],[19.487452,51.737686],[19.487513,51.737678],[19.487646,51.737661],[19.487741,51.737651],[19.488153,51.737617],[19.488273,51.737611],[19.488346,51.737612],[19.488366,51.737612],[19.488434,51.737615],[19.488469,51.737616],[19.488499,51.737618],[19.488518,51.737619],[19.488535,51.737619],[19.488538,51.73762],[19.488622,51.737623],[19.488726,51.737624],[19.488746,51.737623],[19.488914,51.737617],[19.488969,51.737614],[19.48913,51.7376],[19.489416,51.737576],[19.489435,51.737575],[19.489455,51.737573],[19.489484,51.73757],[19.489516,51.737567],[19.489544,51.737565],[19.489578,51.737561],[19.490601,51.737481],[19.491292,51.737425],[19.492598,51.737307],[19.492885,51.737282],[19.493715,51.73721],[19.494107,51.737173],[19.494444,51.737143],[19.49465,51.737123],[19.494848,51.737107],[19.49493,51.7371],[19.495227,51.737074],[19.495904,51.737015],[19.496036,51.737002],[19.496163,51.736992],[19.499017,51.736738],[19.499047,51.736735],[19.499162,51.736725],[19.49942,51.736701],[19.500117,51.73664],[19.500335,51.73662],[19.500982,51.736563],[19.501143,51.736549],[19.501928,51.736479],[19.502101,51.736463],[19.50275,51.736408],[19.502786,51.736404],[19.502816,51.736402],[19.50289,51.736396],[19.503013,51.736384],[19.503785,51.736314],[19.504273,51.736277],[19.504802,51.736238],[19.504834,51.736236],[19.504865,51.736233],[19.505243,51.736205],[19.505446,51.736198],[19.505607,51.736195],[19.505661,51.736195],[19.506021,51.736193],[19.507055,51.736193],[19.508273,51.736191],[19.509034,51.736185],[19.509266,51.736178],[19.509461,51.736168],[19.509667,51.736155],[19.511057,51.736052],[19.511578,51.736013],[19.511778,51.735998],[19.514162,51.735815],[19.514497,51.735791],[19.514549,51.735787],[19.514728,51.735773],[19.514768,51.73577],[19.515275,51.735732],[19.515633,51.735705],[19.515667,51.735702],[19.51571,51.735699],[19.515916,51.735683],[19.516255,51.735658],[19.517251,51.735582],[19.518328,51.7355],[19.518382,51.735496],[19.518429,51.735492],[19.52068,51.735323],[19.521304,51.735277],[19.522771,51.735165],[19.523075,51.735141],[19.523663,51.735099],[19.523817,51.73509],[19.523853,51.735088],[19.523888,51.735086],[19.524069,51.73508],[19.524477,51.735067],[19.524787,51.735056],[19.524816,51.735055],[19.524846,51.735054],[19.525108,51.735046],[19.525812,51.735009],[19.526616,51.734967],[19.528151,51.734885],[19.528589,51.734864],[19.529063,51.73484],[19.529257,51.734828],[19.529567,51.734808],[19.529838,51.734784],[19.530515,51.734776],[19.530826,51.734764],[19.530958,51.734768],[19.531012,51.734772],[19.53105,51.734775],[19.531142,51.734789],[19.531228,51.73482],[19.531358,51.734907]]},"properties":{"name":"Generała Jarosława Dąbrowskiego"}},{"type":"Feature","geometry":{"type":"LineString","coordinates":[[19.499167,51.732288],[19.499161,51.732368],[19.499135,51.733156],[19.499142,51.733203],[19.499147,51.733243],[19.499162,51.733302],[19.499181,51.733367],[19.499248,51.733506],[19.499293,51.733587],[19.499344,51.73368],[19.499359,51.733719],[19.499368,51.73376],[19.499369,51.733801],[19.49936,51.734092],[19.499357,51.73458],[19.499354,51.734951],[19.49935,51.735073],[19.499346,51.735301],[19.499345,51.735387],[19.499342,51.735469],[19.499317,51.736421],[19.49932,51.736489],[19.499336,51.736516]]},"properties":{"name":"Władysława Anczyca"}},{"type":"Feature","geometry":{"type":"LineString","coordinates":[[19.524337,51.735975],[19.524417,51.735911],[19.524433,51.735883],[19.524443,51.735709],[19.524449,51.735326],[19.524456,51.735223],[19.524458,51.735204],[19.524461,51.735185],[19.524477,51.735067],[19.524483,51.73502],[19.524492,51.734949],[19.524497,51.734913],[19.524509,51.734813],[19.524515,51.734767],[19.524517,51.734733],[19.524511,51.734689],[19.524502,51.734656],[19.524497,51.734636],[19.524463,51.734538],[19.524406,51.734396],[19.524373,51.734353],[19.52423,51.734244],[19.524212,51.734202],[19.524176,51.734117],[19.524115,51.733963],[19.524083,51.733868],[19.524062,51.733757],[19.524042,51.733607],[19.524046,51.733347],[19.524064,51.732593],[19.524073,51.732126],[19.52409,51.731568],[19.524091,51.731526],[19.524081,51.731079],[19.524074,51.730744],[19.52407,51.730519],[19.524067,51.730427],[19.524066,51.730409],[19.524065,51.730389],[19.524058,51.7302],[19.524033,51.729658],[19.524011,51.729172],[19.523993,51.729089],[19.523952,51.729025],[19.523943,51.729017],[19.523905,51.728965],[19.5238,51.728895],[19.523681,51.728845],[19.523564,51.728817],[19.523505,51.728803],[19.523305,51.728786],[19.521749,51.728698],[19.521294,51.728682],[19.520854,51.72868],[19.520239,51.728683],[19.519999,51.728687],[19.519899,51.728688],[19.519381,51.728717],[19.518923,51.728752],[19.518723,51.728768],[19.518641,51.728774],[19.518546,51.728782],[19.518506,51.728785],[19.518473,51.728788],[19.518244,51.728805],[19.518232,51.728806],[19.517948,51.728828],[19.517851,51.728836],[19.517642,51.728852],[19.517543,51.72886],[19.517481,51.728865],[19.516743,51.728922],[19.516631,51.728931],[19.516539,51.728938],[19.515882,51.728989],[19.515514,51.72902],[19.514163,51.729133],[19.51397,51.729148],[19.513805,51.729161],[19.513482,51.72919],[19.51329,51.729205],[19.512434,51.729272],[19.512299,51.729283],[19.512268,51.729285],[19.511964,51.729308]]},"properties":{"name":"Lodowa"}},{"type":"Feature","geometry":{"type":"LineString","coordinates":[[19.52423,51.734244],[19.524225,51.734292],[19.524182,51.73441],[19.524143,51.734552],[19.52413,51.734636],[19.52413,51.734657],[19.524107,51.734836],[19.5241,51.734886],[19.524092,51.734938],[19.524085,51.734974],[19.524069,51.73508],[19.524066,51.735128],[19.524069,51.73516],[19.524075,51.735197],[19.524078,51.735215],[19.524082,51.735233],[19.524221,51.735811],[19.52424,51.735888],[19.52426,51.735915],[19.524337,51.735975],[19.524337,51.736268],[19.524337,51.736562],[19.524336,51.736752],[19.524336,51.736763],[19.524337,51.736785],[19.524337,51.736918],[19.524335,51.737145],[19.524333,51.737289],[19.524332,51.737386],[19.524331,51.737446],[19.52433,51.737479],[19.52433,51.737516],[19.524325,51.737938],[19.524307,51.739116],[19.524291,51.739381],[19.524244,51.739603],[19.524161,51.73996],[19.524129,51.740083],[19.524116,51.740132],[19.524105,51.740172],[19.52407,51.740301],[19.523881,51.740986],[19.523712,51.741597],[19.523634,51.741878],[19.52358,51.742084],[19.523577,51.742096],[19.523087,51.743966],[19.523008,51.744217],[19.522986,51.744296],[19.522746,51.745163],[19.522626,51.745542],[19.522534,51.745849],[19.522507,51.74595],[19.522493,51.746006],[19.522488,51.746021],[19.522474,51.746075],[19.522422,51.746235],[19.52236,51.74644],[19.522313,51.746582],[19.522246,51.746806],[19.522105,51.747273],[19.522031,51.747518],[19.521982,51.747681],[19.521917,51.747892],[19.521816,51.748223],[19.521539,51.749125],[19.521455,51.749397],[19.521448,51.749421],[19.521356,51.749737],[19.521348,51.749763],[19.521341,51.749787],[19.521258,51.750079],[19.52111,51.750662],[19.521097,51.750715],[19.520982,51.750829],[19.520915,51.751006],[19.520876,51.751107],[19.520769,51.75142],[19.520763,51.751439],[19.520756,51.751459],[19.520753,51.751468],[19.52075,51.751478],[19.520725,51.751572],[19.520683,51.751709],[19.520682,51.751712],[19.520677,51.751728],[19.520673,51.751744],[19.520672,51.751748],[19.520642,51.751844],[19.520588,51.75202],[19.520585,51.752031],[19.520582,51.752041],[19.520577,51.752059],[19.520571,51.752077],[19.520561,51.752109],[19.520548,51.752183],[19.520527,51.752311],[19.520489,51.752576],[19.52049,51.752666],[19.520524,51.752857],[19.520516,51.752879],[19.520503,51.752917],[19.520453,51.753048],[19.520424,51.753105],[19.520407,51.753139],[19.520347,51.753232],[19.520329,51.753261],[19.520247,51.753349],[19.520212,51.753377],[19.520079,51.753479],[19.520029,51.753526],[19.519995,51.753565],[19.519947,51.75362],[19.519919,51.753653],[19.519846,51.753819],[19.519758,51.754192],[19.519705,51.754535],[19.519632,51.754772],[19.519625,51.754796],[19.519569,51.75498],[19.519536,51.755073]]},"properties":{"name":"Lodowa"}},{"type":"Feature","geometry":{"type":"LineString","coordinates":[[19.520524,51.752857],[19.520662,51.752684],[19.520699,51.752589],[19.520729,51.752491],[19.520851,51.752111],[19.520857,51.752091],[19.520862,51.752072],[19.520865,51.752062],[19.520869,51.752052],[19.520918,51.751884],[19.520933,51.751784],[19.520934,51.751783],[19.520937,51.751765],[19.52094,51.751748],[19.52094,51.751747],[19.520963,51.75162],[19.520993,51.751501],[19.520996,51.751491],[19.520998,51.751482],[19.521004,51.751461],[19.521009,51.75144],[19.521015,51.751417],[19.521065,51.751223],[19.521089,51.751128],[19.521111,51.751043],[19.521124,51.75099],[19.521151,51.750848],[19.521097,51.750715]]},"properties":{"name":"Lodowa"}},{"type":"Feature","geometry":{"type":"LineString","coordinates":[[19.521982,51.747681],[19.521748,51.747662],[19.521715,51.747659],[19.521336,51.747623],[19.520972,51.747596],[19.520344,51.747567],[19.52,51.747559],[19.51971,51.747552],[19.518229,51.747527],[19.518042,51.747523],[19.517835,51.74752],[19.516974,51.747496],[19.516636,51.74749],[19.516209,51.74748],[19.515915,51.747472],[19.51568,51.747465],[19.515626,51.747641],[19.515491,51.748128],[19.51548,51.748169],[19.51515,51.749217],[19.515139,51.749249],[19.515003,51.749716],[19.514935,51.749958],[19.514836,51.750314],[19.514836,51.750345],[19.514843,51.750368],[19.514854,51.750389],[19.514869,51.750406],[19.514889,51.750422],[19.514916,51.750436],[19.514978,51.750456],[19.515075,51.750478],[19.515182,51.750498],[19.515446,51.750539],[19.515564,51.750557],[19.516241,51.750632],[19.516793,51.750693],[19.517823,51.750811],[19.51811,51.750848],[19.518098,51.750894],[19.518064,51.750993],[19.518041,51.751061],[19.518033,51.751078],[19.518003,51.751139]]},"properties":{"name":"Papiernicza"}},{"type":"Feature","geometry":{"type":"LineString","coordinates":[[19.511964,51.729308],[19.51199,51.729423],[19.512029,51.729596],[19.512111,51.729958],[19.512195,51.730332],[19.512227,51.730473],[19.512258,51.730614],[19.512392,51.731228],[19.512412,51.731313],[19.512453,51.7315],[19.512559,51.731976],[19.512591,51.732121],[19.512743,51.732799],[19.51293,51.733633],[19.513145,51.734568],[19.513176,51.734636],[19.513233,51.734686],[19.513324,51.734714],[19.513418,51.734717],[19.514862,51.73461],[19.51493,51.734613],[19.514995,51.734633],[19.515039,51.734666],[19.515063,51.734707],[19.515114,51.734942],[19.515132,51.73503],[19.515204,51.735383],[19.515212,51.735421],[19.515232,51.735513],[19.515275,51.735732]]},"properties":{"name":"Ferdynanda Ossendowskiego"}},{"type":"Feature","geometry":{"type":"LineString","coordinates":[[19.465976,51.711658],[19.466106,51.711653],[19.466308,51.711645],[19.466343,51.711644],[19.466375,51.711644],[19.466589,51.711644],[19.467141,51.711649],[19.46758,51.711653],[19.467587,51.711653],[19.467609,51.711653],[19.467699,51.71166],[19.467841,51.71167]]},"properties":{"name":"Paradna"}},{"type":"Feature","geometry":{"type":"LineString","coordinates":[[19.486493,51.709375],[19.485981,51.709371],[19.485674,51.709367],[19.485225,51.709361],[19.484931,51.709367],[19.4847,51.709369],[19.484145,51.709374],[19.483893,51.709381],[19.483633,51.709392],[19.483367,51.709408],[19.482839,51.709446],[19.481699,51.709537],[19.481661,51.70954],[19.481623,51.709543],[19.481471,51.709555],[19.480565,51.709624],[19.480267,51.709649],[19.479987,51.709675],[19.479872,51.709689],[19.479745,51.709705],[19.479503,51.709737],[19.479443,51.709747],[19.479401,51.709755],[19.479356,51.709763],[19.479239,51.709783],[19.479207,51.709789],[19.478936,51.709841],[19.478639,51.709904],[19.478611,51.70991],[19.478111,51.710016],[19.477772,51.71009],[19.477677,51.71011],[19.477621,51.710122],[19.477549,51.710138],[19.477406,51.710168],[19.477368,51.710176],[19.477276,51.710195],[19.477069,51.710239],[19.47599,51.710469],[19.475915,51.710485],[19.475826,51.710505],[19.475421,51.710595],[19.475354,51.71061],[19.475284,51.710627],[19.474819,51.710739],[19.474742,51.710758],[19.474648,51.710781],[19.474241,51.710882],[19.473608,51.711039],[19.473584,51.711045],[19.473558,51.711051],[19.473478,51.711071],[19.473393,51.71109],[19.473365,51.711097],[19.473339,51.711102],[19.472813,51.71122],[19.472567,51.711276],[19.472524,51.711285],[19.472467,51.711295],[19.472222,51.711336],[19.471971,51.711375],[19.471718,51.711406],[19.470891,51.7115],[19.470873,51.711502],[19.470817,51.711508],[19.470717,51.711518],[19.470619,51.711528],[19.470108,51.711581],[19.469705,51.711606],[19.469195,51.711625],[19.468567,51.711649],[19.468397,51.711655],[19.468217,51.711659],[19.467841,51.71167],[19.467701,51.711685],[19.467611,51.711694],[19.46752,51.711701],[19.467126,51.711728],[19.466722,51.711749],[19.466403,51.71175],[19.466373,51.71175],[19.466344,51.711751],[19.466307,51.711751],[19.466124,51.711752],[19.465992,51.711752]]},"properties":{"name":"Paradna"}},{"type":"Feature","geometry":{"type":"LineString","coordinates":[[19.488079,51.709302],[19.487943,51.709301],[19.487832,51.709301],[19.487591,51.709299],[19.487388,51.709297],[19.487341,51.709298],[19.487226,51.7093],[19.486881,51.70931],[19.486649,51.709319],[19.486493,51.709375],[19.486655,51.709416],[19.486982,51.709421],[19.487359,51.709425],[19.487426,51.709426],[19.48765,51.709424],[19.487902,51.70942]]},"properties":{"name":"Paradna"}},{"type":"Feature","geometry":{"type":"LineString","coordinates":[[19.478543,51.697026],[19.478512,51.696914],[19.478429,51.696594],[19.478327,51.69618],[19.477653,51.693101],[19.477519,51.692471],[19.477416,51.692064],[19.477288,51.691494],[19.477253,51.691327]]},"properties":{"name":"Szeroka"}},{"type":"Feature","geometry":{"type":"LineString","coordinates":[[19.477089,51.690563],[19.477068,51.690468],[19.476772,51.689019],[19.476467,51.687585],[19.476364,51.687072],[19.476288,51.686686],[19.476251,51.686432],[19.476233,51.686198],[19.476228,51.686012],[19.476221,51.685835]]},"properties":{"name":"Szeroka"}},{"type":"Feature","geometry":{"type":"LineString","coordinates":[[19.477277,51.690492],[19.477317,51.690678],[19.477379,51.690995],[19.477464,51.69141],[19.477542,51.691815],[19.477866,51.69334],[19.478306,51.695347],[19.478474,51.696064],[19.478516,51.696228],[19.478574,51.696437],[19.478622,51.696594],[19.478727,51.696896],[19.478771,51.697008]]},"properties":{"name":"Szeroka"}},{"type":"Feature","geometry":{"type":"LineString","coordinates":[[19.476771,51.690968],[19.476758,51.690952],[19.476746,51.690929],[19.476735,51.690901],[19.476727,51.690872],[19.476693,51.690739],[19.476673,51.690626],[19.476666,51.690578],[19.476662,51.690532],[19.47666,51.690429]]},"properties":{"name":"Stropowa"}},{"type":"Feature","geometry":{"type":"LineString","coordinates":[[19.47666,51.690429],[19.476813,51.690443],[19.477007,51.690461],[19.477068,51.690468],[19.477277,51.690492]]},"properties":{"name":"Centralna"}},{"type":"Feature","geometry":{"type":"LineString","coordinates":[[19.47977,51.810486],[19.479799,51.810459],[19.479825,51.810435],[19.479854,51.810407],[19.479867,51.810395],[19.479872,51.810391],[19.479877,51.810386],[19.479886,51.810378],[19.479896,51.810369],[19.480623,51.80971],[19.480811,51.809539],[19.481075,51.809292],[19.481152,51.809192],[19.481208,51.809099],[19.481258,51.808972],[19.481262,51.808883],[19.481217,51.808486],[19.481133,51.80779],[19.481091,51.807466],[19.481077,51.807367],[19.481005,51.806849],[19.480939,51.806376]]},"properties":{"name":"Centralna"}},{"type":"Feature","geometry":{"type":"LineString","coordinates":[[19.476221,51.685835],[19.476227,51.685495],[19.47633,51.684],[19.476356,51.68356],[19.47636,51.683308],[19.476348,51.68301],[19.476277,51.682044],[19.476207,51.68115],[19.476118,51.679918],[19.476091,51.679491],[19.476029,51.678843],[19.475972,51.678263],[19.475906,51.677363]]},"properties":{"name":"Katowicka"}},{"type":"Feature","geometry":{"type":"LineString","coordinates":[[19.473821,51.675968],[19.473919,51.676021],[19.473949,51.676041],[19.474003,51.676075],[19.474108,51.676141],[19.474308,51.676263],[19.474525,51.676417],[19.474694,51.676567],[19.475034,51.676897],[19.475131,51.676967],[19.475246,51.677026],[19.475362,51.677061],[19.475485,51.677084]]},"properties":{"name":"Katowicka"}},{"type":"Feature","geometry":{"type":"LineString","coordinates":[[19.476176,51.673007],[19.476297,51.67308],[19.477321,51.673689]]},"properties":{"name":"Katowicka"}},{"type":"Feature","geometry":{"type":"LineString","coordinates":[[19.475751,51.672645],[19.475741,51.673177],[19.475749,51.673617],[19.475793,51.674145],[19.475819,51.674472],[19.475863,51.675102],[19.47603,51.676869],[19.47606,51.677168],[19.476075,51.677329],[19.476189,51.678704],[19.476264,51.679708],[19.476292,51.680173],[19.476328,51.680653],[19.476399,51.681563],[19.476489,51.682719]]},"properties":{"name":"Katowicka"}},{"type":"Feature","geometry":{"type":"LineString","coordinates":[[19.459112,51.736378],[19.459132,51.736346],[19.459156,51.736314],[19.459179,51.73629],[19.459209,51.736263],[19.459241,51.736236],[19.459289,51.736205],[19.459342,51.736179],[19.459371,51.736167],[19.459443,51.736143],[19.45958,51.7361],[19.460085,51.73595],[19.460193,51.735919],[19.460473,51.735837],[19.460504,51.735828],[19.460901,51.735717],[19.461239,51.735627],[19.462259,51.735356],[19.462356,51.735329],[19.463348,51.735069],[19.463386,51.735059],[19.463425,51.73505],[19.464022,51.734887],[19.464574,51.734739],[19.46478,51.73469],[19.465084,51.734609],[19.46531,51.734551],[19.465522,51.734496],[19.465586,51.73448],[19.465648,51.734467],[19.465761,51.734447],[19.465791,51.734443],[19.465836,51.73444],[19.465885,51.734439],[19.465934,51.73444],[19.466018,51.734448],[19.466149,51.734478],[19.466318,51.734516],[19.466352,51.734525],[19.467366,51.734781],[19.467956,51.734939],[19.468269,51.735028],[19.469423,51.735359],[19.469893,51.735493],[19.469953,51.73551],[19.469985,51.735518],[19.470006,51.735524]]},"properties":{"name":"Bednarska"}},{"type":"Feature","geometry":{"type":"LineString","coordinates":[[19.459112,51.736378],[19.45909,51.736427],[19.459074,51.736483],[19.459067,51.736511],[19.459061,51.736538],[19.459054,51.73657],[19.459049,51.73659],[19.45896,51.736985],[19.45895,51.737014],[19.458931,51.737058],[19.458917,51.7371],[19.458894,51.737201],[19.458844,51.737426],[19.458829,51.737494],[19.458814,51.737561],[19.458802,51.737618],[19.45875,51.737864],[19.458671,51.73818],[19.458656,51.738238],[19.458651,51.738258],[19.458645,51.738283],[19.458641,51.738302],[19.458591,51.738541],[19.458573,51.738626],[19.458541,51.738775],[19.45852,51.738876],[19.458479,51.739071],[19.45844,51.739257],[19.458434,51.739286],[19.458422,51.73934],[19.458409,51.739406],[19.458397,51.739462],[19.458358,51.739645],[19.458353,51.739668],[19.458349,51.739687],[19.458328,51.739787],[19.458317,51.739842],[19.458312,51.739862],[19.458286,51.739986],[19.458268,51.740074],[19.458197,51.740411],[19.458156,51.740605],[19.458149,51.740641],[19.458144,51.740663],[19.458132,51.74072],[19.458115,51.740797],[19.45811,51.740818],[19.458105,51.74084],[19.458046,51.741106],[19.457981,51.741398],[19.457875,51.74187],[19.457853,51.74197],[19.457826,51.742092],[19.457797,51.742222],[19.457775,51.742319],[19.457736,51.742501],[19.457717,51.742591],[19.457714,51.742604],[19.457691,51.742704],[19.457681,51.742751],[19.457671,51.742796],[19.457624,51.743018],[19.457568,51.743282],[19.457559,51.743323],[19.45754,51.74342],[19.457525,51.743494],[19.457439,51.74391],[19.457416,51.74402],[19.457395,51.744116],[19.457335,51.744395],[19.457324,51.744444],[19.45732,51.744466],[19.457314,51.744489],[19.457246,51.744783],[19.457193,51.745011],[19.457141,51.745238],[19.457052,51.745616],[19.457014,51.745786],[19.457008,51.74581],[19.457004,51.745831],[19.456977,51.745959],[19.456967,51.746008],[19.456947,51.746109],[19.456888,51.746375],[19.456883,51.746393],[19.456855,51.74652],[19.456852,51.746531],[19.456823,51.746654],[19.456777,51.746843],[19.456716,51.7471],[19.456675,51.747299],[19.456672,51.747313],[19.456633,51.747495],[19.456591,51.747699],[19.456459,51.748321],[19.456335,51.748868],[19.456295,51.74904],[19.456286,51.749075],[19.456281,51.749099],[19.45626,51.749185],[19.456234,51.749293],[19.45623,51.749312],[19.456227,51.749326],[19.45615,51.749681],[19.456141,51.749724],[19.456126,51.749794],[19.456097,51.749927],[19.456095,51.749934],[19.456075,51.750026],[19.456046,51.750161],[19.456042,51.75018],[19.456038,51.750198],[19.456034,51.750216],[19.456019,51.750285],[19.456001,51.750366],[19.455983,51.750451],[19.455978,51.750472],[19.455974,51.750491],[19.455971,51.750507],[19.45597,51.750514],[19.455936,51.750663],[19.455926,51.75071],[19.455914,51.75076],[19.45589,51.750879],[19.455872,51.750967],[19.455863,51.751005],[19.455755,51.751472],[19.455748,51.751501],[19.455703,51.751743],[19.455662,51.751921],[19.455645,51.751998],[19.455632,51.752048],[19.455619,51.752104],[19.455601,51.752179],[19.455584,51.752255],[19.455554,51.752382],[19.455532,51.752469],[19.455516,51.752546],[19.455499,51.752623],[19.455473,51.752746],[19.455455,51.752833],[19.455431,51.752943],[19.455323,51.753452],[19.455215,51.753959]]},"properties":{"name":"Wólczańska"}},{"type":"Feature","geometry":{"type":"LineString","coordinates":[[19.451208,51.772266],[19.45123,51.772163],[19.45124,51.772118],[19.451261,51.772021],[19.451274,51.771958],[19.451338,51.771646],[19.451387,51.771423],[19.451452,51.771126],[19.45146,51.771088],[19.45149,51.770949],[19.451498,51.770913],[19.451545,51.770702],[19.451595,51.770478],[19.451633,51.770311],[19.451655,51.770212],[19.451657,51.770203],[19.45166,51.770189],[19.451681,51.770097],[19.451707,51.769982],[19.451716,51.769942],[19.451789,51.769624],[19.451812,51.769522],[19.451838,51.76941],[19.451844,51.769386],[19.451905,51.769113],[19.451963,51.768852],[19.451967,51.768835],[19.451996,51.768705],[19.452014,51.768626],[19.452027,51.76857],[19.452044,51.768493],[19.452074,51.76836]]},"properties":{"name":"Wólczańska"}},{"type":"Feature","geometry":{"type":"LineString","coordinates":[[19.452772,51.76517],[19.452791,51.765068],[19.452807,51.764977],[19.452813,51.764948],[19.452824,51.764899],[19.452832,51.764861],[19.452852,51.76477],[19.452854,51.764763],[19.452893,51.764583],[19.452907,51.764521],[19.452918,51.764471],[19.452922,51.764451],[19.452967,51.764248],[19.452975,51.764213],[19.453007,51.764063],[19.45304,51.763914],[19.453066,51.76379],[19.453069,51.763779],[19.453093,51.763668],[19.453112,51.763589],[19.453137,51.763476],[19.453141,51.763458],[19.453144,51.763445],[19.453148,51.76343],[19.453188,51.763249],[19.453227,51.763082],[19.453238,51.763029],[19.453269,51.762891],[19.453273,51.76287],[19.453309,51.76271],[19.453314,51.762689],[19.453351,51.762513],[19.453363,51.76246],[19.453392,51.762317],[19.45343,51.762131],[19.453436,51.762101],[19.453445,51.762066],[19.453449,51.762048],[19.45346,51.761983],[19.453484,51.761879],[19.453486,51.761868],[19.453491,51.761843],[19.453498,51.761812],[19.453522,51.761704],[19.453574,51.761464],[19.453597,51.76136],[19.453604,51.761329],[19.453621,51.76125],[19.453657,51.761084],[19.453661,51.761065],[19.45368,51.760959],[19.453699,51.760867],[19.453721,51.760769],[19.453727,51.76074],[19.453735,51.760701],[19.453751,51.760631],[19.453753,51.760622],[19.45376,51.760589],[19.453767,51.760556],[19.453775,51.760521],[19.453779,51.760503],[19.453783,51.760488],[19.453792,51.760448],[19.4538,51.760411],[19.453804,51.76039],[19.453828,51.760284],[19.45387,51.760096],[19.453879,51.760052],[19.453902,51.759949],[19.453939,51.759783],[19.453948,51.759737],[19.453997,51.759497],[19.454,51.759482],[19.454016,51.759405],[19.454022,51.759377],[19.454045,51.759266],[19.45405,51.759243],[19.454054,51.759224],[19.454058,51.759205],[19.454061,51.759193],[19.454065,51.759182],[19.45408,51.759123],[19.454114,51.758985],[19.454118,51.758968],[19.454122,51.758949],[19.454148,51.758843],[19.454156,51.758812]]},"properties":{"name":"Wólczańska"}},{"type":"Feature","geometry":{"type":"LineString","coordinates":[[19.460897,51.769084],[19.461009,51.769075],[19.461133,51.76907],[19.461855,51.769047],[19.462263,51.769034],[19.462563,51.769022],[19.462625,51.769019],[19.462807,51.769013],[19.463127,51.769002],[19.463544,51.768989],[19.464144,51.768966],[19.464214,51.768963],[19.464289,51.768963],[19.464359,51.768967],[19.46445,51.768975]]},"properties":{"name":"Generała Romualda Traugutta"}},{"type":"Feature","geometry":{"type":"LineString","coordinates":[[19.467192,51.770242],[19.467163,51.770279],[19.467138,51.770322],[19.467105,51.770408],[19.467095,51.770434],[19.467085,51.77046],[19.467075,51.770484],[19.466983,51.77072],[19.466932,51.770851],[19.466796,51.771199],[19.466791,51.771212],[19.466785,51.771229],[19.466775,51.771254],[19.466768,51.771272],[19.466761,51.77129],[19.466705,51.771433],[19.466697,51.771456],[19.466692,51.771481],[19.466688,51.771503],[19.466685,51.771526],[19.466684,51.771538],[19.466682,51.771564],[19.466678,51.771598],[19.466672,51.771636],[19.466667,51.771655],[19.466657,51.7717],[19.466649,51.771732],[19.466638,51.771782],[19.466626,51.771829],[19.466608,51.771906],[19.466589,51.771986],[19.466554,51.772146],[19.466547,51.772184],[19.466519,51.772304],[19.46648,51.772473],[19.466469,51.772525],[19.466413,51.772771],[19.466404,51.77281],[19.466369,51.772962],[19.46632,51.773166],[19.466297,51.773261],[19.466266,51.773392],[19.466235,51.773516],[19.466231,51.773531],[19.466231,51.773554],[19.466235,51.773567],[19.466258,51.773614]]},"properties":{"name":"Polskiej Organizacji Wojskowej"}},{"type":"Feature","geometry":{"type":"LineString","coordinates":[[19.469377,51.772437],[19.469438,51.772371],[19.469452,51.772349],[19.469582,51.772042],[19.46959,51.772021],[19.469597,51.771999],[19.469599,51.771978],[19.469591,51.771955],[19.469555,51.771899],[19.469548,51.771878],[19.469548,51.771861],[19.469538,51.771877],[19.469521,51.771897],[19.469475,51.771938],[19.469454,51.771962],[19.469443,51.771981],[19.469437,51.772002],[19.469431,51.772024],[19.469423,51.77205],[19.469415,51.772082],[19.469342,51.772342],[19.469345,51.772364],[19.469374,51.77241],[19.469377,51.772437],[19.469343,51.77251],[19.469263,51.772685],[19.469256,51.772703],[19.469249,51.772721],[19.469179,51.772929],[19.469172,51.772951],[19.469075,51.773239],[19.469035,51.773357],[19.469023,51.773396],[19.469018,51.77341],[19.469004,51.773458],[19.468986,51.773526],[19.468981,51.773556],[19.46898,51.77359],[19.468985,51.773641],[19.468996,51.773687],[19.469013,51.773735],[19.469068,51.773859]]},"properties":{"name":"Plac Generała Jana Henryka Dąbrowskiego"}},{"type":"Feature","geometry":{"type":"LineString","coordinates":[[19.469068,51.773859],[19.469127,51.773991],[19.469146,51.774034],[19.469237,51.774239],[19.469253,51.774281],[19.469269,51.774333],[19.469286,51.774418],[19.469299,51.774492],[19.469306,51.774562],[19.469305,51.774694],[19.469302,51.774785],[19.469294,51.774861],[19.469262,51.775034],[19.469242,51.775136],[19.469217,51.775267],[19.469171,51.775509],[19.469122,51.775753],[19.469114,51.775792],[19.469085,51.775928],[19.469079,51.775965],[19.469074,51.776018],[19.469069,51.776074],[19.469065,51.776129],[19.469058,51.776287],[19.469038,51.776427],[19.469014,51.776543],[19.468937,51.776925],[19.468908,51.77707],[19.468905,51.777091],[19.468889,51.777164],[19.468844,51.777391],[19.468838,51.777421],[19.46881,51.77755],[19.468795,51.777625],[19.468759,51.777798],[19.468745,51.77787],[19.468719,51.777989],[19.468716,51.778003],[19.468713,51.778015],[19.468691,51.778125],[19.468677,51.778187],[19.468657,51.778277],[19.468652,51.778303],[19.46862,51.778442],[19.46861,51.778487],[19.468568,51.778675],[19.468468,51.779124],[19.468442,51.779243],[19.468393,51.77946],[19.468354,51.779636],[19.468323,51.779776],[19.468294,51.779908],[19.468287,51.779939],[19.468251,51.7801]]},"properties":{"name":"Doktora Seweryna Sterlinga"}},{"type":"Feature","geometry":{"type":"LineString","coordinates":[[19.477914,51.78093],[19.477826,51.780939],[19.477736,51.780941],[19.477637,51.780936],[19.477122,51.78089],[19.477026,51.780882],[19.476929,51.780873],[19.476812,51.780863],[19.476695,51.780852],[19.476362,51.780823],[19.476268,51.780815],[19.476233,51.780812],[19.476124,51.780802],[19.475922,51.780784],[19.47569,51.780764],[19.47551,51.780748],[19.475426,51.78074],[19.475245,51.780724],[19.475017,51.780704],[19.474718,51.780677],[19.474372,51.780645],[19.473844,51.780597],[19.473651,51.78058],[19.473294,51.780549],[19.47302,51.780525],[19.472495,51.780479],[19.472305,51.780462],[19.472223,51.780455],[19.472092,51.780444],[19.471339,51.780377],[19.471046,51.780351],[19.470968,51.780344],[19.470855,51.780334],[19.470756,51.780325],[19.470603,51.780311],[19.470529,51.780305],[19.470374,51.780291],[19.469913,51.780251],[19.469812,51.780243],[19.469352,51.780203],[19.469026,51.780174],[19.468614,51.780137],[19.468426,51.780119],[19.468405,51.780117],[19.468391,51.780115],[19.468251,51.7801],[19.467836,51.780053],[19.4677,51.780041],[19.467061,51.779982],[19.465737,51.77986],[19.465567,51.779844],[19.465151,51.779806],[19.465071,51.779798],[19.464987,51.779792],[19.464733,51.779773],[19.464044,51.779722],[19.463521,51.779677],[19.463504,51.779676],[19.462989,51.779632],[19.462907,51.779626],[19.462382,51.779578],[19.462368,51.779577],[19.461881,51.779535],[19.461621,51.779514],[19.461588,51.77951],[19.461554,51.779506],[19.461419,51.779493],[19.461397,51.779491]]},"properties":{"name":"Północna"}},{"type":"Feature","geometry":{"type":"LineString","coordinates":[[19.461367,51.779631],[19.461345,51.77963],[19.461298,51.779629],[19.461224,51.77963],[19.46111,51.779629],[19.461072,51.779628],[19.461022,51.779625],[19.460979,51.77962],[19.460725,51.779583],[19.460613,51.77957],[19.459969,51.779512],[19.458143,51.779346],[19.457993,51.779333],[19.457709,51.779308],[19.457583,51.779297],[19.457183,51.779261],[19.457173,51.77926],[19.457137,51.779257],[19.457097,51.779254],[19.457069,51.779251],[19.456882,51.779235],[19.456687,51.779219],[19.455224,51.779089],[19.454656,51.779038],[19.45462,51.779035],[19.45459,51.779032],[19.454546,51.779028],[19.454521,51.779026],[19.454496,51.779024],[19.45424,51.779001],[19.454219,51.779]]},"properties":{"name":"Północna"}},{"type":"Feature","geometry":{"type":"LineString","coordinates":[[19.476911,51.781248],[19.476883,51.781215],[19.476871,51.781194],[19.476866,51.781167],[19.476911,51.780955],[19.476912,51.780944],[19.476929,51.780873]]},"properties":{"name":"Wierzbowa"}},{"type":"Feature","geometry":{"type":"LineString","coordinates":[[19.479564,51.768408],[19.479577,51.768308],[19.479594,51.768223],[19.479598,51.768202],[19.479601,51.768186],[19.479617,51.768142],[19.479694,51.768019],[19.479718,51.767971],[19.479749,51.767806],[19.47979,51.767616],[19.479816,51.767473]]},"properties":{"name":"Wierzbowa"}},{"type":"Feature","geometry":{"type":"LineString","coordinates":[[19.476911,51.781248],[19.476832,51.781273],[19.476413,51.78141],[19.476036,51.781533],[19.4758,51.78161],[19.47483,51.781931],[19.474707,51.781971],[19.473011,51.782577],[19.472772,51.782663],[19.472514,51.782755],[19.471536,51.783105],[19.471435,51.783141],[19.471379,51.783161],[19.471259,51.783204],[19.470983,51.783303],[19.470406,51.783509],[19.469549,51.783816],[19.469353,51.783886],[19.468939,51.784034],[19.468256,51.784279],[19.468096,51.784335],[19.467971,51.784384],[19.467926,51.784402],[19.467797,51.784452],[19.467728,51.784482],[19.467705,51.784492],[19.467668,51.784512],[19.467641,51.784528],[19.467599,51.784555],[19.467575,51.784574],[19.467565,51.784585],[19.467555,51.7846],[19.467546,51.784623],[19.467538,51.784652],[19.467535,51.784676],[19.467538,51.784723],[19.467542,51.784759],[19.467549,51.78479],[19.467579,51.784918],[19.467609,51.785012],[19.467615,51.785052],[19.467619,51.785097],[19.467618,51.785166],[19.467612,51.785226],[19.467611,51.78525],[19.467598,51.785393],[19.467588,51.785633],[19.467598,51.7857],[19.467625,51.785826],[19.467633,51.785864],[19.467641,51.785907],[19.46767,51.786044]]},"properties":{"name":"Źródłowa"}},{"type":"Feature","geometry":{"type":"LineString","coordinates":[[19.481571,51.779776],[19.481436,51.779825],[19.481392,51.779841],[19.481305,51.77987],[19.480713,51.780066],[19.47994,51.780323],[19.47972,51.780394],[19.479312,51.780518],[19.479162,51.780563],[19.479027,51.780603],[19.478192,51.780848],[19.477914,51.78093]]},"properties":{"name":"Źródłowa"}},{"type":"Feature","geometry":{"type":"LineString","coordinates":[[19.47911,51.789036],[19.47906,51.789174],[19.479048,51.789209],[19.47903,51.789259],[19.479016,51.7893],[19.478939,51.789542],[19.478878,51.789742],[19.478767,51.79011],[19.478722,51.790256],[19.478694,51.790348],[19.478646,51.790509],[19.4786,51.790678],[19.478534,51.790895],[19.4785,51.790999],[19.47842,51.791267],[19.478399,51.791338],[19.478318,51.791627],[19.478312,51.79165],[19.478267,51.791789]]},"properties":{"name":"Sporna"}},{"type":"Feature","geometry":{"type":"LineString","coordinates":[[19.477276,51.794725],[19.477388,51.794602],[19.477469,51.794501],[19.47754,51.794397],[19.477568,51.794351],[19.477599,51.794279],[19.477633,51.794178],[19.478083,51.792679],[19.478168,51.792396],[19.478214,51.792222],[19.478238,51.792135],[19.478248,51.792099],[19.478281,51.791893],[19.478267,51.791789],[19.47818,51.791885],[19.478157,51.791951],[19.478112,51.792083],[19.478101,51.792116],[19.478071,51.792203],[19.478009,51.792381],[19.477911,51.79271],[19.477853,51.792918],[19.47777,51.793201],[19.477472,51.794185],[19.477449,51.794252],[19.477413,51.794323],[19.477379,51.794385],[19.47732,51.794465],[19.477262,51.794537],[19.477138,51.794677]]},"properties":{"name":"Sporna"}},{"type":"Feature","geometry":{"type":"LineString","coordinates":[[19.477276,51.794725],[19.477159,51.794863],[19.476992,51.79505],[19.47692,51.795131],[19.476861,51.795217],[19.476849,51.79524],[19.476817,51.795299],[19.476794,51.795346],[19.476776,51.795385],[19.476761,51.795426],[19.476749,51.795469],[19.476739,51.795512],[19.476728,51.795564],[19.476726,51.795585],[19.476724,51.795604],[19.476716,51.795672],[19.476721,51.795758],[19.47673,51.795844],[19.47674,51.795927],[19.476759,51.79608],[19.476773,51.796194],[19.476779,51.79624],[19.476855,51.796833],[19.476865,51.796929],[19.476884,51.797079],[19.476898,51.797194],[19.476907,51.797267],[19.476941,51.797536],[19.476991,51.797933],[19.477025,51.798196],[19.477055,51.798432],[19.477073,51.798579],[19.477082,51.798645],[19.477087,51.798685],[19.477098,51.798755],[19.477101,51.798773],[19.477104,51.798791],[19.477123,51.798928],[19.477139,51.799021],[19.477166,51.799178],[19.477173,51.799217],[19.477185,51.799328],[19.477191,51.799455],[19.477187,51.799557],[19.477186,51.799587],[19.47718,51.799663],[19.477165,51.799873],[19.477164,51.799895],[19.477164,51.799913],[19.477164,51.799931],[19.477169,51.800082],[19.477174,51.800228]]},"properties":{"name":"Zagajnikowa"}},{"type":"Feature","geometry":{"type":"LineString","coordinates":[[19.476978,51.800071],[19.476971,51.79993],[19.47697,51.799912],[19.476969,51.799894],[19.476966,51.799822],[19.476961,51.799759],[19.476926,51.799404],[19.476903,51.799173],[19.476887,51.799021],[19.47688,51.798941],[19.476878,51.798887],[19.476878,51.798843],[19.47688,51.798799],[19.476881,51.79878],[19.476883,51.798762],[19.476895,51.798693],[19.476907,51.798619],[19.476911,51.798577],[19.476844,51.798043],[19.476827,51.797909],[19.476805,51.797736],[19.476789,51.797607],[19.476774,51.797483],[19.476747,51.797273],[19.476738,51.797194],[19.476718,51.797037],[19.476705,51.796937],[19.476694,51.796841],[19.476665,51.796622],[19.476622,51.796245],[19.476603,51.796087],[19.476579,51.795896],[19.476562,51.795751],[19.47656,51.795711],[19.476559,51.795652],[19.47656,51.795638],[19.476562,51.795594],[19.476571,51.795533],[19.476571,51.795528],[19.476586,51.79547],[19.476623,51.795361],[19.47666,51.795279],[19.476725,51.79517],[19.47677,51.795107],[19.477018,51.79481],[19.477138,51.794677]]},"properties":{"name":"Zagajnikowa"}},{"type":"Feature","geometry":{"type":"LineString","coordinates":[[19.477174,51.800228],[19.476986,51.800233],[19.47674,51.800242],[19.476726,51.800243],[19.476711,51.800243],[19.476679,51.800245],[19.476646,51.800246],[19.476383,51.800257],[19.476213,51.800265],[19.475946,51.800276],[19.475367,51.800301],[19.475098,51.800313],[19.474852,51.800325],[19.474609,51.800336],[19.474547,51.800339],[19.474379,51.800346],[19.474305,51.80035],[19.473947,51.800366],[19.473802,51.800373],[19.473572,51.800383],[19.473332,51.800394],[19.473045,51.800407],[19.472888,51.800414],[19.472816,51.800417],[19.472224,51.800444],[19.472164,51.800446],[19.471899,51.800454],[19.471628,51.800461],[19.471597,51.800463],[19.471465,51.800469],[19.471428,51.80047],[19.471253,51.800478],[19.471162,51.800481],[19.471124,51.800483],[19.47085,51.800495],[19.470796,51.800497],[19.470533,51.800508],[19.470492,51.80051],[19.470214,51.800522],[19.470175,51.800524],[19.469894,51.800538],[19.469857,51.800539],[19.469686,51.800548],[19.469584,51.800553],[19.469531,51.800555],[19.469292,51.800566],[19.469166,51.800572],[19.469032,51.800578],[19.468467,51.800602],[19.468415,51.800604],[19.468036,51.800621],[19.467988,51.800623],[19.467679,51.800638],[19.467608,51.800641],[19.467323,51.800654],[19.467271,51.800656],[19.46708,51.800664],[19.466971,51.800669],[19.466923,51.800671],[19.466624,51.800684],[19.466116,51.800705],[19.466054,51.800707],[19.465865,51.800711],[19.465568,51.800717],[19.465538,51.800718],[19.465155,51.80073],[19.465063,51.800734],[19.464957,51.800736],[19.464612,51.800748],[19.464448,51.800754],[19.464213,51.800762],[19.463944,51.800771],[19.46372,51.800779],[19.463367,51.80079],[19.463223,51.800795],[19.463099,51.800799],[19.462481,51.800822],[19.462245,51.80083],[19.462007,51.800838],[19.461921,51.800841],[19.46149,51.800855],[19.461308,51.800862],[19.460995,51.800872],[19.460752,51.80088],[19.460691,51.800882],[19.460618,51.800885],[19.460363,51.800894],[19.460171,51.800901],[19.459748,51.800916],[19.459698,51.80092],[19.459545,51.800935],[19.459311,51.800954],[19.459045,51.800966],[19.458443,51.800987],[19.458227,51.800994],[19.457906,51.801006],[19.457841,51.801009],[19.457788,51.801011],[19.457656,51.801016],[19.457525,51.801021],[19.457487,51.801022],[19.457451,51.801023],[19.457301,51.801029]]},"properties":{"name":"Inflancka"}},{"type":"Feature","geometry":{"type":"LineString","coordinates":[[19.476978,51.800071],[19.47684,51.800071],[19.476724,51.800074],[19.476709,51.800074],[19.476694,51.800074],[19.476661,51.800076],[19.476628,51.800077],[19.476591,51.800079],[19.476088,51.800102],[19.475518,51.800128],[19.475429,51.800132],[19.475144,51.800148],[19.473298,51.800233],[19.472716,51.80026],[19.472461,51.800273],[19.472175,51.800286],[19.472147,51.800287],[19.47189,51.800295],[19.471613,51.800303],[19.471543,51.800305],[19.47128,51.800317],[19.470926,51.800333],[19.469893,51.80038],[19.469425,51.800401],[19.469203,51.80041],[19.469013,51.800418],[19.468599,51.800436],[19.46812,51.800461],[19.466982,51.800504],[19.466523,51.800527],[19.466072,51.800549],[19.466043,51.800551],[19.46585,51.800557],[19.465561,51.800567],[19.465496,51.800569],[19.464934,51.800588],[19.464762,51.800593],[19.464579,51.8006],[19.464147,51.800614],[19.463702,51.800629],[19.463293,51.800644],[19.462943,51.800656],[19.462476,51.800672],[19.461975,51.800689],[19.461634,51.8007],[19.461577,51.800702],[19.461245,51.800713],[19.461062,51.800719],[19.460883,51.800725],[19.460419,51.800741],[19.459996,51.800755],[19.459915,51.800758],[19.459803,51.800761],[19.459693,51.800765],[19.459512,51.800771],[19.459027,51.800788],[19.458862,51.800793],[19.458376,51.80081],[19.457783,51.80083],[19.457751,51.800831],[19.457695,51.800833],[19.457514,51.800839],[19.457381,51.800843],[19.457353,51.800844],[19.457327,51.800845],[19.45725,51.800845],[19.457175,51.800843]]},"properties":{"name":"Inflancka"}},{"type":"Feature","geometry":{"type":"LineString","coordinates":[[19.465476,51.79298],[19.465475,51.793124],[19.465474,51.79317],[19.465474,51.793217],[19.465473,51.793263],[19.465472,51.793388],[19.46547,51.793537],[19.465469,51.793665],[19.465468,51.7937],[19.465464,51.793893],[19.465464,51.793918],[19.465461,51.794022],[19.465459,51.794137],[19.465462,51.794329],[19.465459,51.794551],[19.465453,51.794841],[19.465451,51.794893],[19.46545,51.794948],[19.465449,51.795113],[19.465449,51.795195],[19.46545,51.795363],[19.46545,51.795407],[19.465452,51.795724],[19.465451,51.795873],[19.465452,51.795909],[19.46545,51.796071],[19.465449,51.796143],[19.465448,51.796261],[19.465452,51.796542],[19.465453,51.79658],[19.465457,51.796638],[19.465504,51.797114],[19.465511,51.797203],[19.465514,51.797247],[19.465587,51.797957],[19.4656,51.798086],[19.465649,51.798534],[19.465672,51.79875],[19.465726,51.799259],[19.465747,51.799404],[19.46575,51.799432],[19.465779,51.799661],[19.46579,51.799751],[19.465812,51.799993],[19.465815,51.800021],[19.465817,51.8001],[19.465827,51.800307],[19.465837,51.800424],[19.465841,51.800464],[19.46585,51.800557],[19.465865,51.800711],[19.465874,51.80079],[19.465878,51.800821],[19.465883,51.800862],[19.465885,51.800881],[19.465893,51.800957],[19.465901,51.801025],[19.465908,51.801098],[19.465922,51.801257],[19.465938,51.801392],[19.465939,51.801401],[19.465954,51.801535],[19.465963,51.801606]]},"properties":{"name":"Marysińska"}},{"type":"Feature","geometry":{"type":"LineString","coordinates":[[19.644175,51.722267],[19.644236,51.722295],[19.644241,51.722297],[19.644265,51.722305],[19.644293,51.722313],[19.644312,51.722317],[19.644373,51.722327],[19.644524,51.722346],[19.644659,51.722361],[19.64486,51.722384],[19.644899,51.722389],[19.645353,51.722443],[19.645477,51.722457],[19.645756,51.72249],[19.645912,51.722508],[19.646455,51.722573],[19.646582,51.722587],[19.646983,51.72263],[19.647536,51.722693],[19.648095,51.722755],[19.648481,51.7228],[19.648863,51.722845],[19.64935,51.722901],[19.650334,51.72301],[19.650477,51.723027],[19.65201,51.723211],[19.65303,51.723328],[19.653811,51.723422],[19.6541,51.723457],[19.654827,51.723543],[19.655087,51.723578],[19.655325,51.723616],[19.655709,51.723684],[19.656526,51.723847],[19.656865,51.723913],[19.657161,51.723979],[19.657395,51.724043],[19.65751,51.72408],[19.657683,51.724134],[19.657758,51.72416],[19.658274,51.724365],[19.658461,51.724441],[19.659138,51.724714],[19.659295,51.724776],[19.659363,51.724803],[19.659379,51.724809],[19.6599,51.725016],[19.660134,51.725112],[19.660183,51.725132],[19.660864,51.725423],[19.661277,51.725616],[19.661505,51.725717],[19.661612,51.725766]]},"properties":{"name":"Marysińska"}},{"type":"Feature","geometry":{"type":"LineString","coordinates":[[19.46767,51.786044],[19.467675,51.786129],[19.467678,51.786203],[19.467673,51.78624],[19.467667,51.786279],[19.467669,51.786321],[19.467673,51.786357],[19.467686,51.786426],[19.467701,51.786474],[19.467712,51.786506],[19.467764,51.786617],[19.467809,51.786709],[19.467821,51.786733],[19.467847,51.786807],[19.467867,51.786884],[19.467886,51.787204],[19.467886,51.787669],[19.467886,51.787717],[19.467886,51.788231],[19.467886,51.788315],[19.467886,51.7884],[19.467887,51.788593],[19.467887,51.788638],[19.46789,51.788806],[19.467891,51.788852],[19.467892,51.788915],[19.467898,51.789214],[19.4679,51.789331],[19.467901,51.789368],[19.467903,51.789534],[19.467906,51.789736],[19.467907,51.789842],[19.467908,51.790096],[19.467905,51.790149],[19.467902,51.790204],[19.46789,51.790285],[19.467872,51.790359],[19.467844,51.790452],[19.467784,51.790618],[19.467776,51.790657],[19.467778,51.790693],[19.467794,51.790723]]},"properties":{"name":"Obrońców Westerplatte"}},{"type":"Feature","geometry":{"type":"LineString","coordinates":[[19.455901,51.750276],[19.456019,51.750285]]},"properties":{"name":"Jerzego Potza"}},{"type":"Feature","geometry":{"type":"LineString","coordinates":[[19.456001,51.750366],[19.455867,51.750344]]},"properties":{"name":"Jerzego Potza"}},{"type":"Feature","geometry":{"type":"LineString","coordinates":[[19.497824,51.774658],[19.497863,51.7746],[19.497921,51.774535],[19.498027,51.774438],[19.498169,51.77433],[19.498249,51.774267]]},"properties":{"name":"Konstytucyjna"}},{"type":"Feature","geometry":{"type":"LineString","coordinates":[[19.499324,51.770936],[19.499275,51.770977],[19.499236,51.771028],[19.499214,51.771086],[19.499139,51.771419],[19.499103,51.771579],[19.499087,51.771649],[19.499064,51.771748],[19.499062,51.771771],[19.499065,51.771858],[19.499063,51.771875],[19.498782,51.773095],[19.498633,51.773753],[19.49862,51.7738],[19.498599,51.773857],[19.498561,51.773929],[19.498527,51.773981],[19.498482,51.774036],[19.498417,51.774105],[19.498249,51.774267],[19.498167,51.774378],[19.498111,51.774474],[19.49807,51.774556],[19.498042,51.774624],[19.498018,51.77473]]},"properties":{"name":"Konstytucyjna"}},{"type":"Feature","geometry":{"type":"LineString","coordinates":[[19.497798,51.774903],[19.497826,51.774979],[19.497882,51.775067],[19.497942,51.775142],[19.498025,51.775223],[19.498088,51.775287],[19.498365,51.775664],[19.498423,51.775748],[19.498485,51.775851],[19.498539,51.775957],[19.498579,51.776054],[19.498642,51.776221],[19.498679,51.776318],[19.498716,51.776417],[19.498878,51.776933],[19.498933,51.777116],[19.498957,51.777191],[19.498964,51.777216],[19.498993,51.777342]]},"properties":{"name":"Konstytucyjna"}},{"type":"Feature","geometry":{"type":"LineString","coordinates":[[19.499324,51.770936],[19.499442,51.770925],[19.499569,51.770923],[19.499711,51.77093],[19.500233,51.770975],[19.500936,51.771037],[19.501957,51.771125],[19.502983,51.771213],[19.503369,51.771252],[19.503537,51.771277],[19.503709,51.771307],[19.50489,51.771537],[19.504967,51.77155]]},"properties":{"name":"Stanisława Małachowskiego"}},{"type":"Feature","geometry":{"type":"LineString","coordinates":[[19.505335,51.771552],[19.505278,51.771561],[19.505247,51.771563],[19.505212,51.771561],[19.505105,51.771551],[19.504967,51.77155],[19.505082,51.771594],[19.505207,51.771621],[19.505271,51.771635],[19.505331,51.771652]]},"properties":{"name":"Stanisława Małachowskiego"}},{"type":"Feature","geometry":{"type":"LineString","coordinates":[[19.509268,51.77583],[19.509436,51.775896],[19.509526,51.77594],[19.509573,51.775971],[19.509601,51.776005],[19.509618,51.77604],[19.509621,51.776077],[19.509609,51.776113],[19.509608,51.77615],[19.509618,51.776173],[19.50964,51.776192],[19.509687,51.776222],[19.509708,51.776248],[19.509718,51.776269],[19.509723,51.776294],[19.509721,51.776325],[19.509713,51.776354],[19.509664,51.776454],[19.509628,51.776527],[19.509604,51.776559],[19.509568,51.776591],[19.509526,51.776623],[19.509475,51.776663],[19.509417,51.776692],[19.507871,51.777291],[19.507779,51.777316],[19.507684,51.777326],[19.507595,51.777322],[19.507503,51.777305],[19.507431,51.777282],[19.507366,51.777246],[19.507307,51.777198],[19.507271,51.777148],[19.507255,51.777098],[19.507255,51.77704],[19.507383,51.776587],[19.507412,51.776474],[19.50748,51.776234],[19.507485,51.776216],[19.507538,51.776033],[19.507563,51.775985],[19.507598,51.775941],[19.507614,51.775904]]},"properties":{"name":"Poronińska"}},{"type":"Feature","geometry":{"type":"LineString","coordinates":[[19.521504,51.774965],[19.521555,51.774983],[19.521581,51.774997],[19.521607,51.775018],[19.521633,51.775048],[19.52164,51.775056],[19.521646,51.775064],[19.521656,51.775076],[19.521666,51.775088],[19.521692,51.775116],[19.521717,51.775134],[19.521761,51.775161],[19.521792,51.775183],[19.521867,51.775266],[19.521942,51.775339],[19.521987,51.775381],[19.52202,51.775419],[19.522051,51.775464],[19.522071,51.775511],[19.522086,51.775563],[19.522094,51.775616],[19.522097,51.775673],[19.522087,51.775922],[19.522087,51.775985],[19.52209,51.776043],[19.522099,51.776102],[19.522111,51.776163],[19.522133,51.776244],[19.522311,51.776763],[19.522402,51.777031],[19.522455,51.777187],[19.522571,51.777528],[19.522766,51.778104],[19.522774,51.778153],[19.522763,51.778204],[19.522731,51.778246]]},"properties":{"name":"Krokusowa"}},{"type":"Feature","geometry":{"type":"LineString","coordinates":[[19.522731,51.778246],[19.522677,51.778279],[19.522614,51.778306],[19.521748,51.778616],[19.52171,51.778633],[19.521675,51.778657],[19.521642,51.778688]]},"properties":{"name":"Pszczyńska"}},{"type":"Feature","geometry":{"type":"LineString","coordinates":[[19.521642,51.778688],[19.521631,51.778712],[19.521624,51.778739],[19.521623,51.778785],[19.521625,51.778794],[19.521714,51.779303],[19.521801,51.779815],[19.521888,51.78029],[19.52226,51.782409],[19.522308,51.782682],[19.522336,51.782845],[19.522348,51.782926],[19.522357,51.783023],[19.522358,51.783086],[19.522358,51.78312],[19.522352,51.783193],[19.522345,51.783245],[19.522344,51.783278],[19.522353,51.783339],[19.522435,51.783791],[19.522738,51.785512],[19.522752,51.785622],[19.522759,51.785745],[19.522751,51.785866],[19.522745,51.785961],[19.522743,51.786067],[19.522749,51.786143],[19.522788,51.786451],[19.522832,51.7868],[19.522847,51.786866],[19.522859,51.786905],[19.522873,51.786933],[19.522894,51.786961],[19.523162,51.78722],[19.523177,51.787238],[19.523363,51.787411],[19.523449,51.787492],[19.523493,51.787548],[19.523514,51.78759],[19.523529,51.787641],[19.523553,51.787804],[19.523558,51.787839],[19.52359,51.788055],[19.523604,51.788126],[19.523639,51.788305],[19.523681,51.788528],[19.523714,51.788702],[19.523744,51.788864],[19.523805,51.789186],[19.52384,51.789371],[19.523847,51.789408],[19.523886,51.789613],[19.523946,51.789931],[19.523983,51.790127],[19.523999,51.790216],[19.524023,51.790341],[19.524093,51.790712],[19.524095,51.790723],[19.524115,51.790826],[19.524147,51.790998],[19.524152,51.791026],[19.524156,51.791046],[19.524169,51.791118],[19.524183,51.791192],[19.524187,51.791214],[19.524189,51.79123],[19.524253,51.791564],[19.524281,51.791716],[19.52431,51.791896],[19.524323,51.791973],[19.524335,51.792048],[19.524336,51.792082],[19.524326,51.792114],[19.52431,51.792137],[19.524288,51.792154],[19.524254,51.79217],[19.524212,51.792183],[19.524168,51.792192],[19.524098,51.792201],[19.523991,51.792209],[19.523956,51.792215],[19.523922,51.792226],[19.523886,51.792248],[19.523852,51.792274],[19.523829,51.7923],[19.523814,51.792321],[19.523802,51.79235],[19.5238,51.792373],[19.523803,51.792405],[19.523837,51.792576],[19.523862,51.792685],[19.523873,51.792733],[19.52388,51.792765],[19.523918,51.792934],[19.523961,51.79312],[19.523978,51.793198],[19.523995,51.793269],[19.524029,51.793418],[19.524045,51.793492],[19.52408,51.793642],[19.524103,51.793746],[19.524123,51.793833],[19.524144,51.793927],[19.524165,51.794018],[19.524257,51.794421],[19.524305,51.794632],[19.524343,51.794798],[19.524362,51.794885],[19.524401,51.795054],[19.52445,51.795271],[19.524465,51.795339],[19.524535,51.795653],[19.524544,51.795693],[19.524587,51.795886],[19.524605,51.795965],[19.524643,51.796137],[19.524707,51.796425],[19.524733,51.796538]]},"properties":{"name":"Janosika"}},{"type":"Feature","geometry":{"type":"LineString","coordinates":[[19.52567,51.782861],[19.52553,51.782875],[19.525153,51.782913],[19.525032,51.782924],[19.52448,51.782981],[19.524458,51.782983],[19.523745,51.783053],[19.523618,51.783066],[19.522553,51.783172],[19.522352,51.783193],[19.522141,51.783215],[19.521916,51.783237],[19.521242,51.783305],[19.521005,51.783339],[19.520761,51.783366],[19.520599,51.783369],[19.520474,51.783371],[19.520437,51.783369],[19.520285,51.78336],[19.520105,51.783341],[19.520007,51.78332],[19.519892,51.783295],[19.518947,51.783095],[19.517775,51.78286],[19.516597,51.782615],[19.515752,51.782443],[19.515391,51.78238],[19.515247,51.78236],[19.515227,51.782357],[19.515102,51.782338],[19.514981,51.78232],[19.51453,51.782256],[19.513772,51.782174],[19.513727,51.78217],[19.513238,51.782135],[19.512902,51.782115],[19.512343,51.782096],[19.511999,51.782087],[19.511784,51.782082],[19.511214,51.782112],[19.510652,51.78215],[19.510209,51.782179],[19.510078,51.782188],[19.509856,51.782203],[19.509512,51.782226],[19.509158,51.782251],[19.508744,51.782282],[19.50827,51.782321],[19.507486,51.782385],[19.507457,51.782388],[19.507084,51.782419],[19.506919,51.782433],[19.506582,51.782461],[19.505447,51.782555],[19.504648,51.782621],[19.504235,51.782655],[19.504142,51.782663],[19.504031,51.782668],[19.503555,51.782694],[19.503257,51.782706],[19.503166,51.782711],[19.502972,51.782723],[19.502546,51.782769],[19.5024,51.78278],[19.502315,51.78278],[19.502221,51.782774],[19.502061,51.782751],[19.501972,51.782739],[19.501887,51.782733],[19.501798,51.782731],[19.501721,51.782736],[19.501646,51.782743],[19.50153,51.78276],[19.50122,51.782805],[19.50103,51.782833],[19.500883,51.782855],[19.500732,51.782876],[19.500637,51.782886],[19.500547,51.782895],[19.500246,51.782912],[19.500158,51.782914],[19.499998,51.782912],[19.499825,51.782905],[19.498877,51.782853],[19.496397,51.782713],[19.496361,51.78271],[19.496166,51.782698],[19.49573,51.782673],[19.495672,51.782672],[19.495584,51.782672],[19.4955,51.782676],[19.495405,51.782685],[19.495364,51.782691],[19.495259,51.782706],[19.494858,51.782767],[19.494339,51.782849],[19.493904,51.782915],[19.493857,51.782922],[19.493786,51.782933],[19.493722,51.782943],[19.493213,51.783021],[19.492723,51.783104],[19.492666,51.783114],[19.492519,51.783136],[19.491131,51.78335],[19.490936,51.783381],[19.49084,51.783392],[19.49074,51.783399],[19.490652,51.783404],[19.490569,51.783406],[19.490492,51.783405],[19.49042,51.783403],[19.49023,51.783394],[19.489992,51.783369],[19.48901,51.78326],[19.488782,51.783235],[19.48864,51.78322],[19.488471,51.7832],[19.488416,51.783194],[19.487584,51.783098],[19.486774,51.783004],[19.486739,51.783],[19.485454,51.782846],[19.485366,51.782835],[19.484886,51.782777],[19.48484,51.782771],[19.484611,51.782745],[19.484376,51.782721],[19.484174,51.782707],[19.483997,51.782698],[19.483838,51.782692],[19.483658,51.78269],[19.483564,51.782727],[19.483516,51.782737],[19.483477,51.782738],[19.483438,51.782739],[19.483398,51.78274],[19.483372,51.78274],[19.483346,51.782741],[19.48314,51.782745],[19.482916,51.78275]]},"properties":{"name":"Telefoniczna"}},{"type":"Feature","geometry":{"type":"LineString","coordinates":[[19.483133,51.782653],[19.483345,51.782648],[19.483371,51.782647],[19.483397,51.782647],[19.483438,51.782646],[19.483476,51.782645],[19.483511,51.782647],[19.483549,51.782654],[19.483658,51.78269]]},"properties":{"name":"Telefoniczna"}},{"type":"Feature","geometry":{"type":"LineString","coordinates":[[19.527966,51.778758],[19.527825,51.778853],[19.527734,51.778884],[19.527622,51.778913],[19.52739,51.779008],[19.527323,51.77904],[19.527244,51.779106],[19.527225,51.77914],[19.527044,51.779467],[19.526795,51.779918],[19.526549,51.780363],[19.526535,51.780388],[19.526481,51.780491],[19.526438,51.780581],[19.526294,51.780867],[19.526279,51.780895],[19.52585,51.781746],[19.525849,51.781775],[19.52584,51.78191],[19.525798,51.782003],[19.52565,51.782291],[19.525617,51.782365],[19.525602,51.782436],[19.525602,51.782513],[19.525632,51.782668],[19.525663,51.782825],[19.52567,51.782861]]},"properties":{"name":"Pieniny"}},{"type":"Feature","geometry":{"type":"LineString","coordinates":[[19.526569,51.774417],[19.526595,51.774498],[19.526784,51.775068],[19.527182,51.776273],[19.527643,51.777666],[19.527749,51.777985],[19.527783,51.778077],[19.527912,51.778474],[19.527961,51.778621],[19.52798,51.778677],[19.527966,51.778758]]},"properties":{"name":"Giewont"}},{"type":"Feature","geometry":{"type":"LineString","coordinates":[[19.574177,51.759271],[19.574121,51.759391],[19.573845,51.760055],[19.573727,51.760307],[19.573471,51.760796],[19.57338,51.761014],[19.573334,51.761165],[19.57331,51.761281],[19.573297,51.761432],[19.573267,51.761786],[19.573217,51.762386],[19.573174,51.762868],[19.573135,51.763329],[19.573108,51.763581],[19.573069,51.763841],[19.573041,51.764015],[19.573008,51.764175],[19.572957,51.764366],[19.572853,51.764737],[19.572841,51.76478],[19.572827,51.76483],[19.57248,51.766065],[19.572263,51.766836],[19.572153,51.767216],[19.571999,51.767702],[19.571923,51.767961],[19.571682,51.768941],[19.571597,51.76925],[19.571493,51.769609],[19.57141,51.769885],[19.571342,51.770084],[19.571299,51.770192]]},"properties":{"name":"Frezjowa"}},{"type":"Feature","geometry":{"type":"LineString","coordinates":[[19.574177,51.759271],[19.575781,51.758959],[19.576353,51.758847]]},"properties":{"name":"Kosodrzewiny"}},{"type":"Feature","geometry":{"type":"LineString","coordinates":[[19.576353,51.758847],[19.576431,51.758773],[19.576487,51.758702],[19.576735,51.758302],[19.576748,51.75828],[19.576864,51.758102],[19.576942,51.757987],[19.577134,51.757734],[19.577192,51.757649],[19.57723,51.757572],[19.577259,51.757498],[19.57729,51.757389],[19.577316,51.757272],[19.577324,51.757231],[19.57733,51.757205],[19.577336,51.757176],[19.577345,51.757136],[19.577357,51.757083],[19.577375,51.757031],[19.577401,51.756977],[19.57744,51.756917],[19.577494,51.756843],[19.577639,51.756666],[19.577855,51.756404],[19.578403,51.755632],[19.578938,51.75485],[19.579425,51.754161],[19.579548,51.753988],[19.579575,51.753948],[19.579715,51.753747],[19.579758,51.753681],[19.579786,51.753628],[19.579799,51.753588],[19.579803,51.753551],[19.579802,51.753517],[19.579802,51.753499],[19.5798,51.753475],[19.579795,51.753448],[19.579785,51.753418],[19.579712,51.75326],[19.579701,51.753235],[19.57969,51.753211]]},"properties":{"name":"Transmisyjna"}},{"type":"Feature","geometry":{"type":"LineString","coordinates":[[19.57945,51.753138],[19.579517,51.753146],[19.579583,51.753162],[19.57963,51.753177],[19.579669,51.753195],[19.57969,51.753211],[19.579691,51.753191],[19.579691,51.753185],[19.579704,51.75316],[19.579722,51.753136],[19.579753,51.753103],[19.579784,51.753077]]},"properties":{"name":"Transmisyjna"}},{"type":"Feature","geometry":{"type":"LineString","coordinates":[[19.520796,51.763882],[19.522027,51.763653],[19.522431,51.763578],[19.523757,51.763336],[19.524345,51.763228],[19.525129,51.763084],[19.525161,51.763079],[19.525773,51.762968],[19.526323,51.762866],[19.526658,51.762805],[19.52698,51.762746],[19.527279,51.762692],[19.527433,51.762664],[19.527451,51.76266],[19.527782,51.7626],[19.528048,51.762552],[19.528645,51.762443],[19.528964,51.762385],[19.529329,51.762318],[19.52941,51.762304],[19.529699,51.762251],[19.529946,51.762205],[19.530238,51.762151],[19.530499,51.762104],[19.53078,51.762053],[19.531913,51.761848],[19.531995,51.761833],[19.532033,51.761826],[19.5331,51.761633],[19.533173,51.76162],[19.533231,51.761611],[19.533528,51.761555],[19.533851,51.761506],[19.534365,51.761438],[19.534825,51.761393],[19.535411,51.761342],[19.536109,51.761282],[19.53614,51.761279],[19.536171,51.761276],[19.536192,51.761274],[19.536212,51.761272],[19.536435,51.761251]]},"properties":{"name":"Rokicińska"}},{"type":"Feature","geometry":{"type":"LineString","coordinates":[[19.520124,51.763621],[19.520523,51.763589],[19.520855,51.763554],[19.521052,51.763533],[19.521419,51.763492],[19.521649,51.763459],[19.521988,51.76341],[19.522392,51.763344],[19.522901,51.76325],[19.523158,51.763203],[19.52397,51.763056],[19.524487,51.762961],[19.525979,51.762694],[19.526402,51.762616],[19.527262,51.762459],[19.527542,51.762407],[19.527894,51.762343],[19.528649,51.762205],[19.528855,51.762168],[19.529358,51.762077],[19.530817,51.761812],[19.532819,51.761442],[19.532951,51.761418],[19.533211,51.761366],[19.533474,51.761312],[19.533697,51.761261],[19.533902,51.761211],[19.534194,51.761131],[19.534563,51.761021],[19.534694,51.760976],[19.535157,51.760822],[19.535816,51.760609],[19.535857,51.760596],[19.535886,51.760587],[19.535914,51.760578],[19.535932,51.760572],[19.535949,51.760567],[19.536194,51.760498]]},"properties":{"name":"Rokicińska"}},{"type":"Feature","geometry":{"type":"LineString","coordinates":[[19.537357,51.760279],[19.537568,51.760258],[19.537589,51.760257],[19.537609,51.760255],[19.53764,51.760252],[19.537671,51.760249],[19.538161,51.760213],[19.538755,51.760172],[19.540007,51.760085],[19.540493,51.760043],[19.540787,51.760013],[19.541008,51.759981],[19.54126,51.759945]]},"properties":{"name":"Rokicińska"}},{"type":"Feature","geometry":{"type":"LineString","coordinates":[[19.546797,51.758909],[19.547092,51.758851],[19.548183,51.758648],[19.548652,51.758546],[19.5491,51.758434],[19.549551,51.758307],[19.551233,51.757825],[19.551413,51.757776],[19.551789,51.757683],[19.5522,51.757589],[19.552614,51.757505],[19.553166,51.757407],[19.553205,51.7574],[19.553239,51.757395],[19.553271,51.75739],[19.553294,51.757387],[19.553311,51.757384],[19.553532,51.75735],[19.553753,51.757318],[19.553773,51.757315],[19.553798,51.757312],[19.55383,51.757307],[19.553859,51.757304],[19.554549,51.757219],[19.554912,51.757182],[19.555771,51.757099],[19.556379,51.757036],[19.556758,51.756983],[19.556984,51.756944],[19.55741,51.756858],[19.557687,51.756797],[19.558376,51.75662],[19.558902,51.756499],[19.559342,51.756416],[19.559512,51.756381],[19.559705,51.756349],[19.56056,51.756213],[19.561087,51.756151],[19.561608,51.756099],[19.562027,51.756045],[19.562428,51.755988],[19.562846,51.755913],[19.564109,51.755684],[19.564954,51.755532],[19.565328,51.755464],[19.565574,51.755419],[19.565588,51.755416],[19.565605,51.755413],[19.56565,51.755405],[19.565678,51.7554],[19.566271,51.755291],[19.566686,51.755216],[19.569635,51.754674],[19.5707,51.754487],[19.572596,51.754142],[19.573164,51.754038],[19.574467,51.753798],[19.574547,51.753783],[19.574626,51.753769],[19.57487,51.753724],[19.574967,51.753707],[19.57501,51.7537],[19.575058,51.753691],[19.575346,51.753637],[19.575387,51.75363],[19.575561,51.753596],[19.575989,51.753521],[19.576316,51.753463],[19.576631,51.753408],[19.577172,51.753309],[19.577296,51.753286],[19.578641,51.753038],[19.580266,51.75274],[19.581009,51.752604],[19.581441,51.752527],[19.581777,51.752464],[19.581935,51.752435],[19.58216,51.752393],[19.582293,51.752368],[19.58254,51.752324],[19.582604,51.752313],[19.582618,51.75231],[19.582632,51.752307],[19.58322,51.752198],[19.585921,51.751704],[19.58695,51.751515],[19.587204,51.751465],[19.5874,51.751426],[19.587798,51.751343],[19.588087,51.751277],[19.588519,51.751178],[19.588609,51.751158],[19.589072,51.751045],[19.589349,51.75098],[19.589362,51.750977],[19.589372,51.750974],[19.589395,51.750969],[19.589432,51.750961],[19.589659,51.75091],[19.589735,51.750894],[19.589824,51.750878],[19.58993,51.750865],[19.589999,51.750856],[19.590061,51.750849],[19.59026,51.750838],[19.5903,51.750835],[19.590328,51.750834],[19.590488,51.750825],[19.590937,51.750802],[19.591328,51.75078],[19.591691,51.750763],[19.591947,51.750751],[19.592226,51.750737],[19.592297,51.750732],[19.592567,51.750716],[19.592766,51.750697],[19.592961,51.750683],[19.593064,51.750663],[19.59319,51.75064],[19.593275,51.750626],[19.593449,51.750593],[19.593698,51.750548],[19.593882,51.750507],[19.593976,51.750483],[19.594095,51.750447],[19.594244,51.750395],[19.594444,51.750315],[19.594639,51.750218],[19.594728,51.750169],[19.595162,51.749927],[19.595296,51.74985],[19.59547,51.749755],[19.595709,51.749622],[19.595747,51.749601],[19.596636,51.749101],[19.596781,51.74902],[19.597328,51.748716],[19.598082,51.748293],[19.598159,51.74825],[19.598399,51.748115],[19.598492,51.748062],[19.598652,51.747972],[19.598901,51.747832],[19.59913,51.747704],[19.599146,51.747695],[19.599382,51.747564],[19.599891,51.747282],[19.599901,51.747276],[19.600073,51.747179],[19.600541,51.746914],[19.600698,51.746826],[19.600816,51.74676],[19.601176,51.746558],[19.601411,51.746427],[19.601641,51.746298],[19.601687,51.746272],[19.601964,51.746117],[19.602055,51.746067],[19.602171,51.746001],[19.602233,51.745966],[19.602597,51.745763],[19.602608,51.745757],[19.60271,51.7457],[19.603625,51.745181],[19.603721,51.74513],[19.603883,51.745039],[19.604027,51.744957],[19.604051,51.744944],[19.604623,51.744624],[19.604767,51.744544],[19.605208,51.744296],[19.605308,51.744241],[19.605403,51.744188],[19.605971,51.743879],[19.606081,51.743821],[19.606094,51.743813],[19.606399,51.743643],[19.607436,51.743065],[19.607488,51.743036],[19.608239,51.74261],[19.608434,51.742503],[19.608663,51.742377],[19.608833,51.742283],[19.609016,51.742183],[19.609187,51.742084],[19.609629,51.741839],[19.609729,51.741782],[19.609773,51.741757],[19.609908,51.741681],[19.610124,51.741558],[19.610252,51.741486],[19.610536,51.741327],[19.610914,51.741114],[19.611311,51.74089],[19.611451,51.740812],[19.611495,51.740788],[19.611519,51.740775],[19.611642,51.740707],[19.611855,51.740591],[19.612006,51.740504],[19.61215,51.740422],[19.612349,51.740312],[19.612403,51.740282],[19.612441,51.740261],[19.612833,51.740043],[19.613042,51.739926],[19.613106,51.739889],[19.613517,51.739656],[19.613623,51.739596],[19.613792,51.739501],[19.613951,51.739411],[19.61396,51.739406],[19.614161,51.739292],[19.61441,51.739152],[19.61446,51.739123],[19.614625,51.73903],[19.614634,51.739025],[19.615034,51.738799],[19.615073,51.738777],[19.615212,51.738699],[19.615262,51.738671],[19.615592,51.738483],[19.615597,51.73848],[19.615633,51.738459],[19.615772,51.73838],[19.615815,51.738356],[19.615932,51.73829],[19.615966,51.738271],[19.616228,51.738122],[19.61631,51.738076],[19.616394,51.738028],[19.616414,51.738017],[19.616626,51.737897],[19.616645,51.737887],[19.616684,51.737864],[19.61676,51.737821],[19.61699,51.737687],[19.61703,51.737666],[19.617037,51.737662],[19.617198,51.737571],[19.617325,51.737499],[19.617567,51.73736],[19.617685,51.737293],[19.617937,51.737152],[19.618073,51.737072],[19.618084,51.737065],[19.618272,51.736959],[19.618358,51.736911],[19.618473,51.736846],[19.618539,51.736809],[19.618623,51.736761],[19.618765,51.736681],[19.619125,51.736477],[19.619843,51.736081],[19.619852,51.736075],[19.620205,51.735876],[19.620268,51.73584],[19.620529,51.735694],[19.620815,51.735533],[19.62101,51.735424],[19.621256,51.735287],[19.621553,51.735119],[19.621922,51.734911],[19.621943,51.734899],[19.62212,51.7348],[19.622481,51.734596],[19.622519,51.734575],[19.622602,51.734528],[19.622655,51.734499],[19.623078,51.734261],[19.6232,51.734191],[19.623281,51.734145],[19.623345,51.734108],[19.62358,51.733975],[19.62384,51.733827],[19.624349,51.733537],[19.624429,51.733492],[19.624552,51.733422],[19.624694,51.733342],[19.624927,51.73321],[19.624966,51.733188],[19.62503,51.733153],[19.625076,51.733128],[19.625156,51.733085],[19.625655,51.732804],[19.625799,51.732723],[19.625921,51.732654],[19.625977,51.732622],[19.626507,51.732326],[19.627085,51.731998],[19.62713,51.731973],[19.627249,51.731905],[19.627326,51.731861],[19.627805,51.73159],[19.628122,51.731407],[19.628149,51.731392],[19.628174,51.731377],[19.628288,51.731312],[19.628622,51.731122],[19.628838,51.731],[19.628914,51.730953],[19.628995,51.730905],[19.629097,51.730843],[19.629148,51.730813],[19.629231,51.730766],[19.629382,51.730679],[19.629411,51.730662],[19.629661,51.730519],[19.629702,51.730495],[19.629911,51.730375],[19.630095,51.73027],[19.630225,51.730195],[19.630546,51.73001],[19.6306,51.729979],[19.630607,51.729975],[19.630733,51.729903],[19.631016,51.72974],[19.631575,51.729413],[19.631585,51.729407],[19.631877,51.729244],[19.632017,51.729164],[19.632315,51.728995],[19.63259,51.728837],[19.632631,51.728814],[19.632671,51.728792],[19.632839,51.728696],[19.632982,51.728614],[19.633075,51.72856],[19.633111,51.72854],[19.633202,51.728489],[19.63333,51.728415],[19.633368,51.728393],[19.633374,51.72839],[19.63383,51.728131],[19.633839,51.728126],[19.633874,51.728106],[19.634081,51.727988],[19.63409,51.727982],[19.634299,51.727864],[19.634345,51.727837],[19.634409,51.727801],[19.634658,51.72766],[19.634868,51.72754],[19.6349,51.727522],[19.635068,51.727426],[19.635216,51.727343],[19.635437,51.727217],[19.635661,51.72709],[19.635873,51.726969],[19.635976,51.726913],[19.636165,51.726805],[19.636238,51.726763],[19.636429,51.726654],[19.636448,51.726642],[19.636711,51.726494],[19.636745,51.726475],[19.63685,51.726416],[19.637009,51.726324],[19.637139,51.726251],[19.637438,51.726066],[19.637624,51.725962],[19.637727,51.725905],[19.638003,51.725751],[19.63848,51.725479],[19.638655,51.725389],[19.638823,51.725304],[19.638923,51.725247],[19.639207,51.725087],[19.639278,51.725047],[19.639528,51.724905],[19.639704,51.724806],[19.63982,51.724741],[19.639854,51.724721],[19.639887,51.724703],[19.640083,51.724592],[19.640195,51.724525],[19.64046,51.724365],[19.642143,51.723423],[19.642271,51.723353],[19.642521,51.723212],[19.642616,51.723159],[19.642652,51.723138],[19.642921,51.722988],[19.643017,51.722931],[19.643163,51.722846],[19.643207,51.722821],[19.64345,51.722683],[19.643509,51.722649],[19.643537,51.722633],[19.643819,51.722472],[19.643854,51.722452],[19.644037,51.722347],[19.644175,51.722267],[19.644245,51.722229],[19.644256,51.722221],[19.644479,51.722049],[19.644582,51.721958],[19.644667,51.721869],[19.644679,51.721856],[19.644692,51.72184],[19.64475,51.721762],[19.644829,51.721669],[19.644919,51.721551],[19.644998,51.721453],[19.645211,51.721173],[19.645297,51.721055],[19.645302,51.721049],[19.645686,51.720526],[19.645836,51.72033],[19.645846,51.720316],[19.646198,51.719852],[19.646201,51.719847],[19.646341,51.719663],[19.646558,51.719377],[19.64664,51.71927],[19.646788,51.719072],[19.646868,51.718969],[19.646958,51.718851],[19.647093,51.718672],[19.647097,51.718668],[19.647291,51.718412],[19.647663,51.717922],[19.647778,51.717768],[19.647885,51.717623],[19.647953,51.717532],[19.647993,51.717479],[19.648082,51.717359],[19.648187,51.717222],[19.648205,51.717199],[19.648279,51.717103],[19.648415,51.716923],[19.648464,51.716853],[19.648476,51.716838],[19.64851,51.716793],[19.648726,51.716503],[19.648809,51.716388],[19.648884,51.716285]]},"properties":{"name":"Rokicińska"}},{"type":"Feature","geometry":{"type":"LineString","coordinates":[[19.546885,51.759113],[19.548342,51.758847],[19.548621,51.758799],[19.549019,51.758735],[19.54947,51.758679],[19.54975,51.758647],[19.549917,51.758631],[19.550296,51.75859],[19.551126,51.758501],[19.552035,51.75839],[19.552684,51.758284],[19.553537,51.758125],[19.553567,51.758119],[19.553601,51.758113],[19.553621,51.758109],[19.553807,51.758072],[19.554063,51.758013],[19.554082,51.758009],[19.554107,51.758003],[19.554137,51.757996],[19.554165,51.757989],[19.554226,51.757974],[19.554598,51.757885],[19.554856,51.757815],[19.555451,51.757645],[19.556014,51.757482],[19.556586,51.757327],[19.556864,51.757262],[19.557148,51.757202],[19.557437,51.75715],[19.558097,51.757029],[19.558849,51.756892],[19.56012,51.756665],[19.561957,51.756329],[19.562719,51.756185],[19.564114,51.755932],[19.564501,51.755863],[19.565208,51.755733],[19.565435,51.755692],[19.565681,51.755647],[19.565695,51.755644],[19.565709,51.755642],[19.565759,51.755633],[19.565786,51.755628],[19.565833,51.755619],[19.566822,51.75544],[19.566918,51.755423],[19.568441,51.755144],[19.56884,51.755071],[19.570314,51.754802],[19.571044,51.75467],[19.571763,51.75454],[19.572057,51.754487],[19.573272,51.754263],[19.573283,51.754261],[19.573681,51.754188],[19.574036,51.754123],[19.574618,51.754015],[19.574664,51.754006],[19.574743,51.753992],[19.574997,51.753947],[19.575145,51.753921],[19.575455,51.753864],[19.575532,51.75385],[19.575654,51.753827],[19.575982,51.753768],[19.57633,51.753704],[19.576653,51.753645],[19.576704,51.753636],[19.577468,51.753495],[19.577982,51.753404],[19.578331,51.753342],[19.578473,51.753317],[19.578578,51.753298],[19.578797,51.753256],[19.578867,51.753243],[19.579195,51.753184],[19.57945,51.753138],[19.579784,51.753077],[19.580233,51.752995],[19.580355,51.752972],[19.581537,51.752756],[19.581762,51.752715],[19.582052,51.752663],[19.582269,51.752622],[19.5824,51.752598],[19.582647,51.752553],[19.582712,51.752541],[19.582726,51.752538],[19.582739,51.752536],[19.582786,51.752527],[19.584495,51.752215],[19.585909,51.751955],[19.586494,51.751847],[19.587059,51.751745],[19.587709,51.751624],[19.588047,51.751561],[19.588125,51.751547],[19.58848,51.751484],[19.58875,51.751437],[19.588931,51.751408],[19.589294,51.751347],[19.589562,51.751302],[19.589587,51.751298],[19.589624,51.751291],[19.589857,51.751252],[19.589991,51.751229],[19.590236,51.751186],[19.590412,51.751154],[19.590448,51.751148],[19.590476,51.751143],[19.590507,51.751137],[19.591267,51.751006],[19.592155,51.750849]]},"properties":{"name":"Rokicińska"}},{"type":"Feature","geometry":{"type":"LineString","coordinates":[[19.54121,51.76015],[19.540779,51.760227],[19.540448,51.760302],[19.539909,51.760454],[19.539126,51.760654],[19.538376,51.760873],[19.538033,51.760966],[19.537999,51.760974],[19.537969,51.760982],[19.53794,51.76099],[19.53792,51.760995],[19.5379,51.761],[19.537765,51.761029]]},"properties":{"name":"Rokicińska"}},{"type":"Feature","geometry":{"type":"LineString","coordinates":[[19.653982,51.710748],[19.653406,51.711483],[19.653138,51.711832],[19.652879,51.71217],[19.652444,51.712727],[19.652312,51.712896],[19.652018,51.713265],[19.651665,51.71372],[19.651183,51.714357],[19.65095,51.714651],[19.650866,51.714756],[19.650552,51.715155],[19.650227,51.715582],[19.649787,51.716172],[19.649566,51.716473],[19.649523,51.716461],[19.649055,51.716334],[19.648987,51.716315],[19.648884,51.716285],[19.64921,51.715847],[19.649293,51.715735],[19.64938,51.715618],[19.649465,51.715505],[19.649489,51.715473],[19.649639,51.715274],[19.649669,51.715234],[19.649733,51.715151],[19.649798,51.715064],[19.649862,51.71498],[19.649919,51.714904],[19.650027,51.714762],[19.650077,51.714696],[19.650255,51.714461],[19.650349,51.714337],[19.650617,51.713983],[19.650727,51.713837],[19.650877,51.713638],[19.651067,51.713388],[19.651311,51.713066],[19.651345,51.713021],[19.651452,51.712879],[19.651593,51.712691],[19.651699,51.712551],[19.651894,51.71229],[19.652004,51.712145],[19.652087,51.712034],[19.652288,51.711766],[19.652397,51.711626],[19.652453,51.711555],[19.652671,51.711277],[19.652735,51.711195],[19.652768,51.711153],[19.652885,51.711004],[19.652978,51.710881],[19.653219,51.710564],[19.65325,51.710523]]},"properties":{"name":"Rokicińska"}},{"type":"Feature","geometry":{"type":"LineString","coordinates":[[19.574997,51.753947],[19.574911,51.753795],[19.57489,51.753759],[19.57487,51.753724],[19.574802,51.753586],[19.574783,51.753548],[19.574776,51.753531],[19.5747,51.753363],[19.574632,51.753218],[19.574588,51.753105],[19.574543,51.752998],[19.574545,51.752887]]},"properties":{"name":"Aleja Hetmańska"}},{"type":"Feature","geometry":{"type":"LineString","coordinates":[[19.569363,51.741335],[19.569539,51.741722],[19.569718,51.742101],[19.569843,51.742371],[19.570216,51.743177],[19.57024,51.74323],[19.570368,51.743505],[19.570536,51.743853],[19.571598,51.746128],[19.572003,51.746994],[19.572095,51.747189],[19.572218,51.747448],[19.572389,51.747818],[19.572412,51.747868],[19.573169,51.749489],[19.573239,51.74964],[19.573579,51.750366],[19.573685,51.750589],[19.573747,51.750729],[19.573814,51.750897],[19.57384,51.750966],[19.57413,51.751911],[19.574166,51.75203],[19.574179,51.752067],[19.574245,51.752246],[19.574345,51.752467],[19.574545,51.752887],[19.574641,51.752974],[19.574684,51.753052],[19.574764,51.753193],[19.574899,51.753477],[19.574922,51.753525],[19.57494,51.753561],[19.575,51.753681],[19.57501,51.7537],[19.575023,51.753721],[19.575145,51.753921]]},"properties":{"name":"Aleja Hetmańska"}},{"type":"Feature","geometry":{"type":"LineString","coordinates":[[19.568916,51.740513],[19.568972,51.740631],[19.568994,51.740674],[19.569084,51.740849],[19.569274,51.741255],[19.569363,51.741335],[19.569366,51.741236],[19.569327,51.741098],[19.569276,51.740957],[19.569218,51.740805],[19.569127,51.740601],[19.569062,51.740463]]},"properties":{"name":"Aleja Hetmańska"}},{"type":"Feature","geometry":{"type":"LineString","coordinates":[[19.53189,51.777177],[19.531866,51.777166],[19.531605,51.77704],[19.530984,51.776739],[19.530795,51.776648],[19.530741,51.776622]]},"properties":{"name":"Potokowa"}},{"type":"Feature","geometry":{"type":"LineString","coordinates":[[19.530741,51.776622],[19.530648,51.776681],[19.529652,51.777457],[19.529197,51.777826],[19.528688,51.77824],[19.528489,51.778406],[19.528431,51.778451],[19.528387,51.778496],[19.528185,51.778659],[19.528069,51.778717],[19.527966,51.778758]]},"properties":{"name":"Zbocze"}},{"type":"Feature","geometry":{"type":"LineString","coordinates":[[19.513687,51.775163],[19.513692,51.775183]]},"properties":{"name":"Mazowiecka"}},{"type":"Feature","geometry":{"type":"LineString","coordinates":[[19.482183,51.774969],[19.482106,51.774968],[19.481997,51.774961],[19.481983,51.77496],[19.481966,51.774959],[19.481932,51.774956],[19.481897,51.774953],[19.481721,51.774938],[19.481692,51.774936],[19.481595,51.774928],[19.481421,51.774913],[19.481033,51.77488],[19.480907,51.77487],[19.480747,51.774856],[19.48066,51.774849],[19.480497,51.774835],[19.480192,51.774809],[19.480089,51.774801],[19.479768,51.774774],[19.479399,51.774743],[19.478813,51.774693],[19.478525,51.774669],[19.478448,51.774663],[19.478322,51.774652],[19.478205,51.774643],[19.477859,51.774614],[19.477561,51.774589],[19.476604,51.774511],[19.476541,51.774506],[19.476216,51.774467],[19.476182,51.774464],[19.476128,51.77446],[19.475814,51.774437],[19.475728,51.774431],[19.475448,51.77441],[19.475329,51.7744],[19.475234,51.774392],[19.475195,51.774388],[19.474688,51.774345],[19.474606,51.774338],[19.474302,51.774311],[19.474007,51.774286],[19.473945,51.77428],[19.47362,51.774252],[19.473309,51.774226],[19.473222,51.774218],[19.473053,51.774204],[19.472905,51.774191],[19.472849,51.774186],[19.472552,51.77416],[19.472331,51.774141],[19.472092,51.774121],[19.471878,51.774102],[19.47183,51.774098],[19.471583,51.774077],[19.471174,51.774041],[19.47086,51.774014],[19.470805,51.77401],[19.470765,51.774006],[19.470733,51.774003],[19.470409,51.773976],[19.470279,51.773964],[19.470117,51.77395],[19.469604,51.773906],[19.469585,51.773904],[19.469525,51.773899],[19.469068,51.773859],[19.468798,51.773836],[19.468719,51.773829],[19.468085,51.773774],[19.46795,51.773762],[19.46791,51.773759],[19.467475,51.773721],[19.467278,51.773703],[19.467127,51.77369],[19.466999,51.773679],[19.466585,51.773643],[19.466462,51.773632],[19.466258,51.773614],[19.466101,51.7736],[19.465457,51.773543],[19.465436,51.773541],[19.465232,51.773523],[19.464728,51.773478],[19.464668,51.773473],[19.464541,51.773461],[19.464379,51.773447],[19.464093,51.773421],[19.464085,51.77342],[19.463801,51.773395],[19.463651,51.773382],[19.463336,51.773354],[19.462973,51.773322],[19.462865,51.773314],[19.462843,51.773312],[19.462822,51.77331],[19.462712,51.7733],[19.462212,51.773257],[19.462196,51.773256],[19.461954,51.773235],[19.461721,51.773215],[19.461591,51.773204],[19.461393,51.773187],[19.461369,51.773185],[19.460937,51.773148],[19.460773,51.773134],[19.460704,51.773128],[19.460579,51.773117],[19.460226,51.773087],[19.460171,51.773082],[19.459831,51.773053],[19.459795,51.77305],[19.459459,51.773021],[19.459081,51.772989],[19.458678,51.772954],[19.458489,51.772937],[19.458395,51.772928],[19.458281,51.772918],[19.458172,51.772908],[19.458139,51.772905],[19.458084,51.7729],[19.457589,51.772858],[19.457571,51.772856],[19.457354,51.772837],[19.4572,51.772824],[19.456764,51.772786],[19.456578,51.77277],[19.456281,51.772745],[19.456124,51.772731],[19.455804,51.772703],[19.455751,51.772698],[19.455716,51.772695],[19.455681,51.772692],[19.455602,51.772685]]},"properties":{"name":"Stefana Jaracza"}},{"type":"Feature","geometry":{"type":"LineString","coordinates":[[19.447645,51.776178],[19.447645,51.776164],[19.447649,51.77606],[19.447652,51.776006],[19.447653,51.775978],[19.447656,51.77596],[19.447662,51.775933],[19.447671,51.775894],[19.447683,51.775844],[19.447698,51.775775],[19.447727,51.775651],[19.44775,51.775568],[19.44778,51.775451],[19.447808,51.775355],[19.447834,51.775264],[19.447854,51.775194],[19.44787,51.775133],[19.447896,51.775004],[19.447931,51.77483],[19.447943,51.774773],[19.44797,51.774638],[19.447987,51.774564],[19.448015,51.77441],[19.448044,51.774272],[19.448059,51.774196],[19.448078,51.774104],[19.448105,51.773978],[19.448164,51.773699],[19.44819,51.773575],[19.448204,51.773507],[19.448225,51.773408],[19.448231,51.773381],[19.44826,51.773244],[19.44828,51.773147],[19.448297,51.773069],[19.448321,51.77295],[19.44835,51.772812],[19.448387,51.772636],[19.448494,51.772134],[19.448516,51.772027],[19.44854,51.771913],[19.448593,51.771663],[19.448627,51.771503],[19.448635,51.771464],[19.448663,51.771328],[19.448678,51.771258],[19.448721,51.771055],[19.448735,51.770987],[19.44877,51.77083],[19.448829,51.770554],[19.448841,51.7705],[19.448865,51.770388],[19.448875,51.770339],[19.448888,51.770277],[19.448933,51.770072],[19.448955,51.76997],[19.448958,51.769955],[19.448961,51.769944],[19.448984,51.769842],[19.449008,51.76972],[19.449017,51.769679],[19.449026,51.769638],[19.449104,51.769277],[19.449128,51.769166],[19.449159,51.769021],[19.449163,51.769002],[19.449211,51.768781],[19.449223,51.768726],[19.449242,51.768638],[19.449295,51.768392],[19.449314,51.768304],[19.449326,51.768249],[19.449353,51.768126],[19.449378,51.768007],[19.449406,51.767878],[19.449427,51.767783],[19.449457,51.76764],[19.449468,51.767587],[19.4495,51.767435],[19.449534,51.767279],[19.449548,51.767211],[19.449567,51.767121],[19.449582,51.767054],[19.449599,51.766967],[19.449636,51.766802],[19.449649,51.766744],[19.449694,51.766536],[19.449708,51.766469],[19.449729,51.76637],[19.449733,51.766352],[19.449784,51.766119],[19.449789,51.766095],[19.449844,51.765843],[19.449922,51.765485],[19.449924,51.765474],[19.449947,51.765367],[19.449962,51.765294],[19.449975,51.765222],[19.450007,51.765042],[19.450011,51.765021],[19.450014,51.765003],[19.450025,51.764938],[19.450042,51.764836],[19.450046,51.764818],[19.450049,51.764799],[19.450069,51.7647],[19.450073,51.764676],[19.450084,51.764621],[19.450135,51.764393],[19.450138,51.764378],[19.45014,51.764366],[19.450142,51.764357],[19.450172,51.764222]]},"properties":{"name":"Gdańska"}},{"type":"Feature","geometry":{"type":"LineString","coordinates":[[19.451559,51.757913],[19.451569,51.757875],[19.451645,51.757558],[19.451672,51.757446],[19.451678,51.757429],[19.451729,51.757204],[19.451782,51.756972],[19.451807,51.756862],[19.451809,51.756852],[19.451859,51.75663],[19.451862,51.756616],[19.451895,51.75647],[19.451911,51.756396],[19.451921,51.756356],[19.451976,51.756109],[19.451994,51.756032],[19.452035,51.75585],[19.452083,51.755633],[19.452123,51.755454],[19.452126,51.755441],[19.452146,51.755356]]},"properties":{"name":"Gdańska"}},{"type":"Feature","geometry":{"type":"LineString","coordinates":[[19.445092,51.773824],[19.445316,51.773844],[19.445728,51.773883],[19.445787,51.773888],[19.446156,51.773923],[19.446183,51.773926],[19.446425,51.773948],[19.446541,51.773959],[19.446662,51.773971],[19.446864,51.77399],[19.447031,51.774006],[19.447168,51.774019],[19.447182,51.77402],[19.447408,51.774041],[19.447552,51.774055],[19.447655,51.774064],[19.44786,51.774083],[19.447933,51.774091],[19.447977,51.774095],[19.44806,51.774102],[19.448078,51.774104],[19.448107,51.774106],[19.448237,51.774118],[19.448502,51.77414],[19.448748,51.774161],[19.448754,51.774161],[19.449087,51.774189],[19.449296,51.774207],[19.449414,51.774217],[19.449598,51.774232],[19.449744,51.774245],[19.450038,51.774269],[19.450074,51.774272],[19.450353,51.774296],[19.450608,51.774317],[19.450759,51.77433],[19.450871,51.77434],[19.450919,51.774345],[19.45124,51.774375],[19.451426,51.774392],[19.451472,51.774396],[19.451663,51.774414],[19.452007,51.774446],[19.452203,51.774465],[19.452263,51.774471],[19.452295,51.774473],[19.452326,51.774476],[19.452448,51.774486],[19.452564,51.774496],[19.452608,51.7745],[19.452692,51.774507],[19.452799,51.774516],[19.452831,51.774518],[19.452877,51.774522],[19.453005,51.774533],[19.453318,51.774559],[19.453325,51.77456],[19.453331,51.77456],[19.453635,51.774586],[19.453884,51.774607],[19.453943,51.774612],[19.454267,51.774639],[19.454527,51.774661],[19.454676,51.774674],[19.454707,51.774676],[19.454945,51.774696],[19.454997,51.774701],[19.455041,51.774704],[19.455086,51.774708],[19.455155,51.774715]]},"properties":{"name":"Doktora Adama Próchnika"}},{"type":"Feature","geometry":{"type":"LineString","coordinates":[[19.449533,51.789557],[19.449535,51.789428],[19.449533,51.78937],[19.449528,51.789286],[19.449522,51.789215],[19.449505,51.789102],[19.449465,51.788877],[19.449384,51.788476],[19.449365,51.788401],[19.449276,51.788119],[19.449262,51.788052],[19.449246,51.787903],[19.44924,51.78781],[19.449236,51.787588],[19.449234,51.787299],[19.449233,51.787253],[19.449233,51.787234],[19.449233,51.787209],[19.449233,51.787198],[19.449239,51.787144],[19.449254,51.787089],[19.449272,51.787042],[19.449278,51.787025],[19.449282,51.787014],[19.449323,51.786911],[19.449331,51.786889],[19.449339,51.786868],[19.449349,51.786837],[19.449388,51.786708],[19.449416,51.786586],[19.449437,51.786493],[19.449485,51.786241],[19.449512,51.786123],[19.449517,51.786105],[19.44956,51.785941],[19.449578,51.785885],[19.449769,51.785295],[19.449993,51.784608],[19.450038,51.784467],[19.450049,51.784431],[19.450212,51.78392],[19.45025,51.783807],[19.450272,51.783751],[19.450304,51.783678],[19.450346,51.783578],[19.450367,51.783526],[19.450468,51.783222],[19.450474,51.783204],[19.450481,51.783184],[19.450486,51.783168],[19.450491,51.783152],[19.450498,51.783133],[19.450571,51.782921],[19.450626,51.782757],[19.450794,51.782255],[19.450845,51.782098],[19.450904,51.781907],[19.45096,51.78173],[19.450975,51.781682],[19.451169,51.781118],[19.451207,51.781016],[19.451282,51.780818],[19.451402,51.780497],[19.451445,51.780382],[19.451518,51.78018],[19.451526,51.780158],[19.451534,51.780136],[19.451537,51.780128],[19.45154,51.780119],[19.451543,51.78011],[19.451552,51.780087],[19.451596,51.779959],[19.451631,51.779825],[19.451657,51.779714],[19.451763,51.779233],[19.451777,51.779179],[19.451814,51.779074],[19.451823,51.779034],[19.451827,51.779016],[19.451832,51.778993],[19.451835,51.77898],[19.451838,51.778966],[19.451872,51.778814],[19.451886,51.778753],[19.451897,51.778702],[19.451908,51.778653],[19.451913,51.778629],[19.451953,51.778453],[19.451959,51.778425],[19.451965,51.778398],[19.45197,51.778375],[19.452035,51.77807],[19.452095,51.777778],[19.452111,51.77769],[19.452116,51.777645],[19.452128,51.777535],[19.452131,51.777507],[19.452146,51.777345],[19.45216,51.777243],[19.452172,51.777177],[19.452223,51.776949],[19.452246,51.776845],[19.452252,51.776817],[19.452258,51.77679],[19.452282,51.776676],[19.452285,51.776645],[19.452285,51.776585],[19.452285,51.77657],[19.452285,51.776555],[19.452286,51.776508],[19.452288,51.776453],[19.452292,51.776425],[19.452319,51.776308],[19.452323,51.77629],[19.452327,51.776273],[19.452333,51.776244],[19.452371,51.776046],[19.452416,51.775827],[19.452448,51.775667],[19.452469,51.775567],[19.4525,51.775423],[19.452534,51.775258],[19.452641,51.774748],[19.452672,51.774602],[19.452692,51.774507],[19.452712,51.774399],[19.452716,51.774382],[19.452724,51.774341],[19.452726,51.774334],[19.452846,51.773783],[19.452995,51.773077],[19.453004,51.773035],[19.453023,51.772939],[19.453092,51.77263],[19.453097,51.772606],[19.453106,51.772568],[19.453131,51.772453]]},"properties":{"name":"Zachodnia"}},{"type":"Feature","geometry":{"type":"LineString","coordinates":[[19.449054,51.789481],[19.449054,51.789398],[19.449046,51.789241],[19.449031,51.7891],[19.448978,51.788725],[19.448958,51.788558],[19.448949,51.788457],[19.448944,51.788376],[19.448934,51.788124],[19.448934,51.788096],[19.448932,51.787701],[19.448932,51.787545],[19.448932,51.787485],[19.448933,51.78731],[19.448934,51.787297],[19.448935,51.787275],[19.448938,51.78725],[19.448939,51.787239],[19.448947,51.787193],[19.448957,51.78715],[19.448967,51.787113],[19.44897,51.787101],[19.448974,51.787085],[19.448982,51.787055],[19.448985,51.787046],[19.449027,51.786916],[19.449034,51.786893],[19.449041,51.786869],[19.449124,51.786617],[19.449222,51.786317],[19.449487,51.785483],[19.449751,51.784655],[19.449785,51.78455],[19.449808,51.784477],[19.449821,51.784439],[19.44997,51.783978],[19.450025,51.78381],[19.450037,51.783764],[19.45005,51.783715],[19.450059,51.78367],[19.450072,51.783574],[19.450078,51.783535],[19.450089,51.783489],[19.45018,51.783212],[19.450194,51.783168],[19.450201,51.783147],[19.450207,51.783132],[19.450212,51.783118],[19.450236,51.783054],[19.450285,51.782933],[19.450347,51.782788],[19.450442,51.782536],[19.450517,51.782313],[19.450551,51.782194],[19.450576,51.782097],[19.450612,51.781947],[19.450665,51.781748],[19.45068,51.781698],[19.450688,51.781672],[19.450924,51.780992],[19.45102,51.780729],[19.451188,51.780266],[19.451225,51.780164],[19.451233,51.780141],[19.451241,51.78012],[19.451249,51.780098],[19.451252,51.780089],[19.451255,51.78008],[19.451258,51.780071],[19.45132,51.779891],[19.451356,51.779773],[19.451377,51.779693],[19.451418,51.779516],[19.451523,51.779034],[19.451532,51.778991],[19.451537,51.778968],[19.45154,51.778955],[19.451543,51.778941],[19.451584,51.778752],[19.45161,51.77863],[19.451624,51.778566],[19.451653,51.778428],[19.451658,51.778401],[19.451664,51.778374],[19.45173,51.77806],[19.451771,51.777867],[19.451778,51.777835],[19.451798,51.777743],[19.451808,51.777684],[19.451817,51.77761],[19.451831,51.777426],[19.45185,51.777286],[19.451891,51.777087],[19.451942,51.776844],[19.451947,51.776821],[19.451953,51.776793],[19.451994,51.776608],[19.452004,51.77656],[19.452007,51.776545],[19.452011,51.77653],[19.452023,51.776474],[19.452068,51.776268],[19.452072,51.77625],[19.452076,51.776232],[19.452126,51.775999],[19.452174,51.775776],[19.452212,51.775593],[19.452252,51.775415],[19.452271,51.775327],[19.452292,51.775226],[19.452333,51.775031],[19.452375,51.774836],[19.452419,51.774625],[19.452428,51.774584],[19.452448,51.774486],[19.452469,51.77438],[19.452473,51.774361],[19.452479,51.774332],[19.452561,51.773961],[19.452668,51.773474],[19.45272,51.773237],[19.45276,51.773054],[19.452803,51.772832],[19.452841,51.77264],[19.452847,51.772611],[19.452852,51.772584],[19.452859,51.772548],[19.452882,51.77243]]},"properties":{"name":"Zachodnia"}},{"type":"Feature","geometry":{"type":"LineString","coordinates":[[19.449533,51.789557],[19.449528,51.78968],[19.449513,51.789809],[19.449481,51.789973],[19.449419,51.790289],[19.449415,51.790309],[19.449411,51.79033],[19.449407,51.790351],[19.449405,51.79036],[19.449403,51.79037],[19.449376,51.7905],[19.449366,51.790545],[19.449337,51.790636],[19.449316,51.79069],[19.449285,51.790753],[19.449231,51.790843],[19.449138,51.790986],[19.449078,51.791073],[19.449015,51.791163],[19.448982,51.79121],[19.448788,51.791482],[19.448558,51.791793],[19.448441,51.791955],[19.447932,51.792666],[19.44763,51.793071],[19.447595,51.79312],[19.447576,51.793147],[19.44757,51.793155],[19.447564,51.793164],[19.447514,51.793235],[19.447469,51.793296],[19.447287,51.793547],[19.447269,51.793572],[19.447244,51.793606],[19.447094,51.793812],[19.447064,51.793854],[19.447023,51.793911],[19.446824,51.794185],[19.446627,51.794458],[19.446575,51.794529],[19.44645,51.7947],[19.446435,51.794721],[19.446364,51.794819],[19.446311,51.794893],[19.446109,51.795172],[19.445878,51.795488],[19.445405,51.796141],[19.445378,51.796178],[19.445332,51.796242],[19.445131,51.796521],[19.445091,51.796581],[19.445056,51.796645],[19.444997,51.796761],[19.444914,51.796923],[19.444816,51.797101],[19.444733,51.79724],[19.444697,51.797292],[19.444671,51.797332],[19.444568,51.797477],[19.444451,51.797639],[19.44432,51.797817],[19.444307,51.797836],[19.443968,51.798299],[19.443871,51.798429],[19.443835,51.798478],[19.443809,51.798512],[19.443698,51.798662],[19.443436,51.799018],[19.443141,51.799413],[19.442993,51.799604],[19.44284,51.799802],[19.442752,51.799921],[19.442723,51.79996],[19.442709,51.79998],[19.442701,51.799991],[19.442694,51.800001],[19.442661,51.800046],[19.442531,51.800231],[19.442479,51.800298],[19.44234,51.80046],[19.44229,51.800522]]},"properties":{"name":"Zgierska"}},{"type":"Feature","geometry":{"type":"LineString","coordinates":[[19.449054,51.789481],[19.449053,51.789562],[19.44905,51.789647],[19.449042,51.789741],[19.449022,51.789897],[19.448962,51.790215],[19.44896,51.790224],[19.448949,51.79028],[19.448945,51.790298],[19.448941,51.790316],[19.448939,51.790325],[19.448936,51.790335],[19.448907,51.790436],[19.448882,51.790518],[19.448842,51.790635],[19.448801,51.790742],[19.448744,51.790888],[19.448695,51.790997],[19.448649,51.791087],[19.448601,51.791173],[19.448522,51.791301],[19.448172,51.791793],[19.447635,51.792529],[19.44743,51.792812],[19.447343,51.792932],[19.447279,51.793021],[19.447265,51.793041],[19.44725,51.793061],[19.447244,51.79307],[19.447237,51.793079],[19.447217,51.793107],[19.447196,51.793136],[19.446873,51.793582],[19.446798,51.793686],[19.446744,51.79376],[19.446697,51.793825],[19.446515,51.794077],[19.446221,51.794481],[19.446142,51.79459],[19.446127,51.794611],[19.446112,51.794632],[19.44599,51.7948],[19.445844,51.795],[19.445716,51.795177],[19.44528,51.795782],[19.445169,51.795934],[19.44509,51.796044],[19.445023,51.796136],[19.444866,51.796352],[19.444752,51.796519],[19.444583,51.79677],[19.444475,51.796929],[19.444295,51.797196],[19.444282,51.797214],[19.444259,51.797248],[19.444174,51.797369],[19.444121,51.797443],[19.444062,51.797527],[19.443945,51.797694],[19.443931,51.797714],[19.443918,51.797733],[19.443877,51.797792],[19.443766,51.797959],[19.443621,51.798175],[19.443455,51.798461],[19.443322,51.798653],[19.442474,51.799767],[19.442461,51.799784],[19.442417,51.799843],[19.4424,51.799864],[19.442385,51.799886],[19.442377,51.799897],[19.442369,51.799907],[19.442353,51.799929],[19.442335,51.799956],[19.44232,51.799988],[19.442309,51.800019],[19.4423,51.800056],[19.442296,51.800099],[19.442297,51.800178],[19.442298,51.80021],[19.442303,51.800285],[19.442308,51.800372],[19.442309,51.800426],[19.442306,51.800466],[19.442298,51.8005],[19.44229,51.800522],[19.442202,51.80065],[19.442061,51.800882],[19.441986,51.801022],[19.441567,51.802007],[19.441522,51.802109],[19.441497,51.802163],[19.44149,51.80218],[19.441483,51.802198],[19.440392,51.804757],[19.440202,51.805197],[19.439803,51.806174],[19.439764,51.806267],[19.439751,51.806297],[19.439735,51.806336],[19.439681,51.80647],[19.439667,51.806505],[19.43966,51.806521],[19.439496,51.806886],[19.439434,51.807022],[19.439385,51.807134],[19.43918,51.807585],[19.439121,51.807711],[19.438981,51.807985],[19.438822,51.808299],[19.438741,51.808439],[19.438674,51.808551],[19.43842,51.808929],[19.438406,51.808952],[19.438392,51.808974],[19.438386,51.808983],[19.438381,51.808991],[19.438095,51.809451],[19.438003,51.809594],[19.437934,51.809701],[19.43786,51.809822],[19.437796,51.809925],[19.437655,51.810153],[19.437598,51.810248],[19.437588,51.810265],[19.437578,51.810282],[19.437528,51.810364],[19.43748,51.810443],[19.437387,51.810597],[19.437088,51.811093],[19.436988,51.811263],[19.436877,51.81145],[19.436823,51.811539],[19.436718,51.811711],[19.436708,51.811727],[19.436699,51.811743],[19.436655,51.811813],[19.436613,51.811884],[19.436603,51.8119],[19.436593,51.811917],[19.436328,51.81235],[19.436258,51.812463],[19.436215,51.812536],[19.436142,51.812656],[19.435856,51.813129],[19.435809,51.813206],[19.435771,51.81327],[19.435576,51.81359],[19.435481,51.813748],[19.435465,51.813772],[19.435424,51.813831],[19.435358,51.813915],[19.435329,51.813949],[19.435308,51.813974],[19.435293,51.813991],[19.435214,51.814081],[19.435193,51.814105],[19.435177,51.814124],[19.435042,51.814283],[19.435031,51.814296]]},"properties":{"name":"Zgierska"}},{"type":"Feature","geometry":{"type":"LineString","coordinates":[[19.434843,51.815519],[19.434852,51.815406],[19.434854,51.815378],[19.434856,51.815337],[19.434879,51.814974],[19.434899,51.81482],[19.434927,51.814706],[19.434947,51.814638],[19.434988,51.814528],[19.435041,51.814407],[19.435046,51.814388],[19.435045,51.814371],[19.435027,51.814329],[19.435026,51.814311],[19.435031,51.814296],[19.435013,51.814308],[19.434985,51.814318],[19.434943,51.814326],[19.434912,51.814332],[19.43489,51.814338],[19.43487,51.81435],[19.434833,51.814389],[19.434762,51.814478],[19.434709,51.814556],[19.434493,51.8149],[19.434248,51.815284],[19.434237,51.815302],[19.434221,51.815331],[19.434171,51.815433]]},"properties":{"name":"Zgierska"}},{"type":"Feature","geometry":{"type":"LineString","coordinates":[[19.449528,51.789286],[19.449697,51.789253],[19.44972,51.789248],[19.449744,51.789243],[19.44977,51.789238],[19.449794,51.789233],[19.44989,51.789214],[19.450039,51.789192],[19.45013,51.789173],[19.450232,51.789145],[19.450337,51.789106],[19.450401,51.789073],[19.450425,51.789057],[19.450461,51.789027],[19.450487,51.789001],[19.450503,51.788993],[19.450555,51.788983],[19.450582,51.788977],[19.450616,51.78893],[19.45068,51.788842],[19.450741,51.788757],[19.450763,51.788726],[19.450883,51.78856],[19.450947,51.788473],[19.450962,51.788451],[19.451137,51.788209],[19.451271,51.788024],[19.451284,51.788007],[19.451339,51.787931],[19.451482,51.787732],[19.451561,51.787622],[19.451577,51.787601],[19.451606,51.787561],[19.451669,51.787474],[19.451825,51.787258],[19.45193,51.787112],[19.452166,51.786784],[19.452261,51.786652]]},"properties":{"name":"Zgierska"}},{"type":"Feature","geometry":{"type":"LineString","coordinates":[[19.426282,51.829038],[19.426414,51.828851],[19.426485,51.828751]]},"properties":{"name":"Zgierska"}},{"type":"Feature","geometry":{"type":"LineString","coordinates":[[19.341797,51.777642],[19.339977,51.775867],[19.339728,51.775629],[19.339591,51.775496],[19.339467,51.775376],[19.339302,51.775216],[19.339175,51.775094],[19.339124,51.775044],[19.339031,51.774953],[19.338992,51.774915],[19.338954,51.774877],[19.338823,51.77475],[19.33874,51.774669],[19.338613,51.774544],[19.338216,51.774156],[19.338106,51.774048]]},"properties":{"name":"Zgierska"}},{"type":"Feature","geometry":{"type":"LineString","coordinates":[[19.434662,51.815961],[19.434616,51.816005],[19.434516,51.816103],[19.434475,51.816143],[19.434464,51.816153],[19.434325,51.81629],[19.434104,51.8165],[19.433923,51.816687],[19.433782,51.816856],[19.433736,51.816917],[19.433661,51.81702],[19.433551,51.817199],[19.433338,51.817541],[19.433316,51.81758],[19.433188,51.817792],[19.433025,51.818063],[19.432803,51.818429],[19.432761,51.8185],[19.432456,51.819005],[19.432351,51.819179],[19.432237,51.819366],[19.43195,51.819839],[19.431866,51.819979],[19.431556,51.820492],[19.431498,51.82059],[19.431243,51.821015],[19.431113,51.821242],[19.431046,51.821366],[19.430937,51.821579],[19.430854,51.821731],[19.430593,51.822168],[19.430488,51.822339],[19.430378,51.82252],[19.429972,51.823187],[19.429882,51.823331],[19.429741,51.823534],[19.429601,51.823739],[19.429501,51.823895],[19.428925,51.824847],[19.428625,51.825342],[19.428514,51.825527],[19.428441,51.825646],[19.428291,51.825897],[19.428237,51.825988],[19.428225,51.826008],[19.428212,51.82603],[19.428119,51.826179],[19.427994,51.826388],[19.427981,51.82641],[19.427948,51.826463],[19.427913,51.826522],[19.427867,51.826598],[19.427654,51.82695],[19.42761,51.827023],[19.427564,51.827099],[19.42713,51.827815],[19.426664,51.828589],[19.426651,51.82861],[19.426638,51.828631],[19.426602,51.828665],[19.426526,51.828717],[19.426485,51.828751],[19.426493,51.828717],[19.4265,51.828648],[19.426515,51.828604],[19.426528,51.828582],[19.427214,51.82745],[19.427411,51.82712],[19.427846,51.826402],[19.427859,51.826382],[19.427871,51.826362],[19.427972,51.826192],[19.428087,51.826001],[19.4281,51.825979],[19.428388,51.825506],[19.428489,51.82534],[19.429665,51.823391],[19.429837,51.823106],[19.430214,51.822484],[19.430325,51.822299],[19.430389,51.822194],[19.430428,51.82213],[19.431662,51.820092],[19.431755,51.819938],[19.432116,51.819338],[19.432228,51.819151],[19.432333,51.818978],[19.433343,51.817306],[19.433422,51.817173],[19.433445,51.817134],[19.433488,51.817057],[19.433496,51.817041],[19.433539,51.816959],[19.433564,51.816909],[19.433588,51.816855],[19.433616,51.816793],[19.433637,51.816739],[19.433671,51.816644],[19.433782,51.816345],[19.433875,51.816081],[19.433886,51.81605],[19.433902,51.816005],[19.433957,51.815868]]},"properties":{"name":"Zgierska"}},{"type":"Feature","geometry":{"type":"LineString","coordinates":[[19.452643,51.785856],[19.452682,51.785689],[19.452761,51.785347],[19.452779,51.785265],[19.452793,51.785207],[19.452847,51.784969],[19.452868,51.784879],[19.452893,51.784765],[19.452918,51.784653],[19.452922,51.784634],[19.452945,51.784534],[19.452955,51.784482],[19.452961,51.784448],[19.452989,51.784319],[19.453002,51.784249],[19.453035,51.78409],[19.453076,51.783907],[19.45311,51.783754],[19.453115,51.783734],[19.453124,51.783691],[19.453137,51.783637],[19.453147,51.783595],[19.453173,51.783484],[19.453221,51.783325],[19.453256,51.78318],[19.453286,51.783058],[19.453297,51.783013],[19.453347,51.782805],[19.453362,51.782744],[19.453381,51.782663],[19.45342,51.782499],[19.453445,51.782395],[19.453456,51.782352],[19.453507,51.782136],[19.453523,51.782072],[19.453545,51.781978],[19.453566,51.781894],[19.45362,51.78167],[19.453687,51.781391],[19.453717,51.78126],[19.453725,51.781222],[19.453744,51.781136]]},"properties":{"name":"Zgierska"}},{"type":"Feature","geometry":{"type":"LineString","coordinates":[[19.434843,51.815519],[19.435034,51.815541],[19.435078,51.815546],[19.435107,51.81555],[19.435491,51.815595],[19.435796,51.815631],[19.436209,51.815681],[19.436356,51.815698],[19.436781,51.815748],[19.437563,51.815843],[19.438116,51.815908],[19.438261,51.815927],[19.438468,51.815954],[19.438515,51.815961],[19.438682,51.815987],[19.438841,51.816013],[19.439099,51.816061],[19.439495,51.816149],[19.439768,51.816217],[19.44204,51.816833],[19.442561,51.816973],[19.442861,51.817055],[19.443991,51.817361],[19.444039,51.817374],[19.444079,51.817384],[19.444107,51.817392],[19.444279,51.817439],[19.444524,51.817505],[19.444533,51.817508],[19.444571,51.817517],[19.444593,51.817523],[19.444958,51.817625],[19.445333,51.817721],[19.445661,51.817794],[19.446078,51.817874],[19.446372,51.817918],[19.446675,51.817955],[19.447003,51.817991],[19.447211,51.818009],[19.447409,51.81802],[19.447648,51.818027],[19.447979,51.818032],[19.448031,51.818032],[19.448067,51.818031],[19.44824,51.818027],[19.448446,51.818019],[19.44859,51.818012],[19.448767,51.817999],[19.448958,51.817981],[19.44907,51.817967],[19.44919,51.817952],[19.449306,51.817935],[19.449516,51.817897],[19.451689,51.817496],[19.451891,51.817459],[19.452093,51.817419],[19.452281,51.817376],[19.4524,51.817347],[19.452509,51.817318],[19.452586,51.817296],[19.452667,51.817271],[19.452827,51.81722],[19.452866,51.817206],[19.452903,51.817192],[19.45301,51.817155],[19.453145,51.817103],[19.453251,51.81706],[19.453295,51.81704],[19.453342,51.81702],[19.453381,51.817002],[19.453452,51.816967],[19.453556,51.816917],[19.453641,51.816873],[19.453722,51.816829],[19.453887,51.816733],[19.454095,51.816598],[19.454236,51.816496],[19.4544,51.816364],[19.454442,51.816328],[19.454532,51.816247],[19.454602,51.816177]]},"properties":{"name":"Aleje Generała Władysława Sikorskiego"}},{"type":"Feature","geometry":{"type":"LineString","coordinates":[[19.434662,51.815961],[19.434781,51.815958],[19.434922,51.81595],[19.434937,51.81595],[19.43497,51.815948],[19.435039,51.815944],[19.435812,51.815906],[19.43607,51.815904],[19.43633,51.815911],[19.436532,51.815921],[19.436765,51.815941],[19.437138,51.815987],[19.438301,51.816131],[19.438501,51.816156],[19.438948,51.816215],[19.439277,51.816275],[19.439541,51.816328],[19.439697,51.816364],[19.439928,51.816423],[19.440077,51.816464],[19.440222,51.816502],[19.441724,51.81691],[19.443617,51.817424],[19.443921,51.817505],[19.443943,51.817511],[19.443982,51.817521],[19.444014,51.81753],[19.444185,51.817576],[19.444406,51.817638],[19.444425,51.817643],[19.444438,51.817646],[19.444478,51.817656],[19.444531,51.817671],[19.444718,51.817721],[19.4449,51.81777],[19.445254,51.817858],[19.445692,51.817948],[19.44605,51.818008],[19.446411,51.818059],[19.44677,51.818098],[19.447042,51.818119],[19.447403,51.818137],[19.447999,51.818156],[19.448021,51.818157],[19.448058,51.818157],[19.448177,51.818157],[19.448253,51.818156],[19.448468,51.818146],[19.448755,51.818126],[19.449012,51.818098],[19.449222,51.818069],[19.449331,51.818051],[19.449446,51.818031],[19.450291,51.817875],[19.450552,51.817827],[19.45111,51.817723],[19.451611,51.81763],[19.45229,51.817503],[19.452449,51.817469],[19.452632,51.817423],[19.452953,51.817331],[19.452963,51.817328],[19.453007,51.817312],[19.453207,51.817237],[19.453349,51.817181],[19.453421,51.81715],[19.453434,51.817142],[19.453481,51.817122],[19.453552,51.81709],[19.453649,51.817042],[19.453747,51.816991],[19.453847,51.816938],[19.45395,51.816878],[19.454034,51.816827],[19.454114,51.816777],[19.454173,51.816737],[19.454244,51.816687],[19.454315,51.816633],[19.454444,51.81653],[19.454571,51.816414],[19.454594,51.816393],[19.454681,51.8163]]},"properties":{"name":"Aleje Generała Władysława Sikorskiego"}},{"type":"Feature","geometry":{"type":"LineString","coordinates":[[19.448446,51.818019],[19.448459,51.818079],[19.448468,51.818146],[19.448479,51.818263],[19.44848,51.818295],[19.448481,51.818307],[19.448484,51.81843],[19.448489,51.818655],[19.44846,51.818864]]},"properties":{"name":"Świtezianki"}},{"type":"Feature","geometry":{"type":"LineString","coordinates":[[19.44824,51.818027],[19.448244,51.81808],[19.448253,51.818156],[19.448277,51.818267],[19.448287,51.818301],[19.448295,51.818333],[19.448327,51.81845],[19.448383,51.81866],[19.44846,51.818864],[19.448474,51.818989],[19.448487,51.819052],[19.448512,51.819157],[19.4486,51.819451],[19.448626,51.81954],[19.448651,51.819621],[19.448662,51.819654],[19.448764,51.819976],[19.448914,51.820445],[19.448926,51.820493],[19.448936,51.820538],[19.448938,51.820554],[19.44894,51.820573],[19.44894,51.820583],[19.44894,51.82061],[19.448939,51.820629],[19.448937,51.82065],[19.448934,51.820669],[19.448928,51.820689],[19.448924,51.820703],[19.448919,51.820718],[19.448907,51.820745],[19.448882,51.820802],[19.448862,51.820837],[19.448838,51.820874],[19.448835,51.820879],[19.448769,51.82098],[19.448421,51.821501],[19.448321,51.82165],[19.44821,51.821814],[19.44817,51.821876],[19.447876,51.822316],[19.447785,51.822448],[19.447773,51.822465],[19.447765,51.822476],[19.447742,51.822504],[19.447728,51.822521],[19.447719,51.822532],[19.447694,51.822558],[19.447669,51.822584],[19.447652,51.822601],[19.447605,51.822647],[19.447552,51.822696],[19.447502,51.82274],[19.447477,51.822761],[19.447453,51.82278],[19.447433,51.822795],[19.447407,51.822814],[19.447369,51.822841],[19.447281,51.8229],[19.447191,51.822957],[19.447094,51.823011],[19.446905,51.823109],[19.446485,51.82333],[19.44615,51.823507],[19.44534,51.823937],[19.444547,51.824358],[19.44389,51.824707],[19.443615,51.824853],[19.443375,51.82498],[19.443118,51.825117],[19.443058,51.825149],[19.443004,51.825175],[19.442976,51.825186],[19.442928,51.825203],[19.442867,51.825221],[19.442814,51.825234],[19.442726,51.825248],[19.442628,51.82526],[19.442551,51.825268],[19.442468,51.825275],[19.442413,51.825278],[19.442353,51.82528],[19.442296,51.825281],[19.442234,51.82528],[19.442172,51.825277],[19.44214,51.825275],[19.442106,51.825272],[19.442054,51.825266],[19.442018,51.82526],[19.441984,51.825254],[19.441953,51.825249],[19.44192,51.825242],[19.441859,51.825229],[19.441798,51.825213],[19.440926,51.824982],[19.440469,51.824862],[19.44001,51.824743],[19.439578,51.824629],[19.439288,51.824554],[19.439229,51.824537],[19.438875,51.824439],[19.438573,51.824356],[19.43851,51.824339],[19.437827,51.824159],[19.437668,51.824117],[19.437251,51.824008],[19.436866,51.82391],[19.436671,51.82386],[19.436471,51.823806],[19.436437,51.823797],[19.436233,51.823743],[19.435716,51.823606],[19.435249,51.823483],[19.435162,51.82346],[19.434955,51.823405],[19.434659,51.823333],[19.434362,51.823258],[19.434316,51.823247],[19.433701,51.8231],[19.43359,51.823073],[19.43344,51.823037],[19.432942,51.822923],[19.432582,51.82284],[19.432558,51.822835],[19.432422,51.822805],[19.43227,51.822769],[19.432217,51.822757],[19.432067,51.822721],[19.431922,51.822686],[19.43186,51.82267],[19.431622,51.822612],[19.431153,51.822499],[19.430987,51.822459],[19.43076,51.822404],[19.430669,51.822382],[19.430488,51.822339],[19.430325,51.822299]]},"properties":{"name":"Świtezianki"}},{"type":"Feature","geometry":{"type":"LineString","coordinates":[[19.440025,51.816542],[19.440077,51.816464]]},"properties":{"name":"Gustawa Herlinga-Grudzińskiego"}},{"type":"Feature","geometry":{"type":"LineString","coordinates":[[19.434662,51.815961],[19.434537,51.815961],[19.434432,51.815954],[19.43433,51.815942],[19.434213,51.815922],[19.434116,51.815902],[19.433957,51.815868],[19.434015,51.815735],[19.434113,51.815546],[19.434171,51.815433],[19.43437,51.81546],[19.434681,51.815497],[19.434843,51.815519]]},"properties":{"name":"Rondo majora Alfreda Michała Biłyka"}},{"type":"Feature","geometry":{"type":"LineString","coordinates":[[19.452007,51.776545],[19.451956,51.776541],[19.451712,51.776518],[19.451669,51.776514],[19.451591,51.776508],[19.451441,51.776496],[19.451368,51.776489],[19.451116,51.776467],[19.451053,51.776462],[19.450726,51.776442],[19.4507,51.77644],[19.450499,51.776427],[19.450392,51.776416],[19.450053,51.776387],[19.450039,51.776386],[19.449791,51.776364],[19.449711,51.776358],[19.449479,51.776339],[19.449381,51.776331],[19.449082,51.776305],[19.449057,51.776302],[19.448867,51.776286],[19.44873,51.776274],[19.448554,51.776259],[19.448338,51.776239],[19.448251,51.776231]]},"properties":{"name":"Legionów"}},{"type":"Feature","geometry":{"type":"LineString","coordinates":[[19.423476,51.768141],[19.423682,51.768197],[19.423887,51.768252],[19.424089,51.768304],[19.425179,51.768575],[19.425358,51.76862],[19.425449,51.768642],[19.425735,51.768694]]},"properties":{"name":"Legionów"}},{"type":"Feature","geometry":{"type":"LineString","coordinates":[[19.423405,51.768241],[19.423818,51.768354],[19.4247,51.768595],[19.424781,51.768618],[19.424865,51.768645],[19.425042,51.768701],[19.425083,51.768715],[19.425334,51.768799],[19.425376,51.768812],[19.425632,51.7689],[19.425802,51.768962],[19.425851,51.76898],[19.425972,51.769024],[19.426007,51.769037],[19.426054,51.769054],[19.426228,51.769117],[19.426285,51.769139],[19.426383,51.769173],[19.426578,51.76924],[19.426756,51.769301],[19.426998,51.769391],[19.427309,51.769499],[19.427492,51.769563],[19.42774,51.769649],[19.427959,51.769725],[19.428045,51.769755],[19.428433,51.76989],[19.428486,51.769908],[19.429045,51.770101],[19.429208,51.770156]]},"properties":{"name":"Legionów"}},{"type":"Feature","geometry":{"type":"LineString","coordinates":[[19.520796,51.763882],[19.519365,51.76414],[19.519191,51.764172],[19.518979,51.764204],[19.518756,51.764233],[19.518589,51.764253],[19.518343,51.764277],[19.518202,51.764289],[19.5181,51.764297],[19.517921,51.764309],[19.517701,51.76432],[19.517471,51.764324],[19.517236,51.764324],[19.516972,51.76432],[19.5167,51.764311],[19.516424,51.76429],[19.516147,51.764269],[19.515753,51.764225],[19.51547,51.764194],[19.51515,51.764157],[19.514972,51.764138],[19.513881,51.764016],[19.5131,51.763931],[19.512354,51.763863],[19.511794,51.763819],[19.510918,51.763751],[19.510629,51.76373],[19.510484,51.763723],[19.510345,51.763719],[19.510178,51.763717],[19.509937,51.763709],[19.509722,51.763698],[19.509525,51.763687],[19.509143,51.763657],[19.508506,51.763607],[19.508465,51.763604],[19.508389,51.763598],[19.508312,51.763592],[19.508297,51.763591],[19.50828,51.763589],[19.508034,51.763554],[19.507962,51.763544]]},"properties":{"name":"Aleja Marszałka Józefa Piłsudskiego"}},{"type":"Feature","geometry":{"type":"LineString","coordinates":[[19.512645,51.763563],[19.511714,51.763548],[19.511128,51.763525],[19.510651,51.763495],[19.510493,51.763486],[19.510265,51.763477],[19.509518,51.763415],[19.509251,51.763392],[19.50915,51.763384],[19.508524,51.76332],[19.508466,51.763315],[19.508396,51.763308],[19.508374,51.763306],[19.508356,51.763305],[19.508108,51.763281],[19.507894,51.763266],[19.507876,51.763265],[19.507859,51.763263],[19.507812,51.76326],[19.507763,51.763256],[19.507718,51.763253],[19.506967,51.763201],[19.505899,51.763129],[19.504708,51.763038],[19.504526,51.763022],[19.504323,51.763007],[19.503534,51.762944],[19.503233,51.76292],[19.501277,51.762766],[19.500889,51.762736],[19.500676,51.762719],[19.500344,51.762695],[19.500129,51.762678],[19.499287,51.762605],[19.4981,51.762506],[19.497774,51.762479],[19.497505,51.762458],[19.497447,51.762454],[19.497401,51.76245],[19.497323,51.762444],[19.497304,51.762443],[19.497286,51.762441],[19.49704,51.762418],[19.496911,51.762407],[19.496629,51.762383],[19.496368,51.762361],[19.496292,51.762355],[19.496211,51.762349],[19.495669,51.762303],[19.494427,51.762204],[19.493665,51.762141],[19.493532,51.76213],[19.493115,51.762098],[19.493044,51.762092],[19.492888,51.76208],[19.492831,51.762075],[19.492791,51.762072],[19.492555,51.762053],[19.491965,51.762004],[19.491899,51.761998],[19.491835,51.761993],[19.490476,51.761881],[19.490238,51.761861],[19.489524,51.761802],[19.489415,51.761793],[19.489369,51.76179],[19.489321,51.761786],[19.489197,51.761779],[19.488948,51.761756],[19.488867,51.761749],[19.488794,51.761743],[19.488552,51.761722],[19.488295,51.761701],[19.488027,51.761679],[19.487489,51.761635],[19.487305,51.761616],[19.487125,51.761592],[19.487056,51.761583],[19.486805,51.761559],[19.48602,51.761495],[19.485995,51.761493],[19.485739,51.761469],[19.48569,51.761465],[19.485641,51.761461],[19.485622,51.761459],[19.485604,51.761457],[19.485442,51.761444],[19.485368,51.761437],[19.485333,51.761434],[19.485128,51.761414],[19.485109,51.761412],[19.485097,51.76141],[19.48508,51.761408],[19.485,51.7614],[19.484926,51.761392],[19.484421,51.76135],[19.484402,51.761348],[19.484383,51.761347],[19.484299,51.76134],[19.484257,51.761336],[19.484217,51.761333],[19.483877,51.761302],[19.483142,51.76124],[19.483092,51.761236],[19.482883,51.761222],[19.482671,51.761214],[19.48257,51.761211],[19.482458,51.761204],[19.482262,51.761187],[19.481661,51.761137],[19.481618,51.761134],[19.481575,51.76113],[19.48149,51.761121],[19.481396,51.761108],[19.481289,51.76109],[19.481136,51.761059],[19.481065,51.761048],[19.481,51.761039],[19.480959,51.761036],[19.480915,51.761031],[19.480878,51.761027],[19.4808,51.761019],[19.479837,51.76093],[19.479536,51.760909],[19.478936,51.760872],[19.478466,51.760845],[19.4777,51.7608],[19.47687,51.760768],[19.476771,51.760764],[19.476673,51.76076],[19.476441,51.760748],[19.476111,51.760728],[19.475788,51.760704],[19.47311,51.760476],[19.472708,51.760441],[19.472449,51.760418],[19.471773,51.76036],[19.471462,51.760334],[19.471224,51.760313],[19.471035,51.760297],[19.470776,51.760275],[19.470484,51.760251],[19.470297,51.760235],[19.470037,51.760213],[19.469917,51.760202],[19.469231,51.760142],[19.469203,51.76014],[19.469174,51.760137],[19.468862,51.760111],[19.468839,51.760109],[19.468815,51.760107],[19.4688,51.760106],[19.468679,51.760095],[19.468324,51.760065],[19.468296,51.760062],[19.468267,51.76006],[19.468238,51.760058],[19.467613,51.760002],[19.467249,51.759971],[19.466628,51.759918],[19.46648,51.759876],[19.466408,51.759856],[19.466337,51.759836],[19.466285,51.759832],[19.46606,51.75981],[19.463984,51.759641],[19.463187,51.759573],[19.463155,51.75957],[19.463122,51.759566],[19.463104,51.759565],[19.463084,51.759563],[19.462888,51.75956],[19.462665,51.759557],[19.462646,51.759555],[19.462627,51.759554],[19.462592,51.759551],[19.462557,51.759548],[19.462512,51.759544],[19.461971,51.759497],[19.461746,51.759478],[19.461404,51.759432],[19.461194,51.759409],[19.461016,51.759392],[19.459606,51.759273],[19.459365,51.759255],[19.458992,51.759228],[19.458858,51.759219],[19.458815,51.759215],[19.458761,51.75921],[19.458744,51.759209],[19.458726,51.759207],[19.458626,51.759199],[19.458603,51.759197],[19.458574,51.759195],[19.458555,51.759193]]},"properties":{"name":"Aleja Marszałka Józefa Piłsudskiego"}},{"type":"Feature","geometry":{"type":"LineString","coordinates":[[19.518161,51.763666],[19.518338,51.763668],[19.518792,51.763666],[19.519173,51.76366],[19.519622,51.763647],[19.519683,51.763645],[19.520124,51.763621]]},"properties":{"name":"Aleja Marszałka Józefa Piłsudskiego"}},{"type":"Feature","geometry":{"type":"LineString","coordinates":[[19.458484,51.759519],[19.458653,51.759534],[19.458671,51.759535],[19.45869,51.759537],[19.458742,51.759541],[19.458785,51.759545],[19.458825,51.759548],[19.45938,51.759596],[19.459657,51.75962],[19.459976,51.759648],[19.460567,51.759706],[19.46203,51.759832],[19.46213,51.759841],[19.462223,51.75985],[19.462388,51.759867],[19.462488,51.759856],[19.462524,51.759852],[19.462558,51.759856],[19.462575,51.759858],[19.462593,51.759859],[19.462865,51.759885],[19.463014,51.759898],[19.463031,51.759899],[19.463047,51.7599],[19.463079,51.759903],[19.463155,51.759908],[19.464044,51.760018],[19.464463,51.760063],[19.464542,51.76007],[19.464704,51.76008],[19.46531,51.760107],[19.46563,51.760134],[19.466842,51.760238],[19.466978,51.760249],[19.467058,51.760256],[19.467413,51.760256],[19.467454,51.76026],[19.468208,51.760324],[19.468236,51.760326],[19.468265,51.760329],[19.468535,51.760351],[19.468689,51.760364],[19.468711,51.760366],[19.468734,51.760368],[19.468861,51.760379],[19.469117,51.760401],[19.469145,51.760403],[19.469173,51.760405],[19.469205,51.760408],[19.470404,51.760511],[19.470599,51.760528],[19.47082,51.760547],[19.471068,51.760568],[19.471898,51.76064],[19.472187,51.760664],[19.473067,51.76074],[19.474772,51.760886],[19.475109,51.76091],[19.475449,51.760928],[19.475945,51.760948],[19.476358,51.760949],[19.476534,51.760956],[19.476698,51.760961],[19.476843,51.760965],[19.477374,51.760985],[19.477838,51.761002],[19.47828,51.761019],[19.47848,51.761031],[19.478823,51.761058],[19.47897,51.76107],[19.479117,51.761083],[19.480314,51.761186],[19.480872,51.761239],[19.480913,51.761243],[19.480955,51.761247],[19.481235,51.761282],[19.481446,51.761311],[19.481528,51.761319],[19.48157,51.761323],[19.481613,51.761326],[19.481649,51.76133],[19.481982,51.761356],[19.482795,51.761422],[19.48291,51.761435],[19.483004,51.761445],[19.483141,51.761461],[19.483276,51.761476],[19.48421,51.761552],[19.484253,51.761556],[19.484339,51.761563],[19.484357,51.761564],[19.484375,51.761566],[19.484699,51.761597],[19.484782,51.761608],[19.484959,51.761626],[19.484999,51.76163],[19.485005,51.761631],[19.485046,51.761635],[19.485122,51.761643],[19.485179,51.761648],[19.485373,51.761671],[19.485555,51.761686],[19.485573,51.761687],[19.485592,51.761689],[19.485641,51.761693],[19.48569,51.761697],[19.485735,51.761701],[19.486334,51.76175],[19.486512,51.761764],[19.486712,51.76178],[19.486875,51.761789],[19.487319,51.761809],[19.48748,51.761819],[19.487654,51.761831],[19.488001,51.761859],[19.488829,51.76193],[19.489607,51.761993],[19.489798,51.762009],[19.490246,51.762046],[19.490777,51.762091],[19.491312,51.762132],[19.491524,51.762154],[19.491707,51.762177],[19.49199,51.762216],[19.492225,51.762244],[19.492348,51.762257],[19.492783,51.762296],[19.49284,51.7623],[19.492897,51.762305],[19.492938,51.762309],[19.492973,51.762312],[19.494539,51.762436],[19.494628,51.762444],[19.494862,51.762463],[19.495303,51.762498],[19.495469,51.762512],[19.495576,51.762521],[19.495784,51.762539],[19.496286,51.76258],[19.496452,51.762595],[19.496729,51.762634],[19.496885,51.762656],[19.497018,51.76267],[19.497238,51.762689],[19.497255,51.762691],[19.497272,51.762692],[19.497349,51.762697],[19.497395,51.7627],[19.497435,51.762703],[19.49801,51.762753],[19.498445,51.762785],[19.4988,51.762785],[19.499181,51.762817],[19.500414,51.762919],[19.500613,51.762935],[19.500995,51.762964],[19.501959,51.763043],[19.504779,51.763267],[19.505057,51.763289],[19.505318,51.763307],[19.505987,51.763361],[19.506212,51.763382]]},"properties":{"name":"Aleja Marszałka Józefa Piłsudskiego"}},{"type":"Feature","geometry":{"type":"LineString","coordinates":[[19.584524,51.863244],[19.584756,51.863172],[19.58495,51.863081],[19.589263,51.86089],[19.591521,51.859738],[19.591795,51.859594],[19.591945,51.85952],[19.594501,51.858245],[19.5981,51.856451],[19.599071,51.855961],[19.59928,51.855856],[19.599412,51.855789],[19.59947,51.855732]]},"properties":{"name":"Klonowa"}},{"type":"Feature","geometry":{"type":"LineString","coordinates":[[19.426508,51.785662],[19.426516,51.78573],[19.426519,51.785761],[19.426536,51.785857],[19.426568,51.785952],[19.426613,51.786047],[19.426663,51.786125],[19.426737,51.786221],[19.426932,51.786453],[19.427229,51.786806],[19.427438,51.787053],[19.427491,51.787117],[19.427739,51.787414],[19.427875,51.787582],[19.428041,51.787773],[19.428082,51.78782],[19.428176,51.787931],[19.428244,51.788011],[19.428271,51.788044],[19.42839,51.788185],[19.428542,51.788367],[19.428575,51.788406],[19.428639,51.788482],[19.428825,51.788706],[19.429048,51.788971],[19.429136,51.789076],[19.429283,51.789252],[19.429781,51.789845],[19.429856,51.78994],[19.429919,51.790026],[19.429966,51.7901],[19.430012,51.790177],[19.430041,51.790233],[19.430083,51.790315],[19.430096,51.79034],[19.430102,51.790354]]},"properties":{"name":"Klonowa"}},{"type":"Feature","geometry":{"type":"LineString","coordinates":[[19.562467,51.851941],[19.560214,51.846693],[19.559985,51.846162]]},"properties":{"name":"14"}},{"type":"Feature","geometry":{"type":"LineString","coordinates":[[19.582799,51.882752],[19.582765,51.882717],[19.582747,51.882698],[19.582733,51.882679],[19.582519,51.88221],[19.582576,51.882634],[19.582574,51.88267],[19.58257,51.882691],[19.582563,51.882711],[19.582554,51.88273],[19.582519,51.882773]]},"properties":{"name":"14"}},{"type":"Feature","geometry":{"type":"LineString","coordinates":[[19.582832,51.882766],[19.582909,51.882768],[19.582951,51.882766],[19.583013,51.882762],[19.583071,51.882757],[19.583149,51.88275],[19.583234,51.882746],[19.583316,51.882747],[19.583389,51.882753],[19.583454,51.882762],[19.583516,51.882776],[19.58356,51.882789],[19.583607,51.882804],[19.583666,51.882825],[19.583739,51.882854],[19.583776,51.882873],[19.583814,51.882894],[19.583853,51.882942]]},"properties":{"name":"14"}},{"type":"Feature","geometry":{"type":"LineString","coordinates":[[19.592514,51.891104],[19.592272,51.890907],[19.591748,51.890445],[19.5913,51.889936],[19.591196,51.889847],[19.590255,51.888988],[19.589477,51.888284],[19.589224,51.88806],[19.588363,51.887266],[19.587008,51.886037],[19.586764,51.88582],[19.5862,51.885312],[19.585884,51.885022],[19.585564,51.884708],[19.585241,51.884378],[19.584439,51.883547],[19.584287,51.883388],[19.584013,51.883101],[19.583931,51.883014],[19.583893,51.882976],[19.583853,51.882942],[19.583678,51.882885],[19.583617,51.882864],[19.583553,51.882846],[19.583498,51.882834],[19.583451,51.882828],[19.583341,51.882822],[19.583277,51.882821],[19.583216,51.882825],[19.583152,51.882834],[19.583081,51.882851],[19.583011,51.882871],[19.582963,51.882884],[19.582917,51.882899]]},"properties":{"name":"14"}},{"type":"Feature","geometry":{"type":"LineString","coordinates":[[19.592698,51.891157],[19.593008,51.891432],[19.59349,51.891931],[19.592773,51.891367]]},"properties":{"name":"14"}},{"type":"Feature","geometry":{"type":"LineString","coordinates":[[19.59349,51.891931],[19.593518,51.891956],[19.594424,51.892768],[19.59494,51.893257],[19.595272,51.893554],[19.5956,51.893854],[19.596172,51.894377],[19.596591,51.89476],[19.598178,51.896205],[19.59842,51.896426],[19.598787,51.896756],[19.598881,51.896839],[19.599015,51.896962],[19.599317,51.897244],[19.600477,51.898285],[19.600709,51.8985],[19.600844,51.898625],[19.601098,51.898868],[19.60133,51.899087],[19.601605,51.899313],[19.601742,51.899434],[19.601909,51.899549],[19.602372,51.899889],[19.60276,51.900182]]},"properties":{"name":"Warszawska"}},{"type":"Feature","geometry":{"type":"LineString","coordinates":[[19.604051,51.901134],[19.604245,51.901278],[19.604327,51.901339],[19.604462,51.901439],[19.605048,51.90187],[19.605355,51.9021],[19.60549,51.902195]]},"properties":{"name":"Warszawska"}},{"type":"Feature","geometry":{"type":"LineString","coordinates":[[19.48718,51.813607],[19.487082,51.813577],[19.487063,51.813571],[19.487044,51.813565],[19.487002,51.81355],[19.486937,51.813522],[19.486925,51.813517],[19.486845,51.813483],[19.486668,51.813409],[19.486438,51.813311],[19.486378,51.813286],[19.486083,51.813161],[19.484927,51.812671],[19.483333,51.811996],[19.483228,51.811951],[19.483124,51.811907],[19.482401,51.811601],[19.482288,51.811553],[19.482198,51.811515],[19.481479,51.81121],[19.481384,51.81117],[19.481275,51.811124],[19.480607,51.81084],[19.480505,51.810798],[19.480403,51.810754],[19.480239,51.810685],[19.480191,51.810665],[19.479982,51.810576],[19.479947,51.810561],[19.479922,51.81055],[19.47977,51.810486],[19.479657,51.810438],[19.479279,51.810278],[19.47898,51.810151],[19.478879,51.810109],[19.478776,51.810065],[19.478129,51.809791],[19.478032,51.80975],[19.477935,51.809709],[19.477743,51.809627],[19.477452,51.809504],[19.477354,51.809462],[19.477327,51.809451],[19.477303,51.809441],[19.477279,51.80943],[19.477183,51.809389],[19.47709,51.809349],[19.475262,51.808575],[19.474908,51.808425],[19.47485,51.8084],[19.474791,51.808375],[19.473989,51.808035],[19.473431,51.807799],[19.473384,51.807779],[19.473198,51.8077],[19.473162,51.807685],[19.473138,51.807675],[19.473114,51.807665],[19.472984,51.807599],[19.472962,51.807587],[19.472861,51.807529],[19.472849,51.807521],[19.472837,51.807513],[19.472678,51.807411],[19.472437,51.807241],[19.472347,51.807183],[19.47227,51.807144],[19.472191,51.807108],[19.472046,51.807046],[19.471986,51.807026],[19.471797,51.806976],[19.471686,51.80695],[19.471597,51.806927],[19.471519,51.806898],[19.470986,51.806668],[19.470908,51.806635],[19.470732,51.806559],[19.470676,51.806534],[19.470661,51.806528],[19.470622,51.806511],[19.470599,51.806501],[19.470048,51.806263],[19.469857,51.80618],[19.469825,51.806167],[19.469598,51.806069],[19.468654,51.805666],[19.46862,51.805651],[19.46859,51.805639],[19.468359,51.805539],[19.468321,51.805522],[19.468263,51.805497],[19.468072,51.805415],[19.46803,51.805397],[19.467995,51.805381],[19.467959,51.805366],[19.467782,51.805287],[19.467581,51.805198],[19.46747,51.805149],[19.467353,51.805099],[19.466818,51.804868],[19.466727,51.804828],[19.466617,51.804781],[19.466562,51.804757],[19.466229,51.804613],[19.466183,51.804593],[19.466089,51.804553],[19.466001,51.804515],[19.465962,51.804498],[19.46579,51.804423],[19.465544,51.804317],[19.465428,51.804267],[19.465174,51.804157],[19.465154,51.804149],[19.465123,51.804135],[19.464772,51.803983],[19.46473,51.803965],[19.464467,51.803851],[19.46443,51.803835],[19.464171,51.803723],[19.464127,51.803705],[19.464052,51.803672],[19.46397,51.803636],[19.4639,51.803606],[19.46388,51.803598],[19.463831,51.803577],[19.46376,51.803547],[19.46358,51.803472],[19.463535,51.803453],[19.463443,51.803414],[19.463278,51.803343],[19.463233,51.803324],[19.462982,51.803215],[19.462943,51.803198],[19.462907,51.803183],[19.462851,51.803158],[19.462681,51.803083],[19.4626,51.803047],[19.462478,51.802994],[19.462435,51.802975],[19.462172,51.802859],[19.462105,51.80283],[19.46188,51.802733],[19.461832,51.802713],[19.461584,51.802605],[19.461542,51.802587],[19.461289,51.802478],[19.461243,51.802458],[19.460996,51.802351],[19.460952,51.802332],[19.460684,51.802216],[19.460594,51.802177],[19.460393,51.80209],[19.460058,51.801945],[19.460015,51.801928],[19.4599,51.801887],[19.459777,51.801849],[19.459636,51.801814],[19.459467,51.801783],[19.459453,51.801781],[19.459405,51.801775],[19.459259,51.801763],[19.459187,51.801728],[19.45916,51.801723],[19.459108,51.80172],[19.459024,51.801723],[19.458943,51.801725],[19.458861,51.80173],[19.45879,51.801737],[19.458717,51.801746],[19.458649,51.801757],[19.458409,51.801801],[19.458381,51.801806],[19.458346,51.801812],[19.458325,51.801816],[19.458304,51.80182],[19.458136,51.801851],[19.458087,51.801866],[19.45806,51.801878],[19.458035,51.801892],[19.457999,51.80192],[19.457946,51.80197],[19.457903,51.802024],[19.457875,51.802071]]},"properties":{"name":"Warszawska"}},{"type":"Feature","geometry":{"type":"LineString","coordinates":[[19.304547,51.820759],[19.304609,51.820881],[19.304644,51.820945],[19.304792,51.821216],[19.3048,51.821227],[19.304876,51.821339],[19.304967,51.821495],[19.305074,51.821691],[19.305117,51.821768],[19.305174,51.821869],[19.305301,51.822098],[19.305545,51.822537],[19.305604,51.822644],[19.305836,51.82306],[19.30591,51.823191],[19.305984,51.823326],[19.306354,51.824002],[19.307428,51.825936],[19.307578,51.826205],[19.307746,51.826507],[19.307803,51.82661],[19.307849,51.826671],[19.307893,51.826716],[19.307948,51.82676],[19.307999,51.826788],[19.30798,51.82684],[19.307979,51.826883],[19.307985,51.826915],[19.30804,51.827026]]},"properties":{"name":"Warszawska"}},{"type":"Feature","geometry":{"type":"LineString","coordinates":[[19.390036,51.663288],[19.390302,51.663281],[19.391106,51.663259],[19.391521,51.663247],[19.392138,51.663229]]},"properties":{"name":"Warszawska"}},{"type":"Feature","geometry":{"type":"LineString","coordinates":[[19.392878,51.663582],[19.39292,51.663666],[19.392929,51.663683],[19.392967,51.663758],[19.393021,51.663865],[19.393085,51.663992],[19.393181,51.66418],[19.393433,51.664673],[19.393627,51.66505],[19.393876,51.665531],[19.394279,51.666308],[19.394561,51.666852],[19.394846,51.667402],[19.395203,51.668089],[19.395233,51.668148],[19.395931,51.669492],[19.396049,51.669719],[19.396159,51.669932],[19.396229,51.670067],[19.396241,51.670089],[19.3963,51.670201]]},"properties":{"name":"Warszawska"}},{"type":"Feature","geometry":{"type":"LineString","coordinates":[[19.601742,51.899434],[19.601796,51.899399]]},"properties":{"name":"Targowa"}},{"type":"Feature","geometry":{"type":"LineString","coordinates":[[19.473633,51.756132],[19.473627,51.756183],[19.473623,51.756208],[19.473617,51.75623],[19.473612,51.75625],[19.473583,51.756376],[19.473543,51.756552],[19.473496,51.756757],[19.473488,51.756799],[19.473445,51.757],[19.473305,51.757605],[19.473275,51.75775],[19.473204,51.758074],[19.473186,51.758157],[19.473181,51.758179],[19.473132,51.758392],[19.473047,51.758763],[19.473043,51.758784],[19.472984,51.759046],[19.472943,51.759243],[19.472925,51.759339],[19.472919,51.759373],[19.472908,51.759441],[19.472905,51.759464],[19.472892,51.759549]]},"properties":{"name":"Targowa"}},{"type":"Feature","geometry":{"type":"LineString","coordinates":[[19.599748,51.900664],[19.599846,51.900701],[19.600015,51.900739],[19.600285,51.900768],[19.601091,51.900857],[19.601452,51.900894],[19.601656,51.900916]]},"properties":{"name":"Plac Waleriana Łukasińskiego"}},{"type":"Feature","geometry":{"type":"LineString","coordinates":[[19.604051,51.901134],[19.603987,51.901159],[19.603912,51.901175],[19.603751,51.901165],[19.602714,51.901054],[19.601856,51.900947],[19.601656,51.900916]]},"properties":{"name":"Macieja Stryjkowskiego"}},{"type":"Feature","geometry":{"type":"LineString","coordinates":[[19.594477,51.905534],[19.594511,51.90554],[19.594548,51.905544],[19.594603,51.905544],[19.595185,51.905502],[19.595359,51.90549],[19.595895,51.90544],[19.596031,51.905415],[19.596292,51.905359],[19.59764,51.905007],[19.600489,51.904262],[19.600723,51.904203],[19.601665,51.903952],[19.602012,51.903849],[19.602361,51.903733],[19.602521,51.90367],[19.602921,51.90351],[19.603085,51.903439],[19.603251,51.903368],[19.603646,51.903161],[19.604078,51.902938],[19.60422,51.902864],[19.604326,51.902803],[19.604615,51.902652],[19.60549,51.902195]]},"properties":{"name":"Mikołaja Kopernika"}},{"type":"Feature","geometry":{"type":"LineString","coordinates":[[19.434556,51.757092],[19.43463,51.757121],[19.434695,51.757143],[19.43478,51.757173],[19.434931,51.757226]]},"properties":{"name":"Mikołaja Kopernika"}},{"type":"Feature","geometry":{"type":"LineString","coordinates":[[19.447569,51.762026],[19.447489,51.762],[19.447372,51.761954],[19.447206,51.761887],[19.447162,51.761869],[19.447137,51.761859],[19.447113,51.76185],[19.44708,51.761836],[19.447066,51.761831],[19.44687,51.761752],[19.446807,51.761727],[19.446501,51.761604],[19.446125,51.761454],[19.445993,51.761401],[19.445766,51.76131],[19.445171,51.761073],[19.444942,51.760979],[19.444839,51.760937],[19.444561,51.760825],[19.444511,51.760805],[19.44429,51.760716],[19.444249,51.7607],[19.443923,51.760569],[19.443796,51.760519],[19.443746,51.760498],[19.443614,51.760445],[19.443265,51.760303],[19.443221,51.760285],[19.443099,51.760236],[19.443037,51.760211],[19.442881,51.760149],[19.442715,51.760082],[19.442519,51.760003],[19.442462,51.75998],[19.442399,51.759955],[19.442162,51.759859],[19.442134,51.759847],[19.441766,51.759701],[19.441704,51.759675],[19.441502,51.759594],[19.441431,51.759565],[19.441206,51.759474],[19.440879,51.759341],[19.440825,51.759319],[19.440649,51.759249],[19.440546,51.759208],[19.440358,51.759135],[19.440264,51.759099],[19.439977,51.758992],[19.439912,51.758968],[19.439554,51.75884],[19.439433,51.758797],[19.439278,51.758742],[19.439043,51.758658],[19.439003,51.758644],[19.438841,51.758587],[19.438429,51.758444],[19.438178,51.758357],[19.438061,51.758316],[19.438006,51.758297],[19.437825,51.758233],[19.437533,51.758131],[19.437422,51.758093],[19.437241,51.758029],[19.437009,51.757949],[19.436811,51.75788],[19.436428,51.757746],[19.436045,51.757613],[19.435652,51.757477],[19.435527,51.757433],[19.435266,51.757342],[19.435167,51.757308],[19.434931,51.757226],[19.43489,51.757227],[19.434808,51.757235],[19.434736,51.757243],[19.434677,51.757253],[19.434626,51.757265],[19.434605,51.757271],[19.434522,51.757301],[19.434448,51.757336],[19.434372,51.757376]]},"properties":{"name":"Mikołaja Kopernika"}},{"type":"Feature","geometry":{"type":"LineString","coordinates":[[19.594477,51.905534],[19.594208,51.905903]]},"properties":{"name":"Kolejowa"}},{"type":"Feature","geometry":{"type":"LineString","coordinates":[[19.594085,51.906206],[19.5941,51.906153],[19.594123,51.906095],[19.594154,51.906035],[19.594196,51.905966],[19.594208,51.905903],[19.594139,51.905952],[19.594081,51.906016],[19.594029,51.90607],[19.593982,51.906115],[19.593898,51.906163]]},"properties":{"name":"Kolejowa"}},{"type":"Feature","geometry":{"type":"LineString","coordinates":[[19.593945,51.906413],[19.593864,51.90646],[19.593824,51.906498],[19.593763,51.90656],[19.593632,51.906678]]},"properties":{"name":"Kolejowa"}},{"type":"Feature","geometry":{"type":"LineString","coordinates":[[19.591513,51.909576],[19.592986,51.907575],[19.593326,51.907114],[19.593632,51.906678],[19.593663,51.90661],[19.593735,51.906472],[19.593759,51.906418],[19.593769,51.906366]]},"properties":{"name":"Kolejowa"}},{"type":"Feature","geometry":{"type":"LineString","coordinates":[[19.332832,51.741399],[19.332917,51.741347],[19.332987,51.741294],[19.333081,51.741218],[19.333488,51.740871],[19.33355,51.740818],[19.333772,51.740628],[19.334817,51.739739],[19.335177,51.739434],[19.335219,51.739399],[19.336055,51.738687],[19.336797,51.738054],[19.337528,51.737434],[19.337971,51.737055],[19.338427,51.736668],[19.338578,51.736539],[19.339141,51.736063],[19.339703,51.735584],[19.340273,51.735099],[19.340825,51.734628],[19.34138,51.734156],[19.341513,51.734046],[19.341583,51.733993],[19.341651,51.733945],[19.34174,51.733887],[19.34216,51.733645]]},"properties":{"name":"Kolejowa"}},{"type":"Feature","geometry":{"type":"LineString","coordinates":[[19.591513,51.909576],[19.591584,51.909592],[19.592015,51.909668],[19.59296,51.909793],[19.593131,51.909816],[19.594014,51.909931]]},"properties":{"name":"Stefana Batorego"}},{"type":"Feature","geometry":{"type":"LineString","coordinates":[[19.601656,51.900916],[19.60182,51.900778],[19.601932,51.900702],[19.602627,51.90026],[19.60276,51.900182]]},"properties":{"name":"Grunwaldzka"}},{"type":"Feature","geometry":{"type":"LineString","coordinates":[[19.503743,51.814539],[19.50324,51.814613],[19.502791,51.814685],[19.502347,51.814748],[19.501349,51.81489],[19.50083,51.814951],[19.500544,51.814977],[19.5002,51.814977],[19.49936,51.814922],[19.498926,51.814895],[19.498624,51.814876],[19.498227,51.814851],[19.498162,51.814846],[19.497624,51.814809],[19.497231,51.814786],[19.497093,51.814777],[19.496764,51.814754],[19.496526,51.814738],[19.49627,51.814704],[19.496142,51.814681],[19.49578,51.814606]]},"properties":{"name":"Łupkowa"}},{"type":"Feature","geometry":{"type":"LineString","coordinates":[[19.49578,51.814606],[19.49543,51.814533],[19.495085,51.814487],[19.494998,51.814481],[19.494767,51.814464],[19.494045,51.814435],[19.492691,51.814379],[19.492605,51.814376],[19.491336,51.814321],[19.49113,51.814312],[19.490852,51.814294],[19.49073,51.814285],[19.490611,51.814275],[19.49057,51.814272],[19.489553,51.814172],[19.489381,51.814154],[19.488482,51.814059],[19.488327,51.814039],[19.488281,51.81403],[19.488228,51.814017],[19.488165,51.813999],[19.488074,51.813966],[19.487421,51.813691],[19.48737,51.81367],[19.48728,51.813638],[19.48718,51.813607]]},"properties":{"name":"Kryształowa"}},{"type":"Feature","geometry":{"type":"LineString","coordinates":[[19.480127,51.806408],[19.477456,51.806525],[19.477289,51.806532],[19.477173,51.806541],[19.477112,51.806551],[19.474743,51.806954],[19.474637,51.806968],[19.474368,51.806986],[19.47405,51.807003],[19.47401,51.807008],[19.473971,51.807015],[19.473892,51.807033],[19.473388,51.807153],[19.473152,51.807208],[19.473092,51.807223],[19.472845,51.807281],[19.472826,51.807287],[19.4728,51.807299],[19.472773,51.807317],[19.472752,51.807332],[19.472749,51.807334],[19.472738,51.807344],[19.472707,51.807375],[19.472678,51.807411]]},"properties":{"name":"Tęczowa"}},{"type":"Feature","geometry":{"type":"LineString","coordinates":[[19.480848,51.80638],[19.480939,51.806376]]},"properties":{"name":"Tęczowa"}},{"type":"Feature","geometry":{"type":"LineString","coordinates":[[19.406998,51.864186],[19.406899,51.864186],[19.406796,51.864183],[19.405839,51.864109],[19.405747,51.864102],[19.405618,51.864092],[19.405516,51.864084],[19.404679,51.86402],[19.404298,51.86399],[19.404168,51.863977],[19.404071,51.863964],[19.403345,51.863848],[19.403218,51.863828],[19.40303,51.863798],[19.402773,51.863757],[19.402393,51.863696],[19.402116,51.863653],[19.401647,51.86358],[19.401226,51.863518],[19.400936,51.863474],[19.400722,51.86345]]},"properties":{"name":"Arkadiusza Musierowicza"}},{"type":"Feature","geometry":{"type":"LineString","coordinates":[[19.411434,51.7185],[19.411964,51.718685],[19.414759,51.719712],[19.415013,51.719804],[19.415414,51.719941],[19.415903,51.720114],[19.416199,51.720215],[19.416801,51.720431],[19.416909,51.720465],[19.417005,51.720487],[19.417122,51.72051],[19.41719,51.720518],[19.417256,51.720522],[19.417376,51.720518],[19.417469,51.720506],[19.417567,51.720483],[19.41766,51.720456],[19.417873,51.720384],[19.418045,51.720324],[19.41828,51.720246],[19.418732,51.720091],[19.420043,51.719642],[19.420202,51.719595],[19.420587,51.719469],[19.420747,51.719416],[19.423095,51.718608],[19.42329,51.718542],[19.423413,51.7185],[19.423799,51.718369],[19.423823,51.718361],[19.424317,51.718197],[19.424635,51.718089],[19.424761,51.718046],[19.425342,51.71785],[19.426484,51.717465],[19.429283,51.716509],[19.429371,51.716479],[19.42945,51.716452],[19.429549,51.716417],[19.430801,51.715974],[19.431071,51.715878],[19.431188,51.715836],[19.431305,51.715794],[19.431396,51.715762],[19.431454,51.715742],[19.431512,51.715721],[19.431629,51.715679],[19.431829,51.715608],[19.431962,51.715559],[19.432337,51.715427],[19.432676,51.715307],[19.43276,51.715277],[19.432822,51.715257],[19.432868,51.71524],[19.432882,51.715235],[19.43303,51.715181],[19.43316,51.715123],[19.433222,51.715095],[19.433351,51.715036]]},"properties":{"name":"Stanisława Dubois"}},{"type":"Feature","geometry":{"type":"LineString","coordinates":[[19.417469,51.720506],[19.417483,51.720582],[19.417851,51.722717],[19.417865,51.722803],[19.41796,51.723372],[19.417963,51.723395],[19.417974,51.723469]]},"properties":{"name":"Polarna"}},{"type":"Feature","geometry":{"type":"LineString","coordinates":[[19.417974,51.723469],[19.41828,51.723445],[19.419356,51.72335],[19.419413,51.723345],[19.419458,51.723341],[19.419897,51.723301],[19.420011,51.723286],[19.420104,51.723278],[19.421218,51.723159],[19.421674,51.72311],[19.422531,51.723011],[19.423186,51.722936],[19.423277,51.722932],[19.423347,51.722932],[19.423447,51.722932],[19.42351,51.722931],[19.423574,51.722933],[19.423724,51.722941],[19.424596,51.722987],[19.425882,51.723043],[19.42641,51.723071],[19.426494,51.723074],[19.426587,51.723076],[19.426795,51.723072],[19.426888,51.72307],[19.427135,51.723064],[19.427457,51.723053],[19.42767,51.723046],[19.42963,51.722983],[19.429991,51.722971],[19.43194,51.722898],[19.432162,51.72289],[19.43284,51.722869],[19.433096,51.722861],[19.433477,51.722849],[19.433493,51.722848],[19.434756,51.722807],[19.43581,51.722767],[19.436761,51.722735],[19.437845,51.722695],[19.438934,51.722664],[19.439336,51.722653],[19.439448,51.722649],[19.439522,51.722647],[19.439595,51.722644],[19.440444,51.722616],[19.440855,51.722602],[19.441046,51.722591],[19.441342,51.722581],[19.441566,51.722572],[19.441694,51.722568],[19.441758,51.722566],[19.441951,51.722554],[19.442012,51.722547],[19.442065,51.722533],[19.442141,51.722497],[19.442204,51.722467],[19.442329,51.722409]]},"properties":{"name":"Generała Ignacego Prądzyńskiego"}},{"type":"Feature","geometry":{"type":"LineString","coordinates":[[19.434756,51.722807],[19.434701,51.722738],[19.431795,51.719305],[19.431461,51.71891],[19.431235,51.718642],[19.430961,51.718313],[19.430909,51.71825],[19.430607,51.717888],[19.430544,51.717827],[19.43037,51.717702],[19.430262,51.717613],[19.430163,51.717512],[19.42958,51.716848],[19.429339,51.716573],[19.429283,51.716509]]},"properties":{"name":"Pokładowa"}},{"type":"Feature","geometry":{"type":"LineString","coordinates":[[19.43567,51.716944],[19.435766,51.716896],[19.43579,51.716884],[19.435813,51.716865],[19.435832,51.716843],[19.435846,51.716816],[19.435982,51.716374],[19.436009,51.716289],[19.43607,51.716089],[19.43612,51.71593],[19.436274,51.715437],[19.436299,51.715358],[19.436574,51.714474],[19.436707,51.714048],[19.43675,51.71391],[19.436943,51.71329],[19.437086,51.712832],[19.43711,51.712755],[19.437138,51.712667],[19.437219,51.712416],[19.437241,51.712348],[19.437275,51.712242],[19.437475,51.711626],[19.437479,51.711612],[19.437495,51.711563],[19.437529,51.711465],[19.437724,51.710893],[19.437728,51.710883],[19.437742,51.710842],[19.437761,51.710783],[19.437917,51.710282],[19.437995,51.710045],[19.438006,51.710012],[19.438011,51.709996],[19.438017,51.709979],[19.438037,51.709915],[19.438062,51.709837],[19.43807,51.709811],[19.438252,51.709248],[19.438347,51.708953],[19.438439,51.708656],[19.438645,51.707996],[19.438749,51.707672],[19.438799,51.707519],[19.438977,51.706954],[19.439069,51.706661],[19.439121,51.706489],[19.439192,51.706257],[19.439375,51.705645],[19.439538,51.705147],[19.439602,51.70495],[19.439789,51.704395],[19.439887,51.704052],[19.439931,51.703919],[19.439951,51.703856],[19.439961,51.703806],[19.439964,51.703737],[19.439955,51.703582],[19.439929,51.703262],[19.439925,51.703205]]},"properties":{"name":"Starorudzka"}},{"type":"Feature","geometry":{"type":"LineString","coordinates":[[19.459589,51.711894],[19.459842,51.711867],[19.46036,51.711848],[19.460724,51.711836],[19.461085,51.711815],[19.461294,51.71181],[19.461593,51.711799],[19.461865,51.711784],[19.461949,51.71178],[19.462236,51.711764],[19.462509,51.711745],[19.462646,51.711738],[19.462665,51.711737],[19.462683,51.711735],[19.462717,51.711733],[19.462914,51.711717],[19.462973,51.711714],[19.463022,51.711711],[19.463203,51.711701],[19.463606,51.711688],[19.464132,51.711675],[19.46515,51.711672],[19.465607,51.711668],[19.465648,51.711668],[19.465682,51.711667],[19.465725,51.711667],[19.465738,51.711667],[19.465754,51.711666],[19.465976,51.711658]]},"properties":{"name":"Demokratyczna"}},{"type":"Feature","geometry":{"type":"LineString","coordinates":[[19.436288,51.709697],[19.436372,51.709708],[19.437059,51.709793],[19.43779,51.709884],[19.437859,51.709893],[19.437899,51.709898],[19.438037,51.709915],[19.438147,51.709928],[19.438171,51.709931],[19.4382,51.709935],[19.438249,51.709941],[19.442024,51.710415],[19.442153,51.710431],[19.442262,51.710445],[19.444201,51.710686],[19.444734,51.710751],[19.444809,51.71076],[19.444892,51.710772],[19.445247,51.71082],[19.445479,51.71085],[19.445607,51.710867],[19.445705,51.710879],[19.445725,51.710882],[19.445796,51.71089],[19.445844,51.710896],[19.445867,51.710899],[19.445931,51.710907],[19.446001,51.710915],[19.446608,51.710991],[19.448951,51.711285],[19.44904,51.711296],[19.449219,51.711318],[19.450198,51.711441],[19.450754,51.711509],[19.450919,51.71153],[19.451312,51.711578],[19.452391,51.711715],[19.452508,51.711729],[19.452608,51.711743],[19.454599,51.711995],[19.45485,51.712018],[19.454905,51.71202],[19.454965,51.712022],[19.455162,51.712028],[19.455362,51.712028],[19.455389,51.712028],[19.455631,51.71202],[19.457063,51.711948],[19.457449,51.71193],[19.457582,51.711925],[19.457697,51.711921],[19.457768,51.711918],[19.45779,51.711917],[19.457985,51.711908],[19.458102,51.711907],[19.458206,51.711913],[19.458309,51.711922],[19.45843,51.711929],[19.458542,51.71193],[19.458656,51.711926],[19.45894,51.711917],[19.459212,51.711907],[19.459401,51.7119],[19.459429,51.711898],[19.459589,51.711894],[19.459892,51.711913],[19.460343,51.711926],[19.460717,51.711923],[19.461263,51.711915],[19.461583,51.711903],[19.461719,51.711898],[19.461967,51.711885],[19.462185,51.711873],[19.462455,51.711859],[19.462664,51.711849],[19.462685,51.711848],[19.462702,51.711847],[19.462741,51.711845],[19.462809,51.711843],[19.463933,51.711802],[19.464698,51.711782],[19.465072,51.71177],[19.465451,51.711758],[19.46565,51.711756],[19.465686,51.711755],[19.465728,51.711755],[19.465742,51.711755],[19.465757,51.711755],[19.465992,51.711752]]},"properties":{"name":"Demokratyczna"}},{"type":"Feature","geometry":{"type":"LineString","coordinates":[[19.478936,51.709841],[19.478909,51.709798],[19.47885,51.709733],[19.478831,51.709713],[19.478569,51.709449],[19.477889,51.708821],[19.476668,51.707703],[19.476545,51.707591],[19.476452,51.707507],[19.476079,51.707162],[19.475954,51.707046],[19.475863,51.706964],[19.475661,51.706778],[19.475565,51.706687],[19.475463,51.706573],[19.47539,51.706449],[19.475338,51.70632],[19.475315,51.706227],[19.47531,51.706135],[19.475321,51.706012],[19.475345,51.705925],[19.47536,51.705888],[19.475412,51.705779],[19.475484,51.705674],[19.475558,51.705594],[19.475585,51.705565],[19.47569,51.705476],[19.47585,51.705378],[19.476017,51.705295],[19.476064,51.705272],[19.476404,51.705136],[19.476523,51.705089],[19.476589,51.705063],[19.477002,51.704899],[19.477634,51.704651],[19.477706,51.704621],[19.478049,51.704488],[19.478192,51.704431],[19.478321,51.70438],[19.478488,51.704315],[19.478626,51.704259],[19.478809,51.704185],[19.479213,51.70402],[19.479482,51.703959],[19.479696,51.703927],[19.479905,51.703913],[19.48012,51.703912],[19.48029,51.703926],[19.480465,51.703959],[19.480624,51.703999],[19.480783,51.70405],[19.480822,51.704062],[19.480985,51.704131],[19.481109,51.704197],[19.481211,51.704264],[19.481307,51.704337],[19.481382,51.704405],[19.481494,51.704522],[19.481517,51.704544],[19.481665,51.704703],[19.481784,51.704831],[19.481833,51.704883],[19.481926,51.704983],[19.481967,51.705025],[19.482161,51.70523],[19.482226,51.705298],[19.482304,51.705382],[19.482428,51.705516],[19.482575,51.705672],[19.48287,51.705987],[19.482944,51.706066],[19.483026,51.706152],[19.483631,51.70679],[19.484328,51.707526],[19.484467,51.707677],[19.484542,51.707778],[19.48456,51.707803],[19.484626,51.707937],[19.484664,51.708054],[19.48467,51.708085],[19.484702,51.708227],[19.484727,51.708353],[19.484758,51.708508],[19.484829,51.708839],[19.484856,51.708967],[19.484909,51.70924],[19.484912,51.709254],[19.484931,51.709367]]},"properties":{"name":"Aleja Matek Polskich"}},{"type":"Feature","geometry":{"type":"LineString","coordinates":[[19.480438,51.725446],[19.480339,51.72541],[19.480302,51.725397],[19.480201,51.72536]]},"properties":{"name":"Dachowa"}},{"type":"Feature","geometry":{"type":"LineString","coordinates":[[19.436288,51.709697],[19.436269,51.709757],[19.435999,51.710569],[19.435982,51.710618],[19.435769,51.711256],[19.435747,51.711298],[19.43572,51.711333]]},"properties":{"name":"Doktora Zdzisława Mierzyńskiego"}},{"type":"Feature","geometry":{"type":"LineString","coordinates":[[19.43572,51.711333],[19.435672,51.711378],[19.435661,51.711387],[19.435588,51.711431],[19.435147,51.711637],[19.434689,51.711852],[19.43455,51.711918],[19.43363,51.712356],[19.433458,51.712437],[19.432554,51.712865],[19.431855,51.713195],[19.431499,51.713365],[19.431437,51.713393],[19.431383,51.713418]]},"properties":{"name":"Witolda Gombrowicza"}},{"type":"Feature","geometry":{"type":"LineString","coordinates":[[19.411434,51.7185],[19.411465,51.718462],[19.411585,51.718318]]},"properties":{"name":"Zatokowa"}},{"type":"Feature","geometry":{"type":"LineString","coordinates":[[19.465972,51.733044],[19.465404,51.733715],[19.465383,51.733745],[19.465367,51.733783],[19.465359,51.733827],[19.46535,51.733915],[19.465328,51.734145],[19.46533,51.734187],[19.46534,51.734226],[19.465353,51.734251],[19.465373,51.734282],[19.465469,51.73442],[19.465522,51.734496]]},"properties":{"name":"Unicka"}},{"type":"Feature","geometry":{"type":"LineString","coordinates":[[19.439931,51.726722],[19.439927,51.726646],[19.439899,51.726341],[19.439874,51.725944],[19.439817,51.725182],[19.439795,51.724925],[19.439725,51.724117],[19.439693,51.723767],[19.439686,51.723666],[19.43968,51.723603],[19.439661,51.723334],[19.43964,51.723122],[19.439601,51.722729],[19.439595,51.722644]]},"properties":{"name":"Zamojska"}},{"type":"Feature","geometry":{"type":"LineString","coordinates":[[19.423039,51.727221],[19.422423,51.727204],[19.422239,51.727194],[19.422126,51.727158],[19.422051,51.727111],[19.422013,51.727046],[19.422019,51.726981],[19.422075,51.726912],[19.422133,51.726882],[19.422234,51.726866],[19.422292,51.726863],[19.422358,51.726872],[19.422449,51.726905],[19.422519,51.72694],[19.422764,51.727107],[19.422852,51.727159],[19.422943,51.72719],[19.423039,51.727221],[19.423141,51.727228],[19.423263,51.72723],[19.423394,51.727228],[19.424027,51.727212],[19.424672,51.727192],[19.425609,51.727163],[19.426049,51.727147],[19.426692,51.727127],[19.426901,51.72712],[19.427201,51.727112],[19.427996,51.727087],[19.428598,51.72707],[19.428926,51.727061],[19.429156,51.727053],[19.429326,51.727048],[19.429464,51.727043],[19.429581,51.72704],[19.429645,51.727038],[19.429681,51.727036],[19.430351,51.727018],[19.430944,51.727001],[19.431114,51.726998],[19.431331,51.72699],[19.431642,51.72698],[19.432937,51.726942],[19.433094,51.726939],[19.435551,51.72686],[19.435729,51.726856],[19.436771,51.726829],[19.437026,51.726821],[19.437117,51.726818],[19.438242,51.726781],[19.43842,51.726775],[19.439129,51.726751],[19.439513,51.726738],[19.439664,51.726734],[19.439931,51.726722],[19.440005,51.726719],[19.440581,51.726695],[19.440654,51.726692],[19.441846,51.726651],[19.443137,51.726616],[19.444484,51.726569]]},"properties":{"name":"Świętego Franciszka z Asyżu"}},{"type":"Feature","geometry":{"type":"LineString","coordinates":[[19.423263,51.72723],[19.423253,51.727148],[19.423182,51.726523],[19.423135,51.726084],[19.423127,51.726014],[19.423058,51.72531],[19.423049,51.725213],[19.423039,51.725119],[19.423024,51.724964],[19.423018,51.724887],[19.423023,51.724776],[19.423038,51.724669],[19.423069,51.724501],[19.423076,51.724461],[19.423122,51.724299],[19.42315,51.724199],[19.423292,51.723684],[19.423297,51.723666],[19.423377,51.723377],[19.423391,51.723305],[19.423397,51.72323],[19.423393,51.723143],[19.423379,51.723063],[19.42336,51.722979],[19.423347,51.722932]]},"properties":{"name":"Czahary"}},{"type":"Feature","geometry":{"type":"LineString","coordinates":[[19.453321,51.715772],[19.453227,51.715756],[19.453099,51.715763],[19.452492,51.715835],[19.451976,51.715894],[19.451438,51.715957],[19.450423,51.716083],[19.448787,51.716465],[19.448498,51.716532],[19.448186,51.716605],[19.448095,51.716626],[19.447684,51.716723],[19.44711,51.716859],[19.446857,51.71692],[19.446037,51.717113],[19.445954,51.717132],[19.445506,51.717236],[19.444068,51.71757],[19.443667,51.717669],[19.443119,51.717797],[19.442693,51.717898],[19.442542,51.717934],[19.442295,51.717992],[19.441881,51.71809],[19.441779,51.71813],[19.441731,51.718141],[19.441366,51.71823],[19.440806,51.718366],[19.440291,51.718502],[19.440165,51.718535],[19.439924,51.718602],[19.439449,51.718734],[19.439131,51.718821],[19.439012,51.718854],[19.438489,51.718998],[19.438425,51.719017],[19.43839,51.719027],[19.438368,51.719033],[19.438256,51.719066],[19.438106,51.719109],[19.438071,51.71912],[19.438039,51.719133],[19.437909,51.71919]]},"properties":{"name":"3 Maja"}},{"type":"Feature","geometry":{"type":"LineString","coordinates":[[19.21093,51.75374],[19.210992,51.753735],[19.211069,51.753713],[19.211214,51.753658],[19.211734,51.753453],[19.212526,51.753148],[19.212927,51.752993],[19.213116,51.752921],[19.213294,51.752852],[19.213516,51.752766],[19.213986,51.752584],[19.214106,51.752549],[19.214167,51.752534],[19.214237,51.752522],[19.214359,51.752508],[19.214482,51.752507],[19.2146,51.75251],[19.214947,51.752528],[19.215543,51.752568],[19.216072,51.752613],[19.216506,51.75267],[19.216951,51.752741],[19.217154,51.752776],[19.217377,51.752811],[19.217664,51.752866],[19.217939,51.752925],[19.218228,51.753011],[19.218493,51.753105],[19.218753,51.753237],[19.219189,51.753541],[19.219219,51.753562],[19.219677,51.753882],[19.220141,51.754202],[19.220374,51.754362],[19.220485,51.754445],[19.220585,51.754523],[19.220667,51.754616],[19.2207,51.754659],[19.220728,51.754703],[19.220749,51.754736],[19.220766,51.754771],[19.2208,51.754842],[19.220856,51.754985],[19.220873,51.755031],[19.221066,51.755538],[19.221241,51.756002],[19.221319,51.756214],[19.221385,51.756415],[19.221473,51.756842],[19.22158,51.7574],[19.221582,51.757412],[19.22162,51.7576],[19.221672,51.757856],[19.22168,51.757905],[19.221711,51.758002],[19.221746,51.758071],[19.221791,51.758134],[19.221851,51.758194],[19.221896,51.75823],[19.221952,51.758263],[19.22201,51.758291],[19.222076,51.758316]]},"properties":{"name":"3 Maja"}},{"type":"Feature","geometry":{"type":"LineString","coordinates":[[19.453688,51.716238],[19.453641,51.716195],[19.453604,51.716151],[19.453371,51.715805],[19.453321,51.715772]]},"properties":{"name":"Świetlicowa"}},{"type":"Feature","geometry":{"type":"LineString","coordinates":[[19.453688,51.716238],[19.453795,51.716295],[19.453925,51.716346],[19.455924,51.717105]]},"properties":{"name":"Pryncypalna"}},{"type":"Feature","geometry":{"type":"LineString","coordinates":[[19.473622,51.723825],[19.472751,51.723494],[19.47234,51.723338],[19.472204,51.723287],[19.471974,51.723199],[19.471539,51.723034],[19.471446,51.723],[19.471368,51.722971],[19.471271,51.722935],[19.470672,51.722709],[19.470324,51.722576],[19.470189,51.722524],[19.470068,51.722479],[19.469505,51.722266],[19.469397,51.722224],[19.469304,51.72219],[19.468965,51.722059],[19.468625,51.721929],[19.468597,51.721918],[19.468485,51.721874],[19.468217,51.721769],[19.467877,51.721636],[19.467682,51.72156],[19.467586,51.721523],[19.467174,51.721368],[19.466684,51.721186],[19.466233,51.721018],[19.466139,51.720986],[19.465957,51.720925],[19.465847,51.720881],[19.465742,51.720841],[19.465655,51.720807],[19.465028,51.720567],[19.464965,51.720543],[19.464905,51.72052],[19.464695,51.720439],[19.464181,51.720242],[19.462538,51.71961],[19.461403,51.71918],[19.460123,51.718695],[19.459928,51.718621],[19.459611,51.718504],[19.459157,51.718333],[19.458221,51.71798],[19.458023,51.717908]]},"properties":{"name":"Pryncypalna"}},{"type":"Feature","geometry":{"type":"LineString","coordinates":[[19.455924,51.717105],[19.456193,51.717198],[19.456559,51.717336],[19.456689,51.717386],[19.456743,51.717407],[19.456908,51.717469],[19.456976,51.717494],[19.457178,51.717568],[19.457361,51.717646],[19.457407,51.717663],[19.457432,51.717673],[19.457442,51.717677],[19.457728,51.717787],[19.457835,51.717825],[19.458023,51.717908],[19.457741,51.717847],[19.457552,51.717787],[19.457418,51.71774],[19.457354,51.717717],[19.457311,51.717699],[19.45713,51.717633],[19.456926,51.717562],[19.456826,51.717521],[19.456692,51.717462],[19.456669,51.717452],[19.456615,51.717427],[19.456475,51.717373],[19.456269,51.717281],[19.455924,51.717105]]},"properties":{"name":"Pryncypalna"}},{"type":"Feature","geometry":{"type":"LineString","coordinates":[[19.473622,51.723825],[19.47368,51.723764],[19.473885,51.723546],[19.473899,51.723532],[19.474046,51.723382],[19.47408,51.723345],[19.474186,51.723232],[19.474246,51.72317],[19.474417,51.722992],[19.474628,51.722772],[19.474925,51.722463],[19.474958,51.722429],[19.475405,51.72198],[19.475449,51.721936],[19.475557,51.721829],[19.47619,51.72119],[19.476235,51.721143],[19.476433,51.720946],[19.476518,51.720861],[19.476808,51.720562],[19.47688,51.720491],[19.476901,51.72047],[19.476966,51.720404],[19.477096,51.720276],[19.477159,51.720212],[19.477488,51.719877],[19.477566,51.719788],[19.477572,51.719777],[19.47766,51.719692],[19.477835,51.719521],[19.477852,51.719504],[19.478226,51.719137],[19.478276,51.719085]]},"properties":{"name":"Kongresowa"}},{"type":"Feature","geometry":{"type":"LineString","coordinates":[[19.478276,51.719085],[19.478455,51.718904],[19.478806,51.718548],[19.478875,51.718483],[19.478924,51.718442],[19.47896,51.718417],[19.478998,51.718396],[19.479056,51.718369],[19.479075,51.718358],[19.479476,51.71824],[19.479857,51.718132],[19.480295,51.718004],[19.480778,51.717868],[19.480863,51.717843],[19.481676,51.717605],[19.481762,51.717579],[19.481806,51.717568],[19.481867,51.717562],[19.48193,51.71756],[19.481982,51.717564],[19.482063,51.717573],[19.482936,51.717708],[19.483204,51.717748],[19.483235,51.717753],[19.483641,51.717819],[19.48366,51.717822],[19.483797,51.717842],[19.484016,51.717879],[19.484218,51.717908],[19.484381,51.717955],[19.484548,51.717973],[19.484577,51.717976],[19.48463,51.717979],[19.484915,51.717971]]},"properties":{"name":"Strażacka"}},{"type":"Feature","geometry":{"type":"LineString","coordinates":[[19.444484,51.726569],[19.444532,51.72656],[19.444566,51.726544],[19.444596,51.726521],[19.444752,51.726356],[19.445148,51.725939],[19.445172,51.725903],[19.445181,51.72587],[19.445175,51.72564],[19.445169,51.725273],[19.445172,51.725245],[19.445169,51.725186],[19.445189,51.725151],[19.445207,51.725122],[19.445219,51.725083],[19.445225,51.725009]]},"properties":{"name":"Leszczowa"}},{"type":"Feature","geometry":{"type":"LineString","coordinates":[[19.463506,51.726164],[19.463535,51.726176]]},"properties":{"name":"Karpacka"}},{"type":"Feature","geometry":{"type":"LineString","coordinates":[[19.519536,51.755073],[19.519467,51.755158],[19.519457,51.755175],[19.519376,51.755398],[19.519296,51.755638],[19.519268,51.755724],[19.519073,51.756333],[19.518899,51.756924],[19.518893,51.756944],[19.518867,51.757014],[19.518798,51.757195],[19.518748,51.757332],[19.518692,51.757501],[19.518647,51.757654],[19.518454,51.75832],[19.518342,51.758701],[19.518312,51.758808],[19.518288,51.758917],[19.518255,51.759062],[19.51825,51.759083],[19.518238,51.759209],[19.518225,51.759328],[19.51822,51.759347],[19.518192,51.759569],[19.518168,51.759725],[19.518146,51.759837],[19.518103,51.759984],[19.518031,51.760223],[19.517704,51.761315],[19.517672,51.761422],[19.51764,51.761534],[19.517618,51.761609],[19.517599,51.761675],[19.517591,51.761703],[19.517578,51.761749],[19.517569,51.761797],[19.517565,51.761825],[19.517561,51.761854],[19.517559,51.761884],[19.51756,51.761913],[19.517561,51.761929],[19.517562,51.761943],[19.517564,51.76197],[19.517572,51.762029],[19.517578,51.762056],[19.517582,51.76207],[19.517584,51.762081],[19.517592,51.762106],[19.5176,51.762134],[19.517624,51.762193]]},"properties":{"name":"Widzewska"}},{"type":"Feature","geometry":{"type":"LineString","coordinates":[[19.517624,51.762193],[19.517635,51.762217],[19.517646,51.762238],[19.51767,51.762282],[19.517697,51.762325],[19.517727,51.762369],[19.517754,51.762403],[19.51778,51.762434],[19.517808,51.762467],[19.517839,51.762498],[19.517876,51.762531],[19.517917,51.762568],[19.518008,51.762636],[19.518094,51.762695],[19.518161,51.762735],[19.518251,51.762783],[19.518492,51.762898]]},"properties":{"name":"Wałowa"}},{"type":"Feature","geometry":{"type":"LineString","coordinates":[[19.522431,51.763578],[19.522582,51.76357],[19.522706,51.763572],[19.522813,51.763579],[19.522885,51.76359],[19.522931,51.763598],[19.522987,51.76361],[19.523039,51.763625],[19.523085,51.763643],[19.52315,51.763672],[19.523185,51.763691],[19.523225,51.763718],[19.523275,51.763757],[19.523319,51.763803],[19.523359,51.763862],[19.52338,51.763904],[19.523401,51.763963],[19.523412,51.764034],[19.523412,51.764089],[19.523385,51.764155],[19.523362,51.764195],[19.523353,51.764206],[19.523315,51.764251],[19.523266,51.764292],[19.523225,51.76432],[19.523185,51.764344],[19.523144,51.764367],[19.523103,51.764385],[19.523047,51.764406],[19.522986,51.764424],[19.522926,51.764438],[19.522864,51.764449],[19.522797,51.764456],[19.52273,51.764461],[19.522686,51.764462],[19.522641,51.764461],[19.522601,51.764458],[19.522564,51.764453],[19.52249,51.764441],[19.522424,51.764426],[19.522332,51.764403],[19.522246,51.764379],[19.522079,51.764327],[19.521847,51.764253],[19.521584,51.764169],[19.521333,51.764086],[19.521202,51.76404],[19.521085,51.763997],[19.520834,51.763901],[19.520592,51.763809],[19.520343,51.76371],[19.519878,51.763518],[19.519652,51.763423],[19.519539,51.763372],[19.519425,51.763318],[19.519276,51.763251],[19.519233,51.763232],[19.518789,51.763032],[19.518492,51.762898],[19.518653,51.762757],[19.518685,51.762729],[19.518911,51.762538],[19.518958,51.762506],[19.519007,51.76248],[19.51906,51.762455],[19.519123,51.762432],[19.519205,51.762408],[19.519261,51.762396],[19.519317,51.762387],[19.519373,51.762382],[19.51943,51.762379],[19.519479,51.762379],[19.519529,51.762382],[19.519577,51.762385],[19.519627,51.76239],[19.519688,51.762401],[19.519749,51.762418],[19.520258,51.762561],[19.520321,51.762579],[19.520348,51.762586],[19.52038,51.762595],[19.520937,51.762754],[19.521053,51.762787],[19.521421,51.76289],[19.521671,51.762994],[19.521713,51.763019],[19.521749,51.763048],[19.521782,51.763079],[19.521804,51.763114],[19.521816,51.763147],[19.521822,51.76318],[19.52182,51.763209],[19.521815,51.763232],[19.521805,51.763255],[19.521792,51.763278],[19.521784,51.763289],[19.521776,51.763299],[19.521756,51.763321],[19.521732,51.763343],[19.521695,51.763369],[19.521643,51.763399],[19.521558,51.76344],[19.52149,51.763468],[19.521419,51.763492]]},"properties":{"name":"Wałowa"}},{"type":"Feature","geometry":{"type":"LineString","coordinates":[[19.478646,51.790509],[19.478482,51.790497],[19.47843,51.790492],[19.477941,51.790438],[19.476692,51.790301],[19.476502,51.790286],[19.476381,51.790282],[19.476202,51.790287],[19.4761,51.790294],[19.475688,51.790321],[19.475028,51.790364],[19.47495,51.790369],[19.474468,51.790406],[19.473809,51.790454],[19.473548,51.790468],[19.473054,51.7905],[19.472344,51.790545],[19.472218,51.790554],[19.472066,51.790566],[19.470954,51.790644],[19.470905,51.790647],[19.469657,51.790735],[19.46922,51.790763],[19.468904,51.790775],[19.46845,51.790785],[19.468398,51.790786],[19.468084,51.790794],[19.468006,51.790795],[19.467936,51.79079],[19.46787,51.790774],[19.467826,51.790753],[19.467794,51.790723]]},"properties":{"name":"Tadeusza Boya-Żeleńskiego"}},{"type":"Feature","geometry":{"type":"LineString","coordinates":[[19.467129,51.785999],[19.467112,51.786027],[19.467096,51.786049],[19.467075,51.786086],[19.46705,51.786122]]},"properties":{"name":"Starosikawska"}},{"type":"Feature","geometry":{"type":"LineString","coordinates":[[19.464912,51.785654],[19.464936,51.785607],[19.464956,51.78557],[19.465009,51.785471]]},"properties":{"name":"Marynarska"}},{"type":"Feature","geometry":{"type":"LineString","coordinates":[[19.460431,51.784716],[19.460416,51.784761],[19.460414,51.784768],[19.460404,51.784795],[19.460373,51.78487],[19.460311,51.785007],[19.460294,51.785046],[19.460228,51.785178],[19.460216,51.785207],[19.46018,51.785251],[19.460154,51.785263]]},"properties":{"name":"Franciszkańska"}},{"type":"Feature","geometry":{"type":"LineString","coordinates":[[19.460231,51.784651],[19.46023,51.784675],[19.460223,51.784734],[19.460218,51.784764],[19.460204,51.784833],[19.460184,51.784913],[19.460164,51.784987],[19.460152,51.785023],[19.460143,51.785058],[19.460129,51.785114],[19.460123,51.785139],[19.46012,51.785165],[19.460127,51.785227],[19.460154,51.785263],[19.46013,51.785316],[19.460103,51.785378],[19.460035,51.78553],[19.460006,51.785674],[19.459972,51.785847],[19.459935,51.78603],[19.459886,51.786268],[19.459862,51.786389],[19.459843,51.786473],[19.459829,51.786559],[19.459803,51.786682],[19.459783,51.78678],[19.459774,51.786825],[19.459765,51.78687],[19.45974,51.786996],[19.459697,51.787214],[19.459681,51.787295],[19.459633,51.787539],[19.459623,51.787589],[19.459617,51.787618],[19.459603,51.787689],[19.459558,51.787913],[19.459542,51.787992],[19.459516,51.788121],[19.459505,51.788179],[19.459459,51.788408],[19.459451,51.78846],[19.45945,51.788485],[19.45945,51.788499],[19.459456,51.788542],[19.459541,51.788995],[19.459549,51.78902],[19.459572,51.78907],[19.459597,51.789127],[19.459624,51.789241],[19.4597,51.789564],[19.459711,51.789611],[19.45972,51.789648],[19.459746,51.789757],[19.459759,51.789813],[19.459785,51.78993],[19.459813,51.790058],[19.459847,51.790214],[19.459884,51.790381],[19.459933,51.7906],[19.459964,51.790739],[19.459967,51.790755],[19.459978,51.790805],[19.459983,51.790828],[19.460012,51.790959],[19.460025,51.791017],[19.460062,51.791185],[19.460084,51.791271],[19.460106,51.791353],[19.460108,51.791376],[19.460122,51.791509],[19.460152,51.791872],[19.460157,51.79192],[19.460176,51.792109],[19.460188,51.792228],[19.460192,51.792269],[19.460212,51.792499],[19.460235,51.792763],[19.460239,51.792812],[19.46025,51.792939],[19.460285,51.793327],[19.460289,51.793381],[19.460305,51.79356],[19.460312,51.793635],[19.460314,51.793664],[19.46032,51.793726],[19.460324,51.793774],[19.460337,51.793925],[19.460341,51.793964],[19.460341,51.793972],[19.460372,51.794316],[19.460373,51.794326],[19.460395,51.794578],[19.460399,51.794628],[19.460411,51.794758],[19.460414,51.794794],[19.460431,51.79499],[19.460439,51.795085],[19.460445,51.795147],[19.460474,51.795483],[19.460482,51.79557],[19.460494,51.795702],[19.460502,51.795797],[19.460507,51.795851],[19.460517,51.795963],[19.460528,51.796099],[19.460532,51.796142],[19.460541,51.796237],[19.460545,51.796289],[19.460552,51.796362],[19.460554,51.796386],[19.460558,51.796429],[19.460567,51.796539],[19.460589,51.796782],[19.460594,51.796847],[19.46063,51.797149],[19.460634,51.797182],[19.460649,51.79731],[19.460657,51.797374],[19.460697,51.79772],[19.460701,51.797754],[19.460713,51.797859],[19.460723,51.797937],[19.460753,51.798179],[19.460769,51.798306],[19.460774,51.798342],[19.460778,51.798378],[19.460785,51.798431],[19.460793,51.798492],[19.460813,51.798655],[19.460848,51.798929],[19.460891,51.799288],[19.460906,51.799408],[19.460912,51.799464],[19.460928,51.799591],[19.460937,51.799669],[19.460964,51.799889],[19.460986,51.800071],[19.46099,51.800106],[19.461003,51.800212],[19.461009,51.800266],[19.46102,51.80035],[19.461031,51.800445],[19.461048,51.800592],[19.461049,51.800607],[19.461062,51.800719]]},"properties":{"name":"Franciszkańska"}},{"type":"Feature","geometry":{"type":"LineString","coordinates":[[19.461367,51.779631],[19.461397,51.779491]]},"properties":{"name":"Franciszkańska"}},{"type":"Feature","geometry":{"type":"LineString","coordinates":[[19.459633,51.787539],[19.45953,51.787537],[19.459158,51.787532],[19.45896,51.78753],[19.458941,51.78753],[19.458488,51.787528],[19.458258,51.787527],[19.458157,51.787523],[19.458062,51.787519],[19.457893,51.78752],[19.4577,51.787521],[19.457471,51.787523],[19.457453,51.787523],[19.457081,51.787525],[19.457066,51.787525],[19.456866,51.787527],[19.456554,51.787529],[19.456452,51.787528],[19.45639,51.787528],[19.455871,51.787528],[19.455583,51.787528],[19.455545,51.787529],[19.455376,51.787531],[19.455253,51.787532],[19.455053,51.787535],[19.454986,51.787535],[19.454659,51.787536],[19.454469,51.787537],[19.454379,51.787533],[19.4543,51.787527]]},"properties":{"name":"Organizacji „Wolność i Niezawisłość”"}},{"type":"Feature","geometry":{"type":"LineString","coordinates":[[19.4543,51.787527],[19.454221,51.78752],[19.454141,51.787517],[19.453753,51.787514],[19.453628,51.787513],[19.453514,51.787512],[19.453077,51.787509],[19.452911,51.787508],[19.452839,51.787507],[19.452736,51.787506],[19.452229,51.7875],[19.451947,51.787496],[19.451899,51.787496],[19.451799,51.787489],[19.451734,51.787483],[19.451688,51.787477],[19.451669,51.787474]]},"properties":{"name":"Bałucki Rynek"}},{"type":"Feature","geometry":{"type":"LineString","coordinates":[[19.452261,51.786652],[19.452283,51.786654],[19.452419,51.786665],[19.452554,51.786671],[19.453213,51.786683],[19.453334,51.786685],[19.454075,51.786699],[19.454179,51.786693],[19.454291,51.78668]]},"properties":{"name":"Bałucki Rynek"}},{"type":"Feature","geometry":{"type":"LineString","coordinates":[[19.45193,51.787112],[19.451913,51.787103],[19.45185,51.78707],[19.451763,51.787027],[19.451732,51.787012],[19.451653,51.786979],[19.451546,51.78694],[19.45144,51.786908],[19.451325,51.786883],[19.45119,51.786869],[19.451001,51.78686],[19.450888,51.78686],[19.45074,51.786875],[19.450608,51.786885],[19.450493,51.786894],[19.450139,51.786919],[19.449828,51.78694],[19.449753,51.786945],[19.449681,51.786952],[19.449618,51.78696],[19.449544,51.786971],[19.449478,51.786984],[19.44943,51.786994],[19.449408,51.786998],[19.449278,51.787025],[19.449206,51.787031],[19.449154,51.787034],[19.449101,51.787037],[19.449081,51.787038],[19.449003,51.787044],[19.448985,51.787046]]},"properties":{"name":"Bolesława Limanowskiego"}},{"type":"Feature","geometry":{"type":"LineString","coordinates":[[19.450888,51.78686],[19.451018,51.786834],[19.451148,51.786796],[19.451236,51.786777],[19.451492,51.786738],[19.451561,51.786724],[19.451621,51.786709],[19.45167,51.786695],[19.451752,51.786675],[19.451824,51.786661],[19.451923,51.786646],[19.452003,51.786638],[19.452071,51.786636],[19.452142,51.786638],[19.452224,51.786647],[19.45224,51.786649],[19.452261,51.786652]]},"properties":{"name":"Bolesława Limanowskiego"}},{"type":"Feature","geometry":{"type":"LineString","coordinates":[[19.42183,51.791989],[19.422139,51.791922],[19.422154,51.791919],[19.422169,51.791915],[19.4222,51.791908],[19.422226,51.791903],[19.422755,51.791795],[19.422967,51.791752],[19.423642,51.791617],[19.423819,51.791613],[19.424027,51.791571],[19.424209,51.791534],[19.424483,51.791491],[19.424637,51.791428],[19.424825,51.791391],[19.425051,51.791347],[19.425243,51.791308],[19.425386,51.791279],[19.42561,51.791234],[19.42599,51.791157],[19.426141,51.791158],[19.426167,51.791159],[19.426411,51.791103],[19.426506,51.791083],[19.426737,51.791035],[19.427275,51.790927],[19.427733,51.790833],[19.427799,51.790819],[19.428586,51.79066],[19.428777,51.790622],[19.429092,51.790558],[19.429285,51.790519],[19.429525,51.790471],[19.430102,51.790354]]},"properties":{"name":"Bolesława Limanowskiego"}},{"type":"Feature","geometry":{"type":"LineString","coordinates":[[19.406535,51.795243],[19.406824,51.795182],[19.407199,51.795105],[19.408177,51.794899],[19.408225,51.794889],[19.408672,51.79478],[19.409085,51.794685],[19.409281,51.794638],[19.410154,51.794429],[19.410444,51.79436],[19.410656,51.79428],[19.410679,51.794271],[19.410797,51.794245],[19.411095,51.794178],[19.411708,51.794046],[19.411871,51.794011],[19.412189,51.793944],[19.412647,51.793852],[19.41309,51.793764],[19.413827,51.793616],[19.415059,51.793369],[19.415721,51.793237],[19.416078,51.793166],[19.416433,51.793095],[19.416808,51.793021],[19.417013,51.792979],[19.417099,51.792964],[19.417145,51.792961],[19.417469,51.792945],[19.417517,51.792938],[19.417619,51.792924],[19.417742,51.792904],[19.418036,51.792852],[19.418304,51.7928],[19.418519,51.792762],[19.418683,51.792736],[19.418842,51.792714],[19.418975,51.792699],[19.419048,51.792691],[19.419083,51.792687],[19.419137,51.792682],[19.419334,51.79267],[19.41961,51.792654],[19.419844,51.792651],[19.420028,51.792651],[19.420229,51.792654],[19.420453,51.792658],[19.42066,51.792651],[19.420901,51.792636],[19.420941,51.792633],[19.421142,51.792614],[19.421235,51.792605]]},"properties":{"name":"Bolesława Limanowskiego"}},{"type":"Feature","geometry":{"type":"LineString","coordinates":[[19.406592,51.79511],[19.407557,51.794913],[19.407947,51.794827],[19.408489,51.794704],[19.409478,51.794483],[19.409702,51.794435],[19.41007,51.794369],[19.410144,51.794353],[19.410411,51.794295],[19.410653,51.794274],[19.410679,51.794271]]},"properties":{"name":"Bolesława Limanowskiego"}},{"type":"Feature","geometry":{"type":"LineString","coordinates":[[19.421028,51.792164],[19.420727,51.792229],[19.420646,51.792245],[19.419521,51.792471],[19.41943,51.79249],[19.419244,51.792527],[19.419087,51.792559],[19.419033,51.79257],[19.418969,51.792583],[19.418351,51.792707],[19.418155,51.792746],[19.417994,51.792776],[19.417625,51.792835],[19.417439,51.792868],[19.417138,51.792954],[19.417099,51.792964]]},"properties":{"name":"Bolesława Limanowskiego"}},{"type":"Feature","geometry":{"type":"LineString","coordinates":[[19.423819,51.791613],[19.423724,51.791667],[19.423518,51.791727],[19.423365,51.791784],[19.423298,51.791814],[19.42318,51.791871],[19.423022,51.79195],[19.422687,51.79212],[19.42232,51.792303],[19.422266,51.79233],[19.42224,51.792343],[19.422228,51.792349],[19.422217,51.792354],[19.422045,51.792432]]},"properties":{"name":"Bolesława Limanowskiego"}},{"type":"Feature","geometry":{"type":"LineString","coordinates":[[19.454291,51.78668],[19.454377,51.786671],[19.454457,51.786668],[19.454741,51.786674],[19.454979,51.786681],[19.455105,51.786684],[19.455407,51.786692],[19.455481,51.786693],[19.455519,51.786694],[19.455799,51.786701],[19.455849,51.786702],[19.456108,51.786707],[19.456348,51.786712],[19.456368,51.786712],[19.456413,51.786713],[19.457194,51.786729],[19.457325,51.786732],[19.457431,51.786734],[19.457536,51.786736],[19.457558,51.786737],[19.457972,51.786745],[19.458109,51.786747],[19.458257,51.78675],[19.458538,51.786756],[19.458764,51.78676],[19.458784,51.78676],[19.458925,51.786763],[19.459204,51.786769],[19.459255,51.78677],[19.459473,51.786774],[19.45963,51.786777],[19.459783,51.78678]]},"properties":{"name":"Zawiszy Czarnego"}},{"type":"Feature","geometry":{"type":"LineString","coordinates":[[19.454602,51.816177],[19.454705,51.816069],[19.454757,51.81601],[19.454771,51.815994],[19.45486,51.81588],[19.454869,51.815869],[19.454918,51.815801],[19.454941,51.815769],[19.455012,51.815665],[19.455037,51.815628],[19.455062,51.815591],[19.455137,51.81548],[19.455359,51.815154],[19.455424,51.81506],[19.455477,51.814955],[19.455502,51.81489],[19.455519,51.814838],[19.455535,51.814785],[19.455545,51.81473],[19.455551,51.814678],[19.455555,51.814635],[19.455556,51.814591],[19.455555,51.814553],[19.455555,51.814545],[19.455554,51.814513],[19.455553,51.8145],[19.455539,51.81442],[19.455519,51.81434],[19.455498,51.814277],[19.455489,51.814254],[19.455447,51.814147],[19.455394,51.814018],[19.455365,51.813944],[19.455304,51.813788],[19.455274,51.813709],[19.455254,51.813651],[19.455248,51.813628],[19.455239,51.813594],[19.455226,51.813546],[19.455215,51.813496],[19.4552,51.813418],[19.455189,51.813339],[19.455185,51.813293],[19.455181,51.813253],[19.45518,51.813209],[19.455178,51.813122],[19.455181,51.813041],[19.455182,51.813007],[19.455188,51.812965],[19.455192,51.812929],[19.455202,51.812859],[19.455228,51.812656],[19.455274,51.812304],[19.45529,51.812175],[19.455308,51.812044],[19.455335,51.811834],[19.455348,51.81174],[19.455365,51.811646],[19.455395,51.811529],[19.455426,51.811435],[19.455466,51.811327],[19.455501,51.811253],[19.455571,51.811118],[19.455776,51.810777],[19.456147,51.810166],[19.45635,51.80983],[19.456402,51.809741],[19.45646,51.809654],[19.456508,51.809581],[19.456557,51.809513],[19.456637,51.809409],[19.456709,51.80932],[19.456782,51.809234],[19.457013,51.808974],[19.457292,51.808659],[19.457424,51.808512],[19.457527,51.808396],[19.457581,51.808336],[19.457803,51.808085],[19.45793,51.807942],[19.45806,51.807795],[19.458092,51.807757],[19.458115,51.807733],[19.458131,51.807716],[19.458241,51.807591],[19.458299,51.807525],[19.458355,51.807459],[19.458397,51.807407],[19.458439,51.807354],[19.45847,51.807311],[19.458521,51.807241],[19.458569,51.807171],[19.458592,51.807138],[19.458663,51.807029],[19.458735,51.806906],[19.458821,51.806736],[19.458872,51.806625],[19.458918,51.806513],[19.458958,51.806403],[19.459007,51.806245],[19.459033,51.806149],[19.459064,51.806009],[19.459085,51.80588],[19.459101,51.805739],[19.45911,51.805594],[19.459109,51.805454],[19.459106,51.805363],[19.459101,51.805281],[19.459094,51.805211],[19.459089,51.805167],[19.459064,51.805017],[19.459027,51.804837],[19.458965,51.804542],[19.458914,51.804318],[19.458887,51.804215],[19.458864,51.804137],[19.45884,51.80406],[19.458804,51.803952],[19.458768,51.803847],[19.458724,51.803737],[19.458684,51.803643],[19.458619,51.803493],[19.45843,51.803126],[19.458267,51.802812],[19.458221,51.802726],[19.458177,51.802643],[19.458147,51.802585],[19.457973,51.802257],[19.457905,51.802126],[19.457883,51.802086],[19.457875,51.802071],[19.457755,51.80186],[19.457698,51.801758],[19.457647,51.801674],[19.457639,51.80166],[19.457632,51.801648],[19.45762,51.801627],[19.457611,51.801609],[19.457435,51.801268],[19.457412,51.801223],[19.45739,51.801182],[19.457372,51.801151],[19.457301,51.801029],[19.457175,51.800843],[19.457153,51.800806],[19.457132,51.800764],[19.457117,51.800732],[19.457109,51.800715],[19.457019,51.800528],[19.457009,51.800495],[19.457007,51.800466],[19.457021,51.80041],[19.457028,51.800382],[19.456965,51.800284],[19.456922,51.800214],[19.456837,51.80007],[19.456767,51.799948],[19.45672,51.799866],[19.456593,51.799636]]},"properties":{"name":"Łagiewnicka"}},{"type":"Feature","geometry":{"type":"LineString","coordinates":[[19.456122,51.798477],[19.45609,51.798379],[19.456061,51.798287],[19.456041,51.798216],[19.456017,51.798128],[19.456003,51.798075],[19.455981,51.797979],[19.455957,51.797873],[19.455945,51.797818],[19.455929,51.797721],[19.455914,51.797622],[19.455913,51.79761],[19.455899,51.797482]]},"properties":{"name":"Łagiewnicka"}},{"type":"Feature","geometry":{"type":"LineString","coordinates":[[19.455687,51.795823],[19.455711,51.795913],[19.455733,51.796005],[19.45576,51.796136],[19.455778,51.796239],[19.455798,51.796365],[19.455811,51.796483],[19.455821,51.796579],[19.455846,51.796878]]},"properties":{"name":"Łagiewnicka"}},{"type":"Feature","geometry":{"type":"LineString","coordinates":[[19.455355,51.794387],[19.455282,51.793914],[19.455229,51.793569],[19.455197,51.793368],[19.455171,51.793237],[19.455139,51.793078],[19.45512,51.792984],[19.455059,51.792687],[19.455002,51.792404],[19.454958,51.792171],[19.454913,51.791963],[19.454887,51.791837],[19.454872,51.791759],[19.454815,51.791474],[19.454806,51.791438],[19.454788,51.791386],[19.454759,51.791318],[19.454756,51.791276],[19.454762,51.791226],[19.454756,51.791193],[19.454726,51.791119],[19.454709,51.791078],[19.454689,51.791028],[19.454669,51.790987],[19.454543,51.790758],[19.454468,51.790493],[19.454458,51.790454],[19.454433,51.790353],[19.454415,51.790281],[19.454396,51.790186],[19.454377,51.790064],[19.454364,51.789956],[19.454354,51.789772],[19.454351,51.789723],[19.454345,51.789521],[19.454341,51.789357],[19.454341,51.789329],[19.454333,51.788944],[19.454332,51.788896],[19.454331,51.788848],[19.454329,51.788701],[19.454333,51.788453],[19.454327,51.788098],[19.454323,51.78793],[19.454322,51.787717],[19.454322,51.78764],[19.454314,51.787581],[19.4543,51.787527],[19.454286,51.787465],[19.454279,51.787405],[19.454279,51.787079],[19.454279,51.786806],[19.454283,51.786739],[19.454291,51.78668]]},"properties":{"name":"Łagiewnicka"}},{"type":"Feature","geometry":{"type":"LineString","coordinates":[[19.458227,51.800994],[19.458165,51.801032],[19.458108,51.801051],[19.45805,51.801069],[19.458009,51.801082],[19.457971,51.801099],[19.457948,51.801112],[19.457928,51.801127],[19.457916,51.801137],[19.457906,51.801146],[19.457888,51.801168],[19.457866,51.801203],[19.45785,51.801243],[19.457837,51.801321],[19.457937,51.801518],[19.457956,51.801555],[19.457967,51.801578],[19.457974,51.801591],[19.45798,51.801603],[19.457999,51.80164],[19.458031,51.801718],[19.458048,51.80176],[19.458087,51.801866],[19.458164,51.802094],[19.458173,51.802121],[19.458248,51.802327],[19.458291,51.80245],[19.458298,51.80247],[19.458348,51.802612],[19.458402,51.802765],[19.458424,51.802815],[19.458477,51.802933],[19.458547,51.803072],[19.458646,51.803263],[19.458683,51.803329],[19.458772,51.803513],[19.458834,51.803652],[19.458861,51.803715],[19.458919,51.80387],[19.458937,51.803919],[19.458975,51.804032],[19.459007,51.804135],[19.459047,51.804289],[19.459102,51.804531],[19.459115,51.804593],[19.459126,51.80464],[19.459161,51.804804],[19.459213,51.805061],[19.459221,51.805122],[19.459227,51.805161],[19.459241,51.805281],[19.459252,51.805498],[19.459249,51.805597],[19.459247,51.805652],[19.459244,51.805709],[19.459235,51.805816],[19.459222,51.805924],[19.459206,51.806025],[19.459186,51.806127],[19.459166,51.806209],[19.459144,51.806292],[19.459128,51.806349],[19.45911,51.806406],[19.459072,51.806518],[19.459039,51.806605],[19.459003,51.80669],[19.458968,51.806775],[19.458922,51.806867],[19.458894,51.806925],[19.458836,51.80703],[19.458776,51.807133],[19.458713,51.80723],[19.458623,51.807361],[19.458522,51.807496],[19.45842,51.807621],[19.458303,51.807756],[19.458273,51.807788],[19.458251,51.807813],[19.45809,51.807993],[19.457979,51.808116],[19.457962,51.808134],[19.457699,51.808434],[19.457578,51.808572],[19.457379,51.808796],[19.457269,51.808919],[19.457196,51.809],[19.456931,51.809295],[19.456768,51.809484],[19.456664,51.809609],[19.45658,51.809722],[19.456517,51.80981],[19.456381,51.810023],[19.455769,51.811035],[19.455719,51.811129],[19.455673,51.811226],[19.455633,51.81132],[19.455607,51.811398],[19.455571,51.811512],[19.455549,51.811613],[19.455531,51.81172],[19.455518,51.811821],[19.455506,51.811909],[19.455483,51.812076],[19.455452,51.81231],[19.455377,51.812915],[19.455372,51.812973],[19.455367,51.813013],[19.455362,51.813045],[19.455358,51.813087],[19.455356,51.813125],[19.455353,51.813172],[19.455351,51.813218],[19.455352,51.813248],[19.455353,51.813289],[19.455355,51.813314],[19.45536,51.813407],[19.455368,51.813472],[19.45538,51.813536],[19.455404,51.813648],[19.455437,51.813758],[19.45547,51.813845],[19.455621,51.814231],[19.455658,51.814346],[19.455677,51.814425],[19.455688,51.814492],[19.455695,51.81454],[19.455698,51.814596],[19.455697,51.814638],[19.455695,51.814675],[19.455688,51.814734],[19.455679,51.814782],[19.455669,51.814819],[19.455659,51.814861],[19.455644,51.81491],[19.455618,51.814976],[19.455589,51.815031],[19.455559,51.815081],[19.45551,51.815156],[19.455419,51.815287],[19.455267,51.81551],[19.455095,51.81576],[19.454876,51.816073],[19.454748,51.816226]]},"properties":{"name":"Łagiewnicka"}},{"type":"Feature","geometry":{"type":"LineString","coordinates":[[19.455444,51.816515],[19.455276,51.81643],[19.455135,51.816373],[19.454995,51.816314],[19.45495,51.816295],[19.454907,51.81628],[19.454748,51.816226],[19.454681,51.8163]]},"properties":{"name":"Łagiewnicka"}},{"type":"Feature","geometry":{"type":"LineString","coordinates":[[19.468137,51.846767],[19.468115,51.846723],[19.468099,51.846666],[19.468091,51.846613],[19.46809,51.846588],[19.468074,51.846002],[19.468064,51.845797],[19.468046,51.845659],[19.468042,51.845639],[19.468023,51.845548],[19.468018,51.845522],[19.467985,51.845403],[19.467943,51.845294],[19.467896,51.845184],[19.467841,51.845078],[19.46778,51.844973],[19.467678,51.844828],[19.467517,51.844598],[19.467505,51.844581],[19.467239,51.844215],[19.467154,51.844093],[19.467076,51.843974],[19.467021,51.843854],[19.466999,51.843765],[19.466996,51.843721],[19.466992,51.843672],[19.467008,51.843552],[19.467045,51.843431],[19.467168,51.843143],[19.467237,51.842972],[19.467293,51.842809],[19.467333,51.842646],[19.467358,51.842481],[19.467374,51.842316],[19.467443,51.841485],[19.467447,51.841435],[19.467452,51.841376],[19.467463,51.841253],[19.467466,51.841201],[19.467475,51.841072],[19.467484,51.840938],[19.467541,51.840132],[19.467563,51.839769],[19.467552,51.839608],[19.46753,51.839448],[19.467327,51.838343],[19.467263,51.838019],[19.467247,51.837947],[19.467225,51.837878],[19.467176,51.837737],[19.467121,51.837599],[19.467057,51.837463],[19.466945,51.837261],[19.46685,51.837102],[19.466803,51.837016],[19.466692,51.836826],[19.466096,51.835821],[19.465874,51.835446],[19.465767,51.835262],[19.46562,51.834979],[19.465592,51.834895],[19.465529,51.834709],[19.465409,51.834339],[19.465081,51.833316],[19.464463,51.831407],[19.464061,51.830188],[19.464017,51.830064],[19.463995,51.830015],[19.463955,51.829924],[19.463884,51.829789],[19.463704,51.829481],[19.463509,51.82915],[19.463491,51.829119],[19.463478,51.829098],[19.462679,51.827752],[19.462595,51.827636],[19.4625,51.827526],[19.461793,51.826783],[19.461531,51.826512],[19.461333,51.826304],[19.460921,51.825878],[19.460202,51.825126],[19.460137,51.825059],[19.46003,51.824947],[19.459837,51.824752],[19.459566,51.82447],[19.459512,51.824412],[19.459482,51.82438],[19.459406,51.824287],[19.45929,51.824116],[19.459235,51.82403],[19.459152,51.823871],[19.459077,51.823711],[19.459038,51.823628],[19.458926,51.82339],[19.458919,51.823374],[19.458852,51.823233],[19.45882,51.823165],[19.458805,51.823135],[19.45871,51.822935],[19.458459,51.822415],[19.457999,51.821464],[19.457961,51.821385],[19.457847,51.821151],[19.457767,51.820997],[19.457682,51.820843],[19.457593,51.820689],[19.457502,51.820536],[19.456979,51.819672],[19.456729,51.819258],[19.456668,51.819154],[19.456633,51.819086],[19.456599,51.819006],[19.456564,51.818914],[19.456544,51.818822],[19.456507,51.818638],[19.456422,51.818134],[19.45636,51.817754],[19.456344,51.817657],[19.456323,51.817531],[19.456289,51.817321],[19.456253,51.81711],[19.456241,51.81704],[19.456233,51.817004],[19.456224,51.816971],[19.456219,51.816955],[19.456213,51.816939],[19.456198,51.816907],[19.456188,51.816888],[19.456174,51.816871],[19.456163,51.816854],[19.456148,51.816837],[19.456132,51.816822],[19.456115,51.816808],[19.456079,51.816779],[19.456025,51.816744],[19.455996,51.816729],[19.455964,51.816714],[19.455906,51.816687],[19.455845,51.816661],[19.455736,51.816617],[19.455616,51.816573],[19.455444,51.816515],[19.455153,51.816451],[19.455009,51.816412],[19.45493,51.816386],[19.454879,51.816369],[19.454834,51.816354],[19.454681,51.8163],[19.454532,51.816247]]},"properties":{"name":"Łagiewnicka"}},{"type":"Feature","geometry":{"type":"LineString","coordinates":[[19.455899,51.797482],[19.455874,51.797441],[19.455792,51.797309],[19.45578,51.79727],[19.455761,51.79713],[19.455759,51.797055],[19.455765,51.797026],[19.455829,51.79692],[19.455846,51.796878],[19.45587,51.796912],[19.455939,51.796996],[19.455953,51.797022],[19.455963,51.797066],[19.455969,51.797121],[19.455974,51.797201],[19.455972,51.797246],[19.455967,51.797283],[19.455916,51.797432],[19.455899,51.797482]]},"properties":{"name":"Łagiewnicka"}},{"type":"Feature","geometry":{"type":"LineString","coordinates":[[19.423366,51.78918],[19.423971,51.789021],[19.424072,51.788996],[19.424172,51.788971],[19.424367,51.788921],[19.425626,51.788598],[19.425646,51.788593],[19.426656,51.788328],[19.427016,51.788234],[19.427236,51.788177],[19.427377,51.788143],[19.427549,51.788099],[19.427665,51.788068],[19.427969,51.787988],[19.428019,51.787974],[19.428176,51.787931],[19.428323,51.787884],[19.428403,51.787859],[19.428588,51.787799],[19.429198,51.787604],[19.429339,51.78756],[19.429485,51.787514],[19.430975,51.787037],[19.431101,51.786997],[19.431227,51.786956],[19.431587,51.786841],[19.431768,51.786784],[19.431858,51.786754],[19.43192,51.786733],[19.432237,51.786631],[19.432356,51.786592],[19.434194,51.786003],[19.434458,51.785929],[19.434765,51.785842],[19.435653,51.78564],[19.435971,51.785572],[19.43638,51.785485],[19.436643,51.785428],[19.436785,51.785399],[19.43693,51.78537],[19.437344,51.785286],[19.437521,51.78525],[19.437894,51.78517],[19.438085,51.785131],[19.43832,51.785082],[19.438394,51.785066],[19.438554,51.785031],[19.438937,51.784957],[19.438978,51.784949],[19.439477,51.784853],[19.439615,51.784829],[19.439759,51.784801],[19.440411,51.784686],[19.440859,51.784607],[19.44095,51.784592],[19.441043,51.784575],[19.441592,51.784481],[19.442011,51.784409],[19.442287,51.784359],[19.442348,51.784347],[19.44276,51.784271],[19.442907,51.784244],[19.443052,51.784219],[19.44342,51.784157],[19.443891,51.784076],[19.444136,51.784035],[19.444293,51.784009],[19.444319,51.784004],[19.444735,51.783937],[19.444907,51.783909],[19.445107,51.783876],[19.446477,51.783641],[19.446647,51.783611],[19.446975,51.783552],[19.447213,51.78351],[19.447282,51.783497],[19.447444,51.783468],[19.447765,51.783411],[19.447992,51.783371],[19.448264,51.783322],[19.448378,51.783302],[19.448507,51.783278],[19.448732,51.783235],[19.448872,51.783206],[19.449042,51.783173],[19.449117,51.783158],[19.449177,51.783146],[19.449393,51.783104],[19.449464,51.78309],[19.449718,51.783041],[19.44977,51.783031],[19.449842,51.783017],[19.449904,51.783005],[19.449929,51.783],[19.449946,51.782997],[19.449963,51.782993],[19.45023,51.782941],[19.450285,51.782933],[19.450337,51.782928],[19.450394,51.782924],[19.450453,51.782921],[19.450514,51.782919],[19.450571,51.782921],[19.450675,51.782931],[19.450695,51.782932],[19.450714,51.782934],[19.450744,51.782937],[19.450819,51.782944],[19.451016,51.782963],[19.451075,51.782969],[19.451164,51.782977],[19.451897,51.783048],[19.451979,51.783056],[19.452134,51.783071],[19.452801,51.783137],[19.452944,51.78315],[19.452998,51.783156],[19.453061,51.783162],[19.453233,51.783178],[19.453256,51.78318]]},"properties":{"name":"Lutomierska"}},{"type":"Feature","geometry":{"type":"LineString","coordinates":[[19.420843,51.78989],[19.421034,51.789841],[19.421092,51.789826],[19.421258,51.789783],[19.421477,51.789727],[19.421543,51.78971],[19.421612,51.789693],[19.422366,51.789498],[19.422799,51.789386],[19.423056,51.789319],[19.423206,51.789274],[19.423277,51.78924],[19.423366,51.78918],[19.42308,51.78923],[19.423004,51.789245],[19.422852,51.789284],[19.422348,51.789414],[19.42208,51.789483],[19.421538,51.789624],[19.421494,51.789635],[19.421432,51.789651],[19.421265,51.789694],[19.421095,51.789737],[19.421039,51.789751],[19.420874,51.789792],[19.420562,51.789874],[19.420513,51.789887],[19.420446,51.789904],[19.420228,51.789959],[19.419988,51.79006]]},"properties":{"name":"Lutomierska"}},{"type":"Feature","geometry":{"type":"LineString","coordinates":[[19.222076,51.758316],[19.222129,51.758331],[19.222183,51.758342],[19.222246,51.75835],[19.222307,51.758354],[19.222376,51.758356],[19.222607,51.758363],[19.228104,51.758538],[19.230876,51.758625],[19.236974,51.758818],[19.237332,51.758829],[19.239383,51.758894],[19.240219,51.758922],[19.240874,51.758941],[19.240994,51.758945],[19.241443,51.758957],[19.241672,51.758965],[19.24173,51.758966],[19.242556,51.758992],[19.244129,51.759041],[19.244434,51.75905],[19.244621,51.759055],[19.245294,51.759073],[19.245535,51.75908],[19.24704,51.759127],[19.247162,51.759129],[19.247835,51.759153],[19.248133,51.759162],[19.249057,51.759195],[19.249409,51.759203],[19.250475,51.759236],[19.251983,51.759276],[19.252744,51.759297],[19.25293,51.759303],[19.253015,51.759305],[19.254782,51.759355],[19.258739,51.759467],[19.259062,51.759476],[19.259362,51.759485],[19.259627,51.759492],[19.259845,51.759498],[19.260263,51.75951],[19.262148,51.759564],[19.262729,51.759583],[19.263034,51.759593],[19.263329,51.759598],[19.263495,51.759603],[19.263861,51.759605],[19.264152,51.759602],[19.264501,51.759584],[19.2647,51.759568],[19.264789,51.75956],[19.265079,51.759532],[19.265779,51.759453],[19.266251,51.759397],[19.266654,51.759335],[19.267163,51.759242],[19.27361,51.757967],[19.275695,51.757548],[19.279301,51.756825],[19.279395,51.756806],[19.279496,51.756786],[19.281791,51.756328],[19.282626,51.756162],[19.283433,51.755998],[19.283708,51.755939],[19.283988,51.755872],[19.28436,51.755774],[19.28452,51.755734],[19.284669,51.755701],[19.284994,51.75563],[19.28515,51.755618],[19.285243,51.755608],[19.285319,51.755604],[19.285395,51.755606],[19.285455,51.755613]]},"properties":{"name":"Lutomierska"}},{"type":"Feature","geometry":{"type":"LineString","coordinates":[[19.285746,51.755388],[19.285819,51.755404],[19.285878,51.755408],[19.285968,51.755402],[19.286276,51.755382]]},"properties":{"name":"Lutomierska"}},{"type":"Feature","geometry":{"type":"LineString","coordinates":[[19.313446,51.749998],[19.313385,51.75001],[19.313247,51.750036],[19.313027,51.750079],[19.31232,51.750216],[19.312058,51.750267],[19.309983,51.75068],[19.309815,51.750714],[19.309253,51.750826],[19.308517,51.750974],[19.30827,51.751022],[19.307276,51.75122],[19.306475,51.75138],[19.306092,51.751457],[19.305837,51.751507],[19.305402,51.751594],[19.304296,51.751815],[19.304236,51.751827],[19.30346,51.751983],[19.301463,51.752383],[19.299433,51.752788],[19.298938,51.752887],[19.298603,51.752954],[19.298396,51.752996],[19.293074,51.754062],[19.292827,51.754111],[19.292554,51.754166],[19.289989,51.754684],[19.289691,51.754742],[19.287517,51.755162],[19.286876,51.755279],[19.286276,51.755382],[19.285991,51.755461],[19.285914,51.755486],[19.285864,51.755512],[19.285822,51.755545]]},"properties":{"name":"Lutomierska"}},{"type":"Feature","geometry":{"type":"LineString","coordinates":[[19.434765,51.785842],[19.434718,51.785773],[19.434659,51.785742],[19.434538,51.785682],[19.434366,51.785617],[19.434299,51.785598],[19.434188,51.78557],[19.433936,51.785508],[19.433567,51.785416],[19.433155,51.785312],[19.433083,51.785294],[19.432876,51.785243],[19.432772,51.785218],[19.432548,51.785163],[19.432284,51.785098],[19.432239,51.785093],[19.432034,51.78507],[19.4317,51.785051],[19.430985,51.785003],[19.430555,51.784977],[19.430349,51.784965],[19.430184,51.784955],[19.429611,51.784923],[19.42931,51.784907],[19.428665,51.784872],[19.428539,51.784866],[19.428509,51.784864],[19.42803,51.78484],[19.427676,51.784841],[19.427516,51.784841],[19.427044,51.784847],[19.426597,51.784854],[19.42644,51.784856]]},"properties":{"name":"Generała Tadeusza Kutrzeby"}},{"type":"Feature","geometry":{"type":"LineString","coordinates":[[19.429045,51.770101],[19.429027,51.770191],[19.429009,51.770262],[19.429001,51.770289],[19.428991,51.77032],[19.428981,51.770349],[19.428936,51.770472],[19.428918,51.770514],[19.428751,51.77087],[19.428687,51.770991],[19.428546,51.771262],[19.428527,51.771298],[19.428362,51.771613],[19.428273,51.771788],[19.428178,51.771975],[19.42807,51.772181],[19.428007,51.772304],[19.427898,51.77252],[19.427842,51.772641],[19.427711,51.772951],[19.427701,51.772976],[19.427551,51.773352],[19.427531,51.773405],[19.427506,51.773461],[19.427491,51.773495],[19.427466,51.773553],[19.427427,51.773665],[19.427393,51.773785],[19.427318,51.77405],[19.427275,51.774223],[19.427247,51.774371],[19.427241,51.774443],[19.427242,51.774526],[19.427259,51.774695],[19.427266,51.774845],[19.42727,51.774904],[19.427271,51.774991],[19.427277,51.775079],[19.427298,51.775336],[19.427374,51.776289],[19.427382,51.776374],[19.42739,51.776466],[19.427415,51.776748],[19.427431,51.77692],[19.427447,51.777089],[19.427447,51.777138],[19.427437,51.777273],[19.427407,51.777621],[19.427398,51.777708],[19.427391,51.777773],[19.427372,51.777981],[19.427347,51.778265],[19.427324,51.778536],[19.427315,51.778613],[19.427302,51.778687],[19.427215,51.779084],[19.427196,51.779172],[19.426999,51.78005],[19.426937,51.780319],[19.426924,51.780386],[19.426908,51.780484],[19.42688,51.780651],[19.42685,51.780789],[19.426832,51.780867],[19.426788,51.78101],[19.426741,51.781144],[19.426695,51.781266],[19.42668,51.781304],[19.426519,51.781765],[19.42639,51.782157],[19.426321,51.782366],[19.426291,51.78249],[19.426276,51.78257],[19.426275,51.782575],[19.426258,51.782666],[19.426248,51.782779],[19.426247,51.782856],[19.426248,51.782931],[19.42627,51.783158],[19.42632,51.783704],[19.426331,51.783809],[19.426337,51.78389],[19.426382,51.784361],[19.426406,51.78457],[19.42644,51.784856],[19.426448,51.784956],[19.426501,51.785578],[19.426508,51.785662]]},"properties":{"name":"Marcina Kasprzaka"}},{"type":"Feature","geometry":{"type":"LineString","coordinates":[[19.42615,51.768756],[19.426359,51.76878],[19.426441,51.768786],[19.426487,51.768789],[19.427068,51.76882],[19.427527,51.768847],[19.427652,51.76886],[19.427777,51.768878],[19.428118,51.768949],[19.42887,51.769108],[19.42923,51.769182],[19.429321,51.769198],[19.429416,51.769212],[19.429525,51.769221],[19.42965,51.769221],[19.429744,51.769216],[19.429901,51.769202]]},"properties":{"name":"Zielona"}},{"type":"Feature","geometry":{"type":"LineString","coordinates":[[19.448958,51.769955],[19.448939,51.769953],[19.448777,51.769938],[19.44862,51.769924],[19.447467,51.769822],[19.447376,51.769814],[19.447252,51.769802],[19.446621,51.769743],[19.446368,51.76972],[19.446213,51.769705],[19.445945,51.769681],[19.44577,51.769665],[19.445588,51.769648],[19.44516,51.769609],[19.44487,51.769583],[19.444335,51.769534],[19.444201,51.769522],[19.444049,51.769508],[19.443921,51.769496],[19.443682,51.769475],[19.443568,51.769465],[19.443202,51.769433],[19.443097,51.769423],[19.442658,51.769384],[19.442529,51.769372],[19.442416,51.769362],[19.441929,51.769318],[19.441625,51.76929],[19.441617,51.769289],[19.441263,51.769256],[19.441112,51.769242],[19.440991,51.769227],[19.440779,51.769194],[19.440626,51.769168]]},"properties":{"name":"Zielona"}},{"type":"Feature","geometry":{"type":"LineString","coordinates":[[19.429045,51.770101],[19.429043,51.770066],[19.429033,51.770028],[19.429027,51.769996],[19.429029,51.769968],[19.429038,51.769943],[19.429345,51.769549],[19.429448,51.769422],[19.4295,51.769368],[19.429557,51.769319],[19.429593,51.769293],[19.429629,51.769272],[19.429678,51.76925],[19.429726,51.769235],[19.429797,51.769219],[19.429901,51.769202],[19.431112,51.76907],[19.431314,51.769047],[19.431695,51.769019],[19.432458,51.76895],[19.432863,51.768906],[19.433429,51.768848],[19.434137,51.768772],[19.434732,51.76871],[19.434994,51.768683],[19.435258,51.768662],[19.435465,51.768648],[19.435673,51.768642],[19.435907,51.768644],[19.436143,51.768651],[19.436403,51.768664],[19.43669,51.768683],[19.437022,51.768704],[19.437294,51.768722],[19.437673,51.768747],[19.438094,51.768781],[19.438221,51.768792],[19.438523,51.768823],[19.43895,51.768867],[19.439235,51.768893],[19.439538,51.768923],[19.439736,51.768945],[19.439945,51.76897],[19.440315,51.769042],[19.440392,51.769057],[19.440493,51.769079],[19.440526,51.769093],[19.440555,51.769108],[19.440596,51.769143],[19.440626,51.769168],[19.440559,51.769168],[19.440504,51.769169],[19.440274,51.769148],[19.439899,51.769112],[19.439506,51.769085],[19.43904,51.769048],[19.438996,51.769044],[19.438914,51.769038],[19.438483,51.76899],[19.43819,51.768953],[19.437548,51.768894],[19.43721,51.768864],[19.436682,51.768819],[19.436385,51.768798],[19.43603,51.768782],[19.435811,51.768777],[19.435615,51.768779],[19.435442,51.768784],[19.435235,51.768797],[19.43508,51.768809],[19.434921,51.768825],[19.43447,51.768877],[19.433896,51.768948],[19.433285,51.769017],[19.433004,51.769048],[19.432528,51.769096],[19.432062,51.769141],[19.431848,51.769163],[19.431357,51.769213],[19.430093,51.769349],[19.429981,51.769366],[19.429894,51.769384],[19.429795,51.769411],[19.429712,51.769443],[19.429628,51.769491],[19.429551,51.769545],[19.429502,51.769589],[19.42946,51.769637],[19.429313,51.769818],[19.429219,51.769939],[19.42918,51.769989],[19.42916,51.770007],[19.429127,51.770031],[19.429095,51.77005],[19.429064,51.770073],[19.429045,51.770101]]},"properties":{"name":"Zielona"}},{"type":"Feature","geometry":{"type":"LineString","coordinates":[[19.445233,51.772881],[19.445066,51.772867],[19.44472,51.772839],[19.444639,51.772833],[19.444447,51.772815],[19.444067,51.772782],[19.443778,51.772757],[19.443585,51.77274],[19.443453,51.772728],[19.44343,51.772726],[19.443404,51.77272],[19.443287,51.772684],[19.443109,51.772627],[19.442811,51.772535],[19.442738,51.772513],[19.442394,51.772406],[19.442213,51.772351],[19.442001,51.772287],[19.441843,51.772237],[19.441664,51.772178],[19.441463,51.772115],[19.441411,51.772098],[19.441333,51.772074],[19.441196,51.772029],[19.441156,51.772016],[19.440862,51.771921],[19.440736,51.771882],[19.440688,51.771867],[19.440481,51.7718],[19.440106,51.77168],[19.440073,51.771669],[19.439929,51.771623],[19.439823,51.771588],[19.439619,51.771522],[19.439556,51.771502],[19.438964,51.771314],[19.438659,51.771217],[19.438264,51.771091],[19.438158,51.77106],[19.438055,51.771025],[19.437883,51.77097],[19.437421,51.770823],[19.437131,51.77073],[19.437034,51.770699],[19.436998,51.770687],[19.436948,51.770672],[19.436794,51.770622],[19.436698,51.770594],[19.436509,51.770537],[19.436363,51.770491],[19.436101,51.770409],[19.436094,51.770406],[19.435812,51.770318],[19.435705,51.770284],[19.435585,51.770246],[19.435562,51.770239],[19.435031,51.770072],[19.434863,51.770019],[19.434806,51.770002],[19.434682,51.769963],[19.434232,51.769821],[19.434139,51.769793],[19.434063,51.76977],[19.434004,51.769752],[19.433392,51.769561],[19.433239,51.769514],[19.432929,51.769419],[19.432749,51.769363],[19.432431,51.769262],[19.432221,51.769194],[19.432062,51.769141],[19.431927,51.769096],[19.431847,51.76907],[19.431695,51.769019],[19.431459,51.768943],[19.431353,51.768912],[19.431173,51.768859],[19.430148,51.768533],[19.430115,51.768523],[19.429876,51.768448],[19.429575,51.768354],[19.429551,51.768347],[19.428353,51.76797],[19.42697,51.767535],[19.426786,51.767486],[19.426751,51.767478],[19.426736,51.767475],[19.426634,51.767452]]},"properties":{"name":"Aleja 1 Maja"}},{"type":"Feature","geometry":{"type":"LineString","coordinates":[[19.438871,51.767215],[19.439048,51.767231],[19.439207,51.767244],[19.439252,51.767249],[19.43933,51.767256],[19.439805,51.767298],[19.43985,51.767302],[19.440196,51.767332],[19.440317,51.767343],[19.440472,51.767356],[19.440608,51.767368],[19.440862,51.767391],[19.441014,51.767405],[19.441292,51.76743],[19.441337,51.767434],[19.441518,51.767451],[19.441985,51.767493],[19.442146,51.767508],[19.44245,51.767535],[19.442587,51.767547],[19.442748,51.767562],[19.442918,51.767581],[19.443082,51.767595],[19.44322,51.767606],[19.443345,51.767617],[19.443431,51.767624],[19.443646,51.767643],[19.443965,51.76767],[19.444117,51.767682],[19.44443,51.767709],[19.444609,51.767724],[19.444748,51.767736],[19.445166,51.767773],[19.445253,51.76778],[19.445368,51.767789],[19.445662,51.767812],[19.446076,51.767844],[19.446149,51.76785],[19.446353,51.767866],[19.446529,51.767882],[19.446663,51.767894],[19.446813,51.767907],[19.446977,51.767922],[19.44718,51.76794],[19.447351,51.767956],[19.447675,51.767985],[19.447787,51.767994],[19.447963,51.768009],[19.448156,51.768026],[19.448266,51.768035],[19.448323,51.768039],[19.448456,51.768051],[19.448815,51.768081],[19.448879,51.768086],[19.449157,51.768109],[19.449333,51.768124],[19.449353,51.768126],[19.449374,51.768128],[19.449547,51.768143],[19.450146,51.768194],[19.450376,51.768214],[19.4505,51.768224],[19.450804,51.768251],[19.450916,51.76826],[19.451011,51.768268],[19.451173,51.768282],[19.451544,51.768314],[19.451744,51.768331],[19.45187,51.768342],[19.452074,51.76836],[19.45227,51.768376],[19.452384,51.768386],[19.452401,51.768387],[19.452633,51.768407],[19.453396,51.768471],[19.453424,51.768474],[19.453452,51.768476],[19.453522,51.768482],[19.45358,51.768487]]},"properties":{"name":"6 Sierpnia"}},{"type":"Feature","geometry":{"type":"LineString","coordinates":[[19.43936,51.764019],[19.439398,51.764112],[19.439422,51.764178],[19.439449,51.764284],[19.439463,51.764369],[19.439461,51.764437],[19.439447,51.764513],[19.439411,51.764695],[19.439401,51.764745],[19.439332,51.765081],[19.439282,51.76533],[19.439264,51.765417],[19.439257,51.76545],[19.439157,51.765901],[19.439129,51.766036],[19.439106,51.766139],[19.439078,51.76627],[19.43907,51.766305],[19.439034,51.766471],[19.43903,51.766488],[19.438992,51.76666],[19.438956,51.766821],[19.438947,51.766861],[19.438929,51.766949],[19.438915,51.767015],[19.4389,51.767083],[19.438871,51.767215],[19.438853,51.767301],[19.438846,51.767334],[19.438829,51.767411],[19.438775,51.767662],[19.438744,51.767823],[19.43872,51.767925],[19.438672,51.768138],[19.43863,51.768335],[19.438619,51.768387],[19.438583,51.768556],[19.438572,51.768603],[19.438571,51.76861],[19.438523,51.768823],[19.438507,51.768893],[19.4385,51.768924],[19.438483,51.76899],[19.438456,51.769121],[19.438453,51.769135],[19.438444,51.769182],[19.438434,51.769229],[19.438403,51.769392],[19.438368,51.769574],[19.438301,51.769926],[19.438262,51.77012],[19.43824,51.770209],[19.438199,51.770391],[19.438178,51.770482],[19.438154,51.770589],[19.438135,51.770672],[19.438093,51.770859],[19.438077,51.770931],[19.438073,51.770947],[19.438055,51.771025]]},"properties":{"name":"Generała Lucjana Żeligowskiego"}},{"type":"Feature","geometry":{"type":"LineString","coordinates":[[19.43936,51.764019],[19.439318,51.763899],[19.43923,51.763525],[19.439226,51.763482],[19.439229,51.76344],[19.439241,51.763409],[19.439413,51.763243],[19.439566,51.763095],[19.439667,51.762998],[19.439756,51.762912],[19.439835,51.762839],[19.440032,51.762652],[19.440143,51.762547],[19.440173,51.762516],[19.440257,51.762438],[19.440321,51.762377],[19.440495,51.762212],[19.440554,51.762156],[19.440662,51.762054],[19.440782,51.761938],[19.440922,51.761804],[19.441022,51.761706],[19.441087,51.761642],[19.441122,51.761608],[19.441273,51.761468],[19.441315,51.761421],[19.441409,51.761324],[19.441689,51.761049],[19.441713,51.761024],[19.441895,51.760853]]},"properties":{"name":"Łąkowa"}},{"type":"Feature","geometry":{"type":"LineString","coordinates":[[19.438648,51.763925],[19.43876,51.763828],[19.439119,51.763485],[19.439241,51.763409]]},"properties":{"name":"Łąkowa"}},{"type":"Feature","geometry":{"type":"LineString","coordinates":[[19.351421,51.741068],[19.351383,51.741244],[19.351099,51.742543],[19.350959,51.743183],[19.350942,51.743264],[19.350931,51.743313],[19.350788,51.74397],[19.350743,51.744173]]},"properties":{"name":"Łąkowa"}},{"type":"Feature","geometry":{"type":"LineString","coordinates":[[19.421393,51.742729],[19.421235,51.742663],[19.421198,51.742647],[19.42116,51.74263],[19.421103,51.742603],[19.419961,51.74206],[19.419881,51.742021],[19.419666,51.741915],[19.419475,51.741796],[19.41935,51.741737],[19.418967,51.741558],[19.41883,51.741493],[19.418671,51.741418],[19.417964,51.741084],[19.417939,51.741073],[19.417916,51.741062],[19.417811,51.741012]]},"properties":{"name":"Pienista"}},{"type":"Feature","geometry":{"type":"LineString","coordinates":[[19.417612,51.740912],[19.417498,51.740858],[19.417474,51.740846],[19.417452,51.740835],[19.417227,51.740722],[19.416833,51.740544],[19.41671,51.740481],[19.416621,51.740437],[19.416425,51.740339],[19.416262,51.740257],[19.414482,51.739365],[19.414185,51.739216],[19.413931,51.739089],[19.413662,51.738952],[19.413561,51.7389],[19.413475,51.738856],[19.41324,51.738735],[19.413112,51.73867],[19.41267,51.738451],[19.411956,51.738092],[19.411747,51.737987],[19.411653,51.737939],[19.411401,51.737812],[19.410933,51.737577],[19.410739,51.737479],[19.41046,51.737339],[19.410383,51.737297],[19.408816,51.736512],[19.408441,51.736323],[19.408068,51.736138],[19.407991,51.736099],[19.407601,51.735904],[19.407369,51.735786],[19.40695,51.735574],[19.406821,51.735509],[19.406723,51.735459],[19.406563,51.735378],[19.406488,51.73534],[19.406259,51.735228],[19.406065,51.735128],[19.405894,51.73502],[19.405718,51.734897],[19.405606,51.734804],[19.405504,51.734707],[19.405424,51.734625],[19.405344,51.734528],[19.405264,51.734414],[19.405196,51.73429],[19.405153,51.734194],[19.405122,51.734107],[19.405092,51.733998],[19.405077,51.733918],[19.405068,51.73384]]},"properties":{"name":"Pienista"}},{"type":"Feature","geometry":{"type":"LineString","coordinates":[[19.419475,51.741796],[19.419706,51.741872],[19.419936,51.741943],[19.420072,51.741978],[19.420233,51.742012],[19.420929,51.742124],[19.421227,51.742172],[19.421265,51.742179],[19.421304,51.742186],[19.421371,51.742199],[19.421449,51.742214],[19.42188,51.742299],[19.422,51.74233]]},"properties":{"name":"Pienista"}},{"type":"Feature","geometry":{"type":"LineString","coordinates":[[19.394864,51.728698],[19.395067,51.728849],[19.395405,51.729099],[19.395489,51.729161],[19.395551,51.729172],[19.395615,51.729171],[19.395678,51.729163],[19.395742,51.729146],[19.395806,51.729118],[19.395848,51.729092],[19.395875,51.729065]]},"properties":{"name":"Pienista"}},{"type":"Feature","geometry":{"type":"LineString","coordinates":[[19.405068,51.73384],[19.405047,51.733371],[19.405025,51.732857],[19.405023,51.732809],[19.404995,51.732067],[19.40494,51.730658],[19.404874,51.728929],[19.404872,51.728867],[19.404866,51.728729],[19.404861,51.728591],[19.404857,51.72851],[19.404853,51.728405],[19.404848,51.728367],[19.40483,51.72833],[19.404801,51.728297],[19.404759,51.728266],[19.404699,51.728236],[19.404609,51.728211],[19.404204,51.728121],[19.403581,51.727984],[19.403397,51.727943],[19.40266,51.72778],[19.402532,51.727751],[19.4025,51.727747],[19.402469,51.727748],[19.40239,51.727733],[19.402252,51.727703],[19.402148,51.72768],[19.401275,51.72749],[19.400942,51.727418],[19.400724,51.72737],[19.400642,51.727357],[19.400553,51.727348],[19.400478,51.727344],[19.400209,51.727344],[19.399922,51.727344],[19.399869,51.727348],[19.39982,51.727358],[19.399776,51.727377],[19.399741,51.727401],[19.39971,51.727435],[19.399692,51.727467],[19.399679,51.727509],[19.399674,51.72756],[19.399677,51.727612],[19.399694,51.727675]]},"properties":{"name":"Generała Stanisława Maczka"}},{"type":"Feature","geometry":{"type":"LineString","coordinates":[[19.404866,51.728729],[19.404863,51.728729],[19.404752,51.728704],[19.404554,51.728661],[19.404019,51.728543],[19.403345,51.728395],[19.403172,51.728357],[19.402833,51.728281],[19.402725,51.728263],[19.402479,51.728238],[19.402328,51.728232],[19.402257,51.728223],[19.402156,51.728201],[19.402106,51.728185],[19.402008,51.728149],[19.401911,51.728123],[19.401818,51.728098],[19.400005,51.727704],[19.399907,51.727688],[19.399802,51.727678],[19.399694,51.727675],[19.399624,51.727674],[19.399545,51.727677],[19.39945,51.727684],[19.399368,51.727693],[19.399264,51.727708],[19.399098,51.727737],[19.398053,51.727936],[19.396674,51.728198],[19.396025,51.728322],[19.395869,51.728348]]},"properties":{"name":"Tadeusza Sołtyka"}},{"type":"Feature","geometry":{"type":"LineString","coordinates":[[19.431574,51.760915],[19.431813,51.760981],[19.43186,51.761001],[19.432079,51.761095],[19.432584,51.761313],[19.432741,51.761382],[19.432786,51.761401],[19.433061,51.761524],[19.433212,51.761591],[19.433643,51.761774],[19.434512,51.762152],[19.43485,51.762298],[19.435346,51.762511],[19.436452,51.762987],[19.436738,51.76311],[19.43738,51.763386],[19.437814,51.763573],[19.438038,51.763671],[19.4385,51.763872],[19.438648,51.763925],[19.438752,51.763951],[19.438849,51.763969],[19.438932,51.76398],[19.43907,51.763994],[19.439173,51.764004],[19.43936,51.764019],[19.439529,51.764033],[19.439642,51.764042],[19.439828,51.764057],[19.439977,51.764069],[19.440203,51.764086],[19.440385,51.7641],[19.440867,51.764137],[19.441105,51.764157],[19.44124,51.76417],[19.441348,51.76418],[19.44145,51.764189],[19.441712,51.764212],[19.441882,51.764226],[19.442015,51.764237],[19.442257,51.764259],[19.442511,51.764279],[19.44257,51.764284],[19.442788,51.764303],[19.443164,51.764335],[19.443278,51.764345],[19.443465,51.76436],[19.443504,51.764363],[19.443543,51.764367],[19.443625,51.764374],[19.443709,51.76438],[19.443756,51.764383],[19.443794,51.764386],[19.444159,51.764417],[19.444185,51.76442],[19.444555,51.76445],[19.444709,51.764462],[19.444884,51.764477],[19.44497,51.764484],[19.44515,51.764499],[19.445189,51.764502],[19.445221,51.764505],[19.445308,51.764512],[19.445403,51.76452],[19.445445,51.764523],[19.445477,51.764526],[19.445741,51.764547],[19.445974,51.764567],[19.446376,51.7646],[19.446382,51.7646],[19.446511,51.764611],[19.446674,51.764624],[19.446683,51.764625],[19.446707,51.764627],[19.446853,51.764639],[19.446889,51.764642],[19.446927,51.764645],[19.446972,51.764649],[19.447074,51.764659],[19.447192,51.764672],[19.447246,51.764678],[19.447288,51.764683],[19.44737,51.764693],[19.447422,51.764698],[19.447436,51.7647],[19.447452,51.764702],[19.447618,51.764716],[19.447816,51.764733],[19.448007,51.764751],[19.448117,51.764761],[19.448294,51.764777],[19.448403,51.764787],[19.448732,51.764817],[19.448809,51.764824],[19.449024,51.764844],[19.449306,51.76487],[19.449369,51.764876],[19.449478,51.764886],[19.449586,51.764896],[19.449754,51.764912],[19.449811,51.764917],[19.449862,51.764922],[19.450004,51.764936],[19.450025,51.764938],[19.450045,51.764939],[19.450136,51.764946],[19.450178,51.76495],[19.450219,51.764953],[19.450452,51.764971],[19.450499,51.764975],[19.450668,51.76499],[19.450991,51.765017],[19.451229,51.765038],[19.45159,51.765068],[19.451844,51.765091],[19.452142,51.765116],[19.452371,51.765136],[19.452412,51.765139],[19.452453,51.765143],[19.452772,51.76517],[19.452976,51.765187],[19.45301,51.765189],[19.453051,51.765192],[19.45308,51.765195],[19.453139,51.765199],[19.453445,51.765224],[19.453697,51.765243],[19.453754,51.765248],[19.453927,51.765264],[19.453977,51.765268],[19.454056,51.765275],[19.45427,51.765294],[19.454383,51.765304],[19.454426,51.765308],[19.454541,51.765318],[19.454676,51.76533],[19.454712,51.765333],[19.454785,51.765339],[19.454856,51.765346],[19.455061,51.765364],[19.455425,51.765396],[19.455518,51.765404],[19.455845,51.765433],[19.455902,51.765438],[19.456414,51.765483],[19.45695,51.765531],[19.457004,51.765535],[19.457042,51.765539],[19.457079,51.765542],[19.457159,51.765549]]},"properties":{"name":"Andrzeja Struga"}},{"type":"Feature","geometry":{"type":"LineString","coordinates":[[19.450172,51.764222],[19.45019,51.764228],[19.450335,51.764277],[19.450372,51.764289],[19.450406,51.764301],[19.450846,51.764451],[19.451023,51.764511],[19.451157,51.764557],[19.451517,51.764679],[19.451751,51.764758],[19.452371,51.76497],[19.452419,51.764986],[19.45246,51.765],[19.452492,51.76501],[19.452528,51.765019],[19.452618,51.765041],[19.45271,51.765057],[19.452791,51.765068],[19.452998,51.765086],[19.453031,51.765089],[19.453073,51.765092],[19.453647,51.765139],[19.453757,51.765149],[19.453912,51.765161],[19.453949,51.765164],[19.453999,51.765168],[19.454071,51.765174],[19.454304,51.765194],[19.454415,51.765204],[19.454457,51.765208],[19.454565,51.765218]]},"properties":{"name":"Andrzeja Struga"}},{"type":"Feature","geometry":{"type":"LineString","coordinates":[[19.444392,51.768667],[19.444387,51.76869],[19.444384,51.768704],[19.444331,51.768936],[19.444316,51.769],[19.444267,51.769219],[19.444218,51.769445],[19.444203,51.769511],[19.444201,51.769522]]},"properties":{"name":"Lipowa"}},{"type":"Feature","geometry":{"type":"LineString","coordinates":[[19.592015,51.815654],[19.592069,51.81568],[19.592117,51.815696],[19.592179,51.815708],[19.592242,51.815714],[19.592325,51.815711],[19.595481,51.815335],[19.595599,51.81533],[19.595668,51.815335],[19.595741,51.81535],[19.5958,51.815373],[19.595848,51.815404],[19.595886,51.815441],[19.59591,51.815498],[19.596061,51.816332],[19.596283,51.817489],[19.596307,51.817677],[19.596347,51.818026],[19.596385,51.81822],[19.596429,51.818401],[19.596556,51.818909],[19.596631,51.819253],[19.596743,51.819695]]},"properties":{"name":"Lipowa"}},{"type":"Feature","geometry":{"type":"LineString","coordinates":[[19.395869,51.728348],[19.395685,51.728369],[19.395542,51.72839],[19.395471,51.728409],[19.395376,51.728447],[19.395267,51.728497],[19.395155,51.72855],[19.394864,51.728698]]},"properties":{"name":"Zamiejska"}},{"type":"Feature","geometry":{"type":"LineString","coordinates":[[19.395875,51.729065],[19.395874,51.728733]]},"properties":{"name":"Franciszka Plocka"}},{"type":"Feature","geometry":{"type":"LineString","coordinates":[[19.395874,51.72866],[19.395876,51.728437],[19.395869,51.728348]]},"properties":{"name":"Franciszka Plocka"}},{"type":"Feature","geometry":{"type":"LineString","coordinates":[[19.459557,51.801066],[19.459554,51.801028],[19.459551,51.801],[19.45955,51.80099],[19.459545,51.800935],[19.459549,51.800917],[19.459563,51.80089],[19.459593,51.800853],[19.459693,51.800765]]},"properties":{"name":"Rondo Powstańców 1863 r."}},{"type":"Feature","geometry":{"type":"LineString","coordinates":[[19.459259,51.801763],[19.45927,51.801709],[19.459278,51.801674],[19.459285,51.80164],[19.459292,51.801606],[19.459295,51.801592],[19.459298,51.801579],[19.459299,51.801574],[19.459302,51.801559]]},"properties":{"name":"Rondo Powstańców 1863 r."}},{"type":"Feature","geometry":{"type":"LineString","coordinates":[[19.506935,51.843679],[19.507347,51.843686]]},"properties":{"name":"Żółwiowa"}},{"type":"Feature","geometry":{"type":"LineString","coordinates":[[19.43413,51.736973],[19.434078,51.737001],[19.434028,51.73704],[19.434022,51.737062],[19.434018,51.737076],[19.434009,51.737107],[19.433963,51.737183],[19.434163,51.739737],[19.434257,51.741047],[19.43426,51.741078],[19.434261,51.741101],[19.434307,51.741801],[19.434338,51.742166],[19.434378,51.742694],[19.434472,51.743965],[19.43448,51.744069],[19.434499,51.74432],[19.434552,51.744872],[19.43458,51.745148],[19.434582,51.74523],[19.434571,51.745315],[19.434543,51.745395],[19.434514,51.745437],[19.434486,51.74547],[19.434454,51.745502],[19.434433,51.745517],[19.43438,51.745556],[19.434218,51.745639],[19.43406,51.745721],[19.433883,51.745792],[19.43342,51.745954],[19.43292,51.746105],[19.432837,51.74613],[19.432573,51.746194],[19.432446,51.746216],[19.432346,51.746234],[19.432094,51.746265],[19.431891,51.746278],[19.43165,51.74629],[19.431441,51.746301],[19.431037,51.746322],[19.430938,51.746327],[19.430713,51.746338],[19.430244,51.746363],[19.429568,51.746403],[19.429219,51.746415],[19.42901,51.74641],[19.428786,51.746394],[19.428571,51.746366],[19.428364,51.746329],[19.428297,51.746312],[19.428212,51.74629],[19.42807,51.746243],[19.427971,51.746197],[19.427894,51.746145],[19.427826,51.746088],[19.427774,51.74603],[19.427733,51.745962],[19.427713,51.745894],[19.427702,51.745816],[19.427677,51.745567],[19.427649,51.745242],[19.427603,51.744723],[19.427552,51.74418],[19.427539,51.744011],[19.427516,51.743727],[19.427514,51.743692],[19.427506,51.743592],[19.427482,51.743505],[19.427446,51.743426],[19.427402,51.743356],[19.427277,51.743218],[19.426997,51.743203],[19.426784,51.743197],[19.426466,51.743188],[19.424913,51.743143],[19.424387,51.743128],[19.423985,51.743115],[19.423525,51.743102],[19.423076,51.743089],[19.42298,51.743083],[19.42282,51.743071],[19.422612,51.743053],[19.422407,51.743025],[19.422298,51.743002],[19.422272,51.742997],[19.422215,51.742985],[19.422075,51.742953],[19.421693,51.742845]]},"properties":{"name":"Nowe Sady"}},{"type":"Feature","geometry":{"type":"LineString","coordinates":[[19.433963,51.737183],[19.433932,51.737101],[19.433929,51.737067],[19.433915,51.736998],[19.4339,51.73696],[19.433886,51.736943]]},"properties":{"name":"Nowe Sady"}},{"type":"Feature","geometry":{"type":"LineString","coordinates":[[19.43344,51.73113],[19.433474,51.731204],[19.433519,51.73145],[19.433535,51.731624],[19.433545,51.731737],[19.433644,51.732844],[19.433756,51.734495],[19.43376,51.734534],[19.433769,51.734692],[19.433777,51.734756],[19.43378,51.734782],[19.433785,51.734825],[19.433817,51.735168],[19.433836,51.735417],[19.433837,51.735428],[19.433835,51.735531],[19.433791,51.735835],[19.433816,51.736066],[19.433828,51.736124],[19.433913,51.736385],[19.433928,51.736427],[19.433941,51.736479]]},"properties":{"name":"Nowe Sady"}},{"type":"Feature","geometry":{"type":"LineString","coordinates":[[19.434084,51.736707],[19.434069,51.736681],[19.434054,51.736651],[19.434045,51.736635],[19.434026,51.736601],[19.433986,51.736521],[19.433941,51.736479],[19.433949,51.736612],[19.433948,51.736648],[19.433919,51.736731]]},"properties":{"name":"Nowe Sady"}},{"type":"Feature","geometry":{"type":"LineString","coordinates":[[19.43525,51.755865],[19.435385,51.755873],[19.4354,51.755874],[19.435413,51.755875],[19.435465,51.755878],[19.435504,51.75588],[19.435638,51.755885],[19.435749,51.755888],[19.436029,51.75589],[19.436591,51.755894],[19.436629,51.755894],[19.438298,51.755905],[19.438532,51.755907],[19.438774,51.755913],[19.438997,51.755923],[19.439234,51.755936],[19.439461,51.755952],[19.439692,51.755971],[19.439917,51.755993],[19.440146,51.756018],[19.440372,51.756047],[19.440589,51.756076],[19.440926,51.75613],[19.441249,51.756188],[19.441428,51.756222],[19.44153,51.756244],[19.441632,51.756266],[19.442449,51.756453],[19.443065,51.756594],[19.443636,51.756722],[19.444222,51.756795],[19.444675,51.756878],[19.446474,51.757214],[19.446853,51.757286],[19.447077,51.757327],[19.447174,51.757345],[19.447339,51.757377],[19.447383,51.757387],[19.447399,51.757391],[19.447415,51.757394],[19.447442,51.7574],[19.447465,51.757406],[19.447676,51.757458],[19.447997,51.757542],[19.448263,51.757611],[19.448442,51.757651],[19.448498,51.757663],[19.448656,51.757699],[19.44885,51.757748],[19.449165,51.757825],[19.449182,51.75783],[19.449199,51.757834],[19.449227,51.757841],[19.449255,51.757848],[19.449786,51.75798],[19.449957,51.758021],[19.450081,51.758051],[19.450352,51.758115],[19.450506,51.758147],[19.450837,51.758214],[19.451204,51.758283],[19.451456,51.758331],[19.451648,51.758366],[19.451873,51.758406],[19.451978,51.758424],[19.452111,51.758443],[19.452316,51.75847],[19.452476,51.758495],[19.452917,51.758571],[19.453165,51.758613],[19.453488,51.758665],[19.453922,51.758732],[19.454064,51.758754],[19.454156,51.758812],[19.454309,51.758834],[19.454421,51.758846],[19.454535,51.758857],[19.454829,51.758883],[19.455037,51.758901],[19.455353,51.758927],[19.455426,51.758933],[19.455465,51.758936],[19.455483,51.758937],[19.455501,51.758939],[19.455636,51.758949],[19.455745,51.758957],[19.455775,51.758959],[19.455799,51.75896],[19.455818,51.758962],[19.455859,51.758964],[19.455932,51.758969],[19.456117,51.758985],[19.456135,51.758986],[19.456153,51.758988],[19.456218,51.758994],[19.456276,51.758998],[19.456329,51.759003],[19.45666,51.759031],[19.456739,51.759038],[19.457338,51.759089],[19.457505,51.759104],[19.457932,51.75914],[19.457968,51.759143],[19.458026,51.759148],[19.458083,51.759153],[19.458205,51.759163],[19.458222,51.759165],[19.458239,51.759166],[19.458413,51.759181],[19.45849,51.759188],[19.458545,51.759192],[19.458555,51.759193]]},"properties":{"name":"Aleja Adama Mickiewicza"}},{"type":"Feature","geometry":{"type":"LineString","coordinates":[[19.435067,51.756263],[19.435208,51.756263],[19.435224,51.756263],[19.435241,51.756263],[19.435322,51.75626],[19.435409,51.756255],[19.435545,51.756246],[19.435711,51.75623],[19.436272,51.756177],[19.436448,51.75616],[19.436911,51.756126],[19.437113,51.756114],[19.437368,51.756104],[19.437554,51.756101],[19.438143,51.75609],[19.438444,51.756091],[19.438746,51.756098],[19.438983,51.756107],[19.439261,51.756123],[19.439572,51.756145],[19.43986,51.756173],[19.440121,51.756202],[19.440611,51.756268],[19.440814,51.756299],[19.441145,51.75636],[19.441409,51.756412],[19.441667,51.756469],[19.442009,51.756545],[19.442192,51.75659],[19.442339,51.756623],[19.442893,51.75675],[19.443091,51.756796],[19.443541,51.756903],[19.443835,51.756998],[19.443947,51.757033],[19.444078,51.757076],[19.444521,51.757252],[19.44458,51.757277],[19.444835,51.757376],[19.445285,51.757555],[19.445496,51.757639],[19.445592,51.757678],[19.446158,51.757902],[19.446188,51.757914],[19.446219,51.757925],[19.446236,51.757932],[19.446253,51.757938],[19.446361,51.75798],[19.446429,51.758009],[19.44655,51.75805],[19.446655,51.758081],[19.446739,51.758104],[19.446835,51.758124],[19.446966,51.758159],[19.44732,51.758194],[19.447408,51.758202],[19.447844,51.758236],[19.448135,51.758262],[19.448364,51.758287],[19.448421,51.758293],[19.448481,51.7583],[19.44867,51.758324],[19.448845,51.758358],[19.448863,51.758361],[19.44888,51.758364],[19.448908,51.758369],[19.448936,51.758374],[19.448978,51.758381],[19.449823,51.758526],[19.450132,51.758575],[19.450247,51.758594],[19.450567,51.758647],[19.45074,51.758695],[19.451048,51.75876],[19.451235,51.758795],[19.451362,51.758818],[19.451508,51.758844],[19.45207,51.758933],[19.452702,51.759026],[19.453009,51.759064],[19.453223,51.759087],[19.45339,51.7591],[19.453562,51.759109],[19.453734,51.759114],[19.453873,51.759117],[19.45408,51.759123],[19.454204,51.759126],[19.454363,51.75913],[19.454525,51.759139],[19.454693,51.759152],[19.454849,51.759166],[19.455375,51.759213],[19.455403,51.759216],[19.455441,51.75922],[19.455459,51.759223],[19.455477,51.759225],[19.455603,51.759244],[19.45571,51.75926],[19.45572,51.759261],[19.455751,51.759266],[19.455764,51.759268],[19.455863,51.759283],[19.455887,51.759286],[19.456046,51.759309],[19.456063,51.759311],[19.456081,51.759313],[19.456146,51.759319],[19.456239,51.759327],[19.457025,51.759394],[19.457896,51.759469],[19.457954,51.759473],[19.458011,51.759478],[19.458129,51.759489],[19.458147,51.759491],[19.458165,51.759492],[19.458484,51.759519]]},"properties":{"name":"Aleja Adama Mickiewicza"}},{"type":"Feature","geometry":{"type":"LineString","coordinates":[[19.351346,51.726128],[19.351304,51.726115],[19.351264,51.726104],[19.35123,51.726098],[19.351194,51.726096],[19.351158,51.726098],[19.35109,51.726107],[19.351054,51.726115],[19.351045,51.726119],[19.351001,51.726138],[19.350909,51.726184],[19.350803,51.726245],[19.35067,51.72633]]},"properties":{"name":"Sanitariuszek"}},{"type":"Feature","geometry":{"type":"LineString","coordinates":[[19.351084,51.725946],[19.351079,51.72597],[19.351072,51.725989],[19.35106,51.726007],[19.351048,51.72602],[19.35102,51.726042],[19.350992,51.726061],[19.350953,51.726084],[19.350897,51.726115],[19.350848,51.726153],[19.350806,51.726188],[19.350746,51.726245],[19.35067,51.72633],[19.35051,51.726463],[19.350272,51.726663],[19.350031,51.726869],[19.349846,51.727028],[19.349317,51.727472],[19.347794,51.728759],[19.347573,51.728946],[19.346895,51.729528],[19.346629,51.729773],[19.345901,51.73044],[19.345789,51.730543],[19.343111,51.733009],[19.342919,51.733185],[19.342842,51.733244],[19.342798,51.733274],[19.342749,51.733304],[19.342574,51.733406],[19.34216,51.733645]]},"properties":{"name":"Sanitariuszek"}},{"type":"Feature","geometry":{"type":"LineString","coordinates":[[19.351178,51.725835],[19.351231,51.725812],[19.351271,51.725792],[19.351302,51.725775],[19.351327,51.725761],[19.351352,51.725742],[19.351377,51.725715],[19.35139,51.725701],[19.351404,51.725686],[19.351426,51.725662],[19.351469,51.725618],[19.351521,51.72557],[19.35157,51.72553],[19.351594,51.725514],[19.351655,51.725472],[19.351722,51.725436]]},"properties":{"name":"Sanitariuszek"}},{"type":"Feature","geometry":{"type":"LineString","coordinates":[[19.366425,51.711618],[19.366392,51.711645],[19.366362,51.711672],[19.366347,51.71169],[19.366333,51.71171],[19.366314,51.711742],[19.366303,51.711767],[19.366294,51.711789],[19.366285,51.711818],[19.366282,51.711828],[19.366274,51.711851],[19.366269,51.711876],[19.366258,51.711924],[19.366208,51.712164],[19.366157,51.712415],[19.366108,51.712623],[19.366099,51.71265],[19.366066,51.712767],[19.366009,51.712965],[19.365867,51.713431],[19.365849,51.713485],[19.365829,51.713539],[19.365812,51.713576],[19.36579,51.71361],[19.365768,51.713641],[19.365743,51.713673],[19.365709,51.713713],[19.365669,51.713749],[19.365589,51.713816],[19.365505,51.713884],[19.365154,51.714157],[19.364816,51.714431],[19.364626,51.714584],[19.364439,51.714741],[19.364118,51.71501],[19.36292,51.715962],[19.361737,51.716921],[19.360548,51.717877],[19.360484,51.71793],[19.360196,51.718167],[19.35988,51.718428],[19.359828,51.718471],[19.359538,51.718711],[19.359314,51.718896],[19.359126,51.719051],[19.358951,51.719196],[19.35883,51.719295],[19.358807,51.719313],[19.358785,51.719329],[19.358759,51.719347],[19.358735,51.719363],[19.358698,51.719384],[19.358659,51.719406],[19.358531,51.719472],[19.358442,51.719517],[19.35816,51.719644],[19.357985,51.719727],[19.357909,51.719767],[19.35788,51.719784],[19.357858,51.719798],[19.357836,51.719812],[19.357784,51.719846],[19.357736,51.719878],[19.357691,51.719911],[19.35765,51.719943],[19.357596,51.719989],[19.357573,51.720009],[19.357373,51.720208],[19.357178,51.720403],[19.356997,51.720596],[19.356634,51.720986],[19.356342,51.721302],[19.356259,51.721386],[19.356166,51.72148],[19.355471,51.722195],[19.355366,51.722298],[19.355216,51.722445],[19.35519,51.722475],[19.354916,51.722747],[19.354838,51.722827],[19.354701,51.722961],[19.354586,51.723071],[19.35455,51.723107],[19.354509,51.723143],[19.354425,51.723213],[19.354285,51.723318],[19.354256,51.72334],[19.354062,51.723478],[19.353876,51.723619],[19.353615,51.723821],[19.35342,51.723982],[19.353223,51.724145],[19.352835,51.724474],[19.352073,51.725134],[19.351844,51.725328],[19.351722,51.725436],[19.351673,51.725495],[19.351594,51.725579],[19.351571,51.725603],[19.351507,51.725676],[19.351483,51.725709],[19.351466,51.725742],[19.351457,51.725768],[19.351454,51.725798],[19.351455,51.725823],[19.351465,51.725846],[19.35148,51.725876]]},"properties":{"name":"Sanitariuszek"}},{"type":"Feature","geometry":{"type":"LineString","coordinates":[[19.366425,51.711618],[19.366467,51.71159],[19.366513,51.711563],[19.366617,51.711505],[19.366861,51.711368],[19.367053,51.711257],[19.367873,51.710788],[19.368378,51.710493],[19.368808,51.710247],[19.368886,51.710203],[19.369234,51.710014],[19.369441,51.709914],[19.369616,51.709852],[19.369778,51.7098],[19.369832,51.709783],[19.369915,51.709756],[19.370053,51.70974],[19.370178,51.709707],[19.370255,51.709695],[19.370336,51.709695]]},"properties":{"name":"Łaskowice"}},{"type":"Feature","geometry":{"type":"LineString","coordinates":[[19.370521,51.709686],[19.370592,51.709673],[19.370657,51.709673],[19.370706,51.709678],[19.370798,51.709688],[19.370881,51.709679],[19.370964,51.709687],[19.371021,51.709685],[19.371115,51.709681],[19.371457,51.709661],[19.371612,51.709651],[19.371808,51.709639],[19.372046,51.709626],[19.372539,51.709598],[19.374632,51.709464],[19.376101,51.709372],[19.381417,51.709038],[19.381545,51.70903]]},"properties":{"name":"Łaskowice"}},{"type":"Feature","geometry":{"type":"LineString","coordinates":[[19.381545,51.70903],[19.381884,51.709012],[19.382013,51.709004],[19.383237,51.708926],[19.386605,51.708713],[19.387921,51.708631],[19.38924,51.708555],[19.391735,51.708405],[19.391879,51.708396],[19.392106,51.708381],[19.396827,51.708092],[19.401546,51.707809],[19.401775,51.707794],[19.401884,51.707787],[19.406522,51.707502],[19.406646,51.707494],[19.410171,51.707271],[19.410251,51.707266],[19.410391,51.707258],[19.412807,51.707112],[19.41468,51.706998],[19.415518,51.706945],[19.416871,51.70686],[19.419056,51.706716],[19.419433,51.706691],[19.419682,51.706674],[19.420117,51.706646],[19.420603,51.706613],[19.420663,51.706609],[19.421148,51.706577],[19.421498,51.706553],[19.421563,51.706548],[19.421671,51.706541],[19.421745,51.706536],[19.421933,51.706523]]},"properties":{"name":"Chocianowicka"}},{"type":"Feature","geometry":{"type":"LineString","coordinates":[[19.42245,51.70629],[19.422342,51.706356],[19.422302,51.706381],[19.422279,51.706395],[19.422263,51.706404],[19.422228,51.706424],[19.422171,51.706454],[19.422112,51.70647],[19.422046,51.706482],[19.421933,51.706523],[19.422053,51.70653],[19.422126,51.706525],[19.422172,51.70652],[19.422216,51.706512],[19.422269,51.7065],[19.422294,51.706493],[19.422322,51.706485],[19.422367,51.706467],[19.42241,51.706444],[19.422448,51.706423],[19.422558,51.706362],[19.422724,51.706252]]},"properties":{"name":"Chocianowicka"}},{"type":"Feature","geometry":{"type":"LineString","coordinates":[[19.416965,51.701554],[19.417003,51.701569],[19.41704,51.701579],[19.417073,51.701583],[19.417103,51.701582],[19.41715,51.701579],[19.417229,51.701568],[19.417338,51.70156],[19.41742,51.70156],[19.417504,51.701559]]},"properties":{"name":"Mierzejowa"}},{"type":"Feature","geometry":{"type":"LineString","coordinates":[[19.429108,51.701741],[19.42907,51.701756],[19.429019,51.701764],[19.428957,51.701765],[19.428816,51.70176],[19.42867,51.701754],[19.428146,51.701744],[19.42804,51.701744],[19.427934,51.701744],[19.427855,51.701744],[19.427825,51.701744],[19.427693,51.701744],[19.426717,51.701726],[19.426455,51.701722],[19.426342,51.70172],[19.426219,51.701717],[19.425959,51.701713],[19.425299,51.701701],[19.425185,51.701698],[19.425083,51.701697],[19.424661,51.701689],[19.423495,51.701667],[19.422997,51.701659],[19.422939,51.701658],[19.422818,51.701656],[19.422697,51.701653],[19.422655,51.701652],[19.42176,51.701635],[19.421735,51.701634],[19.421632,51.701632],[19.421504,51.70163],[19.421487,51.701629],[19.421136,51.701623],[19.421125,51.701622],[19.421007,51.70162],[19.420889,51.701618],[19.420868,51.701618],[19.420585,51.701613],[19.420462,51.701611],[19.420347,51.701609],[19.419766,51.701598],[19.418934,51.701582],[19.418738,51.701578],[19.418627,51.701577],[19.418345,51.701572],[19.417651,51.701562],[19.417504,51.701559],[19.417417,51.701574],[19.417367,51.701586],[19.417323,51.701607],[19.417288,51.701635],[19.417258,51.701671],[19.417245,51.701699],[19.41724,51.701718],[19.41724,51.701749],[19.417248,51.701776],[19.417262,51.701798]]},"properties":{"name":"Mierzejowa"}},{"type":"Feature","geometry":{"type":"LineString","coordinates":[[19.429108,51.701741],[19.429135,51.701719],[19.429151,51.701693],[19.429157,51.701663],[19.429165,51.701487],[19.42917,51.701371],[19.429171,51.701289],[19.429179,51.700676],[19.429179,51.700529],[19.429179,51.700478]]},"properties":{"name":"Konna"}},{"type":"Feature","geometry":{"type":"LineString","coordinates":[[19.429179,51.700478],[19.429236,51.700469],[19.430254,51.700304],[19.430589,51.700249],[19.430683,51.700234],[19.43113,51.700161],[19.431884,51.700039],[19.431958,51.700027],[19.433935,51.699705],[19.434738,51.699573],[19.43595,51.699375],[19.436124,51.699345],[19.436234,51.699329],[19.436309,51.69932],[19.43639,51.699314],[19.43657,51.699331],[19.436767,51.699353],[19.436831,51.69936],[19.43708,51.699387],[19.437276,51.699415],[19.437364,51.69943],[19.437462,51.699451],[19.437564,51.699473],[19.437673,51.699505],[19.437874,51.699574],[19.438185,51.699691],[19.438255,51.699717],[19.438416,51.699777],[19.438471,51.699798],[19.438569,51.699836]]},"properties":{"name":"Farna"}},{"type":"Feature","geometry":{"type":"LineString","coordinates":[[19.439233,51.700061],[19.439139,51.700019],[19.438969,51.69995],[19.438931,51.699935],[19.438876,51.699914],[19.438723,51.699859],[19.438569,51.699836],[19.438644,51.699893],[19.438761,51.699948],[19.43887,51.699996],[19.438907,51.700011],[19.43906,51.700073]]},"properties":{"name":"Farna"}},{"type":"Feature","geometry":{"type":"LineString","coordinates":[[19.424928,51.71262],[19.424993,51.712669],[19.425354,51.712911],[19.427609,51.714425],[19.427721,51.714507],[19.42782,51.714595],[19.427911,51.71469],[19.428851,51.715776],[19.428881,51.715811],[19.428922,51.715858],[19.429381,51.716388],[19.42945,51.716452]]},"properties":{"name":"Starogardzka"}},{"type":"Feature","geometry":{"type":"LineString","coordinates":[[19.424928,51.71262],[19.426003,51.712176],[19.426586,51.711938],[19.427056,51.711745],[19.427453,51.711574],[19.42758,51.711515],[19.427929,51.711352],[19.427975,51.711331],[19.428027,51.711307],[19.428042,51.711299],[19.428177,51.711236]]},"properties":{"name":"Odrzańska"}},{"type":"Feature","geometry":{"type":"LineString","coordinates":[[19.541514,51.76236],[19.541309,51.762397],[19.541257,51.762406],[19.540605,51.76252],[19.54042,51.76255],[19.540262,51.762573],[19.539945,51.762615],[19.539513,51.762673],[19.538852,51.762762],[19.538579,51.762799],[19.538471,51.762813],[19.538316,51.762834],[19.538273,51.76284],[19.537172,51.762988]]},"properties":{"name":"Maszynowa"}},{"type":"Feature","geometry":{"type":"LineString","coordinates":[[19.537172,51.762988],[19.537129,51.76289],[19.536932,51.762425],[19.536899,51.762348],[19.536874,51.762288],[19.536849,51.762227],[19.536823,51.762166],[19.536797,51.762105],[19.536772,51.762046],[19.536681,51.761836],[19.536594,51.761629],[19.536516,51.761453],[19.536507,51.761432],[19.5365,51.761416],[19.536492,51.761397],[19.536487,51.761384],[19.536481,51.76137],[19.536464,51.76133],[19.536435,51.761251]]},"properties":{"name":"Aleksandra Puszkina"}},{"type":"Feature","geometry":{"type":"LineString","coordinates":[[19.538579,51.762799],[19.538558,51.762743],[19.538545,51.762713],[19.53853,51.76268],[19.538129,51.761818],[19.53808,51.761714],[19.53796,51.761458],[19.537867,51.761259],[19.53786,51.761242],[19.53785,51.761222],[19.537847,51.761212],[19.537841,51.761199],[19.537809,51.761127],[19.537765,51.761029]]},"properties":{"name":"Aleksandra Puszkina"}},{"type":"Feature","geometry":{"type":"LineString","coordinates":[[19.536194,51.760498],[19.536175,51.760373],[19.536172,51.760359],[19.53617,51.760347],[19.536166,51.760328],[19.536163,51.76031],[19.536149,51.760198],[19.536096,51.759738],[19.53605,51.759342],[19.536044,51.759308],[19.536037,51.759268],[19.536005,51.75912],[19.535962,51.758941],[19.535864,51.758651],[19.535785,51.758458],[19.535716,51.7583],[19.535443,51.757657],[19.535432,51.757634],[19.53541,51.757581],[19.535397,51.75755],[19.535295,51.757313],[19.535217,51.757127],[19.535183,51.757055],[19.535172,51.757033],[19.53516,51.757008],[19.535142,51.756977],[19.535049,51.756809],[19.534977,51.756698],[19.534863,51.756535],[19.534774,51.756413],[19.534677,51.756289],[19.534335,51.755947],[19.533804,51.755459],[19.53376,51.755422],[19.533559,51.755241],[19.533405,51.755104],[19.532999,51.754746],[19.532776,51.754563],[19.532599,51.754423],[19.53208,51.754027],[19.532051,51.754006],[19.532022,51.753984],[19.531779,51.753799],[19.531658,51.753703],[19.531613,51.753667],[19.53156,51.753621],[19.531503,51.753562],[19.531458,51.753507],[19.531419,51.753449],[19.531386,51.753392],[19.531356,51.753335],[19.531341,51.753289],[19.53133,51.753245],[19.531325,51.753225],[19.531317,51.753194],[19.531299,51.753123],[19.531284,51.753087],[19.531261,51.753054],[19.531238,51.753026],[19.531202,51.752995],[19.531162,51.752964]]},"properties":{"name":"Aleksandra Puszkina"}},{"type":"Feature","geometry":{"type":"LineString","coordinates":[[19.531847,51.752871],[19.531835,51.752916],[19.531834,51.752944],[19.53184,51.752969],[19.53186,51.753019],[19.531886,51.753061],[19.531923,51.753111],[19.531936,51.753129],[19.531963,51.753158],[19.531979,51.753176],[19.532071,51.753264],[19.532122,51.753315],[19.532172,51.75337],[19.532229,51.753434],[19.532274,51.75349],[19.532318,51.75356],[19.532354,51.753625],[19.532468,51.753827],[19.532487,51.753858],[19.532504,51.753888],[19.532545,51.753962],[19.532602,51.754042],[19.532656,51.754108],[19.532716,51.754173],[19.532795,51.754252],[19.533038,51.754473],[19.534671,51.755931],[19.534815,51.75606],[19.535009,51.756242],[19.53514,51.756396],[19.535268,51.756545],[19.535362,51.756672],[19.535483,51.756869],[19.535497,51.756897],[19.535504,51.756914],[19.535518,51.756943],[19.535535,51.756986],[19.535656,51.757254],[19.535768,51.757491],[19.53578,51.757515],[19.535789,51.757535],[19.535966,51.757928],[19.536,51.758004],[19.536022,51.758054],[19.536249,51.758586],[19.536416,51.758878],[19.536453,51.758937],[19.53661,51.759174],[19.536626,51.759196],[19.53664,51.759221],[19.536689,51.759295],[19.536741,51.759377],[19.536817,51.75949],[19.537135,51.759955],[19.537224,51.760085],[19.537243,51.760112],[19.537254,51.760128],[19.537266,51.760146],[19.537274,51.760158],[19.537283,51.76017],[19.537357,51.760279]]},"properties":{"name":"Aleksandra Puszkina"}},{"type":"Feature","geometry":{"type":"LineString","coordinates":[[19.531099,51.752365],[19.531124,51.752315],[19.531147,51.752291],[19.53116,51.752268],[19.531168,51.752242],[19.531169,51.752217],[19.531166,51.752181],[19.531165,51.752165],[19.531163,51.752135],[19.531162,51.752115],[19.531153,51.751987],[19.531143,51.751898],[19.531131,51.751832],[19.531042,51.751538],[19.53102,51.751459],[19.531001,51.751384],[19.530986,51.75131],[19.530975,51.751231],[19.53097,51.751173],[19.530973,51.751114],[19.530977,51.751062],[19.530987,51.751003],[19.531027,51.750795],[19.531041,51.750707],[19.53107,51.750515],[19.531086,51.750378],[19.531101,51.750176],[19.531107,51.749969],[19.531113,51.749769],[19.531093,51.749116],[19.531045,51.748909],[19.531053,51.748754],[19.531078,51.748471],[19.531116,51.748305],[19.531148,51.747939],[19.531178,51.747694],[19.531203,51.747498],[19.531224,51.747323],[19.531261,51.746906],[19.531283,51.746686],[19.531321,51.746422],[19.531457,51.745723],[19.531483,51.745564],[19.531508,51.745383],[19.531533,51.745091],[19.531567,51.744694],[19.531596,51.744359],[19.531635,51.743885],[19.531687,51.743264],[19.53175,51.742521],[19.531767,51.742298],[19.531791,51.741992],[19.531798,51.741882],[19.53186,51.741156],[19.531864,51.7411],[19.531893,51.740753],[19.53192,51.740428],[19.532014,51.739279],[19.53211,51.738151],[19.532121,51.73794],[19.532122,51.737724],[19.532108,51.737561],[19.532094,51.737431],[19.532072,51.737276],[19.532058,51.737209],[19.532042,51.73715],[19.531773,51.736286],[19.531745,51.73619],[19.531593,51.735696],[19.531456,51.735237],[19.531358,51.734907]]},"properties":{"name":"Aleksandra Puszkina"}},{"type":"Feature","geometry":{"type":"LineString","coordinates":[[19.532472,51.733755],[19.532527,51.733886],[19.532543,51.733961],[19.532539,51.734018],[19.532523,51.734065],[19.532491,51.73412],[19.532466,51.734184],[19.532356,51.73479],[19.532276,51.735226],[19.532258,51.735345],[19.532247,51.735468],[19.532239,51.735595],[19.532228,51.735815],[19.532231,51.735995],[19.532233,51.736049],[19.53225,51.736259],[19.532266,51.736479],[19.532277,51.736714]]},"properties":{"name":"Aleksandra Puszkina"}},{"type":"Feature","geometry":{"type":"LineString","coordinates":[[19.532133,51.740433],[19.532114,51.740757],[19.532076,51.741373],[19.532058,51.741586],[19.532027,51.741955],[19.531993,51.742306],[19.531915,51.742998],[19.531895,51.743177],[19.531834,51.743879],[19.531793,51.744359],[19.531762,51.74469],[19.531738,51.744987],[19.531706,51.745381],[19.531696,51.74557],[19.53169,51.745769],[19.531714,51.746823],[19.531728,51.74734],[19.531727,51.747557],[19.531724,51.74764],[19.531714,51.747724],[19.531685,51.747902],[19.531669,51.747987],[19.531594,51.748384],[19.531379,51.749487],[19.531361,51.749587],[19.531339,51.74976],[19.531324,51.749906],[19.531314,51.750133],[19.531314,51.750346],[19.531321,51.750459],[19.531325,51.750495],[19.531357,51.750798],[19.531363,51.750845],[19.531383,51.751033],[19.531389,51.751155],[19.531419,51.751725],[19.531424,51.751808],[19.531433,51.75187],[19.531448,51.751935],[19.531462,51.751991],[19.531482,51.752054],[19.531503,51.75211],[19.531511,51.75213],[19.531522,51.752158],[19.531543,51.752209],[19.531563,51.752244],[19.53159,51.75229],[19.531632,51.752336]]},"properties":{"name":"Aleksandra Puszkina"}},{"type":"Feature","geometry":{"type":"LineString","coordinates":[[19.536435,51.761251],[19.536333,51.760977],[19.536319,51.760941],[19.536305,51.760906],[19.536299,51.76089],[19.53627,51.760803],[19.53621,51.760599],[19.536194,51.760498],[19.536379,51.760452],[19.53654,51.760419],[19.536697,51.760388],[19.536762,51.760377],[19.536817,51.760366],[19.536955,51.760341],[19.537202,51.7603],[19.537357,51.760279],[19.537445,51.760407],[19.53753,51.76054],[19.537582,51.760631],[19.537604,51.76067],[19.537621,51.760703],[19.53768,51.76083],[19.53773,51.760947],[19.537765,51.761029],[19.537374,51.761108],[19.536956,51.761182],[19.536701,51.761224],[19.536537,51.761242],[19.536435,51.761251]]},"properties":{"name":"Rondo Inwalidów"}},{"type":"Feature","geometry":{"type":"LineString","coordinates":[[19.493739,51.733],[19.493663,51.733027],[19.49359,51.733048],[19.493538,51.733059],[19.493494,51.733066],[19.493465,51.733067],[19.493436,51.733066],[19.493242,51.733057],[19.492765,51.73303],[19.492682,51.733026],[19.491844,51.732982],[19.491736,51.732976],[19.491697,51.732974],[19.491379,51.732956],[19.491264,51.73295],[19.491145,51.732943],[19.490841,51.732926],[19.490671,51.732917],[19.490382,51.732901]]},"properties":{"name":"Władysława Broniewskiego"}},{"type":"Feature","geometry":{"type":"LineString","coordinates":[[19.489234,51.733043],[19.489418,51.733014],[19.489439,51.733011],[19.48946,51.733007],[19.489503,51.733001],[19.489545,51.732994],[19.489582,51.732988],[19.489949,51.732935],[19.490106,51.732917],[19.490255,51.732906],[19.490382,51.732901],[19.490247,51.732879],[19.490083,51.732844],[19.489967,51.732812],[19.489581,51.732683],[19.489544,51.732669],[19.489506,51.732656],[19.489487,51.732649],[19.489468,51.732642],[19.489376,51.732612],[19.489265,51.732584]]},"properties":{"name":"Władysława Broniewskiego"}},{"type":"Feature","geometry":{"type":"LineString","coordinates":[[19.488417,51.73302],[19.488127,51.732932],[19.488108,51.732926],[19.488089,51.732919],[19.488013,51.732895],[19.487973,51.732882],[19.487843,51.732842],[19.487711,51.732804],[19.487552,51.732765],[19.4874,51.732737],[19.487209,51.732712],[19.486975,51.732689],[19.486321,51.732649],[19.486282,51.732647],[19.486246,51.732645],[19.486224,51.732644],[19.485212,51.732577],[19.485063,51.732567],[19.484709,51.732427]]},"properties":{"name":"Władysława Broniewskiego"}},{"type":"Feature","geometry":{"type":"LineString","coordinates":[[19.479277,51.731807],[19.479375,51.731827],[19.479704,51.731905],[19.479744,51.731916],[19.479784,51.731927],[19.479973,51.731982],[19.480266,51.73204],[19.480438,51.732067],[19.48072,51.732108],[19.480965,51.732138],[19.481193,51.732162],[19.48142,51.732186],[19.48192,51.732231],[19.482162,51.732253],[19.482194,51.732256],[19.48225,51.732261],[19.482299,51.732265],[19.482551,51.732288],[19.483206,51.73233],[19.484709,51.732427],[19.485198,51.732457],[19.485441,51.732464],[19.486267,51.732474],[19.486301,51.732474],[19.486341,51.732475],[19.486829,51.732481],[19.487096,51.732491],[19.4875,51.732508],[19.487997,51.732514],[19.488033,51.732515],[19.48808,51.732516],[19.488128,51.732516],[19.488149,51.732516],[19.488171,51.732517],[19.488489,51.732521]]},"properties":{"name":"Władysława Broniewskiego"}},{"type":"Feature","geometry":{"type":"LineString","coordinates":[[19.478087,51.731652],[19.477989,51.73165],[19.477919,51.731645],[19.477868,51.731642],[19.477822,51.731638],[19.477776,51.731632],[19.477697,51.731615],[19.477631,51.731593],[19.477625,51.731591],[19.477136,51.731381],[19.476682,51.731189],[19.476311,51.731027],[19.476252,51.731002]]},"properties":{"name":"Władysława Broniewskiego"}},{"type":"Feature","geometry":{"type":"LineString","coordinates":[[19.474874,51.730606],[19.474893,51.730612],[19.475114,51.730683],[19.475154,51.730699],[19.475195,51.730716],[19.475229,51.730731],[19.475744,51.730955]]},"properties":{"name":"Władysława Broniewskiego"}},{"type":"Feature","geometry":{"type":"LineString","coordinates":[[19.475071,51.730493],[19.475239,51.730566],[19.475282,51.730584],[19.475323,51.730602],[19.476252,51.731002],[19.475744,51.730955],[19.475973,51.731055],[19.476064,51.731095],[19.476478,51.731276],[19.476721,51.731383],[19.477112,51.731552],[19.477311,51.731638],[19.477463,51.731715],[19.477609,51.731806],[19.47764,51.731826],[19.477667,51.731849],[19.477927,51.732036]]},"properties":{"name":"Władysława Broniewskiego"}},{"type":"Feature","geometry":{"type":"LineString","coordinates":[[19.479277,51.731807],[19.479184,51.73178],[19.47882,51.731703],[19.478704,51.731684],[19.478618,51.731674],[19.478428,51.731659],[19.478132,51.73165],[19.478087,51.731652]]},"properties":{"name":"Rondo Insurekcji Kościuszkowskiej"}},{"type":"Feature","geometry":{"type":"LineString","coordinates":[[19.413743,51.742905],[19.413655,51.742967]]},"properties":{"name":"Olimpijska"}},{"type":"Feature","geometry":{"type":"LineString","coordinates":[[19.541514,51.76236],[19.541705,51.762326],[19.542042,51.762265],[19.542223,51.762233],[19.542797,51.762129],[19.543177,51.76206],[19.543341,51.762031],[19.543564,51.761991],[19.543765,51.761953],[19.543905,51.761924],[19.544056,51.761889],[19.54466,51.76175],[19.544749,51.761734],[19.545556,51.76161],[19.545838,51.761567],[19.545879,51.76156],[19.546213,51.761508],[19.546298,51.761495],[19.546377,51.761483],[19.546592,51.761449],[19.547013,51.761383],[19.547343,51.761327],[19.548134,51.761204],[19.548476,51.76115],[19.54911,51.761051],[19.549702,51.760958],[19.550188,51.760881],[19.550524,51.76083],[19.550711,51.760803],[19.550836,51.760786],[19.551165,51.760752],[19.551281,51.760741],[19.551402,51.760729],[19.551466,51.760722],[19.551665,51.760702],[19.552505,51.760615],[19.552799,51.760584],[19.552971,51.760568],[19.553531,51.76051],[19.553871,51.760475],[19.554557,51.760405],[19.554571,51.760404],[19.554595,51.760402],[19.554756,51.760388],[19.554815,51.760372],[19.554863,51.760348],[19.554896,51.760326],[19.554918,51.760302],[19.554927,51.760273]]},"properties":{"name":"Służbowa"}},{"type":"Feature","geometry":{"type":"LineString","coordinates":[[19.485716,51.707259],[19.485764,51.707245],[19.485855,51.707221],[19.485969,51.707196],[19.486074,51.707179],[19.48621,51.707163],[19.486338,51.707155],[19.486405,51.707151],[19.486713,51.707142],[19.48677,51.707139],[19.487449,51.707088],[19.487612,51.707076],[19.48774,51.707065],[19.48853,51.706998],[19.488605,51.706992],[19.489172,51.706943],[19.489287,51.706934],[19.490137,51.706864],[19.49059,51.706827],[19.491502,51.706752],[19.492607,51.706668],[19.493716,51.706599],[19.494061,51.706573],[19.494502,51.706544],[19.4952,51.706502],[19.495522,51.706491],[19.49562,51.706493],[19.495754,51.706495],[19.495997,51.706499],[19.496281,51.706504],[19.496795,51.706512],[19.497017,51.70653],[19.497205,51.706564],[19.497304,51.706584],[19.497602,51.706646],[19.497855,51.706677],[19.498132,51.70668],[19.498845,51.706675],[19.500217,51.706665],[19.500498,51.70666],[19.500743,51.70664],[19.50091,51.706609],[19.501177,51.706547],[19.501534,51.706464],[19.501717,51.706427],[19.501904,51.706408],[19.502065,51.706405],[19.50222,51.706403],[19.502353,51.706401],[19.503608,51.706384],[19.503817,51.706382],[19.503992,51.706379],[19.504676,51.70637],[19.504965,51.706365],[19.505073,51.706364],[19.505366,51.706359],[19.505566,51.706357],[19.506358,51.706346],[19.506753,51.706339],[19.507075,51.706334],[19.507418,51.706335],[19.507764,51.706347],[19.510318,51.706435],[19.510701,51.706447],[19.510833,51.706451],[19.511146,51.70646],[19.511163,51.706461],[19.511256,51.706464],[19.512615,51.706504]]},"properties":{"name":"Józefów"}},{"type":"Feature","geometry":{"type":"LineString","coordinates":[[19.494502,51.706544],[19.494852,51.706243],[19.495197,51.705906],[19.49674,51.704861],[19.496963,51.704708],[19.497395,51.70441],[19.497998,51.703995],[19.49814,51.703886],[19.498266,51.703787],[19.498659,51.703471],[19.498765,51.703373],[19.498869,51.703272],[19.499175,51.702991],[19.499341,51.702853],[19.499738,51.702557],[19.499899,51.702444],[19.500056,51.702345],[19.500368,51.702178],[19.500502,51.70212],[19.50064,51.702069],[19.500708,51.702046],[19.501542,51.701848],[19.501642,51.701829],[19.502221,51.701725],[19.502815,51.701642],[19.502995,51.70162],[19.503864,51.701527],[19.504796,51.701418],[19.504983,51.701394],[19.505137,51.701369],[19.50538,51.701312],[19.505506,51.70128],[19.506398,51.700973],[19.506815,51.700834],[19.507229,51.700713],[19.507651,51.700592],[19.507911,51.7005],[19.508049,51.700439],[19.508192,51.700358],[19.508334,51.700261],[19.508374,51.70023],[19.508436,51.700175],[19.508485,51.700127],[19.508552,51.700046],[19.508826,51.699664],[19.50894,51.699496],[19.508982,51.699447],[19.509055,51.699362],[19.509126,51.69929],[19.509281,51.699153],[19.509348,51.699101],[19.509449,51.699032],[19.509496,51.699007],[19.509549,51.698981],[19.509694,51.698921],[19.509803,51.698878],[19.509835,51.698863],[19.509864,51.698847],[19.509897,51.698829],[19.509944,51.6988],[19.509973,51.698757],[19.510011,51.698722],[19.510038,51.69869],[19.51007,51.698629],[19.510087,51.698596],[19.510102,51.698566],[19.510111,51.698538],[19.510113,51.698508],[19.510104,51.698481]]},"properties":{"name":"Nowe Górki"}},{"type":"Feature","geometry":{"type":"LineString","coordinates":[[19.510566,51.698277],[19.510643,51.69829],[19.510712,51.698296],[19.510727,51.698296],[19.51078,51.698297],[19.510818,51.698297],[19.510998,51.698297],[19.511099,51.698304],[19.511601,51.698267],[19.512121,51.69823],[19.512382,51.698212],[19.51296,51.698181],[19.513013,51.698178],[19.513331,51.698166],[19.514051,51.698148],[19.514394,51.698144],[19.51478,51.698144],[19.515213,51.698148],[19.515519,51.698153],[19.515893,51.698165],[19.51625,51.698178],[19.516381,51.698184],[19.516476,51.698189],[19.516795,51.698206],[19.517082,51.698224],[19.51751,51.698255],[19.517915,51.698289],[19.518219,51.698316],[19.518545,51.698352],[19.518802,51.698379],[19.519043,51.698406],[19.519512,51.698466],[19.520247,51.698572],[19.520743,51.698653],[19.521211,51.698735],[19.522045,51.698888],[19.522858,51.699037],[19.523124,51.699086],[19.524419,51.699322],[19.524509,51.699339],[19.524958,51.699421],[19.525071,51.699428],[19.525151,51.699436],[19.525301,51.699453],[19.525326,51.699456],[19.525354,51.699459],[19.525413,51.699464],[19.525467,51.699466],[19.525528,51.69946]]},"properties":{"name":"Aleja 600-lecia miasta Łodzi"}},{"type":"Feature","geometry":{"type":"LineString","coordinates":[[19.525718,51.699395],[19.525761,51.699374],[19.525792,51.699355],[19.525822,51.699327],[19.52584,51.699305],[19.525864,51.699274],[19.525911,51.699217],[19.525975,51.699176]]},"properties":{"name":"Bronisin"}},{"type":"Feature","geometry":{"type":"LineString","coordinates":[[19.529223,51.69106],[19.529084,51.691735],[19.528557,51.694301],[19.52853,51.694431],[19.528487,51.694537],[19.527599,51.696261],[19.526335,51.698536],[19.526199,51.698785],[19.526066,51.699019],[19.526052,51.699043],[19.526014,51.699108],[19.525975,51.699176],[19.525977,51.699228],[19.525955,51.699296],[19.525944,51.699329],[19.525936,51.699355],[19.525931,51.699386],[19.525934,51.699418],[19.52595,51.699452]]},"properties":{"name":"Bronisin"}},{"type":"Feature","geometry":{"type":"LineString","coordinates":[[19.525678,51.699742],[19.525615,51.699758],[19.525579,51.699773],[19.525546,51.699788],[19.525524,51.6998],[19.525481,51.699821],[19.525464,51.69983],[19.525407,51.699853],[19.525354,51.699868],[19.525268,51.699878],[19.525232,51.699886],[19.525199,51.699891],[19.525152,51.699896],[19.525107,51.699897],[19.525066,51.699894],[19.525054,51.699893],[19.525021,51.699889],[19.52497,51.69988],[19.524924,51.699867],[19.524866,51.699846],[19.524811,51.699819],[19.524653,51.699723],[19.524457,51.699608],[19.524385,51.699571],[19.524303,51.699535],[19.524224,51.699503],[19.524136,51.699473],[19.524078,51.699454],[19.524016,51.699436],[19.523932,51.699415],[19.523852,51.699398],[19.523697,51.69937],[19.523458,51.699324],[19.523016,51.699242],[19.522683,51.699179],[19.52236,51.699117],[19.522081,51.699065],[19.52193,51.699036],[19.521793,51.69901],[19.521656,51.698985],[19.521578,51.69897],[19.521521,51.698963],[19.521467,51.69896],[19.52142,51.698961],[19.521364,51.698967],[19.52132,51.698974],[19.521286,51.698982],[19.521258,51.69899],[19.52122,51.699004],[19.521182,51.699022],[19.521152,51.699039],[19.521116,51.699065],[19.521101,51.699078],[19.52108,51.699101],[19.521061,51.699126],[19.521049,51.699143],[19.521038,51.699161],[19.521014,51.69922],[19.520985,51.699298],[19.520936,51.699436],[19.520769,51.699921],[19.520307,51.701195],[19.520247,51.701359],[19.520083,51.701806],[19.519937,51.702215],[19.519853,51.702463],[19.519718,51.702896],[19.519673,51.703054],[19.519596,51.703381],[19.519498,51.703818],[19.519473,51.703917],[19.519091,51.705625],[19.518936,51.706253],[19.518856,51.706587],[19.518738,51.707075],[19.518457,51.708066],[19.518433,51.708166]]},"properties":{"name":"Bronisin"}},{"type":"Feature","geometry":{"type":"LineString","coordinates":[[19.529223,51.69106],[19.529566,51.691144],[19.531071,51.691511],[19.532203,51.691829],[19.532275,51.691851],[19.532451,51.691903],[19.533487,51.692255],[19.533582,51.692305],[19.533673,51.692386],[19.533779,51.69249],[19.533977,51.692673],[19.534128,51.692809],[19.536538,51.694987],[19.537852,51.696197],[19.538868,51.697133],[19.53899,51.697255],[19.539313,51.69754],[19.539563,51.697777],[19.541518,51.699546],[19.541841,51.699837],[19.541896,51.699888],[19.541943,51.699933],[19.542057,51.700039],[19.542112,51.700087],[19.542163,51.70013],[19.542354,51.700281],[19.542394,51.700313],[19.542421,51.700334],[19.542515,51.700408],[19.542547,51.700435],[19.542614,51.700498]]},"properties":{"name":"Brójecka"}},{"type":"Feature","geometry":{"type":"LineString","coordinates":[[19.542946,51.700737],[19.54292,51.700726],[19.542894,51.700712],[19.542857,51.700686],[19.542828,51.700662],[19.542816,51.700652],[19.542798,51.700637],[19.54276,51.700604],[19.542742,51.700588],[19.542715,51.700567],[19.542651,51.700521],[19.542614,51.700498],[19.542663,51.700586],[19.542682,51.700615],[19.542713,51.700664],[19.542732,51.700695],[19.542748,51.700721],[19.542757,51.700743],[19.542761,51.700761],[19.54276,51.700798]]},"properties":{"name":"Brójecka"}},{"type":"Feature","geometry":{"type":"LineString","coordinates":[[19.54319,51.701035],[19.54317,51.70107],[19.543165,51.701089],[19.543162,51.701111],[19.543166,51.701158],[19.543174,51.701194],[19.543177,51.701206],[19.543198,51.701287],[19.543199,51.7013],[19.543194,51.701337],[19.543213,51.701378],[19.543227,51.701407],[19.54326,51.701486],[19.543286,51.701553],[19.543333,51.701691],[19.543466,51.702095],[19.544013,51.703694],[19.544139,51.704139],[19.544678,51.706596],[19.544912,51.707777],[19.544946,51.70795],[19.544934,51.708049],[19.544899,51.708168],[19.544889,51.708189],[19.544675,51.708632],[19.54421,51.709598],[19.544201,51.709617],[19.54393,51.710194],[19.54366,51.710768],[19.543437,51.711238],[19.543414,51.711278],[19.543386,51.711315],[19.543352,51.711349]]},"properties":{"name":"Brójecka"}},{"type":"Feature","geometry":{"type":"LineString","coordinates":[[19.543891,51.711812],[19.543828,51.711964],[19.543367,51.712937],[19.542754,51.714277],[19.542727,51.71433],[19.542697,51.714394],[19.542091,51.715678],[19.542068,51.715724],[19.542049,51.715761],[19.541916,51.716045],[19.541895,51.716085],[19.541743,51.716417],[19.541532,51.716869],[19.541415,51.717113],[19.540917,51.71816],[19.540055,51.719974],[19.539913,51.720273],[19.539773,51.720579],[19.53968,51.720777],[19.539594,51.720955],[19.539477,51.7212],[19.539188,51.721802],[19.539145,51.721895]]},"properties":{"name":"Tomaszowska"}},{"type":"Feature","geometry":{"type":"LineString","coordinates":[[19.538874,51.722299],[19.538877,51.722274],[19.538889,51.722252],[19.538903,51.722233],[19.538929,51.72221],[19.538948,51.722195],[19.538966,51.72218],[19.538986,51.722164],[19.539016,51.72214],[19.539044,51.72211],[19.539068,51.722079],[19.53909,51.72204],[19.539109,51.722001],[19.539124,51.721963],[19.539145,51.721895],[19.539109,51.721941],[19.539077,51.721975],[19.53904,51.722012],[19.539005,51.722043],[19.538942,51.72209],[19.538871,51.722131],[19.53885,51.722141],[19.538809,51.722156],[19.538766,51.722169],[19.53872,51.722179],[19.538656,51.722188],[19.53859,51.722204]]},"properties":{"name":"Tomaszowska"}},{"type":"Feature","geometry":{"type":"LineString","coordinates":[[19.538835,51.722508],[19.538808,51.722529],[19.538788,51.722557],[19.538778,51.722587],[19.538766,51.722664],[19.538764,51.722682],[19.53875,51.722834],[19.53874,51.722889],[19.538726,51.722941],[19.538705,51.723],[19.538665,51.723087],[19.538523,51.723381],[19.538474,51.723484],[19.538396,51.723663],[19.538351,51.723761],[19.538259,51.723853]]},"properties":{"name":"Tomaszowska"}},{"type":"Feature","geometry":{"type":"LineString","coordinates":[[19.53781,51.725162],[19.537781,51.725129],[19.537764,51.725092],[19.537761,51.725058],[19.537762,51.725035],[19.537767,51.724999],[19.537773,51.724974],[19.537779,51.724956],[19.537796,51.724912],[19.537787,51.724833],[19.5378,51.724804],[19.537857,51.724684],[19.537976,51.724437],[19.538243,51.723886],[19.538259,51.723853],[19.538257,51.723747],[19.538274,51.723695],[19.538289,51.723644],[19.538313,51.723496],[19.538322,51.723458],[19.53834,51.7234],[19.53836,51.723358],[19.538502,51.723064],[19.538517,51.72303],[19.538536,51.722977],[19.538547,51.722925],[19.538559,51.722866],[19.538561,51.722821],[19.538562,51.7227],[19.538561,51.722662],[19.538562,51.722602],[19.538558,51.722568],[19.538539,51.722534]]},"properties":{"name":"Tomaszowska"}},{"type":"Feature","geometry":{"type":"LineString","coordinates":[[19.537554,51.725109],[19.537588,51.725087],[19.537629,51.725036],[19.537675,51.724957],[19.537684,51.72494],[19.537705,51.724898],[19.537787,51.724833]]},"properties":{"name":"Tomaszowska"}},{"type":"Feature","geometry":{"type":"LineString","coordinates":[[19.537006,51.725633],[19.537049,51.725561],[19.537093,51.725516],[19.537138,51.725472],[19.537299,51.725374],[19.537327,51.725354],[19.537353,51.725327],[19.537382,51.725285]]},"properties":{"name":"Tomaszowska"}},{"type":"Feature","geometry":{"type":"LineString","coordinates":[[19.537576,51.725448],[19.537439,51.725456],[19.537332,51.725483],[19.537217,51.725531],[19.53714,51.725581],[19.537104,51.725597],[19.537006,51.725633],[19.536873,51.725758],[19.53673,51.725893],[19.535109,51.727411],[19.534987,51.727522],[19.534911,51.727593],[19.534809,51.727689],[19.53478,51.727715],[19.534642,51.727842],[19.534377,51.728089],[19.533958,51.728477],[19.533719,51.728699],[19.533389,51.729004],[19.532494,51.729834],[19.53242,51.729901],[19.531297,51.730926],[19.531212,51.731006],[19.531101,51.731106],[19.530632,51.731537],[19.530371,51.731778],[19.530182,51.731943],[19.530042,51.732071],[19.529932,51.732169],[19.529648,51.732435],[19.527993,51.733928],[19.527978,51.733942],[19.527693,51.734199],[19.527677,51.734216],[19.52766,51.734234],[19.527647,51.734252],[19.527634,51.734274],[19.527624,51.734296],[19.527615,51.73432],[19.527608,51.734349],[19.527606,51.734378],[19.527608,51.7344],[19.527615,51.734423],[19.527629,51.73445],[19.527643,51.734471],[19.527655,51.734484],[19.527685,51.734507],[19.527725,51.734529],[19.527779,51.734548],[19.52784,51.734563],[19.527941,51.734583],[19.528103,51.734622]]},"properties":{"name":"Tomaszowska"}},{"type":"Feature","geometry":{"type":"LineString","coordinates":[[19.526891,51.734685],[19.527056,51.734627],[19.527158,51.734589],[19.527261,51.734544],[19.527331,51.734498],[19.527351,51.734484],[19.527402,51.734442],[19.527693,51.734199]]},"properties":{"name":"Tomaszowska"}},{"type":"Feature","geometry":{"type":"LineString","coordinates":[[19.537429,51.72517],[19.537436,51.725146],[19.537437,51.72513],[19.537431,51.725108],[19.537418,51.725085],[19.537376,51.725034],[19.53734,51.725001],[19.537309,51.724979]]},"properties":{"name":"Kotoniarska"}},{"type":"Feature","geometry":{"type":"LineString","coordinates":[[19.524795,51.722407],[19.524931,51.722381],[19.525087,51.722384],[19.526684,51.722635],[19.526912,51.72267],[19.526996,51.722683],[19.527302,51.722736],[19.527787,51.722816],[19.528096,51.722873],[19.528372,51.722932],[19.528777,51.723022],[19.529715,51.723234],[19.530157,51.723333],[19.532277,51.723808],[19.533841,51.724171],[19.535505,51.724556],[19.536136,51.724702],[19.537001,51.724907],[19.537026,51.724912],[19.537234,51.724962],[19.537309,51.724979],[19.537415,51.725004],[19.537554,51.725109]]},"properties":{"name":"Kotoniarska"}},{"type":"Feature","geometry":{"type":"LineString","coordinates":[[19.524795,51.722407],[19.524692,51.722473],[19.524619,51.72257],[19.52438,51.723071],[19.52431,51.723202],[19.524193,51.723342],[19.524044,51.723468],[19.523855,51.723592],[19.523736,51.723665],[19.523575,51.723748],[19.523385,51.723809],[19.523194,51.723836]]},"properties":{"name":"Wełniana"}},{"type":"Feature","geometry":{"type":"LineString","coordinates":[[19.523194,51.723836],[19.522989,51.723838],[19.522723,51.723814],[19.522508,51.723781],[19.522438,51.723771],[19.522085,51.723699],[19.520859,51.723428],[19.520766,51.723399],[19.520642,51.723387]]},"properties":{"name":"Młynek"}},{"type":"Feature","geometry":{"type":"LineString","coordinates":[[19.520326,51.723461],[19.520366,51.723439],[19.520463,51.723407],[19.520557,51.723391],[19.520642,51.723387]]},"properties":{"name":"Śląska"}},{"type":"Feature","geometry":{"type":"LineString","coordinates":[[19.501178,51.727945],[19.500958,51.727941],[19.500592,51.727938],[19.49965,51.727932],[19.498847,51.727926],[19.498583,51.727924],[19.49849,51.727924],[19.498226,51.727921],[19.497583,51.727937],[19.497392,51.727941],[19.497244,51.727944],[19.496485,51.727964],[19.495851,51.727978],[19.495455,51.727988],[19.495216,51.727993],[19.495064,51.727997],[19.494933,51.728001],[19.494336,51.728015],[19.493965,51.728024],[19.493681,51.728031],[19.49345,51.728036],[19.493077,51.728045],[19.492844,51.728051],[19.492766,51.728052],[19.492414,51.728061],[19.492155,51.728068],[19.491854,51.728075],[19.491219,51.728091],[19.490788,51.728102],[19.490536,51.728108],[19.490463,51.72811],[19.490279,51.728115],[19.489823,51.728126],[19.489612,51.728131],[19.489428,51.728135],[19.489367,51.728137],[19.489122,51.728142],[19.488632,51.728154],[19.488246,51.728163],[19.488124,51.728165],[19.487975,51.728168],[19.487808,51.728171],[19.487544,51.728174],[19.487378,51.728175],[19.487222,51.72817],[19.487145,51.728165],[19.486924,51.728144],[19.486665,51.728114],[19.48622,51.728057],[19.485918,51.728018],[19.485616,51.727979],[19.485498,51.727964],[19.485415,51.727948],[19.484511,51.727832],[19.484197,51.727791],[19.483746,51.727733],[19.483651,51.727725],[19.483567,51.727714],[19.48215,51.727532],[19.481683,51.727472],[19.481403,51.727436],[19.480992,51.727384],[19.480935,51.727377],[19.480655,51.727346],[19.480187,51.727292],[19.480134,51.727285],[19.479642,51.727221],[19.47937,51.727186],[19.479276,51.727177],[19.479191,51.727171],[19.479009,51.727167],[19.478778,51.727174],[19.478545,51.727185],[19.478081,51.727208],[19.477609,51.727231],[19.47755,51.727234],[19.47746,51.727238],[19.477383,51.727245],[19.477311,51.727253],[19.477162,51.727273],[19.477021,51.727296],[19.476912,51.727319],[19.47681,51.727343],[19.476592,51.727402],[19.476392,51.727454],[19.476244,51.727494],[19.476102,51.727531],[19.476,51.727559],[19.475907,51.727587],[19.475843,51.727614],[19.475786,51.727641],[19.475735,51.727668],[19.475692,51.727693],[19.475637,51.727732],[19.475589,51.72777],[19.475542,51.72782],[19.475504,51.727868],[19.475473,51.727908],[19.475451,51.72795],[19.475447,51.727959],[19.475435,51.727989],[19.475422,51.728041],[19.475417,51.72809],[19.475418,51.728143],[19.475428,51.728192],[19.475444,51.72825],[19.475468,51.728304],[19.475496,51.728359],[19.475508,51.728379],[19.475533,51.728411],[19.475559,51.728441],[19.475595,51.728474],[19.475626,51.7285]]},"properties":{"name":"Śląska"}},{"type":"Feature","geometry":{"type":"LineString","coordinates":[[19.490279,51.728115],[19.490247,51.728155],[19.490225,51.728197],[19.490148,51.728461],[19.490093,51.728636],[19.490063,51.728808],[19.490029,51.728923],[19.489997,51.729023],[19.489942,51.729178],[19.489594,51.730111],[19.489576,51.730158],[19.489405,51.730616]]},"properties":{"name":"Niższa"}},{"type":"Feature","geometry":{"type":"LineString","coordinates":[[19.489265,51.732584],[19.489285,51.73242],[19.489286,51.732407],[19.489288,51.732393],[19.489292,51.732364],[19.489295,51.732335],[19.489298,51.73231],[19.489342,51.73196],[19.489363,51.731819],[19.489378,51.731744],[19.489397,51.73166],[19.489499,51.73127],[19.489517,51.731186],[19.489529,51.731109],[19.489528,51.731049],[19.489521,51.730988],[19.489503,51.73092],[19.489482,51.730862],[19.489446,51.730795],[19.489431,51.730763],[19.489419,51.730732],[19.489409,51.730693],[19.489404,51.730655],[19.489405,51.730616],[19.489326,51.730772],[19.489286,51.73088],[19.489248,51.730968],[19.489206,51.731057],[19.489176,51.731147],[19.489162,51.731183],[19.488974,51.731553],[19.488603,51.732276],[19.488588,51.732304],[19.488574,51.732332],[19.488567,51.732345],[19.488561,51.732358],[19.488519,51.732446],[19.488489,51.732521]]},"properties":{"name":"Niższa"}},{"type":"Feature","geometry":{"type":"LineString","coordinates":[[19.495293,51.74111],[19.495426,51.741116],[19.495459,51.741117],[19.496323,51.741114],[19.496509,51.741107],[19.496604,51.741102],[19.496679,51.741094],[19.496733,51.741086],[19.497321,51.740989],[19.497602,51.740943],[19.497885,51.740896],[19.498175,51.740848],[19.498437,51.740804],[19.498568,51.740782],[19.498618,51.740777],[19.49867,51.740775]]},"properties":{"name":"Zbaraska"}},{"type":"Feature","geometry":{"type":"LineString","coordinates":[[19.499162,51.740747],[19.499448,51.740735],[19.499588,51.740728],[19.499777,51.740718],[19.50016,51.740704]]},"properties":{"name":"Zbaraska"}},{"type":"Feature","geometry":{"type":"LineString","coordinates":[[19.50016,51.740704],[19.500372,51.740689],[19.500441,51.740681],[19.500511,51.74067],[19.500581,51.740654],[19.500629,51.740637],[19.500695,51.740606],[19.500753,51.740567],[19.500778,51.740542],[19.500792,51.740517],[19.500815,51.740266],[19.500826,51.740193],[19.500829,51.740174],[19.500831,51.739365],[19.500831,51.739275],[19.500832,51.739195],[19.500819,51.738967],[19.500815,51.738931],[19.500796,51.738776],[19.500773,51.73866],[19.50074,51.73849],[19.500716,51.738334],[19.500704,51.738268],[19.500631,51.737909],[19.500627,51.73789],[19.500615,51.737839],[19.500523,51.737473],[19.500508,51.737402],[19.500455,51.737186],[19.50043,51.737126],[19.500386,51.737063],[19.500301,51.736962],[19.500188,51.736815],[19.500173,51.736787],[19.500163,51.736766],[19.500117,51.73664]]},"properties":{"name":"Juliusza Kossaka"}},{"type":"Feature","geometry":{"type":"LineString","coordinates":[[19.512756,51.707996],[19.512869,51.707981],[19.512981,51.707966],[19.513203,51.707936],[19.513549,51.707891],[19.513801,51.707858],[19.51402,51.707829],[19.514545,51.707761],[19.514701,51.707746],[19.51478,51.707741],[19.514861,51.707739],[19.514921,51.707738],[19.514944,51.707738],[19.515151,51.70775],[19.515183,51.707754],[19.515319,51.707771],[19.515342,51.707773],[19.515684,51.707817],[19.515739,51.707824],[19.515791,51.707831],[19.516461,51.707915],[19.516548,51.707926],[19.516671,51.707942],[19.517473,51.708044],[19.517907,51.708099],[19.518146,51.708128],[19.518182,51.708132],[19.518211,51.708136],[19.518433,51.708166],[19.518592,51.708186],[19.520809,51.708464],[19.520943,51.70848],[19.521782,51.708586],[19.522477,51.708674],[19.52253,51.708681],[19.522594,51.708689],[19.523357,51.708786],[19.523727,51.708834],[19.524036,51.708873],[19.52437,51.708916],[19.524777,51.708967],[19.525106,51.709009],[19.526232,51.709151],[19.526377,51.70917],[19.526498,51.709186],[19.528907,51.709495],[19.530332,51.709675],[19.530383,51.709682],[19.530457,51.709691],[19.53114,51.709779],[19.531413,51.709813],[19.531442,51.709817],[19.53147,51.70982],[19.531756,51.709857],[19.53198,51.709886],[19.533174,51.710038],[19.534295,51.71018],[19.534487,51.710205],[19.537193,51.710554],[19.537275,51.710564],[19.53732,51.71057],[19.537392,51.710578],[19.537411,51.710581],[19.537496,51.710592],[19.537894,51.710644],[19.537921,51.710647],[19.537957,51.710652],[19.539463,51.710846],[19.539549,51.710858],[19.539647,51.71087],[19.541379,51.711094],[19.54145,51.711103],[19.541568,51.711119],[19.541725,51.711138],[19.541944,51.711163],[19.542247,51.711201],[19.543131,51.711315],[19.543168,51.71132],[19.543204,51.711325],[19.543352,51.711349],[19.543495,51.711377],[19.543889,51.711436],[19.543965,51.711445],[19.544037,51.711452],[19.544205,51.711466],[19.544234,51.711469],[19.544263,51.711472],[19.544663,51.711523],[19.544954,51.711561],[19.546416,51.711751],[19.546899,51.711813],[19.547481,51.711888],[19.54797,51.711951],[19.54829,51.711992],[19.549089,51.712099],[19.549155,51.712108],[19.549823,51.712184],[19.549911,51.712194],[19.550019,51.712207],[19.550135,51.71222],[19.550655,51.712289],[19.551436,51.712384],[19.552365,51.712501],[19.552468,51.712516],[19.552572,51.712537],[19.552674,51.712561],[19.552719,51.712575],[19.552768,51.712592],[19.55283,51.71262],[19.552887,51.712652],[19.552992,51.712718],[19.553404,51.712994],[19.553561,51.713105],[19.554858,51.714015],[19.555054,51.714153],[19.556077,51.714864],[19.556415,51.715103],[19.556438,51.715118],[19.556766,51.715347],[19.556832,51.715394],[19.556899,51.715437],[19.556929,51.715453],[19.557032,51.715511],[19.557119,51.715554],[19.557213,51.715594],[19.55733,51.715633],[19.55739,51.715651],[19.557455,51.715667],[19.557576,51.715688],[19.557703,51.715707],[19.557861,51.715724],[19.558353,51.71578],[19.559571,51.715917],[19.560535,51.716025],[19.560583,51.716031],[19.563,51.716296],[19.563502,51.716351],[19.563747,51.716378],[19.565244,51.716536],[19.565313,51.716543],[19.565526,51.716553],[19.565763,51.716531],[19.565945,51.716495],[19.566623,51.716331],[19.568165,51.71596],[19.568218,51.715947],[19.569297,51.715692],[19.570378,51.715435],[19.571743,51.715109],[19.572583,51.714908],[19.573484,51.714691],[19.573765,51.714624],[19.573878,51.714597],[19.57403,51.71456],[19.574244,51.714508],[19.575272,51.71426],[19.575325,51.714248],[19.575451,51.714217],[19.576575,51.713946],[19.577232,51.713788],[19.577836,51.713642],[19.578104,51.713579],[19.578345,51.713523],[19.580283,51.713068],[19.581149,51.712865],[19.583412,51.712346],[19.584157,51.712173],[19.58461,51.712066],[19.585115,51.711948],[19.585428,51.711874],[19.586344,51.711659],[19.587442,51.711404],[19.591298,51.710509],[19.591515,51.710459],[19.591657,51.710429],[19.591738,51.710415],[19.591937,51.710381],[19.592134,51.710352],[19.592532,51.710293],[19.593333,51.710175],[19.594069,51.710067],[19.594184,51.71005],[19.59433,51.710028],[19.595906,51.709795],[19.596045,51.709775],[19.59651,51.709706],[19.596653,51.709685],[19.596766,51.709668],[19.596843,51.709657],[19.596949,51.70964],[19.597103,51.709616],[19.597416,51.709568],[19.597497,51.709555],[19.597922,51.709489],[19.598125,51.709457],[19.598607,51.709382],[19.598835,51.709344],[19.59902,51.709306],[19.599174,51.709268],[19.599356,51.709211],[19.599524,51.709144],[19.600052,51.708931],[19.600706,51.708666],[19.600729,51.708657],[19.600904,51.708587],[19.601192,51.708469],[19.601335,51.70841],[19.601475,51.708347],[19.601612,51.708282],[19.601745,51.708213],[19.601876,51.708141],[19.601996,51.708067],[19.602099,51.708],[19.602202,51.707928],[19.602267,51.707881],[19.602332,51.70783],[19.602415,51.707763],[19.602495,51.707697],[19.60295,51.7073],[19.603148,51.707132],[19.603232,51.707066],[19.603308,51.70701],[19.603387,51.706955],[19.603447,51.706915],[19.603509,51.706877],[19.603631,51.706805],[19.603693,51.706771],[19.603761,51.706735],[19.603902,51.706667],[19.603944,51.706648],[19.60399,51.706627],[19.604089,51.706586],[19.604189,51.706548],[19.604291,51.706512],[19.604432,51.706465],[19.604604,51.706414],[19.604804,51.70636],[19.605021,51.706305],[19.606211,51.706002],[19.607177,51.705758],[19.607664,51.705635],[19.608141,51.705513],[19.608428,51.705436],[19.608824,51.705325],[19.608979,51.705276],[19.609147,51.705221],[19.609425,51.705122],[19.609711,51.705013],[19.610516,51.70469],[19.610581,51.704664],[19.61111,51.704451],[19.611581,51.704258],[19.61239,51.703932],[19.612696,51.703808],[19.612763,51.703782],[19.614697,51.703177],[19.615373,51.702969],[19.615582,51.702919],[19.615847,51.702875],[19.61661,51.702775],[19.616705,51.702761],[19.618004,51.702597],[19.618965,51.702475],[19.618973,51.702474],[19.619248,51.70244],[19.619315,51.702431],[19.619369,51.702424],[19.619647,51.702385]]},"properties":{"name":"Kolumny"}},{"type":"Feature","geometry":{"type":"LineString","coordinates":[[19.488138,51.709416],[19.487902,51.70942]]},"properties":{"name":"Kolumny"}},{"type":"Feature","geometry":{"type":"LineString","coordinates":[[19.512756,51.707996],[19.512735,51.707782],[19.512726,51.7077],[19.512725,51.707682],[19.5127,51.707397],[19.512615,51.706504]]},"properties":{"name":"Bieszczadzka"}},{"type":"Feature","geometry":{"type":"LineString","coordinates":[[19.569062,51.740463],[19.568916,51.740513],[19.5688,51.740542],[19.568682,51.740565],[19.568629,51.740574],[19.568449,51.740606],[19.568357,51.740615],[19.56824,51.740622],[19.56813,51.740633],[19.568044,51.740648],[19.567902,51.740646],[19.567811,51.740661],[19.567611,51.740694],[19.567236,51.74076],[19.567013,51.740799],[19.566725,51.740849],[19.566609,51.740868],[19.565918,51.740988],[19.56584,51.741001],[19.564977,51.741151],[19.564659,51.741207],[19.564335,51.74126],[19.563426,51.741418],[19.563176,51.741462],[19.562827,51.741523],[19.562456,51.741587],[19.562339,51.741607],[19.562124,51.741659],[19.561921,51.741706],[19.561781,51.741739],[19.561527,51.741799],[19.56137,51.741834],[19.561301,51.741846],[19.561233,51.741858],[19.560928,51.74191],[19.560622,51.741962],[19.56058,51.741969],[19.560182,51.742038],[19.559661,51.742126],[19.559581,51.742139],[19.559289,51.742188],[19.558117,51.742386],[19.557478,51.742492],[19.556972,51.742575],[19.55684,51.742598],[19.55658,51.742639],[19.556449,51.742656],[19.556263,51.742681],[19.556123,51.7427],[19.555814,51.742741],[19.555683,51.742759],[19.555484,51.742786],[19.555419,51.742794],[19.554863,51.742884],[19.554451,51.742956],[19.554222,51.742996],[19.55389,51.743054],[19.553733,51.743083],[19.553613,51.743103],[19.553316,51.743152],[19.553265,51.743161],[19.553038,51.743202],[19.552974,51.743212],[19.552493,51.743299],[19.552444,51.743307],[19.552061,51.743375],[19.552031,51.74338],[19.551903,51.74341],[19.551785,51.743448],[19.551733,51.743471],[19.551701,51.743489],[19.551676,51.743505],[19.551643,51.743536],[19.551622,51.743571],[19.551612,51.743613]]},"properties":{"name":"Zakładowa"}},{"type":"Feature","geometry":{"type":"LineString","coordinates":[[19.58448,51.737833],[19.584647,51.737805],[19.584881,51.737766],[19.584909,51.737761],[19.584947,51.737754],[19.585328,51.737687],[19.585536,51.737641],[19.585804,51.737578],[19.585836,51.737559],[19.586041,51.737522],[19.586067,51.737518],[19.586423,51.737457],[19.586721,51.737403],[19.587046,51.737346],[19.587135,51.737331],[19.587231,51.737314],[19.587427,51.737283],[19.587501,51.73727],[19.587671,51.73724],[19.588135,51.737163],[19.588312,51.737133],[19.588338,51.737129],[19.588546,51.737095],[19.588613,51.737085],[19.588691,51.737075],[19.588938,51.737047],[19.589191,51.73703],[19.58947,51.737018],[19.589533,51.737015],[19.589551,51.737015],[19.589914,51.737],[19.589991,51.736997],[19.590039,51.736995],[19.590375,51.736981],[19.590438,51.736979],[19.590459,51.736978],[19.590671,51.73697],[19.590745,51.736967],[19.590816,51.736964],[19.591105,51.736952],[19.591224,51.736948],[19.591295,51.736946],[19.591681,51.736933],[19.591775,51.736931],[19.591828,51.73693],[19.592116,51.736927],[19.592186,51.736926],[19.592238,51.736926],[19.592611,51.736928],[19.592862,51.736929],[19.592922,51.73693],[19.593219,51.736932],[19.593406,51.736933],[19.594023,51.736938],[19.594083,51.736938],[19.59453,51.73694],[19.594592,51.736941],[19.594993,51.736942],[19.595805,51.736948],[19.59589,51.736948],[19.596809,51.736949],[19.597182,51.73695],[19.597726,51.736951],[19.597836,51.736953],[19.597936,51.736953],[19.598042,51.736953],[19.598153,51.736954],[19.598686,51.736957],[19.598893,51.736958],[19.598955,51.736959],[19.599073,51.736959],[19.599183,51.73696],[19.599435,51.736961],[19.600607,51.736968],[19.600762,51.736969],[19.601174,51.736972],[19.601372,51.736972],[19.601993,51.736976],[19.602049,51.736976],[19.603105,51.736967],[19.603303,51.736967],[19.604142,51.73696],[19.604634,51.736962],[19.604985,51.736974],[19.605193,51.736977],[19.605618,51.736998],[19.606127,51.737028],[19.606384,51.737042],[19.606489,51.737051],[19.606582,51.737065],[19.606626,51.737072],[19.606677,51.737082],[19.606771,51.737107],[19.606786,51.737075],[19.606792,51.737065],[19.606796,51.73706],[19.606807,51.737047],[19.606822,51.737034],[19.606837,51.737026],[19.606855,51.737019],[19.60687,51.737014],[19.606901,51.737008],[19.606934,51.737005],[19.606959,51.737005],[19.607746,51.737017],[19.607785,51.73702]]},"properties":{"name":"Zakładowa"}},{"type":"Feature","geometry":{"type":"LineString","coordinates":[[19.584613,51.737729],[19.584842,51.737692],[19.58487,51.737687],[19.585438,51.737597],[19.585515,51.737586],[19.585794,51.737553],[19.585836,51.737559]]},"properties":{"name":"Zakładowa"}},{"type":"Feature","geometry":{"type":"LineString","coordinates":[[19.559289,51.742188],[19.559256,51.742128],[19.55921,51.74204],[19.559194,51.742004],[19.559149,51.741917],[19.5591,51.741831],[19.559034,51.741733],[19.558974,51.741655],[19.558904,51.741579],[19.558889,51.741566],[19.558821,51.741511],[19.558725,51.741446],[19.556989,51.74049],[19.556215,51.740059],[19.555276,51.739534],[19.555058,51.739413],[19.554337,51.739009],[19.554053,51.738848],[19.553152,51.738338],[19.552915,51.738204],[19.552708,51.738083],[19.552441,51.737926],[19.55217,51.73777],[19.551837,51.737575],[19.550396,51.736742],[19.550069,51.736553],[19.549435,51.736187],[19.549022,51.735943],[19.548796,51.73581],[19.548587,51.735687],[19.547732,51.735183],[19.547692,51.73516],[19.547469,51.735028],[19.547361,51.734965],[19.547038,51.734774],[19.546388,51.734386],[19.545803,51.734036],[19.545039,51.73358],[19.544647,51.733346],[19.544461,51.733235],[19.544228,51.733096],[19.544201,51.733081],[19.543914,51.73291],[19.543729,51.7328],[19.543704,51.732785],[19.543433,51.732623],[19.543318,51.732556],[19.543215,51.732494],[19.543027,51.732382],[19.542986,51.732358],[19.542508,51.732073],[19.54227,51.731932],[19.542224,51.731904],[19.542105,51.731834],[19.540729,51.73101],[19.540087,51.730625],[19.539613,51.730338],[19.538609,51.729742],[19.538569,51.729719],[19.537477,51.729078],[19.536768,51.728665],[19.536583,51.728558],[19.535792,51.728101],[19.535517,51.727944],[19.535074,51.727687],[19.534911,51.727593]]},"properties":{"name":"Olechowska"}},{"type":"Feature","geometry":{"type":"LineString","coordinates":[[19.458132,51.74072],[19.458241,51.740728],[19.458271,51.74073],[19.458318,51.740734],[19.458669,51.740762],[19.459576,51.740837],[19.460489,51.740913],[19.460542,51.740917],[19.460602,51.740922],[19.460919,51.740947],[19.461051,51.740958],[19.461201,51.740972],[19.461289,51.740982],[19.461302,51.740984],[19.461366,51.740993],[19.461444,51.741006],[19.461518,51.74102],[19.461557,51.741028],[19.461702,51.741058],[19.461921,51.741101],[19.461983,51.741112],[19.462033,51.741119],[19.462087,51.741127],[19.462212,51.74114],[19.462253,51.741144],[19.462289,51.741148],[19.462411,51.74116],[19.46251,51.74117],[19.462537,51.741173],[19.462566,51.741175],[19.462593,51.741178],[19.462679,51.741185],[19.462712,51.741187],[19.462742,51.74119],[19.463536,51.741261],[19.463763,51.741281],[19.463973,51.7413],[19.464038,51.741305],[19.464081,51.741313],[19.464232,51.741339]]},"properties":{"name":"Sieradzka"}},{"type":"Feature","geometry":{"type":"LineString","coordinates":[[19.457246,51.744783],[19.456762,51.744745],[19.456736,51.744743],[19.45669,51.744739],[19.456639,51.744735],[19.456346,51.74471],[19.456243,51.744701],[19.45603,51.744684],[19.455318,51.744622],[19.454915,51.744591],[19.454548,51.744561],[19.454206,51.744533],[19.453961,51.744512],[19.453578,51.744481],[19.453202,51.744442],[19.453111,51.744449],[19.453031,51.744458],[19.452802,51.744493],[19.452683,51.74451],[19.452542,51.744524],[19.452477,51.74453],[19.452351,51.744536],[19.452255,51.744535],[19.452113,51.744528],[19.451723,51.744496],[19.451686,51.744493],[19.451652,51.74449],[19.451617,51.744488],[19.451599,51.744486],[19.451583,51.744485],[19.451422,51.744472]]},"properties":{"name":"Generała Walerego Wróblewskiego"}},{"type":"Feature","geometry":{"type":"LineString","coordinates":[[19.442223,51.744433],[19.442132,51.744474],[19.442048,51.744504],[19.441953,51.744534],[19.441599,51.744627],[19.4415,51.744654],[19.441401,51.744729],[19.441295,51.744763],[19.441076,51.744821],[19.44104,51.744831],[19.441004,51.744841],[19.440964,51.744852],[19.440693,51.744923],[19.440384,51.745004]]},"properties":{"name":"Generała Walerego Wróblewskiego"}},{"type":"Feature","geometry":{"type":"LineString","coordinates":[[19.43447,51.768877],[19.434915,51.769025],[19.435275,51.769145],[19.435601,51.769253],[19.43562,51.769259],[19.435743,51.7693],[19.436182,51.769445],[19.43641,51.769521],[19.43661,51.769588],[19.437193,51.769781],[19.437446,51.769865],[19.437579,51.769909],[19.437758,51.769968],[19.437821,51.769989],[19.438145,51.770089],[19.438262,51.77012],[19.438405,51.770159],[19.438482,51.770182],[19.438678,51.770247],[19.438794,51.770285],[19.439038,51.770365],[19.43933,51.770461],[19.439643,51.770564],[19.439993,51.770681],[19.440277,51.770776],[19.440467,51.770837],[19.440914,51.770994],[19.44096,51.771009],[19.441076,51.771048],[19.441206,51.771091],[19.441463,51.771177],[19.441605,51.771224],[19.441616,51.771231],[19.441636,51.771252],[19.441656,51.771265],[19.441677,51.771274],[19.441723,51.771289],[19.441871,51.771341],[19.442081,51.77141],[19.442251,51.771464],[19.442281,51.77147],[19.442315,51.771477],[19.442515,51.771496],[19.442543,51.771496],[19.442696,51.771486],[19.442952,51.77151],[19.443005,51.771515],[19.443152,51.771529],[19.443277,51.771541],[19.44338,51.771551],[19.443562,51.771568],[19.443708,51.771582],[19.443866,51.771597],[19.444145,51.771624],[19.444378,51.771646],[19.444739,51.771679],[19.444826,51.771687],[19.445157,51.771712],[19.445455,51.77174],[19.445726,51.771765],[19.445883,51.77178],[19.445899,51.771781],[19.445962,51.771787],[19.446369,51.771825],[19.446475,51.771835],[19.446607,51.771848],[19.446819,51.771868],[19.446964,51.771881],[19.44727,51.77191],[19.447601,51.771941],[19.447875,51.771967],[19.447995,51.771979],[19.448337,51.77201],[19.448495,51.772025],[19.448516,51.772027],[19.448537,51.772029],[19.448641,51.772038],[19.448674,51.772041],[19.449083,51.772077],[19.449102,51.772079],[19.449478,51.772113],[19.449517,51.772116],[19.449882,51.772149],[19.449895,51.77215],[19.450191,51.772176],[19.450222,51.772179],[19.45055,51.772208],[19.450566,51.772209],[19.451028,51.77225],[19.451208,51.772266],[19.451315,51.772277],[19.451367,51.772283],[19.451423,51.772288],[19.451918,51.772337],[19.452047,51.772349],[19.452269,51.772371],[19.452737,51.772416],[19.452763,51.772419],[19.452794,51.772421],[19.452882,51.77243],[19.452976,51.772439],[19.453019,51.772443],[19.453131,51.772453],[19.453267,51.772466],[19.453299,51.772469],[19.453332,51.772472],[19.45336,51.772475],[19.453502,51.772488],[19.453842,51.77252],[19.454153,51.772549],[19.454168,51.77255],[19.454515,51.772583],[19.454688,51.772599],[19.454889,51.772618],[19.454953,51.772624],[19.455121,51.77264],[19.455403,51.772666],[19.455456,51.772671],[19.455487,51.772674],[19.455518,51.772677],[19.455602,51.772685]]},"properties":{"name":"Pułkownika Doktora Stanisława Więckowskiego"}},{"type":"Feature","geometry":{"type":"LineString","coordinates":[[19.430315,51.755771],[19.430169,51.756009],[19.430046,51.756194],[19.429839,51.756496],[19.429683,51.756721],[19.429496,51.756992],[19.429265,51.757323],[19.429183,51.757442],[19.429055,51.757624],[19.429018,51.757672],[19.428824,51.757881],[19.428786,51.757929],[19.428663,51.758105],[19.428534,51.758291],[19.428164,51.758824],[19.428138,51.75886],[19.428097,51.758918],[19.42807,51.758959],[19.428001,51.759057],[19.427941,51.75915],[19.427863,51.75927],[19.427825,51.759323],[19.427777,51.759384],[19.427727,51.759437],[19.427672,51.759492],[19.427606,51.759549],[19.42751,51.75962],[19.427415,51.759685],[19.427326,51.759738],[19.427236,51.759787],[19.427182,51.759814],[19.426657,51.76006],[19.426522,51.760124],[19.426443,51.760168],[19.426374,51.760211],[19.426286,51.760271],[19.426196,51.76034],[19.42614,51.760389],[19.42608,51.760449],[19.426022,51.760512],[19.425977,51.760565],[19.425931,51.760625],[19.425863,51.760721],[19.424883,51.762152],[19.42431,51.76299],[19.424037,51.763388],[19.423078,51.76479],[19.423009,51.764892],[19.422915,51.765029],[19.422903,51.765047],[19.42289,51.765065],[19.42227,51.765974],[19.421882,51.766543],[19.42179,51.766677],[19.421756,51.766728],[19.421532,51.767073],[19.421499,51.767123],[19.421467,51.767169],[19.421384,51.767291],[19.421335,51.767363],[19.421319,51.767386],[19.421302,51.767411],[19.421128,51.767666],[19.421079,51.767737],[19.421047,51.767784],[19.42102,51.767824],[19.420894,51.768009],[19.420787,51.768168],[19.420344,51.768819],[19.41949,51.770068],[19.419156,51.770566],[19.418927,51.770898],[19.418698,51.771234],[19.418369,51.771713],[19.418176,51.771996],[19.417775,51.77259],[19.417749,51.77263],[19.417635,51.772787],[19.417551,51.77292],[19.41752,51.772966],[19.41749,51.773015],[19.417396,51.773166],[19.417279,51.773352],[19.416984,51.773831],[19.416889,51.773988],[19.4168,51.774131],[19.416536,51.774556],[19.416374,51.774809],[19.416322,51.774893],[19.415929,51.77553],[19.415825,51.775699],[19.415705,51.775895],[19.415576,51.776102],[19.415504,51.776221],[19.415452,51.776308],[19.415393,51.776403],[19.415209,51.7767],[19.415097,51.776881],[19.41489,51.777218],[19.414689,51.777546],[19.414667,51.777581],[19.414651,51.777607],[19.41463,51.777641],[19.414605,51.777674],[19.414579,51.777702],[19.414558,51.77772],[19.414538,51.777735],[19.414522,51.777747],[19.414506,51.777757],[19.414477,51.777772]]},"properties":{"name":"Aleja Unii Lubelskiej"}},{"type":"Feature","geometry":{"type":"LineString","coordinates":[[19.417635,51.772787],[19.417303,51.77285],[19.417255,51.772859],[19.417189,51.772872],[19.416918,51.772924],[19.416516,51.773002],[19.416318,51.77304],[19.416059,51.773089],[19.415685,51.77316],[19.415145,51.773261],[19.415028,51.773284],[19.414687,51.773353],[19.414473,51.773393],[19.414229,51.773441],[19.413999,51.773484],[19.413842,51.773513],[19.41378,51.773525],[19.413761,51.773529],[19.413311,51.773616],[19.412944,51.773687],[19.41256,51.773759],[19.412112,51.773845],[19.411721,51.77392],[19.411627,51.773938],[19.411078,51.774044],[19.411003,51.774057],[19.410568,51.774142],[19.409791,51.77429],[19.40956,51.774334],[19.40944,51.774356],[19.409311,51.774381],[19.409175,51.774407],[19.409004,51.774441],[19.408958,51.77445],[19.408885,51.774465],[19.40873,51.774497],[19.408672,51.774508],[19.408569,51.774527],[19.408489,51.774543],[19.40833,51.774573],[19.4081,51.774616],[19.407709,51.774686],[19.407597,51.774711],[19.407567,51.774721],[19.407507,51.774742],[19.407418,51.774782],[19.407374,51.774806],[19.407327,51.774835],[19.407074,51.77502],[19.406789,51.775229],[19.406715,51.775279],[19.406643,51.775326],[19.406503,51.775426],[19.406491,51.775435],[19.406244,51.775617],[19.406218,51.775635],[19.40614,51.77569],[19.406135,51.775693],[19.406074,51.775731],[19.406008,51.775765],[19.405918,51.775805],[19.405826,51.77584],[19.405748,51.775863],[19.405668,51.775882],[19.405588,51.775895],[19.405534,51.7759],[19.405506,51.775901],[19.40548,51.775902],[19.405444,51.775901],[19.405412,51.7759],[19.405333,51.775897],[19.405163,51.775887],[19.405091,51.775883],[19.405039,51.775881],[19.40499,51.775881],[19.404946,51.775882],[19.4049,51.775883],[19.404843,51.775887],[19.404774,51.775891],[19.404678,51.775902]]},"properties":{"name":"Srebrzyńska"}},{"type":"Feature","geometry":{"type":"LineString","coordinates":[[19.42321,51.772849],[19.423824,51.772939],[19.425399,51.773175],[19.425749,51.773236],[19.426313,51.773332],[19.426584,51.773383],[19.426817,51.773427],[19.427047,51.773471],[19.427197,51.7735],[19.427466,51.773553],[19.42784,51.773627],[19.428179,51.7737],[19.428477,51.773769],[19.428566,51.77379],[19.428825,51.773853],[19.429129,51.773927],[19.429456,51.774003],[19.429582,51.774032],[19.429826,51.774088],[19.430412,51.774225],[19.430688,51.774289],[19.430892,51.774337],[19.43114,51.774396],[19.431276,51.774428],[19.431488,51.774478],[19.431575,51.774499],[19.432041,51.774611],[19.432111,51.774627],[19.433632,51.774982],[19.434248,51.775142],[19.434786,51.775294]]},"properties":{"name":"Srebrzyńska"}},{"type":"Feature","geometry":{"type":"LineString","coordinates":[[19.404678,51.775902],[19.404626,51.775882],[19.404576,51.775864],[19.404528,51.775848],[19.404453,51.775822],[19.404406,51.775809],[19.404337,51.775791],[19.404176,51.775748],[19.401148,51.774963],[19.400774,51.774865],[19.400474,51.774786],[19.400334,51.774751],[19.400041,51.774674],[19.399901,51.774638],[19.399769,51.774599],[19.399528,51.774525],[19.399448,51.7745],[19.39909,51.774389],[19.39904,51.774373],[19.398992,51.774359],[19.398833,51.774319]]},"properties":{"name":"Biegunowa"}},{"type":"Feature","geometry":{"type":"LineString","coordinates":[[19.347156,51.775454],[19.34715,51.775403],[19.347149,51.775393],[19.347149,51.775363],[19.347145,51.774988]]},"properties":{"name":"Huta Jagodnica"}},{"type":"Feature","geometry":{"type":"LineString","coordinates":[[19.347145,51.774988],[19.347207,51.774989],[19.347737,51.774992],[19.347899,51.774998],[19.348008,51.775002],[19.348229,51.775007],[19.348432,51.775009],[19.348558,51.775009],[19.348754,51.775005],[19.349044,51.775001],[19.349077,51.775007],[19.3491,51.775021],[19.349109,51.77504],[19.349113,51.775212],[19.349115,51.775301],[19.349111,51.775501],[19.34911,51.77554],[19.349109,51.775596]]},"properties":{"name":"Mieczników"}},{"type":"Feature","geometry":{"type":"LineString","coordinates":[[19.391503,51.779194],[19.391495,51.779221]]},"properties":{"name":"Spadochroniarzy"}},{"type":"Feature","geometry":{"type":"LineString","coordinates":[[19.425735,51.768694],[19.425897,51.768718],[19.425953,51.768727],[19.42615,51.768756]]},"properties":{"name":"710"}},{"type":"Feature","geometry":{"type":"LineString","coordinates":[[19.452146,51.755356],[19.452157,51.755314],[19.452165,51.75528],[19.452184,51.755189],[19.452201,51.755111],[19.452214,51.755059],[19.452233,51.754988],[19.452238,51.754967],[19.452268,51.754834],[19.452358,51.754426],[19.452411,51.754185]]},"properties":{"name":"Profesora Bohdana Stefanowskiego"}},{"type":"Feature","geometry":{"type":"LineString","coordinates":[[19.45626,51.749185],[19.456412,51.749199],[19.456444,51.749201],[19.456474,51.749204],[19.456569,51.749213],[19.457099,51.749257],[19.457861,51.749322],[19.457987,51.749334]]},"properties":{"name":"Księdza Harcmistrza Ignacego Skorupki"}},{"type":"Feature","geometry":{"type":"LineString","coordinates":[[19.457987,51.749334],[19.458005,51.749263],[19.458096,51.748883],[19.458135,51.748724],[19.458227,51.748353],[19.458242,51.748322],[19.458282,51.7483],[19.458328,51.74829],[19.458331,51.74829],[19.458353,51.748291],[19.458397,51.748293],[19.460384,51.748471],[19.460714,51.748499],[19.46075,51.748503],[19.460768,51.748505],[19.460821,51.748513],[19.460873,51.748524],[19.460896,51.74853]]},"properties":{"name":"Świętego Stanisława Kostki"}},{"type":"Feature","geometry":{"type":"LineString","coordinates":[[19.589659,51.75091],[19.589636,51.750807],[19.589634,51.750797],[19.589631,51.750785],[19.589627,51.750767],[19.589622,51.750749],[19.589518,51.750287],[19.589356,51.749718],[19.589228,51.749271],[19.589218,51.749245],[19.589205,51.749223],[19.589188,51.749203],[19.589176,51.749187],[19.589117,51.749146],[19.589061,51.749126]]},"properties":{"name":"Aleja Cezarego Józefiaka"}},{"type":"Feature","geometry":{"type":"LineString","coordinates":[[19.58895,51.74876],[19.588985,51.748719],[19.589001,51.74869],[19.589004,51.748681],[19.589013,51.748639],[19.589011,51.748612],[19.589005,51.748587],[19.588716,51.747843],[19.588194,51.746285],[19.588085,51.745973],[19.588077,51.745955],[19.58807,51.745938],[19.588019,51.745812],[19.587974,51.745703],[19.586629,51.74272],[19.586241,51.741839],[19.586233,51.741821],[19.586226,51.741803],[19.58614,51.741615],[19.586106,51.741537],[19.584759,51.738466],[19.584561,51.738017],[19.584551,51.737995],[19.584545,51.737977],[19.584537,51.73796],[19.58448,51.737833],[19.584448,51.737757],[19.584386,51.737624],[19.584379,51.737606],[19.584125,51.737026],[19.583718,51.7361],[19.58356,51.735738],[19.583552,51.735722],[19.583545,51.735705],[19.583523,51.735657],[19.583511,51.735631],[19.583492,51.735608],[19.583469,51.735582],[19.583437,51.735552]]},"properties":{"name":"Aleja Cezarego Józefiaka"}},{"type":"Feature","geometry":{"type":"LineString","coordinates":[[19.589339,51.7487],[19.589286,51.748674],[19.589241,51.748647],[19.589219,51.748628],[19.589195,51.748602],[19.58918,51.748577],[19.589168,51.748549],[19.589044,51.748228],[19.588886,51.747819],[19.588366,51.746272],[19.588253,51.745949],[19.588246,51.74593],[19.588239,51.745912],[19.588187,51.745784],[19.588138,51.745672],[19.586795,51.74269],[19.586408,51.74181],[19.5864,51.741792],[19.586391,51.741773],[19.586309,51.741586],[19.586275,51.741509],[19.584716,51.737965],[19.584709,51.737948],[19.584701,51.737931],[19.584647,51.737805],[19.584613,51.737729],[19.584552,51.737596],[19.584547,51.737578],[19.584537,51.737555],[19.584334,51.737097],[19.583727,51.735709],[19.58372,51.735692],[19.583713,51.735676],[19.583687,51.735619],[19.583676,51.735578],[19.583678,51.735542],[19.583685,51.735508]]},"properties":{"name":"Aleja Cezarego Józefiaka"}},{"type":"Feature","geometry":{"type":"LineString","coordinates":[[19.589477,51.749084],[19.58944,51.749121],[19.589415,51.749159],[19.589412,51.749174],[19.589402,51.749199],[19.5894,51.749218],[19.589401,51.749239],[19.589406,51.749262],[19.589614,51.750007],[19.58967,51.750181],[19.589731,51.750338],[19.589808,51.750483],[19.589942,51.750679],[19.589957,51.750702],[19.589967,51.750716],[19.589976,51.75073],[19.589983,51.75074],[19.58999,51.750751],[19.590061,51.750849],[19.590113,51.750925],[19.590152,51.750986],[19.590184,51.751044],[19.590204,51.75109],[19.590236,51.751186]]},"properties":{"name":"Aleja Cezarego Józefiaka"}},{"type":"Feature","geometry":{"type":"LineString","coordinates":[[19.58326,51.735454],[19.583166,51.735429],[19.583104,51.735419],[19.582759,51.735388],[19.582384,51.735351],[19.582038,51.73531],[19.581665,51.735262],[19.576688,51.734573],[19.576628,51.734564],[19.576559,51.734555],[19.576519,51.734549],[19.576361,51.734527],[19.575432,51.734398],[19.575393,51.734393],[19.575363,51.734389],[19.575333,51.734385],[19.575137,51.734358],[19.575113,51.734354],[19.574995,51.734338],[19.574704,51.734297],[19.570856,51.733763],[19.569421,51.733563],[19.568882,51.733489],[19.56886,51.733486],[19.568809,51.733478],[19.568776,51.733474],[19.568749,51.73347],[19.568574,51.733445],[19.56835,51.733414],[19.566413,51.733147],[19.563087,51.73272],[19.562839,51.732685],[19.562587,51.732641],[19.562437,51.732611],[19.562322,51.732586],[19.562133,51.73254],[19.561979,51.7325],[19.561843,51.732461],[19.561599,51.73239],[19.561469,51.732352],[19.561241,51.73228],[19.561215,51.732272],[19.560993,51.732203],[19.56065,51.732099],[19.56036,51.73201],[19.559865,51.731865],[19.553693,51.730061],[19.552796,51.7298],[19.552761,51.72979],[19.552734,51.729782],[19.552542,51.729726],[19.552435,51.729695],[19.552175,51.729619],[19.55215,51.729612],[19.551789,51.729507],[19.550588,51.729155],[19.550314,51.729075],[19.548059,51.728414],[19.54773,51.728319],[19.545898,51.727787],[19.544501,51.727375],[19.54412,51.727264],[19.542697,51.726847],[19.542294,51.726736],[19.540482,51.72624],[19.540099,51.726129],[19.539919,51.726075],[19.539847,51.726052],[19.539003,51.725792],[19.538725,51.725707],[19.538462,51.725625],[19.538071,51.725505],[19.538021,51.725489],[19.537997,51.725481],[19.537908,51.725457],[19.537847,51.725446],[19.537789,51.725439],[19.537724,51.725438]]},"properties":{"name":"Aleja Ofiar Terroryzmu 11 Września"}},{"type":"Feature","geometry":{"type":"LineString","coordinates":[[19.5833,51.735303],[19.583235,51.735312],[19.583176,51.735314],[19.583129,51.735312],[19.5828,51.735283],[19.58241,51.735244],[19.582119,51.735212],[19.582056,51.735205],[19.579184,51.734809],[19.576686,51.734464],[19.576644,51.734458],[19.576591,51.73445],[19.576515,51.734439],[19.575433,51.73429],[19.5754,51.734285],[19.575373,51.734281],[19.575213,51.734259],[19.575144,51.73425],[19.575025,51.734234],[19.574739,51.734197],[19.573988,51.734089],[19.572991,51.733967],[19.572391,51.733889],[19.571201,51.733724],[19.569294,51.733458],[19.569082,51.733429],[19.568943,51.73341],[19.568911,51.733405],[19.56889,51.733402],[19.56884,51.733395],[19.568806,51.733391],[19.568242,51.733313],[19.566922,51.733131],[19.56644,51.733064],[19.563023,51.732626],[19.56273,51.732578],[19.562681,51.732569],[19.562444,51.732521],[19.562233,51.732473],[19.562028,51.732419],[19.56189,51.732375],[19.561827,51.732354],[19.56169,51.732304],[19.561562,51.732257],[19.56145,51.732217],[19.561323,51.732175],[19.561297,51.732166],[19.561262,51.732154],[19.560515,51.731928],[19.560298,51.731866],[19.559906,51.731758],[19.553781,51.729967],[19.553437,51.729867],[19.553102,51.72977],[19.552838,51.729693],[19.552809,51.729684],[19.552617,51.729628],[19.552507,51.729596],[19.552256,51.729523],[19.551501,51.729301],[19.546948,51.72797],[19.543838,51.727061],[19.54308,51.72684],[19.542452,51.726653],[19.540709,51.726117],[19.540638,51.726096],[19.540359,51.726014],[19.540075,51.725929],[19.539945,51.725894],[19.539231,51.725694],[19.538779,51.725567],[19.538574,51.725509],[19.538136,51.725388],[19.538103,51.725379],[19.53808,51.725373],[19.538016,51.725347],[19.537958,51.725312],[19.537926,51.725288],[19.537897,51.725259]]},"properties":{"name":"Aleja Ofiar Terroryzmu 11 Września"}},{"type":"Feature","geometry":{"type":"LineString","coordinates":[[19.574995,51.734338],[19.575025,51.734234],[19.57509,51.734001],[19.575174,51.733705],[19.575201,51.733607],[19.575231,51.733571],[19.575248,51.733506],[19.575248,51.733474],[19.575242,51.733444],[19.575222,51.733393]]},"properties":{"name":"Informatyczna"}},{"type":"Feature","geometry":{"type":"LineString","coordinates":[[19.57543,51.733413],[19.575386,51.733442],[19.575357,51.733472],[19.575336,51.733502],[19.575319,51.733536],[19.575307,51.733582],[19.575282,51.733756],[19.575195,51.734065],[19.575181,51.734116],[19.575144,51.73425],[19.575113,51.734354]]},"properties":{"name":"Informatyczna"}},{"type":"Feature","geometry":{"type":"LineString","coordinates":[[19.436592,51.775778],[19.436554,51.775821]]},"properties":{"name":"Cmentarna"}},{"type":"Feature","geometry":{"type":"LineString","coordinates":[[19.434786,51.775294],[19.435165,51.775406],[19.435517,51.775506],[19.435928,51.775624],[19.436116,51.775683],[19.436314,51.775745],[19.436554,51.775821],[19.43676,51.775891],[19.437272,51.776037],[19.437432,51.776083],[19.437734,51.77617],[19.437961,51.776237],[19.438187,51.776301],[19.438529,51.776403],[19.438646,51.776442],[19.438699,51.776462],[19.438849,51.776522],[19.438876,51.776533],[19.439051,51.776601],[19.439144,51.776637],[19.439197,51.776658],[19.439261,51.776682],[19.439394,51.776734],[19.439441,51.776751],[19.439804,51.776893],[19.439889,51.776923],[19.440028,51.776977],[19.440171,51.777032],[19.440391,51.777108],[19.440766,51.777254],[19.441855,51.777679],[19.44211,51.777777],[19.442192,51.777808],[19.442295,51.777843],[19.442389,51.777873],[19.442507,51.777904],[19.442636,51.777932],[19.442783,51.777959],[19.442935,51.777979],[19.443089,51.777992],[19.443252,51.777998],[19.443279,51.777998],[19.443357,51.777998],[19.443392,51.777998],[19.443431,51.777996],[19.443495,51.777992],[19.443552,51.777989],[19.443671,51.777983],[19.443762,51.777978],[19.443792,51.777977],[19.443827,51.777975],[19.443943,51.77797],[19.444063,51.777967],[19.44426,51.777979],[19.444332,51.777981],[19.44447,51.777994],[19.444634,51.778007],[19.445138,51.778049],[19.445511,51.778081],[19.446179,51.778144],[19.446412,51.778166],[19.446517,51.778175],[19.446739,51.778195],[19.446789,51.778199],[19.446831,51.778203],[19.446948,51.778213],[19.447212,51.778222],[19.447315,51.778227],[19.447344,51.77823],[19.447414,51.778237],[19.448088,51.778291],[19.449041,51.778372],[19.449109,51.778378],[19.44914,51.77838],[19.44916,51.778382],[19.449388,51.778402],[19.449612,51.778421],[19.450064,51.77846],[19.450107,51.778462],[19.450122,51.778463],[19.450177,51.778465],[19.450237,51.77847],[19.450349,51.778477],[19.45041,51.778475],[19.450536,51.778471],[19.450634,51.778464],[19.450784,51.778457],[19.450857,51.778456],[19.450932,51.778457],[19.451027,51.778461],[19.4511,51.778466],[19.45116,51.778473],[19.451197,51.778478],[19.451225,51.778483],[19.451253,51.778488],[19.451339,51.778504],[19.451486,51.778536],[19.451624,51.778566]]},"properties":{"name":"Ogrodowa"}},{"type":"Feature","geometry":{"type":"LineString","coordinates":[[19.454219,51.779],[19.454198,51.778998],[19.454102,51.778989],[19.453951,51.778976],[19.453926,51.778974],[19.453901,51.778972],[19.453871,51.778969],[19.453358,51.778925],[19.452326,51.778837],[19.45229,51.778834],[19.45226,51.778831],[19.452229,51.778828],[19.452204,51.778826],[19.452179,51.778824],[19.452122,51.778817],[19.45207,51.778809],[19.452012,51.778798],[19.451958,51.778782],[19.451886,51.778753],[19.451766,51.778701],[19.451741,51.77869],[19.451715,51.778678],[19.45161,51.77863],[19.45157,51.778615],[19.451517,51.778599],[19.451458,51.778588],[19.451236,51.778569],[19.451207,51.778566],[19.451178,51.778564],[19.45063,51.778515],[19.450537,51.778501],[19.450349,51.778477]]},"properties":{"name":"Ogrodowa"}},{"type":"Feature","geometry":{"type":"LineString","coordinates":[[19.301449,51.819908],[19.301249,51.81995],[19.300432,51.82012],[19.299421,51.820329],[19.299136,51.82039],[19.297706,51.820686],[19.297423,51.820744]]},"properties":{"name":"Ogrodowa"}},{"type":"Feature","geometry":{"type":"LineString","coordinates":[[19.646599,51.736431],[19.646556,51.736468],[19.646512,51.736492],[19.646489,51.736503],[19.64646,51.736514],[19.64643,51.736522],[19.646364,51.736538],[19.645647,51.736713],[19.645432,51.736771],[19.64529,51.736809],[19.64513,51.736826],[19.644991,51.736842],[19.64477,51.736869],[19.644576,51.736899],[19.644314,51.736937],[19.644244,51.736947],[19.643508,51.737062],[19.643407,51.737079],[19.642898,51.737163],[19.641735,51.737355],[19.63928,51.737852],[19.638491,51.738009],[19.638426,51.738022],[19.638151,51.738076],[19.635861,51.738517],[19.635487,51.738598],[19.635435,51.73861]]},"properties":{"name":"Ogrodowa"}},{"type":"Feature","geometry":{"type":"LineString","coordinates":[[19.439051,51.776601],[19.439059,51.776651],[19.439066,51.776704],[19.439073,51.776766],[19.439075,51.776812],[19.439073,51.776904],[19.439068,51.776991],[19.439049,51.777126],[19.438933,51.777779],[19.438834,51.778325],[19.438828,51.778361],[19.43877,51.778709],[19.438737,51.7789],[19.438636,51.779481],[19.438586,51.779778],[19.438619,51.7799],[19.438605,51.780128],[19.43858,51.780333],[19.438578,51.780352],[19.438574,51.780379],[19.438575,51.780408],[19.438586,51.780442],[19.438606,51.780472],[19.438627,51.780495],[19.438662,51.780523]]},"properties":{"name":"Jana Karskiego"}},{"type":"Feature","geometry":{"type":"LineString","coordinates":[[19.438248,51.780589],[19.438258,51.780534],[19.438284,51.780394],[19.438289,51.780365],[19.438294,51.780339],[19.438437,51.779529],[19.438552,51.778887],[19.438559,51.77885],[19.43858,51.778728],[19.438754,51.777722],[19.438814,51.77738],[19.438856,51.777134],[19.43889,51.776932],[19.438896,51.776841],[19.438893,51.776756],[19.438891,51.776709],[19.438879,51.776575],[19.438876,51.776533]]},"properties":{"name":"Jana Karskiego"}},{"type":"Feature","geometry":{"type":"LineString","coordinates":[[19.438662,51.780523],[19.438735,51.780514],[19.438804,51.780512],[19.438863,51.780512],[19.438877,51.780512],[19.438891,51.780512],[19.439001,51.780515],[19.439122,51.780524],[19.439252,51.780537],[19.439315,51.78055],[19.439377,51.780571],[19.43943,51.780584]]},"properties":{"name":"Drewnowska"}},{"type":"Feature","geometry":{"type":"LineString","coordinates":[[19.450348,51.782022],[19.45028,51.782031],[19.450235,51.782039],[19.450105,51.782058],[19.450072,51.782063],[19.449782,51.782094],[19.449646,51.782087]]},"properties":{"name":"Drewnowska"}},{"type":"Feature","geometry":{"type":"LineString","coordinates":[[19.450904,51.781907],[19.450832,51.781915],[19.450762,51.781924],[19.450703,51.781933],[19.450612,51.781947],[19.450537,51.781937],[19.450472,51.781934],[19.450389,51.781938],[19.450313,51.781946],[19.450248,51.781958],[19.450164,51.781973],[19.449913,51.78202],[19.449763,51.782045],[19.449646,51.782087],[19.449613,51.782091],[19.449466,51.782109],[19.449271,51.782132],[19.44919,51.78214],[19.449099,51.782146],[19.448974,51.782151],[19.448868,51.782154],[19.448803,51.782154],[19.448721,51.782153],[19.448607,51.782151],[19.448441,51.782142],[19.448124,51.782106],[19.448021,51.782092],[19.448004,51.78209],[19.447867,51.782065],[19.447798,51.782052],[19.447513,51.782001],[19.447172,51.78194],[19.446946,51.781899],[19.446737,51.781862],[19.446723,51.781859],[19.446468,51.781814],[19.445997,51.78173],[19.445954,51.781722],[19.445686,51.781674],[19.445315,51.781609],[19.445186,51.781586],[19.44504,51.78156],[19.444785,51.781515],[19.444354,51.781439],[19.444238,51.781416],[19.443934,51.781359],[19.443751,51.781316],[19.443552,51.78126],[19.443344,51.781212],[19.44325,51.781161],[19.443128,51.781132],[19.442825,51.781077],[19.44269,51.781055],[19.442568,51.781073],[19.442439,51.781054],[19.44221,51.781017],[19.441728,51.780931],[19.441425,51.780877],[19.441222,51.780847],[19.441018,51.780824],[19.440897,51.780811],[19.44086,51.780807],[19.440689,51.780785],[19.440487,51.78075],[19.440185,51.780703],[19.439905,51.78066],[19.439657,51.780618],[19.439506,51.780593],[19.43943,51.780584],[19.439377,51.780587],[19.439318,51.780597],[19.439258,51.780601],[19.439107,51.7806],[19.438929,51.7806],[19.43889,51.7806],[19.438875,51.7806],[19.438862,51.7806],[19.438804,51.7806],[19.438694,51.780601],[19.438615,51.780596],[19.438482,51.78058],[19.438403,51.780578],[19.438248,51.780589]]},"properties":{"name":"Drewnowska"}},{"type":"Feature","geometry":{"type":"LineString","coordinates":[[19.426741,51.781144],[19.426464,51.781105],[19.425811,51.781023],[19.425641,51.780998],[19.425008,51.78089],[19.424412,51.780782],[19.424308,51.780763],[19.423721,51.780665],[19.422943,51.780523],[19.422889,51.780512],[19.422483,51.780424],[19.422423,51.780409],[19.422259,51.780369],[19.422066,51.780321],[19.421973,51.780297],[19.421914,51.780282],[19.421633,51.780211],[19.421503,51.780177],[19.421445,51.780163],[19.421317,51.78013],[19.420977,51.780044],[19.420895,51.780023],[19.420694,51.779969],[19.420229,51.779846],[19.420025,51.779792],[19.419544,51.779651],[19.419463,51.779626],[19.419413,51.779612],[19.419313,51.779585],[19.419212,51.779557],[19.419164,51.779542],[19.419112,51.779526],[19.419064,51.779508],[19.419014,51.779489],[19.418913,51.779448],[19.41873,51.779366],[19.418636,51.779313],[19.418554,51.779266],[19.41831,51.779114],[19.417844,51.778827],[19.417749,51.778773],[19.417651,51.778724],[19.417529,51.778671],[19.417479,51.778649],[19.417439,51.778635],[19.417384,51.778615],[19.417337,51.778599],[19.417291,51.778584],[19.417201,51.778559],[19.417112,51.778535],[19.41709,51.778529],[19.416628,51.778412],[19.41654,51.77839],[19.416522,51.778385],[19.41645,51.778367],[19.416398,51.778352],[19.416226,51.778301],[19.415754,51.778166],[19.415299,51.778044],[19.414968,51.777956],[19.414809,51.777914],[19.414751,51.777899],[19.414691,51.777883],[19.414631,51.777861],[19.414579,51.777838],[19.414523,51.777804],[19.414477,51.777772]]},"properties":{"name":"Drewnowska"}},{"type":"Feature","geometry":{"type":"LineString","coordinates":[[19.444062,51.797527],[19.443889,51.797477],[19.443823,51.797457],[19.443775,51.797443],[19.443524,51.79737],[19.443386,51.797336],[19.443301,51.797318],[19.443203,51.797301],[19.443094,51.797291],[19.442998,51.797289],[19.442906,51.797291],[19.442491,51.797329],[19.442124,51.797363],[19.442058,51.797369],[19.441977,51.797377],[19.441599,51.797412]]},"properties":{"name":"Pojezierska"}},{"type":"Feature","geometry":{"type":"LineString","coordinates":[[19.444174,51.797369],[19.444006,51.797323],[19.44394,51.797305],[19.443864,51.797284],[19.443612,51.797213],[19.44342,51.797159],[19.443256,51.797121],[19.443141,51.797102],[19.443042,51.797091],[19.442944,51.797089],[19.44284,51.797092],[19.442669,51.797106],[19.442551,51.797125],[19.442433,51.797153],[19.442086,51.797271],[19.441939,51.797321],[19.441842,51.797351],[19.441742,51.797379],[19.441692,51.797391],[19.441638,51.797404],[19.441599,51.797412],[19.441197,51.797449],[19.441161,51.797452],[19.441122,51.797456],[19.441052,51.797463],[19.440966,51.797471],[19.440921,51.797475],[19.440875,51.797479],[19.440267,51.797535],[19.439713,51.797585],[19.439007,51.79765],[19.438942,51.797656],[19.43879,51.79767],[19.4386,51.797689],[19.438513,51.797697],[19.438168,51.797729],[19.438154,51.797731],[19.437772,51.797766],[19.437757,51.797768],[19.437438,51.797798],[19.436912,51.797848],[19.436676,51.797871],[19.435827,51.797952],[19.435793,51.797955],[19.435673,51.797967],[19.435546,51.797979],[19.434591,51.798069],[19.43443,51.798087],[19.434258,51.798106],[19.433556,51.798191],[19.43351,51.798197],[19.433482,51.7982],[19.433453,51.798204],[19.433255,51.798228],[19.433056,51.798253],[19.432946,51.798267],[19.432917,51.79827],[19.432889,51.798273],[19.432842,51.798278],[19.432102,51.798359],[19.431556,51.79842],[19.431329,51.798446],[19.431168,51.798464],[19.430964,51.798486],[19.430914,51.798491],[19.430724,51.798512],[19.430681,51.798517],[19.430481,51.798539],[19.430431,51.798544],[19.430238,51.798566],[19.430195,51.79857],[19.430112,51.79858],[19.429998,51.798591],[19.429948,51.798596],[19.429794,51.798611],[19.429772,51.798612],[19.429729,51.798616],[19.429581,51.798629],[19.429354,51.79865],[19.429131,51.798669],[19.427451,51.798859],[19.426685,51.798952],[19.426422,51.798983],[19.426006,51.799029],[19.425816,51.799049],[19.425632,51.79907],[19.425378,51.799097],[19.425274,51.799109],[19.425198,51.799144],[19.425157,51.799151],[19.424959,51.799172],[19.424926,51.799176],[19.42488,51.799181],[19.424807,51.799189],[19.424498,51.799223],[19.424253,51.799251],[19.423932,51.799285],[19.42389,51.799289],[19.423863,51.799292],[19.423325,51.799338],[19.422906,51.799369],[19.42284,51.799368],[19.422748,51.799356],[19.422681,51.799353]]},"properties":{"name":"Pojezierska"}},{"type":"Feature","geometry":{"type":"LineString","coordinates":[[19.410915,51.800587],[19.411059,51.800572],[19.411121,51.800566],[19.411693,51.800506],[19.411826,51.800493],[19.412816,51.800387],[19.413671,51.800297],[19.413944,51.800268],[19.414557,51.800202],[19.41618,51.800031],[19.417716,51.799869],[19.41789,51.799851],[19.41794,51.799846],[19.418015,51.799838],[19.418098,51.799829],[19.418198,51.799819],[19.418251,51.799812],[19.41843,51.799794],[19.419019,51.799732],[19.419381,51.799695],[19.42019,51.799612],[19.42086,51.799541],[19.421093,51.799517],[19.421635,51.799459],[19.421665,51.799456],[19.421944,51.799426],[19.42236,51.799381],[19.422681,51.799353],[19.422744,51.799339],[19.422821,51.799311],[19.422891,51.799296],[19.423803,51.799203],[19.423835,51.7992],[19.423866,51.799196],[19.423906,51.799193],[19.424231,51.799163]]},"properties":{"name":"Pojezierska"}},{"type":"Feature","geometry":{"type":"LineString","coordinates":[[19.426871,51.813313],[19.426883,51.813377],[19.426884,51.813391],[19.426886,51.813438],[19.426883,51.813479],[19.426873,51.81352],[19.426856,51.813563],[19.426769,51.813709],[19.426742,51.813756],[19.426636,51.813928],[19.426591,51.813994],[19.426537,51.81408],[19.426471,51.814185],[19.426402,51.814294],[19.426239,51.814556],[19.426207,51.814606],[19.426187,51.81463],[19.426164,51.814652],[19.42614,51.814667],[19.426127,51.814676],[19.426094,51.814693],[19.426051,51.81471],[19.426022,51.81472],[19.425989,51.814729],[19.425955,51.814737],[19.425913,51.814743],[19.425879,51.814745],[19.42584,51.814747],[19.425814,51.814748],[19.425793,51.814747],[19.425769,51.814745],[19.425749,51.814743],[19.425727,51.81474],[19.425705,51.814736],[19.425631,51.814723],[19.425191,51.814642],[19.425094,51.814625],[19.424997,51.814607],[19.4249,51.814591],[19.42485,51.814585],[19.424804,51.814578],[19.424765,51.814574],[19.424733,51.814572],[19.424691,51.814569],[19.424652,51.814568],[19.424563,51.814567],[19.424517,51.814569],[19.424479,51.814571],[19.424435,51.814575],[19.424396,51.81458],[19.424348,51.814586],[19.4243,51.814594],[19.424202,51.814612],[19.424123,51.814631],[19.424051,51.814651],[19.423981,51.814673],[19.423933,51.814691],[19.423881,51.814712],[19.423827,51.814735],[19.42377,51.814763],[19.423689,51.814807],[19.423602,51.814862],[19.42346,51.814965],[19.423332,51.815058],[19.423237,51.815127],[19.423051,51.815263],[19.422946,51.815339],[19.422805,51.815442],[19.422728,51.815498],[19.422678,51.815536],[19.422628,51.815571],[19.42247,51.815687],[19.422431,51.815716],[19.42223,51.815862],[19.421916,51.816092],[19.421864,51.816129],[19.421788,51.816185],[19.421668,51.816272],[19.421562,51.816351],[19.420794,51.81691],[19.420698,51.81698],[19.420305,51.817267],[19.420287,51.81728],[19.420047,51.817455],[19.419896,51.817565],[19.419565,51.817806],[19.419504,51.81785],[19.419463,51.81788],[19.419234,51.818049],[19.419146,51.818113],[19.419088,51.818155],[19.418917,51.81828],[19.418896,51.818295],[19.418624,51.818492],[19.418528,51.818566],[19.418511,51.818579],[19.418451,51.818624],[19.418445,51.818629],[19.418402,51.818666],[19.418357,51.818715],[19.41832,51.818766],[19.41829,51.818806],[19.418207,51.818932],[19.418119,51.819059],[19.418101,51.819086],[19.418062,51.81914],[19.417847,51.819451],[19.417737,51.819609],[19.417694,51.819671],[19.417673,51.819702],[19.417564,51.81986],[19.417451,51.820023],[19.4174,51.820096],[19.417328,51.820201],[19.417302,51.820239],[19.417246,51.82032],[19.41708,51.82056],[19.416999,51.820676],[19.416983,51.8207],[19.416866,51.820873],[19.416738,51.821063],[19.41673,51.821075],[19.416671,51.821163],[19.416656,51.821183],[19.416612,51.82126],[19.416583,51.821332],[19.416571,51.821359],[19.416562,51.821387],[19.416553,51.821413],[19.416546,51.821439],[19.416535,51.821489],[19.416532,51.821503],[19.416528,51.821522],[19.416524,51.821554],[19.41652,51.821594],[19.416521,51.821629],[19.416521,51.821687],[19.416523,51.821722],[19.416528,51.821755],[19.41653,51.821782],[19.416534,51.821807],[19.416546,51.821856],[19.416561,51.821909],[19.416594,51.821999],[19.416667,51.82216],[19.416925,51.822717],[19.416963,51.822798],[19.417812,51.82463],[19.417871,51.824761],[19.417921,51.824883],[19.417946,51.824947],[19.417968,51.825013],[19.417994,51.825096],[19.418034,51.825234],[19.418053,51.825304],[19.41807,51.825374],[19.418083,51.825438],[19.418104,51.825545],[19.41812,51.82565],[19.418131,51.825745],[19.418134,51.825789],[19.418138,51.825835],[19.418144,51.825957],[19.418145,51.826009],[19.41814,51.826078],[19.418129,51.826175],[19.418119,51.826244],[19.4181,51.826329],[19.418085,51.826391],[19.418071,51.826443],[19.417938,51.826766],[19.417894,51.826874]]},"properties":{"name":"11 Listopada"}},{"type":"Feature","geometry":{"type":"LineString","coordinates":[[19.42496,51.812889],[19.424551,51.812694],[19.424504,51.812667],[19.424459,51.81264],[19.424419,51.81261],[19.424389,51.81257],[19.424372,51.81254],[19.424362,51.812511],[19.424354,51.812476],[19.424351,51.812448],[19.424355,51.812413],[19.424361,51.812382],[19.42437,51.812358],[19.424385,51.812332],[19.4244,51.812309],[19.424426,51.812273],[19.424497,51.812183],[19.424575,51.812084]]},"properties":{"name":"Rondo Marii Jasińskiej"}},{"type":"Feature","geometry":{"type":"LineString","coordinates":[[19.421235,51.792605],[19.42118,51.792524],[19.421137,51.792447],[19.421093,51.792352],[19.421067,51.792287],[19.421028,51.792164],[19.421596,51.79204],[19.42183,51.791989],[19.421984,51.792306],[19.422045,51.792432],[19.421889,51.792493],[19.421731,51.792534],[19.421608,51.792559],[19.421409,51.792584],[19.421235,51.792605]]},"properties":{"name":"Rondo Wojciecha Korfantego"}},{"type":"Feature","geometry":{"type":"LineString","coordinates":[[19.430102,51.790354],[19.430129,51.790407],[19.43017,51.790479],[19.4302,51.790528],[19.430269,51.790636],[19.430312,51.790704],[19.430361,51.79078],[19.430411,51.790858],[19.430437,51.7909],[19.430501,51.791001],[19.430599,51.791148],[19.430623,51.791183],[19.430801,51.791448],[19.430861,51.791536],[19.430933,51.791643],[19.43094,51.791654],[19.431022,51.791775],[19.431126,51.791929],[19.431153,51.791971],[19.431179,51.792019],[19.431196,51.792056],[19.431217,51.792105],[19.431231,51.792141],[19.431243,51.792174],[19.431253,51.792208],[19.431456,51.792878],[19.43161,51.793394],[19.431617,51.793419],[19.431629,51.793457],[19.43165,51.79353],[19.431652,51.793536],[19.431756,51.793883],[19.431775,51.793944],[19.431824,51.794108],[19.432025,51.794782],[19.432057,51.79489],[19.432102,51.795037],[19.432129,51.795127],[19.43215,51.795194],[19.432155,51.795213],[19.432161,51.795232],[19.432248,51.795523],[19.432457,51.796218],[19.432482,51.796304],[19.432516,51.796418],[19.432552,51.796541],[19.43257,51.7966],[19.432585,51.796652],[19.432733,51.797143],[19.43276,51.797236],[19.43282,51.797436],[19.432856,51.797554],[19.432867,51.797592],[19.433153,51.798079],[19.433171,51.798109],[19.433181,51.798126],[19.433192,51.798143],[19.433223,51.798187],[19.433255,51.798228]]},"properties":{"name":"Hipoteczna"}},{"type":"Feature","geometry":{"type":"LineString","coordinates":[[19.437317,51.70295],[19.437436,51.70298],[19.43757,51.703024],[19.437641,51.703047],[19.437758,51.703085],[19.437875,51.703119],[19.437944,51.703137],[19.438064,51.703164],[19.438151,51.703178],[19.438292,51.703197],[19.43835,51.703199],[19.438472,51.703205],[19.438715,51.703205],[19.438889,51.703205],[19.43892,51.703205],[19.439195,51.703205],[19.439854,51.703205],[19.439925,51.703205],[19.440671,51.70319],[19.441501,51.703173],[19.442033,51.703167],[19.442377,51.703163],[19.442461,51.703162],[19.442961,51.703156],[19.443468,51.703149],[19.443541,51.703148],[19.443891,51.703145],[19.444324,51.70314],[19.444825,51.703135],[19.445495,51.703133],[19.446579,51.703121],[19.446922,51.703118],[19.44765,51.70311],[19.447855,51.703113],[19.448044,51.70313],[19.448117,51.70314],[19.448197,51.703152],[19.448662,51.703226],[19.448984,51.703282],[19.449678,51.703407],[19.449847,51.703437],[19.450287,51.703513],[19.450718,51.703589],[19.450754,51.703596],[19.45281,51.703991],[19.453398,51.704103],[19.454084,51.70424],[19.454695,51.704356],[19.455105,51.70444],[19.455341,51.704488],[19.455479,51.704515],[19.455641,51.704548],[19.456101,51.704646],[19.456427,51.704707],[19.456637,51.704747],[19.45677,51.704772],[19.45701,51.70482],[19.458288,51.705084],[19.458685,51.70517],[19.459441,51.705337]]},"properties":{"name":"Przestrzenna"}},{"type":"Feature","geometry":{"type":"LineString","coordinates":[[19.448167,51.707842],[19.448211,51.707715],[19.449014,51.705376],[19.449353,51.704397],[19.449574,51.703725],[19.449665,51.703449],[19.449678,51.703407]]},"properties":{"name":"Pańska"}},{"type":"Feature","geometry":{"type":"LineString","coordinates":[[19.447124,51.707709],[19.448167,51.707842],[19.448609,51.707896],[19.449306,51.707981],[19.44961,51.708018],[19.450069,51.708077],[19.450238,51.708098],[19.450443,51.708124],[19.450814,51.70817],[19.451086,51.708203],[19.451362,51.708238],[19.452295,51.708355],[19.45341,51.708492],[19.454732,51.708661],[19.454926,51.708688],[19.45518,51.708719],[19.455571,51.708768],[19.456088,51.708832],[19.456793,51.708922],[19.456826,51.708924],[19.456859,51.708926],[19.456926,51.708926],[19.456982,51.708918]]},"properties":{"name":"Ekonomiczna"}},{"type":"Feature","geometry":{"type":"LineString","coordinates":[[19.456982,51.708918],[19.457018,51.708937]]},"properties":{"name":"Prosta"}},{"type":"Feature","geometry":{"type":"LineString","coordinates":[[19.456982,51.708918],[19.457024,51.708905],[19.457045,51.708893],[19.45706,51.708876],[19.457518,51.70823],[19.457624,51.708076],[19.458,51.707538],[19.458074,51.707429],[19.458147,51.707318],[19.458264,51.707133],[19.458754,51.706372],[19.458985,51.706012],[19.459173,51.705716],[19.459294,51.705533],[19.459338,51.70547],[19.459441,51.705337],[19.459509,51.705261],[19.459824,51.704895],[19.460552,51.704113],[19.460963,51.703672],[19.461066,51.703561],[19.461235,51.70338],[19.461347,51.70326],[19.461395,51.703211],[19.461523,51.703093],[19.461677,51.702941],[19.462037,51.702591],[19.462296,51.702346],[19.462673,51.701979],[19.46296,51.701699],[19.463543,51.701133],[19.463893,51.700794],[19.464112,51.700581],[19.464204,51.700491],[19.464375,51.700323],[19.46501,51.699708],[19.465111,51.69961],[19.465529,51.699202],[19.465645,51.699089],[19.46661,51.698154],[19.467443,51.697351],[19.467862,51.696957],[19.4679,51.696937],[19.467946,51.696931],[19.468017,51.696926],[19.4681,51.696935],[19.468936,51.697242],[19.469088,51.697299],[19.469198,51.697341],[19.469594,51.697488],[19.469682,51.697521],[19.470346,51.69777],[19.470925,51.697987],[19.471347,51.698145],[19.471965,51.698376],[19.472569,51.698602],[19.472652,51.698633],[19.473429,51.698924],[19.47388,51.699093]]},"properties":{"name":"Graniczna"}},{"type":"Feature","geometry":{"type":"LineString","coordinates":[[19.461523,51.703093],[19.46165,51.70314],[19.461981,51.703267],[19.462291,51.703384],[19.465504,51.704594],[19.465645,51.704647],[19.466338,51.704918],[19.466501,51.704987],[19.466671,51.705084],[19.466717,51.705107],[19.466889,51.705189],[19.467023,51.705251],[19.467209,51.705331],[19.467255,51.70535],[19.467437,51.70541],[19.467644,51.705483],[19.467818,51.705546],[19.467841,51.705553],[19.467909,51.705578],[19.468005,51.705613],[19.468241,51.705685],[19.468365,51.705715],[19.468376,51.705718],[19.468493,51.705723]]},"properties":{"name":"Siostrzana"}},{"type":"Feature","geometry":{"type":"LineString","coordinates":[[19.469958,51.706237],[19.469716,51.706148],[19.468928,51.705857],[19.468698,51.705783],[19.468493,51.705723],[19.468382,51.705675],[19.468235,51.705627],[19.468107,51.705579],[19.467985,51.705531],[19.467901,51.705495],[19.467704,51.705423]]},"properties":{"name":"Siostrzana"}},{"type":"Feature","geometry":{"type":"LineString","coordinates":[[19.462543,51.711666],[19.462547,51.711658],[19.462552,51.711646],[19.462561,51.711626],[19.462579,51.711583],[19.462621,51.711478],[19.46271,51.711251],[19.462813,51.710963],[19.462932,51.710631],[19.463012,51.710464],[19.463091,51.710306],[19.463188,51.710143],[19.463266,51.710027],[19.46335,51.709911],[19.463452,51.709789],[19.46361,51.7096],[19.464606,51.708565],[19.465212,51.707933],[19.465752,51.707368],[19.466027,51.707084],[19.466265,51.706847],[19.467096,51.706036],[19.467165,51.705966],[19.467497,51.70563],[19.467525,51.705602],[19.467644,51.705483],[19.467704,51.705423],[19.467849,51.705278],[19.467874,51.705253],[19.467917,51.70521],[19.468488,51.704646],[19.468798,51.704328],[19.469461,51.703617],[19.471031,51.70204],[19.471673,51.701396],[19.471842,51.701234],[19.471939,51.70115],[19.472048,51.70106],[19.472179,51.700962],[19.472296,51.700885],[19.472448,51.700798],[19.472638,51.700708],[19.472797,51.70064],[19.472935,51.700589],[19.473046,51.700556],[19.473179,51.700519],[19.473315,51.700495],[19.47361,51.700465],[19.473774,51.700457],[19.473949,51.700453],[19.474128,51.700451],[19.47493,51.700436],[19.475667,51.700425],[19.476449,51.700415],[19.476543,51.700414],[19.477014,51.700375],[19.477208,51.70036],[19.477458,51.700335],[19.477582,51.700317],[19.477715,51.700294],[19.477852,51.700266],[19.478492,51.700126],[19.478744,51.700074],[19.478835,51.700057],[19.478913,51.700045],[19.478932,51.700042]]},"properties":{"name":"Aleja Władysława Bartoszewskiego"}},{"type":"Feature","geometry":{"type":"LineString","coordinates":[[19.447672,51.726703],[19.447768,51.726628],[19.447787,51.726612],[19.447957,51.726475],[19.448138,51.72633],[19.448415,51.726106],[19.448651,51.725918],[19.448758,51.725833],[19.448852,51.725757],[19.449095,51.725559],[19.449444,51.725259],[19.449945,51.724886],[19.450407,51.724544],[19.450911,51.724141],[19.45183,51.7234],[19.452289,51.723022],[19.452739,51.72267],[19.453332,51.722192],[19.453592,51.721981],[19.453833,51.721775],[19.454086,51.721547],[19.454364,51.721293],[19.454584,51.721087],[19.454757,51.720951],[19.454845,51.720881],[19.454993,51.720704],[19.455109,51.720549],[19.455215,51.7204],[19.455324,51.720246],[19.455437,51.720071],[19.4558,51.719438],[19.456116,51.7188],[19.45622,51.718611],[19.456385,51.718328],[19.456538,51.718084],[19.456788,51.717739],[19.456814,51.717702],[19.456835,51.717672],[19.456926,51.717562],[19.456976,51.717494],[19.457092,51.717345],[19.457119,51.717314],[19.457135,51.717296],[19.457422,51.716974],[19.45766,51.716716],[19.457826,51.716558],[19.459217,51.71527],[19.46049,51.714121],[19.460815,51.713805],[19.461027,51.713568],[19.461218,51.713335],[19.461645,51.712767],[19.461779,51.712575],[19.461857,51.712458],[19.461931,51.712337],[19.462021,51.712181],[19.462108,51.712021],[19.462129,51.71198],[19.462185,51.711873],[19.462236,51.711764],[19.4623,51.711626],[19.462304,51.711615],[19.462309,51.711605],[19.462318,51.711583],[19.462326,51.711563],[19.462389,51.711408],[19.462474,51.711188],[19.462575,51.71092],[19.462693,51.710628],[19.4628,51.710421],[19.462914,51.710217],[19.46302,51.710052],[19.463113,51.709928],[19.463207,51.709811],[19.463361,51.709637],[19.46488,51.708048],[19.46648,51.706375],[19.466701,51.70615],[19.467255,51.705596],[19.467295,51.705555],[19.467322,51.705527],[19.467437,51.70541],[19.467496,51.705349],[19.467644,51.705199],[19.46767,51.705172],[19.46803,51.704815],[19.470872,51.701973],[19.471282,51.701534],[19.471432,51.701359],[19.471586,51.701186],[19.471672,51.701098],[19.471773,51.701002],[19.471848,51.700938],[19.471948,51.70086],[19.472075,51.700774],[19.472202,51.700696],[19.472327,51.700628],[19.472477,51.700558],[19.472655,51.700484],[19.472842,51.700417],[19.473025,51.700365],[19.473214,51.700319],[19.473432,51.700278],[19.473625,51.700251],[19.473768,51.700233],[19.474147,51.700195],[19.47437,51.700176],[19.474633,51.700156],[19.474739,51.700148],[19.475049,51.700133],[19.475458,51.700118],[19.475685,51.700105],[19.475925,51.700087],[19.476291,51.700057],[19.476728,51.700012],[19.47717,51.699958],[19.478205,51.699825],[19.478689,51.699764],[19.47873,51.699758],[19.479122,51.699712],[19.479196,51.699702],[19.479234,51.699698],[19.479254,51.699695],[19.479274,51.699692],[19.479348,51.699683],[19.479688,51.699638]]},"properties":{"name":"Aleja Władysława Bartoszewskiego"}},{"type":"Feature","geometry":{"type":"LineString","coordinates":[[19.462455,51.711859],[19.462372,51.712024],[19.462363,51.712042],[19.462256,51.712233],[19.462074,51.712535],[19.461972,51.712688],[19.461848,51.712874],[19.461674,51.713087],[19.461504,51.713282],[19.46129,51.713533],[19.46098,51.713867],[19.46064,51.71419],[19.458765,51.715908],[19.457848,51.716817],[19.457692,51.716978],[19.457366,51.717344],[19.457333,51.717382],[19.457308,51.717412],[19.457178,51.717568],[19.45713,51.717633],[19.457054,51.717734],[19.45703,51.717766],[19.45702,51.71778],[19.456801,51.718077],[19.456669,51.718279],[19.45653,51.718505],[19.456404,51.718722],[19.456244,51.719004],[19.455967,51.719505],[19.455742,51.719914],[19.455727,51.719979],[19.455702,51.72009],[19.455593,51.720312],[19.455502,51.720491],[19.455459,51.720568],[19.455276,51.720811],[19.455101,51.721],[19.454791,51.721313],[19.45454,51.721564],[19.454315,51.721786],[19.454086,51.721994],[19.453976,51.72209],[19.453861,51.722184],[19.453805,51.72223],[19.453739,51.722289],[19.45336,51.722587],[19.452554,51.723229],[19.451777,51.723861],[19.451366,51.724184],[19.450991,51.724489],[19.450807,51.724672],[19.450332,51.725076],[19.449454,51.725831],[19.448173,51.726861],[19.44813,51.726896],[19.447995,51.726992]]},"properties":{"name":"Aleja Władysława Bartoszewskiego"}},{"type":"Feature","geometry":{"type":"LineString","coordinates":[[19.466106,51.711653],[19.466116,51.711701],[19.466124,51.711752],[19.46613,51.711873],[19.466131,51.711882],[19.466131,51.71189],[19.466133,51.711913],[19.466132,51.711939],[19.46613,51.711971],[19.466095,51.712041]]},"properties":{"name":"Trybunalska"}},{"type":"Feature","geometry":{"type":"LineString","coordinates":[[19.468151,51.71851],[19.468098,51.71848],[19.468058,51.718442],[19.467973,51.718287],[19.467034,51.716217],[19.466646,51.715359],[19.466601,51.715257],[19.466457,51.714945],[19.466357,51.714724],[19.466293,51.714542],[19.466249,51.714355],[19.466226,51.714173],[19.466186,51.713856],[19.466122,51.713337],[19.466099,51.713145],[19.466016,51.712511],[19.46601,51.712411],[19.466026,51.712351],[19.466042,51.712291],[19.466083,51.712189],[19.466093,51.712132],[19.4661,51.712092],[19.466096,51.712056],[19.466095,51.712041],[19.466045,51.711969],[19.466037,51.711944],[19.466029,51.711918],[19.466023,51.711897],[19.466021,51.711887],[19.466019,51.711879],[19.465992,51.711752],[19.465976,51.711658]]},"properties":{"name":"Trybunalska"}},{"type":"Feature","geometry":{"type":"LineString","coordinates":[[19.468151,51.71851],[19.468272,51.718439],[19.468288,51.71843],[19.468454,51.718356],[19.468922,51.718168],[19.469428,51.717961],[19.469583,51.7179],[19.471215,51.717243],[19.471735,51.717033],[19.471924,51.716957],[19.472216,51.716839],[19.472305,51.716802],[19.472483,51.716731],[19.472716,51.716638],[19.473348,51.716386],[19.473674,51.716256],[19.475465,51.715541],[19.475485,51.715533],[19.475722,51.715438],[19.475838,51.715392],[19.47599,51.715331],[19.476127,51.715277],[19.476371,51.715183],[19.476725,51.715072],[19.476775,51.715057],[19.476822,51.715043],[19.477143,51.714953],[19.478407,51.714597],[19.479059,51.714412],[19.479149,51.714387],[19.479761,51.714213],[19.479831,51.714193],[19.479919,51.714168],[19.480058,51.714129],[19.480179,51.714094],[19.480355,51.714044],[19.480373,51.714039],[19.481315,51.713772],[19.48175,51.713647],[19.482293,51.713492],[19.482346,51.713477],[19.482768,51.713359],[19.482813,51.713346],[19.483199,51.713236],[19.483235,51.713226],[19.483361,51.713195],[19.483518,51.713172],[19.483646,51.713168],[19.483683,51.713167],[19.483829,51.713177],[19.485651,51.713444],[19.485897,51.71348],[19.486085,51.713508],[19.48634,51.713545],[19.486378,51.713551],[19.486405,51.713555],[19.48646,51.713564],[19.486679,51.713598],[19.486808,51.713598],[19.486833,51.713599],[19.486865,51.713599],[19.486946,51.713599]]},"properties":{"name":"Kosynierów Gdyńskich"}},{"type":"Feature","geometry":{"type":"LineString","coordinates":[[19.496888,51.732293],[19.496907,51.732181],[19.49692,51.732127],[19.496979,51.731947],[19.497006,51.731863],[19.497039,51.731762],[19.497045,51.731742],[19.497144,51.731437],[19.497187,51.731294],[19.497259,51.731071],[19.497273,51.731017],[19.497352,51.730747],[19.497499,51.730245],[19.497741,51.729508],[19.497756,51.729458],[19.497786,51.729369],[19.497866,51.729128],[19.49794,51.728905],[19.498133,51.7283],[19.498142,51.728272],[19.498222,51.728031],[19.498229,51.727983],[19.498226,51.727921]]},"properties":{"name":"Konspiracyjnego Wojska Polskiego"}},{"type":"Feature","geometry":{"type":"LineString","coordinates":[[19.554927,51.760273],[19.55493,51.760226],[19.554924,51.760199],[19.554883,51.760099],[19.5544,51.75917],[19.554249,51.758877],[19.55418,51.758769],[19.554117,51.758686],[19.554067,51.758612],[19.554034,51.758558],[19.553996,51.758483],[19.5539,51.758286],[19.553878,51.75824],[19.553862,51.758208],[19.553856,51.758195],[19.553835,51.758146],[19.553807,51.758072],[19.553851,51.757948],[19.553816,51.757862],[19.55367,51.757499],[19.55366,51.757473],[19.553646,51.757439],[19.553532,51.75735],[19.553492,51.757233],[19.553488,51.75722],[19.553483,51.757207],[19.553473,51.757182],[19.553466,51.757164],[19.553456,51.757139],[19.553286,51.756738],[19.553267,51.756694],[19.553048,51.75619],[19.552561,51.75491],[19.552532,51.754852],[19.5525,51.754802],[19.552461,51.754758],[19.552416,51.754715],[19.551944,51.754297],[19.551424,51.753836],[19.551313,51.753737],[19.551194,51.753632],[19.551177,51.753616],[19.551159,51.753601],[19.550997,51.753456],[19.550713,51.753202],[19.550503,51.753018],[19.550482,51.753],[19.550468,51.752987],[19.550333,51.752868],[19.55027,51.752812],[19.549631,51.752249],[19.549613,51.752234],[19.549597,51.75222],[19.549444,51.752084],[19.549321,51.751976],[19.549303,51.75196],[19.549287,51.751946],[19.548996,51.751687],[19.548318,51.751086],[19.54814,51.750924],[19.547858,51.750673],[19.547649,51.750489],[19.547622,51.750463],[19.547479,51.750336],[19.547397,51.750262],[19.547379,51.750247],[19.547326,51.750202],[19.547302,51.75018],[19.546845,51.749766],[19.546817,51.749741],[19.546798,51.749725],[19.546512,51.749471]]},"properties":{"name":"Augustów"}},{"type":"Feature","geometry":{"type":"LineString","coordinates":[[19.475626,51.7285],[19.475683,51.728536],[19.475747,51.72857],[19.475799,51.728596],[19.475923,51.728648],[19.476288,51.728782],[19.476452,51.728842],[19.476475,51.728851],[19.476526,51.728874],[19.476562,51.728891],[19.476702,51.728959]]},"properties":{"name":"Bankowa"}},{"type":"Feature","geometry":{"type":"LineString","coordinates":[[19.448662,51.703226],[19.448645,51.70327],[19.448414,51.703873],[19.447952,51.705243],[19.447772,51.705768],[19.447586,51.706302],[19.447162,51.707593],[19.447124,51.707709]]},"properties":{"name":"Karowa"}},{"type":"Feature","geometry":{"type":"LineString","coordinates":[[19.40181,51.741309],[19.401796,51.741394],[19.401785,51.741435],[19.401771,51.741475],[19.401732,51.74157],[19.401703,51.741636],[19.401667,51.741702],[19.401631,51.741761],[19.401573,51.741845],[19.401489,51.741961],[19.401352,51.742141],[19.401207,51.742335],[19.401064,51.742523],[19.400953,51.74267],[19.400895,51.742757],[19.400853,51.742818],[19.400207,51.743674],[19.40016,51.74374],[19.400126,51.743791],[19.400098,51.743838],[19.400008,51.743977],[19.3997,51.744385],[19.399626,51.744474],[19.399593,51.744499],[19.399556,51.744526],[19.399516,51.744556],[19.399347,51.744754],[19.399189,51.74494],[19.398792,51.745409],[19.398699,51.745526],[19.398425,51.745876],[19.398394,51.745915],[19.398361,51.745953],[19.398273,51.746065],[19.398214,51.74614],[19.398199,51.746159],[19.398183,51.746179],[19.398118,51.746272],[19.398028,51.74642],[19.397998,51.746474],[19.397815,51.746789],[19.397651,51.747071],[19.397609,51.74714],[19.39749,51.747348],[19.397375,51.747551],[19.39732,51.747649],[19.397255,51.747767],[19.397196,51.747871],[19.397026,51.748172],[19.396982,51.748247],[19.39682,51.74852],[19.396723,51.74868],[19.396686,51.748739],[19.396481,51.749083],[19.396229,51.7495],[19.396187,51.74957],[19.396127,51.749667],[19.396105,51.749702],[19.395987,51.7499],[19.395908,51.750004],[19.395852,51.750078],[19.395691,51.75024],[19.395542,51.750353],[19.395461,51.750403],[19.395405,51.750436],[19.39534,51.750471],[19.395276,51.7505],[19.395182,51.750538],[19.395082,51.75057],[19.394981,51.750597],[19.394882,51.750618],[19.394775,51.750636],[19.394724,51.750641],[19.394684,51.750646],[19.394671,51.750647],[19.394622,51.750651],[19.394424,51.75066],[19.394228,51.750661]]},"properties":{"name":"Armii Krajowej"}},{"type":"Feature","geometry":{"type":"LineString","coordinates":[[19.391542,51.782536],[19.391573,51.782575],[19.391598,51.782617],[19.39161,51.782653],[19.391628,51.782757],[19.391635,51.782798],[19.39165,51.782886],[19.391695,51.783143],[19.391731,51.783332],[19.391818,51.783776],[19.391849,51.783942],[19.391929,51.784358],[19.391947,51.784454],[19.391957,51.784506],[19.392003,51.78475],[19.392014,51.784803],[19.392072,51.785104],[19.392093,51.78521],[19.392118,51.785337],[19.39215,51.785509],[19.392174,51.785636],[19.392213,51.785836],[19.392309,51.786335],[19.39235,51.786549],[19.392411,51.786879],[19.392469,51.787181],[19.392522,51.787456],[19.392558,51.787643],[19.3926,51.787865],[19.392618,51.78796],[19.392633,51.788038],[19.392648,51.788122],[19.392699,51.788391],[19.392731,51.788561],[19.392751,51.788663],[19.39276,51.788709],[19.392832,51.789074],[19.392838,51.789119],[19.392847,51.789162],[19.392916,51.789519],[19.393004,51.78998],[19.393021,51.790069],[19.393038,51.79016],[19.393044,51.790191],[19.393153,51.790751],[19.393185,51.790921],[19.393284,51.791446],[19.39329,51.791483],[19.393317,51.79163],[19.39333,51.791727],[19.393338,51.791791],[19.393344,51.791854],[19.393348,51.791914],[19.393352,51.791973]]},"properties":{"name":"Traktorowa"}},{"type":"Feature","geometry":{"type":"LineString","coordinates":[[19.393506,51.792375],[19.393467,51.792346],[19.393448,51.792322],[19.393439,51.792299],[19.39343,51.792263],[19.393426,51.792227],[19.393422,51.792192],[19.393405,51.792119],[19.393352,51.791973],[19.393304,51.792094],[19.393273,51.792231],[19.393268,51.792267],[19.393263,51.792292],[19.393252,51.792316],[19.393242,51.792332],[19.393233,51.792344],[19.393201,51.792375]]},"properties":{"name":"Traktorowa"}},{"type":"Feature","geometry":{"type":"LineString","coordinates":[[19.394257,51.796752],[19.394245,51.796794],[19.394197,51.796885],[19.394184,51.796926],[19.39418,51.796951],[19.394182,51.796998],[19.394198,51.797308],[19.3942,51.79733],[19.394204,51.797359],[19.394214,51.797424],[19.394221,51.797457],[19.39424,51.797543],[19.39427,51.797674],[19.394309,51.797841],[19.394318,51.797895],[19.394362,51.798249],[19.394437,51.798375],[19.394476,51.798668],[19.394502,51.798864],[19.394508,51.798904],[19.394522,51.799007],[19.394569,51.799317],[19.39457,51.799325],[19.39462,51.799616],[19.394654,51.799797],[19.394696,51.800021],[19.394758,51.80035],[19.394786,51.8005],[19.39486,51.800901],[19.394867,51.800942],[19.394905,51.801146],[19.394943,51.801359],[19.394951,51.8014],[19.394992,51.801615],[19.395032,51.801829],[19.39504,51.801876],[19.395072,51.802048],[19.395167,51.802592],[19.395206,51.802831],[19.395271,51.803235],[19.395282,51.803307],[19.39531,51.803489],[19.395352,51.803755],[19.395391,51.804005],[19.395435,51.80428],[19.395441,51.804323],[19.395466,51.804453],[19.395469,51.804468],[19.395509,51.804671],[19.395546,51.804867],[19.395561,51.804946],[19.395649,51.8054],[19.395684,51.805578],[19.395743,51.805894],[19.395811,51.806243],[19.395872,51.806543],[19.395895,51.80667],[19.396026,51.807361],[19.396071,51.807591],[19.396076,51.807612],[19.396086,51.807664],[19.396115,51.807828],[19.396137,51.807936],[19.396146,51.807981],[19.396149,51.807999],[19.396161,51.808059],[19.396166,51.808095]]},"properties":{"name":"Traktorowa"}},{"type":"Feature","geometry":{"type":"LineString","coordinates":[[19.393877,51.794897],[19.393911,51.794925],[19.393936,51.79496],[19.39395,51.794998],[19.393958,51.795033],[19.393967,51.795079],[19.393978,51.79511],[19.393998,51.795147],[19.394011,51.795177]]},"properties":{"name":"Traktorowa"}},{"type":"Feature","geometry":{"type":"LineString","coordinates":[[19.393843,51.794722],[19.393871,51.794683],[19.393876,51.794646],[19.393873,51.794613],[19.393869,51.794577],[19.393866,51.794556],[19.393864,51.794518],[19.393871,51.794476],[19.39387,51.794441]]},"properties":{"name":"Traktorowa"}},{"type":"Feature","geometry":{"type":"LineString","coordinates":[[19.393578,51.793114],[19.393631,51.793317],[19.39366,51.793436],[19.393706,51.793679],[19.393713,51.793716],[19.393716,51.793734],[19.39372,51.793752],[19.393726,51.793784],[19.393779,51.794072],[19.393817,51.794256],[19.393842,51.794352],[19.39387,51.794441],[19.393891,51.794469],[19.393929,51.79451],[19.393952,51.794549],[19.393961,51.794569],[19.393977,51.794604],[19.393994,51.794643],[19.394011,51.794663],[19.39404,51.794689]]},"properties":{"name":"Traktorowa"}},{"type":"Feature","geometry":{"type":"LineString","coordinates":[[19.394123,51.794879],[19.394082,51.794912],[19.394062,51.794942],[19.394054,51.794963],[19.39405,51.79499],[19.394048,51.795026],[19.394044,51.795078],[19.394035,51.795112],[19.394018,51.795152],[19.394011,51.795177],[19.394015,51.79524],[19.394018,51.795277],[19.394022,51.795313],[19.394042,51.79547],[19.394151,51.796104],[19.394185,51.796268],[19.394192,51.796304],[19.394196,51.796322],[19.3942,51.796341],[19.394206,51.796376],[19.394218,51.796444],[19.394221,51.796464],[19.394251,51.796638],[19.394256,51.796677],[19.394257,51.796752],[19.394269,51.796798],[19.394301,51.796881],[19.394313,51.796921],[19.394375,51.797253],[19.394383,51.797298],[19.394388,51.797327],[19.394402,51.797387],[19.394409,51.797419],[19.394428,51.797507]]},"properties":{"name":"Traktorowa"}},{"type":"Feature","geometry":{"type":"LineString","coordinates":[[19.393286,51.792645],[19.393307,51.792661],[19.393324,51.792679],[19.393336,51.792693],[19.393357,51.792731],[19.393375,51.792764],[19.393392,51.7928],[19.393432,51.792875],[19.393474,51.792952],[19.393578,51.793114],[19.393563,51.792927],[19.393531,51.79277],[19.393525,51.792744],[19.393517,51.792706],[19.393518,51.792666],[19.393522,51.79264],[19.393529,51.792623],[19.393541,51.792599]]},"properties":{"name":"Traktorowa"}},{"type":"Feature","geometry":{"type":"LineString","coordinates":[[19.394457,51.797637],[19.394482,51.797753],[19.394492,51.797816],[19.394495,51.797844],[19.394492,51.798004],[19.39449,51.798164],[19.39449,51.798246],[19.394437,51.798375]]},"properties":{"name":"Traktorowa"}},{"type":"Feature","geometry":{"type":"LineString","coordinates":[[19.430351,51.727018],[19.430358,51.727094],[19.430385,51.727369],[19.430417,51.727711],[19.430512,51.728707],[19.430519,51.728781],[19.43053,51.728906],[19.430557,51.729307],[19.430602,51.72992],[19.430646,51.730515],[19.430678,51.730945],[19.430688,51.731081],[19.430696,51.731182]]},"properties":{"name":"Zenitowa"}},{"type":"Feature","geometry":{"type":"LineString","coordinates":[[19.430696,51.731182],[19.430882,51.731179],[19.431623,51.731165],[19.432068,51.731156],[19.432369,51.73115],[19.433269,51.731133],[19.43344,51.73113]]},"properties":{"name":"Pustynna"}},{"type":"Feature","geometry":{"type":"LineString","coordinates":[[19.436537,51.751298],[19.436708,51.751314],[19.436724,51.751315],[19.436743,51.751317],[19.436759,51.751319],[19.436779,51.751321],[19.437491,51.751382],[19.437718,51.751403],[19.437847,51.751415],[19.43791,51.75142],[19.438006,51.751429],[19.439198,51.751535],[19.439579,51.751567],[19.439838,51.75159],[19.441766,51.751755],[19.441831,51.751754],[19.441905,51.751746],[19.441956,51.751733],[19.441994,51.751717]]},"properties":{"name":"Parkowa"}},{"type":"Feature","geometry":{"type":"LineString","coordinates":[[19.441994,51.751717],[19.442032,51.751696],[19.442062,51.751675],[19.442085,51.751655],[19.442101,51.751637],[19.442114,51.751614],[19.442124,51.751583],[19.442128,51.751571],[19.442175,51.751371],[19.442176,51.751364],[19.442206,51.751246],[19.442217,51.751227]]},"properties":{"name":"Inżynierska"}},{"type":"Feature","geometry":{"type":"LineString","coordinates":[[19.442425,51.750232],[19.442546,51.749718],[19.442689,51.749076],[19.4427,51.749013],[19.442694,51.74898],[19.442669,51.748939]]},"properties":{"name":"Inżynierska"}},{"type":"Feature","geometry":{"type":"LineString","coordinates":[[19.463681,51.756324],[19.463873,51.756346],[19.463902,51.756349],[19.463944,51.756353],[19.464182,51.756388],[19.464287,51.756403],[19.464492,51.756436],[19.464675,51.756476],[19.464779,51.756501],[19.464967,51.756549],[19.465014,51.756559],[19.465311,51.75661],[19.465535,51.756651],[19.465713,51.756683],[19.466048,51.756749],[19.466084,51.756755],[19.466481,51.756833],[19.466712,51.756877],[19.466926,51.756919],[19.467062,51.756944],[19.467224,51.756976],[19.467973,51.757122],[19.468272,51.75718],[19.468309,51.757188],[19.468352,51.757196],[19.468823,51.757286],[19.469402,51.757402],[19.469521,51.757424],[19.469664,51.75745],[19.469837,51.75748],[19.469887,51.757488],[19.469921,51.757494],[19.470091,51.757523],[19.470112,51.757527]]},"properties":{"name":"Stanisława Wigury"}},{"type":"Feature","geometry":{"type":"LineString","coordinates":[[19.459265,51.75596],[19.459285,51.755962]]},"properties":{"name":"Stanisława Wigury"}},{"type":"Feature","geometry":{"type":"LineString","coordinates":[[19.471011,51.755624],[19.471029,51.755628],[19.471103,51.755641],[19.471152,51.75565],[19.471186,51.755657],[19.471339,51.755686],[19.471697,51.755756],[19.471845,51.755785],[19.472035,51.755821],[19.472153,51.755843],[19.472182,51.755848],[19.472214,51.755855],[19.472246,51.755861],[19.472699,51.75595],[19.473482,51.756103],[19.473512,51.756108],[19.47353,51.756112],[19.473633,51.756132],[19.473734,51.756151],[19.473757,51.756155],[19.473796,51.756163],[19.474133,51.756227],[19.475812,51.756548],[19.476449,51.75667],[19.478334,51.757031],[19.478416,51.757047],[19.478481,51.757058],[19.478548,51.757069],[19.479345,51.757216],[19.479383,51.757223],[19.47954,51.757253],[19.479583,51.757261],[19.479677,51.757279],[19.479709,51.757285],[19.479747,51.757292],[19.47978,51.757299],[19.479804,51.757303],[19.479932,51.757328],[19.480117,51.757363],[19.480152,51.75737],[19.480409,51.757419],[19.481141,51.757561],[19.481368,51.757603],[19.481472,51.757623],[19.481701,51.757669],[19.481739,51.757676],[19.481784,51.757685],[19.48186,51.757701],[19.481929,51.757725],[19.482032,51.757764],[19.48209,51.757786]]},"properties":{"name":"Fabryczna"}},{"type":"Feature","geometry":{"type":"LineString","coordinates":[[19.471171,51.755299],[19.47115,51.755295],[19.470969,51.75526],[19.47093,51.755253],[19.470879,51.755243],[19.47081,51.75523],[19.470714,51.755212],[19.468137,51.754721],[19.467886,51.754673],[19.46541,51.754201],[19.46518,51.754158],[19.46502,51.754127],[19.464692,51.754064],[19.46456,51.754039],[19.464338,51.753997],[19.464308,51.753991],[19.464278,51.753985],[19.464192,51.75397]]},"properties":{"name":"Edwarda Abramowskiego"}},{"type":"Feature","geometry":{"type":"LineString","coordinates":[[19.449658,51.75087],[19.449488,51.750856],[19.449472,51.750855],[19.449456,51.750854],[19.449426,51.750852],[19.449396,51.750849],[19.44903,51.750817],[19.447621,51.750693],[19.447427,51.750676],[19.447224,51.750658],[19.44598,51.750549],[19.445829,51.750535],[19.445658,51.75052],[19.44532,51.75049],[19.44488,51.750452],[19.444481,51.750418],[19.44429,51.7504],[19.444029,51.750378],[19.443853,51.750362],[19.442849,51.750271],[19.442522,51.750241],[19.442425,51.750232]]},"properties":{"name":"Rajmunda Rembielińskiego"}},{"type":"Feature","geometry":{"type":"LineString","coordinates":[[19.442669,51.748939],[19.442631,51.74891],[19.4426,51.748897],[19.442557,51.748888],[19.442249,51.748861],[19.442189,51.748856],[19.44195,51.748836],[19.441604,51.748808],[19.441548,51.74879],[19.441522,51.748773],[19.44148,51.748782]]},"properties":{"name":"Wołowa"}},{"type":"Feature","geometry":{"type":"LineString","coordinates":[[19.441522,51.748773],[19.441515,51.748752],[19.441509,51.748728],[19.441511,51.748704],[19.441612,51.748253],[19.44163,51.748173],[19.441691,51.747896],[19.441723,51.747754],[19.441752,51.747624],[19.441789,51.747453],[19.441932,51.7468],[19.442076,51.746153],[19.442078,51.746141],[19.442135,51.745886],[19.442168,51.745735],[19.442209,51.745552],[19.442317,51.745067],[19.442353,51.744899],[19.442366,51.744839],[19.44238,51.744775],[19.442398,51.744708],[19.442405,51.744668],[19.442401,51.744634],[19.442389,51.744597],[19.442359,51.744551],[19.442306,51.7445],[19.442223,51.744433]]},"properties":{"name":"Proletariacka"}},{"type":"Feature","geometry":{"type":"LineString","coordinates":[[19.406795,51.794581],[19.406758,51.794632],[19.406725,51.79468],[19.406701,51.794718],[19.406679,51.794757],[19.406651,51.79481],[19.406624,51.794868],[19.406591,51.794943],[19.406403,51.795374],[19.406388,51.795408],[19.406368,51.795461],[19.406361,51.795496],[19.406358,51.795547],[19.406362,51.795591],[19.406371,51.795626],[19.406381,51.795655],[19.406397,51.795689],[19.406414,51.795719],[19.406439,51.795754],[19.406501,51.795819],[19.406543,51.79585],[19.406593,51.795881],[19.406627,51.795899],[19.406679,51.795923],[19.406739,51.795946],[19.406795,51.795961],[19.406851,51.795973],[19.406901,51.795981],[19.406949,51.795988],[19.406997,51.795992],[19.407055,51.795993],[19.407095,51.795993],[19.407144,51.795991],[19.407192,51.795988],[19.407252,51.795982],[19.407332,51.795973],[19.40742,51.795958],[19.408127,51.795821],[19.40899,51.795653],[19.409054,51.79564],[19.409237,51.795606]]},"properties":{"name":"Helska"}},{"type":"Feature","geometry":{"type":"LineString","coordinates":[[19.408225,51.794889],[19.408479,51.794867],[19.40858,51.794862],[19.408639,51.79486],[19.408702,51.794864],[19.408747,51.794871],[19.408793,51.794883],[19.40883,51.794895],[19.40886,51.794907],[19.408903,51.794929],[19.40894,51.794952],[19.40897,51.794979],[19.409047,51.795038],[19.409055,51.795062],[19.409073,51.79512],[19.409124,51.795269],[19.409154,51.795365],[19.409196,51.795491],[19.409237,51.795606],[19.409284,51.795744],[19.409297,51.795788],[19.409299,51.795794],[19.409352,51.795954],[19.409452,51.796248],[19.409493,51.796372],[19.409545,51.796524]]},"properties":{"name":"Brukowa"}},{"type":"Feature","geometry":{"type":"LineString","coordinates":[[19.411735,51.80601],[19.411718,51.80586],[19.411657,51.805284],[19.411619,51.804845],[19.411615,51.804676],[19.411614,51.80466],[19.411614,51.804634],[19.411602,51.804111],[19.411592,51.803625],[19.411591,51.803597],[19.41159,51.803516],[19.411582,51.803121],[19.411576,51.802799],[19.411576,51.802732],[19.411575,51.802675],[19.411557,51.802549],[19.411533,51.802434],[19.411492,51.802296],[19.411338,51.801836],[19.411135,51.801243],[19.411029,51.800926],[19.410972,51.800755],[19.410958,51.800713],[19.410915,51.800587],[19.410881,51.800476],[19.410858,51.800404],[19.410822,51.800289],[19.410779,51.800161],[19.410704,51.799937],[19.410648,51.799776],[19.41052,51.799405],[19.410353,51.798919],[19.41024,51.79859],[19.410161,51.79836],[19.41014,51.798295],[19.410069,51.798082],[19.41003,51.797965],[19.409949,51.797722],[19.409852,51.797429]]},"properties":{"name":"Brukowa"}},{"type":"Feature","geometry":{"type":"LineString","coordinates":[[19.409852,51.797429],[19.409761,51.797265],[19.409728,51.797197],[19.409715,51.797159],[19.409707,51.797134],[19.409704,51.797125],[19.409701,51.797116],[19.409645,51.796952],[19.409587,51.796781],[19.409581,51.796764],[19.409576,51.796746],[19.409545,51.796524],[19.409569,51.796553],[19.40964,51.79666],[19.409668,51.796714],[19.409681,51.796751],[19.409687,51.796769],[19.40973,51.796893],[19.409756,51.796971],[19.409801,51.797104],[19.409804,51.797112],[19.409807,51.797121],[19.409816,51.797146],[19.409822,51.797164],[19.40983,51.797208],[19.409852,51.797429]]},"properties":{"name":"Brukowa"}},{"type":"Feature","geometry":{"type":"LineString","coordinates":[[19.304156,51.819334],[19.304053,51.81943],[19.304027,51.819466],[19.304006,51.819503],[19.303989,51.819542],[19.303969,51.819589],[19.303952,51.819679]]},"properties":{"name":"Plac Tadeusza Kościuszki"}},{"type":"Feature","geometry":{"type":"LineString","coordinates":[[19.304547,51.820759],[19.304456,51.820591],[19.304337,51.820376],[19.303973,51.819717],[19.303952,51.819679],[19.303802,51.819411],[19.303464,51.819481],[19.303397,51.819495],[19.30271,51.819639],[19.302377,51.819713],[19.302075,51.819776],[19.301449,51.819908]]},"properties":{"name":"Plac Tadeusza Kościuszki"}},{"type":"Feature","geometry":{"type":"LineString","coordinates":[[19.205809,51.768101],[19.205522,51.768588],[19.205375,51.768568],[19.204323,51.768548],[19.204175,51.768545],[19.204163,51.768385],[19.204165,51.768313],[19.204187,51.768258],[19.204268,51.76819],[19.204429,51.76816],[19.204593,51.768144],[19.20485,51.768139],[19.204896,51.768138],[19.205013,51.768134],[19.20558,51.768116],[19.205809,51.768101]]},"properties":{"name":"Plac Tadeusza Kościuszki"}},{"type":"Feature","geometry":{"type":"LineString","coordinates":[[19.304456,51.820591],[19.304581,51.820568]]},"properties":{"name":"Aleja Wyzwolenia"}},{"type":"Feature","geometry":{"type":"LineString","coordinates":[[19.409702,51.794435],[19.409738,51.794406],[19.40977,51.794373],[19.40979,51.794344],[19.4098,51.794326],[19.40981,51.794303],[19.409815,51.794283],[19.409818,51.794253],[19.409815,51.794226],[19.409808,51.794214],[19.40979,51.794182],[19.409767,51.794142],[19.409724,51.79407],[19.4097,51.794035],[19.409671,51.794],[19.409636,51.793966],[19.409596,51.793933],[19.409543,51.793897],[19.409506,51.793875],[19.409461,51.793851],[19.409399,51.793825],[19.409334,51.793803],[19.409276,51.793787],[19.4092,51.793772],[19.409079,51.793754],[19.40798,51.79362],[19.407918,51.793612],[19.407712,51.793588]]},"properties":{"name":"Jana Woronicza"}},{"type":"Feature","geometry":{"type":"LineString","coordinates":[[19.441273,51.761468],[19.441364,51.761449],[19.441424,51.761441],[19.441489,51.761433],[19.441562,51.761432],[19.441622,51.761435],[19.441676,51.761442],[19.441738,51.761456],[19.441797,51.761472],[19.442186,51.76161],[19.442241,51.76163],[19.442485,51.76172],[19.442794,51.761835],[19.442955,51.761894],[19.443117,51.761953],[19.443262,51.762006],[19.443357,51.76204],[19.44375,51.762184],[19.444002,51.762276],[19.444129,51.762324],[19.444461,51.762448],[19.444991,51.762647],[19.445162,51.762711],[19.445262,51.762748],[19.445502,51.762838],[19.445654,51.762897],[19.445785,51.762945],[19.446564,51.763235],[19.446667,51.763274],[19.4467,51.763286],[19.446883,51.763354],[19.447161,51.763457],[19.447199,51.76347],[19.447233,51.763485],[19.44731,51.763513],[19.447402,51.763535],[19.447446,51.763545],[19.447485,51.763556],[19.447787,51.763632],[19.447855,51.763648],[19.448105,51.76371],[19.448194,51.763732],[19.448364,51.763774],[19.448441,51.763793],[19.448536,51.763816],[19.448638,51.763842],[19.448943,51.763917],[19.449058,51.763946],[19.449433,51.764039],[19.449529,51.764062],[19.449664,51.764096],[19.449925,51.76416],[19.449957,51.764168],[19.450005,51.76418],[19.450091,51.764202],[19.45015,51.764216],[19.450172,51.764222]]},"properties":{"name":"Marii Skłodowskiej-Curie"}},{"type":"Feature","geometry":{"type":"LineString","coordinates":[[19.45346,51.761983],[19.453621,51.761996],[19.45365,51.761999],[19.453684,51.762002],[19.454335,51.762056],[19.454803,51.762096],[19.454837,51.762098],[19.45486,51.7621],[19.454906,51.762104],[19.455004,51.762112],[19.455096,51.762119],[19.455138,51.762123],[19.455242,51.762131],[19.455386,51.762142],[19.455419,51.762145],[19.455466,51.762149],[19.455878,51.762182],[19.456353,51.76222],[19.456545,51.762236],[19.457107,51.762281],[19.457459,51.762309],[19.457631,51.762323],[19.457684,51.762327],[19.457722,51.76233],[19.45776,51.762333],[19.457863,51.762341]]},"properties":{"name":"Ludwika Zamenhofa"}},{"type":"Feature","geometry":{"type":"LineString","coordinates":[[19.457863,51.762341],[19.457953,51.762348],[19.457991,51.762351],[19.458029,51.762354],[19.458084,51.762359],[19.458391,51.762385],[19.458673,51.762409],[19.458935,51.762431],[19.459231,51.762457],[19.459634,51.76249],[19.459715,51.762498],[19.459874,51.762512],[19.460058,51.762527],[19.460364,51.762554],[19.460452,51.762561],[19.46063,51.762576],[19.460716,51.762584],[19.460855,51.762597],[19.460975,51.762606],[19.461277,51.762632],[19.461462,51.762647],[19.461582,51.762658],[19.461892,51.76268],[19.46208,51.762693],[19.462109,51.762695],[19.46214,51.762698],[19.462267,51.762708],[19.46238,51.762718],[19.462418,51.762721],[19.462448,51.762723],[19.462847,51.762757],[19.4633,51.762794],[19.463583,51.762818],[19.464113,51.762862],[19.46429,51.762877],[19.464357,51.762883],[19.464663,51.762908],[19.464716,51.762913],[19.46478,51.762918],[19.464865,51.762925],[19.465141,51.762948],[19.465204,51.762953],[19.465328,51.762964],[19.465465,51.762975],[19.465502,51.762978],[19.465544,51.762982],[19.465573,51.762984],[19.465911,51.763012],[19.466157,51.763033],[19.466327,51.763047],[19.466399,51.763053],[19.46652,51.763063],[19.466617,51.763071],[19.466845,51.76309],[19.467151,51.763116],[19.46718,51.763118],[19.467208,51.76312],[19.467316,51.763129],[19.46734,51.763131],[19.467362,51.763133],[19.467474,51.763142],[19.467502,51.763144],[19.467531,51.763147],[19.468178,51.763201],[19.468419,51.763221],[19.468489,51.763227],[19.46871,51.763246],[19.468725,51.763247],[19.468835,51.763256],[19.469024,51.763272],[19.469053,51.763275],[19.469333,51.763299],[19.469369,51.763302],[19.469386,51.763303],[19.469737,51.763333],[19.469801,51.763338],[19.469825,51.76334],[19.469868,51.763344],[19.469965,51.763352],[19.470063,51.76336],[19.470092,51.763362],[19.470124,51.763364],[19.470333,51.763383],[19.470393,51.763388],[19.470573,51.763404],[19.470897,51.763433],[19.470958,51.763438],[19.471146,51.763453],[19.471207,51.763458],[19.471367,51.763471],[19.471456,51.763479],[19.471634,51.763493],[19.471859,51.763512],[19.471883,51.763513],[19.471996,51.763523],[19.472105,51.763531],[19.47213,51.763532],[19.472151,51.763534],[19.472309,51.763546],[19.472404,51.763552],[19.472529,51.763562],[19.472568,51.763566],[19.47285,51.763588],[19.473008,51.763601],[19.473423,51.763635],[19.473442,51.763636],[19.473707,51.763657],[19.474213,51.763697],[19.474247,51.7637],[19.474584,51.763728],[19.474757,51.763742],[19.474902,51.763754],[19.475309,51.763786],[19.475394,51.763793],[19.475808,51.763827],[19.47583,51.763828],[19.475883,51.763833],[19.47594,51.763837],[19.476112,51.763851],[19.476247,51.763861],[19.476267,51.763863],[19.476312,51.763866],[19.476404,51.763873],[19.476938,51.763916],[19.477008,51.76392],[19.477248,51.76394],[19.477282,51.763943],[19.47753,51.763964],[19.477679,51.763983],[19.477806,51.763994],[19.478175,51.764025],[19.478209,51.764028],[19.47824,51.764031],[19.478359,51.764042],[19.478517,51.764053],[19.478716,51.76407],[19.478815,51.764079],[19.479263,51.764116],[19.4793,51.764119],[19.479622,51.764145],[19.47969,51.76415],[19.479882,51.764166],[19.480379,51.764206],[19.480414,51.764209],[19.480441,51.764212],[19.480556,51.764221]]},"properties":{"name":"Nawrot"}},{"type":"Feature","geometry":{"type":"LineString","coordinates":[[19.554621,51.746553],[19.554413,51.74635],[19.554358,51.746296],[19.552599,51.744644],[19.552447,51.74449],[19.55219,51.74425],[19.552104,51.744166],[19.551968,51.744042],[19.551872,51.743953],[19.551771,51.74386],[19.551687,51.74378],[19.551641,51.74373],[19.551622,51.743692],[19.551612,51.743649],[19.551612,51.743613]]},"properties":{"name":"Aleja Książąt Polskich"}},{"type":"Feature","geometry":{"type":"LineString","coordinates":[[19.457301,51.801029],[19.457185,51.801029],[19.45707,51.801026],[19.456951,51.80102],[19.456896,51.801016],[19.456866,51.801013],[19.456511,51.800973],[19.456349,51.80095],[19.456227,51.80093],[19.456056,51.800895],[19.455895,51.800859],[19.455534,51.800767],[19.455245,51.800686],[19.455182,51.800669],[19.45513,51.800654],[19.454182,51.800387],[19.454125,51.800371],[19.454041,51.800348],[19.453145,51.800094],[19.453063,51.800071],[19.453013,51.800057],[19.452126,51.799806],[19.452095,51.799797],[19.452065,51.799789],[19.452031,51.799779],[19.452017,51.799775],[19.452003,51.799771],[19.451255,51.799559],[19.451062,51.799504],[19.450992,51.799484],[19.450932,51.799467],[19.450048,51.799217],[19.449946,51.799188],[19.449857,51.799163],[19.449179,51.798972],[19.449086,51.798945],[19.448995,51.798919],[19.446778,51.798293],[19.446282,51.798153],[19.446159,51.798118],[19.44608,51.798096],[19.444709,51.79771],[19.444676,51.797701],[19.44464,51.797692],[19.444604,51.797682],[19.444451,51.797639]]},"properties":{"name":"Julianowska"}},{"type":"Feature","geometry":{"type":"LineString","coordinates":[[19.444568,51.797477],[19.444758,51.79753],[19.444793,51.79754],[19.445512,51.797744],[19.446863,51.798132],[19.447526,51.798331],[19.448306,51.798552],[19.448567,51.798625],[19.448777,51.798684],[19.449281,51.798827],[19.452069,51.799616],[19.452099,51.799624],[19.452112,51.799628],[19.452127,51.799632],[19.452161,51.799642],[19.45219,51.79965],[19.452497,51.799737],[19.453205,51.799938],[19.453341,51.799976],[19.45349,51.800018],[19.455164,51.80049],[19.455577,51.800608],[19.455717,51.800643],[19.45584,51.80067],[19.455982,51.800697],[19.456126,51.800721],[19.456398,51.800758],[19.456481,51.80077],[19.456887,51.800822],[19.456959,51.800828],[19.457013,51.800833],[19.457175,51.800843]]},"properties":{"name":"Julianowska"}},{"type":"Feature","geometry":{"type":"LineString","coordinates":[[19.627407,51.74498],[19.627206,51.745147],[19.626261,51.745937],[19.626251,51.745946],[19.626224,51.745969],[19.625896,51.746242],[19.625653,51.746443],[19.625523,51.746551],[19.625233,51.746804],[19.624793,51.747176],[19.624249,51.747636],[19.6237,51.748101],[19.623657,51.748137],[19.623409,51.748344],[19.623293,51.74844],[19.623159,51.748551],[19.622999,51.748684],[19.62297,51.748708],[19.622766,51.74888],[19.622747,51.748896],[19.622524,51.749084],[19.622269,51.749298],[19.622095,51.749445],[19.621886,51.749621],[19.621687,51.749789],[19.621651,51.74982],[19.621422,51.750013],[19.621313,51.750104],[19.621024,51.750348],[19.620644,51.75067],[19.6206,51.750708],[19.619729,51.751446],[19.619004,51.752062],[19.618535,51.752459],[19.618006,51.752908],[19.617829,51.753059],[19.617493,51.753344],[19.617304,51.753504],[19.617158,51.753628],[19.616971,51.753787],[19.616841,51.753898],[19.616718,51.754003],[19.616636,51.754073],[19.616483,51.754204],[19.616411,51.754266],[19.616173,51.754471],[19.615708,51.754868],[19.61553,51.755021],[19.615395,51.755136],[19.615024,51.755452],[19.614482,51.755915],[19.614348,51.75603],[19.614155,51.756195],[19.614,51.756328],[19.613877,51.756432],[19.613836,51.756468],[19.613742,51.756547],[19.613575,51.75669],[19.613314,51.756913],[19.613186,51.757015],[19.613075,51.75711],[19.612894,51.757267],[19.612257,51.757816],[19.611027,51.758866],[19.610812,51.75905],[19.61073,51.759119],[19.610592,51.759238],[19.610436,51.759371],[19.610246,51.759526],[19.610044,51.759691],[19.610015,51.759716],[19.609995,51.75973],[19.60996,51.759753],[19.609915,51.759779],[19.60987,51.759797],[19.609789,51.759828],[19.609728,51.75985],[19.609657,51.759873],[19.609602,51.759895],[19.609538,51.759926],[19.609476,51.759959],[19.609423,51.759989],[19.609387,51.760014],[19.609376,51.760023],[19.6092,51.760161],[19.608966,51.760345],[19.608633,51.760605],[19.607881,51.761194],[19.607846,51.761221]]},"properties":{"name":"Macieja Rataja"}},{"type":"Feature","geometry":{"type":"LineString","coordinates":[[19.606771,51.737107],[19.606802,51.737117],[19.606829,51.737127],[19.606877,51.737146],[19.606922,51.737166],[19.606955,51.737181],[19.606981,51.737195],[19.60701,51.737209],[19.607048,51.737231],[19.607057,51.737236],[19.60707,51.737245],[19.607086,51.737254],[19.607094,51.737259],[19.607189,51.737322],[19.607485,51.737516],[19.607529,51.737547],[19.607697,51.737656],[19.607773,51.737706],[19.607846,51.737753],[19.608002,51.737855],[19.608008,51.737859],[19.608134,51.737944],[19.608285,51.738047],[19.608518,51.738205],[19.608706,51.738329],[19.608853,51.738425],[19.608956,51.738493],[19.609005,51.738525],[19.609126,51.738605],[19.609307,51.738724],[19.609463,51.738827],[19.609505,51.738854],[19.609703,51.738985],[19.609844,51.739077],[19.609963,51.739156],[19.610112,51.739254],[19.610254,51.739347],[19.610326,51.739394],[19.610426,51.739459],[19.610513,51.739515],[19.610663,51.739614],[19.610676,51.739623],[19.610707,51.739643],[19.610771,51.739685],[19.610823,51.739719],[19.610934,51.739793],[19.611048,51.739868],[19.611272,51.740015],[19.611648,51.740263],[19.611695,51.740294],[19.611899,51.740431],[19.612006,51.740504],[19.612121,51.740582],[19.612143,51.740596],[19.612384,51.740748],[19.612653,51.740918],[19.613013,51.741135],[19.613063,51.741167],[19.613474,51.741431],[19.613771,51.741622],[19.614014,51.741778],[19.61402,51.741782],[19.614111,51.74184],[19.61433,51.74198],[19.614339,51.741986],[19.61442,51.742039],[19.614491,51.742088],[19.61452,51.742109],[19.614552,51.742132],[19.614567,51.742143],[19.61462,51.74218],[19.614666,51.742212],[19.614792,51.742301],[19.614841,51.742333],[19.614851,51.74234],[19.614899,51.742372],[19.615015,51.742446],[19.615092,51.742499],[19.615151,51.742539],[19.61519,51.742565],[19.6153,51.742639],[19.615334,51.742662],[19.61543,51.742725],[19.615543,51.742799],[19.615625,51.742853],[19.615673,51.742884],[19.61582,51.74298],[19.616023,51.743112],[19.616068,51.743141],[19.61607,51.743142],[19.61628,51.74328],[19.616464,51.743399],[19.616633,51.74351],[19.61685,51.743652],[19.616944,51.743714],[19.616967,51.743728],[19.617067,51.743794],[19.617094,51.743812],[19.617277,51.743931],[19.617386,51.744003],[19.617541,51.744105],[19.617686,51.744199],[19.617815,51.744284],[19.617961,51.74438],[19.617979,51.744392],[19.618114,51.74448],[19.618213,51.744545],[19.618269,51.744582],[19.61862,51.744814],[19.6187,51.744867],[19.618747,51.744898],[19.618921,51.745013],[19.618961,51.745039],[19.619158,51.745171],[19.619301,51.745266],[19.619321,51.745279],[19.619555,51.745434],[19.619573,51.745446],[19.619801,51.745598],[19.61981,51.745604],[19.619865,51.745641],[19.619918,51.745676],[19.62009,51.745792],[19.620164,51.74584],[19.620332,51.745953],[19.620497,51.746064],[19.62053,51.746086],[19.620544,51.746095],[19.62077,51.746244],[19.621072,51.746442],[19.621175,51.746509],[19.621235,51.746549],[19.621256,51.746562],[19.622551,51.747412],[19.622679,51.747496],[19.622821,51.74759],[19.623139,51.747799],[19.623273,51.747886],[19.623556,51.748071],[19.623657,51.748137],[19.624018,51.748377],[19.626876,51.75028],[19.627616,51.750773],[19.628506,51.751366],[19.629134,51.751785],[19.629303,51.751897],[19.629498,51.752028],[19.629802,51.75223],[19.629912,51.752303],[19.630028,51.752384],[19.630503,51.752705],[19.630952,51.753008],[19.631035,51.753088],[19.631095,51.753177],[19.631123,51.753272],[19.631201,51.753654],[19.63121,51.753701],[19.631307,51.754197],[19.631336,51.754383],[19.631345,51.754476],[19.631349,51.754547],[19.631347,51.754743],[19.631342,51.754866],[19.631334,51.754987],[19.631333,51.75506]]},"properties":{"name":"Tadeusza Gajcego"}},{"type":"Feature","geometry":{"type":"LineString","coordinates":[[19.607529,51.737547],[19.607542,51.737534],[19.607563,51.737515],[19.607589,51.737488],[19.607619,51.737445],[19.607637,51.737411],[19.607723,51.7372],[19.607785,51.73702]]},"properties":{"name":"Przylesie"}},{"type":"Feature","geometry":{"type":"LineString","coordinates":[[19.414477,51.777772],[19.414455,51.777784],[19.414432,51.777793],[19.414404,51.777803],[19.414378,51.777812],[19.414357,51.777817],[19.414337,51.777821],[19.414298,51.777829],[19.414255,51.777836],[19.414171,51.777852],[19.41408,51.777869],[19.414078,51.777869],[19.413773,51.777925],[19.413675,51.777943],[19.413628,51.777953],[19.413566,51.777965],[19.413377,51.778002],[19.413323,51.778012],[19.41327,51.778022],[19.412972,51.778077],[19.41287,51.778095],[19.412378,51.778183],[19.412177,51.778219],[19.411982,51.77825],[19.411801,51.778279],[19.411691,51.778297],[19.411623,51.778307],[19.411553,51.778314],[19.411486,51.778314],[19.411416,51.778311],[19.411353,51.778295],[19.411292,51.778273],[19.411236,51.778254],[19.410589,51.778022],[19.410465,51.777978],[19.409626,51.777682],[19.40909,51.77749],[19.408901,51.777423],[19.407687,51.776989],[19.40758,51.776951],[19.407466,51.776911],[19.407321,51.776859],[19.406627,51.776613],[19.406567,51.776592],[19.406103,51.776425],[19.405922,51.77636],[19.405898,51.776351],[19.405799,51.776312],[19.405667,51.776262],[19.405537,51.776214],[19.405274,51.776119],[19.405166,51.776081],[19.405134,51.776069],[19.405079,51.776049],[19.404988,51.776017],[19.404891,51.775983],[19.404877,51.775978],[19.404775,51.77594],[19.404678,51.775902]]},"properties":{"name":"Solec"}},{"type":"Feature","geometry":{"type":"LineString","coordinates":[[19.411416,51.778311],[19.411303,51.778369],[19.411282,51.778384],[19.411249,51.778407],[19.411218,51.77843],[19.410605,51.778922],[19.410536,51.778977],[19.410493,51.779013],[19.410253,51.779206],[19.410085,51.779342],[19.410012,51.779401],[19.409957,51.779442],[19.409948,51.779449],[19.409903,51.779483],[19.409781,51.779567],[19.409606,51.779674],[19.409505,51.779736],[19.409444,51.779774],[19.409438,51.779778],[19.409348,51.779833],[19.408997,51.780044],[19.408975,51.780057],[19.408924,51.780089],[19.408897,51.7801],[19.408878,51.780108],[19.408851,51.780118],[19.408815,51.780127]]},"properties":{"name":"Borowa"}},{"type":"Feature","geometry":{"type":"LineString","coordinates":[[19.408815,51.780127],[19.408792,51.780133],[19.408768,51.780135],[19.408726,51.780136],[19.408681,51.780129],[19.408617,51.78012],[19.407815,51.78001],[19.407583,51.779978],[19.407131,51.779916],[19.406628,51.779848],[19.406561,51.779839],[19.406045,51.779769],[19.406012,51.779765],[19.405767,51.779732],[19.405506,51.779697],[19.405367,51.779684],[19.405226,51.779679],[19.405086,51.779677],[19.404538,51.779673],[19.404379,51.779672],[19.403358,51.779664],[19.403106,51.779662],[19.402758,51.77966],[19.402751,51.77966],[19.402573,51.77966],[19.402439,51.779654],[19.402376,51.779648],[19.402344,51.779645],[19.402314,51.779641],[19.402276,51.779635],[19.402241,51.779627],[19.402204,51.779619],[19.402163,51.779608],[19.402085,51.779588],[19.402031,51.779575],[19.401977,51.779564],[19.401901,51.77955],[19.401854,51.779542],[19.401843,51.77954],[19.401807,51.779534],[19.401781,51.77953],[19.40111,51.779425],[19.400748,51.779369],[19.400486,51.779329],[19.400327,51.779304],[19.399695,51.779207],[19.399553,51.779185],[19.399512,51.779192],[19.399452,51.779192],[19.399371,51.779185],[19.399343,51.779182],[19.399309,51.779178],[19.399261,51.779173],[19.39922,51.779171],[19.399176,51.779171]]},"properties":{"name":"Siewna"}},{"type":"Feature","geometry":{"type":"LineString","coordinates":[[19.394646,51.781544],[19.394694,51.781611]]},"properties":{"name":"Kwiatowa"}},{"type":"Feature","geometry":{"type":"LineString","coordinates":[[19.376545,51.801231],[19.376679,51.801347],[19.376702,51.801368],[19.376938,51.801588],[19.376949,51.801612],[19.376943,51.801658],[19.376945,51.801678],[19.37695,51.801692]]},"properties":{"name":"Szparagowa"}},{"type":"Feature","geometry":{"type":"LineString","coordinates":[[19.380302,51.806714],[19.38015,51.806571],[19.380109,51.806532],[19.379933,51.806366],[19.379899,51.806334],[19.379661,51.80611],[19.379581,51.806034],[19.379505,51.805957],[19.379483,51.805934],[19.379465,51.805912],[19.379447,51.805887],[19.379433,51.805863],[19.378816,51.804774],[19.378792,51.804733],[19.378733,51.804628],[19.3786,51.804391],[19.378451,51.804126],[19.378301,51.80386],[19.378239,51.803744],[19.378128,51.803538],[19.378072,51.803434],[19.377892,51.803109],[19.37786,51.80305],[19.377838,51.803012],[19.377759,51.802876],[19.377647,51.802686],[19.377452,51.802362],[19.377257,51.802039],[19.377223,51.801981],[19.377199,51.801944],[19.377172,51.801907],[19.377125,51.801855],[19.377077,51.801806],[19.377028,51.80176],[19.376969,51.801709],[19.37695,51.801692],[19.376931,51.801687],[19.376886,51.801682],[19.376834,51.801679],[19.376809,51.801673],[19.37679,51.801664],[19.376528,51.801454],[19.376475,51.801413],[19.376303,51.80128]]},"properties":{"name":"Szparagowa"}},{"type":"Feature","geometry":{"type":"LineString","coordinates":[[19.380302,51.806714],[19.380446,51.80685],[19.380482,51.806884],[19.380521,51.80692],[19.3806,51.806994],[19.380723,51.807108],[19.380767,51.807155],[19.380797,51.807194],[19.380822,51.807238],[19.380836,51.807285],[19.380842,51.807334],[19.380842,51.807394],[19.380833,51.80745],[19.380813,51.807509],[19.380788,51.807551],[19.380763,51.807588],[19.380733,51.807624],[19.380697,51.807658],[19.380658,51.807692],[19.380283,51.807958],[19.379811,51.808294],[19.379786,51.808312],[19.379494,51.808517],[19.379189,51.808733],[19.379133,51.808773],[19.379049,51.808833],[19.378736,51.809057],[19.378157,51.80947],[19.378103,51.809509],[19.377713,51.809788],[19.377591,51.809876],[19.377473,51.809962],[19.377139,51.810204],[19.377133,51.810208],[19.376916,51.81037],[19.376838,51.810426],[19.376731,51.810502],[19.376626,51.810578]]},"properties":{"name":"Wersalska"}},{"type":"Feature","geometry":{"type":"LineString","coordinates":[[19.325959,51.807468],[19.32595,51.807495],[19.325942,51.807517],[19.325898,51.807653],[19.32587,51.807744],[19.326241,51.807757],[19.326613,51.807768],[19.327344,51.807784],[19.327671,51.807791],[19.327929,51.807795],[19.328036,51.807795],[19.328125,51.807794],[19.328185,51.807791],[19.328245,51.807787],[19.328292,51.807782],[19.328335,51.807774],[19.328383,51.807761],[19.32842,51.807748],[19.328455,51.807732],[19.328484,51.807715],[19.328515,51.807693],[19.328544,51.807669],[19.328566,51.807645],[19.328584,51.807621],[19.328598,51.807592],[19.328607,51.807566],[19.328666,51.80725],[19.328674,51.807217],[19.328685,51.807191],[19.328701,51.807165],[19.328719,51.807143],[19.328745,51.807118],[19.328771,51.807096],[19.328808,51.807076],[19.328842,51.80706],[19.328878,51.807045],[19.328917,51.807032],[19.328962,51.807023],[19.329008,51.807016],[19.329064,51.807012],[19.329122,51.807008],[19.329163,51.807006],[19.329209,51.807005],[19.3293,51.807006],[19.329398,51.807007],[19.329566,51.807012],[19.329587,51.807012],[19.329703,51.807015],[19.330284,51.80703],[19.330729,51.807042],[19.330804,51.807044],[19.331019,51.807049],[19.331563,51.807063],[19.332222,51.80708],[19.332359,51.807083],[19.332493,51.807083],[19.332636,51.807082],[19.332781,51.807079],[19.333001,51.807075],[19.333223,51.807071],[19.333452,51.807071],[19.334755,51.807102],[19.335553,51.807121],[19.336028,51.807133],[19.336889,51.807154],[19.337175,51.807161],[19.337295,51.807164],[19.337415,51.807167],[19.337528,51.807171],[19.337647,51.807176],[19.337765,51.807182],[19.337969,51.807194],[19.338001,51.807196],[19.338029,51.807199],[19.338058,51.807204],[19.338086,51.807209],[19.338108,51.807215],[19.338129,51.807221],[19.338151,51.807228],[19.338172,51.807237],[19.338191,51.807245],[19.33821,51.807254],[19.338227,51.807263],[19.338244,51.807274],[19.33826,51.807286],[19.338275,51.807298],[19.338289,51.807312],[19.3383,51.807324],[19.338307,51.807332],[19.338312,51.80734],[19.338323,51.807356],[19.338333,51.807373],[19.338343,51.807391],[19.33836,51.807425],[19.338378,51.807464],[19.338412,51.807542],[19.33848,51.807697],[19.338563,51.807902],[19.338617,51.808012],[19.339395,51.809461],[19.339515,51.809657],[19.339632,51.809852],[19.339703,51.809979],[19.339771,51.810105],[19.339909,51.810361],[19.340174,51.810851],[19.340246,51.810986],[19.340411,51.81129],[19.34049,51.811437],[19.340576,51.811599],[19.340642,51.811718],[19.340657,51.811746]]},"properties":{"name":"Romanowska"}},{"type":"Feature","geometry":{"type":"LineString","coordinates":[[19.366528,51.794465],[19.366538,51.794498]]},"properties":{"name":"Profesora Romualda Cebertowicza"}},{"type":"Feature","geometry":{"type":"LineString","coordinates":[[19.319722,51.80825],[19.319869,51.808268],[19.320433,51.808343],[19.32058,51.808364]]},"properties":{"name":"Poselska"}},{"type":"Feature","geometry":{"type":"LineString","coordinates":[[19.465963,51.801606],[19.465968,51.801669],[19.465975,51.801746],[19.465985,51.801863],[19.465998,51.802001],[19.466003,51.802062],[19.46601,51.802144],[19.466011,51.802158],[19.466023,51.802292],[19.466032,51.802394],[19.466041,51.802491],[19.466049,51.802585],[19.466051,51.802602],[19.466058,51.802688],[19.466065,51.802765],[19.466076,51.802893],[19.466079,51.802923],[19.466082,51.80296],[19.46609,51.803043],[19.466095,51.803103],[19.466096,51.80311],[19.466107,51.803252],[19.466111,51.803297],[19.466114,51.803333],[19.466117,51.80337],[19.466124,51.803452],[19.466129,51.803505],[19.46614,51.803635],[19.466145,51.803692],[19.466153,51.803782],[19.466164,51.803903],[19.466179,51.804076],[19.466182,51.804112],[19.466187,51.804168],[19.466196,51.804274],[19.4662,51.804316],[19.466201,51.804335],[19.466204,51.804368],[19.466205,51.804391],[19.466204,51.804413],[19.4662,51.804429],[19.466196,51.804445],[19.466184,51.804464],[19.466176,51.804474],[19.466145,51.804503],[19.466089,51.804553]]},"properties":{"name":"Astrów"}},{"type":"Feature","geometry":{"type":"LineString","coordinates":[[19.472678,51.807411],[19.47265,51.807452],[19.472614,51.807521],[19.472587,51.80759],[19.472584,51.807601],[19.472581,51.807613],[19.47258,51.807617],[19.472578,51.807639],[19.472577,51.80766],[19.472578,51.80768],[19.472591,51.807951],[19.4726,51.808027],[19.472725,51.809195],[19.47275,51.809431],[19.472752,51.809451],[19.472754,51.809471],[19.472779,51.8097],[19.472788,51.809788],[19.472849,51.810358],[19.472881,51.810659],[19.472891,51.810752],[19.472901,51.810842],[19.473142,51.81316],[19.473149,51.813227],[19.473167,51.813397],[19.473174,51.813473],[19.47318,51.813541],[19.473186,51.813608],[19.473193,51.813681],[19.473275,51.814578],[19.473387,51.81546],[19.473669,51.817887],[19.473685,51.818025],[19.473705,51.818201],[19.473713,51.818263],[19.473886,51.819831],[19.473999,51.820868],[19.474032,51.821169],[19.474045,51.821294]]},"properties":{"name":"Skrzydlata"}},{"type":"Feature","geometry":{"type":"LineString","coordinates":[[19.455155,51.774715],[19.455226,51.774721],[19.455261,51.774724],[19.455297,51.774727],[19.455351,51.774732],[19.455738,51.774768],[19.456029,51.774795],[19.456336,51.774822],[19.456645,51.77485],[19.456699,51.774855],[19.456892,51.774873],[19.456974,51.77488],[19.457397,51.774914],[19.457617,51.774934],[19.457706,51.774942],[19.45782,51.774952],[19.457925,51.774961],[19.458166,51.774983],[19.458461,51.775009],[19.458687,51.775028],[19.458813,51.77504],[19.45899,51.775056],[19.459271,51.775082],[19.459304,51.775086],[19.459434,51.775099],[19.459656,51.775118],[19.459906,51.775139],[19.460031,51.77515],[19.460301,51.775173],[19.460405,51.775182],[19.460786,51.775215],[19.460876,51.775222],[19.461298,51.775259],[19.461391,51.775266],[19.461694,51.775292],[19.461779,51.7753],[19.462147,51.77533],[19.462236,51.775338],[19.462343,51.775348],[19.462363,51.77535],[19.462385,51.775349],[19.462491,51.775346],[19.462688,51.775364],[19.462894,51.775386],[19.463113,51.775406],[19.463252,51.775418],[19.463467,51.775436],[19.463781,51.775463],[19.464448,51.775521],[19.464699,51.775543],[19.464776,51.77555],[19.465517,51.775614],[19.465891,51.775647],[19.465923,51.77565],[19.466007,51.775657],[19.46608,51.775663],[19.466454,51.775696],[19.466673,51.775715],[19.466783,51.775724],[19.467249,51.775765],[19.467529,51.775789],[19.467723,51.775806],[19.467826,51.775815],[19.467922,51.775823],[19.468268,51.775853],[19.468395,51.775869],[19.468582,51.775885],[19.468748,51.775899],[19.46885,51.775908],[19.469085,51.775928],[19.469268,51.775942],[19.469677,51.775975],[19.469688,51.775976],[19.47029,51.776028],[19.470493,51.776046],[19.470674,51.776061],[19.470691,51.776063],[19.470703,51.776064],[19.470948,51.776085],[19.471159,51.776104],[19.471327,51.776118],[19.471371,51.776122],[19.471736,51.776154],[19.472149,51.77619],[19.472522,51.776223],[19.472736,51.776241],[19.472771,51.776244],[19.473033,51.776266],[19.47346,51.776304],[19.473557,51.776312],[19.473954,51.776346],[19.474241,51.776371],[19.47429,51.776376],[19.47466,51.776408],[19.475132,51.776449],[19.475271,51.776461],[19.475363,51.776469],[19.475615,51.776491],[19.475809,51.776508],[19.475884,51.776514],[19.476029,51.776527],[19.476245,51.776546],[19.476402,51.776559],[19.47654,51.776583],[19.476557,51.776584],[19.47683,51.776608],[19.47701,51.776624],[19.477059,51.776629],[19.477109,51.776631],[19.477181,51.776633],[19.47723,51.77663],[19.47727,51.776626],[19.477333,51.776612],[19.477569,51.776484],[19.477688,51.77642]]},"properties":{"name":"Rewolucji 1905 r."}},{"type":"Feature","geometry":{"type":"LineString","coordinates":[[19.499275,51.789399],[19.498868,51.789344],[19.498833,51.789339],[19.49842,51.789283],[19.498127,51.789243],[19.498077,51.789237],[19.497558,51.789163],[19.495328,51.788864],[19.495142,51.788843],[19.494531,51.788807],[19.493907,51.788772],[19.493766,51.788757],[19.493628,51.788737],[19.492197,51.788475]]},"properties":{"name":"Smutna"}},{"type":"Feature","geometry":{"type":"LineString","coordinates":[[19.491131,51.78335],[19.491181,51.783567],[19.491224,51.783766],[19.491236,51.783823],[19.491241,51.783849],[19.491285,51.784063],[19.491293,51.784102],[19.491351,51.784382],[19.491394,51.784594],[19.49144,51.784817],[19.491464,51.78493],[19.491493,51.785072],[19.491512,51.785163],[19.491604,51.785607],[19.491701,51.786076],[19.491751,51.786315],[19.49185,51.7868],[19.491895,51.787018],[19.491988,51.78747],[19.492033,51.787686],[19.492066,51.787845],[19.492106,51.788039],[19.492124,51.788125],[19.492188,51.788428],[19.492197,51.788475]]},"properties":{"name":"Doły"}},{"type":"Feature","geometry":{"type":"LineString","coordinates":[[19.48864,51.78322],[19.488659,51.783135],[19.488741,51.782779],[19.488767,51.782667],[19.488824,51.782422],[19.488895,51.782114],[19.488952,51.781874],[19.489073,51.781367],[19.489091,51.781292],[19.489145,51.781058],[19.489177,51.780922],[19.489213,51.780777],[19.489258,51.780595],[19.489269,51.780545],[19.489337,51.78023],[19.489359,51.780129],[19.489395,51.779967],[19.489424,51.779835],[19.489452,51.779701],[19.489487,51.779538],[19.489495,51.779499],[19.489521,51.77938],[19.489542,51.779285],[19.489614,51.778957],[19.489701,51.77856],[19.489717,51.77848],[19.489752,51.778306],[19.489784,51.778159],[19.489787,51.778145]]},"properties":{"name":"Tamka"}},{"type":"Feature","geometry":{"type":"LineString","coordinates":[[19.420178,51.786192],[19.420226,51.78619],[19.420629,51.786185],[19.42077,51.786184],[19.420823,51.786183],[19.420844,51.786183],[19.421048,51.78618]]},"properties":{"name":"Żubardzka"}},{"type":"Feature","geometry":{"type":"LineString","coordinates":[[19.418255,51.786612],[19.418267,51.78665],[19.418279,51.786683],[19.418596,51.787318],[19.418628,51.787373],[19.418701,51.78749],[19.418766,51.787591],[19.418801,51.787652],[19.419106,51.788261],[19.419468,51.788982],[19.419551,51.789149],[19.41964,51.789327],[19.419666,51.789379],[19.419692,51.789445],[19.419707,51.789489],[19.419734,51.789551],[19.419794,51.789671],[19.41983,51.789744],[19.419887,51.789856],[19.419907,51.789896],[19.419918,51.78992],[19.419988,51.79006]]},"properties":{"name":"Inowrocławska"}},{"type":"Feature","geometry":{"type":"LineString","coordinates":[[19.527896,51.796264],[19.527944,51.796479],[19.527954,51.796532],[19.528003,51.796842],[19.528006,51.796865],[19.528024,51.796983],[19.528078,51.797178],[19.52812,51.79733],[19.528231,51.797665],[19.528503,51.798372],[19.528575,51.798557],[19.528942,51.799499],[19.529166,51.800072],[19.52926,51.800323],[19.529332,51.800507],[19.529422,51.800737],[19.529502,51.800941],[19.529662,51.80135],[19.529697,51.801439],[19.529763,51.801609]]},"properties":{"name":"Zjazdowa"}},{"type":"Feature","geometry":{"type":"LineString","coordinates":[[19.530178,51.801986],[19.53012,51.801959],[19.53005,51.801907],[19.529986,51.801849],[19.529927,51.801788],[19.5299,51.801758],[19.529873,51.801728],[19.529835,51.801663],[19.529763,51.801609],[19.529743,51.801684],[19.529775,51.801765],[19.529821,51.801843],[19.529869,51.801909],[19.52992,51.801963],[19.529965,51.802009],[19.529998,51.80206],[19.530011,51.802098]]},"properties":{"name":"Zjazdowa"}},{"type":"Feature","geometry":{"type":"LineString","coordinates":[[19.530389,51.802233],[19.530363,51.802267],[19.530347,51.802316],[19.530344,51.802361],[19.530363,51.80254],[19.530349,51.802627]]},"properties":{"name":"Zjazdowa"}},{"type":"Feature","geometry":{"type":"LineString","coordinates":[[19.531573,51.806863],[19.531341,51.8061],[19.530645,51.803812],[19.530505,51.803343],[19.530476,51.80324],[19.530456,51.803157],[19.530384,51.802815],[19.530349,51.802627],[19.530295,51.802546],[19.530237,51.802368],[19.530211,51.802306],[19.53019,51.802282],[19.530146,51.802255]]},"properties":{"name":"Zjazdowa"}},{"type":"Feature","geometry":{"type":"LineString","coordinates":[[19.535593,51.807325],[19.535529,51.807489],[19.53526,51.808089],[19.535088,51.808497],[19.535025,51.808634],[19.534884,51.808926],[19.534615,51.809469],[19.534505,51.809682],[19.534454,51.809782],[19.534405,51.809879],[19.534305,51.810114],[19.534273,51.810209],[19.53424,51.810329],[19.534033,51.811104],[19.533788,51.811963],[19.533757,51.812111],[19.533734,51.812269],[19.533725,51.812401],[19.533604,51.814189],[19.533597,51.8143],[19.53359,51.814474],[19.533581,51.814665]]},"properties":{"name":"Zjazdowa"}},{"type":"Feature","geometry":{"type":"LineString","coordinates":[[19.531573,51.806863],[19.531836,51.806884],[19.532115,51.806901],[19.532458,51.806922],[19.532516,51.806925],[19.532814,51.806943],[19.533075,51.806962],[19.533311,51.806984],[19.533519,51.80701],[19.53381,51.807053],[19.534204,51.807114],[19.534903,51.807216],[19.535593,51.807325]]},"properties":{"name":"Opolska"}},{"type":"Feature","geometry":{"type":"LineString","coordinates":[[19.533597,51.8143],[19.533339,51.81436],[19.533094,51.814417]]},"properties":{"name":"Łukaszewska"}},{"type":"Feature","geometry":{"type":"LineString","coordinates":[[19.534677,51.795964],[19.534678,51.796004],[19.534689,51.796072],[19.534691,51.79608],[19.53471,51.796137],[19.534844,51.796559],[19.535014,51.797066],[19.535041,51.797153],[19.535063,51.797221],[19.535142,51.797469],[19.535282,51.797911],[19.535312,51.798006],[19.535351,51.798116],[19.535418,51.798261],[19.535478,51.798364],[19.535527,51.798436],[19.535568,51.798492],[19.535622,51.798556],[19.535686,51.798625],[19.535782,51.798715],[19.535851,51.798776],[19.535994,51.798897],[19.536176,51.79905],[19.536307,51.799163],[19.536452,51.799288],[19.536818,51.799602],[19.536929,51.799705],[19.537563,51.800257],[19.538205,51.800821],[19.538337,51.800937],[19.538458,51.801044],[19.53933,51.801817],[19.539613,51.802056],[19.539932,51.8023],[19.540952,51.803033],[19.542232,51.803954],[19.542555,51.804199],[19.542891,51.804461],[19.543163,51.804707],[19.543516,51.805079],[19.54489,51.806591],[19.54525,51.806954],[19.545277,51.806979],[19.545365,51.80706],[19.545397,51.807089],[19.545731,51.807371],[19.545929,51.807527],[19.546362,51.807883],[19.547635,51.808913],[19.548277,51.809417],[19.548841,51.809832],[19.549226,51.810112],[19.549752,51.810493],[19.549971,51.810657],[19.550127,51.810784],[19.550164,51.810818],[19.550468,51.81109],[19.550478,51.811101],[19.550823,51.811488],[19.550946,51.811625],[19.551045,51.811734],[19.551434,51.812047],[19.551724,51.812261],[19.551958,51.812403],[19.552063,51.812452],[19.552273,51.81251],[19.552539,51.812551],[19.553135,51.812575],[19.553951,51.812586]]},"properties":{"name":"Marmurowa"}},{"type":"Feature","geometry":{"type":"LineString","coordinates":[[19.553951,51.812586],[19.554236,51.812591],[19.554761,51.812613],[19.555038,51.812631],[19.555239,51.812673],[19.55526,51.81268],[19.555462,51.812751],[19.555842,51.812969],[19.555921,51.813021],[19.555996,51.813071],[19.556246,51.813238],[19.557735,51.814217],[19.558105,51.81445],[19.558515,51.814698],[19.558806,51.814876],[19.559382,51.815252],[19.559769,51.815509],[19.560721,51.816131],[19.561041,51.81636],[19.56125,51.816508],[19.56135,51.816584],[19.561526,51.816717],[19.561659,51.816828],[19.561771,51.816942],[19.561855,51.817039],[19.561987,51.817236],[19.562072,51.817439],[19.56212,51.817649],[19.562414,51.81978],[19.562444,51.819996],[19.562534,51.82079],[19.562679,51.822061],[19.562774,51.823039],[19.562799,51.823225],[19.562814,51.82334],[19.562898,51.823953],[19.563037,51.824947],[19.563094,51.825387],[19.56314,51.82585],[19.563187,51.826333],[19.563249,51.826955],[19.563263,51.8271],[19.563272,51.827172],[19.563291,51.827203]]},"properties":{"name":"Kopanka"}},{"type":"Feature","geometry":{"type":"LineString","coordinates":[[19.563291,51.827203],[19.563494,51.827202],[19.564014,51.827199],[19.565038,51.827191],[19.565094,51.82719],[19.565392,51.82719],[19.565492,51.827187],[19.566054,51.82718],[19.566182,51.827178],[19.566302,51.827178],[19.566417,51.82718],[19.566514,51.827185],[19.566598,51.827191],[19.566668,51.8272],[19.567375,51.827328],[19.568553,51.827548],[19.568761,51.827585],[19.56897,51.827624],[19.569283,51.827684],[19.569627,51.827748],[19.569737,51.82777],[19.569969,51.827815],[19.571163,51.828034],[19.572194,51.82823],[19.573619,51.828505],[19.574158,51.82861],[19.574436,51.828663],[19.574501,51.828676],[19.57456,51.828687],[19.574613,51.828697],[19.574782,51.82873],[19.57524,51.828818],[19.576525,51.829068],[19.576687,51.829099],[19.577802,51.829316],[19.578049,51.829365]]},"properties":{"name":"Aksamitna"}},{"type":"Feature","geometry":{"type":"LineString","coordinates":[[19.569627,51.827748],[19.569675,51.82774],[19.569729,51.827723],[19.569868,51.827664],[19.571202,51.827085],[19.571293,51.827045],[19.572327,51.826585],[19.57353,51.826055],[19.57434,51.825692],[19.575487,51.825184],[19.576121,51.824906],[19.57681,51.82459],[19.578346,51.823896],[19.579234,51.8235],[19.579601,51.823345],[19.579999,51.823208],[19.581303,51.822833],[19.582045,51.822626],[19.583102,51.822297],[19.583316,51.822233],[19.583505,51.822199],[19.583655,51.822193],[19.583945,51.822219],[19.58413,51.822208],[19.58432,51.822187],[19.584622,51.822135],[19.584688,51.822122],[19.585005,51.822062],[19.58583,51.821909],[19.586444,51.821802],[19.587033,51.821721],[19.589104,51.821431],[19.589415,51.821381],[19.589695,51.821325],[19.590211,51.821204],[19.590839,51.82106],[19.594604,51.8202],[19.596743,51.819695],[19.597159,51.819604],[19.597301,51.819573],[19.598874,51.819229],[19.600953,51.818763],[19.601046,51.818741]]},"properties":{"name":"Główna"}},{"type":"Feature","geometry":{"type":"LineString","coordinates":[[19.680222,51.726501],[19.680297,51.726547],[19.680315,51.726559],[19.6807,51.726874],[19.681658,51.727639],[19.68249,51.728304],[19.683122,51.728817],[19.683627,51.729221],[19.684547,51.729958],[19.684716,51.730102],[19.684746,51.730127],[19.684841,51.730207],[19.685054,51.730378],[19.685098,51.730414],[19.685204,51.730498],[19.685248,51.730533],[19.685345,51.73061],[19.685406,51.730659],[19.685488,51.730719],[19.685826,51.730992],[19.686125,51.731227],[19.686526,51.731545],[19.686555,51.731577],[19.686576,51.731605],[19.686597,51.731642],[19.686609,51.731678],[19.686608,51.731759],[19.686585,51.731869],[19.686556,51.731953],[19.686479,51.7321],[19.686239,51.732492],[19.686228,51.732514],[19.685755,51.733317],[19.68549,51.73377],[19.685475,51.7338],[19.685445,51.733851],[19.685394,51.733933],[19.685159,51.734325],[19.684896,51.734755],[19.684689,51.735107],[19.684223,51.735901],[19.683715,51.736746],[19.683386,51.737282],[19.683196,51.737594],[19.683014,51.737913],[19.682849,51.738192],[19.682497,51.738759],[19.682196,51.739236],[19.682122,51.739367],[19.682112,51.739385],[19.68184,51.739874],[19.681824,51.7399],[19.681573,51.740319],[19.681535,51.740377],[19.681136,51.741039],[19.680541,51.742001],[19.680507,51.742056],[19.680354,51.742297],[19.680263,51.742433],[19.68003,51.742784],[19.679908,51.742987],[19.679862,51.743071],[19.679424,51.743872],[19.679071,51.744512],[19.678789,51.745023],[19.678145,51.746146],[19.678084,51.746247],[19.678056,51.746291],[19.678021,51.746339],[19.67798,51.746375]]},"properties":{"name":"Główna"}},{"type":"Feature","geometry":{"type":"LineString","coordinates":[[19.678134,51.746645],[19.678124,51.746628],[19.678076,51.74654],[19.678008,51.746428],[19.67798,51.746375],[19.67788,51.746434],[19.677812,51.746481],[19.677736,51.746548]]},"properties":{"name":"Główna"}},{"type":"Feature","geometry":{"type":"LineString","coordinates":[[19.578049,51.829365],[19.578568,51.829467],[19.579099,51.829569],[19.579788,51.829701],[19.582038,51.830132],[19.582278,51.830179],[19.582405,51.830215],[19.582511,51.830256],[19.5827,51.830343],[19.583571,51.830781],[19.58381,51.830905],[19.584841,51.831427],[19.584921,51.831467],[19.586338,51.83217],[19.58886,51.83342],[19.589753,51.83387],[19.589962,51.833971],[19.590152,51.834071],[19.590659,51.834326],[19.590679,51.834336],[19.59141,51.834863],[19.591756,51.835044],[19.592284,51.835306],[19.592827,51.835576],[19.59337,51.835854],[19.594954,51.836616],[19.596518,51.837277],[19.596676,51.837342],[19.598549,51.838121],[19.59966,51.83854],[19.601658,51.839269],[19.602065,51.839401],[19.60237,51.839498],[19.603179,51.839755],[19.603407,51.839816]]},"properties":{"name":"Niecki"}},{"type":"Feature","geometry":{"type":"LineString","coordinates":[[19.417894,51.826874],[19.418177,51.826943],[19.418241,51.826959],[19.418785,51.827094],[19.418996,51.827147],[19.419533,51.82728],[19.419984,51.827392],[19.420896,51.82762],[19.420964,51.827637],[19.421171,51.82769],[19.421796,51.827848],[19.422002,51.827898],[19.422202,51.827949],[19.422285,51.827971],[19.422576,51.828047],[19.422866,51.828127],[19.423164,51.828209],[19.423465,51.828292],[19.423601,51.828331],[19.423741,51.828374],[19.423893,51.828423],[19.424035,51.828463],[19.42416,51.828497],[19.425183,51.82876],[19.425333,51.828798],[19.425904,51.828944],[19.426056,51.828982],[19.426113,51.828996],[19.426152,51.829006],[19.426282,51.829038]]},"properties":{"name":"Generała Leopolda Okulickiego „Niedźwiadka”"}},{"type":"Feature","geometry":{"type":"LineString","coordinates":[[19.444185,51.817576],[19.444132,51.817655],[19.444112,51.817688],[19.444095,51.817715],[19.444057,51.817768],[19.444004,51.817844],[19.443946,51.817938],[19.443834,51.818108],[19.4438,51.818173],[19.443751,51.818265],[19.443517,51.818637],[19.443285,51.818999],[19.443246,51.81906],[19.443211,51.819118],[19.443176,51.819172],[19.443152,51.819205],[19.443059,51.819331],[19.442939,51.819516],[19.442902,51.819569],[19.442814,51.819694],[19.44252,51.820113],[19.442479,51.82017],[19.442457,51.820203],[19.442386,51.82031],[19.442318,51.820413],[19.442294,51.82045],[19.441947,51.82098],[19.441915,51.82103],[19.441882,51.821079],[19.441838,51.821138],[19.441788,51.821197],[19.441727,51.821262],[19.441662,51.821323],[19.441549,51.821419],[19.44144,51.82151],[19.441394,51.821547],[19.441377,51.821561],[19.44127,51.821658],[19.441192,51.821761],[19.441177,51.821781],[19.441027,51.822004],[19.440755,51.822421],[19.440715,51.822481],[19.44008,51.823428],[19.440044,51.823477],[19.439971,51.823575],[19.439903,51.823669],[19.439822,51.823784],[19.439765,51.823857],[19.439725,51.823895],[19.439689,51.823928],[19.439655,51.82396],[19.439617,51.823993],[19.43958,51.824024],[19.439519,51.824069],[19.439431,51.824128],[19.439334,51.824187],[19.439097,51.824325],[19.439062,51.824346],[19.438971,51.824395],[19.438875,51.824439]]},"properties":{"name":"Nastrojowa"}},{"type":"Feature","geometry":{"type":"LineString","coordinates":[[19.432067,51.822721],[19.432004,51.822817]]},"properties":{"name":"Sitowie"}},{"type":"Feature","geometry":{"type":"LineString","coordinates":[[19.607461,51.726358],[19.607516,51.726372],[19.607558,51.726388],[19.607606,51.726412],[19.6078,51.726523],[19.60793,51.726592]]},"properties":{"name":"Wieńcowa"}},{"type":"Feature","geometry":{"type":"LineString","coordinates":[[19.607187,51.72624],[19.607011,51.726191],[19.606835,51.726148],[19.606691,51.726115]]},"properties":{"name":"Wieńcowa"}},{"type":"Feature","geometry":{"type":"LineString","coordinates":[[19.604628,51.724976],[19.604646,51.72498],[19.604671,51.72499],[19.60469,51.725],[19.604704,51.725009],[19.60472,51.725018],[19.604738,51.725035],[19.604769,51.725067],[19.605046,51.725354],[19.605097,51.725411],[19.605216,51.725535],[19.605296,51.725615],[19.605377,51.725694],[19.605416,51.725727],[19.605454,51.725757],[19.605507,51.725795],[19.605561,51.72583],[19.605602,51.725853],[19.605641,51.725874],[19.605718,51.725908],[19.605767,51.725928],[19.605775,51.725931],[19.605803,51.725941],[19.605835,51.725951],[19.605905,51.725974],[19.605948,51.725985],[19.60599,51.725995],[19.606077,51.726014],[19.606178,51.726035],[19.606393,51.726073],[19.606691,51.726115],[19.60685,51.726128],[19.607035,51.726143],[19.607211,51.72616]]},"properties":{"name":"Wieńcowa"}},{"type":"Feature","geometry":{"type":"LineString","coordinates":[[19.6076,51.726296],[19.607698,51.726385],[19.60793,51.726592],[19.608036,51.726666],[19.608143,51.726744],[19.608225,51.726806],[19.608383,51.726932],[19.608442,51.726981],[19.608538,51.727062],[19.608723,51.727227],[19.608851,51.72735],[19.609087,51.727576],[19.609142,51.727629],[19.609198,51.727684],[19.609544,51.728017],[19.610406,51.728863],[19.611063,51.729504],[19.611339,51.72977],[19.611479,51.729913],[19.611554,51.729995],[19.611626,51.730085],[19.611688,51.730175],[19.611752,51.730269],[19.611854,51.730417],[19.611907,51.730486],[19.611971,51.730551],[19.612092,51.730638],[19.612227,51.730711],[19.612361,51.730782],[19.612532,51.730871],[19.612554,51.730882],[19.612959,51.731073],[19.613407,51.731295],[19.613761,51.731465],[19.613868,51.731516],[19.614061,51.731608],[19.614171,51.731661],[19.614265,51.731701],[19.614339,51.73173],[19.614545,51.731812],[19.614689,51.731864],[19.614773,51.731901],[19.614945,51.731978],[19.615036,51.732027],[19.615116,51.732083],[19.615168,51.732131],[19.615232,51.732207],[19.615451,51.732511],[19.615499,51.732569],[19.61557,51.732635],[19.616378,51.733241],[19.616542,51.733362],[19.616632,51.733415],[19.616708,51.733447],[19.616744,51.733457],[19.616796,51.733472],[19.616902,51.733494],[19.617005,51.733509],[19.617124,51.73352],[19.617239,51.733524],[19.620397,51.733513],[19.621583,51.733496],[19.621863,51.73348],[19.622125,51.73345],[19.622381,51.733404],[19.622646,51.733345],[19.62304,51.733236],[19.623143,51.733214],[19.623259,51.733199],[19.623362,51.733191],[19.623482,51.733186],[19.623733,51.733184],[19.623835,51.733184],[19.62412,51.733181],[19.624329,51.733178]]},"properties":{"name":"Wieńcowa"}},{"type":"Feature","geometry":{"type":"LineString","coordinates":[[19.624694,51.733342],[19.62457,51.733248],[19.624549,51.733234],[19.624524,51.73322],[19.624485,51.733205],[19.624436,51.733193],[19.624329,51.733178],[19.624447,51.733157],[19.624515,51.733152],[19.624562,51.733156],[19.624602,51.733163],[19.624635,51.733175],[19.624666,51.733193],[19.624683,51.733216],[19.624694,51.733246],[19.624701,51.733285],[19.624694,51.733342]]},"properties":{"name":"Wieńcowa"}},{"type":"Feature","geometry":{"type":"LineString","coordinates":[[19.599201,51.727076],[19.599214,51.727059],[19.599237,51.727038],[19.599274,51.727009],[19.599316,51.726985],[19.599502,51.726908],[19.599699,51.726828],[19.599765,51.726802],[19.60004,51.726689],[19.600664,51.726453],[19.600763,51.726415],[19.600805,51.726399],[19.601274,51.72622],[19.601677,51.726066],[19.601787,51.726023],[19.601856,51.725999],[19.602227,51.725857],[19.602289,51.725834],[19.602965,51.725575],[19.604376,51.725037],[19.60439,51.725032],[19.604458,51.725006],[19.604495,51.724991],[19.604529,51.724982],[19.604558,51.724976],[19.604585,51.724974],[19.604613,51.724974],[19.604628,51.724976],[19.604655,51.72495]]},"properties":{"name":"Feliksińska"}},{"type":"Feature","geometry":{"type":"LineString","coordinates":[[19.599123,51.727036],[19.599141,51.727049],[19.599163,51.72706],[19.599201,51.727076],[19.599198,51.727092],[19.599195,51.727102],[19.599197,51.727118],[19.599207,51.727143],[19.599326,51.727297],[19.599336,51.727332],[19.599336,51.727347],[19.599337,51.727361],[19.599333,51.727388],[19.599317,51.727424],[19.599286,51.727454],[19.599244,51.727479],[19.599195,51.7275],[19.59772,51.728061],[19.597485,51.728153],[19.597307,51.728219],[19.597128,51.728286],[19.596774,51.728427],[19.596763,51.728432],[19.596173,51.728686],[19.596152,51.728696],[19.595485,51.728997],[19.594814,51.729298],[19.594742,51.729336],[19.594678,51.729363]]},"properties":{"name":"Dworcowa"}},{"type":"Feature","geometry":{"type":"LineString","coordinates":[[19.590236,51.751186],[19.590272,51.7513],[19.590279,51.751325],[19.590283,51.751341],[19.590308,51.751423],[19.590332,51.751488],[19.590362,51.751554],[19.590384,51.75159],[19.59042,51.751643],[19.590461,51.751696]]},"properties":{"name":"Malownicza"}},{"type":"Feature","geometry":{"type":"LineString","coordinates":[[19.607846,51.761221],[19.607759,51.761176],[19.60751,51.761049],[19.607269,51.760923],[19.607136,51.760856],[19.605704,51.760123],[19.605347,51.75994],[19.60311,51.758801],[19.60301,51.75875],[19.602755,51.758619],[19.602266,51.758374],[19.600843,51.757645],[19.598867,51.75663],[19.596823,51.755581],[19.596588,51.755459],[19.595987,51.755149],[19.594866,51.754569],[19.594666,51.754462],[19.594655,51.754456],[19.594644,51.754451],[19.59453,51.754392],[19.594285,51.754265],[19.594111,51.754175],[19.593518,51.753869],[19.593399,51.753807],[19.59312,51.753663],[19.592947,51.753575],[19.592918,51.753559],[19.592901,51.75355],[19.592733,51.753463],[19.592506,51.753351],[19.59223,51.75321],[19.592175,51.753181],[19.592134,51.753155],[19.591989,51.753069],[19.591948,51.753045],[19.59189,51.75301],[19.591851,51.752986],[19.591744,51.752922],[19.59133,51.752677],[19.591267,51.752636],[19.59122,51.752602],[19.59117,51.752561],[19.591131,51.752523],[19.591093,51.752482],[19.590952,51.752308],[19.590869,51.752203],[19.590667,51.751945],[19.590589,51.751847],[19.590558,51.75181],[19.59048,51.751719],[19.590461,51.751696],[19.590428,51.751665],[19.590376,51.751619],[19.590308,51.751565],[19.590252,51.751524],[19.590059,51.751393],[19.590039,51.751379],[19.590022,51.751368],[19.58999,51.751346],[19.589857,51.751252]]},"properties":{"name":"Malownicza"}},{"type":"Feature","geometry":{"type":"LineString","coordinates":[[19.589676,51.793854],[19.58974,51.793892],[19.589881,51.793976],[19.590075,51.794075],[19.590099,51.794087],[19.590121,51.794098],[19.590163,51.794118],[19.590263,51.794169],[19.590504,51.794292],[19.590564,51.794322],[19.590587,51.794333],[19.59061,51.794345],[19.590759,51.79442],[19.590982,51.794532],[19.591162,51.794624],[19.591442,51.794765],[19.592011,51.795052],[19.592229,51.795162],[19.592485,51.795292],[19.592623,51.795361],[19.592954,51.79553],[19.593987,51.796052],[19.594635,51.796379],[19.594817,51.796473],[19.594961,51.796548],[19.596092,51.79713],[19.596664,51.797414],[19.597149,51.797651],[19.597473,51.797816],[19.597626,51.797896],[19.598461,51.798318],[19.598895,51.798537],[19.599707,51.798948],[19.600459,51.799324],[19.600605,51.799398],[19.60064,51.799416],[19.600767,51.79948],[19.601948,51.800079],[19.602009,51.80011],[19.602393,51.800303],[19.602683,51.800449],[19.602861,51.800539],[19.602891,51.800554],[19.603053,51.800636],[19.603176,51.800698],[19.603338,51.800779],[19.60355,51.800886],[19.604142,51.801183],[19.604711,51.801468],[19.604761,51.801494],[19.605584,51.801908],[19.607554,51.802899],[19.608009,51.803129],[19.609716,51.803988],[19.609817,51.804039],[19.610554,51.804405],[19.6125,51.805387],[19.613541,51.805912],[19.613808,51.806039],[19.614341,51.806307],[19.614345,51.806309],[19.614586,51.806443],[19.614681,51.806501],[19.614758,51.806565],[19.614846,51.806656],[19.614896,51.806707]]},"properties":{"name":"Byszewska"}},{"type":"Feature","geometry":{"type":"LineString","coordinates":[[19.476965,51.743635],[19.476855,51.743616],[19.476538,51.74356],[19.476346,51.743526],[19.476035,51.743471],[19.475899,51.743447],[19.475771,51.743424],[19.475368,51.743351],[19.47505,51.743294],[19.475028,51.74329],[19.474686,51.743229],[19.474556,51.743205],[19.474401,51.743177],[19.474275,51.743155],[19.473626,51.743038],[19.473392,51.742996],[19.473081,51.74294],[19.472992,51.742924],[19.472859,51.7429],[19.472656,51.742864],[19.472122,51.74277],[19.471973,51.742743],[19.471849,51.742721],[19.471639,51.742684],[19.471445,51.742649],[19.471334,51.742629],[19.471067,51.74258],[19.470929,51.742556],[19.470389,51.742458],[19.470336,51.742448],[19.470005,51.742388],[19.469888,51.742362],[19.469739,51.742329],[19.469593,51.742297],[19.468772,51.74215],[19.468503,51.742101],[19.468457,51.742094],[19.468097,51.742038],[19.467899,51.742005],[19.467784,51.741988],[19.467642,51.741962],[19.467393,51.741917],[19.467164,51.741874],[19.466806,51.741809],[19.466386,51.741732],[19.466342,51.741725],[19.466051,51.741675],[19.466044,51.741673],[19.465833,51.741634],[19.465778,51.741623],[19.465697,51.741608],[19.465598,51.741589],[19.465588,51.741587],[19.465421,51.741554],[19.465318,51.741532],[19.465178,51.741504],[19.465086,51.741488],[19.464816,51.741439],[19.464751,51.741428],[19.464409,51.741371],[19.464378,51.741365],[19.464341,51.741358],[19.464232,51.741339]]},"properties":{"name":"Zarzewska"}},{"type":"Feature","geometry":{"type":"LineString","coordinates":[[19.46225,51.742357],[19.462272,51.742359],[19.462326,51.742363],[19.462376,51.742367],[19.462409,51.742369],[19.462451,51.742372],[19.462507,51.742376],[19.462997,51.742411],[19.463028,51.742414],[19.463062,51.742416],[19.463169,51.742425]]},"properties":{"name":"Plac Władysława Reymonta"}},{"type":"Feature","geometry":{"type":"LineString","coordinates":[[19.538882,51.722355],[19.53895,51.722382],[19.539027,51.722402],[19.539105,51.722413],[19.539134,51.722416],[19.539162,51.722419],[19.539285,51.72243],[19.539559,51.722458]]},"properties":{"name":"Jędrzejowska"}},{"type":"Feature","geometry":{"type":"LineString","coordinates":[[19.552662,51.723869],[19.552509,51.723859],[19.552062,51.723842],[19.551872,51.723835],[19.551662,51.723826],[19.550593,51.723757],[19.54994,51.723715],[19.549155,51.723663],[19.548292,51.723612],[19.54772,51.723602],[19.546894,51.723595],[19.546371,51.723587],[19.545928,51.723569],[19.54554,51.723548],[19.545119,51.723512],[19.544921,51.723494],[19.544707,51.723471],[19.544326,51.72342],[19.54401,51.723373],[19.543798,51.723338],[19.543587,51.723299],[19.542923,51.723163],[19.540684,51.722649],[19.540329,51.722568],[19.540139,51.722524],[19.539991,51.722494],[19.539874,51.722476],[19.539776,51.722464],[19.539706,51.722459],[19.539633,51.722457],[19.539559,51.722458],[19.539276,51.722493],[19.539218,51.722494],[19.539173,51.722493],[19.539141,51.722492],[19.539112,51.722489],[19.539083,51.722487],[19.538966,51.722479],[19.538926,51.72248],[19.538877,51.722489],[19.538835,51.722508]]},"properties":{"name":"Jędrzejowska"}},{"type":"Feature","geometry":{"type":"LineString","coordinates":[[19.530322,51.721212],[19.53034,51.721235],[19.530392,51.721273],[19.53045,51.721303],[19.530565,51.72134],[19.530849,51.721453],[19.531212,51.721538],[19.531636,51.721625],[19.531963,51.721683],[19.532316,51.721733],[19.534374,51.721998],[19.53509,51.72209],[19.535318,51.722124],[19.535481,51.722152],[19.5358,51.722204],[19.5363,51.722286],[19.537154,51.722408],[19.53748,51.722455],[19.537603,51.722451],[19.537767,51.722447],[19.53794,51.722435],[19.538086,51.722417],[19.538145,51.72241],[19.538177,51.722404],[19.538205,51.722399],[19.538232,51.722394],[19.538304,51.722376],[19.53836,51.722351],[19.538408,51.722324]]},"properties":{"name":"Jędrzejowska"}},{"type":"Feature","geometry":{"type":"LineString","coordinates":[[19.538467,51.722478],[19.538375,51.722471],[19.538318,51.72247],[19.53824,51.722476],[19.538211,51.722479],[19.538006,51.722496],[19.537946,51.722499],[19.537881,51.722502],[19.537778,51.722501],[19.537668,51.722494],[19.537549,51.722477],[19.53748,51.722455]]},"properties":{"name":"Jędrzejowska"}},{"type":"Feature","geometry":{"type":"LineString","coordinates":[[19.530849,51.721453],[19.530507,51.721413],[19.530377,51.721389],[19.530322,51.721381],[19.530264,51.721377],[19.530182,51.721379]]},"properties":{"name":"Jędrzejowska"}},{"type":"Feature","geometry":{"type":"LineString","coordinates":[[19.465976,51.711658],[19.465965,51.711562],[19.465964,51.711543],[19.465963,51.711479],[19.465991,51.711391]]},"properties":{"name":"Ustronna"}},{"type":"Feature","geometry":{"type":"LineString","coordinates":[[19.466106,51.711653],[19.466079,51.711556],[19.466074,51.711541],[19.466061,51.711498],[19.466051,51.711468],[19.465991,51.711391],[19.465973,51.711295],[19.465931,51.711046],[19.465906,51.710905],[19.465891,51.710718],[19.465902,51.710586],[19.465946,51.710456],[19.46598,51.710384],[19.466031,51.710304],[19.466083,51.710233],[19.466144,51.710162],[19.466213,51.710088],[19.466378,51.70992],[19.466999,51.709285],[19.467196,51.709084],[19.467311,51.708967],[19.468058,51.708205],[19.468196,51.708064],[19.468321,51.707935],[19.468535,51.707715],[19.468651,51.707592],[19.468886,51.707348],[19.469041,51.707188],[19.46932,51.706899],[19.469554,51.706657],[19.469807,51.706394],[19.469958,51.706237],[19.47049,51.705693],[19.470586,51.705594],[19.470895,51.705287],[19.47104,51.705142],[19.471501,51.704683],[19.472126,51.704061],[19.472333,51.703855],[19.47245,51.703738],[19.472465,51.703723],[19.472652,51.703535],[19.473256,51.702929],[19.473797,51.702383],[19.474091,51.702087],[19.4743,51.701876],[19.47474,51.701432],[19.474876,51.701294],[19.474949,51.701221]]},"properties":{"name":"Ustronna"}},{"type":"Feature","geometry":{"type":"LineString","coordinates":[[19.474949,51.701221],[19.474988,51.701153],[19.475187,51.700949],[19.475225,51.700921],[19.475285,51.700904],[19.475363,51.700901],[19.475431,51.700918],[19.475477,51.700948],[19.475505,51.700984],[19.475508,51.701024],[19.475493,51.701057],[19.475456,51.701088],[19.475384,51.701111],[19.475303,51.701124],[19.475198,51.701135],[19.475111,51.701151],[19.47502,51.701182],[19.474949,51.701221]]},"properties":{"name":"Ustronna"}},{"type":"Feature","geometry":{"type":"LineString","coordinates":[[19.313446,51.749998],[19.313503,51.749987],[19.313616,51.749965],[19.313661,51.749956],[19.313726,51.749943],[19.313751,51.749939],[19.316316,51.749431],[19.31648,51.749399],[19.318078,51.749079],[19.318127,51.749069],[19.318251,51.749042],[19.318394,51.749011],[19.318548,51.748981],[19.319473,51.748804],[19.319508,51.748797],[19.320271,51.748645],[19.32178,51.748345],[19.32271,51.748159],[19.322845,51.748134],[19.324333,51.747836],[19.324501,51.747803],[19.324865,51.747727],[19.324979,51.747705],[19.325071,51.747687],[19.325251,51.747649],[19.325325,51.747634],[19.32549,51.747596]]},"properties":{"name":"Jana Pawła II"}},{"type":"Feature","geometry":{"type":"LineString","coordinates":[[19.32549,51.747596],[19.325425,51.747477],[19.325412,51.747455],[19.325384,51.747405],[19.325162,51.746985],[19.325116,51.746898],[19.324585,51.745918],[19.324411,51.745565],[19.324305,51.745364],[19.323232,51.743387]]},"properties":{"name":"Łaska"}},{"type":"Feature","geometry":{"type":"LineString","coordinates":[[19.323291,51.659024],[19.323579,51.659138],[19.323634,51.659159],[19.3237,51.659185],[19.324032,51.659315],[19.324285,51.659414],[19.324379,51.65945],[19.324538,51.659512],[19.325105,51.659734],[19.325726,51.659977],[19.32578,51.659998],[19.326043,51.660103],[19.326224,51.660175]]},"properties":{"name":"Łaska"}},{"type":"Feature","geometry":{"type":"LineString","coordinates":[[19.396952,51.671433],[19.396863,51.671452],[19.396721,51.671484],[19.396559,51.671524],[19.39648,51.671557],[19.396376,51.671605],[19.396288,51.671651],[19.396238,51.671681],[19.396182,51.671724],[19.396161,51.67177],[19.396152,51.671821],[19.396155,51.67187],[19.396172,51.671913],[19.3962,51.671959],[19.396239,51.672001],[19.396286,51.67204],[19.396343,51.672078],[19.396515,51.672154],[19.396655,51.67222],[19.396785,51.672287],[19.396872,51.672335],[19.39699,51.672405],[19.397082,51.672467],[19.397197,51.672552],[19.397302,51.672634],[19.397386,51.672704],[19.39747,51.672778],[19.397559,51.672867],[19.397666,51.672986],[19.397743,51.673069],[19.397804,51.673141]]},"properties":{"name":"Łaska"}},{"type":"Feature","geometry":{"type":"LineString","coordinates":[[19.394224,51.796749],[19.394257,51.796752]]},"properties":{"name":"Grabieniec"}},{"type":"Feature","geometry":{"type":"LineString","coordinates":[[19.427887,51.770008],[19.427287,51.769868],[19.427059,51.769814],[19.426007,51.769569],[19.425898,51.769543],[19.425861,51.769535],[19.425844,51.769531],[19.425661,51.769488]]},"properties":{"name":"Naftowa"}},{"type":"Feature","geometry":{"type":"LineString","coordinates":[[19.388608,51.778467],[19.388389,51.7785],[19.388143,51.778534],[19.387865,51.778572],[19.387687,51.778597],[19.387611,51.778608],[19.386601,51.77875],[19.386171,51.778812],[19.385886,51.778854],[19.385796,51.778868],[19.385331,51.778937],[19.385068,51.778975],[19.38463,51.779039],[19.384471,51.779063],[19.384296,51.77909],[19.383845,51.779163],[19.383442,51.779225],[19.383019,51.779293],[19.382541,51.779364],[19.38245,51.77938],[19.381986,51.77945],[19.381723,51.779489],[19.381133,51.779578],[19.380719,51.77964],[19.380669,51.779648],[19.38039,51.779691],[19.379346,51.779849],[19.378374,51.780002],[19.378232,51.780023],[19.378042,51.780052],[19.37769,51.780104],[19.37737,51.780156],[19.376883,51.780234],[19.376759,51.780254],[19.376602,51.780279],[19.376275,51.78033],[19.375679,51.780426],[19.374968,51.780526],[19.374583,51.780584],[19.374028,51.78068],[19.373863,51.780706],[19.373739,51.780725],[19.373671,51.780735],[19.373212,51.780806],[19.372936,51.780849],[19.3725,51.780916],[19.372101,51.780976],[19.37057,51.781214],[19.370226,51.781265],[19.369956,51.781305],[19.369637,51.781352],[19.36844,51.781526],[19.367893,51.781606],[19.366401,51.781829],[19.365959,51.781893],[19.365529,51.781954],[19.365172,51.782015],[19.364599,51.782103],[19.364233,51.782158],[19.364147,51.782171],[19.364091,51.78218],[19.363648,51.782247],[19.363532,51.782251],[19.363471,51.782247],[19.363432,51.78224],[19.363371,51.782219],[19.363328,51.782195],[19.363211,51.782091],[19.363173,51.782063],[19.363127,51.78204],[19.363065,51.782024],[19.363004,51.782019],[19.362832,51.78203],[19.36259,51.782052],[19.362478,51.782061],[19.36202,51.782096],[19.361926,51.782104],[19.361565,51.782137],[19.361459,51.782145],[19.361039,51.78218],[19.360354,51.782235],[19.360088,51.782258],[19.359732,51.782285],[19.359321,51.782316],[19.358879,51.782351],[19.357734,51.782435],[19.357514,51.782451],[19.357404,51.782459],[19.356007,51.782562],[19.355072,51.782626],[19.354377,51.782677],[19.353849,51.78271],[19.353322,51.782747],[19.352275,51.782815],[19.351238,51.782869],[19.350858,51.782888],[19.350275,51.782917],[19.349704,51.782937],[19.348731,51.782992],[19.347628,51.783052],[19.347527,51.783064],[19.347486,51.783071],[19.347422,51.783084],[19.347382,51.783094]]},"properties":{"name":"Podchorążych"}},{"type":"Feature","geometry":{"type":"LineString","coordinates":[[19.354073,51.789968],[19.353974,51.789936]]},"properties":{"name":"Słowiańska"}},{"type":"Feature","geometry":{"type":"LineString","coordinates":[[19.320908,51.789547],[19.320969,51.789549],[19.321112,51.789558],[19.321372,51.789586],[19.321485,51.789591],[19.321624,51.789597],[19.321767,51.789601],[19.322103,51.789602]]},"properties":{"name":"Słowiańska"}},{"type":"Feature","geometry":{"type":"LineString","coordinates":[[19.320968,51.789437],[19.321033,51.789469],[19.321138,51.789495],[19.321459,51.789537],[19.321615,51.789551],[19.321634,51.789553],[19.32181,51.789567],[19.322103,51.789602],[19.322449,51.789614],[19.322632,51.789623],[19.322793,51.789632],[19.322948,51.789638],[19.323263,51.789652],[19.323627,51.789669],[19.324368,51.789706],[19.325132,51.789743],[19.325675,51.789768],[19.326993,51.789831],[19.328164,51.789885],[19.328987,51.789924],[19.329752,51.789959],[19.330383,51.789988],[19.330668,51.79],[19.330902,51.79001],[19.331375,51.790033],[19.33148,51.790038],[19.331743,51.79005],[19.332128,51.790067],[19.332302,51.790076],[19.332782,51.790098],[19.333295,51.790121],[19.333935,51.790149],[19.33431,51.790166],[19.334726,51.790185],[19.335196,51.790206],[19.335547,51.790222],[19.335731,51.790231],[19.336132,51.790251],[19.336355,51.790262],[19.337243,51.790303],[19.337286,51.790305],[19.338031,51.790342],[19.33852,51.790367],[19.339436,51.790414],[19.339558,51.790421],[19.340695,51.790475],[19.341152,51.790491],[19.341209,51.790493],[19.341785,51.790513],[19.342095,51.790523],[19.342301,51.790526],[19.342449,51.790528],[19.342706,51.790528],[19.343152,51.790524],[19.343171,51.790522],[19.343447,51.790517],[19.343729,51.790508],[19.34458,51.790482],[19.344767,51.790474],[19.345538,51.790438],[19.345676,51.790431],[19.346539,51.790387],[19.347697,51.790323],[19.34774,51.790321],[19.348578,51.790271],[19.349311,51.790225],[19.35013,51.790172],[19.35032,51.79016],[19.351104,51.790111],[19.351746,51.790073],[19.351813,51.790069],[19.352067,51.790054],[19.352134,51.790051],[19.35286,51.790006],[19.353053,51.789993],[19.353335,51.789975],[19.353483,51.789966],[19.353548,51.789962],[19.353962,51.789936],[19.353974,51.789936],[19.354081,51.789922]]},"properties":{"name":"Słowiańska"}},{"type":"Feature","geometry":{"type":"LineString","coordinates":[[19.295671,51.817592],[19.297563,51.817186],[19.297745,51.817146],[19.300135,51.816636],[19.301021,51.816447],[19.301168,51.816413],[19.301932,51.816247],[19.302047,51.816222]]},"properties":{"name":"Wierzbińska"}},{"type":"Feature","geometry":{"type":"LineString","coordinates":[[19.30591,51.823191],[19.305714,51.823233],[19.304887,51.823407],[19.304319,51.823535],[19.303869,51.823629],[19.303664,51.823669],[19.303273,51.823751],[19.303,51.823804],[19.302577,51.823893],[19.302367,51.823938],[19.301433,51.82414],[19.3002,51.824394],[19.299518,51.824538],[19.299457,51.824551]]},"properties":{"name":"Ignacego Daszyńskiego"}},{"type":"Feature","geometry":{"type":"LineString","coordinates":[[19.307578,51.826205],[19.30748,51.826223],[19.307154,51.826283],[19.307097,51.826294],[19.307033,51.826304],[19.30698,51.826309],[19.30679,51.826321],[19.306748,51.826324],[19.306709,51.826329],[19.306027,51.82644],[19.306408,51.827259],[19.306442,51.827289]]},"properties":{"name":"Targowy Rynek"}},{"type":"Feature","geometry":{"type":"LineString","coordinates":[[19.338106,51.774048],[19.338029,51.774072],[19.337948,51.774099],[19.337901,51.774121],[19.33787,51.774142],[19.33784,51.774175],[19.337816,51.774209],[19.337676,51.774457],[19.337635,51.774512],[19.337589,51.774557],[19.337535,51.774596],[19.337472,51.774634],[19.337406,51.774664],[19.33735,51.774684],[19.337276,51.774707],[19.337198,51.774722],[19.337125,51.774732],[19.337027,51.774736],[19.336851,51.774734],[19.3366,51.774724],[19.336452,51.774717],[19.336294,51.774707],[19.336145,51.774699],[19.336092,51.774696],[19.335853,51.774682],[19.335814,51.77468],[19.334867,51.774633],[19.334378,51.774608],[19.333715,51.774573],[19.33344,51.774559],[19.332429,51.774509],[19.332102,51.774493],[19.331592,51.774467],[19.330804,51.774427],[19.330512,51.774413],[19.329493,51.774362],[19.328469,51.774315],[19.327468,51.774259],[19.327275,51.77425],[19.327139,51.774246],[19.327084,51.774245],[19.327027,51.774243],[19.326848,51.774239],[19.326666,51.774233],[19.326484,51.774225],[19.326311,51.774222],[19.326179,51.774219],[19.325835,51.774216],[19.325244,51.77421],[19.322334,51.774151],[19.321024,51.774125],[19.319425,51.774093],[19.318846,51.774101],[19.318109,51.77412],[19.317948,51.774124],[19.31711,51.774145],[19.315845,51.774176],[19.315165,51.774193]]},"properties":{"name":"Niesięcin"}},{"type":"Feature","geometry":{"type":"LineString","coordinates":[[19.315845,51.774176],[19.315625,51.774325],[19.315564,51.774368],[19.315499,51.77442]]},"properties":{"name":"Kręta"}},{"type":"Feature","geometry":{"type":"LineString","coordinates":[[19.439751,51.806297],[19.439736,51.806295],[19.43964,51.806281],[19.43961,51.806278],[19.439583,51.806278],[19.439552,51.80628],[19.439454,51.806297],[19.43941,51.806305],[19.43935,51.806316],[19.439159,51.806353],[19.438891,51.806405],[19.438659,51.806455],[19.438434,51.806507],[19.438272,51.806539],[19.437896,51.806614],[19.437205,51.806749],[19.437065,51.806778],[19.435279,51.80713],[19.435082,51.807169],[19.434981,51.807189],[19.4348,51.807219],[19.434736,51.807231],[19.434651,51.807247],[19.434344,51.807306],[19.43397,51.807381],[19.433769,51.80742],[19.433117,51.807549],[19.432792,51.807613],[19.43238,51.807694],[19.432204,51.807729],[19.43172,51.807825],[19.431506,51.807867],[19.430646,51.808038],[19.429291,51.808306],[19.428902,51.808382],[19.428846,51.808394],[19.428487,51.808464],[19.428351,51.808491],[19.428053,51.80855],[19.42801,51.808558],[19.427777,51.808605],[19.42756,51.808649],[19.427218,51.808719],[19.426483,51.80888],[19.426386,51.8089],[19.426208,51.808935]]},"properties":{"name":"Liściasta"}},{"type":"Feature","geometry":{"type":"LineString","coordinates":[[19.425586,51.809108],[19.425773,51.809066],[19.425827,51.809054],[19.42589,51.809041],[19.426037,51.809009],[19.426078,51.808994],[19.426181,51.808946],[19.426208,51.808935],[19.426152,51.80894],[19.426052,51.808943],[19.426002,51.808947],[19.425933,51.80896],[19.425793,51.808986],[19.425739,51.808996],[19.425591,51.809025],[19.425327,51.809077]]},"properties":{"name":"Liściasta"}},{"type":"Feature","geometry":{"type":"LineString","coordinates":[[19.468718,51.768244],[19.468673,51.768248],[19.468575,51.768256],[19.468465,51.768257],[19.468343,51.768252],[19.466432,51.768079],[19.466339,51.768068],[19.465322,51.767878],[19.465243,51.767863],[19.465198,51.767855],[19.465144,51.767845],[19.465023,51.767823]]},"properties":{"name":"Wojciecha Hasa"}},{"type":"Feature","geometry":{"type":"LineString","coordinates":[[19.465421,51.767022],[19.465467,51.767027],[19.465515,51.767032],[19.466163,51.767124],[19.466481,51.767168],[19.466544,51.767176],[19.466631,51.767176],[19.466721,51.767165],[19.466799,51.767142],[19.466854,51.767114],[19.466883,51.76709],[19.466909,51.76706],[19.466925,51.76703],[19.466937,51.766997],[19.466949,51.766944]]},"properties":{"name":"Barbary Sass-Zdort"}},{"type":"Feature","geometry":{"type":"LineString","coordinates":[[19.476771,51.760764],[19.476795,51.760645],[19.476798,51.760627],[19.476906,51.760038],[19.476885,51.759973],[19.476857,51.759948],[19.476846,51.759938],[19.476801,51.759918],[19.476727,51.759905],[19.475845,51.759836]]},"properties":{"name":"Plac Zwycięstwa"}},{"type":"Feature","geometry":{"type":"LineString","coordinates":[[19.64188,51.727687],[19.641955,51.727601]]},"properties":{"name":"Źródlana"}},{"type":"Feature","geometry":{"type":"LineString","coordinates":[[19.635435,51.73861],[19.635332,51.73845],[19.63514,51.73811],[19.635025,51.737902],[19.634955,51.737778],[19.63491,51.737697],[19.634766,51.737464],[19.634742,51.737424],[19.634701,51.737361],[19.634594,51.737193],[19.634557,51.737133],[19.634537,51.737104],[19.63449,51.737034]]},"properties":{"name":"Kościelna"}},{"type":"Feature","geometry":{"type":"LineString","coordinates":[[19.359844,51.746678],[19.360148,51.746655],[19.360265,51.746648],[19.360402,51.746639],[19.360672,51.746627],[19.360985,51.746616],[19.36123,51.746609],[19.36195,51.746617],[19.362598,51.746625],[19.362886,51.746631]]},"properties":{"name":"Kościelna"}},{"type":"Feature","geometry":{"type":"LineString","coordinates":[[19.653982,51.710748],[19.653895,51.710715],[19.653806,51.710686],[19.653779,51.710677],[19.65362,51.710631],[19.653524,51.710603],[19.653417,51.710572],[19.653315,51.710543],[19.65325,51.710523]]},"properties":{"name":"Ekologiczna"}},{"type":"Feature","geometry":{"type":"LineString","coordinates":[[19.368505,51.736578],[19.36845,51.736758],[19.368245,51.737435],[19.367744,51.739087],[19.367739,51.739106],[19.367706,51.739212],[19.367645,51.739412],[19.367628,51.739471],[19.367556,51.739704],[19.36752,51.739828],[19.367451,51.74006],[19.367357,51.740379],[19.367296,51.74058],[19.367268,51.740674],[19.367248,51.740741],[19.367234,51.740785],[19.3672,51.740892],[19.36711,51.741198],[19.367037,51.74144],[19.367007,51.741546]]},"properties":{"name":"Kinga Camp Gillette"}},{"type":"Feature","geometry":{"type":"LineString","coordinates":[[19.368505,51.736578],[19.368102,51.736517],[19.367707,51.736452],[19.367375,51.736391],[19.367228,51.736361],[19.366969,51.736309],[19.366842,51.73628],[19.366535,51.736209],[19.366048,51.736096],[19.365751,51.736027]]},"properties":{"name":"Nowy Józefów"}},{"type":"Feature","geometry":{"type":"LineString","coordinates":[[19.367113,51.732551],[19.367087,51.732593],[19.36704,51.732718],[19.367022,51.732765],[19.366739,51.73349],[19.366572,51.73392],[19.366277,51.734676],[19.366204,51.734863],[19.365874,51.735712],[19.365797,51.735909],[19.365751,51.736027]]},"properties":{"name":"Golfowa"}},{"type":"Feature","geometry":{"type":"LineString","coordinates":[[19.367007,51.741546],[19.366824,51.742213],[19.366725,51.742547],[19.366672,51.742685],[19.366598,51.74282],[19.366507,51.742944],[19.366391,51.743068],[19.366238,51.743193],[19.366095,51.743291],[19.36593,51.743388],[19.365746,51.743477],[19.365553,51.743552],[19.364618,51.74387],[19.36437,51.743958],[19.364161,51.744047],[19.36401,51.744124],[19.363867,51.744211],[19.363742,51.744305],[19.363625,51.744416],[19.363551,51.744505],[19.363499,51.744595],[19.363461,51.744681],[19.36331,51.74502],[19.363223,51.745218],[19.363165,51.745373],[19.363118,51.74554],[19.363069,51.745767],[19.363008,51.746057],[19.362886,51.746631]]},"properties":{"name":"Innowacyjna"}},{"type":"Feature","geometry":{"type":"LineString","coordinates":[[19.359844,51.746678],[19.35984,51.746611],[19.359845,51.746543],[19.359863,51.746463],[19.359961,51.746114],[19.360154,51.745385],[19.360204,51.745202],[19.360221,51.745137],[19.360243,51.745057],[19.360421,51.7444],[19.360541,51.743955],[19.360622,51.743658],[19.360719,51.743302],[19.360759,51.743153],[19.360828,51.742906],[19.360867,51.742752],[19.360902,51.742619],[19.360907,51.7426],[19.36094,51.742477],[19.360939,51.742463],[19.360938,51.742439],[19.36092,51.742407],[19.360912,51.742367],[19.360909,51.742286]]},"properties":{"name":"Księdza Kazimierza Janika"}},{"type":"Feature","geometry":{"type":"LineString","coordinates":[[19.360909,51.742286],[19.359136,51.742042],[19.357879,51.741883],[19.357612,51.741847],[19.356375,51.741694],[19.355757,51.741614],[19.355411,51.74157],[19.354603,51.74147],[19.35389,51.741381],[19.352955,51.741263],[19.352728,51.741234],[19.352407,51.741193],[19.351836,51.741121],[19.351421,51.741068]]},"properties":{"name":"Generała Mariana Langiewicza"}},{"type":"Feature","geometry":{"type":"LineString","coordinates":[[19.350743,51.744173],[19.350989,51.744214],[19.351413,51.744287],[19.35184,51.744359],[19.352198,51.74442],[19.352564,51.74448],[19.352724,51.744501],[19.352886,51.744523],[19.353138,51.744553],[19.358095,51.745141],[19.358503,51.745189],[19.358511,51.74519],[19.358656,51.745207],[19.359443,51.745299],[19.359835,51.745346],[19.360154,51.745385]]},"properties":{"name":"Przemysłowa"}},{"type":"Feature","geometry":{"type":"LineString","coordinates":[[19.361301,51.740895],[19.36147,51.740914],[19.362222,51.741005],[19.363835,51.741188],[19.364719,51.741287],[19.367007,51.741546]]},"properties":{"name":"Inwestycyjna"}},{"type":"Feature","geometry":{"type":"LineString","coordinates":[[19.453675,51.769402],[19.453725,51.769164],[19.453774,51.768929],[19.453856,51.768541],[19.453865,51.768497],[19.453873,51.768459],[19.453877,51.768441],[19.453881,51.768423],[19.453933,51.768179],[19.454029,51.767727],[19.454073,51.767516],[19.45409,51.767435],[19.454135,51.767227],[19.454139,51.767205],[19.454144,51.767183],[19.454183,51.767],[19.454187,51.76698],[19.454214,51.766852],[19.45428,51.766542],[19.454302,51.766434],[19.454318,51.766358],[19.454343,51.766242],[19.454391,51.766014],[19.45444,51.765785],[19.454501,51.765495],[19.454506,51.765471],[19.454512,51.765446],[19.454541,51.765318],[19.454565,51.765218],[19.454581,51.765149],[19.454588,51.76512],[19.45459,51.765102],[19.454595,51.765079],[19.454671,51.76471],[19.454692,51.76461],[19.454738,51.764397],[19.454914,51.763591],[19.45492,51.763573],[19.454922,51.763563],[19.454924,51.763551],[19.454992,51.763249],[19.455019,51.763127],[19.455095,51.762786],[19.455207,51.762259],[19.455214,51.762237],[19.455221,51.762215],[19.455242,51.762131],[19.455273,51.762015],[19.45528,51.761989],[19.455284,51.761967],[19.455338,51.761715],[19.455364,51.761573],[19.455395,51.761405],[19.455414,51.761303],[19.455434,51.761207],[19.455574,51.760558],[19.455677,51.76008],[19.455714,51.759913],[19.455818,51.75948],[19.455822,51.759462],[19.455844,51.759368],[19.455847,51.759357],[19.455849,51.759345],[19.45586,51.759299],[19.455863,51.759283],[19.455884,51.759188],[19.455892,51.759151],[19.455896,51.759132],[19.455899,51.759119],[19.4559,51.759114],[19.455908,51.759079],[19.455918,51.759036],[19.455932,51.758969],[19.455957,51.758849],[19.455959,51.758839],[19.455961,51.758828],[19.455968,51.758797],[19.455979,51.758747],[19.456072,51.758324],[19.456084,51.75826],[19.456097,51.758204],[19.456116,51.758117],[19.456149,51.757951],[19.456174,51.75784],[19.456187,51.75778],[19.456198,51.757726],[19.456289,51.757309],[19.456338,51.757111],[19.456343,51.757089],[19.456348,51.757067],[19.456408,51.756748],[19.456417,51.756708],[19.456433,51.756633],[19.456528,51.756243],[19.456599,51.755937],[19.456603,51.755918],[19.456608,51.755896],[19.456635,51.755793],[19.456649,51.755739],[19.456677,51.755634],[19.456684,51.755613],[19.456691,51.755588],[19.456699,51.755565],[19.456811,51.755239],[19.456867,51.755119],[19.4569,51.755042],[19.456955,51.754814],[19.456995,51.754625],[19.457019,51.754522],[19.457245,51.753548],[19.457261,51.753477],[19.457297,51.753322],[19.457393,51.752911],[19.457426,51.752765],[19.457429,51.752752],[19.457431,51.752732],[19.457431,51.752714],[19.457427,51.752693],[19.457418,51.752667],[19.45736,51.752547]]},"properties":{"name":"Aleja Tadeusza Kościuszki"}},{"type":"Feature","geometry":{"type":"LineString","coordinates":[[19.453393,51.769374],[19.45346,51.769062],[19.453466,51.769033],[19.453472,51.769004],[19.453569,51.768543],[19.45358,51.768487],[19.453592,51.768435],[19.453595,51.768417],[19.4536,51.768397],[19.453779,51.767556],[19.453854,51.767204],[19.453859,51.767182],[19.453865,51.767151],[19.453873,51.767116],[19.4539,51.766988],[19.453942,51.766789],[19.453957,51.766717],[19.454036,51.766341],[19.454045,51.7663],[19.454082,51.766128],[19.454101,51.766038],[19.454102,51.766031],[19.454191,51.765609],[19.454212,51.765512],[19.454221,51.765471],[19.454226,51.765447],[19.454232,51.765422],[19.45427,51.765294],[19.454304,51.765194],[19.454319,51.765129],[19.454325,51.7651],[19.454329,51.765082],[19.454466,51.76446],[19.454521,51.76424],[19.454674,51.76357],[19.454679,51.763552],[19.454684,51.763529],[19.454703,51.763459],[19.454724,51.763394],[19.45474,51.763348],[19.454766,51.763244],[19.454856,51.762823],[19.454859,51.762802],[19.454863,51.762714],[19.454866,51.76269],[19.454969,51.762273],[19.454974,51.762254],[19.454978,51.762236],[19.454982,51.762216],[19.455004,51.762112],[19.455025,51.762015],[19.455029,51.761996],[19.455034,51.761972],[19.455042,51.761937],[19.455088,51.761728],[19.455125,51.761558],[19.455148,51.761457],[19.455177,51.761324],[19.455203,51.761206],[19.455232,51.761064],[19.455243,51.76101],[19.455264,51.76091],[19.45528,51.760832],[19.455318,51.760653],[19.455415,51.760188],[19.455441,51.760067],[19.455458,51.75996],[19.455478,51.759839],[19.455504,51.759722],[19.455554,51.759496],[19.455558,51.75948],[19.455563,51.759456],[19.455567,51.759439],[19.455594,51.759315],[19.455596,51.759304],[19.455597,51.759292],[19.455603,51.759244],[19.455616,51.759126],[19.455617,51.759109],[19.45562,51.75909],[19.455626,51.759035],[19.455636,51.758949],[19.45566,51.758823],[19.455663,51.758812],[19.455665,51.758802],[19.455673,51.75877],[19.45568,51.758744],[19.455728,51.75857],[19.455754,51.758484],[19.455781,51.758398],[19.455807,51.758307],[19.455822,51.758264],[19.455836,51.758219],[19.455842,51.758199],[19.455886,51.758051],[19.455917,51.757928],[19.455992,51.757576],[19.456095,51.757091],[19.4561,51.757068],[19.456105,51.757046],[19.456206,51.756575],[19.456235,51.756442],[19.456329,51.756006],[19.456344,51.75594],[19.456349,51.755915],[19.456353,51.755896],[19.45636,51.755874],[19.456385,51.755792],[19.456414,51.755716],[19.456449,51.755614],[19.456457,51.755591],[19.456465,51.755568],[19.456478,51.755515],[19.456533,51.755266],[19.456673,51.754636],[19.456756,51.754258],[19.456882,51.753689],[19.456894,51.753625],[19.456905,51.753547],[19.456909,51.753507],[19.456924,51.753365],[19.456931,51.753305],[19.456962,51.753154],[19.456983,51.753053],[19.457053,51.752737],[19.457055,51.752724],[19.45706,51.752702],[19.457063,51.752687],[19.457075,51.75262],[19.457086,51.752524]]},"properties":{"name":"Aleja Tadeusza Kościuszki"}},{"type":"Feature","geometry":{"type":"LineString","coordinates":[[19.453145,51.817103],[19.453163,51.817131],[19.453195,51.817204],[19.453207,51.817237]]},"properties":{"name":"Generała Józefa Bema"}},{"type":"Feature","geometry":{"type":"LineString","coordinates":[[19.430325,51.822299],[19.430217,51.822273]]},"properties":{"name":"Jesionowa"}},{"type":"Feature","geometry":{"type":"LineString","coordinates":[[19.479766,51.729548],[19.479671,51.729538],[19.479618,51.729531],[19.479577,51.729525],[19.479526,51.729519],[19.477853,51.729305],[19.477345,51.72924],[19.477165,51.729217],[19.477014,51.729225],[19.47692,51.729236],[19.476846,51.729252],[19.476811,51.729263],[19.476673,51.729306],[19.476471,51.729367]]},"properties":{"name":"Mazurska"}},{"type":"Feature","geometry":{"type":"LineString","coordinates":[[19.472305,51.716802],[19.472415,51.716845],[19.472836,51.71701],[19.473016,51.717076],[19.473402,51.717224],[19.473718,51.717346],[19.474019,51.717463],[19.474039,51.717471],[19.474073,51.717484],[19.474174,51.717523],[19.474782,51.717758],[19.474905,51.717806],[19.474996,51.717841],[19.475478,51.718016],[19.475945,51.718198],[19.476581,51.718443],[19.476803,51.718527],[19.477431,51.718766],[19.477581,51.718821],[19.478145,51.719034],[19.478276,51.719085]]},"properties":{"name":"Klaudiusza Łazowskiego"}},{"type":"Feature","geometry":{"type":"LineString","coordinates":[[19.323291,51.659024],[19.323349,51.658991],[19.323394,51.658961],[19.323423,51.65894],[19.323444,51.658924],[19.323499,51.658882],[19.323547,51.658837],[19.323591,51.658789],[19.323618,51.658754],[19.323705,51.658642],[19.323843,51.658454],[19.323946,51.658309],[19.324009,51.658228],[19.32406,51.65816],[19.324225,51.657934],[19.324296,51.657835],[19.324472,51.657591],[19.32452,51.657523],[19.325006,51.656843],[19.32506,51.656771],[19.325154,51.656637],[19.325523,51.656134],[19.325595,51.656034],[19.325686,51.655904],[19.325748,51.655811],[19.325957,51.65552],[19.326083,51.655343],[19.326113,51.655301]]},"properties":{"name":"Wiejska"}},{"type":"Feature","geometry":{"type":"LineString","coordinates":[[19.326083,51.655343],[19.326169,51.655365],[19.326216,51.655377],[19.32629,51.655395],[19.326351,51.65542],[19.326546,51.655522],[19.327163,51.655844],[19.32748,51.656013],[19.327734,51.656148],[19.327768,51.656166],[19.327822,51.656195],[19.327859,51.656215],[19.328133,51.656361],[19.328238,51.656417],[19.32861,51.656613],[19.328777,51.656703],[19.329074,51.656859],[19.329198,51.656925],[19.329434,51.657049],[19.329506,51.657088],[19.3296,51.657139],[19.329886,51.657291],[19.329918,51.657306],[19.329954,51.657325],[19.330032,51.657366],[19.330287,51.657502],[19.330764,51.657757],[19.330772,51.657761],[19.331103,51.657938],[19.331426,51.658109],[19.331851,51.658332],[19.332369,51.658604],[19.332507,51.658669],[19.332695,51.658735],[19.333042,51.65887],[19.333495,51.659056],[19.333987,51.659242],[19.334071,51.659273],[19.334963,51.659635],[19.335025,51.65966],[19.335493,51.659847],[19.335602,51.659891],[19.3357,51.659932],[19.335979,51.660041],[19.336191,51.660122],[19.33643,51.660214],[19.336642,51.660298],[19.337174,51.660508],[19.33726,51.660542],[19.338061,51.660865],[19.338145,51.660893],[19.338305,51.66094],[19.338466,51.660956],[19.338608,51.660954],[19.339442,51.660916],[19.339831,51.660896],[19.339861,51.660894],[19.340557,51.660852],[19.340636,51.660848]]},"properties":{"name":"Stanisława Moniuszki"}},{"type":"Feature","geometry":{"type":"LineString","coordinates":[[19.338311,51.660991],[19.338305,51.66094]]},"properties":{"name":"Romualda Mielczarskiego"}},{"type":"Feature","geometry":{"type":"LineString","coordinates":[[19.340636,51.660848],[19.340647,51.660931],[19.340857,51.662541],[19.340871,51.662656],[19.340896,51.662859],[19.341115,51.664656],[19.341126,51.664744],[19.341131,51.664782],[19.341134,51.664808],[19.341143,51.664863],[19.341148,51.664901],[19.34115,51.664923]]},"properties":{"name":"Marii Konopnickiej"}},{"type":"Feature","geometry":{"type":"LineString","coordinates":[[19.341143,51.664863],[19.341274,51.664846],[19.341359,51.664838],[19.341387,51.664836],[19.341416,51.664835],[19.341933,51.664812],[19.341967,51.664818],[19.342046,51.664861],[19.34208,51.664868],[19.342142,51.664878],[19.342483,51.664862],[19.343129,51.664833],[19.344068,51.664791],[19.34425,51.664783],[19.344435,51.664775],[19.345176,51.664741]]},"properties":{"name":"Zamkowa"}},{"type":"Feature","geometry":{"type":"LineString","coordinates":[[19.346675,51.664673],[19.34676,51.66467],[19.346919,51.664663],[19.347229,51.664649],[19.347459,51.664638],[19.347633,51.664631],[19.34779,51.664623],[19.348,51.664614],[19.348375,51.664597],[19.348826,51.664577],[19.349079,51.664565],[19.349784,51.664534],[19.350559,51.664499]]},"properties":{"name":"Zamkowa"}},{"type":"Feature","geometry":{"type":"LineString","coordinates":[[19.351959,51.664435],[19.352072,51.66443],[19.352201,51.664424],[19.352588,51.664406],[19.352935,51.66439],[19.353088,51.664383],[19.353167,51.664379],[19.353256,51.664365],[19.353283,51.664359],[19.353321,51.664352],[19.353369,51.66434],[19.353402,51.664332],[19.353423,51.664327],[19.353481,51.664318],[19.353599,51.664307],[19.353696,51.664297],[19.353729,51.664293],[19.353845,51.66428],[19.353978,51.664265],[19.354073,51.664257],[19.354323,51.664245],[19.354405,51.664242],[19.354746,51.664228]]},"properties":{"name":"Zamkowa"}},{"type":"Feature","geometry":{"type":"LineString","coordinates":[[19.356228,51.657385],[19.356514,51.657371],[19.356614,51.657366],[19.356667,51.657364],[19.357027,51.657344],[19.357341,51.657326],[19.357428,51.657321],[19.357499,51.657318],[19.357832,51.657296],[19.357904,51.657292],[19.358409,51.65726],[19.358791,51.657237],[19.359497,51.657194],[19.360422,51.657134],[19.360545,51.657129],[19.362105,51.657042],[19.362527,51.657017],[19.362948,51.656992],[19.363075,51.656984],[19.363646,51.656943],[19.365309,51.656852],[19.366482,51.65678],[19.366541,51.656776],[19.366663,51.656769],[19.366883,51.656751],[19.367362,51.65672],[19.3679,51.656682],[19.368348,51.656655],[19.369885,51.656556],[19.370272,51.656532],[19.370715,51.656505],[19.370762,51.656502],[19.370857,51.656497],[19.370922,51.656493],[19.371773,51.656439],[19.37244,51.656396],[19.372482,51.656394],[19.372571,51.656388],[19.372672,51.656382],[19.373123,51.656354],[19.373547,51.65633],[19.37395,51.656304],[19.374454,51.656269],[19.3745,51.656266],[19.374773,51.656247]]},"properties":{"name":"Generała Stefana \"Grota\" Roweckiego"}},{"type":"Feature","geometry":{"type":"LineString","coordinates":[[19.374773,51.656247],[19.37474,51.656145],[19.374729,51.656111],[19.374587,51.655666],[19.374573,51.655623],[19.374519,51.655455],[19.374478,51.655325],[19.37435,51.654928],[19.374315,51.654813],[19.374288,51.654733],[19.374203,51.654469],[19.374122,51.654205],[19.374042,51.653955],[19.373845,51.653324],[19.37377,51.653103],[19.37352,51.652362],[19.373511,51.652322],[19.373489,51.652232],[19.373462,51.652153],[19.373411,51.651977],[19.373366,51.651852],[19.373314,51.651712],[19.373262,51.651553]]},"properties":{"name":"Bolesława Nawrockiego"}},{"type":"Feature","geometry":{"type":"LineString","coordinates":[[19.373262,51.651553],[19.373718,51.651573],[19.37377,51.651575],[19.374473,51.651605],[19.374512,51.651606],[19.376967,51.651703],[19.377187,51.651711],[19.37769,51.651729],[19.377898,51.651738],[19.378061,51.651744],[19.379808,51.651814],[19.379996,51.651822],[19.382022,51.651903],[19.382448,51.651924],[19.382538,51.651926],[19.382731,51.651933],[19.382994,51.651942],[19.384845,51.652016],[19.384992,51.652022],[19.385424,51.652039],[19.385634,51.652051],[19.385854,51.65207],[19.386172,51.652113],[19.386458,51.652175],[19.386602,51.652218],[19.386733,51.652257],[19.386959,51.652341],[19.387153,51.65243],[19.387278,51.652496],[19.387297,51.652505],[19.387475,51.652625],[19.387539,51.652683],[19.387577,51.652715],[19.387611,51.652744]]},"properties":{"name":"Generała Zygmunta \"Waltera\" Jankego"}},{"type":"Feature","geometry":{"type":"LineString","coordinates":[[19.387746,51.652895],[19.387761,51.652916],[19.387775,51.652934],[19.387796,51.652963],[19.387813,51.652986],[19.387885,51.653102],[19.387984,51.653261],[19.388422,51.653941],[19.388521,51.65411],[19.388598,51.65428],[19.388642,51.654428],[19.388674,51.654586],[19.388716,51.654865],[19.388731,51.654961],[19.388759,51.655146],[19.388783,51.655306],[19.388874,51.655933],[19.388886,51.65601],[19.388899,51.656085],[19.388928,51.656282],[19.389021,51.656766],[19.389041,51.656929],[19.38909,51.65732],[19.389119,51.657534],[19.389136,51.657651],[19.389154,51.657787],[19.389204,51.65811],[19.389255,51.658475],[19.389267,51.658562],[19.389269,51.658581],[19.389284,51.658679],[19.389405,51.659358],[19.38942,51.659442],[19.389532,51.660077],[19.389547,51.660165],[19.389588,51.660429],[19.389617,51.660587],[19.389669,51.660874],[19.389687,51.660964],[19.389701,51.661056],[19.389831,51.661937],[19.389838,51.662011],[19.389957,51.66276],[19.390022,51.663194],[19.390025,51.663212],[19.390036,51.663288]]},"properties":{"name":"Myśliwska"}},{"type":"Feature","geometry":{"type":"LineString","coordinates":[[19.354746,51.664228],[19.354739,51.664288],[19.354737,51.66431]]},"properties":{"name":"485"}},{"type":"Feature","geometry":{"type":"LineString","coordinates":[[19.637036,51.726543],[19.63696,51.726492],[19.63693,51.726472],[19.63685,51.726416]]},"properties":{"name":"Ceramiczna"}},{"type":"Feature","geometry":{"type":"LineString","coordinates":[[19.44956,51.785941],[19.449611,51.785949],[19.449666,51.785953],[19.449719,51.785955],[19.44997,51.785928],[19.450144,51.785914],[19.450223,51.785904],[19.450449,51.785831],[19.450487,51.785826],[19.450543,51.785825],[19.451204,51.785818],[19.45136,51.785817],[19.451474,51.785816],[19.452036,51.785811],[19.452089,51.785811],[19.452174,51.785818],[19.452389,51.785837],[19.452622,51.785854],[19.452643,51.785856]]},"properties":{"name":"Krótka"}},{"type":"Feature","geometry":{"type":"LineString","coordinates":[[19.453173,51.783484],[19.453194,51.783484],[19.453427,51.783489],[19.454042,51.783501],[19.454136,51.783504],[19.454221,51.783511],[19.454254,51.783519],[19.454324,51.783548],[19.454378,51.783568]]},"properties":{"name":"Plac Kościelny"}},{"type":"Feature","geometry":{"type":"LineString","coordinates":[[19.453744,51.781136],[19.453762,51.781052],[19.45377,51.781015],[19.454011,51.77993],[19.454048,51.779769],[19.454047,51.779736],[19.454042,51.779701],[19.454028,51.779653],[19.453969,51.779517],[19.453962,51.779484],[19.453966,51.779453],[19.454029,51.779172],[19.454037,51.77915],[19.454046,51.779108],[19.45405,51.77909],[19.454053,51.779075],[19.454057,51.779061],[19.454061,51.779042],[19.454078,51.779014],[19.454102,51.778989]]},"properties":{"name":"Nowomiejska"}},{"type":"Feature","geometry":{"type":"LineString","coordinates":[[19.434307,51.741801],[19.434232,51.741798],[19.433241,51.741757],[19.431545,51.741688],[19.431323,51.741679],[19.431091,51.74167],[19.430342,51.741642],[19.430222,51.741637],[19.429458,51.7416],[19.429306,51.741593],[19.427658,51.741527],[19.427428,51.741516],[19.427084,51.741504],[19.426449,51.741479],[19.426201,51.741463],[19.425989,51.741426],[19.425855,51.74137],[19.425784,51.741325],[19.425745,51.741295],[19.425668,51.741235],[19.425601,51.741119],[19.425565,51.740727],[19.425543,51.740547],[19.425509,51.740193],[19.425501,51.740052],[19.425458,51.739612],[19.42543,51.739289],[19.425403,51.738972],[19.425397,51.7389],[19.425368,51.738549],[19.425335,51.738158],[19.425287,51.737867],[19.42528,51.737846],[19.425274,51.737827],[19.425236,51.737729]]},"properties":{"name":"Elektronowa"}},{"type":"Feature","geometry":{"type":"LineString","coordinates":[[19.45624,51.734036],[19.456258,51.734087],[19.456266,51.73413],[19.456268,51.734167],[19.456263,51.734196],[19.45625,51.734227],[19.456217,51.734266],[19.456186,51.734298],[19.456101,51.734351],[19.45597,51.734374],[19.455643,51.734429],[19.455496,51.734453],[19.455059,51.734525],[19.454225,51.734658],[19.454036,51.734687],[19.453989,51.73469],[19.453872,51.734692],[19.45373,51.734686],[19.453045,51.734649],[19.453018,51.734648],[19.452879,51.734641],[19.452792,51.734638],[19.452739,51.734637],[19.452648,51.734633],[19.452569,51.734631]]},"properties":{"name":"Cieszyńska"}},{"type":"Feature","geometry":{"type":"LineString","coordinates":[[19.532277,51.736714],[19.532415,51.736824],[19.532473,51.736875],[19.532553,51.73691],[19.532622,51.736926],[19.532787,51.736957],[19.533461,51.73697],[19.533968,51.736977],[19.53486,51.737008],[19.535708,51.737031],[19.535964,51.737039],[19.536333,51.73709],[19.536778,51.737208],[19.537116,51.737312],[19.53727,51.737375],[19.537415,51.737447],[19.537554,51.737534],[19.537664,51.737624],[19.537771,51.737737],[19.537845,51.737864],[19.537891,51.738028],[19.537906,51.738202],[19.537872,51.738724],[19.537865,51.738823],[19.537858,51.738946],[19.537824,51.739473],[19.537776,51.740539]]},"properties":{"name":"Techniczna"}},{"type":"Feature","geometry":{"type":"LineString","coordinates":[[19.537776,51.740539],[19.536348,51.740528],[19.536205,51.740525],[19.535283,51.740507],[19.535067,51.740504],[19.534926,51.7405],[19.534194,51.740483],[19.533883,51.740473],[19.533544,51.740466],[19.533339,51.740461],[19.532888,51.740454],[19.532769,51.740451],[19.532392,51.740441],[19.532133,51.740433]]},"properties":{"name":"Manewrowa"}},{"type":"Feature","geometry":{"type":"LineString","coordinates":[[19.459265,51.75596],[19.459241,51.755958],[19.459186,51.755953],[19.459087,51.755945],[19.459041,51.755941],[19.459019,51.755939],[19.458989,51.755936],[19.458959,51.755934],[19.45824,51.75587],[19.458043,51.755854],[19.457783,51.755832],[19.457694,51.755825],[19.457398,51.755799],[19.456963,51.755761],[19.456946,51.755759],[19.456909,51.755756],[19.456886,51.755754],[19.456862,51.755753],[19.456837,51.755751],[19.456649,51.755739]]},"properties":{"name":"Kapitana Pilota Franciszka Żwirki"}}]}